match_id,season,round,round_title,start_time_utc,home_team,away_team,venue,home_score,away_score,margin,total,home_win,is_draw,min_hist,elo_prob,bookmaker,p_open,p_close,close_ok,p_avg,close_line,close_total,data_issue,elo_logit,diff_form_points_for,diff_form_points_against,diff_form_completion_rate,diff_form_possession_pct,diff_form_all_run_metres,diff_form_post_contact_metres,diff_form_line_breaks,diff_form_tackle_breaks,diff_form_errors,diff_form_penalties_conceded,diff_form_missed_tackles,diff_rest_days,home_travel,away_travel,neutral,away_at_ground,is_final,diff_short_turnaround,diff_after_bye,origin_period,diff_rating_total,diff_rating_spine,diff_rating_forwards,diff_rating_backs,diff_rating_bench,diff_spine_vs_usual,diff_spine_changes,diff_halfback_changed,diff_rookies,diff_missing_usual,diff_missing_usual_rating,diff_ins_forwards,diff_ins_backs,diff_ins_bench,diff_returning,diff_kicker_changed,diff_rapm_total,diff_rapm_vs_usual,diff_rapm_missing,diff_origin_backup,diff_origin_out,diff_rapm_attack,diff_rapm_defence,rapm_points,open_logit,open_line,open_total
20211110110,2021,1,Round 1,2021-03-11 09:05:00+00:00,Storm,Rabbitohs,AAMI Park,26,18,8,44,1,False,0,0.6565199968398803,bet365,0.5949367088607596,0.4869791666666667,True,0.4960629921259842,1.5,42.5,False,0.6478242580457088,,,,,,,,,,,,0.0,0,1,0,0,0,0,0,0,0.0,0.0,0.0,0.0,0.0,0.0,0,0,0,0,0.0,0,0,0,0,0,0.0,0.0,0.0,0,0,0.0,0.0,0.0,0.38441169891033233,-3.5,41.5
20211110120,2021,1,Round 1,2021-03-12 07:00:00+00:00,Knights,Bulldogs,McDonald Jones Stadium,32,16,16,48,1,False,0,0.6664625637586253,bet365,0.6818181818181818,0.6157635467980296,True,0.6301703163017031,-5.5,38.5,False,0.6922288579834444,,,,,,,,,,,,0.0,0,0,0,0,0,0,0,0,0.0,0.0,0.0,0.0,0.0,0.0,0,0,0,0,0.0,0,0,0,0,0,0.0,0.0,0.0,0,0,0.0,0.0,0.0,0.7621400520468965,-7.5,40.5
20211110130,2021,1,Round 1,2021-03-12 09:05:00+00:00,Broncos,Eels,Suncorp Stadium,16,24,-8,40,0,False,0,0.36886945883629113,bet365,0.33962264150943394,0.28723404255319146,True,0.29411764705882354,7.5,42.5,False,-0.5370699096024645,,,,,,,,,,,,0.0,0,1,0,0,0,0,0,0,0.0,0.0,0.0,0.0,0.0,0.0,0,0,0,0,0.0,0,0,0,0,0,0.0,0.0,0.0,0,0,0.0,0.0,0.0,-0.6649763035932491,6.5,41.5
20211110140,2021,1,Round 1,2021-03-13 04:00:00+00:00,Warriors,Titans,Polytec Stadium,19,6,13,25,1,False,0,0.5911988534815221,bet365,0.40506329113924056,0.4573643410852713,True,0.451948051948052,1.5,43.5,False,0.3689235868441437,,,,,,,,,,,,0.0,1,1,0,0,0,0,0,0,0.0,0.0,0.0,0.0,0.0,0.0,0,0,0,0,0.0,0,0,0,0,0,0.0,0.0,0.0,0,0,0.0,0.0,0.0,-0.3844116989103319,3.5,42.5
20211110150,2021,1,Round 1,2021-03-13 06:30:00+00:00,Roosters,Sea Eagles,Sydney Cricket Ground,46,4,42,50,1,False,0,0.7401329296535737,bet365,0.660377358490566,0.7685185185185186,True,0.7596153846153846,-10.5,43.5,False,1.0466595723576613,,,,,,,,,,,,0.0,0,0,0,0,0,0,0,0,0.0,0.0,0.0,0.0,0.0,0.0,0,0,0,0,0.0,0,0,0,0,0,0.0,0.0,0.0,0,0,0.0,0.0,0.0,0.6649763035932489,-6.5,43.5
20211110160,2021,1,Round 1,2021-03-13 08:35:00+00:00,Panthers,Cowboys,BlueBet Stadium,24,0,24,24,1,False,0,0.7845923037919094,bet365,0.7455268389662029,0.7685185185185186,True,0.7596153846153846,-10.5,40.5,False,1.2926317307157758,,,,,,,,,,,,0.0,0,1,0,0,0,0,0,0,0.0,0.0,0.0,0.0,0.0,0.0,0,0,0,0,0.0,0,0,0,0,0,0.0,0.0,0.0,0,0,0.0,0.0,0.0,1.0748957620507942,-9.5,41.5
20211110170,2021,1,Round 1,2021-03-14 05:05:00+00:00,Raiders,Wests Tigers,GIO Stadium,30,12,18,42,1,False,0,0.7183117216965355,bet365,0.7158119658119658,0.7081545064377682,True,0.7058823529411764,-7.5,43.5,False,0.9361025641616122,,,,,,,,,,,,0.0,0,1,0,0,0,0,0,0,0.0,0.0,0.0,0.0,0.0,0.0,0,0,0,0,0.0,0,0,0,0,0,0.0,0.0,0.0,0,0,0.0,0.0,0.0,0.9237814036033127,-8.5,43.5
20211110180,2021,1,Round 1,2021-03-14 07:15:00+00:00,Dragons,Sharks,Jubilee Stadium,18,32,-14,50,0,False,0,0.5084916129096355,bet365,0.5,0.4336734693877551,True,0.42602040816326525,2.5,40.5,False,0.033969717851225205,,,,,,,,,,,,0.0,0,0,0,1,0,0,0,0,0.0,0.0,0.0,0.0,0.0,0.0,0,0,0,0,0.0,0,0,0,0,0,0.0,0.0,0.0,0,0,0.0,0.0,0.0,0.0,-1.5,41.5
20211110210,2021,2,Round 2,2021-03-18 09:05:00+00:00,Eels,Storm,CommBank Stadium,16,12,4,28,1,False,1,0.4377228955899403,bet365,0.4444444444444444,0.35885167464114837,True,0.35903614457831323,4.5,36.5,False,-0.25040874502756777,-2.0,-2.0,-5.0,-6.0,484.0,185.0,0.0,16.0,4.0,-1.0,-11.0,-1.0,0,1,0,0,0,0,0,0,33.60338983050849,8.200000000000017,9.599999999999994,13.803389830508479,2.0,-16.799999999999983,0,0,0,0,0.0,0,1,0,0,0,0.0,0.0,0.0,0,0,0.0,0.0,0.0,-0.22314355131420985,2.5,37.5
20211110220,2021,2,Round 2,2021-03-19 07:00:00+00:00,Warriors,Knights,Industree Group Stadium,16,20,-4,36,0,False,1,0.5607180418286236,bet365,0.4895287958115184,0.5130208333333333,True,0.5078125,-1.5,37.5,False,0.24407669929683412,-13.0,-10.0,7.0,-7.0,68.0,66.0,-4.0,-5.0,-1.0,5.0,5.0,-0.875,1,0,0,0,0,0,0,0,-18.050746268656667,-9.45074626865673,-16.200000000000017,-5.000000000000014,12.599999999999994,3.3825870646766134,-1,0,0,0,0.0,0,1,0,0,0,0.0,0.0,0.0,0,0,0.0,0.0,0.0,-0.041890941709159794,1.5,38.5
20211110230,2021,2,Round 2,2021-03-19 09:05:00+00:00,Titans,Broncos,Cbus Super Stadium,28,16,12,44,1,False,1,0.6647715193597723,bet365,0.6818181818181818,0.6787330316742082,True,0.6876404494382022,-8.5,40.5,False,0.68463107059966,-10.0,-5.0,-5.0,1.0,311.0,37.0,-1.0,1.0,2.0,3.0,-13.0,-0.7881944444444446,0,0,0,0,0,0,0,0,2.25238356164391,-3.4000000000000057,0.20000000000001705,-0.11200000000002319,5.564383561643822,-15.566666666666663,0,0,0,0,0.0,0,1,-1,0,0,0.0,0.0,0.0,0,0,0.0,0.0,0.0,0.7621400520468965,-7.5,40.5
20211110240,2021,2,Round 2,2021-03-20 04:00:00+00:00,Bulldogs,Panthers,CommBank Stadium,0,26,-26,26,0,False,1,0.29257306586744475,bet365,0.24804687499999997,0.1780821917808219,True,0.16642335766423358,13.5,34.5,False,-0.882919917558417,-8.0,32.0,5.0,-16.0,-585.0,-254.0,-3.0,-23.0,-4.0,2.0,14.0,1.0659722222222223,0,0,0,0,0,0,0,0,-41.03795924438498,-21.662650602409627,-9.0,-3.5999999999999943,-6.7753086419753,-48.66265060240963,-1,0,0,0,0.0,0,0,1,0,0,0.0,0.0,0.0,0,0,0.0,0.0,0.0,-1.1090562478291932,10.5,41.5
20211110250,2021,2,Round 2,2021-03-20 06:30:00+00:00,Sea Eagles,Rabbitohs,4 Pines Park,12,26,-14,38,0,False,1,0.3999137564969951,bet365,0.3452380952380952,0.27536231884057966,True,0.25851703406813625,8.5,35.5,False,-0.4058244689547762,-14.0,20.0,6.0,1.0,29.0,152.0,-2.0,-16.0,-2.0,-2.0,17.0,-1.8923611111111107,0,0,0,0,0,0,0,0,-28.81501419928395,-19.19999999999999,2.200000000000017,-10.33186813186812,-1.4831460674157313,-50.44999999999999,0,0,0,0,0.0,0,-1,2,0,0,0.0,0.0,0.0,0,0,0.0,0.0,0.0,-0.6400373552459971,6.5,41.5
20211110260,2021,2,Round 2,2021-03-20 08:35:00+00:00,Cowboys,Dragons,Queensland Country Bank Stadium,18,25,-7,43,0,False,1,0.5491220999039957,bet365,0.6547619047619047,0.586734693877551,True,0.5841836734693877,-3.5,41.5,False,0.1971242496242531,-18.0,-8.0,-11.0,-5.0,-228.0,24.0,0.0,-18.0,3.0,4.0,0.0,0.9444444444444446,0,1,0,0,0,0,0,0,-32.33509320004168,-10.593939393939365,-15.233333333333348,-9.670707070707067,3.1628865979381544,-10.879653679653643,-1,0,0,0,0.0,0,0,1,0,0,0.0,0.0,0.0,0,0,0.0,0.0,0.0,0.6400373552459965,-6.5,43.5
20211110270,2021,2,Round 2,2021-03-21 05:05:00+00:00,Wests Tigers,Roosters,Campbelltown Sports Stadium,6,40,-34,46,0,False,1,0.3676282414639367,bet365,0.27234927234927236,0.21328671328671325,True,0.23854961832061067,10.5,38.5,False,-0.5424052325955456,-34.0,26.0,0.0,-4.0,-615.0,-109.0,-4.0,-10.0,0.0,2.0,17.0,-0.9409722222222223,0,0,0,0,0,0,0,0,-25.495238095238165,-2.1999999999999886,-1.8000000000000114,-23.799999999999997,2.3047619047619037,4.800000000000011,0,0,0,0,0.0,0,0,-1,0,0,0.0,0.0,0.0,0,0,0.0,0.0,0.0,-0.9827358312823077,8.5,42.5
20211110280,2021,2,Round 2,2021-03-21 07:15:00+00:00,Sharks,Raiders,Jubilee Stadium,10,12,-2,22,0,False,1,0.47861743578438953,bet365,0.3452380952380952,0.35885167464114837,True,0.35000000000000003,4.5,36.5,False,-0.08558245499928462,2.0,6.0,19.0,6.0,26.0,68.0,-3.0,7.0,-9.0,-4.0,5.0,-0.09027777777777768,0,1,0,0,0,0,0,0,2.562943176248041,5.41391304347826,-5.753424657534254,6.311304347826109,-3.408849557522103,6.949627329192538,0,0,0,0,0.0,0,1,0,0,0,0.0,0.0,0.0,0,0,0.0,0.0,0.0,-0.6400373552459971,6.5,40.5
20211110310,2021,3,Round 3,2021-03-25 09:05:00+00:00,Panthers,Storm,BlueBet Stadium,12,10,2,22,1,False,2,0.5630883179933652,bet365,0.5235602094240838,0.5822784810126582,True,0.5688775510204082,-2.5,36.5,False,0.25370541216333947,2.5714285714285694,-17.42857142857143,-5.0,4.857142857142861,337.1428571428569,234.42857142857144,1.7142857142857144,16.57142857142857,3.7142857142857135,0.1428571428571428,-16.0,-1.7881944444444446,0,1,0,0,0,1,0,0,23.59468210756779,-3.1968801313628887,14.0,4.523809523809518,8.267752715121134,-15.970142673055108,0,1,0,0,0.0,0,0,-1,0,0,0.0,0.0,0.0,0,0,0.0,0.0,0.0,0.09431067947124142,-1.5,38.5
20211110320,2021,3,Round 3,2021-03-26 07:00:00+00:00,Dragons,Sea Eagles,WIN Stadium,38,12,26,50,1,False,2,0.6060494660326923,bet365,0.4545454545454546,0.5904522613065327,True,0.595959595959596,-3.5,43.5,False,0.4307362567448967,13.714285714285715,-12.285714285714292,1.7142857142857224,-0.2857142857142847,115.85714285714266,-11.71428571428578,0.857142857142857,15.714285714285715,0.4285714285714306,0.8571428571428572,-0.1428571428571459,-0.08680555555555536,0,0,0,0,0,1,0,0,49.72054073682352,22.63640552995392,-3.1928571428571217,24.824533333333335,5.4524590163934334,14.60423261028103,0,0,0,0,0.0,0,0,-1,0,0,0.0,0.0,0.0,0,0,0.0,0.0,0.0,-0.18232155679395445,1.5,43.5
20211110330,2021,3,Round 3,2021-03-26 09:05:00+00:00,Rabbitohs,Roosters,Accor Stadium,26,16,10,42,1,False,2,0.5209417182298983,bet365,0.4764397905759163,0.4274809160305344,True,0.43041237113402064,2.5,42.5,False,0.08381590644345574,-24.000000000000007,17.42857142857143,-12.714285714285708,-9.285714285714285,-628.1428571428573,-217.0,-3.428571428571429,-3.2857142857142847,3.5714285714285694,-0.14285714285714324,-1.1428571428571423,0.9409722222222223,0,0,0,0,0,-1,0,0,-31.128182165271937,-3.411399711399696,-24.166722689075613,-21.55137844611528,18.00131868131868,10.683109634394725,0,0,0,0,0.0,-1,1,0,0,0,0.0,0.0,0.0,0,0,0.0,0.0,0.0,-0.09431067947124093,1.5,42.5
20211110340,2021,3,Round 3,2021-03-27 04:00:00+00:00,Raiders,Warriors,GIO Stadium,31,34,-3,65,0,False,2,0.7090435516749786,bet365,0.7017543859649122,0.7400000000000001,True,0.7356557377049181,-9.5,41.5,False,0.8907433576919601,6.714285714285715,1.428571428571427,-19.14285714285714,-1.7142857142857153,-201.28571428571422,-60.14285714285711,2.2857142857142856,16.57142857142857,7.142857142857142,-0.2857142857142856,3.0000000000000036,-2.010416666666667,0,1,0,0,0,1,0,0,-13.828175166047572,-5.017142857142829,-2.259259259259238,1.2291793313069803,-7.780952380952385,4.390172558532441,-1,-1,0,0,0.0,0,1,0,0,0,0.0,0.0,0.0,0,0,0.0,0.0,0.0,0.8556661100577201,-7.5,42.5
20211110350,2021,3,Round 3,2021-03-27 06:30:00+00:00,Broncos,Bulldogs,Suncorp Stadium,24,0,24,24,1,False,2,0.5391201955360162,bet365,0.5769230769230769,0.6,True,0.5856777493606138,-3.5,42.5,False,0.15680126217530546,4.571428571428571,-5.142857142857142,3.714285714285708,8.0,422.7142857142858,126.71428571428572,1.5714285714285716,5.714285714285715,2.2857142857142847,-2.5714285714285716,3.142857142857139,0.7881944444444438,0,1,0,1,0,0,0,0,20.02475631117602,12.145045045045038,13.095238095238074,-1.0252476829658121,-4.190279146141222,13.708895111979444,-1,0,0,0,0.0,0,-1,0,0,0,0.0,0.0,0.0,0,0,0.0,0.0,0.0,0.3101549283038393,-2.5,41.5
20211110360,2021,3,Round 3,2021-03-27 08:35:00+00:00,Eels,Sharks,CommBank Stadium,28,4,24,32,1,False,2,0.6381570169625287,bet365,0.6265356265356266,0.7127659574468085,True,0.7118279569892474,-7.5,39.5,False,0.5673739919424983,-4.0,-1.428571428571427,-2.5714285714285694,-4.714285714285715,197.42857142857133,-85.42857142857144,2.428571428571429,0.5714285714285694,4.857142857142859,0.2857142857142858,-13.0,2.9236111111111107,0,0,0,0,0,0,0,0,36.93814755343044,19.304761904761875,16.794761904761913,9.496451319381265,-8.657827575474641,10.260735165105046,0,0,0,0,0.0,0,0,0,0,0,0.0,0.0,0.0,0,0,0.0,0.0,0.0,0.5173830243121499,-6.5,39.5
20211110370,2021,3,Round 3,2021-03-28 05:05:00+00:00,Knights,Wests Tigers,McDonald Jones Stadium,20,24,-4,44,0,False,2,0.6755540161285013,bet365,0.6341463414634148,0.6888888888888889,True,0.6891891891891893,-7.5,44.5,False,0.7334140561399789,18.285714285714285,-16.85714285714286,8.857142857142861,3.5714285714285694,250.1428571428571,53.571428571428555,3.1428571428571423,-1.857142857142854,-6.2857142857142865,-3.9999999999999996,-16.571428571428573,1.9201388888888893,0,0,0,0,0,0,0,0,43.607788443440654,5.838095238095235,19.23333333333332,21.45437229437229,-2.918012422360249,-10.25396258028951,1,0,0,0,0.0,-1,1,0,0,0,0.0,0.0,0.0,0,0,0.0,0.0,0.0,0.5500463369192725,-6.5,43.5
20211110380,2021,3,Round 3,2021-03-28 07:15:00+00:00,Cowboys,Titans,Queensland Country Bank Stadium,8,44,-36,52,0,False,2,0.49296182361487534,bet365,0.4764397905759163,0.31111111111111106,True,0.3263403263403263,6.5,41.5,False,-0.028154565188739027,-7.142857142857142,6.142857142857142,-13.42857142857143,-6.714285714285715,-442.42857142857156,-3.1428571428571104,-3.2857142857142856,-6.857142857142858,1.571428571428573,1.0,12.428571428571423,-0.9791666666666661,0,0,0,0,0,0,0,0,-28.060714339058222,-8.592469545957897,-18.428571428571416,1.2587393338838524,-2.2984126984127045,2.605607895119533,0,0,0,0,0.0,0,2,0,0,0,0.0,0.0,0.0,0,0,0.0,0.0,0.0,-0.09431067947124093,1.5,42.5
20211110410,2021,4,Round 4,2021-04-01 09:05:00+00:00,Sea Eagles,Panthers,4 Pines Park,6,42,-36,48,0,False,3,0.2771065015133677,bet365,0.1986644407345576,0.13277511961722488,True,0.12026726057906457,17.5,41.5,False,-0.9588599920197831,-13.061224489795917,36.77551020408164,-6.7959183673469425,-8.265306122448983,-349.2448979591834,-106.32653061224494,-3.4693877551020407,-17.306122448979586,0.26530612244897966,-0.12244897959183643,15.44897959183674,-0.9131944444444446,0,0,0,0,0,0,0,0,-50.492132347570646,-14.575060775060763,-7.9082043534217235,-25.51860747882847,-2.490259740259745,-3.702640309760284,-2,-1,1,-1,-44.628657228657225,1,0,0,0,0,-3.128623664909316,0.09527433631582438,-0.10743093253128415,0,0,-0.7595007119671585,2.369122952942157,-0.6099784880332578,-1.3946626107904072,13.5,40.5
20211110420,2021,4,Round 4,2021-04-02 05:05:00+00:00,Bulldogs,Rabbitohs,Accor Stadium,0,38,-38,38,0,False,3,0.288763791096517,bet365,0.15848527349228608,0.07407407407407408,True,0.07972136222910216,24.5,44.5,False,-0.90139557324149,-13.755102040816324,8.204081632653061,6.857142857142861,-3.7551020408163254,-71.73469387755085,27.061224489795904,-1.1632653061224492,-14.224489795918366,-2.9183673469387745,2.163265306122449,14.204081632653065,-0.8923611111111107,0,0,0,1,0,1,0,0,-58.15161937189396,-21.73964922369177,-8.583011583011597,-9.626731493398168,-18.202227071792294,-19.24724496215964,3,0,3,2,85.98806100933761,0,0,2,0,0,-1.8124153488909092,0.2696448217500498,-0.28279716136019717,0,0,-1.2020539634391552,0.6103613854517539,-0.26535402729202073,-1.669541836503806,15.5,42.5
20211110430,2021,4,Round 4,2021-04-02 09:05:00+00:00,Storm,Broncos,AAMI Park,40,6,34,46,1,False,3,0.8344103702063255,bet365,0.8731082654249126,0.8928571428571428,True,0.8874868559411145,-20.5,43.5,False,1.6172127139772026,0.28571428571428825,-2.081632653061222,-2.408163265306129,2.775510204081627,-205.7551020408166,-131.1428571428571,-0.5714285714285721,-4.510204081632654,-2.3673469387755084,0.18367346938775553,4.448979591836739,1.8923611111111107,0,1,0,0,0,0,0,0,-43.70520939970572,17.30415517558376,-20.68295289575289,-18.81081081081082,-21.51560086872587,21.25786934761345,0,-1,0,0,-2.803088803088805,-2,0,1,0,0,-0.03503560126386768,0.01406403406130212,-0.003579991318478854,0,0,-0.19137786988775016,-0.15634226862388242,-0.8176617486456352,1.9287253243012117,-16.5,43.5
20211110440,2021,4,Round 4,2021-04-03 06:15:00+00:00,Sharks,Cowboys,Jubilee Stadium,48,10,38,58,1,False,3,0.7135845953491882,bet365,0.6474820143884892,0.7685185185185186,True,0.752895752895753,-10.5,43.5,False,0.9128577729693095,13.551020408163268,-10.285714285714285,14.285714285714292,6.795918367346935,151.95918367346917,107.79591836734687,1.0816326530612244,10.408163265306122,-6.183673469387758,-2.979591836734693,-3.4693877551020336,0.9444444444444446,0,1,0,0,0,-1,0,0,20.547439281477978,9.633049435990614,4.879364419364407,-1.2253671092695413,7.2603925353925405,-0.36461317768672075,-1,-1,4,-2,-84.60478530969205,-2,0,1,0,0,0.5935442075570113,-0.5484660475237608,0.5064822396781457,0,0,0.09233123059437254,-0.501212976962639,-0.1301352650826023,0.6079893722196383,-6.5,42.5
20211110450,2021,4,Round 4,2021-04-03 08:45:00+00:00,Titans,Raiders,Jubilee Stadium,4,20,-16,24,0,False,3,0.3744407721266703,bet365,0.35251798561151076,0.39205955334987597,True,0.3832923832923833,4.5,42.5,False,-0.5132123756852601,-5.265306122448983,-2.632653061224488,0.6326530612244881,2.326530612244902,273.40816326530626,-46.857142857142776,1.0,-4.142857142857142,2.346938775510205,0.4693877551020402,-2.367346938775512,-1.135416666666667,1,1,1,0,0,0,0,0,9.831816974772096,-5.195837886403922,10.503983983984,1.3700920236131537,3.15357885357885,-10.272230096742106,0,0,-15,-2,-69.48685694413395,-2,0,0,0,0,0.7127494870663357,0.13484977782224128,-0.0493144476517568,0,0,0.09420816303451951,-0.6185413240318164,0.9133184383631349,-0.6079893722196386,5.5,42.5
20211110460,2021,4,Round 4,2021-04-04 06:05:00+00:00,Knights,Dragons,McDonald Jones Stadium,13,22,-9,35,0,False,3,0.613792197457926,bet365,0.6919642857142858,0.7081545064377682,True,0.6946902654867257,-8.5,43.5,False,0.46328085707908906,0.979591836734695,-5.142857142857142,5.122448979591837,5.08163265306122,172.75510204081638,58.18367346938771,2.1632653061224496,-4.3673469387755155,-2.8571428571428577,-1.6938775510204085,-15.122448979591837,-1.9201388888888884,0,0,0,0,0,0,0,0,22.098893541750613,3.737475137475144,25.909468652325785,-8.049480249480268,0.5014300014299806,-4.652327890933549,-1,-1,-9,-1,-60.93226673226673,0,1,0,0,0,-0.3373385864421128,0.06625304840896079,-0.11341891233768936,0,0,-0.24582871572078968,0.09150987072132297,0.715431605181754,0.8093186123219878,-7.5,43.5
20211110470,2021,4,Round 4,2021-04-04 08:15:00+00:00,Roosters,Warriors,Sydney Cricket Ground,32,12,20,44,1,False,3,0.7036263632825903,bet365,0.8090614886731391,0.7127659574468085,True,0.7103004291845494,-8.5,41.5,False,0.8646265367772369,13.530612244897963,-5.306122448979593,-8.265306122448976,2.2040816326530646,16.204081632653242,-125.83673469387747,1.1428571428571423,7.38775510204081,4.142857142857145,-0.8367346938775508,-0.36734693877551194,0.7881944444444446,0,1,0,0,0,0,0,0,8.477886050066559,-19.055507010770157,11.800963031997526,22.432488633362,-6.70005860452288,-22.29418853979348,2,1,4,3,134.47350182018664,1,-1,2,0,0,0.8940906658796701,-0.3152291241652351,0.36502568614195224,0,0,0.4715161824932764,-0.4225744833863937,0.743189154597868,1.4439234739565265,-13.5,42.5
20211110480,2021,4,Round 4,2021-04-05 06:00:00+00:00,Wests Tigers,Eels,Accor Stadium,22,36,-14,58,0,False,3,0.39625649772814214,bet365,0.30803571428571425,0.2409867172675522,True,0.2423076923076923,10.5,42.5,False,-0.42108771951709406,-9.306122448979593,17.42857142857143,2.7346938775510097,-1.8979591836734642,-513.0612244897959,-143.87755102040808,-1.8775510204081636,-5.367346938775512,-2.5306122448979593,2.8367346938775504,9.30612244897959,-0.8541666666666661,0,0,0,1,0,0,0,0,-36.39322252936745,-13.403049538642762,-16.495742599742613,-23.78893178893179,17.294501397949674,-0.4585682123928905,0,0,1,0,0.0,0,0,0,0,0,-2.025490399641649,0.047717634891006555,0.0,0,0,-0.6158557524080117,1.4096346472336378,-0.11303107017061187,-0.8093186123219875,6.5,42.5
20211110510,2021,5,Round 5,2021-04-08 09:50:00+00:00,Rabbitohs,Broncos,Accor Stadium,35,6,29,41,1,False,4,0.8190463210710393,bet365,0.8731082654249126,0.9083044982698962,True,0.9009345794392524,-21.5,43.5,False,1.5098995593442228,11.73760932944606,-9.7667638483965,-8.507288629737602,-1.0320699708454768,-80.18658892128269,22.673469387755176,-0.41982507288629733,3.857142857142854,2.1428571428571406,0.6647230320699711,-11.504373177842567,0.16666666666666696,0,1,0,0,0,0,0,0,16.65548680651682,4.58428961748632,-4.966682027649767,2.114332991883998,14.92354622479624,3.018699463842637,1,0,-3,-1,-19.93866955111686,1,-1,0,0,0,1.9898079397903947,-0.16984533848779026,0.3386692035350627,0,0,1.052089989524334,-0.9377179502660606,-0.08660310741762939,1.9287253243012117,-18.5,43.5
20211110520,2021,5,Round 5,2021-04-09 08:00:00+00:00,Warriors,Sea Eagles,Industree Group Stadium,12,13,-1,25,0,False,4,0.6833681548704567,bet365,0.7065217391304348,0.6627906976744187,True,0.6825396825396824,-6.5,43.5,False,0.7692940133817014,12.253644314868804,-19.737609329446073,11.253644314868808,2.2682215743440253,261.7900874635568,183.44897959183663,1.8309037900874636,3.9970845481049544,-3.3994169096209905,3.2186588921282793,-7.892128279883387,-2.9652777777777777,1,0,0,0,0,1,0,0,45.25384734370539,25.293941798941773,10.468212676962679,7.968049201092683,1.5236436667081819,7.774161748635777,0,0,3,2,86.66831773636035,0,-1,1,0,0,2.2204277676239372,-0.3595589982027816,0.26614132704463744,0,0,1.0014796812677016,-1.2189480863562352,0.9160156012081123,0.8785504038913082,-8.5,42.5
20211110530,2021,5,Round 5,2021-04-09 09:55:00+00:00,Panthers,Raiders,BlueBet Stadium,30,10,20,40,1,False,4,0.645559274774572,bet365,0.7017543859649122,0.6986899563318778,True,0.7043478260869566,-7.5,36.5,False,0.5995759084686273,2.2623906705539305,-10.15743440233236,2.959183673469383,7.2040816326530575,214.89795918367327,-1.7142857142856656,2.093294460641399,5.25655976676385,-0.31195335276967917,-1.3119533527696796,-10.877551020408166,1.9861111111111107,0,1,0,0,0,0,0,0,20.376843017640454,2.218782298782287,7.029964509964515,30.840773975946377,-19.712677767052767,-2.6394464353864464,0,0,-3,-1,-17.06751658475796,0,0,-1,0,0,1.251829281281132,0.01768471217539913,0.05526115839652531,0,0,0.08397704390818495,-1.1678522373729465,-0.7853192168274589,0.8556661100577201,-8.5,37.5
20211110540,2021,5,Round 5,2021-04-10 05:00:00+00:00,Titans,Knights,Cbus Super Stadium,42,16,26,58,1,False,4,0.5607607914865976,bet365,0.6547619047619047,0.7400000000000001,True,0.7342799188640974,-9.5,42.5,False,0.24425025917045848,-5.982507288629741,-2.74344023323615,-7.819241982507293,-0.020408163265294377,148.00000000000023,21.95626822157442,0.6268221574344022,5.3294460641399475,5.498542274052477,2.7930029154518947,6.373177842565596,0.8888888888888893,0,1,0,0,0,-1,0,0,-12.941803844329002,-32.55930703624736,-9.859663865546196,17.209028529325934,12.268138528138508,-19.018633435902444,-2,-1,-4,-3,-128.4528908439771,-1,1,-2,0,0,0.38376671741044893,-0.013306993027114827,0.03510888223601358,0,0,-0.003454316412174063,-0.38722103382262313,-0.4275505492366142,0.6400373552459965,-6.5,42.5
20211110550,2021,5,Round 5,2021-04-10 07:30:00+00:00,Bulldogs,Storm,Accor Stadium,18,52,-34,70,0,False,4,0.1816660139032012,bet365,0.10037878787878789,0.06425452276980662,True,0.07223796033994334,28.5,42.5,False,-1.5051006364391981,-18.86297376093294,18.151603498542276,-1.889212827988331,-9.696793002915442,-357.6005830903787,73.96209912536449,-2.8425655976676385,-9.653061224489793,0.8921282798833818,3.2215743440233235,2.034985422740526,0.16666666666666696,0,1,1,0,0,0,0,0,-56.204668059480014,-47.10496978344807,7.150523993381142,-21.305432353446776,5.055210084033604,-34.48631330676474,2,0,1,-1,-10.11456015661259,0,0,0,0,0,-3.4164441610266136,0.04047133045228635,-0.23565618160601626,0,0,-1.753441128491554,1.6630030325350598,-1.0559148515356558,-2.1930228904825193,20.5,42.5
20211110560,2021,5,Round 5,2021-04-10 09:35:00+00:00,Roosters,Sharks,Sydney Cricket Ground,26,18,8,44,1,False,4,0.6365045242034704,bet365,0.660377358490566,0.7400000000000001,True,0.7308488612836438,-8.5,42.5,False,0.5602246752424258,7.352769679300295,-5.8134110787172,-5.247813411078724,0.09329446064140257,227.22740524781375,29.816326530612173,2.3702623906705536,2.7842565597667637,2.7230320699708486,2.0962099125364433,-7.189504373177851,-1.083333333333334,0,0,1,0,0,0,0,0,28.928756659565693,-0.27053637138143927,18.291534034034015,27.271056018424446,-16.363297021511315,-3.5119003244393525,0,0,-4,2,92.94954805306813,0,-1,0,0,0,1.1398912063186812,-0.19618059659729814,0.3742833035260361,0,0,0.6810071987799969,-0.4588840075386845,0.5389921261521134,0.6649763035932489,-6.5,41.5
20211110570,2021,5,Round 5,2021-04-11 06:05:00+00:00,Wests Tigers,Cowboys,Leichhardt Oval,30,34,-4,64,0,False,4,0.6532554745653528,bet365,0.7519531249999999,0.8077544426494345,True,0.8023450586264657,-13.5,47.5,False,0.6333800140212021,9.317784256559769,-3.9533527696793023,13.539358600583085,7.5014577259475175,65.98250728862968,10.518950437317699,1.3644314868804668,7.89212827988338,-4.358600583090379,-1.0583090379008748,-4.463556851311957,-1.989583333333333,0,1,0,0,0,0,0,0,43.0611893365641,18.052632358385807,21.111209781209794,0.6839752087533668,3.2133719882151865,5.192292551162581,0,0,-4,-3,-133.7683849743427,0,0,-1,0,0,0.7461370810420997,-0.020599739989670462,0.4413887298607462,0,0,0.473065409296132,-0.273071671745968,1.1909660077436195,1.1090562478291923,-10.5,44.5
20211110580,2021,5,Round 5,2021-04-11 08:15:00+00:00,Eels,Dragons,CommBank Stadium,12,26,-14,38,0,False,4,0.7019186385315865,bet365,0.7346938775510204,0.7685185185185186,True,0.7581573896353168,-10.5,42.5,False,0.8564510234786522,2.8338192419825106,-5.766763848396501,0.6151603498542357,3.5714285714285623,329.0204081632653,109.65014577259467,2.1399416909621003,7.131195335276967,-0.49562682215743337,-0.29737609329446113,-10.463556851311957,-0.9965277777777777,0,0,0,0,0,0,0,0,38.76447643571203,16.117127413127434,20.35789168868115,20.854233635628987,-18.56477630172546,6.587180084528654,0,0,-1,-1,-57.89164321706694,0,-1,0,0,0,0.43947447464777223,0.03165719808525613,-0.04218949546424208,0,0,0.11090877120614073,-0.32856570344163155,0.17203550343918422,1.0185695809945734,-8.5,42.5
20211110610,2021,6,Round 6,2021-04-15 09:50:00+00:00,Broncos,Panthers,Suncorp Stadium,12,20,-8,32,0,False,5,0.21691050913584656,bet365,0.11894273127753305,0.06367041198501872,True,0.07183098591549296,27.5,44.5,False,-1.2837621135668875,-15.578508954602253,21.786755518533944,1.4939608496459869,-6.638067471886721,-218.38983756767993,-83.77134527280305,-3.108704706372345,-12.60683048729696,-1.8600583090379015,1.084548104956268,10.184922948771344,1.0034722222222223,0,1,0,1,0,-1,0,0,-51.65631358455289,-27.717641050075628,7.168499041034238,-35.72470662283327,4.617535047321695,-21.77471979803545,1,0,3,3,97.66451123355213,1,1,1,0,0,-3.6723962208771237,0.07553406969183074,-0.4189544618556126,0,0,-1.4143595336306283,2.258036687246495,-1.3333231574001836,-2.0024805005437076,18.5,43.5
20211110620,2021,6,Round 6,2021-04-16 08:00:00+00:00,Knights,Sharks,McDonald Jones Stadium,26,22,4,48,1,False,5,0.521088217125555,bet365,0.48429319371727747,0.6079404466501241,True,0.6069651741293531,-4.5,42.5,False,0.08440293903245925,-4.340691378592254,6.333194502290713,-2.798000832986247,-2.772594752186592,-2.9775093710954934,-77.48896293211169,1.8129945855893377,-2.1749271137026227,0.3923365264473162,0.4610578925447735,-9.63223656809663,0.19097222222222232,0,0,0,0,0,-1,0,0,18.778574888840467,6.126112971313546,25.04714992658657,-6.857253499978015,-5.537434509081635,-8.501257172781038,1,0,1,0,24.655978140462963,-1,2,-1,0,0,-0.9312079196111229,-0.08486603362644707,-0.12480539711847517,0,0,-0.4135736445151835,0.5176342750959395,0.4175100213122698,-0.06284790365966388,1.5,42.5
20211110630,2021,6,Round 6,2021-04-16 09:55:00+00:00,Storm,Roosters,AAMI Park,20,4,16,24,1,False,5,0.602964544138984,bet365,0.6547619047619047,0.7400000000000001,True,0.7287784679089027,-10.5,40.5,False,0.4178328097193591,0.06497292794668397,1.4202415660141607,0.03373594335693042,1.9645980841316018,-55.42065805914217,-120.65306122448987,0.029987505206164222,-5.233236151603506,-0.6030820491461917,-1.5701790920449814,3.4993752603082093,0.08680555555555536,0,1,0,0,0,0,0,0,-8.322079190313957,18.7279170621685,-10.080677075108525,6.953938080698634,-23.923257258072553,7.911691888602633,-1,0,-4,-4,-180.72365152687678,0,-1,-2,0,0,0.2295320154216285,0.31747481184798376,-0.4874324213770022,0,0,0.08001537619392196,-0.1495166392277063,0.48711292811971996,0.6400373552459965,-6.5,39.5
20211110640,2021,6,Round 6,2021-04-17 05:00:00+00:00,Sea Eagles,Titans,Glen Willow Oval,36,0,36,36,1,False,5,0.38312708079952984,bet365,0.413265306122449,0.30131004366812225,True,0.3181818181818181,7.5,46.5,False,-0.47629629925200817,-14.728862973760934,15.789670970428993,-4.737609329446073,-5.972511453561026,-380.7122032486461,-45.321116201582754,-3.8463140358184096,-8.512286547271973,0.7151187005414403,-2.626822157434402,6.014160766347359,0.875,0,1,1,0,0,0,0,0,-39.42655968666986,17.79560883650481,-23.726456855611787,-33.86139392242677,0.36568225486396955,24.470158876083758,1,0,2,1,39.93607396717527,0,-1,2,0,0,-2.9684250035088926,0.5076572345132796,-0.6537612260396448,0,0,-1.5045638436624187,1.463861159846474,-0.1383470121727599,-0.3504829736908114,3.5,45.5
20211110650,2021,6,Round 6,2021-04-17 07:30:00+00:00,Rabbitohs,Wests Tigers,Accor Stadium,18,14,4,32,1,False,5,0.7926063756754617,bet365,0.8013355592654424,0.867224880382775,True,0.8775510204081634,-18.5,46.5,False,1.340708170364132,8.629737609329442,-19.88671386922116,-3.434818825489373,-1.6455643481882518,184.2099125364432,11.845897542690636,0.8837984173261137,2.3827571845064526,1.5897542690545574,-0.8642232403165342,-6.460224906289042,2.843750000000001,0,0,0,0,0,0,0,0,34.34307807476159,15.700403610014206,-13.576937878149806,28.663468972846545,3.5561433700507763,17.656162435855066,0,0,1,0,-9.807970637897569,0,-1,1,0,0,3.3341188626478955,-0.14221959979622034,0.34463784343491777,0,0,1.0584561957713756,-2.27566266687652,0.8900246061542142,1.3946626107904074,-13.5,45.5
20211110660,2021,6,Round 6,2021-04-17 09:35:00+00:00,Raiders,Eels,GIO Stadium,10,35,-25,45,0,False,5,0.5919749134051572,bet365,0.586734693877551,0.5822784810126582,True,0.5822784810126582,-3.5,36.5,False,0.37213559871532076,-2.254060807996666,0.5930862140774664,-2.4277384423157145,-2.1395251978342387,-307.2253227821743,-128.1890878800499,-0.8546438983756781,-3.1974177426072465,-0.9042065805914206,2.164931278633903,9.88588088296543,1.9305555555555554,0,1,0,0,0,0,0,0,-20.29472979632942,13.411388292602453,-13.847333640115323,-23.94889247115084,4.090108022334363,31.47958865755399,0,0,1,2,64.7099292146948,0,1,-1,0,0,-0.6111100094298169,-0.04073830218628327,0.03055830995547343,0,0,-0.09963139963560147,0.5114786097942152,-0.18871307202151577,0.35048297369081105,-3.5,37.5
20211110670,2021,6,Round 6,2021-04-18 04:00:00+00:00,Dragons,Warriors,Netstrata Jubilee Stadium,14,20,-6,34,0,False,5,0.6143954593832155,bet365,0.5769230769230769,0.6682027649769585,True,0.6720554272517322,-6.5,43.5,False,0.4658264533538297,7.300708038317364,-0.37317784256559605,-1.7167846730528993,-2.470637234485636,-153.1557684298209,-96.83756768013325,-0.07413577675968375,-0.49271137026238776,1.9371095376926295,-1.3336109954185749,7.929196168263232,-2.010416666666667,0,1,0,0,0,0,0,0,1.4176467143228138,-7.510596898065643,4.514056469004828,14.862664268762032,-10.448477125378531,-6.52073900815958,0,0,-3,-2,-61.12700982473879,-2,-1,0,0,0,1.4450614106601631,-0.0204080644184495,0.141031421667686,0,0,0.8248636434073495,-0.6201977672528134,-0.28572053553367527,0.3101549283038393,-3.5,42.5
20211110680,2021,6,Round 6,2021-04-18 06:05:00+00:00,Cowboys,Bulldogs,Queensland Country Bank Stadium,30,18,12,48,1,False,5,0.6096414847619348,bet365,0.6416464891041161,0.6234718826405868,True,0.6308068459657702,-4.5,43.5,False,0.44580546779283914,5.487713452728029,-3.516034985422742,-10.714285714285708,-2.8171595168679744,42.11620158267374,-12.7172011661807,0.0004164931278634043,-2.0279050395668463,4.849229487713455,0.7613494377342773,5.095376926280714,-0.9409722222222223,0,1,0,0,0,0,0,0,-1.8573722247277829,0.7667082831368361,-13.161419624466163,-0.6487618473341001,11.186100963935587,0.21301838642494886,0,0,2,3,104.57737151692274,0,1,0,0,0,1.2218676159096806,0.12722732311225116,-0.25479853843826095,0,0,0.9977716303473559,-0.22409598556232502,1.0792481553697881,0.5825175522221068,-6.5,44.5
20211110710,2021,7,Round 7,2021-04-22 09:50:00+00:00,Panthers,Knights,BlueBet Stadium,24,6,18,30,1,False,6,0.7951665013052065,bet365,0.8731082654249126,0.8928571428571428,True,0.8658536585365855,-18.5,42.5,False,1.3563540806945282,3.496043315285302,-17.342773844231566,-2.5235913607425573,5.126316415779144,202.45808294163157,53.864401737371395,1.0233831141786167,9.09739989290177,2.642232403165348,0.024811090617004927,1.1943237936574072,0.9236111111111107,0,0,0,0,0,0,0,0,7.679948108615122,13.866261824723864,-26.812889812889807,22.01216779163161,-1.3855916948505325,16.967244740942817,1,0,-2,-3,-106.36685820707181,0,-1,0,0,0,2.8340581973669785,-0.1394410712140967,0.33983198129528236,0,0,0.5906555434283463,-2.2434026539386323,-0.6349275328325172,1.9287253243012117,-17.5,40.5
20211110720,2021,7,Round 7,2021-04-23 08:00:00+00:00,Titans,Rabbitohs,Cbus Super Stadium,30,40,-10,70,0,False,6,0.3639510725714872,bet365,0.33962264150943394,0.3372093023255814,True,0.3403755868544601,6.5,41.5,False,-0.558256047710512,-8.878800499791748,9.404950318319745,-4.1516629975605355,1.519069435354318,-16.00279645385899,-29.903849586481783,0.05765454869994713,-2.4025703575890915,1.6637710477777148,2.0414708157315395,2.5702980900815113,0.10416666666666696,0,1,0,1,0,0,0,0,-28.936199422446975,-27.973179800618624,7.173435489060466,9.45228117275363,-17.58873628364246,-10.981227539009097,-1,0,-1,-1,-51.39673255206972,-1,0,1,0,0,-1.7385926729642116,0.1402593716698871,-0.30171845282963433,0,0,-0.7694320653086579,0.9691606076555537,-0.39337872267251717,-0.6649763035932491,6.5,41.5
20211110730,2021,7,Round 7,2021-04-23 09:55:00+00:00,Eels,Broncos,TIO Stadium,46,6,40,52,1,False,6,0.7685838488229839,bet365,0.8013355592654424,0.8219178082191781,True,0.8128,-13.5,41.5,False,1.2003320541712292,14.073064794430895,-9.578746950675313,-1.046885226393755,2.5125245433450445,160.12411495210335,106.68310822871422,2.5792824418397107,5.341524364847977,1.3173082644136365,-0.5496519307431433,-12.949782828583324,-1.9895833333333321,1,1,1,0,0,0,0,0,66.9385513618372,41.865449166599916,23.003685346545353,13.128300875922434,-11.05888402723049,25.390611833554942,1,0,-1,-3,-132.0195937515312,0,-1,-2,0,0,2.615585495947848,-0.21300255573968108,0.43196542950854216,0,0,1.4503363901353492,-1.1652491058124987,-0.4425352342394988,1.3946626107904074,-13.5,41.5
20211110740,2021,7,Round 7,2021-04-24 07:30:00+00:00,Sharks,Bulldogs,Jubilee Stadium,12,18,-6,30,0,False,6,0.7485129183780859,bet365,0.7809694793536804,0.867224880382775,True,0.8484438430311231,-17.5,43.5,False,1.0906968398327768,12.275123460462902,-13.758433985839236,3.2498958767180284,4.884214910453977,192.83780567620624,41.967275539953675,1.2807758671981908,7.813946569881594,-1.1687987148212056,-2.734455881477956,4.416017135717265,1.9201388888888893,0,0,0,0,0,0,0,0,50.447780390210596,24.578076438264247,1.54743601623602,33.30483496313772,-8.982567027427464,14.735212780849821,0,0,-1,-1,-50.00214508409192,0,1,-3,0,0,3.048673628947233,-0.2904488873798155,0.69322848089098,0,0,1.552988558693481,-1.495685070253752,0.5374097202224795,1.2713249863554275,-12.5,42.5
20211110750,2021,7,Round 7,2021-04-24 09:35:00+00:00,Cowboys,Raiders,Queensland Country Bank Stadium,26,24,2,50,1,False,6,0.36052563511658464,bet365,0.2841880341880342,0.2409867172675522,True,0.24324324324324326,10.5,41.5,False,-0.5730834699381737,1.627893139763188,5.9449039090855,-3.8097816386029706,-2.856607365978455,101.37204736121885,30.86535372166361,-1.061462485868983,-7.144820610459931,1.7957993693104068,0.5813054084607603,-0.191408341762358,-0.854166666666667,0,1,0,0,0,0,0,0,-20.466663272228175,5.29761401311535,-13.822327619055017,-6.5010282334851865,-5.44092143280335,18.903262975222532,-1,0,-4,-2,-68.54398794214694,-2,-1,-1,0,0,-0.9671752762936869,0.3094735948649333,-0.36469905742858455,0,0,-0.019207347719767343,0.9479679285739201,1.33107303947707,-0.9237814036033127,9.5,40.5
20211110760,2021,7,Round 7,2021-04-25 03:45:00+00:00,Wests Tigers,Sea Eagles,CommBank Stadium,6,40,-34,46,0,False,6,0.5488066429049789,bet365,0.4895287958115184,0.39205955334987597,True,0.3880597014925373,4.5,46.5,False,0.1958502034320391,1.806747188671391,4.9500803236746584,4.560540251085854,2.7795561373237376,22.075861248289584,48.100434342833296,0.05842803593740742,4.7808056167073225,-2.1672517403462805,2.4521330398048433,-0.2516808472660301,-0.10416666666666696,0,0,0,0,0,0,0,0,21.891809790546745,1.1806110368123086,19.71287862330115,-2.4416473019480947,3.4399674323812377,-10.562227948568875,0,0,0,0,9.341039515472403,0,1,1,0,0,-0.3785073395139329,-0.36621307459931707,0.31339238940915326,0,0,0.26262758317626866,0.641134922690201,0.6330912273661236,-0.041890941709159794,1.5,45.5
20211110770,2021,7,Round 7,2021-04-25 06:05:00+00:00,Roosters,Dragons,Sydney Cricket Ground,34,10,24,44,1,False,6,0.7112583707662953,bet365,0.6474820143884892,0.6888888888888889,True,0.6941964285714286,-8.5,41.5,False,0.9015034827137662,2.6316415779139675,-3.5622062235973093,-3.371868864163744,1.9732254417802082,128.7658118641043,5.794787885999767,2.0729457963943587,5.8314392812518605,0.3885285892782768,1.8896293211162014,-3.7276134943773513,1.7534722222222232,0,0,0,0,0,0,0,0,-3.730942788055472,-12.26214799405949,11.265055034640483,16.332490674854597,-19.06634050349095,-7.30217766248478,-1,-1,0,-1,-4.737330848056871,-2,0,2,0,1,0.43520183219510666,0.03184186696668989,0.07349548228518697,0,0,0.2251656963082892,-0.2100361358868174,-0.18451659103813806,0.6079893722196383,-6.5,40.5
20211110780,2021,7,Round 7,2021-04-25 08:15:00+00:00,Storm,Warriors,AAMI Park,0,0,0,0,0,True,6,0.7664693814428947,bet365,0.8415147265077139,0.8928571428571428,True,0.8859275053304905,-18.5,43.5,False,1.1884815543451601,10.74998512524543,-5.671446421134052,-5.4311893853751485,3.326054620098759,83.49693580055941,-120.12708990301655,2.8985541738561316,4.027191051347657,2.1985482239543046,0.10120783007080325,2.1499375260308256,1.7534722222222223,0,1,0,0,0,0,0,0,12.295686762451055,2.4334786784319533,13.233924950591586,-7.206042606042615,3.8343257394700743,-2.891197601293868,-1,-1,-3,-5,-185.48297629305415,-1,-1,0,0,1,2.1318765277501743,-0.1387860273420416,0.2563332976729651,0,0,1.0965874590162394,-1.0352890687339351,-0.5368466833951029,1.6695418365038057,-14.5,42.5
20211110810,2021,8,Round 8,2021-04-29 09:50:00+00:00,Raiders,Rabbitohs,GIO Stadium,20,34,-14,54,0,False,7,0.46022925852231256,bet365,0.40506329113924056,0.2918454935622318,True,0.3211845102505695,6.5,41.5,False,-0.15941974317012972,-10.500760737447827,6.431027888039846,-8.419621076252241,-2.2969086010080844,-212.99329361065543,30.210167532235687,-1.396968950012325,-3.1808090166512173,3.238038572363557,-0.9705309862387272,1.7008134365782972,-1.0659722222222223,0,1,0,0,0,1,0,0,-18.926596426165588,-3.002456742026112,2.754472720386815,-16.64147352856689,-2.037138875959272,5.5655880671321825,0,1,2,2,80.56671518776395,0,1,1,0,1,-2.2452701473413406,0.13073705137175995,-0.4637746488197829,0,0,-1.2290738430333068,1.0161963043080335,0.8786671383983948,-0.3844116989103319,4.5,40.5
20211110820,2021,8,Round 8,2021-04-30 08:00:00+00:00,Storm,Sharks,AAMI Park,40,14,26,54,1,False,7,0.7970852995125199,bet365,0.8541392904073586,0.8519003931847969,True,0.8472032742155525,-16.5,43.5,False,1.3681760027082088,0.04217630409098305,-12.192810818621494,-21.370474887164363,-14.841205620107267,-483.3212521993387,-287.245611947403,1.0132087820550963,-8.127650893760244,-2.80804766721349,-0.9059915511394059,-7.913403428843427,-1.03125,0,1,0,0,0,1,0,0,8.452985012158933,3.76447036623901,18.175081486766885,-20.91319418954896,7.426627348701928,-6.4223683019440045,1,0,0,-1,-3.8397078277986054,-2,0,1,0,1,1.6351979624500286,-0.3876062264051239,0.4870529629935391,0,0,0.6837814701228306,-0.951416492327198,-0.11833028139721462,1.7674421615773475,-16.5,42.5
20211110830,2021,8,Round 8,2021-04-30 09:55:00+00:00,Broncos,Titans,Suncorp Stadium,36,28,8,64,1,False,7,0.4473528742156022,bet365,0.32870370370370366,0.27536231884057966,True,0.26694045174537995,10.5,42.5,False,-0.21137197800048255,-10.24459196423259,4.007675373356346,-2.4473221191850314,-4.574820015469747,-132.41396866951663,28.239823542911438,-3.089350525716325,-9.322195683771216,1.3251281353857642,-1.8753665564518172,12.8872408605258,-0.07986111111111072,0,0,0,0,0,0,0,0,-14.118600832794641,18.60342770641961,-6.359215621502301,-7.637661153313985,-18.72515176439792,10.984173489230898,2,1,1,2,77.43129461842582,0,0,-2,0,0,-1.5379660922495295,0.3765537934481939,-0.7251482001269962,0,0,-1.1080736036432737,0.42989248860625534,0.6154246665424208,-0.714053865379259,7.5,44.5
20211110840,2021,8,Round 8,2021-05-01 05:00:00+00:00,Panthers,Sea Eagles,Carrington Park,28,16,12,44,1,False,7,0.7660110045137587,bet365,0.8270676691729323,0.8219178082191781,True,0.8204334365325077,-14.5,43.5,False,1.1859224494280673,1.7897814686057743,-11.163970794481894,3.5341311868353955,4.716291681187258,381.53605215513926,131.24618143800632,0.8264753631565078,8.105925252233341,-0.784596554156856,-1.251757346003791,-2.3163732798408887,2.7465277777777777,0,0,1,0,0,0,0,0,53.66834464194915,23.835687187713972,17.680393378467016,22.798349814030416,-10.646085738262286,5.769528710628123,1,0,-1,0,24.62510748453063,0,0,0,0,0,2.3199431057931714,-0.7087572692293936,0.7372113305068277,0,0,0.5375240384257235,-1.7824190673674483,-1.2883659903073954,1.5649861498632662,-14.5,42.5
20211110850,2021,8,Round 8,2021-05-01 07:30:00+00:00,Bulldogs,Eels,Accor Stadium,10,32,-22,42,0,False,7,0.26913140540554514,bet365,0.14586070959264127,0.12087912087912087,True,0.11395101171458999,20.5,40.5,False,-0.9990339261761705,-18.338124420947054,15.60815646541832,3.751455600982581,-7.082457139457212,-385.37788676486844,-47.35734260384709,-4.7862795263878155,-17.57768446820628,-3.122100485341992,3.2945966391554533,9.327822590927248,-0.8993055555555554,0,0,0,0,0,0,0,0,-133.58956165946233,-51.345039743363856,-23.772795169897506,-29.042138289983654,-29.429588456217402,-19.649266871297158,0,0,2,1,52.64696720376267,-1,1,-1,0,0,-4.542535635662965,0.42190017198631313,-0.5456599591814073,0,0,-2.3847608860809184,2.157774749582047,0.1773625498745951,-1.7674421615773486,16.5,43.5
20211110860,2021,8,Round 8,2021-05-01 09:35:00+00:00,Knights,Roosters,McDonald Jones Stadium,4,38,-34,42,0,False,7,0.36564563747528334,bet365,0.39698492462311563,0.3372093023255814,True,0.34117647058823525,6.5,40.5,False,-0.5509430689501932,-9.570604085032603,10.9241557514301,2.7764621883738982,-2.754711047267726,-99.61658832629291,-53.928890173312084,-1.909646490832901,-5.080595670171448,-2.5239653545716507,-2.1088662037076387,-3.2156074424772,2.843750000000001,0,0,0,0,0,0,0,0,-5.167227622199903,30.4117813379049,16.657964209487744,-24.06585376268586,-28.17111940690674,17.52193673676507,-2,0,0,0,-12.489786024474967,0,-1,0,0,0,-2.5429096675151355,0.07892877412462707,-0.36359421115373597,0,0,-1.168370892873549,1.3745387746415867,0.19145020250913214,-0.41804389031502437,4.5,41.5
20211110870,2021,8,Round 8,2021-05-02 04:00:00+00:00,Warriors,Cowboys,Polytec Stadium,24,20,4,44,1,False,7,0.6737898950363757,bet365,0.6818181818181818,0.6234718826405868,True,0.6138613861386137,-4.5,45.5,False,0.725376666358973,-8.117272565002674,-15.440641229419716,-14.437921274298972,-9.597030149002535,-364.6268561568734,-131.4245339951891,-0.5507229130719344,-1.3677719317631265,-6.830249300886538,-1.60562350721213,-13.62915111900654,-0.9444444444444438,1,1,0,0,0,0,0,0,55.73706784232297,12.228894867351272,8.606718164005002,23.813639977144277,11.087814833822392,-4.201594944324711,1,1,4,3,113.13837258339242,0,2,0,0,0,1.1615353885255513,-0.1461614284422223,0.14087484583227383,0,0,-0.16275794832870052,-1.3242933368542515,0.9520699555687935,0.7621400520468965,-7.5,44.5
20211110880,2021,8,Round 8,2021-05-02 06:05:00+00:00,Dragons,Wests Tigers,WIN Stadium,8,16,-8,24,0,False,7,0.6901757327503216,bet365,0.6818181818181818,0.7081545064377682,True,0.7259414225941423,-9.5,44.5,False,0.800940993407623,3.4072197808736124,-8.406055300087548,1.4254689797618454,-2.4426386964615077,65.6528147285569,7.918197349743764,0.19700974933913562,-1.1775110710673253,0.5511479060595494,-1.6904436076804732,3.1742131254834405,-0.09722222222222232,0,0,0,0,0,0,0,0,35.568712187566575,13.490295132248377,-12.918195396692141,21.90261978816028,13.09399266385013,11.71266997099093,1,1,0,0,-5.341037524167319,0,-1,0,0,0,2.1150616787509797,-0.30720343368784764,0.42114780394092116,0,0,0.6938847759436668,-1.4211769028073131,0.803521623166133,0.7621400520468965,-7.5,43.5
20211110910,2021,9,Round 9,2021-05-06 09:50:00+00:00,Rabbitohs,Storm,Accor Stadium,0,50,-50,50,0,False,8,0.5267117142435326,bet365,0.5287958115183247,0.2409867172675522,True,0.258,8.5,36.5,False,0.1069486806078133,4.8609022236847395,8.418367954071613,15.449760364668265,9.23574846729315,304.4689931187563,121.71522919871825,-0.7705729998312183,0.9212463708634431,1.5483405238099284,0.30821584301001925,0.010787536291360311,0.9236111111111107,0,1,0,0,0,0,0,0,-44.83249690686068,-15.500281635339036,-11.941218778101387,-11.507297397557693,-5.883699095862667,-10.933350331865825,0,1,3,4,167.38547357866923,1,1,0,0,0,-0.8762587282204672,-0.5149648441901069,0.6160969710800243,0,0,-0.2061287901410105,0.6701299380794566,0.44350794275286964,0.11531084651099459,-1.5,37.5
20211110920,2021,9,Round 9,2021-05-07 08:00:00+00:00,Panthers,Sharks,BlueBet Stadium,48,0,48,48,1,False,8,0.8154839047791804,bet365,0.8641975308641975,0.8928571428571428,True,0.8865323435843054,-19.5,42.5,False,1.4860449885925875,7.233880926678999,-16.429551340974303,1.6519574569876738,0.6895948359709152,220.10488584081213,66.06457707733534,1.246986496151385,2.210434670685082,0.7680254704368803,-0.6473056051718,-5.6706207204723995,-0.875,0,0,0,0,0,0,0,0,40.445643318197654,29.766362427844456,10.613472543680246,1.089352021723414,-1.0235436750504476,9.516347808681417,0,0,0,0,36.093819927581364,0,-1,0,0,0,3.1776470454807737,-0.09602988679414437,0.4349052569885018,0,0,0.8128895160941495,-2.364757529386624,-0.8468725948051805,1.850599969250988,-18.5,40.5
20211110930,2021,9,Round 9,2021-05-07 09:55:00+00:00,Eels,Roosters,CommBank Stadium,31,18,13,49,1,False,8,0.5365295332084653,bet365,0.5618556701030928,0.6328502415458938,True,0.6492890995260664,-5.5,40.5,False,0.14637894331629941,1.7331845453121453,1.2142753930274424,-3.3348544034737557,2.4435408958609415,125.16353001604057,64.08693292274961,0.8805101858676485,6.472921268227651,1.52198488724936,-1.233092868253388,-4.606162641173565,0.08680555555555536,0,0,0,0,0,0,0,0,82.05919051598323,44.813843687597426,20.73018550094281,12.625448287279625,3.889713040163315,19.683754341683255,-2,0,-1,-2,-105.08241263800218,0,0,-2,0,0,0.3494487337838197,0.19868282643029156,-0.41953029366085537,0,0,0.28264422887448437,-0.0668045049093362,-0.016709518748244667,0.24869662573882734,-2.5,41.5
20211110940,2021,9,Round 9,2021-05-08 05:00:00+00:00,Raiders,Knights,Geohex Park,16,24,-8,40,0,False,8,0.6070940875764745,bet365,0.6547619047619047,0.6501182033096927,True,0.6484560570071258,-5.5,44.5,False,0.4351136086772741,5.899483087100494,-1.5037490452836124,-6.2785877604448075,-0.3043787634646904,-60.68807700387242,43.00513148675918,0.35290931985336504,-0.4394148210840214,2.272263864789087,2.0767865187367263,0.9960499937465315,1.989583333333333,1,0,1,0,0,0,0,0,-21.333505819535276,-16.83024574632327,-15.077718749753586,0.2205091810192812,10.3539494955223,1.5790743314337305,0,0,0,1,39.43215816044585,0,0,0,0,1,0.7464031264295412,-0.2169765030090378,0.12825163809900833,0,0,0.6564576391261793,-0.08994548730336194,0.6934311854740021,0.6400373552459965,-5.5,43.5
20211110950,2021,9,Round 9,2021-05-08 07:30:00+00:00,Wests Tigers,Titans,Campbelltown Sports Stadium,28,36,-8,64,0,False,8,0.5392407874701516,bet365,0.39698492462311563,0.38423645320197053,True,0.38423645320197053,4.5,44.5,False,0.1572866101662507,-7.524568844614063,-4.968008956423642,-0.8574537091566583,0.8800536219723796,-147.13046556160361,85.1674533084489,-1.4185549509861657,-3.4384689081201643,0.8108477638690399,-0.22515885630744137,2.022524628343632,-1.8402777777777777,0,1,0,0,0,0,0,0,8.642495623233799,4.716112047851368,-11.42764318660457,12.323147705167017,3.0308790568200266,-12.099548949211936,-1,0,-1,-2,-79.9876019457883,-1,0,0,0,0,-1.1751579281030298,0.11380072632584115,-0.17995182031702633,0,0,-0.9130245774380762,0.2621333506649538,0.9758304741302382,-0.41804389031502437,4.5,43.5
20211110960,2021,9,Round 9,2021-05-08 09:35:00+00:00,Cowboys,Broncos,Queensland Country Bank Stadium,19,18,1,37,1,False,8,0.6040767201554116,bet365,0.6474820143884892,0.5725190839694657,True,0.5904522613065327,-3.5,46.5,False,0.4224807552745912,3.055131304619188,-3.626200453406806,0.31666470360381993,0.6598975402620084,29.267239233409782,79.71820657816284,-0.8315218513180245,-5.869545366787165,-0.15811074831550798,1.574798158687524,-4.419747359882841,-1.7534722222222214,0,0,0,0,0,0,0,0,-9.745306048732118,-2.394594333228696,-26.024169544328032,-8.981519629574862,27.654977458399514,-0.8242508883119513,1,1,-1,-1,-39.044320020244584,1,1,0,0,0,0.08106778746756449,-0.30208693580105783,0.4416452596436723,0,0,0.22143457759513308,0.14036679012756792,1.4057181564443275,0.6079893722196383,-6.5,44.5
20211110970,2021,9,Round 9,2021-05-09 04:00:00+00:00,Sea Eagles,Warriors,4 Pines Park,38,32,6,70,1,False,8,0.5152700210887884,bet365,0.6919642857142858,0.6328502415458938,True,0.6326034063260341,-4.5,46.5,False,0.06109908466882999,5.124311663143271,6.503126126990336,9.906902250398602,9.33292857810703,286.83764903593374,50.774838715161195,0.26892341990642876,3.4234994408306534,4.741622477514836,0.9455802550686485,11.876126686766817,0.958333333333333,0,1,0,0,0,0,0,0,-83.03126053841493,-16.517069466127964,-20.53089919289252,-7.20464398499098,-38.77864789440363,-8.111383889881296,-1,0,-4,-2,-67.03716910394546,0,0,2,0,0,-0.14408384065968313,0.16936309975654434,0.03422596067356025,0,0,0.08128819380939044,0.22537203446907364,-0.2718067892402318,0.8093186123219878,-7.5,45.5
20211110980,2021,9,Round 9,2021-05-09 06:05:00+00:00,Dragons,Bulldogs,Netstrata Jubilee Stadium,32,12,20,44,1,False,8,0.7094570069009688,bet365,0.7809694793536804,0.7276507276507277,True,0.7319587628865979,-8.5,42.5,False,0.8927483361899197,2.8391280115306685,-8.504690101184757,-3.2570685440833103,0.5065685701900264,-1.1414740942486787,-50.40045753530774,0.256145702167343,1.3930578002605856,1.4894498526488604,-0.4516339766108137,4.416704410091526,-0.9409722222222223,0,0,0,0,0,0,0,0,20.167180234725492,10.0542636931211,-3.7566947824482497,9.367671124437408,4.501940199615234,-12.041113935041068,-1,0,2,2,53.90721740153258,0,1,-1,0,1,2.6623417623837113,-0.3769396537912705,0.6105963921012942,0,0,1.1329797684316998,-1.5293619939520111,-0.6293079831638773,1.2713249863554275,-12.5,42.5
20211111010,2021,10,Round 10,2021-05-14 08:00:00+00:00,Wests Tigers,Knights,Suncorp Stadium,36,18,18,54,1,False,9,0.4748975554819234,bet365,0.5235602094240838,0.40954773869346733,True,0.4137055837563452,3.5,44.5,False,-0.10049426786684261,2.2788252361183012,3.10381399115078,1.9596083195239515,3.920941763644585,-29.848589222767714,23.701232531704022,0.6314670705892533,6.210608657610209,0.7483293872589876,1.2322902386396342,-2.293890109996859,-0.10416666666666696,1,1,0,0,0,0,0,0,-19.349008994645374,-27.52623864540962,-20.746864454149687,30.75949635983045,-1.8354022549165876,-14.588489118440776,1,0,0,0,-18.482609749949063,0,0,2,0,-1,-0.7181837031158004,-0.3515793521853209,0.12712082270271347,0,0,0.032434787734115345,0.7506184908499158,0.4510762163410423,0.09431067947124142,-1.5,43.5
20211111020,2021,10,Round 10,2021-05-14 10:05:00+00:00,Sea Eagles,Broncos,Suncorp Stadium,50,6,44,56,1,False,9,0.6867789595130699,bet365,0.6416464891041161,0.7246376811594202,True,0.7105831533477323,-9.5,46.5,False,0.7851033520795916,8.231605913196308,-2.924972084899373,-1.7780242544365166,2.4045542942418976,2.8979527654121284,-30.986872747211976,1.2763465729346075,-4.404202157195023,0.442177102037002,-0.3250478203844329,-6.525622480290288,-0.7673611111111107,1,0,0,1,0,1,0,0,-2.710234640091585,13.650283530588638,-31.21438087535401,-0.33503995364208095,15.188902658315968,10.61885496407686,0,0,-2,-3,-99.43562741115633,0,0,0,0,0,1.312355462733716,-0.2202087135217661,0.5253457925354735,0,0,0.8820619669817517,-0.4302934957519642,0.7208635999962006,0.5825175522221068,-6.5,45.5
20211111030,2021,10,Round 10,2021-05-15 05:00:00+00:00,Bulldogs,Raiders,Suncorp Stadium,18,20,-2,38,0,False,9,0.3465071275086122,bet365,0.1822429906542056,0.1423125794155019,True,0.16028368794326242,16.5,44.5,False,-0.6344282379063318,-6.1430297420500715,4.167977003889643,4.3143980165143745,-2.4901319230273558,-117.53522888300904,-23.303025724565487,-2.9275468485382223,-6.703988914795154,-1.453329438431611,1.1681794393249652,7.949149155365465,-1.0451388888888893,1,1,0,0,0,1,0,0,-53.88017506191068,-23.50435595614394,6.472736800594021,-1.2449971349310545,-35.603558771429746,-11.246265934279336,1,1,0,-3,-93.66700549938878,-1,0,-1,0,0,-1.8282181859967932,0.4719844041084934,-0.4681842205025861,0,0,-1.1343703418299393,0.6938478441668536,0.1103229914495285,-1.5012243277938677,14.5,42.5
20211111040,2021,10,Round 10,2021-05-15 07:30:00+00:00,Sharks,Rabbitohs,Suncorp Stadium,22,32,-10,54,0,False,9,0.35545113977123205,bet365,0.29347826086956524,0.22586520947176686,True,0.25548902195608786,11.5,46.5,False,-0.5951628316377681,-8.79971398839266,4.942395756592468,-3.438362052740416,-0.41267460923629073,-32.10986641169393,29.53280156591694,-0.9869421338221382,3.815258150281334,0.9389647621834651,0.16045376067621353,9.417500447977307,-0.9236111111111116,1,1,0,0,0,0,0,0,-27.285151910085915,-27.252378762191682,15.225632746235362,-10.705305288631365,-4.5531006054982015,-26.97961846317051,0,-1,-2,0,0.9317600458824415,0,0,1,0,0,-2.020404513399547,0.488900874075207,-0.6276868570541501,0,0,-1.1142104496611251,0.9061940637384223,0.8282049464958479,-0.878550403891308,8.5,43.5
20211111050,2021,10,Round 10,2021-05-15 09:45:00+00:00,Roosters,Cowboys,Suncorp Stadium,30,16,14,46,1,False,9,0.81309478210204,bet365,0.7931034482758621,0.7999999999999999,True,0.7941176470588236,-14.5,46.5,False,1.4702460537049236,6.4373052946667215,-7.558080842686504,-2.2723153843471806,-1.6567838161282609,-41.23622185744148,-39.314491688438125,2.275242458499434,9.15995174855125,1.575843641437059,0.820920444608582,-6.03899388721311,0.9861111111111107,1,0,0,0,0,0,0,0,26.336057589510574,-10.778537166263419,7.46382352574156,28.663408728923372,0.9873625011090752,-10.890781572333509,1,0,-2,-1,4.990343536961291,1,0,-1,0,0,2.971573658690236,-0.26622974779487785,0.7255911381602321,0,0,1.211064126041172,-1.760509532649063,0.3713797883933808,1.343734746701095,-13.5,43.5
20211111060,2021,10,Round 10,2021-05-16 03:50:00+00:00,Warriors,Eels,Suncorp Stadium,18,34,-16,52,0,False,9,0.37819013578170846,bet365,0.22651933701657456,0.27536231884057966,True,0.284796573875803,9.5,47.5,False,-0.49723728760299163,-11.00043331938084,7.425107995922149,-8.711932120466969,-13.393209756936969,-501.0575527238493,-177.51522264168352,-2.0831185673191497,-14.440493435939945,-3.2090212654348367,-0.6368865117807192,-4.522497654298906,-1.7534722222222232,1,1,0,0,0,0,0,0,-55.535859517407744,-11.686242719292238,-23.96036345807343,-23.737138968364093,3.8478856283219898,3.7757163971384387,-1,1,1,-1,-37.07158669017011,0,0,-1,0,0,-2.4082418333240554,0.4691648128833926,-0.4976538763314051,0,0,-1.1252636566771095,1.2829781766469468,0.2924254533220467,-1.2280703559049966,12.5,46.5
20211111070,2021,10,Round 10,2021-05-16 06:05:00+00:00,Storm,Dragons,Suncorp Stadium,44,18,26,62,1,False,9,0.821837823156495,bet365,0.8731082654249126,0.8457374830852504,True,0.8293768545994065,-15.5,46.5,False,1.52884883881136,12.857681991104286,-11.387455004951605,-2.9318201963953356,-1.092692184864653,-40.04907368008003,-44.437202775950084,3.4363056070799325,2.5921435969775892,-5.103275204122397,-1.713426187651578,-13.326344135729926,2.84375,1,1,0,1,0,0,0,0,31.982482344758864,-5.3346486430195625,-15.20330609988099,33.29634158072187,19.224095506937473,-8.42115485728138,2,0,1,0,59.2608577473337,0,-2,1,0,0,2.5284222419278337,-0.38191545808699623,0.5488158732498013,0,0,1.5854690613574685,-0.9429531805703651,-0.5986632181176051,1.9287253243012117,-18.5,44.5
20211111080,2021,10,Round 10,2021-05-16 08:25:00+00:00,Titans,Panthers,Suncorp Stadium,12,48,-36,60,0,False,9,0.21269377323541713,bet365,0.20689655172413796,0.10714285714285714,True,0.11941964285714286,20.5,45.5,False,-1.3087638322615027,-5.7138454562438525,22.37206158547363,0.6521012607373535,-4.517550042056953,-341.8786076050153,-218.0570073450931,-0.9381449593836804,-6.24055782671422,-0.2689789291946063,2.2878661379638254,4.683343102389831,-0.9791666666666661,0,1,1,1,0,0,0,0,-69.5087847076685,-22.698543962287232,-17.99034076202247,-36.26834363387982,7.448443650521,9.780180470269642,0,0,1,3,97.69460810186455,0,0,0,0,0,-3.473243596672837,0.24859208861493537,-0.5809016105126018,0,0,-0.6366034010729923,2.836640195599844,0.025151112168682932,-1.3437347467010945,13.5,42.5
20211111110,2021,11,Round 11,2021-05-20 09:50:00+00:00,Cowboys,Knights,Queensland Country Bank Stadium,36,20,16,56,1,False,10,0.5034157245565984,bet365,0.5618556701030928,0.6682027649769585,True,0.6651053864168619,-6.5,47.5,False,0.013663110775564537,2.0501041208038764,-2.1918065961241027,5.550027684018431,1.5809064602329173,83.98527083341014,56.236623135076854,-1.185797641336003,-2.2772994741213566,-1.4477726613137722,-0.6866391646228793,9.683686392643907,-1.072916666666667,0,1,0,0,0,1,0,0,-32.526533020009765,-10.842002579432915,-28.21863670827861,6.758413271406013,-0.22430700370419743,7.6105875245840195,-1,-1,1,3,78.15221061605902,0,-2,1,0,-1,0.15478537827718575,-0.025482493099422632,-0.10393940903084442,0,0,0.2834543836288361,0.1286690053516506,0.18210369887324918,0.24869662573882734,-2.5,47.5
20211111120,2021,11,Round 11,2021-05-21 08:00:00+00:00,Warriors,Wests Tigers,Industree Group Stadium,30,26,4,56,1,False,10,0.6387034478791975,bet365,0.6712962962962963,0.6411483253588518,True,0.6435406698564593,-6.5,48.5,False,0.5697411637028571,-3.8710948689171687,-0.25161587166173405,-12.580713416770891,-8.559791792589934,-97.8615299246976,-74.42480170359983,-0.19323145016503762,1.1029611305874134,-0.004979257492397693,-0.8400328872707714,-4.000397610057512,-1.8263888888888893,1,0,0,0,0,1,0,0,36.32463172113853,26.375141580548814,0.1494527937607586,-7.727985471494378,17.52802281832338,11.67367413875445,1,0,0,3,108.52328832531698,1,1,1,0,0,0.8110285706439824,-0.05630333484979089,-0.07289170357088308,0,0,0.11494274383774228,-0.6960858268062403,0.6943694925885502,0.714053865379259,-7.5,47.5
20211111130,2021,11,Round 11,2021-05-21 09:55:00+00:00,Sharks,Dragons,Jubilee Stadium,13,12,1,25,1,False,10,0.539020275551684,bet365,0.38118811881188125,0.6986899563318778,True,0.6758620689655173,-7.5,46.5,False,0.15639912682501045,-3.6826237614892783,6.466982146106545,-0.34106876740908376,0.5348137528325623,-10.894654596799683,25.535238522791815,0.3768040115967821,4.720208580115273,-0.3886194361758051,-0.5030334463038217,1.8257175374682078,0.9409722222222223,0,0,0,1,0,-1,0,0,7.501502586547872,-8.893638331344818,29.92866203972443,2.726367274931903,-16.25988839676367,7.567407120546619,-1,0,-4,-4,-146.98364956861954,-1,-2,-2,0,0,-1.4046122613378649,-0.016296779659055197,-0.07100188668234747,0,0,-0.40328732795392014,1.001324933383945,0.15646469787900114,-0.48450831544861694,5.5,44.5
20211111140,2021,11,Round 11,2021-05-22 05:00:00+00:00,Titans,Bulldogs,Cbus Super Stadium,30,20,10,50,1,False,10,0.7007207657439237,bet365,0.8013355592654424,0.8116883116883117,True,0.802675585284281,-14.5,48.5,False,0.8507324392339262,8.395756493341473,7.276494787690233,-4.24523678886996,1.5101164810372438,32.377468413170845,-123.61562410021975,1.6164617948526878,2.386898127842702,2.203678942504446,0.7337384982710473,-3.7545048946925625,-1.1423611111111107,0,1,0,1,0,1,0,0,-36.28423522550372,6.087613817620934,1.0999228325254364,-17.393728462080986,-26.078043413569205,-4.929692655122608,0,0,-1,1,78.01497507186212,0,-1,1,0,-1,1.2399599175528164,-0.7872605675435396,0.6366500406888693,0,0,1.4920839649629967,0.25212404741018035,0.8332081753227919,1.3946626107904074,-13.5,46.5
20211111150,2021,11,Round 11,2021-05-22 07:30:00+00:00,Roosters,Broncos,Sydney Cricket Ground,16,34,-18,50,0,False,10,0.8520127981244128,bet365,0.7809694793536804,0.949050949050949,True,0.9182539682539683,-26.5,51.5,False,1.750475751777843,13.21804016181255,-17.167098792432608,0.49766488036623,2.1328572437155344,87.31455542499589,39.03975419099453,2.588682444174073,4.527748510808461,0.43268895392672313,-0.36526184635737824,-6.69098918468428,-0.9861111111111107,0,1,0,0,0,0,0,0,49.60707305424967,4.6632443262467405,-6.076853154851108,36.04503337473807,14.975648508115981,9.45745593918005,-1,0,-3,-3,-88.52201778602844,-1,-1,0,0,0,3.4597087615644666,-0.9016157263113642,1.310406683746205,0,0,1.5755621277126188,-1.8841466338518473,-0.11387483425123635,1.2713249863554275,-12.5,48.5
20211111160,2021,11,Round 11,2021-05-22 09:35:00+00:00,Raiders,Storm,GIO Stadium,10,34,-24,44,0,False,10,0.3183886375988544,bet365,0.22651933701657456,0.23148148148148148,True,0.22735674676524953,10.5,46.5,False,-0.7611868781654105,-17.183490387860495,13.577530256465053,3.8170712224064545,1.4843801943157189,19.0609682053946,118.95753950817834,-3.4328612061866,-0.42677263026326173,4.045814615778955,-0.2780717223122089,7.097637021642207,1.0451388888888893,0,1,0,0,0,0,0,0,-13.804807727909292,17.842902419809576,9.13808592570686,-46.474428652138656,5.688632578712912,26.455618177781872,-2,-1,0,1,-2.6335349033197986,1,0,-1,0,0,-3.5057594858035337,0.9698716309274412,-1.238099053852596,0,0,-1.8680113944837697,1.6377480913197635,0.19420496497006212,-1.2280703559049966,11.5,45.5
20211111170,2021,11,Round 11,2021-05-23 04:00:00+00:00,Rabbitohs,Panthers,Apex Oval,12,56,-44,68,0,False,10,0.40230357197139155,bet365,0.3181818181818181,0.28723404255319146,True,0.28205128205128205,8.5,49.5,False,-0.3958760218266797,-11.772592521902695,17.50520269476778,-1.407270705689342,-6.261148154612293,-419.0362616655307,-111.1278057498057,-2.7067691371430573,-10.057038816877014,0.039501970666464103,-2.7639437039667856,7.513326578216411,1.0381944444444446,0,0,1,0,0,0,0,0,-49.37569421658236,-10.223392788842148,-36.13963004142562,-10.968412904621232,7.955741518306652,14.977236161160988,0,0,0,0,-14.298788023619892,-1,1,-1,0,0,-2.595365960479238,0.29300678031201866,-0.29415722488433627,0,0,-0.6113421594020186,1.9840238010772184,-0.6058444856028378,-0.7621400520468969,7.5,47.5
20211111180,2021,11,Round 11,2021-05-23 06:05:00+00:00,Eels,Sea Eagles,CommBank Stadium,6,28,-22,34,0,False,10,0.7619834235980627,bet365,0.6712962962962963,0.6557377049180328,True,0.6635514018691588,-6.5,50.5,False,1.163584481647963,-0.5529107224541292,-3.968508837388441,4.025409550130178,2.6824311640840506,64.00149223339577,94.03391478734477,-0.7308966457447026,4.9761180456557526,-1.0249962785235045,-0.39486690743655206,4.477229606761046,-1.739583333333334,0,0,0,0,0,0,0,0,45.53155100060155,-5.109867562353713,23.99033082891455,-4.1536775863361015,30.80476532037696,-27.49591972910693,-1,0,1,-1,-6.7999674887458355,0,0,-1,0,0,1.4956514559727259,-0.304801320692798,0.4468083146264953,0,0,0.49332780700405476,-1.002323648968671,0.717202926202558,0.714053865379259,-7.5,46.5
20211111210,2021,12,Round 12,2021-05-27 09:50:00+00:00,Broncos,Storm,Suncorp Stadium,12,40,-28,52,0,False,11,0.18308546977364473,bet365,0.15848527349228608,0.0966576332429991,True,0.11668484187568158,21.5,50.5,False,-1.4955813834696399,-15.501476485113216,18.451154472652576,4.420348729385481,-2.4531913024351297,-173.8894073299855,-37.46894288780675,-3.5444456303497236,-2.8567861285432485,3.7325106101596868,0.9539292945273234,13.846607601361914,0.08680555555555536,0,1,0,1,0,0,0,0,-62.35900612395653,-38.920007706549654,17.35506128442475,-25.979364621338476,-14.814695080493138,-32.06790370033846,0,0,2,3,52.643849396021864,0,1,0,0,-1,-4.578615606292704,0.7851072138966781,-1.4833863891906187,0,0,-2.2983503040875717,2.280265302205134,0.2685059361282216,-1.669541836503806,16.5,50.5
20211111220,2021,12,Round 12,2021-05-28 08:00:00+00:00,Cowboys,Warriors,Queensland Country Bank Stadium,29,28,1,57,1,False,11,0.4908490464682005,bet365,0.5555555555555556,0.39205955334987597,True,0.40759493670886077,3.5,50.5,False,-0.036607901884216296,1.1075782395363092,-1.010245410917399,9.501749602847497,4.712263158320113,192.30311749189718,75.0738582869609,0.6015001335568346,0.008686987651792322,-0.10624497582087145,0.37880661891194567,5.638575364172883,0.9236111111111107,0,1,0,0,0,0,0,0,-38.91297282785695,-12.260026825537409,-5.834331405639574,-0.938198084154152,-19.880416512525898,0.7016696059676235,0,0,3,1,23.06487186054548,1,1,2,1,0,-0.7583492345933538,-0.08538947458024915,-0.029470605398338928,0,0,-0.28798208127171754,0.4703671533216363,0.7924510148343644,0.22314355131420993,-2.5,50.5
20211111230,2021,12,Round 12,2021-05-28 09:55:00+00:00,Wests Tigers,Dragons,CommBank Stadium,34,18,16,52,1,False,11,0.49640467135866323,bet365,0.6341463414634148,0.6157635467980296,True,0.625916870415648,-4.5,47.5,False,-0.014381562437640468,7.036437999564342,4.404741592067769,2.821775046917466,3.861994662760708,55.865468885735936,20.175396358354874,1.6988208690808158,1.4135545270375118,-0.6849093882912207,-0.7461360871302394,-9.186956769440716,0.07986111111111072,0,0,0,0,0,0,0,0,34.96929419355183,-2.4046642516185557,34.390869288189464,15.542569653425005,-12.559480496444095,5.403354877792424,0,0,-3,-3,-128.08220644732492,-1,-1,0,-1,0,-1.1556431130207807,-0.06760298077643351,-0.022656325451508558,0,0,0.17330451250699422,1.3289476255277748,0.13773500523432136,0.5500463369192725,-5.5,49.5
20211111240,2021,12,Round 12,2021-05-29 05:00:00+00:00,Panthers,Bulldogs,BlueBet Stadium,30,4,26,34,1,False,11,0.9171847928263654,bet365,0.9439200444197667,0.9666666666666666,False,0.9443219404630651,-37.5,52.5,False,2.4046972648040508,26.54484925863364,-18.706616776891487,1.2880445075738294,7.5876087324026,336.0852364201296,92.8342518391762,3.7148936082537976,13.011334288619388,-0.04381150576488224,1.5200855916406333,-9.193698956611946,-0.958333333333333,0,0,0,0,0,0,0,0,79.3381593073251,50.662315219181636,14.36728492865356,12.741898036505859,1.5666611229839305,8.066242144975405,-1,0,-1,-4,-137.28853822985306,-1,0,-2,1,-1,6.970202144604613,-0.69331224602116,1.6279307509229988,0,0,3.4624283978388615,-3.507773746765752,-0.6320096615027263,2.823263013203047,-26.5,50.5
20211111250,2021,12,Round 12,2021-05-29 07:30:00+00:00,Rabbitohs,Eels,Accor Stadium,38,20,18,58,1,False,11,0.5761923374075608,bet365,0.5235602094240838,0.5904522613065327,True,0.583756345177665,-3.5,49.5,False,0.3071617977163143,-3.5348358468036984,15.742579563139,-3.2595646176419564,-8.274284144449048,-351.7399897291532,-63.8406860984835,-1.6468447400147266,-7.531720423406025,-1.4197244269001423,0.8657579977918708,-0.9474498100185755,0.08680555555555536,0,0,0,0,0,0,0,0,-25.703321072788867,4.28721848084669,-14.343609011113898,-5.451709766960562,-10.195220775561125,22.51717821156626,0,0,0,1,1.546472978619434,1,1,1,0,0,-1.3020461824674707,0.4973402269082191,-0.37940573242061293,0,0,-0.09666588412220178,1.2053802983452688,0.5923984347775337,0.09431067947124142,-1.5,49.5
20211111260,2021,12,Round 12,2021-05-29 09:35:00+00:00,Roosters,Raiders,Industree Group Stadium,44,16,28,60,1,False,11,0.6129286000032614,bet365,0.7619047619047619,0.7400000000000001,True,0.7424547283702212,-9.5,49.5,False,0.459639280683726,7.928188193224674,-5.223580562274321,-0.23637008635752466,-1.4185648385781349,8.577440684015528,-30.553075257223725,3.328085548479329,5.5393004007936995,0.8659922802652371,2.8916506344950585,-0.8595539745855802,0.08680555555555536,0,1,1,0,0,0,0,0,-29.077616240680413,-9.113245151919529,2.3241098165724736,13.974962631022322,-36.26344353635564,-1.1000616228357103,-1,0,1,0,14.8729945103847,0,0,1,1,0,2.3550810862771514,-0.4025272605721162,0.5825310670585842,0,0,1.1736175909412794,-1.181463495335872,-0.14003359317629172,1.1631508098056806,-11.5,49.5
20211111270,2021,12,Round 12,2021-05-30 04:00:00+00:00,Sharks,Titans,C.ex Coffs International Stadium,38,10,28,48,1,False,11,0.4972378018617063,bet365,0.423076923076923,0.40954773869346733,True,0.41624365482233505,3.5,54.5,False,-0.011048904954431095,-9.534437787149274,-3.980807171533815,-2.684001174205534,0.6424836818180921,-67.30715568286837,54.16881676596029,-1.1011601869585395,4.885694710901905,0.3179828828117959,-0.9372110014495458,6.8432727321890106,0.7951388888888884,0,1,1,0,0,0,0,0,-43.597585332876065,-13.668838438948171,-29.290806737539185,3.9132470112246267,-4.5511871676132785,-5.887475560122226,1,1,2,2,71.28441873742312,-1,1,2,0,1,-0.7505243762795032,-0.026488845080572476,-0.0680496673405439,0,0,-1.0880212762311885,-0.33749689995168497,1.0315487071795468,-0.3101549283038397,2.5,50.5
20211111280,2021,12,Round 12,2021-05-30 06:05:00+00:00,Knights,Sea Eagles,McDonald Jones Stadium,18,10,8,28,1,False,11,0.46215973128003723,bet365,0.33962264150943394,0.19093851132686082,True,0.19024390243902434,14.5,53.5,False,-0.15165104775946375,-13.629490178801476,15.06002237385407,-1.0525348399639824,-2.232162949611215,-150.34731248966864,9.707014241803563,-2.2996514855713945,-7.320756332884944,-0.5843747357843743,-0.349971621761453,0.18370946900200735,2.84375,0,0,0,0,0,0,0,0,-26.106780016233984,-19.77464015265511,22.256760446081387,-34.53877817492065,5.949877865260376,-23.703448057508524,1,1,-4,-1,7.671438413823239,0,1,0,0,1,-3.0343619048209174,0.4314971489787083,-0.7378196231617931,0,0,-1.5480162954760597,1.486345609344858,0.1790903403412396,-0.6649763035932491,6.5,51.5
20211111310,2021,13,Round 13,2021-06-03 09:50:00+00:00,Dragons,Broncos,Jubilee Stadium,52,24,28,76,1,False,12,0.6476328621080639,bet365,0.6547619047619047,0.7261410788381742,True,0.7221052631578948,-8.5,45.5,False,0.6086503275487603,-0.1788586298405228,-6.341402245425449,0.15595360306113548,0.7219195108008449,139.85142567305093,46.52635963412945,-0.27157149110585754,-0.23937419279621608,0.5639775540121779,-0.978234413127542,-5.290454359671799,-1.0034722222222223,0,1,0,0,0,1,0,1,41.12168540016478,30.63604371317888,13.0278446537923,-1.145737918281526,-1.3964650485249592,26.335430796019182,0,-1,-3,-1,-19.67470938983243,-1,0,1,1,0,1.097808621235377,-0.35798658051869864,0.7100862317221794,0,-1,0.18307949914133026,-0.9147291220940469,-0.38817191588476174,0.6400373552459965,-6.5,47.5
20211111320,2021,13,Round 13,2021-06-04 09:55:00+00:00,Wests Tigers,Panthers,Leichhardt Oval,26,6,20,32,1,False,12,0.21151015335154869,bet365,0.32870370370370366,0.35885167464114837,True,0.3566265060240964,6.5,48.5,False,-1.3158465258024825,-11.602861433609817,16.240961386724138,-2.7319116889120068,-2.2352448034431944,-254.31916810928396,-82.93720246113116,-1.7165654659837886,-4.9235864914410925,2.071396621979538,-2.1469560243539383,2.413162477012026,0.7951388888888893,0,0,0,0,0,0,0,1,35.94004807348904,6.740617621925281,32.2742921016559,-0.6821261453669649,-2.3927355047250956,43.82422494485067,-4,-1,-4,-5,-293.9498822100897,0,-1,-3,0,-1,-4.023363712692678,1.8642359474856196,-2.9387891081274087,0,-5,-1.2924619321299249,2.7309017805627525,0.2773435428188882,-0.714053865379259,7.5,47.5
20211111330,2021,13,Round 13,2021-06-05 09:35:00+00:00,Storm,Titans,Sunshine Coast Stadium,20,14,6,34,1,False,12,0.872330360143165,bet365,0.8270676691729323,0.8810572687224669,True,0.8989513822688274,-24.5,51.5,False,1.921722216600155,16.401551455676636,-21.9196836974151,-4.0360664079684625,1.9919229509960559,16.327047236522503,19.41120413754504,2.273508026386917,1.36144796581047,-2.110773157130156,-1.7485834277213321,-11.214844800690589,2.7569444444444446,1,0,0,0,0,0,0,1,65.73895788291611,49.37687949215319,18.680668963406134,2.346841101245701,-4.665431673888975,35.61009446569909,-3,0,0,-5,-191.8749308030071,1,0,-4,-1,0,4.170643220628529,-1.0688588598287443,1.7822228588786464,0,-1,1.8094545791366174,-2.361188641491911,0.9728180031447823,1.5649861498632662,-16.5,50.5
20211111340,2021,13,Round 13,2021-06-06 06:05:00+00:00,Knights,Eels,McDonald Jones Stadium,0,0,0,0,0,True,12,0.3782093052917668,bet365,0.27234927234927236,0.19224555735056542,True,0.19407894736842105,14.5,47.5,False,-0.4971557723470035,-5.5348854734020065,0.2921123269306847,-1.1321215949386527,-2.1874792313978304,38.89401544952443,1.3652577301941164,0.11805334997181127,-6.4618249549462625,0.799424310421113,-1.6811700831783067,-0.030630790897060223,-0.9409722222222223,0,0,0,0,0,0,0,1,-47.319222698335125,-16.41324436635466,-40.56272030933667,-5.75612156117063,15.412863538526793,-5.360257027810803,1,1,1,1,69.01076736234754,-1,-1,1,-1,0,-2.730169498630015,0.2580201366094854,-0.5399427413249459,0,0,-1.5181070232244636,1.2120624754055513,-0.4368623022436081,-0.9827358312823077,9.5,47.5
20211111410,2021,14,Round 14,2021-06-11 08:00:00+00:00,Sea Eagles,Cowboys,4 Pines Park,50,18,32,68,1,False,12,0.6682367478716431,bet365,0.7158119658119658,0.6234718826405868,True,0.6352657004830918,-5.5,49.5,False,0.700220905185026,-0.0044989135111279666,-9.230726901669183,-3.141060667382064,-0.9672848626414421,38.86784012863586,-22.76859340489898,0.24760700057956964,6.431815479673617,-0.272501381932706,1.9880609362698536,-5.684122270023835,-1.9201388888888893,0,1,0,0,0,0,0,1,15.377241090081498,3.8878831351898953,21.27218450289422,-3.4161893651377966,-6.366637182864878,-10.197612439580439,1,-1,2,1,28.451229889793524,0,-1,0,-1,0,1.682143619413465,-0.35408294710164834,0.6307284966595768,1,0,0.41992517604217444,-1.2622184433712906,0.4564301488083691,0.9237814036033127,-9.5,50.5
20211111420,2021,14,Round 14,2021-06-11 09:55:00+00:00,Sharks,Panthers,Jubilee Stadium,19,18,1,37,1,False,12,0.28945524939310374,bet365,0.17293233082706766,0.40954773869346733,True,0.38461538461538464,4.5,47.5,False,-0.8980312241106189,-7.80283116805764,8.713165339513138,-1.9571425621486185,-1.801696253596866,-90.26956010202093,-57.65954948628905,0.17392657836231162,5.716750853943935,-0.21471798473954706,-1.781993922228418,14.65173126711425,5.246527777777779,0,0,0,0,0,0,1,1,-13.164912706048767,3.011439449903577,-0.3497284507230347,10.42103985057318,-26.247663555802546,32.510103540787696,-1,0,-2,-1,-112.12387155008804,-1,0,0,-2,0,-3.2383735422993185,1.495852668646622,-1.9975958155571658,-1,-4,-1.3143078704713356,1.9240656718279825,-0.8199186154877887,-1.5649861498632667,15.5,48.5
20211111430,2021,14,Round 14,2021-06-12 05:00:00+00:00,Titans,Roosters,Cbus Super Stadium,34,35,-1,69,0,False,12,0.3347370261459755,bet365,0.2841880341880342,0.26,True,0.25396825396825395,10.5,51.5,False,-0.6868371849161581,-11.371640421465159,9.08882585139272,0.1981084806767086,1.9034274875892123,102.8954913853031,-8.587377545233835,-1.3700676985901952,2.8866133719205997,-0.3251006331026005,-2.386933482863723,0.3552134459463332,-7.000000000000001,0,1,0,0,0,0,-1,1,49.38251570873581,10.801784946586451,-24.1747560800992,-10.880075626501764,73.63556246875032,7.4526911849771125,-2,-1,1,3,83.12572533628372,-1,0,1,1,0,-2.430939403727363,0.4998166516216953,-0.9669015899555795,2,1,-1.0897100877318602,1.3412293159955029,0.7167201636360063,-0.9237814036033127,9.5,50.5
20211111440,2021,14,Round 14,2021-06-12 07:30:00+00:00,Rabbitohs,Knights,Accor Stadium,24,10,14,34,1,False,12,0.7943311676124549,bet365,0.7944732297063903,0.8576874205844981,True,0.8432732316227461,-16.5,51.5,False,1.351233196534149,13.267107553749256,12.81064084106205,21.974781861980674,10.945127454551695,295.6888481251449,136.26105492144825,2.6129732507383423,7.08502672330323,1.1129232036950345,2.3778619462951496,8.842248610386303,7.940972222222222,0,0,0,0,0,0,1,1,-7.090380291319775,-11.686017914273464,4.2399570775969835,-4.406500584137291,4.762181129494081,-14.736667003706486,0,-1,1,-1,-32.96694567822095,-1,0,3,0,0,1.6586705289794377,-0.29256340946266735,0.6090183991673215,1,3,1.4111475992136446,-0.24752292976579315,0.7352017133024848,1.3521029963716114,-13.5,51.5
20211111450,2021,14,Round 14,2021-06-12 09:35:00+00:00,Raiders,Broncos,GIO Stadium,38,16,22,54,1,False,12,0.7146481805856123,bet365,0.6818181818181818,0.7619047619047619,True,0.7455268389662029,-10.5,49.5,False,0.9180674934278916,-3.2406856108555644,-5.971777131539348,-1.6873623772731747,0.28559799457917023,113.46324547246854,37.54021553266085,0.6058914871294707,2.335702146088284,-0.11868374574882878,0.4715133889807941,-5.20340187246433,5.010416666666666,0,1,0,0,0,0,1,1,11.406459787157473,-7.796668983697003,-11.351284492448627,13.89901309648576,16.655400166817415,-15.669672693656793,-1,0,-2,-2,-23.080036223526406,0,0,0,0,0,0.3695484545995875,-0.19844162660383646,0.46371242097169996,0,-1,-0.11776629593312926,-0.48731475053271667,1.0348408888749936,0.7621400520468965,-7.5,49.5
20211111460,2021,14,Round 14,2021-06-13 04:00:00+00:00,Warriors,Storm,Central Coast Stadium,16,42,-26,58,0,False,12,0.24323599295276133,bet365,0.17293233082706766,0.14809960681520315,True,0.15826330532212884,17.5,51.5,False,-1.1350193207280725,-7.725735488623794,14.656342477695546,-0.6734815410322881,-2.7297470787449782,-41.23911420245349,-16.59783771117776,-1.7109302795399746,-3.611619296606193,1.1128236284185444,-0.8930074425525252,0.5225132241658486,6.232638888888889,1,1,0,0,0,0,1,1,-8.540328195373604,-38.13047845247968,30.68766683309198,1.9301089126909403,-3.0276254886767333,-32.776088066090665,0,0,0,-1,-53.481222386592975,0,1,0,-2,0,-3.8326201792138344,0.1401614007837529,-1.2105844385612734,-4,-1,-1.683588763540113,2.1490314156737207,0.5508388260776031,-1.5649861498632667,15.5,50.5
20211111470,2021,14,Round 14,2021-06-13 06:05:00+00:00,Eels,Wests Tigers,CommBank Stadium,40,12,28,52,1,False,13,0.7458940880358123,bet365,0.7619047619047619,0.7867132867132867,True,0.7931034482758621,-14.5,48.5,False,1.0768324606372135,-10.082439477588295,-1.6146840421305129,-21.988824100117746,-14.265331828584166,-462.1365548653496,-167.3797115117025,-1.4915153745605738,-6.393003170876106,-3.597966913539805,-2.067044859016649,-4.986166961625781,-1.8402777777777786,0,0,0,1,0,0,0,1,-13.753024604643542,-9.621300547984816,-3.862893579265858,-12.514708813568035,12.24587833617511,-37.15504478913374,0,0,0,0,45.07931815513099,0,0,0,0,0,1.4728637905010946,-0.16751734464922347,0.290047242771144,0,0,0.49435830685017346,-0.9785054836509212,0.5048794140613457,1.1631508098056806,-11.5,49.5
20211111480,2021,14,Round 14,2021-06-14 06:00:00+00:00,Bulldogs,Dragons,Accor Stadium,28,6,22,34,1,False,12,0.39170806293461385,bet365,0.2841880341880342,0.22586520947176686,True,0.2126537785588752,13.5,49.5,False,-0.4401381014493332,-15.030943201075189,3.5519566166106316,2.2108624603779106,-1.6681535229853495,-22.02218572366428,22.945940529942504,-0.9550657745216746,-2.18135889506134,-2.333962697751554,1.9516587567121881,0.4111898550583355,3.1597222222222214,0,0,0,0,0,0,1,1,-33.07429349108554,-38.541014483866604,-17.442193903748944,8.406710842817404,14.50220405371266,-20.171033255642698,2,0,0,1,57.18201364493581,-1,0,2,1,0,-2.8665189658864856,0.06647618412648915,-0.33480790973248575,-1,0,-1.9233399911617377,0.9431789747247473,-0.1994936546676064,-0.9237814036033127,9.5,48.5
20211111510,2021,15,Round 15,2021-06-17 09:50:00+00:00,Broncos,Rabbitohs,Suncorp Stadium,0,46,-46,46,0,False,13,0.23691239038230388,bet365,0.22651933701657456,0.10714285714285714,True,0.13276492082825825,20.5,52.5,False,-1.1696824352990771,-6.950125978243545,13.204150498512785,1.491393195502809,-0.3930796212905463,-162.86282115398694,-46.91220617766385,-3.761644646064714,3.2025357569405237,-0.3269561044532203,0.5495994500337336,10.433876074586912,-0.08680555555555536,0,1,0,0,0,0,0,0,-48.2906514296119,-28.654861405147074,15.444115117465628,-33.269969251640205,-1.8099358902901344,-14.149363305452141,0,0,2,1,32.71658429091153,-2,0,-1,-2,1,-3.4960431327739645,-0.3094961388269304,-0.5616666591002508,0,0,-1.6451096716506663,1.8509334611232982,1.6108812901855525,-1.2280703559049966,12.5,50.5
20211111520,2021,15,Round 15,2021-06-18 08:00:00+00:00,Cowboys,Sharks,Queensland Country Bank Stadium,24,26,-2,50,0,False,13,0.47568219760827746,bet365,0.5949367088607596,0.5194805194805195,True,0.5208333333333334,-1.5,53.5,False,-0.09734801442333366,2.4012943248225334,11.662425887697612,-8.295448301636611,-2.8930920539028264,-68.5054134107911,-31.35389348503992,-0.17696284915055038,-9.84624975545293,3.3046734945067335,-0.8933165803471432,-0.10854559580928935,0.07986111111111072,0,1,0,0,0,0,0,0,-7.826557776982327,-7.006926239325452,-0.28513117875033345,1.26091672269024,-1.7954170815968808,-16.844803115678758,0,0,0,-1,-39.33365063238803,1,1,-2,1,0,-1.3554173217491357,-0.36726889621489395,0.05532378048052977,0,0,0.05832721656971107,1.4137445383188467,0.6712956792159928,0.38441169891033233,-3.5,51.5
20211111530,2021,15,Round 15,2021-06-18 09:55:00+00:00,Panthers,Roosters,BlueBet Stadium,38,12,26,50,1,False,13,0.6648851677574674,bet365,0.7880910683012259,0.8219178082191781,True,0.8161648177496038,-16.5,43.5,False,0.6851410897789865,-5.249882561368903,-9.195652889191145,4.917979167651552,4.153149929787375,230.03933021040257,65.36875590663908,-1.4566525687809424,-1.44371174282211,-1.883041229646194,-0.8346949570367066,-13.187309441088985,0.7951388888888893,0,0,0,0,0,0,0,0,84.96771131365279,38.6853990004459,14.547961323383646,1.8202718480752935,29.914079141747877,14.228130574743375,1,0,-2,0,-3.142774321991425,1,1,0,4,0,2.677883928872327,0.7309923869135193,0.11886153227969631,0,0,0.5284902926038109,-2.1493936362685155,-0.17630675211387847,1.3134570371676242,-13.5,46.5
20211111540,2021,15,Round 15,2021-06-19 05:00:00+00:00,Knights,Warriors,McDonald Jones Stadium,10,6,4,16,1,False,13,0.518926465760799,bet365,0.5555555555555556,0.49350649350649356,True,0.5026178010471204,-1.5,48.5,False,0.07574205240178859,-9.92252917217888,-11.405365087475001,-9.667122021914373,-4.51484196727224,-164.0128660976386,-72.65953165759015,-1.23560384296536,-9.50598498612035,-1.0046594862111125,-1.2742297462466432,-8.356735256205098,0.8541666666666661,0,1,0,0,0,0,0,0,-19.068858784017266,3.2525412290733584,-11.607772466903356,-26.01249527763386,15.298867731446606,8.504852259637573,-1,0,1,0,1.3276489386033745,0,0,-1,-1,1,-0.5604719199168819,0.03976302780535501,-0.16910069966501695,0,0,-0.815144020178475,-0.2546721002615933,0.05591310412414341,0.22314355131420993,-2.5,49.5
20211111550,2021,15,Round 15,2021-06-19 07:30:00+00:00,Dragons,Raiders,WIN Stadium,22,20,2,42,1,False,13,0.4851770396830604,bet365,0.660377358490566,0.3498817966903074,True,0.358173076923077,4.5,45.5,False,-0.05930922058316372,-1.2050503952258822,-1.2555685006481383,-1.449866871814507,-0.7744477967397856,-99.8964887695945,-2.8724194446917863,-1.6325610066771001,-7.463957753734597,0.821497345949254,-0.8358944682146188,1.8338307458052334,-1.8506944444444446,0,1,0,0,0,1,0,0,6.234524826391748,23.434600707170517,5.55407899028242,-10.563509988275712,-12.190644882785463,8.875440249258247,1,0,1,-2,-96.07323948361798,0,0,2,0,0,0.25950434020203833,-0.4439278659803537,0.5309962791664654,0,0,-0.0738659987164039,-0.33337033891844214,0.27776312271269465,0.6649763035932489,-5.5,48.5
20211111560,2021,15,Round 15,2021-06-19 09:35:00+00:00,Storm,Wests Tigers,Sunshine Coast Stadium,66,16,50,82,1,False,14,0.8660623511620853,bet365,0.8810572687224669,0.9433962264150945,True,0.9137353433835845,-26.5,52.5,False,1.8665825205208688,12.272390877305252,-12.067759810905505,2.1499785639254583,-0.5552079721015843,-66.49856322814185,-60.630960990644894,2.0239886475281015,3.936718466261091,-4.238035640483058,-1.850679675298296,-3.879378545328237,0.08680555555555625,1,1,0,0,0,0,0,0,79.19298135450867,52.55306159404029,-19.416434018541764,23.69218431787357,22.36416946113671,22.988789102839178,-1,0,0,2,61.5711376151769,1,0,1,1,-1,5.079350847845535,0.4724317246668519,0.4013447933816198,0,0,2.372174746296011,-2.7071761015495235,0.7758890802119454,2.002480500543707,-19.5,50.5
20211111570,2021,15,Round 15,2021-06-20 04:00:00+00:00,Eels,Bulldogs,CommBank Stadium,36,10,26,46,1,False,13,0.8487410264418243,bet365,0.8996212121212122,0.8800880088008802,True,0.8783783783783784,-20.5,48.5,False,1.7247606816804075,6.553755574926619,-6.376776275169416,-20.391257511535713,-7.689677411156339,-223.32022399124162,-94.87422800410684,1.145546520774261,2.1015786247961223,1.4831058122317078,-1.7138466377400734,-6.287819289410198,0.9965277777777777,0,0,0,1,0,-1,0,0,8.121624192327431,10.11297548796884,11.370837089477476,-0.5861523615021156,-12.776036023616683,-19.22199081720774,-1,0,2,2,73.59808724664973,0,1,2,0,0,3.430624244105899,-0.4756513337693944,0.8925583219863024,0,0,2.232395442106282,-1.1982288019996163,-0.8819548035296135,2.1930228904825197,-20.5,50.5
20211111580,2021,15,Round 15,2021-06-20 06:05:00+00:00,Titans,Sea Eagles,Cbus Super Stadium,24,56,-32,80,0,False,13,0.4548645634724276,bet365,0.40506329113924056,0.30131004366812225,True,0.31011235955056177,8.5,52.5,False,-0.18103455923778355,-9.411633434808188,14.109218011171219,-0.268022501581072,1.5059482697065434,-59.89305154340536,2.1571128255109215,-1.0746712088771346,3.8171379542057906,0.12273825911778324,-0.6955602461198342,8.001286786081067,-0.875,0,1,0,0,0,0,0,0,19.656799821877257,-43.25474889986373,25.48918119479879,-15.220686965128891,52.64305449207109,-23.456605388595932,-1,0,1,3,83.76374387139344,-1,0,3,1,0,-2.4831510913503947,0.1999403816833446,-0.6177233305249479,0,0,-0.8536914318343344,1.6294596595160602,1.1863432115024402,-0.3844116989103319,4.5,51.5
20211111610,2021,16,Round 16,2021-07-01 09:50:00+00:00,Roosters,Storm,McDonald Jones Stadium,0,46,-46,46,0,False,14,0.30391107704849607,bet365,0.27234927234927236,0.2409867172675522,True,0.2309124767225326,12.5,47.5,False,-0.8287422661267787,-17.907162851904307,14.184886117152077,-6.070439309394658,-6.256822679891009,-177.22913089502413,-46.27291383900058,-2.986666635699943,-1.2108989382286026,2.7660036601580895,1.3710970494644839,14.086569233369435,0.9861111111111125,0,1,1,0,0,0,0,1,-24.59849143772692,-53.57518776632915,42.328840597035395,-7.637637750654079,-5.7145065177790855,-10.57769453956783,2,1,0,0,-14.551924337117725,-1,0,0,-1,1,-3.6011767623400437,-0.3110027420870364,-0.355377463052673,-2,0,-1.9384894363047405,1.662687326035305,1.3259722241668397,-0.9827358312823077,9.5,48.5
20211111620,2021,16,Round 16,2021-07-02 08:00:00+00:00,Warriors,Dragons,Central Coast Stadium,18,19,-1,37,0,False,14,0.5826557188918823,bet365,0.586734693877551,0.49350649350649356,True,0.5039164490861618,1.5,48.5,False,0.3336849829486492,-4.121241928054115,0.61256766118969,-4.291625258770921,-3.8343919947486,-12.362779167298868,55.15334170296677,-0.49853645095804566,-1.2583464761792484,-0.30616016089035547,0.15069353822581277,3.349894424600077,0.10416666666666607,1,0,0,0,0,0,0,1,-49.701049085338695,-24.592312633128074,-12.228102545692082,-11.891520701223754,-0.9891132052947569,-23.001096006467037,2,1,0,3,172.77600312607078,0,2,-1,2,1,-0.5359486130549775,-0.0806787707582372,-0.24926722082691757,-3,0,-0.23227819698420532,0.3036704160707723,-0.5978177106375122,0.35048297369081105,-3.5,50.5
20211111630,2021,16,Round 16,2021-07-02 09:55:00+00:00,Panthers,Eels,BlueBet Stadium,13,12,1,25,1,False,15,0.6644869734790385,bet365,0.7519531249999999,0.6234718826405868,True,0.6310679611650486,-5.5,44.5,False,0.6833544916242001,2.5387305766156842,-0.17944742264629276,14.237706060159198,6.979121488141772,301.2880265746262,62.14169044370078,-0.06534730671698519,3.0968625840625563,-0.7909048626180066,2.385138056478589,9.174734427574371,1.7534722222222214,0,0,0,0,0,0,0,1,-17.721865663697372,-38.538468658791004,-3.4058000996015494,25.014843791406832,-0.7924406967117079,-42.377322329365455,2,1,1,4,165.44289379098976,1,1,-2,0,1,1.561476619193416,0.029893229438754165,0.7478860718066879,4,1,0.3466841829601526,-1.2147924362332634,-0.8900323380740893,1.1090562478291923,-10.5,45.5
20211111640,2021,16,Round 16,2021-07-03 05:00:00+00:00,Bulldogs,Sea Eagles,CommBank Stadium,0,66,-66,66,0,False,14,0.33011318756081365,bet365,0.14586070959264127,0.06425452276980662,True,0.08510638297872342,27.5,50.5,False,-0.7076731731951421,-24.25798556543203,7.402739312756786,0.8131058622754637,-2.007254974202418,-267.55455089287557,23.586632503234796,-5.004831631658055,-13.273406844622766,-1.2374990469542215,-0.8729128058251874,-1.9567232835861716,0.08680555555555536,0,0,0,0,0,0,0,1,-62.536444692371106,-25.80879415647496,-6.865299571054834,-33.34138137898009,3.4790304141387907,2.998122775430744,1,0,2,7,227.64104732244567,1,2,3,0,0,-4.148947551192055,0.22738801451488078,-1.130297579597219,-2,0,-2.903672757872491,1.2452747933195654,0.25603000011444044,-1.7674421615773486,19.5,50.5
20211111650,2021,16,Round 16,2021-07-03 07:30:00+00:00,Raiders,Titans,GIO Stadium,6,44,-38,50,0,False,14,0.6837314930990616,bet365,0.6474820143884892,0.6157635467980296,True,0.6200980392156863,-4.5,50.5,False,0.7709737284299635,-1.4955873189407605,-12.243722897112065,-5.781698901818459,-4.943962698267768,-64.83641713682209,-29.078934467729084,0.5182249378815387,-11.024985102581098,1.4829258768507305,1.347688134662592,-4.293638793636767,0.9409722222222214,0,1,0,0,0,0,0,1,-27.742170572360124,13.2101055029282,-26.327111335247878,-13.047944769478107,-1.5772199705623962,10.543775042171092,-1,0,0,-1,-45.52557131921813,-1,0,-2,-2,0,0.7443986671553573,0.1804553945765992,-0.08464114108190596,-1,0,-0.3310094133309251,-1.0754080804862831,1.6450474397003787,0.6079893722196383,-5.5,50.5
20211111660,2021,16,Round 16,2021-07-03 09:35:00+00:00,Knights,Cowboys,McDonald Jones Stadium,38,0,38,38,1,False,14,0.6142883747320578,bet365,0.586734693877551,0.6888888888888889,True,0.675115207373272,-7.5,50.5,False,0.4653744781162892,-12.045093081999603,-14.979690291739654,-6.338669375291431,-2.423233751521032,-280.737731429763,-56.44261674046561,-2.139680636213171,-8.151755670717087,-3.168690822577588,-0.8791169539195947,-19.889860228256154,0.0,0,1,0,0,0,0,0,1,27.50946189146555,19.641959373611115,13.790740479461022,-23.739668215740735,17.816430254134204,9.270887828757623,1,0,-1,3,63.69239738388852,0,0,-1,0,0,0.43937219297983976,0.14097342811201874,-0.15887059141754198,-2,0,-0.9141665581158351,-1.3535387510956747,-0.33141291816176,0.35048297369081105,-3.5,50.5
20211111670,2021,16,Round 16,2021-07-04 04:00:00+00:00,Broncos,Sharks,Suncorp Stadium,26,18,8,44,1,False,14,0.39487670709913314,bet365,0.30803571428571425,0.23148148148148148,True,0.23148148148148148,13.5,53.5,False,-0.42685864493634135,-9.096754694775193,18.461048372421885,-10.64014656233563,-5.716862777398077,-461.75134381014277,-100.94847623349472,-3.1708424946636953,-7.894701014907966,2.464843641590754,-0.4012302376663408,-8.248170799340343,0.0,0,1,0,1,0,0,0,1,-61.15265333132561,-2.961406136943822,-15.182386146948033,-24.590422430026337,-18.418438617407404,-1.553338875284794,0,1,0,6,216.1770357106052,1,2,2,3,0,-1.9031819391124434,0.47771773456993805,-1.3102256887297357,1,1,-0.5790247600705124,1.3241571790419304,0.06000986994134619,-0.8093186123219875,7.5,51.5
20211111680,2021,16,Round 16,2021-07-04 06:05:00+00:00,Wests Tigers,Rabbitohs,Leichhardt Oval,22,38,-16,60,0,False,14,0.31503307561940064,bet365,0.13580246913580246,0.14122137404580154,True,0.12914691943127962,20.5,53.5,False,-0.7766929162410082,-10.628152271582849,19.160914050497507,1.1544390409367935,-3.8353624799404997,-307.70088411561164,-59.069656889153805,-3.2274396416256144,-3.1410379075990242,-0.0030477830314996623,2.903070758377699,7.023366065099239,0.0,0,0,0,0,0,0,0,1,-81.82697401680161,-28.509216950415976,-1.122651292526001,-40.55498687637778,-11.640118897481827,-14.967956904542405,0,0,0,0,-21.47896345099477,0,1,-1,1,0,-3.444387629834004,-0.3466065967425249,-0.1827491993657251,-5,0,-1.3775849605550639,2.06680266927894,1.7623675698516459,-1.8505999692509887,19.5,53.5
20211111710,2021,17,Round 17,2021-07-08 09:50:00+00:00,Sea Eagles,Raiders,4 Pines Park,16,30,-14,46,0,False,15,0.6824851476766386,bet365,0.6265356265356266,0.8077544426494345,True,0.8013355592654424,-15.5,47.5,False,0.7652161689665145,29.54359983741084,-17.555105079190987,1.5726535531259884,4.803877299932822,307.03267119130464,51.42520174964784,5.443447089715807,8.335633259901911,-0.22389514628000207,1.0657126824450032,-14.852139017851833,0.10416666666666696,0,1,0,0,0,0,0,1,32.30615807823949,13.170740537167944,11.107788921873095,20.657382995704666,-12.62975437650617,-15.008211942635256,0,1,-2,0,22.038961443594616,-1,1,1,0,0,3.8620897790789046,-0.7427883459383442,1.1289526023465726,0,0,2.515735499774198,-1.3463542793047072,1.4224423258704477,0.5173830243121499,-6.5,48.5
20211111720,2021,17,Round 17,2021-07-09 09:55:00+00:00,Rabbitohs,Cowboys,McDonald Jones Stadium,46,18,28,64,1,False,15,0.812639108773696,bet365,0.8090614886731391,0.8391608391608392,True,0.8335766423357664,-16.5,46.5,False,1.4672504537506301,16.476211775885577,-13.867912584091716,-1.5572194291510755,5.348246830018397,118.1818128727441,41.3766494570466,3.8670551034112703,-0.6167690930401797,-0.41170218970737693,-1.7846965318466665,-8.506515100945972,-0.854166666666667,0,1,1,0,0,1,0,1,-6.950824189499713,-4.949292716856036,-15.015839691696158,20.462929903188694,-7.448621684136214,-17.630098652142465,1,0,1,3,162.89142958541618,1,0,0,1,-1,3.528850839621823,-0.7661853522304696,1.4052707201304198,0,1,1.7216264090024698,-1.8072244306193535,1.2204318031307344,1.4439234739565265,-15.5,47.5
20211111730,2021,17,Round 17,2021-07-10 09:35:00+00:00,Bulldogs,Roosters,CommBank Stadium,16,22,-6,38,0,False,15,0.2538598615160095,bet365,0.19093851132686082,0.07407407407407408,True,0.09316770186335403,24.5,46.5,False,-1.0781310473106118,-7.835643338549735,4.404260090654631,5.600228670900194,0.6081924783393973,15.487916835289752,4.4309271885535395,-1.9748535000772567,-10.83719284964582,-1.968816446026885,-0.9694089787584996,-6.400060382797399,-1.7986111111111116,0,0,0,0,0,0,0,1,-39.57456998339774,2.736380607618486,8.001675242193357,-33.740782004426094,-16.571843828783457,-2.6210137390378065,0,0,1,0,13.279972988024895,1,-1,0,3,-1,-2.925342256759537,-0.1538479575297953,-0.8182421968895821,0,-2,-1.7527442020727058,1.1725980546868309,0.029996531535254313,-1.4439234739565272,15.5,49.5
20211111740,2021,17,Round 17,2021-07-11 06:05:00+00:00,Sharks,Warriors,Jubilee Stadium,20,12,8,32,1,False,15,0.5974727289618548,bet365,0.6712962962962963,0.558974358974359,True,0.570694087403599,-2.5,48.5,False,0.3949457921637484,3.5404626621418522,-0.29399212588627677,7.542073165882769,5.597335376918373,238.37008740552074,34.34389044086811,2.3351591310630764,8.649348320579847,-2.1393703209740913,0.10706661713670051,7.631436050593269,-1.833333333333334,0,1,0,0,0,0,0,1,-12.024188212238528,-21.32651516622326,-14.355921614105938,19.28808517812959,4.370163389961178,-6.0520959989337655,-2,-1,1,-2,-93.50432197818779,-1,-1,-1,-2,0,0.3796275751716035,0.16676098194673272,0.25374673576664275,0,0,0.17017081950889845,-0.20945675566270522,-0.6342934362976158,0.714053865379259,-7.5,50.5
20211111810,2021,18,Round 18,2021-07-16 08:00:00+00:00,Titans,Eels,Cbus Super Stadium,8,26,-18,34,0,False,16,0.3317604718955472,bet365,0.413265306122449,0.4336734693877551,True,0.4137055837563452,2.5,49.5,False,-0.7002334459331723,6.487648358096962,15.001101657388336,14.216778981004566,6.370297267727679,164.36915494788855,2.0867629209637926,2.360482936056062,15.948126995857923,-2.463198411927559,1.5103899590691325,10.810468710465262,-0.8993055555555554,0,1,0,1,0,0,0,1,30.514700762957204,-12.05679454833043,-12.11552309212982,22.399354476143728,32.2876639272737,14.07774751277708,-2,-1,0,1,4.753564101524745,0,0,-1,-1,-1,-2.277675226747101,0.35855631617206823,-0.5524942553024121,3,-2,-0.18576298153598825,2.091912245211113,0.9937830008028077,-0.3504829736908114,3.5,49.5
20211111820,2021,18,Round 18,2021-07-16 10:05:00+00:00,Sea Eagles,Dragons,Cbus Super Stadium,32,18,14,50,1,False,16,0.5980236684461423,bet365,0.8810572687224669,0.6627906976744187,True,0.6758620689655173,-7.5,47.5,False,0.39723712235474434,17.23240077414357,-4.324727837853864,-0.17084317216476563,-1.8859485065021389,-14.63295883622618,-20.770633445906924,3.997630620886018,10.44821162835435,-0.008343950521974008,0.989719591262002,-4.5501049768112125,-5.989583333333334,1,1,1,0,0,0,-1,1,-32.91976457110832,-13.23174931246973,-6.151424094526419,-5.035475838192298,-8.50111532591994,-14.890447886777253,0,1,-1,-2,-15.997944990464362,-1,0,-2,1,0,2.3669418507918683,-0.22857609306644883,0.5651365228664136,-2,2,1.952232268816674,-0.41470958197519414,0.7657886665329662,2.002480500543707,-22.5,49.5
20211111840,2021,18,Round 18,2021-07-17 05:00:00+00:00,Cowboys,Roosters,Queensland Country Bank Stadium,18,34,-16,52,0,False,16,0.29631995044966536,bet365,0.32870370370370366,0.28723404255319146,True,0.29475982532751094,9.5,51.5,False,-0.8648839935436005,-2.35871894502878,8.252459271507234,4.393794421666044,-3.0985045885460423,-33.7244056077061,-28.552358937955717,-0.4576049059615208,-3.135254905154394,-0.6031947141646192,-0.1323433138707335,-2.3475806394583856,0.9861111111111116,0,1,0,0,0,0,0,1,-27.161328440293573,12.479409084986798,-6.468571729957006,-9.772075586167801,-23.400090209155508,-3.4862370295935534,1,0,0,-3,-92.57718390842815,1,0,-1,0,0,-3.2127271592474744,-0.3415539295263062,-0.13696191062758817,1,0,-1.1236991229781774,2.0890280362692972,1.1855854735806177,-0.714053865379259,8.5,50.5
20211111830,2021,18,Round 18,2021-07-17 07:30:00+00:00,Raiders,Sharks,Cbus Super Stadium,34,18,16,52,1,False,16,0.580420752622984,bet365,0.3452380952380952,0.44102564102564096,True,0.45077720207253885,2.5,49.5,False,0.3245008589071635,0.12954893465875372,6.891471698877435,-1.252303633759638,-1.899482780383444,-135.64467627952217,-57.256663339490956,-1.2326530097905488,-0.617740483947145,0.09631658469623439,1.2533064668770217,0.7079819244139358,2.843750000000001,1,1,0,0,0,0,0,1,-7.7587473988389775,6.156851386220609,-0.8881343993866437,-29.253823244363616,16.226358858690645,5.997499384032295,1,0,1,1,45.95569957252316,0,0,1,2,0,-0.6142456943853312,0.24820299961644554,-0.3494439568317788,2,0,0.09354661566036876,0.7077923100456998,-0.5702506956913249,-0.6400373552459971,7.5,48.5
20211111850,2021,18,Round 18,2021-07-17 09:35:00+00:00,Storm,Knights,Cbus Super Stadium,48,4,44,52,1,False,16,0.845118684646964,bet365,0.8415147265077139,0.8284023668639054,True,0.8352601156069365,-15.5,49.5,False,1.6968179564819383,25.382389332971655,-1.271439998261858,6.76947972730045,4.423661017830213,92.79049808278,45.62725292704238,4.245180633998352,9.991253016463073,0.7892491444158214,-0.10899085739875147,3.7175350344465343,0.0,1,1,1,0,0,0,0,1,-17.77345872562296,31.05070912615915,-23.545489764347366,-1.4650109423887443,-23.81366714504601,6.423253979332003,-1,-1,0,-1,-20.158892125444524,-1,1,0,-1,0,4.923445471916109,-0.12743558116934878,0.9905997957166026,2,1,3.3960989875343595,-1.52734648438175,-0.6270471476588724,1.6695418365038057,-18.5,49.5
20211111860,2021,18,Round 18,2021-07-18 03:50:00+00:00,Warriors,Panthers,Suncorp Stadium,16,30,-14,46,0,False,16,0.24268568152554554,bet365,0.21190893169877406,0.27536231884057966,True,0.2802547770700637,9.5,47.5,False,-1.1380112688158683,-8.843572735264488,8.868158203416195,-4.863827509030884,-8.16130284885265,-267.0041133237021,-73.31395381168466,-0.830462297211044,-3.747920242713114,-0.3467201535941271,0.6701625843870733,-2.6684894202131417,-7.09375,1,1,0,1,0,0,-1,1,63.18489064921471,45.83527085770899,4.614414537451921,-4.921764862235079,17.656970116288818,42.77891849476816,-1,0,-1,2,69.69450666263245,1,1,1,1,-1,-4.438448444549124,-0.2830229185680657,-0.7685973037175589,-5,0,-1.805923991050714,2.6325244534984096,-1.8819383988327651,-1.3134570371676244,13.5,48.5
20211111870,2021,18,Round 18,2021-07-18 06:05:00+00:00,Broncos,Wests Tigers,Suncorp Stadium,24,42,-18,66,0,False,16,0.48315942677184165,bet365,0.5949367088607596,0.5194805194805195,True,0.53125,-1.5,51.5,False,-0.06738778263356572,-4.199343264299774,-3.2760863123386343,-0.10450074582075786,-0.11406742314991902,36.69306969789227,20.257812993444645,-0.9608311978514559,4.32652491203018,-0.2054536776577116,-3.099336536579105,-0.999406334975518,0.0,0,1,0,1,0,0,0,1,-0.8263822084140884,-6.631481749182399,14.327116201024467,6.088526187915107,-14.610542848171306,-3.7461898284286406,-1,0,-1,1,85.75622285920429,0,-2,0,0,0,-0.4017220906130685,0.3577023298164814,-0.4949104303229914,2,0,-0.6640381211478075,-0.26231603053473806,1.6244134563050636,0.38441169891033233,-3.5,51.5
20211111880,2021,18,Round 18,2021-07-18 08:15:00+00:00,Rabbitohs,Bulldogs,Cbus Super Stadium,32,24,8,56,1,False,16,0.8918062756209608,bet365,0.8881922675026124,0.9128630705394192,True,0.905829596412556,-25.5,51.5,False,2.109325564659351,24.721177565282154,-14.513378353311587,-2.4329542212277175,6.572962805510372,434.19980584761834,134.69458553953928,6.572329810815999,7.5936192067067765,1.651886897492174,-2.143262994647995,-7.280762580993077,0.9861111111111107,1,1,0,1,0,0,0,1,106.51049660686851,32.86067208748099,3.438414012318731,63.4839551571571,6.727455349911708,13.879704812741721,1,0,-1,-1,-27.240065009132422,0,0,-1,3,0,4.784412230798002,-0.2357342836414178,1.282864798403624,3,1,3.171559793030334,-1.6128524377676685,0.6459992947331854,2.0724075150224563,-25.5,51.5
20211111910,2021,19,Round 19,2021-07-22 09:50:00+00:00,Eels,Raiders,Cbus Super Stadium,10,12,-2,22,0,False,17,0.732868319942475,bet365,0.7346938775510204,0.7999999999999999,True,0.8010118043844856,-15.5,48.5,False,1.0092243198155246,-0.9997754683211824,-12.035735874835979,-7.804691645987361,-2.6588556041477602,-54.38255537532268,47.833307717896446,1.3359946966612952,-6.752186677203085,3.22491845920875,-2.5229904823392975,-9.868091828596306,0.979166666666667,1,1,0,1,0,-1,0,0,23.359642613939172,12.91388546399898,7.311132110711554,16.616572436968823,-13.481947397740214,-5.339124290873087,-2,0,-2,1,36.872533126947474,1,1,-1,2,1,2.3839154547519055,-0.6752113137057202,1.1227368263916757,0,0,0.7250754846719951,-1.6588399700799104,-0.5644404786045998,1.0185695809945734,-10.5,48.5
20211111920,2021,19,Round 19,2021-07-23 08:00:00+00:00,Roosters,Knights,Sunshine Coast Stadium,28,8,20,36,1,False,17,0.6980429848750594,bet365,0.7158119658119658,0.7400000000000001,True,0.7645951035781543,-12.5,48.5,False,0.837996010560735,8.899303388233834,3.6545477352245506,0.796403239710628,3.8075099283157883,165.92803321813858,92.99917862927089,3.356003702512145,14.092138480039072,1.862891233935116,0.30880792858627526,9.17494116601501,0.19097222222222232,1,1,1,1,0,-1,0,0,56.07881951836839,-6.735247501614651,3.8263156715033517,46.670892437245286,12.316858911234391,22.812904868695966,1,0,1,3,57.43504030662771,-1,0,-1,-1,0,1.8573972943788242,0.412906638508479,0.05233202312898551,0,0,1.5441092142250772,-0.3132880801537474,-0.9829343924523718,0.9237814036033127,-9.5,49.5
20211111930,2021,19,Round 19,2021-07-23 09:55:00+00:00,Cowboys,Storm,Queensland Country Bank Stadium,0,0,0,0,0,True,17,0.1296443344814804,bet365,0.13580246913580246,0.07341411261582324,True,0.06606217616580311,34.5,52.5,False,-1.9041071265808307,-28.058631096052185,27.6001900707739,-2.043371978599666,-7.279751219095829,-228.4397551322088,-43.70054413144203,-4.003128826030622,-3.8553671782591223,0.8682884778062299,0.8635561739634312,13.414144256082928,0.19097222222222143,0,1,0,0,0,0,0,0,-69.27955511054881,-45.96375366539053,9.806462441706344,-22.980688402969108,-10.141575483895494,-4.913193034230773,0,0,2,-1,-47.66900787037491,-2,0,0,-3,1,-7.014474976200509,1.1893904282743897,-2.457297450961992,0,0,-3.252534119988002,3.7619408562125045,1.3674738944605074,-1.8505999692509887,18.5,52.5
20211111940,2021,19,Round 19,2021-07-24 05:00:00+00:00,Rabbitohs,Warriors,Sunshine Coast Stadium,60,22,38,82,1,False,17,0.8263977149317449,bet365,0.7894736842105263,0.867224880382775,True,0.8582474226804123,-20.5,51.5,False,1.5603091877389808,19.515716426321404,-4.354567717581016,2.314365114108057,8.420722894547396,498.24247999130785,171.8956592864621,3.509833676181583,-1.3169498306630523,-0.48964718513872896,-1.626580386604196,-9.984095307814602,-0.18402777777777768,1,1,0,0,0,1,0,0,9.881520991363232,3.184964247320778,7.685990657460053,6.5431296109329935,-7.532563524350564,10.37647686003146,-1,0,-1,0,-54.74698243365526,-1,1,-1,0,0,3.108641357970457,-0.19255663186460015,1.029026757304892,0,0,2.317314625457926,-0.7913267325125308,0.3845748846380475,1.3217558399823195,-14.5,51.5
20211111950,2021,19,Round 19,2021-07-24 07:30:00+00:00,Sea Eagles,Wests Tigers,Suncorp Stadium,44,24,20,68,1,False,17,0.6756632608675086,bet365,0.8270676691729323,0.8928571428571428,True,0.8830601092896175,-22.5,55.5,False,0.7339125227360842,9.238586433475533,-15.236309626347083,-0.496230661382171,1.4872259913000363,177.2653856204313,0.3447649387068168,2.4957527318274604,14.269689285109067,1.7026113720468192,-0.10858177958918169,-14.711760169689661,1.833333333333333,1,1,0,1,0,0,0,0,127.86937028557065,33.346569835328694,39.60934507713063,24.389565390203742,30.523889982907463,11.420492782247692,2,1,-2,0,14.419019700346169,1,0,0,1,0,3.5364863756910574,0.0006819673987678021,0.32169968315611663,0,0,1.5128288464058752,-2.0236575292851833,2.6776099881142326,1.5649861498632662,-16.5,52.5
20211111960,2021,19,Round 19,2021-07-24 09:35:00+00:00,Panthers,Broncos,Suncorp Stadium,18,12,6,30,1,False,17,0.9012577878243909,bet365,0.7894736842105263,0.8928571428571428,True,0.8778280542986425,-22.5,50.5,False,2.211278793071624,7.378714694350538,-21.98521973903061,8.153849912621425,6.223747213998621,144.8854107585123,19.461516790904454,1.1360174695904126,1.50938753000721,-0.11296739712055803,1.5207218836043443,1.4946593866078715,0.09375,1,0,0,1,0,0,0,0,14.314018471379768,-18.853022227168196,15.512288907686468,14.145324573118728,3.509427217742882,-28.28073355545456,1,0,-1,-4,-138.16601588015138,0,0,-2,0,0,5.706591827827133,0.2658859959601201,0.9267530724114552,0,0,1.7761686337462077,-3.930423194080926,-0.7279345633662069,1.3217558399823195,-14.5,51.5
20211111970,2021,19,Round 19,2021-07-25 03:50:00+00:00,Dragons,Titans,Cbus Super Stadium,10,32,-22,42,0,False,17,0.512488267660011,bet365,0.35251798561151076,0.3689320388349514,True,0.37592137592137587,5.5,51.5,False,0.04996346189306749,-3.155565831538979,-2.8326459754391493,-5.956357629140058,-3.481047949823129,-37.35111981091313,-56.046256450259534,-2.039010967071044,-19.1555892483047,2.7119510107654072,0.260520743554304,1.9820468056537024,-0.08680555555555536,1,0,1,1,0,0,0,0,-6.593358857615158,34.715708533814706,10.180844826310107,-18.31444657367541,-33.175465644064474,6.612857375387705,0,-1,1,2,32.0867891780143,0,1,2,1,0,0.21441079529992046,-0.08237061153878245,0.13006977501753353,0,0,-0.5021142130458813,-0.7165250083458017,0.34442086479709316,-0.6079893722196386,6.5,51.5
20211111980,2021,19,Round 19,2021-07-25 06:05:00+00:00,Bulldogs,Sharks,Cbus Super Stadium,24,44,-20,68,0,False,17,0.38306601733220597,bet365,0.21052631578947367,0.28723404255319146,True,0.26970954356846477,10.5,48.5,False,-0.4765546775434314,-4.438421968340268,8.937637292889647,-2.0407049145470353,-5.170850220061226,-290.74211980062364,-61.26572346671293,-2.294462684127333,-10.868182080647408,-0.7821325604014593,0.7884714375644224,-9.819997571693662,-1.03125,1,1,0,0,0,0,0,0,20.080491512392427,5.165841132142987,28.161464430533954,-26.03058425998519,12.783770209700805,12.929786374041214,1,0,-1,1,0.0972153029713354,0,0,0,1,0,-1.5650239512650652,0.22065536072201375,-0.28864591963089925,0,0,-0.6411238940211932,0.923900057243872,-0.829646642833503,-1.3217558399823195,14.5,49.5
20211112010,2021,20,Round 20,2021-07-29 09:50:00+00:00,Roosters,Eels,BB Print Stadium,28,0,28,28,1,False,18,0.4836605361041508,bet365,0.39698492462311563,0.44102564102564096,True,0.43444730077120824,2.5,45.5,False,-0.06538113598850791,5.126285601308336,8.250543345356839,0.44111166544692537,0.4867252066352066,-34.63050886208066,5.786552611114871,2.848714011457112,5.68027643455574,-0.7477575696005303,1.1345646093811808,4.8743259592372645,-0.9236111111111107,1,1,1,0,0,0,0,0,37.41074853650264,-11.257333303712556,1.1320355555231458,22.386678711035017,25.149367573657003,17.507162259413207,0,0,0,-2,-91.04090489930633,0,1,0,1,-1,-0.8922939482555361,0.2731326415045944,-0.36671290158636766,0,0,0.2000468773993933,1.0923408256549294,-1.3383094037123198,-0.41804389031502437,4.5,49.5
20211112020,2021,20,Round 20,2021-07-30 08:00:00+00:00,Wests Tigers,Warriors,Suncorp Stadium,16,18,-2,34,0,False,18,0.598415330310439,bet365,0.5157068062827225,0.6787330316742082,True,0.6919642857142858,-8.5,55.5,False,0.39886665060125437,8.486079299731383,1.7485896650843458,3.363744069990645,6.266389883879846,319.11809620606755,78.35204964845605,2.1433005294060834,-5.944768985370999,-0.9437101085609072,0.8470220995642599,7.089475823437567,-0.10416666666666696,1,1,0,1,0,0,0,0,-22.582636458914067,27.811453220685394,3.8694249834703953,-18.339008183961226,-35.924506479108615,43.58587776634505,-3,-1,0,-3,-233.54572107059772,0,-1,2,-1,0,-0.08913441668806632,-0.3333632997700682,0.5711534756146484,0,0,0.8653960745840998,0.9545304912721664,1.9219040278257693,0.06284790365966349,-1.5,53.5
20211112030,2021,20,Round 20,2021-07-30 10:05:00+00:00,Broncos,Cowboys,Suncorp Stadium,37,18,19,55,1,False,18,0.5537862792754312,bet365,0.5104712041884817,0.558974358974359,True,0.5538461538461539,-2.5,50.5,False,0.21598080314206194,4.530659113971884,5.398924688806275,20.81575715419183,15.162867859206244,413.6971230525801,163.8761369102648,0.4503768490501536,20.535401368820562,2.124938267694098,1.2990373600186373,4.401116797710504,-0.9861111111111116,0,0,0,0,0,0,0,0,11.518658071333789,-0.4608256996560556,14.734343487839055,18.099411321325647,-20.854271038174844,4.328485900599162,0,0,0,1,8.788679442867036,0,0,1,0,0,0.3303451147836798,-0.047998124042913926,0.12987161284441545,0,0,-0.16279110415277698,-0.49313621893645765,1.167734114011561,0.04189094170916013,-1.5,52.5
20211112050,2021,20,Round 20,2021-08-01 03:50:00+00:00,Knights,Raiders,Suncorp Stadium,34,24,10,58,1,False,18,0.3960460877969814,bet365,0.43814432989690716,0.4177215189873418,True,0.41518987341772146,3.5,48.5,False,-0.4219673029156784,-8.23019929623096,3.328912195313606,-8.55967039576592,-2.417821602267324,-179.70950071455286,-41.903355182724,-1.4512924212934948,-14.922812963474371,1.367976162737781,-2.0310056841370843,-3.01355475119939,-0.9236111111111107,1,1,1,0,0,0,0,0,-30.89141632162432,-14.860490588354935,-22.542741772749253,-6.40002924932179,12.911845288801715,-25.83483356940485,-1,1,-1,1,19.30535438654705,-1,1,1,-1,0,-1.0395724259124044,-0.2032679785556631,0.013350664603363649,0,0,-0.9641985812823537,0.07537384463005056,-1.5873838492503975,-0.2486966257388274,2.5,49.5
20211112060,2021,20,Round 20,2021-08-01 06:05:00+00:00,Storm,Panthers,Suncorp Stadium,37,10,27,47,1,False,18,0.6526253908152864,bet365,0.7455268389662029,0.8576874205844981,True,0.8562176165803109,-18.5,46.5,False,0.6305995275574146,8.526424030100724,-7.695332068622908,-24.323241392778797,-12.122864998422521,-374.301162785654,-124.2768316670236,1.3118455484071383,-6.859701620069199,-3.8073104681838625,-3.002093115424191,-27.05026225677535,0.9861111111111116,1,1,0,1,0,0,0,0,133.4959213899923,80.14575766837379,-1.325547975913338,24.05817728332616,30.61753441420575,34.22734854514951,0,-1,-1,-2,-122.56244346291976,2,-1,-1,2,0,2.560177912532783,0.6096393713436541,-0.23239227814634522,0,0,2.3713363194637846,-0.1888415930689995,-0.7307411566990385,1.0748957620507942,-11.5,46.5
20211112040,2021,20,Round 20,2021-08-01 08:25:00+00:00,Dragons,Rabbitohs,Suncorp Stadium,14,50,-36,64,0,False,18,0.25053138997310853,bet365,0.12689173457508732,0.11894273127753305,True,0.10753768844221104,24.5,53.5,False,-1.0957802134990648,-25.361054763599125,6.468124953646264,-4.597475783846875,-10.458583155938605,-378.76709424444334,-181.62785782141663,-5.722691278237687,-9.81564493755129,2.7488949580624293,0.9365519253596766,16.85038101230804,-0.9513888888888884,1,1,0,0,0,0,0,0,-80.68409776930355,-16.72833914036346,-69.67637256382434,-0.5057644359154665,6.226378370799694,-25.944668333241196,1,0,3,3,100.65838028416238,3,2,0,1,0,-3.296865259883681,0.4158697963446647,-1.3121518041050595,0,0,-2.76530463622753,0.5315606236561514,1.4119401285732134,-1.9287253243012124,20.5,54.5
20211112070,2021,20,Round 20,2021-08-02 08:00:00+00:00,Bulldogs,Titans,Suncorp Stadium,6,34,-28,40,0,False,18,0.38511286519711924,bet365,0.25447316103379725,0.23148148148148148,True,0.23308270676691728,13.5,52.5,False,-0.4679022826368116,-7.709848159582876,13.117422999260256,-1.7218846547084041,-8.605921913073004,-393.7693208488713,-99.98405267343156,-3.7808521731477516,-19.700397998333077,-1.001525306236207,1.5267093173056394,6.524939451420657,-0.09375,1,0,0,0,0,0,0,0,-96.05108816801203,-17.274403096018744,-11.282911699261263,-15.440687577709667,-52.05308579502224,-13.842662631627945,2,1,1,1,24.5787405404524,1,-1,2,2,-1,-2.712758984241466,-0.31309678156676846,-0.3131375625904214,0,0,-1.591368581691426,1.1213904025500403,0.8278369832983544,-1.0748957620507935,11.5,53.5
20211112080,2021,20,Round 20,2021-08-02 10:05:00+00:00,Sharks,Sea Eagles,Suncorp Stadium,22,40,-18,62,0,False,18,0.4764434531202702,bet365,0.22651933701657456,0.1608391608391608,True,0.15664335664335666,19.5,54.5,False,-0.09429599669823499,-11.649040942395445,4.1060658530475855,5.7509371480092994,2.944387242202623,-34.88998702622962,17.509521474358507,-2.6843049839683077,-5.259036655384804,-3.68183238786251,-1.3601828484230438,17.261284374516148,-0.9409722222222232,1,1,0,1,0,0,0,0,-138.7343910075225,-75.0031825620446,-9.359876378450082,-19.2237866235958,-35.14754544343198,-41.209986279432286,1,1,1,2,96.19204959574387,1,1,-1,1,0,-3.019524167304799,-0.07621621187324495,-0.2807206128450902,0,0,-2.269239265800501,0.7502849015042975,1.6444725042675663,-1.2280703559049966,13.5,54.5
20211112110,2021,21,Round 21,2021-08-05 09:50:00+00:00,Knights,Broncos,Suncorp Stadium,28,20,8,48,1,False,19,0.6788762769189545,bet365,0.660377358490566,0.7633587786259541,True,0.7690875232774674,-13.5,51.5,False,0.7486124182571583,-3.809182821386109,-3.6321860389511293,-1.41240633362861,-0.6003025929811585,-27.235131953623977,-57.147128092981916,-0.7301526609671223,-16.132334420476894,-0.2659373243531249,-1.4920193191642062,-0.7767951590653155,-1.739583333333333,1,0,0,0,0,0,0,0,46.67400329905672,26.09024130098814,1.8609894553740673,13.541804193247074,5.180968349447497,11.433215289088253,1,1,0,1,1.6675648014026478,1,-1,-1,-1,0,0.5676238318505445,-0.10606024757160115,0.16864728489404024,0,0,-0.41266885885559834,-0.9802926907061433,-0.40126140344164396,0.6649763035932489,-7.5,50.5
20211112120,2021,21,Round 21,2021-08-06 08:00:00+00:00,Raiders,Dragons,Cbus Super Stadium,20,12,8,32,1,False,19,0.6809847622120898,bet365,0.6919642857142858,0.7127659574468085,True,0.7276507276507277,-10.5,49.5,False,0.7583010612886049,5.644981582254829,-9.566095869899108,7.589172742045847,3.1900756952738902,196.72084195074444,75.8787774432742,0.676290030072006,14.502463301695688,-4.003068092578811,1.8750246629846417,-13.787902944003498,0.19097222222222143,1,1,0,0,0,0,0,0,94.38313931455673,29.10617789572865,17.128958306881543,-0.5557326295949281,48.703735741541436,41.809638534096564,-3,-1,2,-4,-154.50211202784178,-2,-3,1,-4,0,0.5401772136996846,-0.1949296509982531,0.47503175528006025,0,0,0.4478371820484067,-0.09234003165127758,-0.30092394241678566,0.8093186123219878,-8.5,50.5
20211112130,2021,21,Round 21,2021-08-06 10:05:00+00:00,Eels,Rabbitohs,Cbus Super Stadium,12,40,-28,52,0,False,19,0.460821866258979,bet365,0.30803571428571425,0.2738589211618257,True,0.26639344262295084,10.5,50.5,False,-0.15703444455007387,-30.531167467418612,-2.1070963493538066,-2.2889689637566875,-7.187920234553552,-253.85899851739032,-86.63433134860679,-7.137879915270579,-8.321051795128234,2.136407111755963,-0.3759027792784959,5.580689703259232,2.9409722222222214,1,1,0,1,0,-1,0,0,-49.07310703882604,-2.7954724536359095,-5.3636194815507,-26.495493729082725,-14.41852137455676,-3.4345911847419472,1,1,0,-4,-114.12531107513968,-1,1,0,0,0,-1.9850825301255115,-0.0899093143127554,-0.4115884881307669,0,0,-2.815031535233748,-0.8299490051082364,0.5692206817158899,-0.8093186123219875,8.5,51.5
20211112140,2021,21,Round 21,2021-08-07 05:00:00+00:00,Warriors,Sharks,Cbus Super Stadium,18,16,2,34,1,False,19,0.531692678298616,bet365,0.25447316103379725,0.38423645320197053,True,0.35731414868105515,6.5,53.5,False,0.12694089934750355,-7.678795986605024,0.8162203576338705,-8.094042369294769,-4.9705683509262855,-217.37996860826752,-39.87294107686074,-2.070584946653237,-2.7471231571688506,2.9658918994622265,-1.2923434551063893,-8.989440871145689,3.0868055555555554,1,1,0,1,0,-1,0,0,61.313486399343105,13.219238923634578,46.09485593337399,-16.214553208907134,18.213944751241627,-7.9476734777166484,2,0,0,3,145.14879449979793,3,-1,0,0,0,-0.8586763704739094,-0.0036500037043184497,-0.290502326162697,0,0,-0.7008400132268017,0.15783635724710748,0.27992635498869073,-1.0748957620507935,11.5,54.5
20211112150,2021,21,Round 21,2021-08-07 07:30:00+00:00,Roosters,Panthers,Suncorp Stadium,14,20,-6,34,0,False,19,0.48597212065215073,bet365,0.35835351089588374,0.4274809160305344,True,0.4141414141414142,3.5,47.5,False,-0.056126246618797074,5.82377059386047,-5.693529164331149,-1.4111036157259633,0.738351853099033,142.23559379108337,70.12718917149061,3.259636233380701,1.430293615253646,-1.5027441452430867,-1.7838121533570983,-10.28685547569431,2.843750000000001,1,1,0,1,0,0,0,0,78.6485461072873,14.924150131754914,23.3688096269762,41.06709089495206,-0.7115045463959007,12.114526643710889,-1,0,-1,-2,-100.47700603561445,-1,-2,1,-1,-1,-0.6566123244833426,0.3307509203891743,-0.625387462150451,0,0,0.04145073495955631,0.6980630594428989,-1.7929530412262733,-0.5825175522221073,5.5,48.5
20211112160,2021,21,Round 21,2021-08-07 09:35:00+00:00,Sea Eagles,Storm,Suncorp Stadium,18,28,-10,46,0,False,19,0.28732597368624513,bet365,0.27234927234927236,0.2918454935622318,True,0.27499999999999997,9.5,49.5,False,-0.9084067617305606,5.176156195363461,13.387540570188222,10.129716134133432,8.80894792575804,408.28468446380316,105.38823778456435,2.480044930796403,15.075405510367371,5.487460813459336,0.16268728656690357,2.4201650799703636,-1.166666666666666,1,1,0,1,0,1,0,0,25.33662530052834,8.965502727703353,12.131460726294193,13.319649159355265,-9.0799873128245,22.643647844062144,0,0,-1,-2,-102.70978150623046,-1,0,0,-1,0,-2.028759842181824,0.4721937748685976,-1.1720878766308713,0,0,-0.4227230052778004,1.6060368369040243,2.4670756631503856,-0.9827358312823077,10.5,50.5
20211112170,2021,21,Round 21,2021-08-08 03:50:00+00:00,Bulldogs,Wests Tigers,Cbus Super Stadium,16,28,-12,44,0,False,19,0.3172937548687554,bet365,0.33962264150943394,0.34426229508196726,True,0.3427895981087471,7.5,52.5,False,-0.7662366557846294,-8.728822884805282,4.290724418780197,1.6297838935121547,-4.266062290651789,-243.14424286577218,-64.41205533872665,-2.5901719029875028,-3.36793066993728,-1.7929012915113027,0.8855273827464183,-3.1254896005411794,-3.0,1,1,1,0,0,1,0,0,-47.52855096578287,-35.36288165110531,17.585842342586318,-8.180441161121223,-21.57107049614278,-14.679787812198242,1,1,0,1,62.37314099030945,-2,1,1,0,0,-1.9581051388980601,-0.14869004827759258,-0.2242015958183997,0,0,-1.6359885393267,0.3221165995713602,1.1911606618688662,-0.6649763035932491,7.5,52.5
20211112180,2021,21,Round 21,2021-08-08 06:05:00+00:00,Titans,Cowboys,Cbus Super Stadium,36,14,22,50,1,False,19,0.7149777546045094,bet365,0.7065217391304348,0.7590132827324478,True,0.744,-12.5,53.5,False,0.9196841985269008,14.046227231983023,-10.774935339292387,16.734112862632117,14.584118240258285,563.1666756287436,144.717740066011,4.747306260773193,15.567798866356807,0.7717205315794811,0.4296598536999823,-0.09170172382703612,-2.9131944444444446,0,0,0,0,0,1,0,0,68.78146668951138,-14.384576177203115,14.554856530504225,30.12093135273186,38.490254983478465,-7.923706343977869,-1,0,1,0,8.145664312580806,0,1,-1,0,1,3.1385199245014728,0.026479159279178377,0.37206893861144086,0,0,1.277758800768403,-1.86076112373307,1.3879222140601124,0.8785504038913082,-9.5,54.5
20211112210,2021,22,Round 22,2021-08-12 09:50:00+00:00,Storm,Raiders,Sunshine Coast Stadium,26,16,10,42,1,False,20,0.8316195985832039,bet365,0.8541392904073586,0.9259259259259259,True,0.9111870196413322,-25.5,48.5,False,1.5971494091260214,10.76218208880648,-10.479272203104744,-11.478830239587865,-2.0104303734417357,-146.62560477867123,-67.87695835878174,1.9897562183108866,-5.530159410648352,-1.7371713808356217,-2.0092050183016026,-10.116678539646053,-1.0659722222222223,1,1,1,0,0,1,0,0,24.89502401035213,22.06017658123409,-8.548346521799317,23.322946170532205,-11.939752219614888,-14.941950704286711,0,0,0,0,18.492127506486163,0,-1,0,-1,0,6.139532781038467,0.45628875450536066,0.3989124856767556,0,0,3.5371682681814836,-2.6023645128569832,0.46582120668107124,1.7674421615773475,-19.5,49.5
20211112220,2021,22,Round 22,2021-08-13 08:00:00+00:00,Dragons,Panthers,Suncorp Stadium,16,34,-18,50,0,False,20,0.19834158053533132,bet365,0.16545718432510886,0.0966576332429991,True,0.10940695296523516,22.5,48.5,False,-1.3966919077047015,-4.933891366896292,11.304375340469967,-3.2905999806381487,-2.2084323672756057,-204.5327327298471,-69.68789882877297,-0.987185041623984,-7.430631529373677,-0.1215098123141356,-1.71892133047528,-3.305361325236831,0.979166666666667,1,1,0,1,0,0,0,0,-50.79148265437311,-24.720983569040754,4.165995210932067,-22.763350172565822,-7.473144123698617,-42.941412186529334,-2,0,-1,-4,-146.5403948147246,1,-1,-1,0,0,-3.507541760011694,0.2936410341777498,-1.73481095070465,0,0,-1.3283071525634569,2.1792346074482376,-1.8263172291435985,-1.6181715924028548,16.5,49.5
20211112230,2021,22,Round 22,2021-08-13 10:05:00+00:00,Broncos,Roosters,Suncorp Stadium,20,21,-1,41,0,False,20,0.2444730762186361,bet365,0.19093851132686082,0.22586520947176686,True,0.21302816901408453,13.5,49.5,False,-1.1283102329783552,-0.49901787839542777,11.361711698658773,2.3104639847672956,-3.017097975974025,-170.95159423798668,-59.81297651859552,-2.7656357459972982,2.4282933615508924,-1.3869001742722276,-0.34127188885730053,-3.401028664084187,1.9027777777777768,0,1,0,1,0,0,0,0,-6.028542450999794,-16.33488155535511,15.698763716431074,-31.44265117410673,26.050226562031014,-9.890242185144587,1,1,0,3,80.42201344768799,1,2,1,3,1,-2.9495197689922863,0.15426141147151884,-1.140646913508685,0,0,-0.9168055923829008,2.0327141766093857,-0.19671507406590627,-1.4439234739565272,15.5,50.5
20211112240,2021,22,Round 22,2021-08-14 05:00:00+00:00,Rabbitohs,Titans,Cbus Super Stadium,36,6,30,42,1,False,20,0.8202376164102034,bet365,0.8270676691729323,0.8150470219435736,True,0.8142857142857143,-15.5,54.5,False,1.517958186756822,12.990492287718578,-0.06414756215157524,1.1953748062119303,2.732131366068103,126.79694319654072,55.55420717919958,4.065873477573514,1.974604105053615,-0.9797747560211363,-1.0417827813226102,-7.903967424044303,1.833333333333334,1,0,0,1,0,-1,0,0,43.34505721450125,41.73434087766512,37.57170891773467,-10.032588276309326,-25.928404304589208,10.4508090982888,0,0,0,2,61.68548363072385,0,1,-1,-1,0,2.773361601668908,-0.1434385189967886,0.3883849371378559,0,0,2.1572425164978997,-0.6161190851710084,2.6157797505831537,1.5649861498632662,-15.5,54.5
20211112250,2021,22,Round 22,2021-08-14 07:30:00+00:00,Cowboys,Wests Tigers,Queensland Country Bank Stadium,16,24,-8,40,0,False,20,0.42743121874051665,bet365,0.4545454545454546,0.40954773869346733,True,0.40703517587939697,3.5,51.5,False,-0.2923394865526058,-10.620011226490176,4.0686227867557925,-13.62457954186712,-12.78792389295974,-370.2989617568628,-146.65186780265367,-1.5977639061822573,-11.555930281876861,-1.3208904316790253,2.1181149098772294,-3.1286951422553386,-0.09375,0,1,0,0,0,0,0,0,-30.996018344797903,-8.192695547567979,-47.760682604967855,8.091616958528249,16.865742849209624,-3.3183102289558235,0,0,2,1,37.55773490824963,1,1,0,1,0,-1.5720894757565305,0.42214029353439053,-0.6116145566564608,0,0,-0.9329068992421995,0.6391825765143313,1.9561838014467496,-0.18232155679395445,2.5,53.5
20211112260,2021,22,Round 22,2021-08-14 09:35:00+00:00,Sea Eagles,Eels,Sunshine Coast Stadium,56,10,46,66,1,False,20,0.47012774794279505,bet365,0.7880910683012259,0.7999999999999999,True,0.8010033444816054,-14.5,48.5,False,-0.11963148173285,19.44186197628227,-0.7404546402749723,-7.0433582028207695,-1.600665964318722,-25.21578811526888,-81.51265867224771,4.178128436860324,10.246801769207025,2.546540257346427,0.6416177091074458,-3.3398507753099658,-0.979166666666667,1,1,1,0,0,0,0,0,13.749377724650913,19.086033576457226,-41.95402979477092,22.58102404054499,14.036349902419659,5.226759260614216,-1,0,-1,-2,-92.63883925039156,1,-1,0,0,0,1.8409346152117436,0.05661047075317005,0.03230031944770484,0,0,2.353858054080197,0.5129234388684534,0.5932775576301679,1.3134570371676242,-13.5,49.5
20211112270,2021,22,Round 22,2021-08-15 03:50:00+00:00,Warriors,Bulldogs,Moreton Daily Stadium,24,10,14,34,1,False,20,0.6978691425909584,bet365,0.7346938775510204,0.6888888888888889,True,0.6969026548672567,-7.5,48.5,False,0.8371713841834038,2.8848330301000065,-7.793675434375828,-2.431347714748796,1.5643353688942057,76.53257337041487,37.91062644171507,0.9198674157022548,6.744832613919989,1.8437611819779214,-1.1871226711271667,-0.11928080748975844,0.9513888888888893,1,1,1,0,0,0,0,0,100.80139737412287,23.438495521567944,52.691683384204396,2.926746447825309,21.74447202052535,1.291693049602543,1,0,1,-3,-101.16875953445575,0,1,-1,2,0,1.725099251748966,-0.14670400512866433,0.6235829716589831,0,0,0.7028391973964603,-1.0222600543525062,-0.39127642822438724,1.0185695809945734,-9.5,50.5
20211112280,2021,22,Round 22,2021-08-15 06:00:00+00:00,Sharks,Knights,Kayo Stadium,14,16,-2,30,0,False,20,0.4903720330813716,bet365,0.38902743142144636,0.31111111111111106,True,0.3053097345132743,8.5,48.5,False,-0.03851662868491636,1.2865581231658538,2.9083351724041755,3.262093296923382,-0.8600548935788623,41.99586049563845,14.815087332785879,0.9688635348619838,4.984812029455675,-0.3123567949974717,0.734971020937023,15.997132806106016,-1.7986111111111125,1,1,1,0,0,0,0,0,-50.87526176344193,-25.021028638580248,-51.92510005156859,22.680801637581993,3.390065289124962,-1.7147272479130038,-1,0,0,-2,-83.18216283078094,0,0,0,-1,0,0.3023566481164742,0.03762627477120961,0.09957477331251954,0,0,0.6295545280820372,0.3271978799655628,-0.639647995898319,-0.45140220329519,4.5,49.5
20211112310,2021,23,Round 23,2021-08-19 09:50:00+00:00,Titans,Storm,Cbus Super Stadium,20,34,-14,54,0,False,21,0.18035269982197236,bet365,0.13580246913580246,0.12087912087912087,True,0.12356979405034325,20.5,49.5,False,-1.5139597488549865,-6.988761381030155,10.520959185173059,4.431562169970675,3.0269472438073777,185.1479927894959,89.49204144052976,1.2226133499283725,1.9420862660871023,3.406929591759166,-0.13325450665988203,3.398377987656687,-1.7986111111111107,0,1,0,0,0,1,0,0,5.506722974702711,-25.15256796753644,5.162156376859315,10.18321408560385,15.31392047977603,21.57183748180654,1,0,-2,-1,-32.43020480608243,1,-2,-3,1,1,-4.2826135323829435,0.6080070653231657,-1.8047643228370662,0,0,-2.0515949962894946,2.2310185360934502,1.1265321513380162,-1.8505999692509887,21.5,50.5
20211112320,2021,23,Round 23,2021-08-20 08:00:00+00:00,Raiders,Sea Eagles,Suncorp Stadium,18,19,-1,37,0,False,21,0.38245529310572773,bet365,0.35251798561151076,0.31111111111111106,True,0.3130630630630631,8.5,48.5,False,-0.47913970004401046,-19.71592404065946,3.185428833754294,6.132982755759983,-2.650176225989604,-134.51471314982814,59.2446448559848,-6.319236549199819,-3.537337926254942,-2.865010653208909,1.311326397477215,12.930196365068415,1.989583333333333,1,1,1,1,0,-1,0,0,-9.386203979015136,11.344071819219039,11.968460307401699,-39.82202186977571,7.123285764139837,40.8720521079635,-1,0,1,2,14.963276260613725,-1,0,3,-1,1,-3.414494039306347,0.49655340155053185,-0.762250517791992,0,0,-2.7718741314332824,0.6426199078730648,1.544764369350999,-0.6079893722196386,6.5,50.5
20211112330,2021,23,Round 23,2021-08-20 10:05:00+00:00,Panthers,Rabbitohs,Suncorp Stadium,25,12,13,37,1,False,21,0.5794222326760233,bet365,0.5670103092783505,0.5064935064935064,True,0.5181347150259067,-1.5,45.5,False,0.32040205405212335,-17.25168647393673,4.02024390901061,-2.281304599779915,-7.633402228891541,-326.849467235402,-148.5246268648038,-4.861446281579694,-2.800148374627881,2.9078185824337215,1.8081770164326625,18.746679741170638,0.875,1,1,0,0,0,0,0,0,-41.13861256062819,-16.003876454305697,-24.478232271009944,-31.55420730342135,30.897703468108773,14.78981131475885,1,1,0,-2,-86.21721218254442,1,-3,0,0,0,-1.2410240684890703,0.5506546590168617,-0.6810266427040057,0,0,-2.0162458786665836,-0.7752218101775132,0.6524579114040185,0.2696635669491026,-3.5,47.5
20211112340,2021,23,Round 23,2021-08-21 05:00:00+00:00,Wests Tigers,Sharks,Browne Park,20,50,-30,70,0,False,21,0.5112708473992355,bet365,0.39698492462311563,0.4177215189873418,True,0.4045226130653266,4.5,48.5,False,0.04509102797010226,4.189418702071553,0.937062013765221,-4.6122140113054115,2.115012460853876,84.5197303770019,89.44093736911486,0.17947580324036227,1.866347884326757,3.1926160899002234,-1.2428056623850896,-11.273958234754517,0.9375,1,1,1,0,0,-1,0,0,19.828753377686667,23.36080063634145,28.025276420437194,-14.394279411064105,-17.16304426802786,1.2220566051787216,0,0,1,2,72.7129764987338,0,0,0,-2,0,-0.14265064515234438,0.02724229690054769,-0.21908634912032027,0,0,0.4098357420661427,0.5524863872184871,0.5777162903280308,-0.41804389031502437,4.5,49.5
20211112350,2021,23,Round 23,2021-08-21 07:30:00+00:00,Bulldogs,Knights,Cbus Super Stadium,16,22,-6,38,0,False,21,0.31680620099637263,bet365,0.20689655172413796,0.1780821917808219,True,0.18125,15.5,47.5,False,-0.7684883324324348,-6.365500436894305,10.509711840370347,-0.7975637515069849,-4.879956488973768,-140.23028909844606,-37.248314198653816,-1.1030563162396003,-7.230179579295356,0.3812891488248358,3.162544751930345,9.496703157085914,0.09027777777777768,1,1,0,0,0,0,0,0,-18.15706733182924,-38.465830631199054,22.280199433636454,-9.340240924684153,7.368804790417599,-11.644018935435241,3,1,-2,4,101.07373972717863,2,1,-3,3,1,-2.435468574660191,0.024938909406139298,-0.87400578699971,0,0,-0.737387388246809,1.6980811864133822,-1.1672024271575738,-1.3437347467010945,14.5,50.5
20211112360,2021,23,Round 23,2021-08-21 09:35:00+00:00,Eels,Cowboys,Cbus Super Stadium,32,16,16,48,1,False,21,0.8219272932868164,bet365,0.7455268389662029,0.7741347905282332,True,0.7645951035781543,-13.5,49.5,False,1.529460008580982,-2.070536241137539,3.74906210425592,6.101361544679662,6.459786692959227,38.011937544137936,27.438417738920293,-0.6011993805584019,5.230200417501852,1.1104300943397227,-0.06364225481131047,-3.8247787827703235,-0.08680555555555536,1,0,0,0,0,0,0,0,-19.79248384462346,-8.314405737162446,36.452886921201184,-17.85074612848645,-30.080218900175808,-28.3951328652561,-1,0,-1,-1,-2.0819798340992293,0,1,0,0,0,2.5260181517543425,-0.4420783165340798,1.144072009602366,0,0,0.6751248336693971,-1.8508933180849452,-0.02178055677945534,1.0748957620507942,-10.5,52.5
20211112370,2021,23,Round 23,2021-08-22 04:00:00+00:00,Dragons,Roosters,Clive Berghofer Stadium,22,40,-18,62,0,False,21,0.22139127086518876,bet365,0.24804687499999997,0.26,True,0.2423076923076923,11.5,48.5,False,-1.2575770539240978,-6.699601279344533,13.754925837239341,3.675644715730897,-1.6684475343290188,-281.6843977616679,-88.12767731212892,-2.082497597782795,-7.221009059375916,-2.1364130571411764,-2.1544274027083126,4.356811030797324,0.08680555555555536,1,1,1,0,0,0,0,0,-14.834580697534875,-12.402441174512006,-11.370533561810646,1.3571792993905945,7.581214739397225,-16.362276341890492,2,0,0,4,122.55678421206868,0,0,1,2,0,-2.613365140904401,0.34095283848159186,-0.9142970663330672,0,0,-1.191717084959777,1.4216480559446234,-0.7817906781348,-1.1090562478291932,10.5,49.5
20211112380,2021,23,Round 23,2021-08-22 06:05:00+00:00,Broncos,Warriors,Suncorp Stadium,24,22,2,46,1,False,21,0.45022991563519954,bet365,0.4764397905759163,0.4805194805194806,True,0.4701298701298701,1.5,49.5,False,-0.19974178647953741,1.758570120183137,4.5430083877303105,3.0099582077707367,-1.645434798511296,-69.31586945510321,-16.306659742886495,-0.5284037455032751,3.133020783881527,-1.3176811541391036,1.5078588494687564,1.0664541335013205,1.739583333333334,0,1,0,1,0,0,0,0,-30.215249474387065,-10.833852698182682,-3.3026307304623117,-2.9808871736754554,-13.097878872066744,4.24344948965765,0,-1,0,3,87.10463488007792,-1,0,0,0,1,-0.7984826500919833,-0.256049339222846,-0.050317179031589054,0,0,-0.035829747151656544,0.7626529029403264,0.003484864013675315,-0.09431067947124093,1.5,52.5
20211112410,2021,24,Round 24,2021-08-26 09:50:00+00:00,Knights,Titans,Sunshine Coast Stadium,15,14,1,29,1,False,22,0.5891414341628939,bet365,0.5287958115183247,0.4675324675324676,True,0.4727272727272727,1.5,46.5,False,0.3604172475173887,-1.9032993962788716,-6.7279327079123235,5.3517883901048435,1.9626922877631756,104.34365692348638,29.063234456391797,-1.9455606105232945,-0.4935405124808945,-2.5505473580309115,-0.9519245840252051,-9.353918682742368,-1.9027777777777777,1,0,0,0,0,1,0,0,10.241831281817667,19.07977807146125,49.35665729060008,-2.265711477032255,-55.92889260321135,1.6870457014356646,-2,0,1,-3,-99.77113050988616,1,-1,-1,-2,-1,-0.16741924023724747,0.4635816516319506,-0.20466498030010538,0,0,-1.1035916490970727,-0.9361724088598253,-0.3907232509423221,0.11531084651099459,-1.5,48.5
20211112420,2021,24,Round 24,2021-08-27 08:00:00+00:00,Warriors,Raiders,BB Print Stadium,16,28,-12,44,0,False,22,0.4278455152481035,bet365,0.32870370370370366,0.36714975845410625,True,0.3564593301435407,6.5,45.5,False,-0.29064684840959343,0.9900927332171712,0.6445120871285965,-2.2923851652459177,0.4523310899159938,18.788429249615547,22.519809059228237,1.3386248390570237,-3.120406550858405,2.3321547021527103,-1.276068127928328,-6.4676154911587815,-1.9201388888888893,1,1,1,0,0,1,0,0,22.64244293620834,6.638325222892263,28.080718866489576,-10.342598603637981,-1.7340025495355604,12.26984126328307,1,-1,0,-2,-42.93692677086091,1,1,0,4,-1,-0.6505192050579609,-0.20952534333642536,0.017604545022707335,0,0,-0.27049619537854197,0.38002300967941904,-1.1189565111477209,-0.714053865379259,7.5,47.5
20211112430,2021,24,Round 24,2021-08-27 09:55:00+00:00,Roosters,Rabbitohs,Suncorp Stadium,12,54,-42,66,0,False,22,0.4841394930369149,bet365,0.26530612244897966,0.21052631578947367,True,0.19999999999999998,14.5,48.5,False,-0.06346331964509527,-5.7279646119006955,1.6305207351784432,-4.30118827671086,-0.611922928399558,19.2225357178188,-16.532463368631397,0.08279938829609979,3.5298844026906053,3.6634767770871015,-1.026160787590773,9.857374933309089,-1.7465277777777777,1,1,0,0,0,1,0,0,-56.65910616626479,-13.492347045578384,-13.066293163941225,-10.196255113729649,-19.904210843015562,23.87900661743663,1,1,3,2,81.36411014136459,-1,0,2,-1,1,-2.114899396595563,0.16663282217229014,-0.45609087704769025,0,0,-1.8216535143546277,0.29324588224093506,1.2426582108509114,-1.0185695809945727,12.5,48.5
20211112440,2021,24,Round 24,2021-08-28 05:00:00+00:00,Dragons,Cowboys,Browne Park,26,38,-12,64,0,False,22,0.5851912921139844,bet365,0.5949367088607596,0.5324675324675325,True,0.5348837209302325,-1.5,50.5,False,0.3441213197372732,2.236211017572245,3.758404377556179,6.653586225534539,3.896438946771262,14.804524234958762,11.177224162388143,0.644692186299685,9.402722178585307,-0.07534746447514706,-2.100327605907087,6.267758862927778,-0.7673611111111107,1,0,1,0,0,0,0,0,-2.3206056897295184,-31.93327020945702,18.436813689208975,26.362447356785907,-15.186596526267408,-24.30926373471476,2,0,-2,0,13.040831685036778,0,-2,0,-2,0,0.8751638411239406,-0.17125169406984608,0.06089492242164163,0,0,0.16482412529056956,-0.7103397158333702,0.8244099288633329,0.38441169891033233,-4.5,51.5
20211112450,2021,24,Round 24,2021-08-28 07:30:00+00:00,Sharks,Broncos,Suncorp Stadium,24,16,8,40,1,False,22,0.7016366943612526,bet365,0.6712962962962963,0.6234718826405868,True,0.6119402985074627,-4.5,48.5,False,0.8551038502727281,6.638483436970144,-2.597855975796385,-1.2468934832127871,1.0975293571459375,44.912198520506536,-60.87682428100646,2.088285819183547,-2.216325648410688,-0.10467814772215078,0.9507799235231875,8.351017044272268,1.0451388888888893,1,0,0,1,0,0,0,0,13.437451567449216,2.531607621793114,-19.303995395851786,8.325530417538388,21.88430892396964,6.1153943881087685,0,0,-1,-4,-156.75415152675868,0,1,0,2,-1,1.7062058986430002,0.1115104282435163,0.4605192402463578,0,0,0.8713456553522888,-0.8348602432907114,0.6717782276800102,0.714053865379259,-7.5,50.5
20211112460,2021,24,Round 24,2021-08-28 09:35:00+00:00,Storm,Eels,Suncorp Stadium,10,22,-12,32,0,False,22,0.8347001687436632,bet365,0.8881922675026124,0.9041591320072333,True,0.9016853932584269,-24.5,48.5,False,1.619311597023873,13.327423677635458,-13.734758406185561,-0.33470029813501867,0.9176821152316776,33.63163708994966,-43.86077256767885,2.8372211664752376,4.69610676622538,-3.1845132846845257,-1.026393037105131,-4.44604816523481,1.989583333333334,1,1,0,0,0,0,0,0,80.64649921203238,24.331910924231607,-4.130258224305464,12.101380662920008,48.34346584918606,7.226611184876049,1,1,0,-3,-98.34438241164743,1,1,-1,3,0,4.356497262786615,-0.30649827502756477,0.7659537280408049,0,0,2.74137055222032,-1.6151267105662952,0.04259818304747176,2.0724075150224563,-21.5,49.5
20211112470,2021,24,Round 24,2021-08-29 03:50:00+00:00,Sea Eagles,Bulldogs,Moreton Daily Stadium,36,18,18,54,1,False,22,0.8514517483777809,bet365,0.9049773755656108,0.949050949050949,True,0.9331568497683652,-34.5,55.5,False,1.7460329996682218,19.421706596896733,-9.467611985920353,-4.063494208638133,5.340823035226677,204.42237267904466,-34.352399037118005,6.093415255117467,21.29239926038744,1.838649428699533,-2.551982702477421,-5.890321099956292,0.979166666666667,1,1,1,0,0,0,0,0,167.32510222435678,79.93582750637864,56.163820056039015,40.01523230471585,-8.789777642776642,34.33432162131925,-1,0,0,-4,-183.90426184051663,-2,1,-2,-2,-1,6.018888664634808,-0.343882428895661,1.2475950315544728,0,0,4.0448509478597074,-1.9740377167751024,1.5243581137897486,2.2537949288246124,-24.5,53.5
20211112480,2021,24,Round 24,2021-08-29 06:05:00+00:00,Panthers,Wests Tigers,Kayo Stadium,30,16,14,46,1,False,22,0.8321132217124058,bet365,0.8731082654249126,0.9357454772301934,True,0.9335504885993485,-29.5,49.5,False,1.6006787019114737,1.0902314973712812,-15.116979578420437,7.095433388172836,0.17220857652426957,-99.07620486045766,-75.96765796714294,-0.7280521323524951,-1.8448792257530613,-0.9729906376204998,0.22469088406868432,5.786466099142828,0.7881944444444446,1,1,1,0,0,0,0,0,106.22843431565366,36.9365023805594,-3.286133385593132,26.786567252584746,45.79149806810271,35.95664307037572,-2,0,-1,3,53.01259627789368,0,1,0,0,-1,4.623386613708211,0.5540481833401212,0.46068837711452376,0,0,0.9365500522219677,-3.686836561486243,-0.1140752757383201,1.9287253243012117,-19.5,49.5
20211112510,2021,25,Round 25,2021-09-02 09:50:00+00:00,Raiders,Roosters,BB Print Stadium,16,40,-24,56,0,False,23,0.3673724316465226,bet365,0.4329896907216495,0.4675324675324676,True,0.4547803617571059,1.5,42.5,False,-0.543505755741796,-1.0341099867920818,-8.940868708066947,4.961223548750098,1.3993957017880518,129.42904579807305,87.64341157629667,-2.615734397538075,4.7514799940959165,-2.332787818767054,-0.6935789895677988,-3.5836509068202673,0.0798611111111116,1,1,1,0,0,-1,0,0,23.502379487888334,-9.982549941879853,-4.438942336322725,20.328112180259836,17.595759585831146,-10.112619736280948,0,-1,-2,1,2.107519088636593,0,-2,0,-2,1,-0.4759494636647136,0.4655432384859829,-0.7765354604110449,0,0,-0.6225370089084452,-0.14658754524373174,-0.3655526839761938,-0.2696635669491026,3.5,43.5
20211112520,2021,25,Round 25,2021-09-03 08:00:00+00:00,Sharks,Storm,Cbus Super Stadium,16,28,-12,44,0,False,23,0.16678060252296376,bet365,0.30803571428571425,0.2918454935622318,True,0.2857142857142857,8.5,46.5,False,-1.6086177984797077,2.109265806493095,3.8727878732282477,5.482429147043675,0.9010743920434692,86.84716398358796,28.16176562830003,-0.6343937944110625,1.0788605676075314,1.0037433716198159,-0.07775418115022337,9.80946842953729,0.08680555555555536,1,1,1,0,0,-1,0,0,3.3886171579043776,-15.138116910373157,11.018060225047236,2.992290357317927,4.516383485912314,31.098884525250327,-1,0,-3,-6,-270.8621007518172,-4,-2,-2,-3,0,-2.631350022673538,1.5858286435751767,-2.528323752846806,0,0,-1.3433468771135464,1.2880031455599907,0.30490120879027893,-0.8093186123219875,8.5,46.5
20211112530,2021,25,Round 25,2021-09-03 10:05:00+00:00,Eels,Panthers,Cbus Super Stadium,6,40,-34,46,0,False,23,0.381378292716954,bet365,0.26530612244897966,0.06425452276980662,True,0.07601476014760147,28.5,46.5,False,-0.4837021738164098,-6.708314759085436,6.706483129161132,2.8579727331871823,-1.7790638967945966,-127.14172291128784,-32.73377308766965,-1.3718880683502666,-7.414608751785089,-1.0507385750245035,0.6314218733115071,-6.5250943850050085,0.8541666666666661,1,1,0,0,0,-1,0,0,-200.9078411041902,-39.92252292755262,-77.49163894867439,-42.18419556090922,-41.309483667053996,-41.40537696088293,3,1,5,6,315.2626796042839,1,2,3,3,1,-3.072667742798182,-0.8758543621734708,0.24403405639497863,0,0,-1.0421200676281943,2.030547675169988,-1.8110933171137709,-1.0185695809945727,10.5,44.5
20211112540,2021,25,Round 25,2021-09-04 05:00:00+00:00,Broncos,Knights,Suncorp Stadium,35,22,13,57,1,False,23,0.40801888900345235,bet365,0.39698492462311563,0.558974358974359,True,0.5438144329896907,-2.5,48.5,False,-0.3721612573649396,1.4355432167289983,6.880514899768624,-1.506558118068341,-1.849567213405578,-34.22742296084357,4.9816555843872266,1.6602854698477518,6.92157809779177,1.243736288096919,0.8890096103613616,7.6082869531094595,-1.9027777777777777,0,1,0,0,0,0,0,0,35.45150015581805,-3.743852252080501,46.39655229754331,0.02798193254628245,-7.229181822191094,18.521081699294143,-1,0,-3,-3,-144.34382999988958,-1,-1,-1,0,1,-1.3089178763321379,-0.29581669832796686,0.128768613140197,0,0,-0.0632633282234848,1.245654548108653,-1.0027306305887986,-0.41804389031502437,4.5,49.5
20211112550,2021,25,Round 25,2021-09-04 07:30:00+00:00,Cowboys,Sea Eagles,Queensland Country Bank Stadium,18,46,-28,64,0,False,23,0.2521023202202529,bet365,0.07904834996162702,0.09584086799276674,True,0.11468381564844587,24.5,54.5,False,-1.0874311391567915,-12.77518631147585,10.205454699095,-3.4032609182692397,-7.528802990460704,-212.83998704319401,-36.85318008828017,-2.8252366268507885,-15.772989195958324,-0.04269037515380525,0.9881492156080132,15.885765696497234,0.9513888888888893,0,1,0,0,0,0,0,0,-70.37233129554579,-38.28917819293633,-27.57877033881698,-17.66515944114053,13.16077667734804,-13.866565856603813,0,0,1,1,41.9266533247463,1,1,-2,-1,0,-6.076668321295031,-0.2824377349031164,-0.2893295296688702,0,0,-3.46353408186485,2.61313423943018,3.0214855026084497,-2.455347847546456,26.5,54.5
20211112560,2021,25,Round 25,2021-09-04 09:35:00+00:00,Rabbitohs,Dragons,Sunshine Coast Stadium,20,16,4,36,1,False,23,0.9011751733024024,bet365,0.8641975308641975,0.5725190839694657,True,0.5717948717948719,-3.5,50.5,False,2.2103508041383426,19.18303660000281,-19.28451778902508,5.237764730440972,6.186295731677767,386.9657386513886,121.91486021847606,3.8604992113103327,5.040393314086266,-2.139007362643248,1.0566594414976507,-15.99853874358676,0.7951388888888884,1,1,0,0,0,0,0,0,-81.55380118411347,-26.967068957961004,-33.852259940142744,-22.165343633052828,1.4308713470429524,-73.20543721391559,4,1,5,4,302.83686608555,1,1,3,2,0,4.431781919451119,-1.9487324552378515,3.459034001452278,0,0,2.411880114611545,-2.0199018048395727,1.5577138489300508,1.850599969250988,-19.5,51.5
20211112570,2021,25,Round 25,2021-09-05 04:00:00+00:00,Titans,Warriors,Cbus Super Stadium,44,0,44,44,1,False,23,0.6144028203469719,bet365,0.7519531249999999,0.7400000000000001,True,0.7519531249999999,-11.5,51.5,False,0.4658575236995994,0.943634984788126,-1.0222933799688434,1.7501573331825995,3.853034559640406,120.49426523227999,52.5105954452888,1.7455212185345648,-1.9501610052638263,-1.5227744783498913,0.07045634224274178,-7.117501091200975,0.9236111111111107,0,1,0,0,0,0,0,0,-33.94751343342409,-10.582323302893059,-48.139621928837755,3.358337191932236,21.416094606374543,0.2101527609805487,-1,-1,0,2,98.3893096036058,0,0,-1,-2,1,0.787444601455169,-0.21643792498756081,0.3367980705739335,0,0,0.8400879162090115,0.05264331475384243,-0.2368228013630262,1.1090562478291923,-11.5,52.5
20211112580,2021,25,Round 25,2021-09-05 06:05:00+00:00,Wests Tigers,Bulldogs,Moreton Daily Stadium,0,38,-38,38,0,False,23,0.7121379864558374,bet365,0.6712962962962963,0.6627906976744187,True,0.6555819477434679,-6.5,50.5,False,0.9057904481538345,5.807377885465764,0.46742908715634,-4.343446452913398,5.115488934467869,137.2149736739309,69.6457869998768,1.3981080547135316,15.5714105242444,1.8686227851705794,-2.3529590229972985,2.5270433154261696,-0.09375,1,1,1,0,0,0,0,0,82.19618600440833,16.486711604181124,52.098039617045686,20.115100137732867,-6.5036653545513445,-10.939351977103627,0,-1,1,-2,-81.48246707230453,-1,0,0,-3,0,1.7105506762418723,0.06451374891593264,0.7156413720559206,0,0,1.4578266528520165,-0.25272402338985644,0.9880465308521054,0.714053865379259,-7.5,52.5
20211112610,2021,26,Finals Week 1,2021-09-10 09:50:00+00:00,Storm,Sea Eagles,Sunshine Coast Stadium,40,12,28,52,1,False,24,0.7223448673782691,bet365,0.7065217391304348,0.6888888888888889,True,0.701525054466231,-8.5,44.5,False,0.9561228670417348,-11.60477706375384,-2.0717596407353014,-6.069099953541212,-4.765274127922524,-139.59407621523087,-38.63225103092532,-2.422213387799057,-7.09267818289392,-0.3934262534694142,0.3572084387147272,5.200748743088745,0.979166666666667,1,1,1,0,1,0,0,0,1.9706040958194535,-9.43675778508316,-34.69732023325915,-10.784510932107565,56.88919304626934,-0.2776629877400296,0,0,1,3,88.32285836778279,3,2,-1,6,0,0.6607833313120088,0.2687041326972106,0.5426599929723729,0,0,-0.6112080681065324,-1.27199139941854,2.153120818057557,0.8785504038913082,-8.5,44.5
20211112620,2021,26,Finals Week 1,2021-09-11 07:40:00+00:00,Roosters,Titans,Queensland Country Bank Stadium,25,24,1,49,1,False,24,0.6867257202146639,bet365,0.7276507276507277,0.7741347905282332,True,0.7682242990654206,-11.5,47.5,False,0.7848558696670542,0.8655980967287604,8.910160630674238,-5.0528306476836065,-3.2070068652631747,-157.69442076128053,-76.00786678033046,-0.22465632063883056,5.346204064537488,1.8089961805158232,-0.08753069684520032,10.902667494075779,2.7569444444444438,1,0,1,0,1,0,0,0,42.3521699205163,1.770225682434102,33.81626018627594,3.8627618749918327,2.9029221768143714,-8.862484663075207,0,0,0,0,2.8591265074392993,1,0,1,2,0,0.6596354070332497,0.2414346174909302,0.23259775824593595,0,0,0.367693218823299,-0.29194218820995055,0.5287635134104044,0.9827358312823081,-10.5,46.5
20211112630,2021,26,Finals Week 1,2021-09-11 09:50:00+00:00,Panthers,Rabbitohs,Queensland Country Bank Stadium,10,16,-6,26,0,False,24,0.5413365097759633,bet365,0.7346938775510204,0.7590132827324478,True,0.7495069033530573,-10.5,42.5,False,0.1657242954314802,-3.575687490501725,-2.470756592926163,-4.563157652981005,-3.4407442525115,-173.5398933073625,-63.374864017785626,-0.7337632221500332,6.676330767263892,2.8847735358723465,-0.08156814269946722,8.155495532496591,0.9791666666666661,1,1,1,0,1,0,0,0,-29.987922038000647,2.746486163733266,-23.41213958666569,-9.677416973304219,0.3551483582359367,3.2407128481646055,-2,-1,0,0,-16.023009138637946,-1,-1,0,-5,0,0.015586113518209821,0.1561435216261864,-0.4894198053781133,0,0,-1.4492573512308697,-1.4648434647490802,0.21654483666194668,1.0185695809945734,-9.5,42.5
20211112640,2021,26,Finals Week 1,2021-09-12 06:05:00+00:00,Eels,Knights,Browne Park,28,20,8,48,1,False,24,0.6523499503043391,bet365,0.660377358490566,0.6986899563318778,True,0.6876404494382022,-7.5,44.5,False,0.6293847820399003,-4.383750952211761,5.177408299768214,2.460828899880312,-2.4852301049563366,-242.76727565900364,-56.38173764020695,-0.6206042741476288,-1.3533815675398628,0.39582919389301985,-0.014978434314010691,11.81398527678985,0.7881944444444446,1,1,1,0,1,0,0,0,-25.520463073208816,-6.514466576557311,-20.810731117871597,5.388351897199499,-3.5836172759794636,-1.6527602353554016,3,1,0,2,60.012182462929175,-1,1,1,2,0,1.242745114821251,0.3966137890666938,-0.03378125553947187,0,0,0.8888173934384539,-0.35392772138279716,-2.3648964284796556,0.6649763035932489,-6.5,46.5
20211112710,2021,27,Finals Week 2,2021-09-17 09:50:00+00:00,Sea Eagles,Roosters,BB Print Stadium,42,6,36,48,1,False,25,0.4563303339875704,bet365,0.7346938775510204,0.7685185185185186,True,0.7619047619047619,-11.5,48.5,False,-0.1751248669306584,3.3851177807546264,-0.2238472255220536,3.273796178620941,-0.6578009679575771,-80.8903470132102,-60.555070326541966,0.6294244924055574,6.657808911568864,-1.4306678133003192,0.737520507853473,-12.611972132037732,0.9097222222222223,1,1,1,0,1,0,0,0,28.591273283609098,54.03319941562842,-18.012812771690903,-13.549094809153218,6.119981448824888,20.469462203796468,0,-1,0,-2,-103.60525188659352,0,0,-1,-1,0,1.8131157894065897,-0.1519148694686303,-0.02444680256226288,0,0,1.7938112998596334,-0.019304489546955406,2.4412682281606957,1.0185695809945734,-10.5,48.5
20211112720,2021,27,Finals Week 2,2021-09-18 09:50:00+00:00,Panthers,Eels,BB Print Stadium,8,6,2,14,1,False,25,0.6959243169506424,bet365,0.7734806629834253,0.7741347905282332,True,0.7787769784172661,-11.5,42.5,False,0.8279642865876773,5.218527938308895,-11.50330771895976,-3.3357003740750883,-0.8066000526558241,38.17434842412649,-3.9113402613929793,1.8428000348725861,7.905412628461775,1.2707849872574002,1.0247847585145369,-2.793319191323974,0.84375,1,1,1,0,1,0,0,0,20.89141058735629,11.613688356189954,16.3662362580541,2.37525896890466,-9.463772995792397,-2.614151174379799,1,0,0,0,14.12454155745435,1,1,0,2,0,2.6202203008638336,-0.4616123327781587,0.44342281639612063,0,0,0.899896021973395,-1.7203242788904385,-2.3627453184117524,1.228070355904996,-12.5,42.5
20211112810,2021,28,Finals Week 3,2021-09-24 10:05:00+00:00,Rabbitohs,Sea Eagles,Suncorp Stadium,36,16,20,52,1,False,25,0.6524565240143333,bet365,0.4545454545454546,0.558974358974359,True,0.5529715762273902,-1.5,45.5,False,0.6298547391846201,-5.161642919543695,-5.19508489733856,7.258959669681332,3.339345404100584,214.90350948032574,114.8758305679105,-0.6533593590363562,-5.060281878654571,-1.5310627149266178,-1.6294809705353615,-2.625789024519147,5.999999999999999,1,1,1,1,1,0,1,0,28.45710915484699,-17.51972953486387,31.805996171382475,7.57918384399261,6.591658674335903,6.282240461681738,0,0,0,-2,-8.902407610547982,0,-1,0,-1,0,0.3175361445631193,0.42295290786427664,-0.03814101718951629,0,0,-0.25969306017228666,-0.5772292047354065,2.9802351920086014,-0.18232155679395445,2.5,44.5
20211112820,2021,28,Finals Week 3,2021-09-25 06:00:00+00:00,Storm,Panthers,Suncorp Stadium,6,10,-4,16,0,False,25,0.6357019756295528,bet365,0.6919642857142858,0.7246376811594202,True,0.733739837398374,-9.5,40.5,False,0.5567575808235814,10.446529666571166,3.34886969033008,-4.170226352511065,2.7592010489263714,34.94002087672379,-17.512118875339695,1.8646224319856497,1.9609258724874579,-1.5843684875451665,0.21347058137690045,-7.2430371829592985,7.159722222222222,1,1,0,1,1,0,1,0,7.343901381233991,15.861989006738725,-24.3872623283508,-19.00939927061654,34.87857397346262,2.141115744615888,0,0,0,2,52.903115221108315,0,0,-2,-2,0,1.5995904083541799,0.7441828076458288,0.14610172792865647,0,0,2.0514431009153418,0.451852692561161,-1.7324792885093245,0.8093186123219878,-7.5,40.5
20211112910,2021,29,Grand Final,2021-10-03 08:30:00+00:00,Panthers,Rabbitohs,Suncorp Stadium,14,12,2,26,1,False,26,0.5822563369000272,bet365,0.5822784810126582,0.5822784810126582,True,0.5808080808080808,-3.5,36.5,False,0.3320427939344743,-13.790983410958663,-4.525630825114796,-2.7681763744860035,-5.69515664136226,-200.55715929665075,-104.82797120245323,-1.8141716987707772,4.500958512978421,1.8397844571050896,0.6468036106158395,10.78636114366197,-0.8298611111111125,1,1,0,0,1,0,0,0,-19.349760929617105,-10.39397296916303,2.440772344408032,-8.372646045077119,-3.0239142597849593,-9.37062406721489,0,0,0,1,34.32033401752821,1,0,0,1,0,-0.4227214258184109,-0.17173660835730908,-0.13154966749927174,0,0,-2.1423975685383727,-1.719676142719962,-1.5149134142187435,0.3321338350226147,-3.5,38.5
20221110110,2022,1,Round 1,2022-03-10 09:05:00+00:00,Panthers,Sea Eagles,BlueBet Stadium,28,6,22,34,1,False,27,0.688766121718647,bet365,0.6188118811881189,0.4573643410852713,True,0.45854922279792754,1.5,39.5,False,0.7943571176561799,-8.386277598871107,-8.934931294265649,4.371529868798419,1.2079310990234617,97.64477515970748,34.22271996952145,-1.9885045657383298,-2.289109427691045,-1.4420093223775954,-1.1092445032101388,10.428814577072824,0.0,0,0,0,0,0,0,0,0,-13.611690647605883,-35.63409022138404,10.498579846431056,8.052700116507538,3.471119610839537,-11.879907817808572,1,1,0,3,129.43486269013943,-2,1,1,0,1,-0.17568449319146162,-0.23507655230387114,0.2551054874174872,0,0,-0.9311467035239214,-0.7554622103324597,-0.09094606257201288,0.48450831544861767,-4.5,40.5
20221110120,2022,1,Round 1,2022-03-11 07:00:00+00:00,Raiders,Sharks,GIO Stadium,24,19,5,43,1,False,24,0.5869233358899172,bet365,0.5,0.4869791666666667,True,0.4830287206266319,1.5,42.5,False,0.35126100492518475,-2.6721517877661327,2.0407368941702124,-3.9433838921109157,-1.3052404828414552,-45.63872920871404,50.17844534824485,-1.3637685072967747,2.2824111504118605,1.494464037399494,1.256449134280476,-3.0260486656608734,0.0,0,1,0,0,0,0,0,0,50.633198940172065,23.694652853921667,51.22136681885365,-47.83040574798393,23.547585015380676,10.540467162244312,0,0,1,1,40.37964935565333,0,0,0,0,0,-0.5193806815118381,-0.25164814042670386,-0.10242684228969687,0,0,-0.3249787555205174,0.19440192599132072,0.03324064895894589,0.0,1.5,44.5
20221110130,2022,1,Round 1,2022-03-11 09:05:00+00:00,Broncos,Rabbitohs,Suncorp Stadium,11,4,7,15,1,False,24,0.29077998454000004,bet365,0.3181818181818181,0.27536231884057966,True,0.264765784114053,10.5,44.5,False,-0.8915988820547002,-0.5134170484232357,6.194989314074888,-2.1638470812160335,-3.1511928828081537,-28.000135781567224,9.399499219315544,0.16489869816912606,-6.626189209369922,1.0983733063956524,0.8166548924172141,4.513892903751309,0.0,0,1,0,0,0,0,0,0,-43.94083706386482,-58.66698315826858,-6.091333321257565,12.258916258178715,8.55856315748261,-30.82373233458779,0,-1,1,3,115.14782375561822,3,-1,0,0,-1,-1.3915931413042044,0.26244837370647445,-0.6054982179000543,0,0,-0.7953440517615677,0.5962490895426369,0.32239891302557405,-0.7621400520468969,7.5,46.5
20221110140,2022,1,Round 1,2022-03-12 04:00:00+00:00,Roosters,Knights,Sydney Cricket Ground,6,20,-14,26,0,False,25,0.6843304546606596,bet365,0.7519531249999999,0.8457374830852504,True,0.8325925925925926,-16.5,46.5,False,0.7737449979865656,0.7328847421566493,3.733571508546074,-5.277301755723144,-0.4719088209267639,-40.265648008147764,-19.02563926519241,0.6563607652711259,0.1259290779001354,1.5544334544660057,1.0690672481913532,9.159961734668677,0.0,0,0,0,0,0,0,0,0,15.434313138924836,20.81735208642675,-10.658785469574894,-7.2775623848888245,12.553308906961746,27.966551633735577,1,0,-1,1,32.01520872043068,0,1,-2,3,1,0.3180120919112427,-0.025429408120683034,0.06675600460786839,0,0,0.21615467880228106,-0.10185741310896161,-0.21506625132839244,1.1090562478291923,-10.5,47.5
20221110150,2022,1,Round 1,2022-03-12 06:30:00+00:00,Warriors,Dragons,Sunshine Coast Stadium,16,28,-12,44,0,False,24,0.5374472928952786,bet365,0.6188118811881189,0.4675324675324676,True,0.4675324675324676,1.5,43.5,False,0.1500701836970449,-3.363732864009698,-0.7484722019121754,-2.5561189969691327,-2.0474910991943602,-78.01235945691178,-24.32349448868075,-1.127858854886298,-3.5788773866369823,-0.22615026351517464,1.0496883391777865,0.5900319495171615,0.0,1,1,1,0,0,0,0,0,-42.20985668498088,-24.238798536887685,-3.1036014086974717,-34.267018487266554,19.399561747870848,-39.12420587651292,0,0,1,-4,-150.59268382421175,-1,-2,-2,-6,1,-0.14660970017437813,-0.19628831462572138,0.20077477725878767,0,0,-0.16228612976770018,-0.015676429593321828,0.03663845243203573,0.48450831544861767,-4.5,45.5
20221110160,2022,1,Round 1,2022-03-12 08:35:00+00:00,Wests Tigers,Storm,CommBank Stadium,16,26,-10,42,0,False,24,0.27639812639467365,bet365,0.2841880341880342,0.21328671328671325,True,0.20905923344947733,12.5,46.5,False,-0.9623990295314877,-5.3900485212483105,12.863365321735113,-0.07372647477788519,-2.4893212216142757,-106.08996554476084,47.99813876964532,-0.984231718362583,-7.126736707131709,0.030019414948952772,0.3830912465834224,4.543611799118246,0.0,0,1,0,0,0,0,0,0,-9.337586708925414,-36.342868731365684,22.320963356519343,-0.3049403959877566,4.9892590619086405,-1.7050583520334612,2,0,0,0,-48.4176519847249,-1,1,0,2,1,-1.4758595732154918,0.5657310417631204,-0.8313234213287359,0,0,-0.5254445919578746,0.9504149812576173,0.2736510010780831,-0.9237814036033127,9.5,47.5
20221110170,2022,1,Round 1,2022-03-13 05:05:00+00:00,Eels,Titans,CommBank Stadium,32,28,4,60,1,False,25,0.6529912630659006,bet365,0.6341463414634148,0.7741347905282332,True,0.7586206896551725,-12.5,43.5,False,0.6322137913879143,-7.163658831179589,1.2094785841455788,4.493048245921457,-1.499754173413045,-87.25017164121209,-54.94709980073617,-1.6280699327250492,-2.988690710525834,-0.5904924363181934,-0.010208152179909113,6.942964999894613,0.0,0,1,0,0,0,0,0,0,54.991866491441215,47.796709187327565,-6.358344374501115,-4.851369208008492,18.40487088662333,42.57310153561889,-2,-1,1,1,-13.05250871375631,-1,1,2,1,-1,-0.008846288155829496,0.04416629028866319,-0.01644669181548633,0,0,-0.26077797237785505,-0.2519316842220256,-0.2106131889105147,0.5500463369192725,-5.5,46.5
20221110180,2022,1,Round 1,2022-03-13 07:15:00+00:00,Cowboys,Bulldogs,Queensland Country Bank Stadium,4,6,-2,10,0,False,24,0.5970744331905198,bet365,0.5,0.558974358974359,True,0.557840616966581,-2.5,40.5,False,0.39328993718721694,-0.8379436187651201,7.952389317283213,-4.662605270141171,-1.6869051535436483,28.451153339650773,-32.444507197520466,-0.14350885118150813,-0.10536925644700901,0.7683275181919083,0.09232183652170001,9.016922066374093,0.0,0,1,0,0,0,0,0,0,-54.18148094239325,-5.716633551518697,-22.921171384491856,-14.834528918104553,-10.709147088278286,-40.08745816363063,-2,1,-1,-4,-117.38956343107594,1,-2,-3,-1,-1,-0.6737281656671925,-0.5027783303952525,0.2609526130280632,0,0,-0.07736728562967024,0.5963608800375223,0.23225455613963775,0.0,-1.5,46.5
20221110210,2022,2,Round 2,2022-03-17 09:05:00+00:00,Storm,Rabbitohs,AAMI Park,15,14,1,29,1,False,27,0.635915647029738,bet365,0.7017543859649122,0.6986899563318778,True,0.7130620985010707,-8.5,41.5,False,0.5576803443688249,5.264527047059868,1.0393287519298848,1.1649310523561809,-1.0294165966638644,-109.8869659150671,-68.35752759500411,0.8003777496428297,0.6088687833783375,-0.7726969144308207,1.0019495690683158,2.7884115392711983,-0.979166666666667,0,1,0,0,0,1,0,0,-33.3909647176755,18.28376869890195,3.549092241411529,-22.858710171135044,-32.365115486853924,14.580484038516857,1,0,0,2,34.898224182148994,1,1,-1,2,-1,0.30475340636648074,-0.01337311867417923,0.004468808921845424,0,0,0.3244520848031996,0.01969867843671891,-0.20018330759950798,0.8556661100577201,-7.5,41.5
20221110220,2022,2,Round 2,2022-03-18 07:00:00+00:00,Dragons,Panthers,Netstrata Jubilee Stadium,16,20,-4,36,0,False,25,0.27387185837886363,bet365,0.2982456140350877,0.2495126705653021,True,0.24803149606299213,10.5,41.5,False,-0.9750661760141018,1.2487257500780409,12.360564283856977,-4.643367574020942,-1.3000997372228582,-189.4006986109507,-38.98144429373042,0.6020356732386034,-3.457454347439956,2.2885330126277417,-0.794453629241691,-5.234678308942627,-1.8923611111111116,0,0,0,0,0,0,0,0,18.157153247530687,-15.70019408204027,-21.51208764026279,13.723649157804772,41.64578581202903,-0.038212299297839536,0,0,1,2,36.37790589283787,0,0,1,0,-1,-1.4775299115733818,0.36057656619598627,-0.6657341771396063,0,0,-0.1570045864656504,1.3205253251077314,-0.5663982684549485,-0.8556661100577202,8.5,43.5
20221110230,2022,2,Round 2,2022-03-18 09:05:00+00:00,Roosters,Sea Eagles,Sydney Cricket Ground,26,12,14,38,1,False,27,0.5490292349447392,bet365,0.5555555555555556,0.5324675324675325,True,0.5324675324675325,-1.5,40.5,False,0.1967491764494641,-3.6457419506664586,0.4086997204638756,-5.4498575671725575,1.5621121234768722,47.257889288668366,28.767668197491503,-0.985177145051126,-7.5397167192659715,1.2499356279288971,0.734592658473181,2.6620319224663973,-1.7881944444444446,0,0,0,0,0,0,0,0,27.758332844046436,-26.75635084567972,6.507704051531732,12.836734769037648,35.170244869156946,5.493234528215112,1,0,-1,6,204.52794543389678,0,0,-2,-1,1,-0.6296405338150418,0.05281561230686663,-0.08356662863044588,0,0,-0.8578615435979806,-0.22822100978293913,0.43602477286072816,0.22314355131420993,-1.5,41.5
20221110240,2022,2,Round 2,2022-03-19 04:00:00+00:00,Titans,Warriors,Cbus Super Stadium,20,18,2,38,1,False,25,0.6371806252796874,bet365,0.6712962962962963,0.7081545064377682,True,0.7118279569892474,-8.5,46.5,False,0.5631480514232203,9.346575764266522,-3.9888211840711882,1.3495134928962926,2.9077681184872617,145.07541547933283,17.885216316017136,1.6370915583516545,6.873146859677895,-0.15961569044237578,-0.618673939685733,-6.604410156033417,-0.9409722222222223,0,1,0,0,0,1,0,0,-1.4869815285461527,5.509023267050054,0.2881940290933471,25.333070354019995,-32.61726917870962,10.439031999811448,-1,-1,0,1,79.85174974311735,-1,-2,0,-4,1,0.698877323636088,-0.072107547339603,0.23982604482729544,0,0,0.677797694602267,-0.021079629033821046,0.9922922292143725,0.714053865379259,-5.5,47.5
20221110250,2022,2,Round 2,2022-03-19 06:30:00+00:00,Sharks,Eels,PointsBet Stadium,18,16,2,34,1,False,25,0.4632658863772983,bet365,0.4764397905759163,0.4675324675324676,True,0.46354166666666663,1.5,42.5,False,-0.14720168108088846,0.49579315859141104,-0.1997467443488823,-4.205594162225012,-3.542764911618413,-75.1509890339571,-52.90658778562454,1.0629522158483304,-0.040088439465680636,0.7510075249098875,1.1755543188287505,6.814293894738853,1.9201388888888893,0,0,0,0,0,0,0,0,-40.25702297216401,-37.565007028116554,-11.744095226265728,10.68519669704088,-1.6331174148227205,-10.48370568222137,0,0,1,-1,-8.063313315224264,0,0,0,-1,1,-0.10468462713954066,0.08293033156762906,-0.009327754772166387,0,0,-0.08396493502743463,0.020719692112105975,0.5689600074171398,-0.09431067947124093,1.5,40.5
20221110260,2022,2,Round 2,2022-03-19 08:35:00+00:00,Cowboys,Raiders,Queensland Country Bank Stadium,26,6,20,32,1,False,25,0.4160230006838791,bet365,0.4764397905759163,0.4177215189873418,True,0.39205955334987597,4.5,41.5,False,-0.3391210484816581,-5.519131113743089,0.14543634188392218,-0.8802190329667638,-2.441322649471296,128.6210500043676,20.27737091680308,0.14427543394632014,-9.7806679331222,-0.4333372348487696,0.5466899321661964,0.11903102874951088,-2.010416666666666,0,1,0,0,0,0,0,0,-33.79932048154262,13.02781969994652,-37.23336330537285,-5.591761187380229,-4.002015688736051,7.586108670677959,-2,-1,-2,-1,-43.23098645311521,0,-1,0,-1,-1,-0.7540883116119935,-0.07148296108265713,-0.10632486644197525,0,0,-0.6484376517183954,0.10565065989359834,-0.3668336347713067,-0.09431067947124093,1.5,42.5
20221110270,2022,2,Round 2,2022-03-20 05:05:00+00:00,Knights,Wests Tigers,McDonald Jones Stadium,26,4,22,30,1,False,25,0.6575076158891118,bet365,0.6712962962962963,0.6,True,0.5944584382871536,-3.5,40.5,False,0.6522069258036831,3.4163444317849496,-9.914929184781464,3.374588994447265,0.7230835296729339,157.6943794653248,50.15311004494481,1.5512535715549465,1.977191481204649,-0.5689820806584347,-0.4419541118433985,-7.939867334200553,0.19097222222222232,0,0,0,0,0,0,0,0,49.09734262641189,15.334042296525098,13.106366219297712,40.60334136457308,-19.94640725398409,3.6844675555522883,1,0,0,3,160.0618417496189,0,0,0,-1,-1,1.0697806565935575,0.23181846733024813,0.17402213161560715,0,0,0.09296503188088917,-0.9768156247126683,-0.023735171534786215,0.714053865379259,-5.5,44.5
20221110280,2022,2,Round 2,2022-03-20 07:15:00+00:00,Bulldogs,Broncos,Accor Stadium,10,16,-6,26,0,False,25,0.49034255728846493,bet365,0.5555555555555556,0.4177215189873418,True,0.41057934508816124,3.5,38.5,False,-0.03863457572426871,-2.738297435388578,-0.9551744695224471,-0.5042187005575869,-0.6503548435892768,-14.35078094113419,-7.3060459433661435,-0.11502426717013758,-4.596083689255735,-1.4639098250460112,1.3701384693221712,1.501121187177457,-1.9236111111111107,0,1,0,0,0,0,0,0,-23.56059200500522,-16.3945889650833,-21.517154833917715,-10.054184950776232,24.405336744772114,-11.330641496351376,-2,-1,1,1,-19.32619948574819,1,0,-1,-2,1,-0.26796406653311877,0.020010620739798646,-0.1324560856120522,0,0,-0.35341578578548116,-0.08545171925236239,-1.4574458587066683,0.22314355131420993,-1.5,40.5
20221110310,2022,3,Round 3,2022-03-24 09:05:00+00:00,Dragons,Sharks,WIN Stadium,12,36,-24,48,0,False,26,0.5007060483537006,bet365,0.4444444444444444,0.4274809160305344,True,0.43444730077120824,2.5,34.5,False,0.0028241952919678967,-0.5979208146999078,2.266830978344231,-2.009396077495964,3.7327759096892947,-28.118196900715247,57.37781344227926,-1.9102716817697107,-5.529955964864431,1.055456189581049,-1.091384039692909,-8.278997032448675,0.9791666666666661,0,0,0,0,0,-1,0,0,-11.932060528516786,-8.45291941647281,14.00483015658898,-5.9523748762061075,-11.531596392426906,-20.866746869750386,1,0,-1,2,82.53854277927547,0,-1,1,-1,0,-0.21494585056054866,0.10876783498444235,-0.27144794772506986,0,0,-0.05060466486183482,0.16434118569871387,0.5892480769068001,-0.22314355131420985,2.5,38.5
20221110320,2022,3,Round 3,2022-03-25 07:00:00+00:00,Wests Tigers,Warriors,Campbelltown Sports Stadium,12,16,-4,28,0,False,26,0.5614631456926414,bet365,0.4895287958115184,0.39999999999999997,True,0.41518987341772146,2.5,36.5,False,0.24710228197899817,-3.4989853391923855,2.4786339069262553,-2.444703927930874,0.7276777982322429,-81.47799790134468,-23.632236117785908,-0.45604606654543023,-0.7046824784770571,1.4368697478419339,-0.8214849616211346,-2.248775341533289,-1.0451388888888893,0,1,0,0,0,1,0,0,-20.379879950670784,5.54726862198396,-44.180181571735744,4.340681452653868,13.912351546427175,12.033667754721819,1,-1,1,5,139.44141952443024,1,2,0,3,0,-0.26982624259677634,0.20327496934286782,-0.25865373590670954,0,0,-0.036358108700475844,0.23346813389630044,0.556572069327073,-0.041890941709159794,1.5,37.5
20221110330,2022,3,Round 3,2022-03-25 09:05:00+00:00,Rabbitohs,Roosters,Accor Stadium,28,16,12,44,1,False,28,0.6628236535753997,bet365,0.4444444444444444,0.39999999999999997,True,0.4080604534005038,3.5,37.5,False,0.675902895618833,-2.3551307608627994,-6.168926645045399,-0.6756631811345954,1.035763436902215,94.56389519517757,49.07841074777059,0.2426464813339635,7.194042478987445,1.2519886345459188,-1.5898735382090097,-9.3528241943295,1.0,0,0,0,0,0,0,0,0,18.34219724230718,20.948086439163802,21.317833039702066,16.67677153590614,-40.60049377246486,-2.394834209227639,0,0,0,-1,-3.3368435678063975,0,0,1,1,0,0.6595029743476591,-0.2860402214180096,0.5081964699116682,0,0,0.2401400337315673,-0.41936294061609203,-0.627832399828417,-0.22314355131420985,2.5,37.5
20221110340,2022,3,Round 3,2022-03-26 04:00:00+00:00,Panthers,Knights,Carrington Park,38,20,18,58,1,False,27,0.7100089633664147,bet365,0.8270676691729323,0.7504873294346978,True,0.7319587628865979,-9.5,37.5,False,0.8954275800726104,-1.3823235335619444,-1.1497649971270416,-3.508148618817941,-2.9443544361076235,6.172490891542793,-6.304925904162815,-0.38413050887531996,2.3226648250925876,-0.0191253811285943,-0.21867702902104025,10.33772021443292,1.9201388888888893,0,0,1,0,0,-1,0,0,-19.96095094214877,8.606987579713575,-2.0168911120092616,-28.826755539132023,2.275708129278968,0.012470534631631836,0,0,-1,2,97.92384559550095,0,1,1,-1,0,0.26621166513166405,-0.7063712712251305,0.777882112374875,0,0,0.11275997287938799,-0.15345169225227573,-1.146591412807782,1.5649861498632662,-14.5,37.5
20221110350,2022,3,Round 3,2022-03-26 06:30:00+00:00,Storm,Eels,AAMI Park,24,28,-4,52,0,False,28,0.7293471938426386,bet365,0.7065217391304348,0.660377358490566,True,0.6619718309859154,-6.5,37.5,False,0.9913130376436723,1.1686173559375987,-5.9338631584722314,-7.336867530583135,-4.212016064448804,-148.95016345496356,-40.862002348057786,0.8094506015134035,-2.2082427774012956,3.9592855580401842,1.9199744369281069,-5.636735841822112,1.8923611111111107,0,1,0,0,0,0,0,0,1.7517037236555097,0.26677501777049883,-14.207117963194662,3.2508611496272124,12.441185519452418,-21.971961109391373,1,0,0,1,99.21298818991315,0,1,0,3,0,1.0230871209932488,-0.12073776630692072,0.41978801795254417,0,0,0.3697977848844992,-0.6532893361087497,0.18670564187967412,0.8785504038913082,-7.5,38.5
20221110360,2022,3,Round 3,2022-03-26 08:35:00+00:00,Raiders,Titans,GIO Stadium,24,22,2,46,1,False,26,0.5698045330957169,bet365,0.6341463414634148,0.5454545454545455,True,0.5428571428571429,-1.5,40.5,False,0.28105369802703545,-6.827398059651912,1.9645765490955895,-5.213350751685951,-2.043298741081763,-235.0307579068699,-63.366263955288616,-2.032502723384776,0.8355084819561611,0.6711133346709897,1.5571515451330695,1.3555754014633337,-0.19097222222222232,0,1,0,0,0,0,0,0,23.052048910387953,-9.943145195124544,4.760322465996694,-0.31550705240059074,28.550378691916436,-13.803438961038154,1,1,1,-2,-104.76299327850963,0,1,0,1,-1,-0.6541048500428774,-0.07201847314461489,-0.04177479647072743,0,0,-0.7362869830777348,-0.08218213303485716,0.8750873238855268,0.5500463369192725,-6.5,39.5
20221110370,2022,3,Round 3,2022-03-27 05:05:00+00:00,Broncos,Cowboys,Suncorp Stadium,12,38,-26,50,0,False,26,0.6322445946979304,bet365,0.5949367088607596,0.6682027649769585,True,0.6735632183908046,-7.5,39.5,False,0.541858278522597,-0.06553059780146597,-2.6403801326284686,4.085975230062132,-4.103366359913963,-122.46941837860368,-27.28930024579938,0.3594606251120922,4.357084908880118,0.449564406567605,-0.8216916803942542,-1.8359651675625202,-0.9444444444444446,0,0,0,0,0,0,0,0,64.94343174246092,9.067907638154054,29.993632791569723,18.400136058716797,7.4817552540203,18.108817592332798,0,0,0,3,100.20339089970959,0,0,0,0,0,0.4868819917587307,0.14897831337905212,0.00462979472543365,0,0,0.14076027312579814,-0.3461217186329325,-1.2478611257423644,0.38441169891033233,-4.5,38.5
20221110380,2022,3,Round 3,2022-03-27 07:15:00+00:00,Sea Eagles,Bulldogs,4 Pines Park,13,12,1,25,1,False,26,0.7614035603986183,bet365,0.7065217391304348,0.7685185185185186,True,0.7839285714285713,-10.5,38.5,False,1.160389932545573,2.8913920817302916,8.541414060661271,0.8489049444194166,-5.467022268042257,-221.53829106506555,-42.59155889832721,-0.6837774614662897,4.406115572696386,-0.802401609255968,-0.2077175185923723,3.38225926715975,1.9236111111111107,0,0,0,0,0,0,0,0,-25.370066905744466,15.881305191036404,-9.729309123199812,-14.95587204568686,-16.56619092789427,-30.445843057215995,-1,-1,-1,-6,-181.14224999908805,0,-1,-1,-1,-1,0.24800016964063198,-0.34301122171284903,0.43409752120437245,0,0,1.0202955947738503,0.7722954251332187,-0.0849634570231112,0.8785504038913082,-9.5,37.5
20221110410,2022,4,Round 4,2022-03-31 09:05:00+00:00,Titans,Wests Tigers,Cbus Super Stadium,8,6,2,14,1,False,27,0.6655925791965197,bet365,0.7065217391304348,0.7429718875502008,True,0.7470119521912351,-10.5,44.5,False,0.6883176680388688,10.533242468946867,-1.9280146192693586,3.1694382612242435,0.10664244947047052,58.9921492557221,15.107319837202795,1.4467122711812546,6.010052208951926,-1.8424659884801446,-2.1778545884776257,4.522385368425095,-1.0659722222222223,0,1,0,0,0,1,0,0,-0.7834938775758928,-5.723404396482067,15.514682729204935,10.930165046994233,-21.504937257292966,-10.035661431554985,1,0,0,1,56.82867192554832,-1,-1,2,2,0,1.2092833050707217,0.017875507233181834,0.13730010870596643,0,0,0.9445028189232137,-0.26478048614750743,0.5957590683073339,0.8785504038913082,-7.5,43.5
20221110420,2022,4,Round 4,2022-04-01 07:00:00+00:00,Sharks,Knights,PointsBet Stadium,18,0,18,18,1,False,27,0.5781694474051727,bet365,0.6547619047619047,0.6787330316742082,True,0.6728110599078342,-6.5,37.5,False,0.3152632880454428,3.831919359015913,-2.746260245817755,-5.766133230546785,-2.942899092519667,-16.996803929484486,-57.008816009565976,1.9686904669850769,3.273578958418298,1.6653667416501232,0.2996613192341462,14.626900937087555,1.7881944444444446,0,0,0,0,0,0,0,0,9.61092997092328,-5.407226387585865,2.0557717228081174,-10.67262685217267,23.635011487873854,8.583299501066904,-1,0,1,-1,-46.90186904306829,0,1,-1,-1,0,0.43184031475862616,0.046462232752707694,-0.006343919680692006,0,0,0.3938812449860595,-0.037959069772566884,0.19978581282143368,0.6400373552459965,-5.5,37.5
20221110430,2022,4,Round 4,2022-04-01 09:05:00+00:00,Panthers,Rabbitohs,Penrith Park,26,12,14,38,1,False,30,0.6382530232434553,bet365,0.7065217391304348,0.6682027649769585,True,0.6735632183908046,-6.5,35.5,False,0.5677897846765633,5.325735212592207,-0.3061277983331241,4.41896147881333,-1.1782515343194362,-43.13903222557428,-19.11578009205425,0.006981171253162,-4.073552944436614,-2.844685468362991,1.3653345152394554,0.5807235082017783,-0.7881944444444446,0,0,0,0,0,0,0,0,-1.4776799824234104,5.055726369325441,-16.919879387921043,7.153225648049187,3.2332473881229475,20.791881480205745,1,1,1,2,85.51921482217362,2,0,0,3,0,0.5735098062463873,0.05493012958678167,0.2075744247092173,0,0,0.33154786345877607,-0.24196194278761085,-0.6423529430897404,0.8785504038913082,-7.5,37.5
20221110440,2022,4,Round 4,2022-04-02 04:00:00+00:00,Warriors,Broncos,Kayo Stadium,20,6,14,26,1,False,27,0.5747123242200939,bet365,0.38118811881188125,0.44871794871794873,True,0.4384615384615385,2.5,42.5,False,0.30110378576885505,-0.3761961888207672,-0.49514803105444116,-2.5362085355388757,1.9075947308051298,27.838663936716102,10.140409514644375,-0.20362655852868228,-11.776586568227795,0.31836943242709914,1.225683773921018,0.3458799999095774,1.9201388888888893,1,0,0,0,0,-1,0,0,-34.58677372265163,0.6522795726773722,7.22597696442304,-32.4814263446757,-9.983603915076372,6.589052528275062,1,1,-1,1,0.9313667320483319,-2,1,0,0,0,-0.05581212770409072,0.019533756067545704,-0.21578210059073744,0,0,-0.001900620532061914,0.05391150717202878,-0.4729709573896765,-0.48450831544861694,4.5,42.5
20221110450,2022,4,Round 4,2022-04-02 06:30:00+00:00,Sea Eagles,Raiders,Glen Willow Oval,25,6,19,31,1,False,27,0.5677541683260368,bet365,0.7065217391304348,0.6557377049180328,True,0.6651162790697673,-6.5,42.5,False,0.2726940415976688,-2.4802155467506672,-1.9123931777513228,4.900201280994807,-0.6582763123465725,34.132385633722606,12.090878659010059,0.5995957121838296,-3.9736076266177704,0.7391739062966902,-0.7777267740269949,-2.3137939003249564,-0.9444444444444446,0,1,1,0,0,1,0,0,-30.139625343131797,30.230621606054598,-26.859741278383723,-20.929765086699078,-12.580740584103609,-4.769215982445132,0,0,1,0,-19.3903102069983,1,0,0,0,0,0.5539379855559545,0.003916856943093683,0.04722916685683374,0,0,0.38547620848570596,-0.16846177707024867,0.3812825690729045,0.8785504038913082,-7.5,40.5
20221110460,2022,4,Round 4,2022-04-02 08:35:00+00:00,Cowboys,Roosters,Queensland Country Bank Stadium,4,28,-24,32,0,False,27,0.4381000989720431,bet365,0.30803571428571425,0.3498817966903074,True,0.32568807339449535,6.5,40.5,False,-0.24887630124813945,5.891751688038099,-6.874986097034366,7.43124695074286,2.819789183291391,115.95085962938947,56.88345946308766,-0.7172219473892145,-3.128918502900717,-3.6388029179179497,-0.7058970659255497,2.6898138525102055,-1.833333333333334,0,1,0,0,0,0,0,0,-28.87320476037587,-0.0180164922330448,12.168210833996454,-11.746175029114255,-29.277224073025053,-1.1613517621827327,0,0,-1,0,10.255447713266669,0,-1,0,1,0,0.7052461165063049,0.2413307300289933,-0.045024045889356976,0,0,0.30287244752480946,-0.4023736689814953,-0.37290779406332253,-0.8093186123219875,7.5,40.5
20221110470,2022,4,Round 4,2022-04-03 06:05:00+00:00,Storm,Bulldogs,AAMI Park,44,0,44,44,1,False,27,0.8640427737811216,bet365,0.8283132530120482,0.8391608391608392,True,0.8482384823848238,-16.5,40.5,False,1.8492819510998,7.698750482453008,3.657913701151015,-4.919585737866143,-1.3423810391750308,-24.404709614409285,12.597823056994002,1.5089883838808413,9.770088436974351,1.7482961984204124,0.9489360959283486,2.638598246785687,1.03125,0,1,0,0,0,0,0,0,39.82112662598797,50.69125314522904,-8.747384315514694,-5.8173876417630765,3.69464543803673,11.229144570900758,1,0,0,-2,-50.5520523288795,0,0,-1,0,-1,1.1321325173321566,-0.36645897805247174,0.2913342465679829,0,0,1.3606065269665246,0.22847400963436754,-1.287553349169468,1.573719829832021,-15.5,39.5
20221110480,2022,4,Round 4,2022-04-03 08:15:00+00:00,Eels,Dragons,CommBank Stadium,48,14,34,62,1,False,27,0.7548694500208075,bet365,0.7065217391304348,0.7429718875502008,True,0.7470355731225296,-10.5,40.5,False,1.1247538947332252,4.337395909177786,-4.5376615435372685,6.887116668734365,0.4882033867619313,165.24309423212162,19.80492294205783,0.2507286421577879,3.521442239936672,-1.5860439746547748,-0.3916411547238159,8.600154056474125,-1.8923611111111125,0,0,0,0,0,0,0,0,26.364824888792327,26.24489560285201,38.792935867046424,-27.244735738799022,-11.428270842307128,3.635831736191932,-2,0,1,-1,-24.547945817823546,1,-1,0,0,0,1.0068718153064078,0.0009311629807513544,0.07064832638119364,0,0,0.5289733791285582,-0.4778984361778494,0.8370106068526504,0.8785504038913082,-7.5,38.5
20221110510,2022,5,Round 5,2022-04-07 09:50:00+00:00,Knights,Sea Eagles,McDonald Jones Stadium,6,30,-24,36,0,False,29,0.47509709892126945,bet365,0.39698492462311563,0.5512820512820513,True,0.5348837209302325,-2.5,32.5,False,-0.09969409323438654,-3.735142511737223,3.247034594987337,4.224776437339003,0.6038280387844708,-72.60446350159236,-22.715229398771157,0.11734465630396107,-1.970827906307921,-2.1815190481480506,0.34510684966448846,0.7498133477676738,0.9791666666666661,0,0,0,0,0,-1,0,0,17.682942708174664,-8.130306186055776,2.995255809504414,38.8253494160999,-16.0073563313738,16.51613318011772,-1,0,-1,-1,-40.729227548317226,0,-2,0,-1,0,-0.7159121038533216,-0.13032333742567304,0.011482176089073003,0,0,-0.7510955432393911,-0.03518343938606969,-0.3420471502997471,-0.41804389031502437,3.5,35.5
20221110520,2022,5,Round 5,2022-04-08 08:00:00+00:00,Warriors,Cowboys,Kayo Stadium,25,24,1,49,1,False,28,0.6053077507866954,bet365,0.4444444444444444,0.5324675324675325,True,0.5298701298701299,-1.5,38.5,False,0.4276306623669236,-1.0368394194645596,-2.680401722502392,-2.6656717957613694,-0.3228233350952934,-38.80371880979692,26.054731160562824,0.48693032814894766,-3.2092532074687767,2.5792253122273188,-0.19680326372695323,-2.5263944733107735,0.19097222222222232,1,0,0,0,0,-1,0,0,-22.224358288660483,-9.476309954950892,4.42906788824493,-12.290819123242244,-4.886297098712291,-4.13068875626962,-1,0,0,0,2.8262410349498026,1,0,2,1,0,0.036432296367123224,0.13528231353974002,-0.0359914976823818,0,0,-0.09525761541303435,-0.13168991178015763,-0.5833513688818714,-0.22314355131420985,2.5,37.5
20221110530,2022,5,Round 5,2022-04-08 09:55:00+00:00,Broncos,Roosters,Suncorp Stadium,20,24,-4,44,0,False,28,0.38489142194610887,bet365,0.35251798561151076,0.17557251908396945,True,0.17996870109546162,15.5,38.5,False,-0.46883752831137226,-7.416876650279654,3.6197139446548015,1.5967964087255666,-5.385541583319409,-186.15215045788705,-4.557376019120625,-2.4513520924657186,1.824795410621995,0.6098164905522818,-0.1479324350459308,0.29070113568968026,0.19097222222222232,0,1,0,0,0,0,0,0,-22.683021476452154,6.9987772183945935,1.242869443858325,-19.656427844176037,-11.268240294529065,7.479015107647314,1,0,-1,0,11.617400688534445,2,0,1,2,0,-1.3887982506231586,-0.10809449787695746,-0.09915055806943943,0,0,-0.8710376882787743,0.5177605623443844,-0.7554926463598295,-0.6079893722196386,6.5,39.5
20221110540,2022,5,Round 5,2022-04-09 05:00:00+00:00,Raiders,Storm,McDonalds Park,16,30,-14,46,0,False,28,0.25742157672234245,bet365,0.26530612244897966,0.1768292682926829,True,0.20307167235494883,14.5,42.5,False,-1.0594133683763853,-12.905386136863765,10.04983945301107,-3.7571208244697516,-1.115358150975517,-156.141345659237,-8.875378214659634,-2.0998955081412394,2.1076747133659026,0.30364298170412596,-0.06500539247666737,-1.9349320499414695,0.9826388888888893,1,1,1,0,0,-1,0,0,-31.228252266846084,-49.807277324429435,9.49858852076568,7.908811033201573,1.1716255036162124,-6.055839628303488,1,0,0,1,49.344955951462936,1,0,0,1,0,-2.846941399238872,-0.0697587768978013,-0.06691553346138711,0,0,-1.636360964668662,1.2105804345702098,0.4345918709326799,-1.0185695809945727,10.5,42.5
20221110550,2022,5,Round 5,2022-04-09 07:30:00+00:00,Rabbitohs,Dragons,Accor Stadium,24,12,12,36,1,False,28,0.8152150631806073,bet365,0.7017543859649122,0.7741347905282332,True,0.7654784240150094,-10.5,39.5,False,1.4842593144657084,1.058612694329895,-14.420026894724511,-1.5166898412730347,0.4757553733560229,200.6534991884389,81.47535469174807,0.4694902445718663,9.067645086929922,1.4777880850450877,0.3172004298004216,-6.4254882533283,1.9652777777777777,0,0,0,0,0,-1,0,0,70.91722278428063,21.200382903571978,43.55041330028254,4.008851051485607,2.1575755289404555,-5.234423346509118,0,0,0,0,-3.694698874433726,-1,1,2,0,0,2.2502858152366394,0.08266401128995116,0.2997171977913871,0,0,0.4452316705545737,-1.805054144682066,0.9510948287620277,0.8556661100577201,-7.5,39.5
20221110560,2022,5,Round 5,2022-04-09 09:35:00+00:00,Titans,Eels,Cbus Super Stadium,20,26,-6,46,0,False,29,0.44679804005638496,bet365,0.38118811881188125,0.31111111111111106,True,0.3167420814479638,7.5,40.5,False,-0.21361646214341917,-10.621704802379327,-2.184058356972507,-10.065037548396887,-2.793275152693397,-128.54920563275414,41.014551176784835,-1.180531566866657,-4.588116745489941,3.409853299749635,0.12010832782692304,-3.502437786311596,2.9652777777777786,0,1,0,0,0,0,0,0,-64.57974713624094,-61.42312353547149,2.183915641615954,-11.482710746577467,6.142171504192035,-35.29885359094874,0,0,0,1,22.280963466709295,2,1,-1,2,0,-1.1763677147287643,-0.10770751712662754,-0.013431348161419603,0,0,-1.0837707212587218,0.09259699347004251,1.382887678376896,-0.48450831544861694,4.5,40.5
20221110570,2022,5,Round 5,2022-04-10 06:05:00+00:00,Sharks,Wests Tigers,PointsBet Stadium,30,4,26,34,1,False,28,0.718514046450016,bet365,0.8270676691729323,0.8682634730538923,True,0.8714285714285714,-18.5,41.5,False,0.9371027072591852,12.250330311755151,-6.5778422983178775,1.2510815825712598,1.0244173864192447,156.1445494765071,-17.358662293660473,2.6012707313577614,9.268734052370448,-1.2335507532887018,-0.6350648418893847,5.8749484338524205,-0.9131944444444446,0,0,0,0,0,0,0,0,56.56936979568138,-5.3008299309476,27.316932342891306,49.586225149405124,-15.032957765667476,-4.115941703242584,-1,0,0,-1,-26.730570384489084,0,0,1,-1,0,2.1364791152487044,-0.061562850225860055,0.34921084787359113,0,0,1.2288474133581024,-0.9076317018906018,-0.781767802278251,1.5649861498632662,-14.5,41.5
20221110580,2022,5,Round 5,2022-04-10 08:15:00+00:00,Bulldogs,Panthers,CommBank Stadium,12,32,-20,44,0,False,28,0.18377190317193312,bet365,0.17293233082706766,0.11894273127753305,True,0.1168122270742358,19.5,40.5,False,-1.4909985144045395,-15.483770012838468,9.430695474638055,-4.704754154482615,-1.0878195162590174,-232.69869967518184,-91.56207427342792,-1.123514059190895,-1.0132437252170696,2.3965838391605825,0.5663189399341917,-7.055925328172101,-1.8750000000000009,0,0,0,0,0,0,0,0,-22.680864509793082,-17.943766836607693,7.222698411012573,-25.55351430968348,13.593718225485432,0.17370925109554491,1,1,0,2,26.29647316602761,0,0,1,2,1,-3.318805152508761,-0.29204851285671407,-0.30418035903516233,0,0,-2.1012379257473084,1.2175672267614526,-1.2113262398285451,-1.5649861498632667,14.5,41.5
20221110610,2022,6,Round 6,2022-04-14 09:50:00+00:00,Raiders,Cowboys,GIO Stadium,12,18,-6,30,0,False,29,0.6284929604622691,bet365,0.6341463414634148,0.6328502415458938,True,0.6219512195121951,-4.5,40.5,False,0.5257570144943778,-4.56415787334884,4.318659844365907,-12.26150066821981,-3.332017219525376,-221.36699552383584,-78.42455511162092,-0.22331201425091596,4.5476540850484675,4.714217314360884,0.08926230420496761,-5.262971425642839,-0.875,0,1,0,0,0,1,0,0,1.1512028022806362,-8.81554336272896,8.224430437569168,-0.4101156563507402,2.1524313837912246,-0.640295715353659,0,0,0,-1,-12.011070711884173,-1,0,0,-2,0,-0.8536597999336477,0.08788081663639877,-0.08211493434494352,0,0,-0.386691561754379,0.46696823817926925,0.1899851594139138,0.5500463369192725,-5.5,41.5
20221110620,2022,6,Round 6,2022-04-15 06:00:00+00:00,Rabbitohs,Bulldogs,Accor Stadium,36,16,20,52,1,False,29,0.848261242345388,bet365,0.7908611599297013,0.7504873294346978,True,0.7534246575342466,-10.5,39.5,False,1.721028314605128,8.914052451725333,-9.437166258244979,-0.40423758292737944,1.7863259474908446,274.5904141687904,86.01157350757808,1.7785400569459657,9.577599061092094,0.2293204558868247,-0.9786637914016962,1.6824346689995693,1.03125,0,0,0,1,0,0,0,0,66.9890516627346,10.342434862075038,19.588214461447535,34.67953358476694,2.378868754445122,-15.228142903783777,1,0,1,1,26.723881691173446,-1,0,2,0,1,2.540258242928239,-0.04097518014963375,0.45227280242867807,0,0,1.4822598825109667,-1.0579983604172727,-1.235572556855172,1.3301240896528366,-12.5,39.5
20221110630,2022,6,Round 6,2022-04-15 09:55:00+00:00,Panthers,Broncos,Penrith Park,40,12,28,52,1,False,29,0.8665775286119868,bet365,0.8810572687224669,0.9128630705394192,True,0.914332784184514,-23.5,41.5,False,1.8710310079705987,11.926376374385718,-8.535038226762094,3.9639802944977873,6.987562970904172,191.03333271750466,28.14605525377965,1.224879818630174,-7.302307087479203,-2.888415212334092,-0.10949622601448628,-1.2673416577255097,-1.9305555555555554,0,1,0,0,0,1,0,0,57.4444193773337,19.089590640760804,32.529002357543106,2.9853546756736478,2.840471703356201,4.26472572694982,0,0,-1,-3,-132.2187459888927,0,-1,-1,-1,0,3.048235536956841,-0.09843680197369498,0.35195301706166726,0,0,1.685137111569306,-1.3630984253875345,-0.4061929863636453,2.002480500543707,-19.5,40.5
20221110640,2022,6,Round 6,2022-04-16 07:30:00+00:00,Sea Eagles,Titans,4 Pines Park,26,18,8,44,1,False,30,0.6995157615178269,bet365,0.6030150753768844,0.625,True,0.625916870415648,-4.5,41.5,False,0.8449930247752017,2.864540880064567,-6.2655881558878495,0.6293480472692323,0.9719804743560516,6.414935124031672,-1.4486274900417584,-0.6621970576994958,3.5366099871323904,-0.08966588794229224,2.6663025005449272,-4.354131216833668,1.989583333333334,0,1,0,0,0,0,0,0,-41.2997595565962,20.10495783250198,-38.152516029636814,-31.603376745752172,8.351175386290777,-11.755344591863974,0,0,2,2,84.95225003007695,1,0,-1,-1,0,1.1473405963236745,0.02089388839008849,0.17037507529012524,0,0,0.41310880080943524,-0.7342317955142391,0.3746888007610173,0.41804389031502426,-3.5,42.5
20221110650,2022,6,Round 6,2022-04-16 09:35:00+00:00,Storm,Sharks,AAMI Park,34,18,16,52,1,False,29,0.7458942761671726,bet365,0.7276507276507277,0.6818181818181818,True,0.6853932584269663,-6.5,38.5,False,1.0768334532260069,3.645426681518437,3.8586886512098513,3.3322520875178583,-2.3687155296256606,-129.47522901993761,0.910606127224014,-1.281997442141182,-7.25079431718455,-0.7426092627169982,0.98261398710709,2.9316628297350604,1.0451388888888893,0,1,0,0,0,0,0,0,-36.78951322054479,55.61846178031513,-15.24422923800961,-39.305827213035,-37.85791854981527,6.627904852762896,0,0,1,0,-18.588780871539683,0,-1,0,-2,0,0.5217093615182058,0.0803405114070117,0.04856185779502198,0,0,0.6910667801951202,0.16935741867691434,0.18388140331249303,0.9827358312823081,-8.5,37.5
20221110660,2022,6,Round 6,2022-04-17 04:00:00+00:00,Roosters,Warriors,Sydney Cricket Ground,22,14,8,36,1,False,29,0.7106961075927497,bet365,0.795847750865052,0.7894736842105263,True,0.8020134228187921,-14.5,44.5,False,0.8987672564917502,2.3468487240878986,-0.6185976997256546,-4.8261767534066,1.6898793295112426,102.80323811445214,-23.510246473405914,1.2426119836636156,2.786669894569897,1.8509630004080115,0.663990630175145,2.9628257194514696,-0.07986111111111249,0,1,0,0,0,0,0,0,21.222027144769754,-15.113682604975168,-1.4414202207724145,34.654717806213654,3.122412164303668,-15.522364761260576,0,0,1,0,0.7825421946396887,0,0,-1,-1,0,0.7406980242978188,-0.10824461955353651,0.22512391588340264,0,0,0.43309726543989086,-0.30760075885792804,-0.07549829379667902,1.3605418650174765,-13.5,42.5
20221110670,2022,6,Round 6,2022-04-17 06:05:00+00:00,Dragons,Knights,WIN Stadium,21,16,5,37,1,False,29,0.47788412176328604,bet365,0.5769230769230769,0.5725190839694657,True,0.5641025641025641,-2.5,39.5,False,-0.08852127219308835,2.810046023295328,7.331656936661581,-5.440955758112764,-0.5551322229731142,69.3667192412563,-5.277889566732142,1.824305747816835,3.8414921927555383,2.5521026340711455,-1.370210711649091,4.585519052286408,-1.9027777777777777,0,0,0,0,0,0,0,0,10.830728274721992,5.615921832257811,-7.604298097419047,5.509265320937089,7.309839218946195,11.075527036700976,-1,-1,-1,1,23.74426719470307,-1,-1,1,0,0,-0.9284742701271063,-0.004994528094404038,-0.16984103780179005,0,0,0.24597342564188124,1.1744476957689869,0.36393192515061257,0.3101549283038393,-2.5,39.5
20221110680,2022,6,Round 6,2022-04-18 06:00:00+00:00,Eels,Wests Tigers,CommBank Stadium,20,21,-1,41,0,False,29,0.7952112223496812,bet365,0.8116883116883117,0.9083044982698962,True,0.8993288590604026,-21.5,43.5,False,1.3566286728209007,19.654912853203022,-2.6889453670958403,10.7655565453979,5.02919778736797,342.8576720110091,120.08517764780822,2.3160492167319258,4.792559006447878,-4.763398269453894,-0.5846970650180197,-0.21132741364217722,0.854166666666667,0,0,0,1,0,0,0,0,93.67779216274425,59.602538950335315,27.785774304524466,13.39810829632259,-7.108629388438288,27.614879296219954,-3,-1,0,-2,-56.26887513920998,1,0,1,-1,0,2.7760359781436934,-0.10043706790330065,0.4855167086440767,0,0,2.236517430880999,-0.5395185472626947,0.4938171694214791,1.461017907315827,-15.5,42.5
20221110710,2022,7,Round 7,2022-04-21 09:50:00+00:00,Sharks,Sea Eagles,PointsBet Stadium,34,22,12,56,1,False,30,0.49036169669687746,bet365,0.6919642857142858,0.6986899563318778,True,0.7043478260869566,-7.5,39.5,False,-0.03855798957560925,-0.17102046553068462,2.19518519940398,-2.0391567850846,0.7632872309688779,103.15923730622694,-66.44101208740733,2.462453712030111,7.651027656555112,0.32188049352873627,0.25029552068674565,2.6576675014439815,-0.08680555555555536,0,0,0,0,0,0,0,0,93.5724186244421,-22.659758705330376,20.79224205045415,84.33938411724047,11.100551162077778,1.8546109298592341,0,0,0,-2,-79.86390855054387,2,0,-1,0,0,-0.00934366423415578,-0.10483938300784401,0.046143069994713654,0,0,-0.11004874295975564,-0.10070507872559953,-0.04917491198759405,0.8093186123219878,-7.5,38.5
20221110720,2022,7,Round 7,2022-04-22 09:55:00+00:00,Broncos,Bulldogs,Suncorp Stadium,34,14,20,48,1,False,30,0.6349812404218851,bet365,0.5949367088607596,0.7246376811594202,True,0.7357723577235773,-9.5,39.5,False,0.5536467074474172,2.3198179023971743,-1.6538989577403704,6.875092725604944,-0.35447379745246366,161.98573156667112,54.0395902643553,0.3105522005656387,7.896160024330584,-1.5269400723943125,-1.0678695017928126,6.341940637238679,-0.16319444444444464,0,1,0,0,0,0,0,0,34.47991569614351,19.447791038918837,-14.253496630512217,18.255438152030422,11.030183135706537,15.973618358496452,2,0,-1,0,53.42467573228919,0,-2,-1,1,0,0.4796238504688659,-0.14655683078203463,0.2446215635749175,0,0,0.452117892517379,-0.027505957951486526,-0.6304519814643347,0.38441169891033233,-3.5,38.5
20221110730,2022,7,Round 7,2022-04-23 07:30:00+00:00,Cowboys,Titans,Queensland Country Bank Stadium,30,4,26,34,1,False,30,0.5351627990280199,bet365,0.5104712041884817,0.5194805194805195,True,0.5246753246753246,-1.5,41.5,False,0.14088375900608663,0.583259877347281,-3.1956023698054103,4.284935204578616,2.0255509447354925,60.122521295953675,45.766012929768635,-1.1850620981570863,-2.3586147249627345,-2.7094697459223447,2.9230049412730743,3.883061483087065,1.9027777777777786,0,0,0,0,0,0,0,0,10.185926567121783,13.983303094487127,23.4849386208098,-22.203432298331478,-5.078882849843708,-3.516350305784073,0,0,0,0,-2.384499495354447,-1,0,1,-1,0,0.21400243065396882,-0.00839611758121507,0.032909935258728346,0,0,-0.16527884667310494,-0.37928127732707384,-0.029181122127480696,0.04189094170916013,-1.5,40.5
20221110740,2022,7,Round 7,2022-04-23 09:35:00+00:00,Wests Tigers,Rabbitohs,CommBank Stadium,23,22,1,45,1,False,30,0.27178244021131753,bet365,0.20689655172413796,0.22303473491773307,True,0.22905027932960897,11.5,40.5,False,-0.9855979553354234,-11.919931142551746,5.443407080388081,1.133378869364691,-4.076924853927736,-242.1606566229118,-142.8146945393927,-1.650879797754155,-7.116135763266421,-1.1248858183630688,0.07226111187715567,2.9540959700701244,-3.0,0,0,0,0,0,1,0,0,-59.07181583314821,-11.969430385346442,-41.231437738759155,-21.321482586728848,15.450534877686351,13.903989333525715,1,0,0,0,7.7898721046194055,1,0,0,2,-1,-2.7634117786352084,0.037939849959384375,-0.45538714220839743,0,0,-1.6465784430066197,1.1168333356285884,-0.7390735354158559,-1.3437347467010945,13.5,40.5
20221110750,2022,7,Round 7,2022-04-24 04:00:00+00:00,Knights,Eels,McDonald Jones Stadium,2,39,-37,41,0,False,31,0.40271900847290615,bet365,0.25447316103379725,0.3212669683257918,True,0.3167420814479638,6.5,40.5,False,-0.3941486059273521,-12.544127592870487,2.1893636835570582,-2.0403948188168073,-3.647282882556354,-274.49630610239933,-61.37181464696175,-1.1378891792561179,-0.12637279072066576,0.3993887798379472,0.10104014196648592,0.5059142132086407,0.9965277777777777,0,0,0,0,0,-1,0,0,-27.90101273383118,-12.164995912720315,-13.770796074291582,0.22652200419156543,-2.1917427510108354,19.144836502200064,0,1,0,1,-0.9658702652344786,-1,0,-1,-1,0,-1.766546066920885,0.09552975102500305,-0.18120276323372747,0,0,-1.7224176345049904,0.044128432415894536,0.22191009671929218,-1.0748957620507935,10.5,39.5
20221110760,2022,7,Round 7,2022-04-24 06:05:00+00:00,Panthers,Raiders,BlueBet Stadium,36,6,30,42,1,False,30,0.8450644803500971,bet365,0.865265760197775,0.8800880088008802,True,0.8805803571428571,-19.5,42.5,False,1.6964039044448709,16.529908209595526,-10.245868294409544,11.719464543877336,6.441264494644081,417.310777362462,127.80707377052795,2.429950805533581,4.5749665377614015,-3.3384160887868095,-1.3129646728749584,1.2174205840281758,-1.0034722222222214,0,1,0,0,0,0,0,0,32.051147092347264,14.546054586265626,6.076475520918905,21.260565715714506,-9.831948730551787,-1.9431003490474552,-1,0,0,-2,-58.32568940694923,-1,0,0,-1,0,4.076925848124894,0.04197672882381531,0.17946498431175947,0,0,2.256635930164818,-1.8202899179600767,-0.03682490007117056,1.8597324528142607,-18.5,40.5
20221110770,2022,7,Round 7,2022-04-25 06:00:00+00:00,Dragons,Roosters,Sydney Cricket Ground,14,12,2,26,1,False,30,0.28869683860605433,bet365,0.23809523809523808,0.22586520947176686,True,0.22404371584699453,12.5,39.5,False,-0.9017215900969601,-4.970744388210484,9.0966071607181,0.996108108017637,0.59914694531561,-31.607705959538407,8.564222082451124,0.8165466477439374,0.310875184455643,-0.05822470120326528,-2.92971323943613,6.368058304402844,-0.08680555555555625,0,0,1,1,0,0,0,0,3.6406568718772405,0.15434356768795965,-4.234599992910859,15.603622317292775,-7.882709020192664,-2.390586049389583,-1,0,1,-1,-32.01393258138624,-1,-1,1,-1,0,-1.993978064147198,0.1446053232362121,-0.1747906373315078,0,0,-0.571648238834685,1.4223298253125132,0.4252929688832822,-1.1631508098056809,11.5,38.5
20221110780,2022,7,Round 7,2022-04-25 09:00:00+00:00,Storm,Warriors,AAMI Park,70,10,60,80,1,False,30,0.8298423305036091,bet365,0.865265760197775,0.8928571428571428,True,0.8818984547461369,-19.5,44.5,False,1.5845102446529347,12.220614557979566,-4.471078545100205,1.0493324922058065,1.6598762136404446,153.42411772227751,-6.292719439883911,2.0103716122658213,5.034843986311593,0.5086918092723423,0.9320285112707021,0.14957475885320193,0.7673611111111107,0,1,0,0,0,0,0,0,22.047047720490582,56.62394948219912,-36.91726594990058,19.110439737956938,-16.77007554976484,10.966053209654461,0,0,0,-2,-51.79372001424884,0,0,0,0,0,2.8096784916784565,0.07953511705644078,0.10706526088430249,0,0,1.9185909945293238,-0.8910874971491327,0.4245250768317666,1.8597324528142607,-18.5,41.5
20221110810,2022,8,Round 8,2022-04-28 09:50:00+00:00,Broncos,Sharks,Suncorp Stadium,16,7,9,23,1,False,31,0.41108298167686486,bet365,0.2982456140350877,0.2570281124497992,True,0.25098814229249017,11.5,43.5,False,-0.3594901920200299,-6.100617935885833,4.871412254055787,5.962321498454074,-2.5441944760258295,-99.93447830219793,146.0090588915442,-3.638053970253397,-0.8648954060529377,-1.5231502269876405,-0.4101537364946699,4.580837673906174,-1.0034722222222223,0,1,0,0,0,1,0,0,-28.07864205579358,9.551704287024535,-2.137648497119045,-40.69423602356417,5.201538177865103,0.18817993012643797,0,0,1,1,36.263310961098185,0,0,-1,-1,0,-1.8965445358247939,0.34658063806279304,-0.504918150751995,0,0,-1.0156149426231402,0.8809295932016534,0.16406390623420408,-0.8556661100577202,7.5,41.5
20221110820,2022,8,Round 8,2022-04-29 08:00:00+00:00,Titans,Panthers,Cbus Super Stadium,4,18,-14,22,0,False,32,0.23639496458273654,bet365,0.15196743554952513,0.1179713340683572,True,0.12186788154897495,18.5,43.5,False,-1.1725467012490123,-17.81340686141382,13.030305655885217,-7.992172948784969,-8.225267548778575,-362.0406237744621,-90.86620727999707,-1.9181286612633555,-7.331911542329898,3.220827986853026,0.5595312857335042,1.3277023120823976,0.9409722222222223,0,1,0,0,0,-1,0,0,-99.28336069006377,-46.28276100270918,-29.384232013716343,-20.43813907825526,-3.178228595382862,-18.294944220509848,1,0,-1,3,100.07567076979416,0,1,2,1,0,-4.277079321023011,-0.046295149773846855,-0.16581826484229692,0,0,-2.1869154741500214,2.090163846872991,0.09634817939235618,-1.7192527784413068,16.5,43.5
20221110830,2022,8,Round 8,2022-04-29 09:55:00+00:00,Rabbitohs,Sea Eagles,Industree Group Stadium,40,22,18,62,1,False,34,0.5792416991078757,bet365,0.5454545454545455,0.6157635467980296,True,0.6084788029925187,-4.5,40.5,False,0.31966127112094933,0.7498303991275996,-2.1328981736191537,-6.733692224960592,-0.6711376457805613,146.3070126182963,110.81453349109023,0.1941920363773324,-0.07182716819250601,3.0981095935118947,0.23615607986741338,1.5831092447668844,-1.9895833333333321,0,0,1,0,0,0,0,0,99.79917406786728,-10.399958365349818,71.5151223798355,49.43019931205187,-10.746189258670228,-6.591141443098337,0,0,2,-1,-61.027132651481,-2,1,1,-1,0,0.49961968914723576,0.054184894899775626,-0.0688438375105952,0,0,-0.010605790906180634,-0.5102254800534165,0.2840516223771718,0.18232155679395495,-2.5,39.5
20221110840,2022,8,Round 8,2022-04-30 05:00:00+00:00,Warriors,Raiders,Kayo Stadium,21,20,1,41,1,False,31,0.5653400236720301,bet365,0.5454545454545455,0.44871794871794873,True,0.4512820512820513,1.5,42.5,False,0.262863300122711,3.64758804782209,7.204618985198735,5.500156392035834,-0.7325070072010789,16.124662873022544,15.758421398262442,0.577101730357227,-0.7434289090876902,-0.9463115626377263,-1.2892749597718334,2.773238164208891,-1.1215277777777777,1,1,0,0,0,0,0,0,-42.678147922867765,5.034231848482847,-22.09185843907281,2.333233913341388,-27.953755245619163,9.873496927286254,0,0,-1,3,96.33417795683515,0,2,3,3,0,0.6687686652399534,0.15771482687892857,-0.17988215445775746,0,0,0.7313380163616419,0.06256935112168827,0.18987069838399107,0.18232155679395495,-2.5,40.5
20221110850,2022,8,Round 8,2022-04-30 07:30:00+00:00,Bulldogs,Roosters,Accor Stadium,16,12,4,28,1,False,31,0.288914896160063,bet365,0.18962722852512157,0.1780821917808219,True,0.18660287081339716,13.5,39.5,False,-0.9006599508268764,-6.412434307207768,14.10399267559254,2.726535957193832,-3.1263749782480303,-219.95196221886408,-38.98359072057474,-2.607884258591242,-5.243322972691672,-0.2672671164558551,-0.6789024094504432,-1.0945708867704553,2.8368055555555554,0,0,0,0,0,-1,0,0,-48.447979226088364,-15.898997988671198,6.413800714515702,-8.121991389260984,-30.840790562671856,-14.89947750823606,0,0,1,1,36.053981845531524,0,-1,1,1,0,-2.5409126013460224,0.2306873907355136,-0.71053550281028,0,0,-1.1972141662139624,1.34369843513206,-1.0539113322038278,-1.4524341636244356,14.5,39.5
20221110860,2022,8,Round 8,2022-04-30 09:35:00+00:00,Eels,Cowboys,TIO Stadium,4,35,-31,39,0,False,31,0.6813728707049473,bet365,0.7894736842105263,0.7400000000000001,True,0.7259414225941423,-9.5,41.5,False,0.7600881449462541,7.308496881479101,0.6120404525477845,3.4003515114514613,1.9909603866661172,166.38668509208605,38.153084358917226,1.9297570259674006,6.61625422974377,-0.2869142120050423,-1.2278418413710463,1.0392264137977207,-0.8541666666666661,1,1,1,0,0,0,0,0,55.62793833178716,12.105258325688709,24.3497333018243,12.117089761502797,7.055856942771271,-8.20885435582008,0,0,0,1,45.927226433924886,0,0,-1,-1,0,1.3154833079492407,0.014526658413877902,0.14033110770354396,0,0,1.358860071956634,0.043376764007392876,0.17985416098353724,1.3217558399823195,-13.5,40.5
20221110870,2022,8,Round 8,2022-05-01 04:00:00+00:00,Knights,Storm,McDonald Jones Stadium,2,50,-48,52,0,False,32,0.2473983863299161,bet365,0.15848527349228608,0.10625620655412116,True,0.10663983903420522,22.5,45.5,False,-1.1125360848615464,-31.332193787690564,13.308421097835915,-7.152926088345538,-7.816331338352256,-357.55511953129894,-60.40440753847179,-3.925024854328499,-6.075703377951005,1.4822332916688872,-1.393998525084351,7.4914202198645725,1.208333333333333,0,1,0,0,0,-1,0,0,-67.17518252416733,-72.2945595699291,3.5197731320108687,-11.627859348630594,13.22746326238159,-27.258064021897326,0,0,1,2,76.07828192860053,1,0,0,1,0,-4.89128511723608,-0.059380535797404876,-0.3022150735430317,0,0,-3.5765287327735775,1.3147563844625034,0.8480827410554839,-1.669541836503806,16.5,42.5
20221110880,2022,8,Round 8,2022-05-01 06:05:00+00:00,Dragons,Wests Tigers,WIN Stadium,12,6,6,18,1,False,31,0.5898846149187138,bet365,0.6416464891041161,0.6079404466501241,True,0.6029776674937966,-4.5,38.5,False,0.3634884027067564,0.7465205339181935,0.25909220742124006,-3.6387509995196012,0.8203415963346714,32.943654443319474,55.962626313943815,1.7894439355052025,2.1515965776502384,1.157065641015496,-1.4558426417928736,11.327791600579758,-1.8506944444444446,0,0,0,0,0,0,0,0,-8.225833664218158,-32.301491178248995,-3.476085712707203,25.773982425431313,1.7777608013066697,-38.213345397687505,0,0,0,1,47.4364067730551,-1,-1,2,0,0,-0.04034731354041332,-0.06826068990577538,0.07438441706966195,0,0,0.32651082729652414,0.366858140836937,-0.5490506391888815,0.5825175522221068,-6.5,38.5
20221110910,2022,9,Round 9,2022-05-05 09:50:00+00:00,Rabbitohs,Broncos,Accor Stadium,12,32,-20,44,0,False,32,0.8001283082915999,bet365,0.6919642857142858,0.7741347905282332,True,0.7805755395683452,-12.5,40.5,False,1.3870964809578101,9.388595987015048,0.6116225519648459,-7.3751338916816,1.1117307813135184,110.35655611350239,-8.669042588381785,0.8687197434963814,0.7445244267599378,4.401981252638068,0.048233786847026394,-5.293105766448463,-1.0034722222222223,0,1,0,0,0,1,0,0,43.951422695896554,8.460734551796861,55.19528436878599,-2.3337869929735007,-17.370809231712826,0.5163077245970555,0,0,1,-2,-103.30852385283423,-2,1,2,0,0,1.7953635954282605,-0.2772193901555599,0.49537127888816823,0,0,1.299536671664098,-0.4958269237641624,0.2122438401999872,0.8093186123219878,-8.5,41.5
20221110920,2022,9,Round 9,2022-05-06 08:00:00+00:00,Raiders,Bulldogs,GIO Stadium,14,4,10,18,1,False,32,0.6721656277187869,bet365,0.660377358490566,0.5324675324675325,True,0.5271317829457364,-1.5,37.5,False,0.7179962616837381,0.6881377348061317,0.17118033694415402,-6.356465106080009,0.33874976748140995,-84.71345896377647,-57.466625967515256,0.2630181383655441,-1.2174330197821988,1.4867533566382676,2.2017627600220546,-2.698620110506848,0.10416666666666696,0,1,0,0,0,0,0,0,22.31608552824366,-22.68727229079903,-6.0631920582393946,-8.035538341397498,59.1020882186796,-28.240424845395268,2,0,0,2,60.984810574597574,0,0,1,1,0,0.5826940973671635,0.31576250776319714,-0.23987835240191535,0,0,0.5278925595237308,-0.05480153784343211,-0.8459259007481246,0.6649763035932489,-6.5,38.5
20221110930,2022,9,Round 9,2022-05-06 09:55:00+00:00,Panthers,Eels,BlueBet Stadium,20,22,-2,42,0,False,34,0.7576298381251847,bet365,0.7519531249999999,0.7867132867132867,True,0.7872340425531915,-12.5,39.5,False,1.139728774118663,5.899803109470067,-11.665143970408566,-2.13080877158761,0.6441219807254868,38.4249963568227,-26.18757185727395,-0.015927353279886702,2.898232123766995,-0.2234742545228734,1.5166478758262665,2.287366479939166,1.0659722222222214,0,0,0,0,0,0,0,0,24.339787471282534,-2.08342124500021,7.675423269705902,34.49737416202406,-15.74958871544716,2.867188492741377,-1,0,0,2,54.87799864893795,1,0,1,2,0,2.34425790196237,-0.2686104001193974,0.3622603125480922,0,0,0.5586520770469557,-1.7856058249154136,0.5514400674411793,1.1090562478291923,-11.5,39.5
20221110940,2022,9,Round 9,2022-05-07 05:00:00+00:00,Sea Eagles,Wests Tigers,4 Pines Park,36,22,14,58,1,False,32,0.7569588940550104,bet365,0.7519531249999999,0.8219178082191781,True,0.8212634822804313,-15.5,44.5,False,1.1360783615448444,9.913351318251587,6.950331817693229,0.6396889008061919,-2.0119808377446375,-140.25977604219543,-87.75798589190481,-0.15356584345617819,-6.644543980236776,1.0140471364522519,1.6311838654635036,6.259975044518487,1.8402777777777786,0,0,0,0,0,-1,0,0,-39.026201239572174,20.676243599483684,-42.39576118569889,20.035765979811757,-37.34244963316878,-0.28050052172019946,0,0,0,1,-11.50655843247361,1,0,-1,-1,0,1.3824836606995674,-0.37693075329492376,0.7194277612684026,0,0,1.4936020712217488,0.11111841052218152,-0.236566377732514,1.1090562478291923,-11.5,43.5
20221110950,2022,9,Round 9,2022-05-07 07:30:00+00:00,Roosters,Titans,BB Print Stadium,44,16,28,60,1,False,33,0.6445449065402765,bet365,0.7519531249999999,0.7519531249999999,True,0.75049115913556,-10.5,41.5,False,0.5951455746254426,5.488530339925855,-6.202889199015232,-3.167806708026987,0.27912525455591464,163.34552173326347,39.90675016663408,0.9953835362583616,-1.4405456622235207,2.106833822050902,-0.8751891650839569,1.217087161800272,-0.979166666666667,1,0,1,0,0,0,0,0,82.86737100874461,34.280966904861,-0.3606227709115899,7.791866144707029,41.15516073008817,22.812942831209085,0,0,0,-2,-87.42664000039865,0,2,-1,1,0,1.464631612188658,-0.07260764614934379,0.22361203629348347,0,0,0.5093990042789525,-0.9552326079097061,-1.3058150279210037,1.1090562478291923,-11.5,41.5
20221110960,2022,9,Round 9,2022-05-07 09:35:00+00:00,Cowboys,Knights,Queensland Country Bank Stadium,36,16,20,52,1,False,32,0.6549033536891685,bet365,0.6635071090047394,0.8090614886731391,True,0.820710973724884,-14.5,41.5,False,0.6406631610934651,18.15930201979579,-22.248071590369364,11.999950358563652,7.540784867971318,365.5688504966729,139.08035537983562,2.140933338215182,1.3793963617751999,-2.4478106546075953,0.33568287548621356,-9.32695469006401,0.7673611111111107,0,1,0,0,0,0,0,0,73.72446162179892,23.54572935865349,12.456978264874948,23.97551174096739,13.74624225730311,15.64449703367913,-2,-1,0,-6,-225.62342135159153,-1,-1,-2,-2,-1,3.072123016302965,-0.7750618681201877,1.0938010239945573,0,0,1.391249115330878,-1.6808739009720868,-0.7419793377460542,0.6789625455679892,-7.5,40.5
20221110970,2022,9,Round 9,2022-05-08 04:00:00+00:00,Storm,Dragons,AAMI Park,42,6,36,48,1,False,32,0.8563948860238857,bet365,0.8731082654249126,0.9041591320072333,True,0.903435468895079,-23.5,44.5,False,1.7856643165899042,29.035369460852106,-7.081691796071421,6.281592890404539,7.429716343346776,208.5485841982836,-57.75855381117458,3.299104579689147,6.1001772696896595,-1.6214576843083677,0.3580349201218729,-16.9987983539435,0.08680555555555536,0,1,0,0,0,0,0,0,46.69781502015712,83.89625404705552,-22.600600831417296,16.498323341467227,-31.096161536948273,22.335884286017205,0,0,0,-1,-52.60205584314559,-1,0,1,0,0,5.2607617205597705,0.1035094561828116,0.06004257186549952,0,0,3.7678837361116324,-1.492877984448137,1.5148123885516005,1.9287253243012117,-19.5,42.5
20221110980,2022,9,Round 9,2022-05-08 06:05:00+00:00,Sharks,Warriors,PointsBet Stadium,29,10,19,39,1,False,32,0.6727291834955501,bet365,0.7894736842105263,0.8077544426494345,True,0.8246951219512196,-15.5,43.5,False,0.7205548335509183,3.4720968293195895,-12.29380415974859,3.7174975953244456,5.616815681021237,443.01931262067274,72.1835228341613,2.2859029516448,11.333664685867639,-0.7876174213927563,-0.7163899676851706,0.31404585738316726,1.7986111111111107,0,1,0,0,0,0,0,0,100.70194297044043,11.654775089992512,7.396600621662401,60.20862825758448,21.44193900120105,14.931747872201328,0,0,0,-2,-62.312335407212856,1,0,0,1,0,2.1452711241599562,-0.07496451434711826,0.5502473227578444,0,0,0.7055666392384805,-1.4397044849214757,0.2999653205730429,1.3217558399823195,-13.5,43.5
20221111010,2022,10,Round 10,2022-05-13 08:00:00+00:00,Bulldogs,Knights,Suncorp Stadium,6,16,-10,22,0,False,33,0.4184862237677999,bet365,0.5949367088607596,0.5512820512820513,True,0.5538461538461539,-2.5,32.5,False,-0.32899069126297137,0.6782374335336243,-12.416432591675964,3.875807831831125,1.473960614384353,114.25980363276653,60.97073138939754,0.29198440601220543,3.3943549323307884,-0.06305350179554381,0.01060472226119824,-3.917930422726908,1.0659722222222223,1,1,1,0,0,-1,0,0,32.136791153389595,9.015099908565418,17.792081602146368,13.735191782193525,-8.405582139515687,13.237369810714966,-1,-1,0,-5,-193.80134041269577,-1,1,1,0,-1,0.025080560584129108,-0.5075145881167362,0.6839210458121078,0,0,-0.592564486720889,-0.6176450473050179,-1.3462815247511248,0.38441169891033233,-4.5,34.5
20221111020,2022,10,Round 10,2022-05-13 10:05:00+00:00,Sea Eagles,Broncos,Suncorp Stadium,0,38,-38,38,0,False,33,0.6142983457818737,bet365,0.6341463414634148,0.6030150753768844,True,0.5964912280701754,-4.5,35.5,False,0.4654165612381588,3.792961215659936,8.055698850188744,2.779849375819566,2.156918744703816,58.66947241867729,-47.21999648715541,1.0112324512844912,5.792939472273687,-0.8445591019482634,-0.9023616215722328,2.1870115725537076,-1.7986111111111107,1,0,1,1,0,0,0,0,-8.900019792043736,40.147010505449146,-29.632789837438054,-6.567430595169327,-12.846809864885472,22.857083928789592,0,0,0,3,65.17382131428491,-1,0,1,-1,0,0.20826265913809383,-0.23480906446967253,0.19996208770269858,0,0,0.8241313762267026,0.6158687170886087,0.6127987555175681,0.5500463369192725,-6.5,36.5
20221111030,2022,10,Round 10,2022-05-14 05:00:00+00:00,Warriors,Rabbitohs,Suncorp Stadium,30,32,-2,62,0,False,33,0.27835917872281196,bet365,0.30803571428571425,0.27536231884057966,True,0.2878464818763326,7.5,37.5,False,-0.9526152480959571,-8.481812248460542,6.838592855531356,1.5705965900234418,-6.242740087368794,-414.3223152681876,-149.3312914467528,-2.478784593338908,-6.798249669196771,-1.7637546616100988,0.8905981579939155,6.974411325910836,-2.84375,1,1,1,0,0,1,0,0,-56.42379976248026,-17.504561296349237,-32.00393256091115,-32.87291726953154,25.957611364311603,-1.4500690463724197,1,0,0,4,132.56909346951653,-2,1,1,-1,0,-2.091824051438676,0.28487792070638496,-0.8263741962653096,0,0,-1.0707677533545117,1.0210562980841638,0.6574796733276229,-0.8093186123219875,8.5,38.5
20221111040,2022,10,Round 10,2022-05-14 07:30:00+00:00,Titans,Dragons,Suncorp Stadium,20,16,4,36,1,False,33,0.5010163558737876,bet365,0.5684754521963824,0.4274809160305344,True,0.43256997455470736,3.5,37.5,False,0.00406542909449499,0.4567146217040108,4.019335156469296,0.7276942564560045,3.4539969226511644,31.035890438171464,-15.433473910005091,-0.6936947444644042,4.437534370809935,0.6154629773992344,-0.044794459547856214,-14.630302165281115,0.854166666666667,0,1,1,0,0,0,0,0,-12.630259872329475,23.1256950206226,7.975219332399291,-13.83877762432411,-29.8923966010272,24.06581995902482,0,0,0,4,117.59360761428658,1,3,-1,4,0,0.76909303495253,0.5836306441266723,-0.683253956199169,0,0,0.5560271098927903,-0.2130659250597401,-0.1411991467385424,0.2756337339356064,-2.5,38.5
20221111050,2022,10,Round 10,2022-05-14 09:45:00+00:00,Storm,Panthers,Suncorp Stadium,6,32,-26,38,0,False,35,0.4998644280670853,bet365,0.5,0.35251798561151076,True,0.3579952267303103,5.5,32.5,False,-0.0005422877449482273,17.480076390428195,-3.5724284516809153,3.3958042628202207,6.023725185464599,36.68216777771386,-28.91763966940391,4.275642576250858,7.974882279820488,-0.7017960239189733,0.38192720133567537,-8.058787316065057,-1.7534722222222223,1,1,1,0,0,0,0,0,-6.798244491452465,8.889833972835447,-29.998353064730622,5.655788795656889,8.65448580478595,-25.836425347144825,2,1,1,2,87.1691237170277,0,1,0,0,1,0.6416466935099403,-0.6856501869845308,0.7422984612866192,0,0,1.2759289982332773,0.6342823047233357,1.1226664373208755,0.0,1.5,34.5
20221111060,2022,10,Round 10,2022-05-15 03:50:00+00:00,Sharks,Raiders,Suncorp Stadium,10,30,-20,40,0,False,33,0.6133080391354367,bet365,0.7572815533980582,0.7867132867132867,True,0.7858407079646017,-11.5,39.5,False,0.46123891122264987,8.830879392280364,-3.595258591045557,5.502373992596972,2.005630074606458,164.83250027651252,6.742527227596042,2.8660029911530343,11.267194719962756,-2.106620383973258,-1.0062351604750361,-2.4832130793136074,-1.9201388888888893,1,1,1,0,0,0,0,0,50.47844452960601,24.923804320558247,4.92078556359283,42.76988589817594,-22.136031252720983,19.663373673145685,0,1,-1,0,-18.383277477916707,0,1,0,2,0,2.3733779004597126,-0.3305345202029373,0.6333665676854097,0,0,1.4099571528310357,-0.9634207476286769,-1.0514358879184598,1.1378330018213911,-10.5,38.5
20221111070,2022,10,Round 10,2022-05-15 06:05:00+00:00,Roosters,Eels,Suncorp Stadium,31,24,7,55,1,False,35,0.4803902039729096,bet365,0.46335078534031415,0.42602040816326525,True,0.4311224489795918,2.5,39.5,False,-0.07847943903370387,2.4746224325206505,-4.400479990463317,-11.290936030737456,-3.7411843976452133,-37.409131861398464,-55.581304921884225,1.639341834135974,2.524923216240289,3.2742507047919744,2.2538640208024168,-1.4724809130012169,-0.8993055555555562,1,1,1,0,0,0,0,0,-33.780891960600684,-28.779444045704565,-24.87068963967309,27.507490192501507,-7.638248467724566,-8.478105141671904,1,0,0,3,105.90428051549245,0,0,2,2,0,-0.052217719015356545,-0.007776897362553603,0.1176763823794055,0,0,-0.5816458934399956,-0.5294281744246394,0.3854054552299022,-0.1468602465645789,1.5,39.5
20221111080,2022,10,Round 10,2022-05-15 08:25:00+00:00,Wests Tigers,Cowboys,Suncorp Stadium,12,36,-24,48,0,False,33,0.3493969151169359,bet365,0.3181818181818181,0.2495126705653021,True,0.24708171206225685,11.5,40.5,False,-0.621691187051306,-13.534115724048306,11.170487467224461,0.4885288465865756,-1.2054652825651644,-88.91476708416258,-22.10650049571302,-0.265547023593248,5.230971283801004,0.5396309907132455,-0.4292672178439281,8.916756347533763,0.19097222222222143,1,0,1,0,0,0,0,0,-14.559571621622695,-10.081437618820644,2.3988577822285038,-24.481742734364843,17.604750949334203,0.380626079830904,0,0,2,4,155.07481461754398,1,1,1,1,0,-3.1587756485916434,0.09452453392761173,-0.40588415534785177,0,0,-1.6652576319482812,1.4935180166433621,-0.7068830386818732,-0.7621400520468969,7.5,40.5
20221111110,2022,11,Round 11,2022-05-19 09:50:00+00:00,Knights,Broncos,McDonald Jones Stadium,12,36,-24,48,0,False,34,0.46465897288174884,bet365,0.5,0.4805194805194806,True,0.4689119170984456,1.5,37.5,False,-0.1416002328152381,-15.170788582885628,14.233181484094963,-5.506015570634517,-3.6027889755357663,-308.67915262780707,-134.2455427938521,-1.1223858315970254,-7.1163759784064595,-0.29801153651569834,0.6585719866482949,-0.7523791017482466,0.08680555555555625,0,1,0,0,0,-1,0,0,17.677272447012115,33.850510228184646,17.127658967224505,-22.596679102099444,-10.704217646297494,36.549777617176176,0,-1,-1,2,23.655088098677396,1,1,0,3,-1,-2.793000479748243,0.45804629665712904,-0.8563509739467916,0,0,-1.4116930084347203,1.3813074713135223,-1.1160409821092432,0.0,-1.5,38.5
20221111120,2022,11,Round 11,2022-05-20 08:00:00+00:00,Wests Tigers,Bulldogs,Leichhardt Oval,36,22,14,58,1,False,34,0.6176618868243491,bet365,0.5555555555555556,0.6079404466501241,True,0.6113861386138614,-4.5,36.5,False,0.4796358688903596,4.909187550602594,7.129396169434301,8.927428458786366,4.015096230735715,183.14512831274078,42.149097316673874,1.3063210901875242,10.342173088690561,-3.9204348801506583,0.22441946905052923,-0.4889761284178924,-2.0173611111111107,0,0,0,0,0,1,0,0,20.997262570351722,4.245739364292234,-1.3541878363270143,-5.6965486599733595,23.802259702359763,-0.5105650672547881,2,0,-1,1,73.0912764988312,0,-1,-1,1,0,0.023168683311000526,-0.18746010771091814,-0.1201579804873798,0,0,0.4030696502245068,0.37990096691350655,-1.8805555467895114,0.22314355131420993,-2.5,37.5
20221111130,2022,11,Round 11,2022-05-20 09:55:00+00:00,Eels,Sea Eagles,CommBank Stadium,22,20,2,42,1,False,36,0.6156708864555264,bet365,0.5949367088607596,0.6643356643356644,True,0.6832579185520362,-6.5,40.5,False,0.4712132934851112,3.8967463028649973,-5.109540644308559,6.406439690602468,5.721007840137155,259.5799253047078,101.19788833060551,0.0791623079623962,2.3563819554756904,-2.9782277495758613,-0.4308074001624824,-4.65946832714809,-1.833333333333333,0,0,0,0,0,1,0,0,70.58918501607411,16.670214585999673,35.39600697630283,-9.586657514417098,28.10962096818865,13.57920217982661,0,0,0,-4,-101.05403018666252,1,-1,-1,-1,0,1.0518964826922383,-0.11555300998341145,0.0842037959134202,0,0,0.60483283053406,-0.4470636521581782,1.8625380415476767,0.38441169891033233,-4.5,39.5
20221111140,2022,11,Round 11,2022-05-21 05:00:00+00:00,Dragons,Warriors,Netstrata Jubilee Stadium,24,18,6,42,1,False,34,0.5523540534079348,bet365,0.6474820143884892,0.625,True,0.6182266009852216,-4.5,40.5,False,0.21018661958916252,-5.97436213694569,-7.197564198459034,-1.4048806676871806,0.19825910575822547,138.44900372075222,58.458675039051,-0.05952555287507977,2.665581147886261,-0.39641064386798774,1.535995436232776,10.501046317311136,-0.10416666666666696,0,1,0,0,0,0,0,0,-21.104305635298374,-50.50395768300261,1.0353416958120363,37.02686794134573,-8.662557589453598,-37.43948205505585,1,0,1,-1,-37.41398105840675,-1,0,2,1,0,-0.7739007174213219,-0.2682971299878494,0.222150962296112,0,0,-0.9654417677807072,-0.1915410503593854,0.4219418444742745,0.6079893722196383,-6.5,40.5
20221111150,2022,11,Round 11,2022-05-21 07:30:00+00:00,Cowboys,Storm,Queensland Country Bank Stadium,36,6,30,42,1,False,34,0.34154128242930715,bet365,0.33962264150943394,0.4177215189873418,True,0.4242424242424242,3.5,39.5,False,-0.6564332703061606,-1.8036337317698425,-3.1774340847963547,3.7838937367505707,0.06587736035261571,112.0937577128434,58.89361880222236,-1.101938112546371,-8.653261104761565,-1.5950078807513641,-0.7332516397243625,-8.39588788127735,-0.9444444444444446,0,1,0,0,0,1,0,0,45.64221664640786,-13.553517487764594,7.306119741606864,20.356882846928073,31.532731545637418,22.1709142863254,-2,-1,0,-5,-181.11989694322563,0,-1,-1,-1,-1,-0.6362275245666882,0.7821948123442763,-1.2372717503660748,0,0,-1.0365688554000676,-0.40034133083337997,1.2248598420908703,-0.6649763035932491,6.5,39.5
20221111160,2022,11,Round 11,2022-05-21 09:35:00+00:00,Roosters,Panthers,Sydney Cricket Ground,12,32,-20,44,0,False,36,0.3647301115993113,bet365,0.23664122137404575,0.2495126705653021,True,0.25147347740667975,9.5,38.5,False,-0.5548922698996257,-1.1200671958883461,7.543097950897922,-4.73290901604328,-5.368255172157539,-142.2437657973369,-63.80931379253252,1.0566356740154337,-4.573132459709484,1.3099108373630806,-0.8373664523994311,0.10773481727506606,-0.8472222222222223,0,0,0,0,0,0,0,0,-16.420666675152574,-23.803951107050295,-7.296790338205824,-14.992535241440834,29.67261001154445,-7.641599145336642,0,0,1,1,58.37352972736193,1,0,2,2,0,-2.53394396308159,0.09011320043229709,-0.15074520471630715,0,0,-0.9989829521590534,1.534961010922536,-0.49402519645331,-1.1711829815029455,12.5,38.5
20221111170,2022,11,Round 11,2022-05-22 04:00:00+00:00,Rabbitohs,Raiders,Apex Oval,12,32,-20,44,0,False,34,0.6767230164576968,bet365,0.6474820143884892,0.6411483253588518,True,0.6394230769230769,-5.5,43.5,False,0.7387525655167755,7.2886078916926955,8.411434762520873,-0.7617394039395435,0.3320931355837402,164.3048107866873,49.38766495404445,3.2636732993081217,2.4683456423243335,1.8304109235124137,-2.0506003460057958,0.8802448853584792,0.9513888888888884,0,1,1,0,0,0,0,0,23.94124046022546,18.72655328787488,1.956982772344844,26.09394365479055,-22.836239254784857,-2.0176078605467183,-1,0,-1,2,60.581205840586534,0,0,0,-2,0,1.4514153946056931,-0.2689203877278499,0.5377511831270682,0,0,1.504994344313859,0.05357894970816564,0.18874274531898583,0.6079893722196383,-6.5,43.5
20221111180,2022,11,Round 11,2022-05-22 06:05:00+00:00,Titans,Sharks,Cbus Super Stadium,18,25,-7,43,0,False,34,0.4696596602226001,bet365,0.3181818181818181,0.34426229508196726,True,0.33799533799533804,6.5,40.5,False,-0.12151064576771925,-4.440023544565063,5.251860994809135,0.40189196686075945,-2.322771501032392,-88.18827485436668,-30.087440424300212,-1.1090539171072065,3.1139910628180303,0.6899493509032801,0.5225657037420479,-0.027764340228014106,0.8472222222222223,0,1,0,0,0,0,0,0,-63.510553860833966,-15.949204150772516,15.006200564202175,-27.23587801578074,-35.331672258482925,-2.217370774126806,-1,-1,-1,2,70.5538882960606,0,0,-1,-1,0,-1.5173365511652075,0.6970713123091031,-1.0404303402534407,0,0,-0.6503891064927676,0.8669474446724399,-0.398676295242094,-0.7621400520468969,7.5,41.5
20221111210,2022,12,Round 12,2022-05-26 09:50:00+00:00,Storm,Sea Eagles,AAMI Park,28,8,20,36,1,False,37,0.7351488168086905,bet365,0.7017543859649122,0.7867132867132867,True,0.7888307155322862,-13.5,41.5,False,1.020904855184596,5.886855980205883,-5.22785840583332,-4.6020630503128785,2.7997494923632473,-46.37438599021493,-18.882072254538116,0.6461845397513164,7.694451876183685,0.49441870365228624,1.4311091302397037,-0.5129350159483153,-0.8993055555555554,0,1,0,0,0,0,0,0,-25.960324438210705,-11.216146940800087,2.5076413667735267,-5.793580786495326,-11.458238077688776,-31.00060439546695,0,1,0,0,38.2878356088338,0,-1,0,1,1,2.292511403976467,-0.7711132496234244,1.2057465641890062,0,0,1.4133235674639486,-0.8791878365125187,1.887907595150294,0.8556661100577201,-8.5,41.5
20221111220,2022,12,Round 12,2022-05-27 08:00:00+00:00,Panthers,Cowboys,BlueBet Stadium,22,0,22,22,1,False,35,0.7972140044408024,bet365,0.7931034482758621,0.8219178082191781,True,0.8151658767772513,-14.5,41.5,False,1.368971941315396,-3.466831207117554,0.5004266175488841,2.2585431151678392,0.3490033214498709,192.80947521648227,76.68702721749617,-0.5780251115744584,4.2753486055335195,-1.4006086444026113,0.7778699460604246,7.373995076455785,-0.08680555555555536,0,1,0,0,0,1,0,0,57.17173192483506,21.061273005417462,4.076217682487254,27.837267078617543,4.19697415831277,12.008049001728892,0,0,0,-1,-28.56191903953595,0,0,-2,-2,0,1.225545084465252,0.1883485609228721,-0.2506797393597345,0,0,0.45722436237361674,-0.7683207220916353,-0.6812006040232153,1.343734746701095,-12.5,40.5
20221111230,2022,12,Round 12,2022-05-27 09:55:00+00:00,Broncos,Titans,Suncorp Stadium,35,24,11,59,1,False,35,0.6967354215292285,bet365,0.6818181818181818,0.6682027649769585,True,0.6735632183908046,-6.5,41.5,False,0.8318001218429115,13.814974664306718,-12.965559744819993,-0.5892518894762162,2.4095924934420765,192.84708139790314,68.77285386709286,2.114220631582877,3.3731552263573406,-0.06465307316384994,0.7861115088601496,-6.540341778557931,2.843749999999999,0,0,0,0,0,-1,0,0,52.87759317121015,-19.55517782362591,13.749772299123123,51.59425845062472,7.088740245088189,-23.212066802329076,0,0,1,-4,-94.80088683911907,0,-1,-2,-3,1,2.821412299360535,-0.22280323564959748,0.7391529742994131,0,0,1.2895588404651637,-1.5318534588953716,-0.5386592859413257,0.7621400520468965,-8.5,42.5
20221111240,2022,12,Round 12,2022-05-28 05:00:00+00:00,Warriors,Knights,Kayo Stadium,16,24,-8,40,0,False,35,0.5861105432740848,bet365,0.5555555555555556,0.5,True,0.5052356020942408,-1.5,41.5,False,0.3479094867543814,7.09650308368299,-0.43709298801653773,3.113517439065177,0.46405286116884525,27.196958414191386,11.52055876899226,0.7573970636851604,4.766425585845887,-0.24313872523516622,-1.1471318825773142,3.8169581374829704,-1.7986111111111107,1,1,0,0,0,0,0,0,-60.277871441055595,-19.185241812678754,-39.57686142005443,-3.2085028576913857,1.6927346493689726,-12.98611127480899,1,-1,0,2,100.11681008113362,0,-1,1,0,0,0.9948581315166403,0.017278729300754803,0.07077444398675808,0,0,1.0197025419606123,0.024844410443971898,0.2967521912094303,0.22314355131420993,-2.5,41.5
20221111250,2022,12,Round 12,2022-05-28 07:30:00+00:00,Rabbitohs,Wests Tigers,Accor Stadium,44,18,26,62,1,False,35,0.7939804179729723,bet365,0.7519531249999999,0.6888888888888889,True,0.6935123042505593,-8.5,41.5,False,1.3490875757850083,1.4489072898479307,1.1530524706245764,-12.246076573259032,-2.0524549194666335,69.7986584129585,-19.70810255038964,0.613494339738307,-6.190282366858604,5.774931170487569,0.5593017210319431,5.341491645952928,-1.833333333333334,0,0,0,0,0,0,0,0,32.37384923419802,16.205526487161734,6.571502174847183,24.01754792491471,-14.420727352725606,7.025552503344329,-2,0,0,-3,-131.24860896176563,2,-1,0,-2,0,1.9269412594882231,-0.03998134906165257,0.4534926478513378,0,0,1.4032518993319094,-0.5236893601563133,0.5052631276051377,1.1090562478291923,-10.5,42.5
20221111260,2022,12,Round 12,2022-05-28 09:35:00+00:00,Sharks,Roosters,PointsBet Stadium,16,36,-20,52,0,False,35,0.5161778953959507,bet365,0.5366492146596858,0.5324675324675325,True,0.5298701298701299,-1.5,41.5,False,0.06473417790359076,-1.44099278155187,-3.041821556417883,1.293038794817761,3.440782393391963,60.53625983283314,33.82238814321954,0.9017354742244033,0.2307300215379655,0.33705009117298346,1.1526823563227202,-2.2312933873736753,-0.854166666666667,0,0,0,0,0,0,0,0,-23.622326483513575,2.3961399268653167,-5.174759368035581,9.971065976344164,-30.81477301868739,1.0438573131560247,1,0,0,1,25.539279644301004,0,0,0,0,0,0.17353508852650423,-0.03508631555255892,-0.005346051499562188,0,0,-0.08956084687753313,-0.26309593540403714,-0.3627656051946527,0.14686024656457894,-1.5,40.5
20221111270,2022,12,Round 12,2022-05-29 04:00:00+00:00,Bulldogs,Dragons,Belmore Sports Ground,24,34,-10,58,0,False,35,0.3701244215150526,bet365,0.4764397905759163,0.40506329113924056,True,0.4065656565656566,3.5,39.5,False,-0.5316830819369155,-3.381021234061773,2.9983977258566803,-3.1121701091707195,-2.8740539497796433,-213.09940819801113,-28.046790230866577,-1.2597847269314273,-4.48961878722853,1.065547602592126,1.4023416333606349,-13.765629192055677,0.8750000000000009,0,0,1,0,0,0,0,0,11.900500788685804,29.877544698978852,18.596850213153374,-21.609765062022973,-14.964129061423506,4.526634949956559,0,0,0,0,-5.994115545856943,1,0,-1,1,0,-0.662479180468726,-0.07130645297850835,0.03611364344892448,0,0,-0.6860385968229311,-0.02355941635420511,-1.4981134497373536,-0.09431067947124093,1.5,38.5
20221111280,2022,12,Round 12,2022-05-29 06:05:00+00:00,Raiders,Eels,GIO Stadium,20,28,-8,48,0,False,35,0.48142091484819594,bet365,0.38118811881188125,0.3765281173594133,True,0.37592137592137587,4.5,41.5,False,-0.074350572561655,-0.030919801837441696,-7.248567168365714,-10.009670400761053,-3.083102541430307,-176.36253207426398,-60.710179279984686,-0.21390797323328048,2.0561017033122155,3.4905557487062664,4.285386020239787,-2.0013279963979684,-1.7534722222222232,0,1,0,0,0,0,0,0,-17.701670931266904,-16.807207702943202,6.595496409578033,-8.295312326908046,0.8053526890062983,21.661118138426872,2,1,2,2,87.85381240484462,0,-1,2,1,1,-0.9470687000695592,0.04945171532472403,-0.06988456475079888,0,0,-1.1798513818434262,-0.2327826817738669,0.3643306865455663,-0.48450831544861694,4.5,41.5
20221111310,2022,13,Round 13,2022-06-02 09:50:00+00:00,Titans,Cowboys,Cbus Super Stadium,6,32,-26,38,0,False,36,0.40227561827602865,bet365,0.35251798561151076,0.35885167464114837,True,0.35167464114832536,5.5,42.5,False,-0.3959922762836737,-4.995430777852352,13.937247975148196,3.6332640942843284,-1.1761870777608934,-19.993883460541838,33.84511596335153,-0.3669508853989032,0.9639636127595033,-0.9230213195179164,0.44284309932603083,6.652935123347959,-0.0798611111111116,0,0,0,0,0,1,0,1,-1.403032020218916,5.503922524014655,5.869991586551123,-17.45797822970738,4.681032098922714,25.356068609257875,-1,0,-1,-3,-137.839203338067,0,-1,0,-1,-1,-2.7986132556916714,0.897387151466245,-1.0433043557067498,0,-2,-1.023694543306267,1.7749187123854047,-0.3707292972300713,-0.6079893722196386,6.5,42.5
20221111320,2022,13,Round 13,2022-06-03 09:55:00+00:00,Panthers,Bulldogs,BlueBet Stadium,30,18,12,48,1,False,36,0.9347896365133751,bet365,0.7346938775510204,0.7504873294346978,True,0.754863813229572,-10.5,38.5,False,2.6627031108060426,10.74489399742767,-19.411259715605183,5.272819060292761,7.489302666048438,574.5453783332016,168.19745265501047,0.5078233714175813,5.386207837905054,-1.2031460517322454,0.5350144201141047,4.642750518416378,1.833333333333333,0,0,0,0,0,-1,0,1,29.82353828057103,23.25554615724991,10.236520456715112,1.8664190960719793,-5.534947429465916,-5.566439241880005,1,1,0,1,110.63824618704967,1,2,0,1,1,4.516627917050352,-2.150239589913622,2.6363187059814917,0,6,2.21705246262373,-2.2995754544266225,-0.9632196350156601,1.0185695809945734,-10.5,39.5
20221111330,2022,13,Round 13,2022-06-04 09:35:00+00:00,Sea Eagles,Warriors,4 Pines Park,44,12,32,56,1,False,36,0.7137721582681055,bet365,0.5584415584415584,0.6627906976744187,True,0.6651162790697673,-6.5,42.5,False,0.9137756622719714,-2.1388778470549745,-0.18879481451595836,-0.12763229076526272,-3.3574053562088437,13.018311809691113,-11.918561138114853,0.17276762780517885,0.46562379511107466,-0.8567022774655086,1.6880525098293342,1.6323266638245784,1.7986111111111116,0,1,0,0,0,0,0,1,-24.24646331540214,6.546766978589716,-19.334379166716303,-2.104957107400793,-9.353894019874872,-22.634187688449998,0,1,0,-2,-50.39273459446659,0,0,1,0,0,0.9411350988882312,0.22175009539678575,0.1687531197466759,0,1,0.45821121099455003,-0.48292388789368096,0.8304264446692515,0.23483959107740082,-3.5,40.5
20221111340,2022,13,Round 13,2022-06-05 06:05:00+00:00,Raiders,Roosters,GIO Stadium,22,16,6,38,1,False,36,0.44368263166997907,bet365,0.44155844155844154,0.3765281173594133,True,0.37745098039215685,5.5,41.5,False,-0.22622942444212338,-4.474936313455554,-1.5738745114917982,1.746349141853429,1.4993817115312567,-73.40139613854217,47.85326294938568,-2.342055926265745,0.6651006276427296,-0.39677894946344416,0.6361124558555264,-2.5605400728639935,-0.854166666666667,0,1,0,0,0,0,0,1,27.266968386467852,-7.04652746740652,3.8244705182559358,15.644457029438755,14.844568306179738,-0.7030986258803864,0,0,0,0,-2.4207142387542717,0,-2,-1,-1,1,-1.039406242297247,0.3534046461391569,-0.620778525009138,0,-1,-0.7721672944860696,0.2672389478111771,-0.4432230366427464,-0.2348395910774012,3.5,40.5
20221111410,2022,14,Round 14,2022-06-10 09:55:00+00:00,Cowboys,Dragons,Queensland Country Bank Stadium,31,12,19,43,1,False,36,0.7194490463214951,bet365,0.7619047619047619,0.7867132867132867,True,0.7846975088967971,-12.5,40.5,False,0.9417303441338508,4.195985354422955,-10.743097873000684,-1.4992809642137246,3.159959834520812,168.89262159796021,21.221056430097406,-0.5394170509733351,3.7750683530133173,0.9048083303057304,-1.4095959115782204,-7.5959849394309416,-4.243055555555557,0,1,0,0,0,0,-1,1,-4.887224090592667,37.29784484647712,12.482155136018775,-4.958528742614476,-49.70869533047413,-1.95215800506395,1,0,-3,-2,-5.930930260466965,-1,0,-1,0,0,3.2877559566442724,-0.5052098600240909,0.8904476797969274,0,1,1.2886371043665141,-1.9991188522777585,-0.8698796132062037,1.1631508098056806,-11.5,40.5
20221111420,2022,14,Round 14,2022-06-11 05:00:00+00:00,Titans,Rabbitohs,Cbus Super Stadium,16,30,-14,46,0,False,38,0.31810982898501905,bet365,0.35251798561151076,0.24804687499999997,True,0.2744282744282744,11.5,44.5,False,-0.7624719079887472,-13.639642766850777,4.6093106579684076,2.8173958871196305,-3.3526145137731405,-171.90100873797155,-39.630517587363215,-1.985971024277223,3.7542712024494023,-0.27298006228916805,0.5339041771239756,5.912626216512358,-5.097222222222223,0,1,0,0,0,0,-1,1,-62.825564864647276,-10.226224068919265,-20.07347596387794,-35.36769025051865,2.8418254186686767,0.006864661133278105,2,0,1,1,65.62474206418679,-1,1,0,1,-1,-2.649882825441015,-0.02141365461710676,-0.39179966218097195,-1,0,-1.7962080339307223,0.853674791510293,0.9596243423680899,-0.6079893722196386,6.5,44.5
20221111430,2022,14,Round 14,2022-06-11 07:30:00+00:00,Roosters,Storm,Sydney Cricket Ground,18,26,-8,44,0,False,38,0.4368202853917465,bet365,0.32870370370370366,0.38423645320197053,True,0.3827160493827161,3.5,39.5,False,-0.2540769218315048,-2.582037526940592,3.264103578926729,-1.980153779482393,-1.2820505450932842,222.8524079134927,63.12341165914813,0.407911183420282,1.4490376766187794,0.5257318813229013,-0.35236008775550065,0.3322370118346569,-7.940972222222222,0,1,0,0,0,0,-1,1,34.413274873104,-2.8805099249043735,41.648421005466446,34.09006528231353,-38.44470148977162,27.67955043077785,1,0,-1,-1,-8.83565566482904,1,0,-2,1,0,-1.3977886190314885,0.34570592573161707,-0.14449634840801026,0,-1,-1.0867286013897144,0.31106001764177366,0.7871336287286811,-0.714053865379259,7.5,39.5
20221111440,2022,14,Round 14,2022-06-11 09:35:00+00:00,Broncos,Raiders,Suncorp Stadium,24,18,6,42,1,False,36,0.6090639952254249,bet365,0.6474820143884892,0.6172839506172839,True,0.6225490196078431,-4.5,41.5,False,0.44337946872448064,9.28162799250525,-2.6359338749294636,1.4267098599346468,3.6875841076526825,197.0116812095714,38.77325843023016,2.948020108957192,7.238403147078934,0.8726592206224844,-0.49217077491739225,-6.724001005450397,7.854166666666667,0,1,0,0,0,0,1,1,-52.7406314591467,3.9505611642830445,-23.43234582530158,24.52802449428178,-57.78687129241003,8.425209611191462,0,1,2,0,35.33818350889986,1,2,-2,-1,-1,1.3339246799674909,-0.39821461539562,0.571702539966314,0,3,0.8976700509464675,-0.43625462902102363,-0.5235172025110519,0.6079893722196383,-6.5,41.5
20221111450,2022,14,Round 14,2022-06-12 04:00:00+00:00,Wests Tigers,Sea Eagles,Campbelltown Sports Stadium,4,30,-26,34,0,False,36,0.3740621858473179,bet365,0.40506329113924056,0.38423645320197053,True,0.3886138613861386,3.5,44.5,False,-0.514828971839612,-4.162448330880334,8.2422153390809,0.25567742727453435,0.11318726136951085,-96.98228745208621,2.4698127523784024,0.16419536896983988,-2.705694802322917,-1.1784807890406093,-1.5768916975074916,5.8834496989720755,6.232638888888889,0,0,0,0,0,0,1,1,42.103914481481866,-7.168359101891156,7.7615364842454255,28.615880611847686,12.89485648727998,12.152706466143627,1,0,0,2,20.33977541692508,0,1,1,4,0,-2.291591430541353,-0.3903099862705212,-0.2609719264190112,0,-1,-1.5403252783902128,0.7512661521511399,0.6230405359905364,-0.3844116989103319,4.5,43.5
20221111460,2022,14,Round 14,2022-06-12 06:05:00+00:00,Knights,Panthers,McDonald Jones Stadium,6,42,-36,48,0,False,37,0.1801339875783918,bet365,0.2250922509225092,0.15966386554621845,True,0.15642458100558662,16.5,41.5,False,-1.5154399780055707,-12.447980748858125,14.472214079191147,-9.119385802200526,-5.199213116584332,-450.43048931076737,-177.21824241639132,-1.9620141861234446,-8.312785482403122,0.5122393756125518,-1.4005473265263522,-1.2299246453869586,5.159722222222221,0,0,0,0,0,0,1,1,-52.55759338624057,-39.107215463618076,20.088839443299918,-41.20120101461447,7.661983648692072,-15.212691892647342,-2,-1,0,3,69.06975088581027,-1,-2,2,-3,0,-5.5518681557912375,0.18000503072848262,-1.0223910076011709,-3,-1,-2.6306453219413184,2.92122283384992,-1.4374415718094107,-1.2362336665441576,13.5,40.5
20221111470,2022,14,Round 14,2022-06-12 08:15:00+00:00,Warriors,Sharks,Kayo Stadium,16,38,-22,54,0,False,36,0.4178261247632953,bet365,0.26530612244897966,0.1849529780564263,True,0.19086460032626426,14.5,44.5,False,-0.3317037812957219,-3.1533264693327823,8.041065365220081,-1.1056554828957985,-4.588906483113412,-345.842430773695,-83.96672800837894,-2.5774365601166678,-9.486426196249802,0.1658958934747936,-0.037328279322387914,4.372699000609394,-6.055555555555555,1,1,0,0,0,0,-1,1,-54.46281340978487,-9.874508717950931,-8.359150644589391,-49.71034596617261,13.48119191892809,1.8254943945921411,0,0,0,4,123.9845432427405,-1,-1,2,0,0,-2.5133301645636417,-0.25927571326727994,-0.27465785758546535,0,0,-0.7675988137109542,1.7457313508526884,0.42726467423550096,-1.0185695809945727,9.5,42.5
20221111480,2022,14,Round 14,2022-06-13 06:00:00+00:00,Bulldogs,Eels,Accor Stadium,34,4,30,38,1,False,37,0.2368910175277306,bet365,0.17293233082706766,0.14809960681520315,True,0.15405777166437415,18.5,45.5,False,-1.1698006615349723,-7.41043845328074,6.337618709497761,-2.583242514025855,-2.410578250799354,-326.4343514535449,-74.21171905988626,-0.8691569708175688,-7.8722611436911265,-0.24582973216222825,2.083806983845477,-2.516750891453441,-4.163194444444445,0,0,0,0,0,0,-1,1,-86.41087657574792,-23.521614324302533,-5.114246770138834,-11.810064159327368,-45.96495132197913,6.560926489442693,1,0,0,-1,3.177673237280345,1,-1,0,0,0,-3.165233314508102,0.08323850068398109,-0.4369485111876844,-3,0,-2.1500729929551983,1.0151603215529033,0.3940601249137891,-1.5649861498632667,15.5,43.5
20221111510,2022,15,Round 15,2022-06-16 09:50:00+00:00,Dragons,Rabbitohs,WIN Stadium,32,12,20,44,1,False,37,0.33959198139656227,bet365,0.38902743142144636,0.30131004366812225,True,0.3088888888888889,7.5,45.5,False,-0.6651130117606395,-10.027779893842279,2.8347571266370046,-0.36220229715186747,-3.112967862168702,-269.1822443927358,-85.7129181570391,-1.0092983047074187,1.003530804311751,0.6500599846352344,0.06023317594747102,8.173020660700338,0.7951388888888884,0,0,0,0,0,0,0,0,-59.35625920544953,-19.66995576647591,-24.926479295053355,-17.928276433488463,3.1684522895681653,14.719671491567254,1,0,0,2,50.57343323963982,1,2,-1,2,0,-2.6941076744140338,-0.06530330612860702,-0.10620379330270546,0,0,-1.92561347673192,0.768494197682114,0.8724287217836375,-0.45140220329519,3.5,44.5
20221111520,2022,15,Round 15,2022-06-17 08:00:00+00:00,Sea Eagles,Cowboys,4 Pines Park,26,28,-2,54,0,False,38,0.5401864635749725,bet365,0.4444444444444444,0.39999999999999997,True,0.39205955334987597,4.5,43.5,False,0.1610933311650184,-1.4701074137126113,5.669417912578876,4.682162258873234,0.10789081381165033,-44.07955469766284,-9.27642587616333,1.045939128720983,0.9011423568576618,-1.9315853561958143,0.522308115730107,-8.613807553205703,-1.7534722222222223,0,1,0,0,0,1,0,0,33.92561863017397,14.077060990543458,19.417284218757516,-22.361330218636255,22.792603639509267,11.491605177965852,1,1,-1,-3,-131.59766916799396,-1,0,-1,0,0,-1.594490846354082,0.413343436139481,-0.5513754230357207,0,0,-0.2267784412471635,1.367712405106918,-0.3372591200174113,-0.22314355131420985,1.5,42.5
20221111530,2022,15,Round 15,2022-06-17 09:55:00+00:00,Storm,Broncos,AAMI Park,32,20,12,52,1,False,37,0.74080653686712,bet365,0.7931034482758621,0.8403361344537814,True,0.838340486409156,-16.5,43.5,False,1.050164762592372,-3.1553522134362098,1.578794349946751,-0.9038406400441659,0.006566990247748095,-235.31037175191204,-101.11663320128332,-0.4266570831952645,0.2308582750920749,0.06073030956117442,2.727668750962512,0.23929064486021545,0.08680555555555536,0,1,0,0,0,0,0,0,-15.012336679921077,37.871852411608955,-26.2202531759379,-18.165773442381465,-8.498162473210641,7.303890659694304,0,-1,-1,-2,-116.01062195959341,-1,-2,-1,-4,-1,1.155559873604534,0.24026999385501036,-0.34239963960391007,0,0,1.0124243120362204,-0.14313556156831342,0.6484032364417921,1.343734746701095,-12.5,42.5
20221111540,2022,15,Round 15,2022-06-18 05:00:00+00:00,Sharks,Titans,C.ex Coffs International Stadium,18,10,8,28,1,False,37,0.6716893667089756,bet365,0.7931034482758621,0.8391608391608392,True,0.8223583460949465,-15.5,45.5,False,0.7158357688014308,9.76916079137576,-7.57851304249273,-4.684018418404804,1.9028201558159878,83.65257526867526,-18.52802567897254,2.0064464969643803,-5.011403935550938,0.0007969632525082204,1.1760652493505033,-6.576583261382073,-1.135416666666667,0,1,1,0,0,1,0,0,12.884868491436919,-10.64151633962976,-15.935052557921523,37.1010141764439,2.3604232125442763,-16.118070499004062,-1,0,0,-1,-27.528175255009913,0,0,1,0,0,2.9075472257891604,0.2891700420894031,0.2616963559020983,0,0,1.4288298677867497,-1.4787173580024109,0.015305316281350123,1.343734746701095,-12.5,44.5
20221111550,2022,15,Round 15,2022-06-18 07:30:00+00:00,Warriors,Panthers,Kayo Stadium,6,40,-34,46,0,False,38,0.13810781893799903,bet365,0.09502262443438914,0.06367041198501872,True,0.07223796033994334,28.5,46.5,False,-1.8310955061100405,-15.587723961455136,24.300571747408853,-6.594753888392248,-3.1634779262603203,-475.0107178718795,-159.53919614734957,-1.9452596932005894,-8.148136768029005,0.28707055956742167,-0.6923943113185427,2.017660228933437,-0.09027777777777768,1,1,0,0,0,1,0,0,-110.6166874989782,-27.18791275617295,-24.66769636078851,-57.542636068804526,-1.218442313212222,12.348602830993002,1,0,1,5,147.9173066133822,0,1,0,1,0,-7.000384417427906,-0.25962631688344207,-0.39917293785212987,0,0,-2.670439369893481,4.329945047534425,0.08549857963705376,-2.2537949288246137,20.5,43.5
20221111560,2022,15,Round 15,2022-06-18 09:35:00+00:00,Eels,Roosters,CommBank Stadium,26,16,10,42,1,False,39,0.5555017121613726,bet365,0.6109725685785536,0.5822784810126582,True,0.579746835443038,-3.5,41.5,False,0.22292548820868746,-3.4475431911879255,2.9168433342426034,2.750156475519674,1.6713475288671447,62.74684627571537,92.75470212646815,0.3873899536467933,-2.6268092264410576,-0.32538207801820285,-3.0028186627176705,-8.495825017498674,-1.9375,0,0,0,0,0,1,0,0,35.243305780322544,29.460526018776477,12.595907693833738,-11.021723342924986,4.208595410637301,4.426578368326631,-1,-1,1,-1,-41.12532627007667,0,-1,0,-2,0,-0.5165098426485444,0.013317901196777948,-0.12470329860757831,0,0,0.055239562141737475,0.5717494047902818,0.583742683488597,0.45140220329519004,-3.5,40.5
20221111570,2022,15,Round 15,2022-06-19 04:00:00+00:00,Raiders,Knights,GIO Stadium,20,18,2,38,1,False,38,0.6710138619578963,bet365,0.7346938775510204,0.7246376811594202,True,0.7182203389830509,-8.5,43.5,False,0.7127741791467783,8.070990421856898,-10.312955936309482,2.748419914417852,3.9734417363471266,288.5511142336179,75.56047969045233,0.9155489861665194,10.431889872496999,0.46486860936429686,-1.1479290334585297,-0.013330512962454577,0.8541666666666661,0,1,0,0,0,0,0,0,97.14110500297033,7.587457631945142,36.87499343219889,9.379878311203228,43.29877562762326,10.559846474022834,0,-1,0,-3,-92.55854938727308,0,1,-1,1,0,2.3058889669949094,0.1778946596193659,0.38786214175025463,0,0,1.0569685241759201,-1.2489204428189893,-1.0024265602767692,1.0185695809945734,-9.5,41.5
20221111580,2022,15,Round 15,2022-06-19 06:05:00+00:00,Bulldogs,Wests Tigers,CommBank Stadium,36,12,24,48,1,False,37,0.5531647759468575,bet365,0.5104712041884817,0.558974358974359,True,0.5541237113402062,-2.5,42.5,False,0.21346602411817484,6.333342080261142,-9.493963045670139,1.256419619151501,1.4234986018945577,85.73087720352646,41.46948728498967,-0.11109975362621505,-2.088525941034284,0.7893179270930908,1.6641195391588743,-13.952306535465006,-1.083333333333333,0,0,0,1,0,0,0,0,15.18321736734265,29.037531898902273,21.256252984235573,6.774203909096315,-41.884771424891625,25.011741367454192,0,0,0,-2,-51.01809060022656,0,-1,-1,-1,0,1.0454518869049454,0.19773272331822267,0.256101757036631,0,0,0.3556121402490383,-0.6898397466559063,-0.6990242142236804,0.04189094170916013,-1.5,40.5
20221111610,2022,16,Round 16,2022-06-30 09:50:00+00:00,Sea Eagles,Storm,4 Pines Park,36,30,6,66,1,False,40,0.36564181508949395,bet365,0.2841880341880342,0.31111111111111106,True,0.29978118161925604,7.5,42.5,False,-0.550959548416859,-1.8792178721273949,2.0482836128680724,-3.5550214907486435,-1.6830752854594522,-2.7231119320922517,49.2250921555883,-0.5344671256045501,4.331058538612801,2.0294912913497303,-1.5231504535865774,-1.116780333386739,0.07986111111111072,0,1,0,0,0,0,0,1,1.6877863631783612,7.001003688020177,23.487675743387598,-30.205620192514232,1.4047271242848467,15.693275814287944,-2,0,-2,-4,-133.53236178198804,0,0,0,0,0,-1.5697406539795964,0.20629273364910894,-0.7328470317293959,1,-2,-0.8684424046192951,0.7012982493603015,1.4075217004014615,-0.9237814036033127,9.5,43.5
20221111620,2022,16,Round 16,2022-07-01 08:00:00+00:00,Knights,Titans,McDonald Jones Stadium,38,12,26,50,1,False,39,0.6145978829185416,bet365,0.5769230769230769,0.5194805194805195,True,0.5234374999999999,-1.5,39.5,False,0.46668095587032277,0.6011895080471188,1.1237554788515354,-10.178577360772394,-1.6200521861178103,-226.2368926977988,-104.00476110665431,-0.7995214693924257,-11.657033527134502,1.4884450174726886,0.39692233626934836,-1.7189625159281974,-0.9583333333333339,0,1,0,0,0,0,0,1,-42.44234182353068,-0.9198653285301077,1.397984364114052,-18.99749422587516,-23.92296663323951,0.9698336946329391,1,0,0,-2,-42.568807559302414,1,0,-2,1,1,-0.042498899920604405,0.15599817306882935,-0.004298875833694593,0,1,-0.0635953157975031,-0.0210964158768987,-0.8045959898208629,0.3101549283038393,-3.5,39.5
20221111630,2022,16,Round 16,2022-07-01 09:55:00+00:00,Panthers,Roosters,BlueBet Stadium,26,18,8,44,1,False,41,0.81769860160283,bet365,0.7894736842105263,0.8519003931847969,True,0.8455172413793104,-16.5,40.5,False,1.5008324584954176,14.033926934441066,-14.934978348102339,3.0869483355230187,3.3988098657102483,203.6884493435282,121.13274859294722,1.8375684844827633,-5.8482156877139175,-0.7788106959457135,-0.5951823547481281,-7.374824257986823,0.08680555555555536,0,0,0,0,0,0,0,1,40.7232773153263,39.76422866512877,6.44508892963691,20.81877529674199,-26.304815576181483,8.858504984031384,-1,-1,0,-4,-116.08693518394136,-1,0,0,-1,0,4.731357187879041,0.5034482422127666,-0.15428438968712277,3,0,2.0733574680423463,-2.6579997198366945,-0.7739787843880703,1.3217558399823195,-13.5,40.5
20221111640,2022,16,Round 16,2022-07-02 05:00:00+00:00,Bulldogs,Sharks,CommBank Stadium,6,18,-12,24,0,False,38,0.3604802224980363,bet365,0.33962264150943394,0.29501084598698485,True,0.30242825607064017,8.5,37.5,False,-0.5732804531379604,2.8806078389061582,0.22143972375799592,5.6242641708826255,-0.006324710982866577,-15.676302619348007,20.12899146576683,-0.7053664565990383,-6.615472466223732,-1.7810706975784214,-0.25589692455579627,0.07741036214549268,-1.0451388888888893,0,0,0,0,0,0,0,1,-0.8981879126680496,-0.4802782090622202,42.46212287255898,-0.8299127708686171,-42.050119805296234,-5.648343214322438,0,0,2,0,-11.041220303865224,0,1,-1,-1,0,-1.5930465734332953,-0.13075349857805274,0.10713951003843247,0,0,-0.7838835856764875,0.8091629877568078,-0.7886306046861742,-0.6649763035932491,7.5,41.5
20221111650,2022,16,Round 16,2022-07-02 07:30:00+00:00,Cowboys,Broncos,Queensland Country Bank Stadium,40,26,14,66,1,False,38,0.6238617440571562,bet365,0.6416464891041161,0.6411483253588518,True,0.6394230769230769,-5.5,42.5,False,0.5059720020297899,0.9170358423557516,-4.873590360440588,-2.687880704261076,0.5302648405663319,14.969161600586858,3.6249440662169263,-1.300607276973297,0.42371276592308504,1.4525739097475814,0.0521071430079969,8.635432665231775,0.0,0,0,0,0,0,0,0,1,-9.11406402857358,10.668139383109178,-5.0246038958517545,2.503949881639585,-17.26154939747056,-7.4256106112175075,-1,-1,0,0,-24.90384499942266,1,1,1,2,0,1.3374968322311114,0.18675133205833494,-0.22951359270573377,-1,0,0.3809138197314952,-0.9565830124996162,-0.4140550678385993,0.5825175522221068,-6.5,40.5
20221111660,2022,16,Round 16,2022-07-02 09:35:00+00:00,Rabbitohs,Eels,Accor Stadium,30,12,18,42,1,False,40,0.5910968231459779,bet365,0.3452380952380952,0.44102564102564096,True,0.43147208121827413,2.5,35.5,False,0.36850143672851216,3.442034612953009,2.2368390063538257,-7.9319236685248455,-1.566079347776622,-79.40887497846802,-33.762647344318566,0.903217965634509,0.38559142725984685,2.365782218789354,1.4719231784490594,0.4827118102877215,0.0,0,0,0,0,0,0,0,1,35.418117154105744,-7.152119689680745,-6.152136946990339,9.07112695620441,39.65124683457233,15.356931633368873,1,0,-1,0,-43.60814076243207,0,1,-1,0,0,0.2898792546278708,0.11426931600966017,-0.009847089653862794,2,0,0.3147671476846993,0.02488789305682859,1.301834092443644,-0.6400373552459971,7.5,42.5
20221111670,2022,16,Round 16,2022-07-03 04:00:00+00:00,Warriors,Wests Tigers,Go Media Stadium,22,2,20,24,1,False,38,0.5980348431986885,bet365,0.6341463414634148,0.5822784810126582,True,0.5812182741116751,-2.5,42.5,False,0.39728360823280867,-1.0268565924608453,3.303824103426635,2.137639902544052,4.31448366993132,-101.86410691573269,-30.776667899130757,-0.40329487768329253,-7.920426775458818,-0.5500818578271289,-0.533674975699288,-7.03686451981978,0.08680555555555536,0,1,0,0,0,0,0,1,-12.28021499482611,-5.12224584277061,22.334414766269276,-25.431593028811662,-4.060790889512958,-6.5900294205565615,0,0,-1,-1,-66.25607239318136,2,-1,-2,0,1,-0.13891241450886316,-0.05578498007687038,0.1414072295026736,0,0,0.33131137951265344,0.4702237940215168,0.8185319590126068,0.5500463369192725,-6.5,42.5
20221111680,2022,16,Round 16,2022-07-03 06:05:00+00:00,Dragons,Raiders,WIN Stadium,12,10,2,22,1,False,38,0.5100259856710506,bet365,0.5235602094240838,0.44102564102564096,True,0.4435897435897435,1.5,35.5,False,0.04010931899983396,2.0015473923977467,1.9157790263304406,0.8457880835697296,-2.016865632325569,-136.43948145471336,-41.09332021942964,1.1317586209504413,-3.237851114655676,0.7422937517459243,0.8875281311002556,7.937465284609608,0.0,0,1,0,0,0,0,0,1,-80.50726338422533,-14.250256042109271,-43.605022513553195,23.576442580222448,-46.22842740878528,8.861301752708272,-1,0,0,-1,-17.968231247104487,0,0,-1,-2,0,-0.625419188336028,0.1557648822188763,0.010392604840797535,0,0,-0.08480669830036713,0.5406124900356608,-0.7419234426722281,0.09431067947124142,-1.5,39.5
20221111710,2022,17,Round 17,2022-07-07 09:50:00+00:00,Sharks,Storm,PointsBet Stadium,28,6,22,34,1,False,39,0.39148999355456954,bet365,0.33962264150943394,0.33962264150943394,True,0.3227272727272727,6.5,39.5,False,-0.4410534008818111,-6.863348328039542,-8.581894643659455,-8.113970482037416,1.3307777616792151,142.83862768945755,6.555193988124643,-0.36457055297290974,3.504945207619784,3.7562922037860424,-0.2459698467876823,-3.4833794511377896,-1.7986111111111107,0,1,0,0,0,1,0,1,18.41063274835551,-50.79992798681293,4.455357475595093,33.92715145440428,30.82805180516901,-26.302761742443366,-1,1,0,-1,-25.5394523702667,0,1,-1,3,1,-1.0809224213919066,0.0999400535657875,-0.4877071543814304,0,0,-1.4842843996372475,-0.4033619782453408,0.6375065760321619,-0.6649763035932491,7.5,38.5
20221111720,2022,17,Round 17,2022-07-08 09:55:00+00:00,Knights,Rabbitohs,McDonald Jones Stadium,28,40,-12,68,0,False,40,0.35602962279928413,bet365,0.3658536585365854,0.35885167464114837,True,0.36231884057971014,4.5,42.5,False,-0.5926387894102627,-4.704559522987765,1.6661338908591183,0.6251400364452309,-1.9708151598265573,-210.12147172946652,-30.644259969535597,-2.1986272245941616,-8.252738524320048,-2.1500101414149793,-0.01753937455834631,4.262193762861919,1.0659722222222214,0,0,0,0,0,0,0,1,79.79794002530116,8.0222052929023,39.96269134161432,17.490754723546985,14.322288667237672,17.57082700116075,-1,0,-2,-3,-184.3164109554608,-2,-1,-1,-1,0,-1.8535706269875418,0.5129548022128205,-0.8614911920823274,0,0,-1.2961344516922955,0.5574361752952464,0.26224398088078976,-0.5500463369192716,6.5,40.5
20221111730,2022,17,Round 17,2022-07-09 09:35:00+00:00,Wests Tigers,Eels,Leichhardt Oval,20,28,-8,48,0,False,39,0.29571818427482066,bet365,0.22303473491773307,0.21052631578947367,True,0.19699499165275455,14.5,42.5,False,-0.8677716618293716,-7.273001955410473,4.576227031135552,1.298021144009482,-4.182024888284161,-270.1959109105255,-25.071793461688003,-1.3037963978647475,-1.6225673565025929,-1.1570243549899981,1.5430173575156907,6.836908986223605,-0.7673611111111107,0,0,0,0,0,0,0,1,-16.91666360922818,-33.35136679337978,-3.5305815679491275,7.398460267426913,12.566824484673859,-0.05729205997619147,0,0,4,4,95.9230898590711,0,1,1,0,0,-2.2619766818157165,0.48768464098166064,-0.9880495990257231,0,-1,-1.5466703626043417,0.7153063192113751,0.02334074085721277,-1.2480681241911602,12.5,39.5
20221111740,2022,17,Round 17,2022-07-10 06:05:00+00:00,Broncos,Dragons,Suncorp Stadium,32,18,14,50,1,False,39,0.6506430475253717,bet365,0.5949367088607596,0.5221932114882506,True,0.5298701298701299,-1.5,42.5,False,0.6218669917633153,6.827476349637635,8.224904968463143,2.6738211429074283,-0.24174899890276436,186.75257465772938,2.549623199822122,1.0647861559381662,2.565813167567079,-1.2500861999998296,0.30622233532292586,-2.429093645512104,0.9409722222222223,0,1,0,0,0,0,0,1,-8.055948359030936,24.168284965124144,-25.917854882703466,-5.587365986285164,-0.7190124551663075,6.225173110102219,0,-1,2,6,261.20737370295694,2,2,2,4,0,0.9141965564784257,-0.7186453828228966,0.7558271947412536,0,3,0.957855225421101,0.04365866894267517,-0.1460002731314734,0.38441169891033233,-4.5,40.5
20221111810,2022,18,Round 18,2022-07-15 08:00:00+00:00,Cowboys,Sharks,Queensland Country Bank Stadium,12,26,-14,38,0,False,40,0.600595044242842,bet365,0.6416464891041161,0.47532467532467537,True,0.4792746113989638,1.5,41.5,False,0.40794507526162965,7.673483834863866,6.41324710626507,2.2028988694739553,1.0124134038776091,83.76428942345137,18.023247685850833,-1.1579452149143519,-0.3376762682575105,-0.23847217980518387,-2.5965454937644195,7.843296959867111,5.097222222222223,0,1,0,0,0,0,1,1,-77.43750273069725,-9.077872747659256,6.816894045275745,-50.9657104587248,-24.210813569588936,-29.77890518822258,0,-1,1,2,101.3147353792823,-1,1,2,1,1,0.2978916054560412,-0.6437449018901857,0.7679520712167602,1,2,0.5976435135616613,0.2997519081056206,-0.8829322267650765,0.5825175522221068,-6.5,41.5
20221111820,2022,18,Round 18,2022-07-15 09:55:00+00:00,Eels,Warriors,CommBank Stadium,28,18,10,46,1,False,40,0.7706583699665388,bet365,0.8090614886731391,0.8576874205844981,True,0.8486486486486486,-17.5,44.5,False,1.2120324493695231,5.117999531795487,-2.5751720266374747,0.3747068080559899,-0.44251792647411037,194.28731338182115,19.942958038835286,1.2486797139240116,4.698911140592646,0.09044432307538486,0.962789675101229,5.919266729576439,-6.232638888888889,0,1,0,0,0,0,-1,1,44.74983337635649,25.08735609441868,18.653038297175414,22.77931222655397,-21.76987324179153,-6.84743520835525,-1,0,0,-1,12.940782028736137,1,-1,0,0,0,1.8151469016939377,-0.2909209179753706,0.4746929349914676,1,0,0.9754544110417397,-0.8396924906521975,0.7281347140856163,1.4439234739565265,-13.5,44.5
20221111830,2022,18,Round 18,2022-07-16 05:00:00+00:00,Roosters,Dragons,Industree Group Stadium,54,26,28,80,1,False,40,0.687312669436489,bet365,0.660377358490566,0.7276507276507277,True,0.725,-9.5,43.5,False,0.7875855642147956,0.44659528972082896,2.1573241331884354,0.853111026933334,-0.23944974516278705,128.5976405795152,27.08448795358356,-0.349801254115806,9.866152788228177,-0.3956866373177803,2.442087812280744,4.423704855716629,8.04513888888889,0,0,0,0,0,-1,1,1,44.41825381094361,20.71787339418458,2.348129159309991,-11.727341091764032,33.07959234921299,-1.7533580887677545,0,-1,0,2,58.189657588611,-1,0,-1,-2,0,1.1758407688728063,-0.11615204180989319,0.22233434628467444,2,1,0.727945861328241,-0.4478949075445656,-0.4957586456343865,0.6649763035932489,-7.5,42.5
20221111840,2022,18,Round 18,2022-07-16 07:30:00+00:00,Sea Eagles,Knights,4 Pines Park,42,12,30,54,1,False,41,0.7358016417254182,bet365,0.7158119658119658,0.7519531249999999,True,0.7336065573770492,-10.5,44.5,False,1.0242603957601113,5.710417180677332,-4.583322002799964,0.1420450243934539,1.6428581399261617,110.69754323863572,53.19367175425998,1.3544787407427732,11.782601538607686,2.2443100505580116,-0.5996047719730324,-2.835043533416634,6.100694444444445,0,0,0,0,0,0,1,1,-12.602269661766059,31.135339142836244,-35.974941390205714,-9.855175532531419,2.092508118134859,3.4444705193422465,-2,0,0,-3,-99.95087264480694,0,-1,-3,-5,-1,2.3027828070408933,-0.05503726838320988,0.29970555502264606,-1,0,1.563480346285143,-0.7393024607557505,1.1890888892984117,0.9237814036033127,-8.5,44.5
20221111850,2022,18,Round 18,2022-07-16 09:35:00+00:00,Titans,Broncos,Cbus Super Stadium,12,16,-4,28,0,False,40,0.3467006122128954,bet365,0.35251798561151076,0.3734643734643735,True,0.363855421686747,5.5,44.5,False,-0.6335738862195357,-14.823692260722227,5.61952604287276,0.33137455551931794,-4.656510771821651,-119.98685841425868,44.932161103429166,-2.5481608540308494,-1.1617248814402785,-0.008446429842505765,1.4416256044988414,-0.9940757982987165,7.854166666666667,0,0,0,0,0,0,1,1,-3.136488067207438,-25.419576788796746,25.590224776122227,-22.238219199878174,18.931083145345212,-25.614098995406067,2,0,-1,-1,-90.01151208749064,-1,3,0,1,1,-2.3113886616239645,0.8166913387306882,-1.4320264840386672,1,-4,-1.5035094380810803,0.8078792235428842,0.5189887542355021,-0.6079893722196386,6.5,42.5
20221111860,2022,18,Round 18,2022-07-17 04:00:00+00:00,Wests Tigers,Panthers,CommBank Stadium,16,18,-2,34,0,False,40,0.10446845681570106,bet365,0.13580246913580246,0.31111111111111106,True,0.31026785714285715,7.5,42.5,False,-2.1485322677976693,-18.397269192199307,17.7448736830557,0.2229087025564951,-3.900840768238467,-377.3887035297171,-50.546688386528444,-3.3281440872041705,-8.535645526311761,-0.9977003388728658,0.9769886491846096,4.321987550824652,-6.232638888888889,0,0,0,0,0,0,-1,1,-4.673945953636007,-15.649853770078636,-7.864951343032743,-15.86708310779845,34.70794226727391,29.36928666126346,-2,0,-1,-4,-214.73460631432187,-2,0,0,0,-1,-5.233272646282584,1.9479215900624558,-3.0143182184658746,0,-7,-2.5815897730543895,2.6516828732281956,-0.26662253350371623,-1.8505999692509887,17.5,41.5
20221111870,2022,18,Round 18,2022-07-17 06:05:00+00:00,Storm,Raiders,AAMI Park,16,20,-4,36,0,False,40,0.7572018749002692,bet365,0.8090614886731391,0.8077544426494345,True,0.8084415584415585,-14.5,42.5,False,1.1373995582675922,4.426800773911658,7.543145940447584,9.522263602966376,-0.4094327980935475,-65.51810586828196,13.652396841587574,0.9339612972454137,-1.3244273901413948,-4.698345836117888,2.0353429154415847,3.7678075381773297,-4.15625,0,1,0,0,0,0,-1,1,-17.897435813034235,36.0806814476947,-77.83881796802515,31.93025927088729,-8.069558563591059,11.433955960734437,2,0,-1,1,14.27787436466781,0,-1,-2,1,0,2.1693396302930577,0.4190131984617155,0.1832209078445925,0,0,2.0331247378705086,-0.13621489242254897,0.041772491407572054,1.4439234739565265,-13.5,42.5
20221111880,2022,18,Round 18,2022-07-17 08:15:00+00:00,Bulldogs,Rabbitohs,Accor Stadium,28,36,-8,64,0,False,40,0.26338938474014456,bet365,0.23809523809523808,0.31111111111111106,True,0.3204545454545455,6.5,45.5,False,-1.0284259274798457,-9.684883870186649,-4.708580930924391,2.4598071838392457,0.47787548349825926,-128.945730798137,-20.637106157156154,-2.1311822090791726,-2.9976457745986593,-0.5426635530438979,-1.0957787941375479,2.150423057155681,5.069444444444445,0,0,0,1,0,0,1,1,11.973465648285583,17.123839816490175,19.734466070120703,-14.057053915522033,-10.82778632280332,10.695794539518687,0,0,2,-1,-123.30161927191735,-2,0,0,-2,0,-1.8831293774271494,-0.025655270786783202,-0.233789400141385,0,-2,-1.897457779983894,-0.014328402556745015,0.25573790780990785,-1.1631508098056809,11.5,41.5
20221111910,2022,19,Round 19,2022-07-21 09:50:00+00:00,Eels,Broncos,CommBank Stadium,14,36,-22,50,0,False,41,0.5969208248514185,bet365,0.6341463414634148,0.6079404466501241,True,0.6069651741293531,-3.5,42.5,False,0.39265147586953,-1.5976994506407998,1.370901324000389,-2.2135032296469888,0.09498828272214155,-4.436582925488665,118.08563175953606,-1.730890179305419,-5.984056802089501,1.4681418838659237,1.1542270400330361,-12.009525627316599,0.9861111111111107,0,1,0,0,0,0,0,0,40.008222366901805,23.717232402761084,32.94147943590596,-21.34684857681998,4.696359105054768,-0.2831031683388687,-1,0,0,-1,-32.84048082761642,-2,-1,-2,-5,0,-0.3945760157015553,0.11068709888089742,-0.17847121165133317,0,0,-0.10637262694741079,0.2882033887541446,0.5959037219582048,0.5500463369192725,-5.5,41.5
20221111920,2022,19,Round 19,2022-07-22 08:00:00+00:00,Dragons,Sea Eagles,Netstrata Jubilee Stadium,20,6,14,26,1,False,41,0.4012760381362192,bet365,0.5,0.40506329113924056,True,0.4141414141414142,2.5,42.5,False,-0.40015109539675453,-11.442583291483981,11.154979767866578,-1.4093211983340694,-3.8370920670725823,-258.19674574390797,-97.40212513287128,-2.8939708999117633,-6.265868468856837,-1.038293137474641,-0.8032263004019606,9.844668976776923,0.10416666666666696,0,0,0,0,0,0,0,0,-8.64291890435959,-31.88923528709961,37.93939129668027,-25.73331334988991,11.04023843594966,8.144319303999339,-1,0,-1,1,-14.908463915445793,-1,0,0,1,0,-2.599504715720208,0.2785512102981802,-0.543076770893681,0,0,-1.5228007369795047,1.0767039787407024,1.5151577886068996,0.0,-1.5,42.5
20221111930,2022,19,Round 19,2022-07-22 09:55:00+00:00,Knights,Roosters,McDonald Jones Stadium,12,42,-30,54,0,False,42,0.3744171112752262,bet365,0.2982456140350877,0.26530612244897966,True,0.27122153209109734,9.5,43.5,False,-0.5133133903229284,-9.526711330228991,7.14930442471309,-0.7300759811850526,-2.308199643472676,-161.2998141262001,-23.0822746584455,-2.109370161964642,-18.340384621740206,-0.28215215769695234,0.05859555732502386,-1.8365699212769186,-0.10416666666666607,0,0,0,0,0,0,0,0,-21.89454968768632,-26.896168211922003,21.9429038422725,-1.7617977651647294,-15.179487552871976,-16.284450381781852,-1,0,0,-1,-81.87337784785475,-1,1,0,-1,1,-3.0009146741006987,-0.15462753159384923,-0.5672121894429707,0,0,-1.6943616143194629,1.3065530597812365,1.0453504450347164,-0.8556661100577202,8.5,43.5
20221111940,2022,19,Round 19,2022-07-23 05:00:00+00:00,Raiders,Warriors,GIO Stadium,26,14,12,40,1,False,41,0.732935760229091,bet365,0.7455268389662029,0.8013355592654424,True,0.7920962199312714,-13.5,45.5,False,1.0095688306683182,1.7964960921956283,-9.69333732767975,-1.741915472268417,-1.663766552721242,33.331756465256376,-68.76017707295625,0.07536390175721275,9.60101307120296,1.1577354866014655,1.5602103452930196,7.85846738753613,-1.8402777777777786,0,1,0,0,0,1,0,0,16.820979849925152,4.632750457322004,25.75051806621073,8.331104186184604,-21.893392859792215,-1.8639412657987577,-1,0,1,1,43.28281793168685,1,0,-1,0,0,2.006590643881407,-0.05796616290661699,0.1026820791933637,0,0,0.2578078787338788,-1.7487827651475283,-0.9477340212950645,1.0748957620507942,-10.5,41.5
20221111950,2022,19,Round 19,2022-07-23 07:30:00+00:00,Panthers,Sharks,BlueBet Stadium,20,10,10,30,1,False,41,0.7876930546085225,bet365,0.8130081300813009,0.8090614886731391,True,0.7972972972972973,-13.5,40.5,False,1.311075406205138,3.7923822255316466,0.341119656556252,3.1977011506323265,0.18522331080169607,107.76887276523598,104.60974950534091,1.3944226597448477,0.5903466817265084,-1.1231588853175083,-0.5195835294928042,2.0198738033647103,-1.833333333333334,0,0,0,0,0,0,0,0,61.422528038877886,22.11521685552043,55.96214958256081,1.671338024705392,-18.32617642390869,-3.9229645532417976,3,1,0,-2,-57.20079166551759,1,1,1,6,0,2.812380021083815,0.7918869042322212,-0.06138509009504145,0,0,1.5130485528095994,-1.2993314682742159,-1.9108866327700627,1.4696759700589421,-13.5,40.5
20221111960,2022,19,Round 19,2022-07-23 09:35:00+00:00,Rabbitohs,Storm,Accor Stadium,24,12,12,36,1,False,43,0.5393937092359369,bet365,0.35251798561151076,0.5,True,0.4947916666666667,1.5,42.5,False,0.15790210306328512,11.310203681275699,1.1470311290161597,-5.280364041780132,0.3580354304899913,125.28112500403381,32.66354901256523,0.8342811646875985,-2.4817219095781127,1.4748486718563232,-1.2126451749643161,-2.2915680342453157,-0.09027777777777768,0,1,0,0,0,0,0,0,82.36361780558036,-4.049781106040825,47.87991787940723,26.78631280562297,11.747168226591057,24.70214864193133,0,0,0,0,-21.42369151465269,1,-1,-1,1,0,-0.2746805238820045,0.027111258775728064,-0.15221679742066208,0,0,0.2486168119174026,0.5232973357994076,2.0327567949942744,-0.6079893722196386,5.5,41.5
20221111970,2022,19,Round 19,2022-07-24 04:00:00+00:00,Bulldogs,Titans,CommBank Stadium,36,26,10,62,1,False,41,0.564670711689227,bet365,0.6547619047619047,0.6,True,0.6044776119402985,-4.5,43.5,False,0.2601400207336851,9.543007203296057,-2.182397022314696,0.24706684432609904,3.623165291705533,-136.94105262332823,-4.196588056450082,0.3946550501915915,-9.049950943244959,-1.12999344510105,0.7411842401502868,-1.161883656843436,-0.9444444444444438,0,1,0,0,0,0,0,0,-1.2015037268397464,29.71445304992517,-12.354834290189984,13.37297704301929,-31.934099529594207,13.426377996809663,1,0,0,-4,-120.91132586828459,0,1,0,1,-1,0.7701246466946785,-0.4596439480996818,0.8177458318761736,0,0,0.4914740469674914,-0.2786505997271874,-0.9175227003852302,0.6400373552459965,-5.5,41.5
20221111980,2022,19,Round 19,2022-07-24 06:05:00+00:00,Cowboys,Wests Tigers,Queensland Country Bank Stadium,27,26,1,53,1,False,41,0.8323569223334863,bet365,0.8541392904073586,0.8810572687224669,True,0.8922764227642276,-22.5,45.5,False,1.6024241603470901,11.40101279379919,-5.006567211406704,-5.497708174262712,3.3242439549955023,274.76897934417,-15.059795167927064,1.0128622490335935,8.979631359740814,3.094036141794424,-1.4615122868993593,-3.218938511191517,1.833333333333334,0,1,0,0,0,0,0,0,33.71780655090174,15.810202415708147,-30.398105363386435,48.06112518465878,0.24458431392129398,-6.972295040064267,1,0,0,1,11.985977091563996,1,1,-2,1,0,4.602060419522752,0.16813250790593104,0.40629872286489,0,0,2.5056850536057285,-2.096375365917024,-0.6725002004748997,1.7674421615773475,-16.5,42.5
20221112010,2022,20,Round 20,2022-07-28 09:50:00+00:00,Sea Eagles,Roosters,4 Pines Park,10,20,-10,30,0,False,44,0.5344641356682783,bet365,0.5769230769230769,0.1317365269461078,True,0.13784461152882208,19.5,47.5,False,0.13807549087000417,-8.054580960022065,-1.0685182694906317,0.2448666585379442,0.3731523668695971,-61.919488029614286,36.0808608328756,-0.48910177857537107,-6.7213963937901084,0.3312739947868746,-0.18243417944795848,0.5886523350998374,0.0798611111111116,0,0,0,0,0,-1,0,0,-115.83882654685169,-4.44584014728099,-34.79916545921887,-28.768528380628226,-47.82529255972372,-19.596146961588033,1,0,5,4,134.14065677484047,2,1,4,2,0,-1.0458735824411316,-0.6156244878249016,0.37957217129349646,0,0,-0.7188709058736675,0.32700267656746407,1.3531853303474883,0.3101549283038393,-2.5,42.5
20221112020,2022,20,Round 20,2022-07-29 08:00:00+00:00,Warriors,Storm,Go Media Stadium,12,24,-12,36,0,False,42,0.2569771229398601,bet365,0.23809523809523808,0.21328671328671325,True,0.2190305206463196,12.5,45.5,False,-1.0617397692302033,-2.1540282158089425,2.8303705705632964,-2.5936642560156145,-1.6639255245391453,-168.78895570565146,59.04686278599547,-1.7956483467885263,-10.998464749766704,0.34567150758971366,-1.5814476524754149,-5.862072388126485,0.19097222222222232,0,1,0,0,0,-1,0,0,-43.03369741217057,-48.5518417886978,27.760078435907843,-20.83678544939437,-1.4051486099862842,-10.987661285986547,1,0,1,0,-28.20065882296113,0,1,2,2,0,-3.263384808299262,0.0485250836011486,-0.6077968577273494,0,0,-1.702210767712208,1.5611740405870533,0.5242676205511818,-1.1631508098056809,12.5,43.5
20221112030,2022,20,Round 20,2022-07-29 09:55:00+00:00,Eels,Panthers,CommBank Stadium,34,10,24,44,1,False,44,0.25993100020773907,bet365,0.23809523809523808,0.27536231884057966,True,0.2887931034482759,8.5,41.5,False,-1.0463272128352523,-5.243139545797575,14.05633969575161,-1.1698064724600385,-2.471994237335899,-163.7799832474775,-6.955382754902189,-2.587319724570368,-13.04057448262897,1.288718615367344,-0.5711491430966618,-6.193194757678242,1.9027777777777768,0,0,0,0,0,0,0,0,-42.07746183069787,-35.31690798475307,23.332869930038925,-35.77438136302122,5.680957587037497,-28.187160559293147,-1,0,0,-2,-93.61222176340911,-1,0,0,-1,0,-3.9991156758299766,0.3499991582671823,-0.962371971020671,0,0,-1.2541689082624574,2.7449467675675194,-0.5023592558603092,-1.1631508098056809,12.5,41.5
20221112040,2022,20,Round 20,2022-07-30 05:00:00+00:00,Titans,Raiders,Cbus Super Stadium,24,36,-12,60,0,False,42,0.341976941151399,bet365,0.423076923076923,0.31111111111111106,True,0.32346241457858765,6.5,46.5,False,-0.6544966632985394,-3.8693918505630087,12.559063480299177,2.205952829722918,-0.7871117960699152,84.69755714892267,19.703817643394245,-1.0315022201731372,5.751758919588532,-1.017464502766055,-0.712141357069596,-0.7670038433824615,-0.958333333333333,0,1,0,0,0,0,0,0,3.8976499135093263,-9.469837444670048,-6.554615520154954,17.599664457120767,2.3224384212136044,-1.0943453423975313,0,0,0,2,59.558652507744625,0,1,0,1,1,-2.108045222821224,0.1620748127804694,-0.5631399167862747,0,0,-0.4506001989504894,1.6574450238707343,-1.2585999077280552,-0.3101549283038397,2.5,45.5
20221112050,2022,20,Round 20,2022-07-30 07:30:00+00:00,Sharks,Rabbitohs,PointsBet Stadium,21,20,1,41,1,False,42,0.5145166151200179,bet365,0.5454545454545455,0.5194805194805195,True,0.5348837209302325,-1.5,44.5,False,0.05808278402728461,-9.332123740284224,-6.500756434595891,-3.214452244952014,-2.7853395342861447,-69.48993342509038,-54.609825829629585,-1.1427702754229596,4.484373232650469,1.8722991278963725,-1.0368751107352843,4.279917600576905,0.08680555555555536,0,0,0,0,0,0,0,0,-35.825929350941806,-12.67740813903572,-30.012022412355975,9.562092507443026,-2.6985913069930945,-8.378050232369759,0,0,0,0,26.92715780359189,-1,0,1,0,0,-0.04885527083179486,-0.2253384522576345,0.1953554070757156,0,0,-1.2103494897887057,-1.1614942189569115,-0.20088637013305122,0.18232155679395495,-2.5,42.5
20221112060,2022,20,Round 20,2022-07-30 09:35:00+00:00,Broncos,Wests Tigers,Suncorp Stadium,18,32,-14,50,0,False,42,0.8326602460759331,bet365,0.795847750865052,0.867224880382775,True,0.8571428571428572,-18.5,45.5,False,1.60459949075845,10.26402801700672,-7.527402924991364,-1.3759310546287793,0.18507574859648912,68.13834309201297,-38.04374810021943,0.02053248881318126,-2.9011229268957663,0.2592807079492676,-0.955285115153222,-3.044547651852433,2.843750000000001,0,1,0,0,0,0,0,0,62.32569758372438,12.335104838871331,10.362069322124682,29.44063745034326,10.18788597238516,4.120342322237121,0,-1,0,0,-34.799845002228395,0,2,-1,0,0,3.1102774185174615,-0.3365705424867096,0.821575671428531,0,0,1.8252361533417165,-1.2850412651757452,0.10674559944972539,1.3605418650174765,-13.5,45.5
20221112070,2022,20,Round 20,2022-07-31 04:00:00+00:00,Knights,Bulldogs,McDonald Jones Stadium,10,24,-14,34,0,False,42,0.604934136465136,bet365,0.5769230769230769,0.34834123222748814,True,0.34433962264150947,6.5,49.5,False,0.42606709263042714,-8.644942457990691,10.554718365216203,-0.0592529230793275,0.5015157300568021,-59.46845794900673,-7.536556614255346,-1.533153109286924,-2.930041705496329,-0.005204506980145851,1.118276580624717,2.3978139514737364,1.7534722222222214,0,0,0,0,0,0,0,0,-69.27648357118414,-35.68853983593746,-1.981749308286453,-36.83075798325157,5.224563556291329,-19.55773200127493,1,1,-1,2,71.37324490459986,-1,2,0,4,0,-1.3409916496011465,0.4340304473661055,-1.000214869183121,0,0,-0.4546174115286778,0.8863742380724683,0.5825340648566001,0.3101549283038393,-2.5,45.5
20221112080,2022,20,Round 20,2022-07-31 06:05:00+00:00,Dragons,Cowboys,Netstrata Jubilee Stadium,8,34,-26,42,0,False,42,0.4241313813398464,bet365,0.35835351089588374,0.31111111111111106,True,0.31746031746031744,7.5,43.5,False,-0.3058362731895845,-5.22484276487522,1.6635470625793332,5.658211393857911,-0.806822630736022,-262.61521892413225,-31.04390286358864,-1.1609529937101457,-4.133590358622833,-2.894591244644481,-0.28533549889964327,-3.160359194327846,1.9201388888888893,0,1,0,0,0,0,0,0,-59.45011217284389,-27.233860669605974,9.515531059039716,-18.040095543900605,-23.691687018376996,-3.509569458541989,1,0,0,0,9.29893051654885,0,0,1,0,0,-2.8895385676899092,-0.10219033020942014,-0.3627111397687609,0,0,-1.5625843334530691,1.3269542342368408,-0.008102642103492541,-0.5825175522221073,6.5,43.5
20221112110,2022,21,Round 21,2022-08-04 09:50:00+00:00,Roosters,Broncos,Sydney Cricket Ground,34,16,18,50,1,False,43,0.6411863294404433,bet365,0.6030150753768844,0.6079404466501241,True,0.6206896551724138,-5.5,43.5,False,0.5805168699963553,4.26305629320375,-4.550148683360927,-5.8486739132655,-0.055987256436161204,46.34592934027273,17.484136801123213,0.39668161398888646,7.2908165181050535,2.4760841596613243,0.966862922186098,-5.617273937027441,1.989583333333333,0,1,0,0,0,-1,0,0,16.96301664079806,25.866209928271587,-5.150921506269157,13.003603123265208,-16.755874904469493,11.321240966248041,-1,0,-1,0,23.92105788487126,0,-1,1,-3,0,1.1554659076118177,0.3531944905062996,-0.18947534979276506,0,0,0.6237846994836252,-0.5316812081281923,0.986655077458338,0.41804389031502426,-3.5,43.5
20221112120,2022,21,Round 21,2022-08-05 08:00:00+00:00,Storm,Titans,AAMI Park,32,14,18,46,1,False,44,0.8664506115960899,bet365,0.8283132530120482,0.8587786259541985,True,0.8623279098873592,-18.5,46.5,False,1.8699337499337236,0.9368836738393398,-10.455035889554956,3.247301769937849,0.885315715088737,-76.00193800297757,-9.2095793511171,1.1646157612189372,-7.3140943413028126,-1.9883802517115257,2.1891909530969356,-3.6825309507263313,0.875,0,1,0,0,0,0,0,0,3.858997658047201,40.07222803874279,-31.91078302443563,-2.806673583350886,-1.4957737729092173,-2.4914969521539945,0,-1,1,3,95.10234902409104,0,2,0,1,0,2.9625616544411684,-0.486508610225068,0.8414117785787892,0,0,1.287182806187432,-1.6753788482537366,0.5045615730333244,1.573719829832021,-16.5,44.5
20221112130,2022,21,Round 21,2022-08-05 09:55:00+00:00,Sea Eagles,Eels,4 Pines Park,20,36,-16,56,0,False,45,0.5140074949366982,bet365,0.4444444444444444,0.5426356589147286,True,0.538659793814433,-1.5,44.5,False,0.05604464483663229,-3.613838550362626,-1.3597542452421898,-0.4219817951021838,-0.9807704039385641,-161.65953000461013,-48.86914207311679,-0.008345075143818548,9.665358278708808,-0.5261394582796459,1.5537838960329466,7.093766316266624,1.0034722222222214,0,0,0,0,0,0,0,0,-2.302016071862454,20.08331193417976,-48.98926189213552,11.92271363498243,14.68122025111083,14.770176047029707,-1,-1,0,0,-13.723791905365047,1,3,2,4,-1,0.2381961664553749,-0.06082227328245621,0.09612870300277576,0,0,0.09783577119869419,-0.1403603952566809,0.8913399042780435,-0.22314355131420985,2.5,42.5
20221112140,2022,21,Round 21,2022-08-06 05:00:00+00:00,Rabbitohs,Warriors,Sunshine Coast Stadium,48,10,38,58,1,False,43,0.8021398907364624,bet365,0.8130081300813009,0.8810572687224669,True,0.8790593505039194,-20.5,49.5,False,1.3997227578865945,12.043797542555215,-4.7425957498839075,-0.7598133078358558,3.0446587575738704,326.4416647918092,16.284663832740648,2.075606556220171,12.467412622497594,0.1790349802197575,1.2456028257659506,-0.5738095361572633,-0.979166666666667,1,1,1,0,0,0,0,0,124.46133763060425,47.37527014359256,64.18536106284552,13.717874814413051,-0.8171683902467919,24.78116785149527,-1,0,0,-1,-30.548804148633707,-3,1,1,-1,0,3.3915898769746904,-0.18029721777018648,0.7034838286741393,0,0,2.0765256218996777,-1.3150642550750116,1.0269814575615404,1.4696759700589421,-14.5,46.5
20221112150,2022,21,Round 21,2022-08-06 07:30:00+00:00,Raiders,Panthers,GIO Stadium,6,26,-20,32,0,False,43,0.2882515687252628,bet365,0.27234927234927236,0.4573643410852713,True,0.4458762886597938,1.5,40.5,False,-0.903890920743097,3.726144856966158,0.14392331325035812,-3.913341528882455,1.8382419998126878,-167.88615943714217,-48.262301800503906,-0.2996781747892987,3.498170981464554,1.8514117508333303,-0.21936862688063385,0.7813140990979548,-0.7951388888888884,0,1,0,0,0,0,0,0,1.0338453049605505,-16.969140982487204,37.920945336341816,-30.99711449756589,11.079155448671841,19.54520390884909,0,-1,-1,-2,-94.46794847701761,-1,0,-2,-1,-1,-2.4638830227487496,0.49622753402686637,-1.0282473221489645,0,0,-1.2215224992655052,1.242360523483244,-1.5738497658161,-0.9827358312823077,10.5,40.5
20221112160,2022,21,Round 21,2022-08-06 09:35:00+00:00,Sharks,Dragons,PointsBet Stadium,24,18,6,42,1,False,43,0.7449716849035114,bet365,0.7017543859649122,0.7322175732217574,True,0.7509803921568627,-10.5,42.5,False,1.0719716322282973,3.2212857085610658,-10.79074320295939,-5.818146210435657,-0.6148108774180088,149.19006547662093,8.69052548352147,1.2337511233914862,3.0756244063987914,4.096162907911209,0.6311235683701613,-1.539720458813612,0.9409722222222223,0,0,0,0,0,0,0,0,95.38897167588311,52.71919565484299,9.715576127399089,9.273113102165865,23.681086791475096,29.985567615493864,2,0,2,2,58.05686008096882,0,0,0,1,0,2.5944340833229833,-0.33498649156003246,0.8440592772419229,0,0,0.8796728173305188,-1.7147612659924647,-1.1886643092580607,0.8556661100577201,-8.5,41.5
20221112170,2022,21,Round 21,2022-08-07 04:00:00+00:00,Bulldogs,Cowboys,Salter Oval,14,28,-14,42,0,False,43,0.254543914827341,bet365,0.3452380952380952,0.23809523809523808,True,0.23946360153256702,11.5,47.5,False,-1.0745228514733178,-2.6630485328328852,1.9196991890009087,-1.1322030923938655,-3.074078875065048,-150.6639033193917,-6.52226502074825,-1.8416207195101384,-9.851800671405265,0.28939589507448815,-0.3917485726428458,-5.574895189446853,0.08680555555555536,1,0,1,0,0,0,0,0,-16.214847159423243,-4.37563668474462,8.729677467822825,15.465861004384067,-36.03474894688554,-8.042347697083471,0,0,0,2,63.26502798187734,1,0,-1,0,0,-2.658758662890439,-0.06350040723266698,-0.19302988805594956,0,0,-1.39139463481619,1.2673640280742495,-0.06447567721898828,-0.6400373552459971,6.5,44.5
20221112180,2022,21,Round 21,2022-08-07 06:05:00+00:00,Wests Tigers,Knights,Campbelltown Sports Stadium,10,14,-4,24,0,False,43,0.5531808194608828,bet365,0.5769230769230769,0.6557377049180328,True,0.6643356643356644,-6.5,46.5,False,0.21353093224532432,6.245653965173592,-7.8431882195600835,3.652949146768222,-0.16386294997322892,-19.53667740283322,-33.553768434412746,2.746494241942842,15.3224267060757,-0.803043768555213,-0.11033047122207407,3.8310171175735306,0.7673611111111116,0,0,0,0,0,0,0,0,46.61214720707619,18.48345589749738,24.420379688290836,-9.728338582657727,13.436650203945646,18.342018022205593,0,0,1,-1,-12.328936406229786,0,-1,1,-1,0,1.1690820991723594,0.35695465942991267,0.03732177509698742,0,0,0.5051837424815482,-0.6638983566908117,0.14252600018738204,0.3101549283038393,-3.5,43.5
20221112210,2022,22,Round 22,2022-08-11 09:50:00+00:00,Panthers,Storm,BlueBet Stadium,0,16,-16,16,0,False,46,0.7286707962272091,bet365,0.5949367088607596,0.558974358974359,True,0.5761421319796954,-2.5,38.5,False,0.9878891896277536,-0.6218612717166785,-3.777298915037113,0.8196443024487365,-0.1968719412204507,43.809071054716696,-4.022032668941279,-1.1119440820552828,-1.5558501101096738,-0.9748875489818758,-0.9212295406291977,-2.760863553233577,-0.979166666666667,0,1,0,0,0,1,0,0,-8.769957594429911,-39.33059060541186,18.129990853275842,15.473715477347668,-3.043073319641593,-39.503187871440275,0,-1,1,-1,23.324564202829237,2,-1,0,0,1,1.6288833800306672,-0.32859079740730013,0.7736368012237207,0,0,0.2731412406129351,-1.3557421394177316,-0.6959402521456897,0.38441169891033233,-4.5,39.5
20221112220,2022,22,Round 22,2022-08-12 08:00:00+00:00,Warriors,Bulldogs,Go Media Stadium,42,18,24,60,1,False,44,0.536636406710586,bet365,0.5,0.38902743142144636,True,0.39650872817955113,4.5,44.5,False,0.14680873812757486,-8.957126350110595,9.698631733810345,4.946980563531426,-0.3882806940548136,-124.01431627201873,-28.048316170315445,0.9089227974830867,-0.7214010989001238,-1.555135472896481,0.795773802643633,-0.42229531703981493,0.958333333333333,0,1,0,0,0,-1,0,0,-51.720134634125884,-26.406474065256305,-12.318677411679204,-35.35463940220963,22.359656245019337,-1.9355493344842216,1,0,0,2,37.108101676206076,-1,1,2,1,0,-2.2472794086176164,-0.08674913854541211,-0.48660665251885415,0,0,-0.866122847521513,1.381156561096103,0.29821354803131467,0.0,-1.5,44.5
20221112230,2022,22,Round 22,2022-08-12 09:55:00+00:00,Eels,Rabbitohs,CommBank Stadium,0,26,-26,26,0,False,46,0.5173406702883002,bet365,0.38596491228070173,0.44102564102564096,True,0.44215938303341906,2.5,44.5,False,0.069390510944332,-5.167997950066649,3.1337231130372665,2.456173085370054,-1.885948968465442,-2.8895811138336285,103.97757197047974,-2.7535362027134873,-5.421404908251969,-1.0297864594563801,-1.2954874215953076,-5.744429379219081,0.7951388888888893,0,0,0,0,0,0,0,0,-27.789280696971446,-17.58092944767779,-4.94917197586841,-1.8148744827224164,-3.4443047907027164,-12.855357844741178,-1,-1,-1,-2,-56.141443984339276,-1,0,0,-1,1,-1.0711136123450609,0.1563866146517512,-0.3246884397751122,0,0,-0.7290014533914382,0.34211215895362257,1.8604796464211213,-0.46430560813109784,4.5,45.5
20221112240,2022,22,Round 22,2022-08-13 05:00:00+00:00,Roosters,Cowboys,Sydney Cricket Ground,32,18,14,50,1,False,44,0.5797351007214154,bet365,0.5,0.6,True,0.5904522613065327,-3.5,46.5,False,0.32168605128679156,2.4301081503970714,0.34909318404933387,-5.068511724569234,-2.9004638956178184,-65.51358509781971,37.50563263769004,-1.02573644361404,7.20145660280285,1.4089219396030401,0.9049433138373191,2.4937007587552174,2.7569444444444438,0,1,0,0,0,0,0,0,13.383989931784072,9.614305622191466,-3.2518403623646748,23.619581983533436,-16.5980573115761,3.514080410803899,0,0,0,-2,-45.56181532514998,0,0,0,0,0,-0.49765776210302803,-0.07969573643550465,-0.10441366992439924,0,0,0.10072015896738473,0.5983779210704122,0.6514227088751987,0.0,-1.5,44.5
20221112250,2022,22,Round 22,2022-08-13 07:30:00+00:00,Wests Tigers,Sharks,Scully Park,12,36,-24,48,0,False,44,0.20736932676373024,bet365,0.27083333333333337,0.19093851132686082,True,0.20689655172413796,13.5,44.5,False,-1.3408559887650318,-3.0378837141959067,4.421085277549576,7.161726966222858,1.406099507206342,89.02033484527624,42.915389660804976,0.1466179811637387,2.7329341493402026,-5.532830794022638,-0.6239140702065065,5.424669636488765,-0.854166666666667,0,0,1,0,0,0,0,0,-42.30470280323982,-20.986027928738906,19.97756069333218,-25.8438386656385,-15.452396902194536,-2.5586971829499987,0,0,-2,-2,-20.956478550941114,-1,0,-1,-1,0,-2.5033777928704155,0.5070621953775536,-1.1036000964145827,0,0,-1.0998524826791425,1.4035253101912735,-1.4825394450991398,-0.9903987040278768,9.5,43.5
20221112260,2022,22,Round 22,2022-08-13 09:35:00+00:00,Broncos,Knights,Suncorp Stadium,28,10,18,38,1,False,44,0.7390907787989687,bet365,0.8283132530120482,0.867224880382775,True,0.8667481662591686,-19.5,45.5,False,1.041248218124765,7.4122161062498755,0.27149671817577214,6.4786723218605715,0.6712589890989591,-114.65969656732295,-37.82603260632516,1.564094095680184,9.913405337556231,-2.4413166163408313,0.7807409311917723,6.162691996301277,2.843750000000001,0,1,0,0,0,0,0,0,79.04351797077072,-6.305944563899942,34.471524376868416,11.942713270585102,38.9352248872171,-18.382922616970063,1,-1,0,2,8.186745691577528,1,1,-1,-1,0,2.441957082719296,-0.26125871519204463,0.691845326141684,0,0,1.6354764238908708,-0.8064806588284252,0.2637739205526397,1.573719829832021,-16.5,44.5
20221112270,2022,22,Round 22,2022-08-14 04:00:00+00:00,Raiders,Dragons,GIO Stadium,24,22,2,46,1,False,44,0.6769415910262898,bet365,0.660377358490566,0.6501182033096927,True,0.649164677804296,-6.5,43.5,False,0.7397518534001595,2.1287704569843307,-5.509711125099656,-1.6049616685244814,1.7110598799909837,112.64888068608366,15.89834836882494,1.5310516177132425,7.14977610857823,-0.5167319803856447,1.206798890607386,-3.6773333315152925,0.08680555555555625,0,1,0,0,0,0,0,0,71.59935722232638,17.611610802450542,15.23558147410347,7.289378808342704,31.462786137429617,0.28476730275431805,0,0,0,0,21.256987277561052,0,0,-1,-1,0,1.410084277513799,-0.04196836616091974,0.15546011533583992,0,0,0.27281251974908294,-1.1372717577647167,-0.9436605342676734,0.6649763035932489,-7.5,43.5
20221112280,2022,22,Round 22,2022-08-14 06:05:00+00:00,Titans,Sea Eagles,Cbus Super Stadium,44,24,20,68,1,False,45,0.33695660258569865,bet365,0.3452380952380952,0.27536231884057966,True,0.2881720430107527,10.5,51.5,False,-0.6768862978239064,-3.1174875176046584,6.514220595120985,-0.8939511862803187,-0.5145409150419624,-12.489663678135003,-14.985317969410858,-0.8020657321971649,9.468505707181397,-0.13143440070164836,-0.6854110949244614,2.8309988827855364,0.07986111111111072,0,1,0,0,0,0,0,0,-5.7659301008084185,-13.080727240024657,-20.504891261222696,7.353399143552025,20.466289256886938,23.314872054761082,1,0,0,0,27.57031389581995,0,0,-1,-1,1,-2.615434066396048,-0.0036209208888171585,-0.5189581516786569,0,0,-1.4257616687091126,1.1896723976869346,1.17384107322502,-0.6400373552459971,6.5,48.5
20221112310,2022,23,Round 23,2022-08-18 09:50:00+00:00,Rabbitohs,Panthers,Accor Stadium,22,26,-4,48,0,False,48,0.4621785246755847,bet365,0.4444444444444444,0.6157635467980296,True,0.624390243902439,-4.5,40.5,False,-0.15157544135330828,14.748591995748196,-2.3286288650879854,0.24493231786247804,2.026408797688184,197.23454655088835,13.06143446900785,3.519537621263873,-1.3872525008947179,0.6862609606056296,1.2244920565707504,-11.279195763268532,-1.0034722222222223,0,0,0,0,0,1,0,0,64.93285774483718,48.58378406387078,29.012857189770983,1.1025590675976673,-13.766342576402252,45.784413787484965,-1,1,0,1,6.225585980974117,1,0,-1,1,-1,-0.2022488967137912,-0.07285069848819692,-0.1501230891962133,0,0,1.0386073805697749,1.2408562772835654,-0.7655968095530556,-0.22314355131420985,1.5,40.5
20221112320,2022,23,Round 23,2022-08-19 08:00:00+00:00,Cowboys,Warriors,Queensland Country Bank Stadium,48,4,44,52,1,False,45,0.8041798257789179,bet365,0.8810572687224669,0.8810572687224669,True,0.8943170488534398,-21.5,52.5,False,1.412626148448378,3.756645623973327,-6.7641753144568355,-3.2416171921174026,0.8661591054805129,124.55303372460094,-6.392904255515305,0.6577187770580695,6.235592964217055,1.3305070239696857,-0.8583340566623683,8.166381955766635,-0.875,0,1,0,0,0,0,0,0,46.475644778943206,29.20409977118024,-1.3958774968872092,9.92617057105609,8.741251933594,3.242797999107893,0,0,-1,-1,-38.98228066813537,0,1,0,1,0,3.9652975472959366,-0.19438507988797005,0.6323708127232679,0,0,1.6432080698970837,-2.322089477398854,1.0079797850770373,2.002480500543707,-19.5,51.5
20221112330,2022,23,Round 23,2022-08-19 09:55:00+00:00,Broncos,Storm,Suncorp Stadium,12,60,-48,72,0,False,45,0.39765920906743035,bet365,0.4444444444444444,0.31111111111111106,True,0.30043859649122806,8.5,44.5,False,-0.4152280031694112,2.905590576044787,8.056816437731682,-2.9456273078607325,0.17576092729558468,-28.81135533289148,0.9890604800150413,-1.672254268079132,-3.3630779299593954,1.6660174779368209,-0.7334677477756353,0.8754798460261597,-1.9895833333333321,0,1,0,0,0,0,0,0,-35.93375836729729,-66.60710129351816,-11.28876779162482,25.80688112289903,16.155229594946775,-32.068399735372026,0,-1,-1,-2,-70.37439639810114,0,-1,0,-1,0,-1.0715197202987254,0.06714124943537714,-0.24509323184893791,0,0,-0.1914373141806378,0.8800824061180876,-0.0237127882433803,-0.22314355131420985,2.5,44.5
20221112340,2022,23,Round 23,2022-08-20 05:00:00+00:00,Eels,Bulldogs,CommBank Stadium,42,6,36,48,1,False,45,0.8024527090476582,bet365,0.6712962962962963,0.7400000000000001,True,0.7357723577235773,-10.5,49.5,False,1.4016949201940576,-1.3323349375984286,-5.580254573621048,4.532960102360306,4.33711083165587,363.4980655365389,140.6661336494749,1.2516060147436785,0.9119817410636024,-0.6121712883031876,-0.6193858371257122,-4.207767403530468,-0.07986111111111072,0,0,0,1,0,0,0,0,44.44426273317276,34.42040925592718,22.111956033796247,-13.052073333784733,0.9639707772340245,34.04616357967919,1,1,-1,0,0.018604417982359678,-1,0,-1,-1,0,1.5170275663798678,0.1595032378825411,0.011004356589257441,0,0,0.756516301218656,-0.7605112651612117,0.5170460058100668,0.714053865379259,-8.5,47.5
20221112350,2022,23,Round 23,2022-08-20 07:30:00+00:00,Sea Eagles,Sharks,4 Pines Park,6,40,-34,46,0,False,45,0.41179666235778123,bet365,0.4545454545454546,0.21052631578947367,True,0.18571428571428572,14.5,51.5,False,-0.3565430108830005,-4.07599351762175,14.834984618370944,-4.152413637341752,-2.202696432004423,-121.63301296081545,-34.3829927152309,-1.2630626046271205,-0.8202715971690964,-0.8641675765387653,1.4172803275709196,0.24208223721828404,-0.9409722222222223,0,0,0,0,0,0,0,0,-104.63278837251391,-45.85663379811635,5.2074133541147205,-14.824102675892235,-49.159465252619995,-49.948857792432534,-1,0,1,1,65.18594059506123,1,1,-1,-2,1,-2.009984432166865,-0.16966603745720815,-0.21436784759710406,0,0,-0.1837657337299255,1.8262186984369397,-0.02868076018657084,-0.18232155679395445,2.5,48.5
20221112360,2022,23,Round 23,2022-08-20 09:35:00+00:00,Roosters,Wests Tigers,Sydney Cricket Ground,72,6,66,78,1,False,45,0.8570832350004518,bet365,0.8641975308641975,0.9049773755656108,True,0.8977604673807205,-22.5,50.5,False,1.791272639714099,14.48699228407142,-7.758604621609571,-1.6487152088922983,2.697774631773271,140.85664874941517,75.75584672789842,1.959142401019542,6.779161879902084,1.6843289108874355,0.535831988304416,-6.785980744785292,0.10416666666666696,0,0,0,0,0,0,0,0,71.22663081398798,16.863298014896003,8.884639793050809,30.285021403690365,15.193671602350719,-8.13067275549409,0,0,-1,-1,-41.62436267793999,0,-1,0,-2,0,4.198767163485719,-0.11625954542917682,0.4302854400477699,0,0,2.6700881309847566,-1.5286790325009627,0.3476745854659399,1.850599969250988,-18.5,48.5
20221112370,2022,23,Round 23,2022-08-21 04:00:00+00:00,Dragons,Titans,WIN Stadium,46,26,20,72,1,False,45,0.6659773142004078,bet365,0.6712962962962963,0.6234718826405868,True,0.6225490196078431,-5.5,52.5,False,0.6900466949722885,-6.279518310906077,-3.615171164396447,1.1879635716417738,-0.9936463442829577,-276.0121586347109,-32.44919112474173,-0.22206958839096913,-10.614183707143532,0.011027399534224713,0.6686645522883081,-0.6623261030785557,0.08680555555555536,0,1,0,0,0,0,0,0,-48.40899169872807,6.87028705252942,-12.650800069673835,-18.314198480680602,-24.31428020090307,15.759084615168234,-1,0,0,-2,-79.20261467507328,-1,0,1,1,-1,0.1119184132598241,-0.12651934876474225,0.5359177329334561,0,0,-0.40066097606812623,-0.5125793893279497,0.9229196061062738,0.714053865379259,-7.5,49.5
20221112380,2022,23,Round 23,2022-08-21 06:05:00+00:00,Knights,Raiders,McDonald Jones Stadium,22,28,-6,50,0,False,45,0.37042375286665097,bet365,0.38118811881188125,0.21328671328671325,True,0.191869918699187,14.5,46.5,False,-0.5303993411492938,-7.19269596748207,5.263040806280419,-4.080475137019178,-0.4070879843588102,81.49325443996077,56.15722026872777,-1.8423215355717661,-11.158357674801092,2.508504253762565,-1.4191551558914357,3.5163604993972157,0.7673611111111116,0,1,0,0,0,0,0,0,-117.80290140822387,-12.928665770077885,-78.84224385845471,3.024323089686362,-29.05631486937766,-3.5692335671175783,-1,0,2,2,111.69590122595015,0,1,1,0,1,-1.8439499528765229,0.6919538569391422,-0.8920965125391829,0,0,-0.5353402231581744,1.308609729718349,-1.1500195879311166,-0.48450831544861694,4.5,44.5
20221112410,2022,24,Round 24,2022-08-25 09:50:00+00:00,Broncos,Eels,Suncorp Stadium,6,53,-47,59,0,False,46,0.4852224271948195,bet365,0.5352480417754569,0.3689320388349514,True,0.37317073170731707,4.5,48.5,False,-0.05912751132388239,-5.5052769213272725,14.60367307446295,-3.419694318281259,-5.524533729012113,-347.6855880500889,-172.559623921494,-1.4913410001588963,5.740356845750561,0.98792506770506,-0.022666716255325348,22.858081012992464,0.7951388888888884,0,1,0,0,0,0,0,0,-106.37871681521744,-69.89426386825315,-25.157240785651766,-6.716570046444019,-4.610642114868554,-40.53482153155937,0,0,1,3,118.72337283359657,0,2,0,-1,0,-0.9311644753185115,0.18557258433246962,-0.20799947528891286,0,0,-0.14054867248117425,0.790615802837337,0.7592419273729842,0.14122642884632305,-1.5,46.5
20221112420,2022,24,Round 24,2022-08-26 08:00:00+00:00,Panthers,Warriors,BlueBet Stadium,46,12,34,58,1,False,46,0.9113963045729627,bet365,0.8270676691729323,0.9495252373813095,True,0.9352978859705317,-32.5,53.5,False,2.3308042583006774,2.414197241577533,-16.706444305507087,4.673512882344639,3.7495982194260407,318.0371550845732,64.7741444145355,0.3824026306643509,8.164149972394767,-1.0780016408772877,-1.633528281746619,7.3809818366796875,0.9236111111111107,0,1,0,0,0,0,0,0,140.99282535300074,59.852716659831344,22.99430628376166,35.46746452845895,22.67833788094876,37.02163653241922,0,0,0,-1,-41.36608817713474,1,-1,-2,-1,0,5.209873806603595,-0.4768633333719472,1.461756839348197,0,0,1.6403467491607575,-3.569527057442837,-1.1053199109093368,1.5649861498632662,-15.5,50.5
20221112430,2022,24,Round 24,2022-08-26 09:55:00+00:00,Storm,Roosters,AAMI Park,14,18,-4,32,0,False,48,0.6452279445178796,bet365,0.6341463414634148,0.5949367088607596,True,0.5894206549118388,-3.5,45.5,False,0.5981281707079332,-10.497818448342393,-1.3911120752890547,7.728171806367513,-0.9622828575303117,-95.12087204366071,-93.5388831421111,-0.9967431663825757,0.46239658331463573,-3.43348338790725,1.7225706499468467,4.0515063552537,0.9861111111111107,0,1,0,0,0,0,0,0,-23.030163300672143,19.020523368771336,-12.7157974596997,-3.2245155223676534,-26.110373687376182,6.911651179213379,0,0,0,-1,-38.57164949832389,0,1,0,1,0,-0.19007996222841506,0.3812574691710524,-0.2449725366804052,0,0,-0.7463467766690324,-0.5562668144406178,1.2173871922853667,0.5500463369192725,-6.5,43.5
20221112440,2022,24,Round 24,2022-08-27 05:00:00+00:00,Raiders,Sea Eagles,GIO Stadium,48,6,42,54,1,False,46,0.6602445339880716,bet365,0.6474820143884892,0.795847750865052,True,0.7965811965811965,-15.5,52.5,False,0.6643841312054218,5.785692502097529,-11.702413347006992,9.410324564027405,4.512966368853512,173.74601781599677,78.79804225753867,0.5806573784534295,1.019604400897279,-4.5677183784384585,0.9885296780033439,-3.8844852005304773,-0.9409722222222223,0,1,0,0,0,1,0,0,110.67170812765858,0.9943837037987748,51.65839971459542,39.15796033316758,18.860964376096717,12.418990120740148,1,0,-2,-4,-170.1098620339816,0,0,-1,0,-1,1.2043791814330813,0.3307030072198087,-0.17353538378263264,0,0,-0.1708578864779915,-1.3752370679110724,-0.29003002378912646,0.6079893722196383,-6.5,52.5
20221112450,2022,24,Round 24,2022-08-27 07:30:00+00:00,Sharks,Bulldogs,PointsBet Stadium,16,0,16,16,1,False,46,0.848904921507568,bet365,0.7017543859649122,0.9049773755656108,True,0.8969578017664378,-22.5,50.5,False,1.7260378936854646,12.922642954257682,-19.357734351875543,3.5136117837878373,6.092292941995481,266.3197463010947,52.006977260097074,2.976824132224106,16.2174106492875,1.9649319484920138,-0.5444904470745096,4.27553244183639,-0.10416666666666696,0,0,0,0,0,0,0,0,70.98142349898126,42.27574302688811,0.355811054123194,1.1725678781089641,27.17730153986105,32.03042776072732,0,0,0,1,37.65628407724738,0,2,-1,1,0,4.198996856396072,-0.00132388867469313,0.4099555941355314,0,0,1.4982463436368811,-2.700750512759191,-0.9394396084151744,0.8556661100577201,-8.5,50.5
20221112460,2022,24,Round 24,2022-08-27 09:35:00+00:00,Rabbitohs,Cowboys,Accor Stadium,20,10,10,30,1,False,46,0.6393173614245382,bet365,0.6109725685785536,0.586734693877551,True,0.6025,-4.5,49.5,False,0.5724025301697163,-3.4486982071547025,0.1760888726135157,1.1639053894731148,-0.5645091432827698,53.66680710334958,-0.4727564965194233,1.2837018050970679,0.14783178302921485,-0.9667488289944721,0.13991894199132204,-3.9372879626311494,0.9236111111111125,0,1,0,0,0,0,0,0,31.614491448848412,2.0636338803387275,29.684725041349623,19.06627225729875,-19.20013973013866,-9.760262722642722,0,0,0,2,56.05526085343462,0,0,1,1,0,-0.5923223176899008,-0.20356704938826997,0.18188618339099838,0,0,0.047144917344629445,0.6394672350345301,0.5684866647319009,0.45140220329519004,-4.5,49.5
20221112470,2022,24,Round 24,2022-08-28 04:00:00+00:00,Wests Tigers,Dragons,CommBank Stadium,22,24,-2,46,0,False,46,0.4189248061029348,bet365,0.413265306122449,0.2903225806451613,True,0.28602150537634413,10.5,54.5,False,-0.32718872654490827,-12.970754916659335,13.0403703300328,-6.956169263018822,-5.104326372933343,-75.3197761443123,-24.843997445827767,-2.740883273680496,-2.7384357815324094,1.567857068614984,-1.6626662281045732,1.6642919213814338,0.7673611111111107,0,0,0,0,0,0,0,0,1.0419991579639145,2.2371557043115047,-10.013359408135727,-22.53032409291356,31.34852695470171,-13.396549460778289,0,0,1,-1,-1.032293357303388,0,0,-1,-1,0,-1.671862058672304,0.17834866566565188,-0.34377440216020255,0,0,-0.9251644516126635,0.7466976070596408,0.7832218886905095,-0.3504829736908114,3.5,54.5
20221112480,2022,24,Round 24,2022-08-28 06:05:00+00:00,Titans,Knights,Cbus Super Stadium,36,26,10,62,1,False,47,0.5465494359615176,bet365,0.6265356265356266,0.6712962962962963,True,0.6595744680851063,-8.5,55.5,False,0.18673850896613575,9.271596700387285,7.185047768603109,0.4359580918636965,-0.15817949994516312,88.12121693192194,-54.27019855632943,1.7546407937931559,15.128460115379717,0.014993707025579894,-0.4469959416137783,5.7559618248312105,0.08680555555555536,0,1,0,0,0,0,0,0,18.074583147139833,0.2141192568500685,37.25274834904906,-19.962489907750452,0.5702054489911745,0.06064924523931836,0,0,0,1,17.990519781387704,-1,2,0,0,0,0.2728663653248593,-0.16934519765646394,0.07142126517483383,0,0,0.8378656557868623,0.5649992904620027,0.9682050828909543,0.5173830243121499,-5.5,55.5
20221112510,2022,25,Round 25,2022-09-01 09:50:00+00:00,Eels,Storm,CommBank Stadium,22,14,8,36,1,False,49,0.4822925876769627,bet365,0.40506329113924056,0.5725190839694657,True,0.5714285714285715,-3.5,42.5,False,-0.07085928334260662,6.761723605052538,0.04677251708344343,-1.7541098276872304,3.015361299955373,260.95329996797614,149.51659896434012,-0.44100860604932546,-10.95896811939295,1.5729195832396634,-1.541701196437848,-7.309098761307801,1.0034722222222223,0,1,0,0,0,-1,0,0,30.453253513233676,9.847834192357567,14.836308716930574,7.488073050468643,-1.7189624465230366,24.903356917672482,-1,-1,0,-2,-72.52277870137385,0,0,-1,-1,0,-0.41955186461591465,0.11633870008813263,-0.3105338487857106,0,0,0.2514380405269049,0.670989905142819,-0.14400581907405963,-0.3844116989103319,4.5,43.5
20221112520,2022,25,Round 25,2022-09-02 08:00:00+00:00,Bulldogs,Sea Eagles,Accor Stadium,21,20,1,41,1,False,47,0.43746790656756696,bet365,0.6712962962962963,0.6588235294117647,True,0.6635294117647058,-7.5,53.5,False,-0.2514448407520274,-1.926380927723983,-9.82354924782917,3.69048833675447,1.5068807720463013,-34.45644482689636,73.57817579137497,-1.3186179492278716,-13.532705771343576,-1.3707842608928829,0.9311256624149973,-3.0958304366271605,-0.10416666666666696,0,0,0,0,0,0,0,0,40.11579373434961,-0.5134641599586303,16.050845342057187,21.021573463483946,3.5568390887671057,-1.1177958479734968,-1,0,-3,-3,-142.7908161497766,0,0,0,1,-1,-0.43756051749919167,0.19054307114930658,0.18128990552440727,0,0,-0.9748984793980748,-0.537337961898882,0.2544210367380355,0.714053865379259,-7.5,54.5
20221112530,2022,25,Round 25,2022-09-02 09:55:00+00:00,Roosters,Rabbitohs,Allianz Stadium,26,16,10,42,1,False,49,0.47771327826067544,bet365,0.5670103092783505,0.558974358974359,True,0.5615384615384615,-2.5,43.5,False,-0.08920599620586743,9.716310727558415,-0.48835313639692224,0.5226799242213787,1.328707735137172,-56.84421538643733,118.08754933340674,-0.3169795851327599,9.848289470869386,-0.42866266602325,1.413521205369654,7.044746780434497,0.9861111111111107,0,0,1,0,0,0,0,0,15.807630539572642,6.973312532723298,-24.675822697393613,12.088198406779355,21.421942297463517,4.765021117211262,0,0,0,0,3.256985429033165,0,1,1,0,0,0.041164337039214516,-0.5267347290210589,0.47109004677329863,0,0,0.1562425923144184,0.11507825527520232,0.873033005810345,0.2696635669491026,-2.5,43.5
20221112540,2022,25,Round 25,2022-09-03 05:00:00+00:00,Warriors,Titans,Go Media Stadium,26,27,-1,53,0,False,47,0.573797040200701,bet365,0.586734693877551,0.5618556701030928,True,0.5790816326530612,-2.5,56.5,False,0.29736008102619804,-13.104091872514774,5.611002916416215,-2.903924290865163,-2.5928786226376843,-359.18117244857444,-89.19988477746779,-2.415196473396876,-21.25205956364733,0.6701410043422342,1.5758723452022032,-6.234786048808417,1.9201388888888893,0,1,0,0,0,-1,0,0,-96.44847429174911,-36.3417676400517,-33.41039857088879,-20.03174770141645,-6.664560379392157,-30.01016519217822,1,1,-1,-1,-18.89306064738834,1,0,0,2,0,-1.1204196678137985,0.23271748728862618,-0.1975064032230308,0,0,-0.9550383161149191,0.16538135169887846,2.2805327187074713,0.35048297369081105,-4.5,56.5
20221112550,2022,25,Round 25,2022-09-03 07:30:00+00:00,Dragons,Broncos,Netstrata Jubilee Stadium,22,12,10,34,1,False,47,0.521627887352322,bet365,0.43814432989690716,0.39205955334987597,True,0.40201005025125625,4.5,51.5,False,0.08656556622241292,9.358887679023578,-13.65672110855273,6.078336202073885,9.969243552847082,224.00592553399906,45.68934980367402,1.5845861648713724,4.372638228348059,-3.2339130315383073,0.8743722290265499,-5.271233004352069,-2.7569444444444455,0,1,0,0,0,0,0,0,8.439405984797759,11.934274017958828,20.424623229099183,-15.47842656734251,-8.44106469491777,11.428911400197208,0,0,-1,-1,-72.1078963041391,-1,-2,-2,-3,0,-0.2059175512775584,-0.3038480825756845,0.15957214851308407,0,0,-0.25318632024173465,-0.0472687689641762,1.122013403729083,-0.2486966257388274,2.5,52.5
20221112560,2022,25,Round 25,2022-09-03 09:35:00+00:00,Cowboys,Panthers,Queensland Country Bank Stadium,38,8,30,46,1,False,47,0.3513195313233189,bet365,0.586734693877551,0.8403361344537814,True,0.8602287166454892,-20.5,48.5,False,-0.6132440963561578,-1.1138931195077646,1.7881870985985167,-7.073742462959132,-1.3792236743448711,-63.05050173153154,-78.46770736523729,-0.3049208703428681,-11.343988263844707,3.856994551631578,1.667655886623928,0.7311262165383035,-1.0659722222222214,0,1,0,0,0,0,0,0,126.77874459353643,46.46299757437734,51.29180100527603,12.839133289723208,16.18481272415984,48.705446632681,-2,0,-7,-12,-529.8260529709273,-2,-4,-3,0,-1,1.9313345498355485,2.736187701204406,-3.1840435740262767,0,0,0.9911534007266618,-0.9401811491088872,-0.7590783433280157,0.35048297369081105,-4.5,46.5
20221112570,2022,25,Round 25,2022-09-04 04:00:00+00:00,Knights,Sharks,McDonald Jones Stadium,16,38,-22,54,0,False,47,0.23315892560200507,bet365,0.23809523809523808,0.14586070959264127,True,0.140485312899106,20.5,51.5,False,-1.1905592705419705,-6.922816317432282,20.344207519817132,3.868145722080328,-1.7814446428409738,-72.21190488696948,-0.6880169826268911,-0.5165631685531054,-10.44448117893571,-4.586974006423491,-1.5397618770999149,9.061307885649406,-0.9409722222222223,0,0,0,0,0,0,0,0,-79.12568209889116,-64.1469292730371,1.3399595302131786,2.2531527888419305,-18.571865144909083,-29.106574417587638,2,0,0,0,22.759642837822355,0,0,1,2,1,-4.968742034582507,-0.17507314219167425,-0.6306727754304269,0,0,-1.6349659894293642,3.3337760451531433,-1.5939613148326541,-1.1631508098056809,13.5,53.5
20221112580,2022,25,Round 25,2022-09-04 06:05:00+00:00,Wests Tigers,Raiders,Leichhardt Oval,10,56,-46,66,0,False,47,0.2846560506157035,bet365,0.2781316348195329,0.34834123222748814,True,0.34198113207547165,6.5,49.5,False,-0.9214818636114056,-14.08726315365766,17.573191316313387,-13.765717961731937,-8.636858444220245,-410.59024851637605,-81.27134962195595,-1.5944543856148012,-2.9522996502848926,5.069144254690602,-0.5020498169432761,7.450198796436915,-0.9583333333333339,0,1,0,0,0,0,0,0,-70.15679553278471,18.69812999276678,-15.048188111069862,-45.661554049121264,-28.14518336536038,19.21321464273973,-1,0,0,-1,-45.997759166058216,1,1,1,2,0,-3.429456201515569,0.11162684744598683,-0.3609446425041255,0,0,-1.2150032525090477,2.214452949006522,-0.5399582711839682,-0.9537482944090556,10.5,50.5
20221112610,2022,26,Finals Week 1,2022-09-09 09:50:00+00:00,Panthers,Eels,BlueBet Stadium,27,8,19,35,1,False,50,0.6979236023996677,bet365,0.7017543859649122,0.6787330316742082,True,0.698237885462555,-7.5,37.5,False,0.8374296870532433,-9.083306654513962,7.739680679426781,0.8240633250787539,-3.9101997470579875,-128.91221992331543,-151.94866207494022,-0.8973907921324269,3.523625158659044,-2.429346856880338,0.43992048687949215,5.812396774207372,-1.989583333333333,0,0,0,0,1,0,0,0,35.04214827982037,-27.983590020601582,14.271215802771252,24.26400887960739,24.49051361804331,-6.770164174109681,3,1,0,5,200.00140522771025,5,4,3,15,0,1.89049186479631,1.5405173908009215,-0.1388121390511728,0,0,0.23602008978463407,-1.6544717750116764,-1.1262759305350218,0.8556661100577201,-8.5,39.5
20221112620,2022,26,Finals Week 1,2022-09-10 07:40:00+00:00,Storm,Raiders,AAMI Park,20,28,-8,48,0,False,48,0.6837622399358888,bet365,0.6919642857142858,0.7246376811594202,True,0.7182203389830509,-8.5,42.5,False,0.7711159188237633,-14.150506313694223,1.598139013469389,-5.382682902686696,-3.898565568309344,-157.6550507302502,-11.502345091141024,0.1627446691978589,2.6559802412478746,3.217556452992297,1.7534304872526167,-0.367158238488976,2.843749999999999,0,1,0,0,1,0,0,0,-10.687030251331862,50.55082584557809,-24.83565042636775,-23.621401805041728,-12.780803865500388,5.140138355813065,0,1,0,2,50.889456092609905,-1,0,0,-1,0,0.6031410485176805,0.1389082583324175,0.012903771899297818,0,0,0.18209400530822084,-0.4210470432094593,-0.9073027741599646,0.8093186123219878,-7.5,42.5
20221112630,2022,26,Finals Week 1,2022-09-10 09:50:00+00:00,Sharks,Cowboys,PointsBet Stadium,30,32,-2,62,0,False,48,0.6024064751202737,bet365,0.5584415584415584,0.558974358974359,True,0.5761421319796954,-3.5,41.5,False,0.4155022361635096,0.15884076085302468,-3.693551026459506,-4.161296698860596,-2.457373981493838,-109.27416394009697,30.241789243499397,-0.819229952677305,7.063331898583854,1.278970288000643,-0.19630034349811343,-0.5906382327764845,-0.7673611111111116,0,1,0,0,1,0,0,0,-18.71280264075972,-26.25217222039521,3.0098894690860902,-19.26494800155001,23.794428112099425,-33.225036265273616,1,0,0,3,108.12918370138283,2,1,-1,3,0,-0.5383849449460749,-0.3120892986220509,0.4041081727304548,0,0,-0.8733843314792153,-0.33499938653314,-1.8748908239657611,0.23483959107740082,-2.5,42.5
20221112640,2022,26,Finals Week 1,2022-09-11 06:05:00+00:00,Roosters,Rabbitohs,Allianz Stadium,14,30,-16,44,0,False,50,0.5212485282858187,bet365,0.6030150753768844,0.6,True,0.6069651741293531,-4.5,44.5,False,0.08504533510979345,9.797364805398871,-3.2059665259978,2.659057088729554,1.520505525097981,-52.31729670459822,65.49110666671902,-0.2264139893805428,5.3202067649067,-0.30618761858803545,0.4382294324068967,6.746247700310359,0.0,0,0,1,0,1,0,0,0,-18.954040954541142,-11.66125953552526,-15.800844523015314,-24.12470059979789,32.63276370379732,-15.230985569013399,-1,0,0,1,46.79147673592356,1,1,0,1,0,0.8905132299663521,0.10199278188415217,0.05286699182302376,0,0,0.7619332762102757,-0.12857995375607634,0.7917304942484849,0.41804389031502426,-4.5,42.5
20221112710,2022,27,Finals Week 2,2022-09-16 09:50:00+00:00,Eels,Raiders,CommBank Stadium,40,4,36,44,1,False,49,0.5990068067479339,bet365,0.6265356265356266,0.6411483253588518,True,0.642685851318945,-6.5,42.5,False,0.4013285088412221,-10.739278180673146,1.5327383346635628,-6.617278516045204,-0.5931788243253564,-10.614168905293127,122.19046726364422,-1.0883500352920024,-9.081936623288733,4.121172763994326,0.057704839650925877,-2.603632803669573,0.9097222222222223,0,1,0,0,1,0,0,0,-27.788099789977082,15.68504063503201,-32.371753828762394,-11.029702791683292,-0.07168380456339207,-19.167144173897952,0,0,0,-2,-67.36024275393851,0,0,-1,-1,0,-0.2438737242488136,0.08462350520213824,-0.14930748054705853,0,0,-0.041461029111579784,0.2024126951372338,-0.31303810950450583,0.5173830243121499,-4.5,39.5
20221112720,2022,27,Finals Week 2,2022-09-17 10:00:00+00:00,Sharks,Rabbitohs,Allianz Stadium,12,38,-26,50,0,False,49,0.45701601679375276,bet365,0.4647519582245431,0.4177215189873418,True,0.4253164556962025,2.5,43.5,False,-0.17236138467236908,4.40234187260446,0.22469063976889814,-3.804681821880436,-0.995606363135991,91.23463249783526,5.0097169875284635,-0.12004100304103016,9.854336274852454,3.8372924903337235,-1.9754619589094835,10.394911452765754,0.84375,0,0,1,0,1,0,0,0,26.228062041567114,-8.197068290996924,-26.728583111923854,-1.6483065020021286,62.80201994648996,-8.041396779922593,0,0,0,2,69.71301470264095,0,1,0,0,0,0.14216151299015678,-0.03205135827539607,0.19265730548493043,0,0,-0.42010427099965775,-0.5622657839898155,-0.9734474134603748,-0.14122642884632278,1.5,42.5
20221112810,2022,28,Finals Week 3,2022-09-23 09:50:00+00:00,Cowboys,Eels,Queensland Country Bank Stadium,20,24,-4,44,0,False,49,0.5667796270863675,bet365,0.5287958115183247,0.5512820512820513,True,0.5663265306122449,-2.5,42.5,False,0.26872402051984323,1.355226864675096,5.147507759794898,0.8906485137067932,-2.0406970980861345,65.99300097318337,-91.40071970650854,0.8758414487687016,3.035652247464327,0.9920080138228435,0.3204139183897201,3.3116822775426655,6.0,0,1,0,0,1,0,1,0,42.04957247335494,17.462494160294824,-3.6626453752745647,36.819952944385534,-8.570229256050794,18.37291289740068,0,0,0,-1,-16.731289531462156,0,-1,-1,-2,0,0.9762481874791658,0.4657765007156407,-0.22231154975277914,0,0,0.5905994323714083,-0.38564875510775787,0.014692650519348316,0.11531084651099459,-1.5,42.5
20221112820,2022,28,Finals Week 3,2022-09-24 09:50:00+00:00,Panthers,Rabbitohs,Accor Stadium,32,12,20,44,1,False,53,0.5697588335287304,bet365,0.6712962962962963,0.7246376811594202,True,0.7298969072164948,-8.5,39.5,False,0.2808672684969974,-5.8152593568086175,2.5834272580297437,6.266717122858012,-0.8623619790432286,-23.522297401375,-7.836884088380771,-2.3181094384047363,1.0496212896647847,-1.823285880648772,-1.0466953265424763,6.774095386043292,7.006944444444445,0,0,1,1,1,0,1,0,29.706918702400344,-18.13948585992503,2.751628669432961,6.5184873136808505,38.57628857921159,-0.6196161566581395,0,0,0,1,67.57339991987634,0,0,-1,1,0,0.854901804185821,1.2594132930363577,0.014133381984161975,0,0,-0.3966399249126946,-1.2515417290985165,-1.2163622438925727,0.714053865379259,-6.5,42.5
20221112910,2022,29,Grand Final,2022-10-02 08:30:00+00:00,Panthers,Eels,Accor Stadium,28,12,16,40,1,False,53,0.6442977853410212,bet365,0.6919642857142858,0.7017543859649122,True,0.7142857142857143,-9.5,38.5,False,0.5940671136944516,-1.7339148052948445,0.622787212317597,5.7038679117436,-1.1940753053585809,4.272880334902311,-35.96126212081606,-1.2691071027953633,2.512342080493731,-1.9156919987386303,0.3908000704883108,-0.6006665278989338,-1.0,0,0,1,0,1,0,0,0,3.5595234812983563,-9.872915006559026,-4.798620436474778,23.268670492396723,-5.037611568064634,10.173115071244894,0,0,0,2,113.21853097086675,0,0,-1,-1,0,1.8615353306086448,1.170521950426393,0.04180996194450898,0,0,0.30969396293085405,-1.5518413676777902,-1.450269554039845,0.8093186123219878,-8.5,38.5
20231110110,2023,1,Round 1,2023-03-02 09:00:00+00:00,Eels,Storm,CommBank Stadium,12,16,-4,28,0,False,51,0.5635201728673629,bet365,0.38118811881188125,0.4573643410852713,True,0.4690721649484536,1.5,40.5,False,0.25546097290508213,0.36670028997091464,-0.40534526612334076,-0.9934429757082057,-0.04015431189579033,96.28722422244209,60.3249838394031,-0.32224349964003274,-4.8340670938930685,-0.10416116011707821,-0.7461490365848649,2.4565518830238986,0.0,0,1,0,0,0,0,0,0,-4.335777409859247,-22.687822868579048,1.0028370561857685,11.295513956450108,6.053694446083895,-8.184582048060975,1,0,-3,-2,-28.57222377596355,1,-2,0,0,0,-0.07745624639690385,-0.16137628323014508,0.04282923105979633,0,0,-0.05015377330361934,0.027302473093284596,-0.026736548137646754,-0.48450831544861694,4.5,40.5
20231110120,2023,1,Round 1,2023-03-03 07:00:00+00:00,Warriors,Knights,Sky Stadium,20,12,8,32,1,False,48,0.5111754708981537,bet365,0.6109725685785536,0.5512820512820513,True,0.5812182741116751,-2.5,42.5,False,0.044709329650801245,0.17886669349204354,1.6600176365938104,1.8675047906981206,-1.1252413508972552,-101.69130084900735,19.74488529088967,-1.1519164180144452,-2.7974228822199123,0.1881602425526232,1.523546034581397,0.6215174681970836,0.0,0,1,1,0,0,0,0,0,-63.73164346345766,-55.21744113665727,8.298796062242644,-41.853055341366925,25.040056952323923,-52.08576545113726,-1,0,0,-3,-88.36212574238562,1,1,-2,0,0,-0.00029973502237523597,0.1063728652449476,0.05796439374383622,0,0,0.09847391498387276,0.09877365000624805,0.05645441747890756,0.45140220329519004,-4.5,42.5
20231110130,2023,1,Round 1,2023-03-03 09:05:00+00:00,Panthers,Broncos,BlueBet Stadium,12,13,-1,25,0,False,48,0.769157644840978,bet365,0.7809694793536804,0.7867132867132867,True,0.7869718309859155,-12.5,40.5,False,1.2035609159382372,7.387992351887668,-12.35298768702965,4.594041503818872,4.229993712045221,277.87187470091726,39.98847529670104,0.5534420635619481,4.3219812601479575,-2.0030084071612766,-0.40423250091387164,-9.523481171302702,0.0,0,1,0,0,0,0,0,0,62.15329211254618,29.281259125345002,21.005641679843308,31.326814792961756,-19.460423485603812,-4.035668282577433,-3,0,0,-2,-22.25142381519835,-1,-1,-1,-6,0,1.5125715129719555,-0.061069449705172474,0.3057294101731799,0,0,0.43120447748998214,-1.081367035481973,-0.27185086335140884,1.2713249863554275,-12.5,40.5
20231110140,2023,1,Round 1,2023-03-04 04:00:00+00:00,Sea Eagles,Bulldogs,4 Pines Park,31,6,25,37,1,False,48,0.6407009428388314,bet365,0.5287958115183247,0.6516587677725119,True,0.6476190476190476,-6.5,43.5,False,0.5784077302031695,0.7268480608209451,4.868356784680557,-4.233565874644981,-1.8604194152601465,-12.354073891954158,-44.180083710178565,1.3898180710608914,8.348907510163606,1.6051353623299445,-0.6338693630547603,-0.430556934939446,0.0,0,0,0,0,0,0,0,0,28.267117882888897,22.11315577752717,12.359364246147976,16.862985857948544,-23.06838799873482,22.398116870595345,0,0,-4,-3,-110.90099912371653,1,1,-2,4,0,-0.23881864680843223,-0.40836482096787885,0.17392566430595552,0,0,0.057613383260453954,0.296432030068886,0.014344061064108002,0.11531084651099459,-1.5,43.5
20231110150,2023,1,Round 1,2023-03-04 06:30:00+00:00,Cowboys,Raiders,Queensland Country Bank Stadium,19,18,1,37,1,False,50,0.6040044065239171,bet365,0.660377358490566,0.7504873294346978,True,0.7409638554216867,-10.5,42.5,False,0.4221784098706821,0.7542498372335587,-1.7580400423380453,0.11809531115221716,2.10298012247236,167.3480610596339,46.925530021037275,0.5756962953108387,2.0866110730398475,0.8176403229902771,-0.2301637381022763,-3.298988968601499,0.0,0,1,0,0,0,0,0,0,49.90602810785413,30.771530054409425,25.63411821246234,16.382801314645974,-22.882421473663626,-4.15423109157129,-2,0,-1,-1,-56.22881073369312,-1,-1,2,2,0,0.7538598259813534,0.11931376596535137,-0.05111562841196028,0,0,0.44551947740884024,-0.30834034857251313,-0.02693186078957685,0.6649763035932489,-6.5,42.5
20231110160,2023,1,Round 1,2023-03-04 08:35:00+00:00,Sharks,Rabbitohs,PointsBet Stadium,18,27,-9,45,0,False,50,0.5285531845716758,bet365,0.4647519582245431,0.3498817966903074,True,0.3450704225352113,5.5,40.5,False,0.11433713626224368,0.3378463572258461,1.9010527422967698,-2.462777522002497,-1.014037105772836,-17.96939605305215,-18.737000786580325,0.01668189908542761,2.4824912832642525,2.2142644870653267,-0.26498722893505455,5.383250643172026,0.0,0,0,0,0,0,0,0,0,-42.90987007943477,-49.5135133976416,-14.016631456003608,-1.2595211827357957,21.879795956946253,-46.392542521239605,1,1,-1,1,91.62314886434461,-1,0,-1,1,1,-0.19089561218049633,-0.06284601497633702,0.0833792415532168,0,0,-0.27831120047165303,-0.08741558829115642,-0.2591597786195409,-0.14122642884632278,1.5,42.5
20231110170,2023,1,Round 1,2023-03-05 05:05:00+00:00,Dolphins,Roosters,Suncorp Stadium,28,18,10,46,1,False,0,0.47301780565416346,bet365,0.13580246913580246,0.12790697674418605,True,0.13228155339805825,18.5,45.5,False,-0.10803372927797796,,,,,,,,,,,,0.0,0,1,0,0,0,0,0,0,-18.944304655468045,-22.772441946793833,-25.548208087307927,12.830252781421223,16.54609259721255,11.091643208711673,-1,0,2,-7,-286.0022137813567,-1,-1,-4,-5,0,-0.6368999671651908,0.1337256474705507,-0.32127196978946104,0,0,-0.4618961947175445,0.17500377244764626,0.10611481907014525,-1.8505999692509887,17.5,45.5
20231110180,2023,1,Round 1,2023-03-05 07:15:00+00:00,Wests Tigers,Titans,Leichhardt Oval,10,22,-12,32,0,False,48,0.5294314150763428,bet365,0.4647519582245431,0.6234718826405868,True,0.6277372262773723,-4.5,46.5,False,0.11786191024305433,-9.136680076343328,7.055720917796279,-5.2494347416386375,-4.166108665303611,-260.6345590954202,-110.95403001673964,-1.596527252561628,-10.153545627135305,0.9557889445080665,0.424910552221065,3.728785856864775,0.0,0,1,0,0,0,0,0,0,-14.28531081455003,-7.034739530595289,15.120049673579018,-20.425834492584812,-1.944786464948919,-8.688162863750108,-1,1,-1,5,110.78004475869676,4,1,0,5,0,-0.07685273525180175,0.47434301355199743,-0.4724845631285698,0,0,-0.22451653426706183,-0.14766379901526017,0.3459494831010469,-0.14122642884632278,1.5,47.5
20231110210,2023,2,Round 2,2023-03-09 09:00:00+00:00,Panthers,Rabbitohs,BlueBet Stadium,16,10,6,26,1,False,55,0.6170234973017505,bet365,0.660377358490566,0.6328502415458938,True,0.6339712918660287,-4.5,38.5,False,0.4769334696860214,-3.207578919917019,-3.8542499662353187,5.102494678615869,1.245750626808487,100.57533207188317,90.65707836515219,-1.160637130594064,-0.6679480394406454,-1.101056562962155,-0.2686307348611141,3.8153985636899392,0.979166666666667,0,0,0,0,0,0,0,0,40.201794403030135,-5.222875527937276,20.377099144683967,10.22367374650409,14.823897039779325,3.873656140530187,0,0,0,-3,-77.27167973575737,0,0,-1,0,0,0.10616481264478206,0.06182240410151363,-0.05719663324601457,0,0,-0.47901457479053555,-0.5851793874353176,-0.47465771437448967,0.6649763035932489,-6.5,38.5
20231110220,2023,2,Round 2,2023-03-10 07:00:00+00:00,Eels,Sharks,CommBank Stadium,26,30,-4,56,0,False,51,0.5891885943593063,bet365,0.586734693877551,0.6557377049180328,True,0.6549295774647887,-5.5,40.5,False,0.3606120844285344,-2.4645729828011795,-4.961392133290019,6.458945319589205,2.1721292756117236,27.059295125116932,19.877814342238935,-0.42795852014645686,3.0852581594203556,-1.7725747344242482,0.07343494890599622,-7.063567362419697,1.9826388888888893,0,0,0,0,0,-1,0,0,-4.189553929567182,49.59187036290513,9.183796343484204,-9.92495130188999,-53.04026933406658,29.698036758608254,0,0,0,2,111.50255635636097,0,1,-2,-1,-1,-0.07217349380676868,-0.06500861248047385,-0.021408178333124805,0,0,-0.14743276855905318,-0.07525927475228453,-0.3236881458183698,0.35048297369081105,-3.5,40.5
20231110230,2023,2,Round 2,2023-03-10 09:00:00+00:00,Broncos,Cowboys,Suncorp Stadium,28,16,12,44,1,False,49,0.4699072029583246,bet365,0.4545454545454546,0.5426356589147286,True,0.5433673469387755,-1.5,40.5,False,-0.12051684528184088,-7.398814353333126,4.527464735187216,-4.48234808265741,-5.56092731389478,-241.74426247739325,54.13872418238839,-0.9350283849333714,-4.370041668946968,2.0947348396332615,0.30357666607613787,9.323085521884224,0.8923611111111107,0,0,0,0,0,0,0,0,-38.94485868419406,-46.24202055671705,-0.5219937815213598,-10.100122328690901,17.919277982735267,5.052948700181872,1,0,0,2,34.21771349875098,0,0,0,1,0,-1.186951114944057,-0.0019833918991252752,-0.18638805190664418,0,0,-0.6820825035283999,0.5048686114156569,-0.02562081724068066,-0.18232155679395445,1.5,41.5
20231110240,2023,2,Round 2,2023-03-11 04:00:00+00:00,Roosters,Warriors,Allianz Stadium,20,12,8,32,1,False,49,0.7362178026912312,bet365,0.8010118043844856,0.7741347905282332,True,0.783303730017762,-12.5,45.5,False,1.026402250076503,3.8074780476722054,-2.6928381530460683,-6.691855922875689,0.41317473883814415,78.8518279318539,71.32121080817774,0.1171805987643797,4.597735331492707,2.1128357992224736,0.20314016026617843,-3.9189477945064617,-1.9201388888888893,0,1,0,0,0,1,0,0,18.526472468649445,31.218648699655034,-29.258975719920755,45.17921510944784,-28.612415620532587,-14.882701273488635,0,0,0,0,50.760061923825305,1,1,1,2,-1,0.6929302938453243,-0.5639294298123722,0.6371021994607116,0,0,0.5843076647673571,-0.10862262907796721,0.30156933109289497,1.3926301795689762,-14.5,44.5
20231110250,2023,2,Round 2,2023-03-11 06:30:00+00:00,Dolphins,Raiders,Kayo Stadium,20,14,6,34,1,False,1,0.5553779933305456,bet365,0.23664122137404575,0.4177215189873418,True,0.41000000000000003,3.5,39.5,False,0.2224244530009877,5.325711888730368,-3.605701388858879,0.364790558856555,7.306901634111114,218.303299314186,-43.41911481685645,0.4934110999474006,-1.169210637515043,1.8074829585713754,-3.4577965140236833,-3.0760218485306865,-0.9409722222222223,0,1,0,0,0,0,0,0,-4.245393137802239,6.943589091074045,-15.35147107087522,13.78136611859621,-9.618877276597374,16.724477054351127,0,0,2,-5,-180.2317803723214,0,-1,1,0,0,0.15165192357696788,0.08042289743387115,-0.12527316082596465,0,0,0.17833995974308864,0.026688036166120768,0.0826110349928133,-1.1711829815029455,12.5,42.5
20231110260,2023,2,Round 2,2023-03-11 08:35:00+00:00,Storm,Bulldogs,AAMI Park,12,26,-14,38,0,False,49,0.7906363531057593,bet365,0.7065217391304348,0.6986899563318778,True,0.6973684210526316,-7.5,39.5,False,1.3287654541517775,6.574064368626031,-8.049054458205916,3.635549956178423,0.8642024982790133,262.4147261869032,2.6968042403200343,2.6657469655246926,11.843153177943137,-0.4754225921182673,-0.7311118487467798,1.4438838604978201,1.791666666666667,0,1,0,0,0,0,0,0,11.685662682866223,14.594120586878006,2.4510857848214584,7.299865579150946,-12.659409267984202,-30.085354304159097,1,0,0,2,110.60511385583703,0,1,0,-1,0,1.4189359745249832,-0.1833017966410273,0.5547621930941886,0,0,0.6620595652124941,-0.7568764093124889,-0.508240018994981,0.8785504038913082,-8.5,39.5
20231110270,2023,2,Round 2,2023-03-12 05:05:00+00:00,Wests Tigers,Knights,Leichhardt Oval,12,14,-2,26,0,False,49,0.5423623622803906,bet365,0.6109725685785536,0.6079404466501241,True,0.5804020100502513,-4.5,42.5,False,0.16985665619793255,-2.3766381739703846,4.7523972951710824,-4.7884791177244495,-1.1833185072735048,46.604376382747205,92.95941525618451,0.0011784915602452983,5.801029147619513,2.0041334314575554,-0.572827725481984,2.2620486501490973,-2.010416666666667,0,0,0,0,0,0,0,0,53.008568815975764,0.8685172901258795,52.53549335623262,-26.122073298359197,25.726631467976375,-6.811431111376834,1,0,1,-1,-40.99704259448157,-1,-1,1,-1,-1,-0.03466407234960778,0.1584671188961131,-0.009867372874740932,0,0,-0.023552437421402617,0.01111163492820516,-0.39864926409827367,0.45140220329519004,-4.5,42.5
20231110280,2023,2,Round 2,2023-03-12 07:15:00+00:00,Dragons,Titans,Netstrata Jubilee Stadium,32,18,14,50,1,False,48,0.6268988235224605,bet365,0.586734693877551,0.4573643410852713,True,0.46272493573264784,1.5,39.5,False,0.5189355281470968,-1.0618001953069758,-1.1033345567690276,1.2988460695551538,2.966339730458138,-131.80454208569267,-42.19124525758821,0.7698001649307873,-3.9122217061771494,0.7347054536914808,0.36550144499451953,0.522625695563562,7.0,0,1,0,0,0,0,0,0,-100.46615272164513,-58.79035373588469,-22.5222720619048,16.265869772186605,-35.41939669604224,-40.25550729944395,3,0,0,2,41.303664560644705,2,2,3,7,0,-0.20897132228515158,-0.24184310777040557,0.07889288989404045,0,0,-0.11985666992186483,0.08911465236328676,0.23572970681223976,0.35048297369081105,-3.5,41.5
20231110310,2023,3,Round 3,2023-03-16 09:00:00+00:00,Sea Eagles,Eels,4 Pines Park,34,30,4,64,1,False,52,0.4799595561740015,bet365,0.5235602094240838,0.5822784810126582,True,0.5919395465994962,-3.5,43.5,False,-0.08020474275828544,0.1129718185975328,0.3519964440285115,0.16485125727729155,-0.8172681211186372,-204.81942862089772,-94.47246279654746,0.061593959211026394,0.03538150880198998,-0.7340750762697699,-0.19982492700467436,-2.5083537253093446,6.125000000000001,0,0,0,0,0,0,1,0,-22.245130923776856,-18.920044466198334,-15.54123218251425,9.696556587859632,2.519589137076011,-0.04196689868450676,1,0,0,-2,-148.17676572870502,0,0,0,1,0,0.1031155438628516,0.3919541252752422,-0.2915760426133782,0,0,0.04856266557286637,-0.054552878289985174,0.5125624758489168,0.09431067947124142,-1.5,41.5
20231110320,2023,3,Round 3,2023-03-17 07:00:00+00:00,Knights,Dolphins,McDonald Jones Stadium,20,36,-16,56,0,False,2,0.3916053312674683,bet365,0.6818181818181818,0.375,True,0.37317073170731707,4.5,40.5,False,-0.44056927295200254,-9.439317807307877,5.171242460300338,-0.39121563328569664,-4.326334307395051,-232.76682604590405,-24.881357998819624,0.11567695306158265,4.390225912105418,-1.125927232988996,3.4565362400886115,2.448853227858912,-0.9409722222222223,0,1,0,0,0,1,0,0,-25.191394509552083,-6.5337034483900425,-16.9220283024529,8.647530044385235,-10.383192803094403,-8.066914786660533,1,0,0,8,297.9676599783498,1,0,2,0,1,-1.0498744221219036,0.24982211895430118,-0.4785250826309023,0,0,-0.7827149538080993,0.2671594683138045,-0.5368592712869595,0.7621400520468965,-6.5,40.5
20231110330,2023,3,Round 3,2023-03-17 09:00:00+00:00,Roosters,Rabbitohs,Allianz Stadium,20,18,2,38,1,False,53,0.5301872566647806,bet365,0.5454545454545455,0.43814432989690716,True,0.43958868894601544,2.5,41.5,False,0.1208960617284726,2.219263836629356,0.5277166568835163,3.5864661686953383,1.265115107757353,5.046119823424306,40.21022884652234,0.941147033359691,-4.560360599389547,-1.0096687513556155,0.10976737122375724,-4.5612139321526755,-1.791666666666667,0,0,0,0,0,0,0,0,-36.1134110767058,-24.79582796733351,-17.021133150317638,6.977905353925735,-1.274355312980461,-15.997234466687217,1,0,0,1,96.90290537189095,-1,0,1,0,0,-0.25150282631317755,-0.020242064692750916,0.037592158377190585,0,0,0.005742145219977901,0.2572449715331558,0.11729786471348874,0.18232155679395495,-2.5,39.5
20231110340,2023,3,Round 3,2023-03-18 04:00:00+00:00,Titans,Storm,Cbus Super Stadium,38,34,4,72,1,False,51,0.39002257037670585,bet365,0.3452380952380952,0.34426229508196726,True,0.34834123222748814,6.5,42.5,False,-0.44721734565535387,4.841359133169345,4.786462601424251,-1.7638049654772914,-1.0873536271073618,-113.4676378928973,-13.373610184136396,-0.7903543697169093,1.6639557534609324,0.4531100645015087,0.05936820644411611,-0.07887350118566872,-0.9444444444444446,0,1,0,0,0,1,0,0,-15.996197081481455,-43.35075181196845,16.368499703918218,-0.3784671633331982,11.364522189902019,-13.594806963819394,0,0,0,-1,-80.87475359970199,-1,-1,1,-3,0,-0.6251685365818735,0.1435767670305438,-0.41959115051039464,0,0,0.04373956484105519,0.6689081014229289,0.10697871075622661,-0.6400373552459971,6.5,42.5
20231110350,2023,3,Round 3,2023-03-18 06:30:00+00:00,Cowboys,Warriors,Queensland Country Bank Stadium,12,26,-14,38,0,False,50,0.7281564646804428,bet365,0.7470119521912351,0.7400000000000001,True,0.7429718875502008,-11.5,43.5,False,0.9852892861279116,3.9288007152257336,-1.1967913044480092,0.8707481527014806,2.3868236878103772,175.12128669324147,24.78309548542518,-0.729535538062132,8.895962275537855,0.03358230362049497,-0.6569416753184667,2.0745774615004606,0.7916666666666661,0,1,0,0,0,0,0,0,14.034398159552097,11.423028586679607,-18.248363966418594,42.1864881273149,-21.326754588023846,-46.93890848032413,0,0,0,0,17.202440831975963,0,0,-1,-2,-1,1.0769991481145893,-0.19319917607154058,0.4864739492754838,0,0,0.6952029397296622,-0.3817962083849273,0.04391731227198703,1.0827389395118197,-11.5,42.5
20231110360,2023,3,Round 3,2023-03-18 08:35:00+00:00,Broncos,Dragons,Suncorp Stadium,40,18,22,58,1,False,49,0.5945026168167884,bet365,0.7276507276507277,0.7590132827324478,True,0.7623574144486692,-12.5,43.5,False,0.382610697605802,-6.5723930401463875,1.8366277516179679,-2.2576860305760107,-3.395256908165152,25.87251351535656,65.87984606269993,-2.4524199914142946,-0.1006485733908633,1.0551147134871286,-0.5223902916493319,-1.6886475529372618,1.927083333333334,0,1,0,0,0,0,0,0,49.65009816479403,41.358020238614046,27.97688348343246,-8.241883480900412,-11.44292207635202,31.25565739484611,0,0,0,-4,-148.95067051655846,0,1,-1,1,0,-0.06624934331360909,-0.03839833972507982,-0.0012993568693856483,0,0,-0.21957461203365553,-0.15332526872004648,0.39066979649179623,0.9827358312823081,-10.5,42.5
20231110370,2023,3,Round 3,2023-03-19 05:05:00+00:00,Bulldogs,Wests Tigers,Belmore Sports Ground,26,22,4,48,1,False,50,0.6561993999752954,bet365,0.586734693877551,0.7127659574468085,True,0.7480314960629921,-10.5,42.5,False,0.6464028679137743,3.287717377170905,-3.943118048520166,5.5187359874103805,-0.13906210365131955,-79.48443229396185,32.17896940877506,-0.25837955843255056,-2.942970458555365,-1.9072923683497187,2.0419818119356936,-2.5691995914478767,0.854166666666667,0,0,0,0,0,0,0,0,-31.258938472914906,-14.558232371631448,4.579638018249682,22.675241108720186,-43.95558522825331,-7.591247052519265,-1,0,2,-1,-1.360369702337863,-2,-2,-1,-4,0,0.28020599816677255,-0.07007005679592943,0.17563627997006,0,0,0.23055155699015978,-0.049654441176612704,-0.6300603821995223,0.35048297369081105,-4.5,41.5
20231110380,2023,3,Round 3,2023-03-19 07:15:00+00:00,Raiders,Sharks,GIO Stadium,24,20,4,44,1,False,52,0.524199587138081,bet365,0.48927263212977506,0.44102564102564096,True,0.41878172588832485,2.5,43.5,False,0.09687403769514003,-4.067530071206388,-3.3083804055717465,8.066030904496941,0.6787818307346072,-107.87913639720023,-49.39352483433083,-0.7049349499403998,-0.5449757832363247,-2.7668389625142407,1.1930066870607394,-6.342623594255009,-0.9791666666666661,0,1,0,0,0,0,0,0,-5.816166657496069,8.28538217449153,-3.7388426739738065,-9.485220658839012,-0.87748549917481,5.990005304113595,0,0,1,1,33.913751018296324,0,1,0,-1,-1,-0.3529632023909675,-0.0035986592053188077,-0.0027291080002888046,0,0,-0.5034371191460663,-0.15047391675509864,0.26913158431569917,-0.042916057124405056,1.5,42.5
20231110410,2023,4,Round 4,2023-03-23 09:00:00+00:00,Eels,Panthers,CommBank Stadium,17,16,1,33,1,False,57,0.41414039692505694,bet365,0.2846465940636344,0.3212669683257918,True,0.30973451327433627,6.5,39.5,False,-0.3468751363320633,4.19201621322707,11.143182132179827,-9.226750623680914,-2.083204198386312,-95.47273596190257,-46.81995713751144,1.0490899131545905,-9.280609181488188,3.202414441432996,0.38239586118420554,2.875432316015992,-7.0,0,0,0,0,0,0,-1,0,-28.76902823945511,7.782678342962299,9.115949585867952,-31.83327398493833,-13.834382183347046,1.2922921970457253,0,0,1,-1,-84.94737791191544,0,0,0,0,0,-0.9720171092951887,0.21638396480182806,-0.27282751695879315,0,0,0.37706740179193654,1.3490845110871252,-0.5767703574983145,-0.9215283046404034,8.5,39.5
20231110420,2023,4,Round 4,2023-03-24 07:00:00+00:00,Storm,Wests Tigers,AAMI Park,24,12,12,36,1,False,51,0.7896701070006208,bet365,0.7153534059363656,0.7504873294346978,True,0.7572254335260116,-10.5,43.5,False,1.3229380550130387,6.2739126003394325,-0.6374590439459951,4.204989968649457,0.259956914881208,-81.17524440032821,15.218041537043405,1.542865093734246,0.1443849673294011,-1.5640979121468774,2.065134024471016,-2.445405901800612,1.0451388888888893,0,1,0,0,0,-1,0,0,-56.585909842423234,36.81208524812615,-24.92315398126533,-25.315104969137167,-43.15973614014692,7.337584761404884,0,1,0,-2,-16.048875391150432,-1,0,-2,-2,0,0.6760343996346367,-0.41469169883148627,0.28423146364769825,0,0,0.7238247488170688,0.04779034918243244,-0.10722413285120178,0.9215283046404038,-8.5,43.5
20231110430,2023,4,Round 4,2023-03-24 09:00:00+00:00,Dolphins,Broncos,Suncorp Stadium,12,18,-6,30,0,False,3,0.6016713266300013,bet365,0.22651933701657456,0.24804687499999997,True,0.23809523809523808,12.5,44.5,False,0.41243385018394496,3.2959500370464063,-3.199851505585457,1.6661438728015128,2.836727552746325,-43.58654320387154,-139.3420206341035,-0.23319279026157425,-11.360585870639632,-1.0042977246636013,-1.5261511348533077,-1.4620121537825703,1.0659722222222223,0,0,0,1,0,0,0,0,-58.15536229230236,-8.240162277305728,-45.33812144085198,2.115802813345965,-6.692881387490701,-13.096757307760981,2,0,1,2,68.08482903303943,1,0,1,3,0,0.022572248759006985,-0.35338073517764157,0.23180348212325672,0,0,-0.008900022095101656,-0.031472270854108614,0.44043241500395913,-1.2280703559049966,12.5,43.5
20231110440,2023,4,Round 4,2023-03-25 06:30:00+00:00,Cowboys,Titans,Queensland Country Bank Stadium,24,12,12,36,1,False,52,0.678853155261192,bet365,0.7276507276507277,0.6359223300970874,True,0.6651162790697673,-7.5,44.5,False,0.7485063592134962,-8.48180413172387,-4.254857367189331,4.112466178268434,1.1907690678172074,122.286346588367,-5.437849465406373,-0.8411017541407424,1.3045469183788896,-1.042279993397857,-0.6272559333625924,-1.1247787757310306,-0.10416666666666696,0,0,0,0,0,0,0,0,18.900528454652658,28.28169555459948,-29.050349568805643,26.29150904469195,-6.622326575833085,1.701574743169033,0,0,0,0,29.574735969539418,0,0,1,1,0,0.37497603215929,-0.186298539070681,0.14263728393569897,0,0,-0.4068623418210618,-0.7818383739803519,0.8685531307665844,0.9827358312823081,-10.5,43.5
20231110450,2023,4,Round 4,2023-03-25 08:35:00+00:00,Rabbitohs,Sea Eagles,Accor Stadium,13,12,1,25,1,False,53,0.700678621364843,bet365,0.6547619047619047,0.5904522613065327,True,0.6,-4.5,43.5,False,0.850531483421974,-5.471162152243203,-5.439146059033028,-2.7896699670867093,-0.6680387619136496,120.38355064681036,-20.900113779636058,0.7863468910590381,1.6416907931105555,0.20777233623081948,0.24265129642704952,2.3899843169904713,-1.0,0,0,0,0,0,0,0,0,67.23141562913293,38.88529489184404,5.073802889242955,15.993138560690682,7.279179287355305,18.340718645890064,-1,0,1,-2,-63.158678720715415,1,0,2,1,0,0.39074069735876615,-0.2373213018517366,0.17864534193215365,0,0,-0.3292509825265958,-0.7199916798853621,0.21318187043035905,0.6400373552459965,-6.5,43.5
20231110460,2023,4,Round 4,2023-03-26 03:00:00+00:00,Warriors,Bulldogs,Go Media Stadium,16,14,2,30,1,False,51,0.5880248440779078,bet365,0.5,0.5426356589147286,True,0.5348837209302325,-1.5,43.5,False,0.3558061524678519,0.09556635488178244,-1.8020507294264476,4.493678214354219,-0.9314991682061731,24.322179122197895,0.11185272996800677,1.4143067158633418,-4.186093873949975,-2.0872206703799243,0.20525528384191638,-0.7017927998446858,0.9409722222222223,0,1,0,0,0,0,0,0,-32.10272061294461,-27.008385866535292,-6.197554232152044,-26.403187061906266,27.506406547649036,-13.607924816720129,2,0,-1,3,126.80151574419989,1,0,0,3,0,0.14484800051889085,-0.009031393950643618,-0.07067039037379041,0,0,0.004553452885006082,-0.14029454763388483,-0.7018562181748055,0.0,-1.5,42.5
20231110470,2023,4,Round 4,2023-03-26 05:05:00+00:00,Knights,Raiders,McDonald Jones Stadium,24,14,10,38,1,False,52,0.37400783522166675,bet365,0.38902743142144636,0.3765281173594133,True,0.3746958637469587,5.5,42.5,False,-0.5150611077075866,-3.9435372660717647,5.201039824266118,-3.2361792488486856,-0.7499828552254897,-108.10727405616285,-16.129089803675527,-0.930939370288971,0.45770695889415336,2.1179514450952954,0.010895011275700917,-0.5957282293511277,2.010416666666667,0,1,0,0,0,0,0,0,-25.158009927552826,12.419759083805502,-7.995953916139854,11.746699727967894,-41.32851482318645,15.680855585200618,-1,-1,0,-2,-72.83792741486496,2,1,-2,1,0,-1.1320756709410282,0.0032953742152442844,-0.1415126392335359,0,0,-0.5549664913606004,0.5771091795804278,-0.5786677008604357,-0.45140220329519,4.5,42.5
20231110480,2023,4,Round 4,2023-03-26 07:15:00+00:00,Dragons,Sharks,Netstrata Jubilee Stadium,8,40,-32,48,0,False,50,0.47143168151117576,bet365,0.38902743142144636,0.3372093023255814,True,0.328735632183908,6.5,43.5,False,-0.11439787009721429,0.7206418227731746,1.6035694602158195,4.179771570034546,-0.4435868034755188,-158.36703361418654,18.075778760277217,1.3249734831242552,-0.7778165432882673,-1.3749125752499438,1.4362323880014793,4.935691589305257,0.9444444444444446,0,0,0,0,0,0,0,0,-94.43376879617188,-57.946566898572485,-52.420869754303965,-4.555654847463444,20.48932270416809,-34.06843390549676,-1,-1,1,3,121.02236443979162,0,0,1,-1,-1,-0.7875511313912236,-0.114979598012793,-0.058336905158905994,0,0,-0.18549655182298014,0.6020545795682435,0.7979664322424456,-0.45140220329519,4.5,43.5
20231110510,2023,5,Round 5,2023-03-30 09:00:00+00:00,Roosters,Eels,Allianz Stadium,28,20,8,48,1,False,54,0.6162679882081955,bet365,0.6474820143884892,0.6234718826405868,True,0.6376811594202898,-4.5,41.5,False,0.4737374917279427,-0.1399359221019303,-3.8201029077446513,-1.3285669231066919,0.12341653152685694,-175.14741529205367,-59.558580605869906,0.9640393361638799,4.814436762438138,0.08374494543780386,-0.22094344443036462,-3.789134342411259,6.0,0,0,0,0,0,0,1,0,-46.232525096929976,-17.424246598559478,-28.953149311338535,4.070396275768388,-3.925525462800451,-5.176569771370453,1,0,-1,1,43.921110732830954,0,0,1,0,0,0.44224265620248504,0.00025603236743106106,0.08327638859152052,0,0,0.019966769498803105,-0.4222758867036819,0.5675101880756367,0.6079893722196383,-6.5,39.5
20231110520,2023,5,Round 5,2023-03-31 07:00:00+00:00,Raiders,Panthers,GIO Stadium,12,53,-41,65,0,False,54,0.39070974631576944,bet365,0.29347826086956524,0.22586520947176686,True,0.2214156079854809,11.5,39.5,False,-0.44432981367503604,0.6043668589786044,6.639320898164009,-4.6657920100976895,-2.178175999059917,-186.86321011899645,-54.10344938040248,0.6855925000046996,-9.355035806001478,1.4926138819653723,-0.20616971541542206,9.246261541491986,-2.8368055555555562,0,1,0,0,0,1,0,0,-43.145322760202475,-55.31899689374208,-18.822918643786863,-16.38362465231728,47.38021742964368,-32.878627026677606,2,1,0,0,-10.53959736483715,0,1,-2,1,0,-0.9998244692232211,0.15699012849361388,-0.07487831579725135,0,0,-0.02754561021677253,0.9722788590064488,-1.343909211540445,-0.878550403891308,8.5,41.5
20231110530,2023,5,Round 5,2023-03-31 09:00:00+00:00,Rabbitohs,Storm,Accor Stadium,10,18,-8,28,0,False,55,0.6290740536112227,bet365,0.6474820143884892,0.625,True,0.6394230769230769,-4.5,40.5,False,0.528246544799294,-5.273413132896,-4.444098558364768,-6.395353212497568,-1.7609064431433268,12.118077650023679,-18.283776409087636,-0.5969865343920304,-2.4350061954252915,1.1161961112587324,-0.9100298667529687,0.5128840970531634,-1.0659722222222223,0,1,0,0,0,0,0,0,-0.7668932958464438,-16.73207519091929,-19.38038544270276,39.38551155468062,-4.039944216904999,-4.05228844212067,0,0,-1,-1,-54.76457802663225,0,0,-1,0,0,0.34261284468388664,-0.06489092657777884,0.004927388350761237,0,0,-0.31533361811495314,-0.6579464627988397,-0.406617898037514,0.6079893722196383,-6.5,41.5
20231110540,2023,5,Round 5,2023-04-01 04:00:00+00:00,Sea Eagles,Knights,Glen Willow Oval,32,32,0,64,0,True,53,0.6101446539106061,bet365,0.8090614886731391,0.8077544426494345,True,0.797274275979557,-13.5,45.5,False,0.4479203037556484,2.080707982662158,-1.3173843292315013,-4.018875677396082,1.543595386027384,-41.673052783520234,34.30769577636295,-0.7092481346822446,-2.0318320959032548,1.4789030152810607,-0.20185259944823475,-2.4547967260814687,0.854166666666667,0,0,1,0,0,-1,0,0,-42.074866100359486,1.0657616054263315,8.67124312612333,-35.828625862796,-15.98324496911313,-1.4302378466573487,2,0,0,0,2.9049610052561903,-1,0,0,1,0,0.9255964079040613,0.06623940338983506,0.07240528940004362,0,0,0.6907293993928435,-0.23486700851121786,0.043426011924361047,1.4439234739565265,-14.5,43.5
20231110550,2023,5,Round 5,2023-04-01 06:30:00+00:00,Dragons,Dolphins,WIN Stadium,38,12,26,50,1,False,4,0.4672155339167072,bet365,0.5769230769230769,0.558974358974359,True,0.5564102564102563,-2.5,42.5,False,-0.13132628362524423,-4.633641332509477,12.124063447041664,0.982186024823406,-4.579674319224331,-213.4139556275186,-23.38827406885457,0.519841784581887,1.3497289756563013,0.0565827046132199,2.6219397349203897,6.436461514404524,-1.927083333333333,0,1,0,0,0,1,0,0,-32.476930220431086,-5.857265017221948,0.9134817921059835,-19.796624447010288,-7.736522548304876,21.278094939708097,0,-1,0,-2,-84.4549303612782,-1,-1,1,0,0,-1.6655922171848947,0.1408818680092313,-0.4109313784066013,0,0,-0.4301408782653444,1.23545133891955,0.7815086440909358,0.3101549283038393,-4.5,42.5
20231110560,2023,5,Round 5,2023-04-01 08:35:00+00:00,Broncos,Wests Tigers,Suncorp Stadium,46,12,34,58,1,False,52,0.7893115866109817,bet365,0.8415147265077139,0.8391608391608392,True,0.8648648648648649,-16.5,43.5,False,1.3207808279465136,8.19082399110439,-7.029310418602066,3.180225588058846,1.580248008106338,146.40626995667162,122.12567288083295,1.6581383538871082,4.606196385527181,-0.2957039959665835,-0.24310014079066633,-0.8953714824117185,-0.08333333333333215,0,1,0,0,0,0,0,0,15.707169964155355,-6.443622729960822,-12.042087241254734,38.6052317599366,-4.412351824565704,7.629628259161905,0,0,-2,-3,-101.25315480280436,0,-1,-2,-2,0,1.7246975695339175,-0.042592305618873394,0.2720427826774793,0,0,1.062624923051033,-0.6620726464828843,-0.3195139144391083,1.6695418365038057,-15.5,43.5
20231110570,2023,5,Round 5,2023-04-02 06:05:00+00:00,Sharks,Warriors,PointsBet Stadium,30,32,-2,62,0,False,52,0.7157568785078077,bet365,0.7017543859649122,0.7867132867132867,True,0.7865961199294532,-13.5,42.5,False,0.9235106206003542,9.120407773889365,1.2076100272127661,-6.882978317542495,0.16159462656085566,106.97500213391095,-17.752643220094626,0.5539583902463985,3.541448230465832,2.612032840127501,-1.4153829269473581,-0.4410914624421558,-0.17708333333333304,0,1,0,0,0,0,0,0,69.23518442996476,10.332867295822211,19.68412614275576,30.09904613463982,9.11914485674697,-9.40454104976061,-2,0,-1,-2,-101.42272650342737,0,0,0,-1,0,1.3341033276491188,0.08939593285118119,0.023196790320426194,0,0,1.1875404945407482,-0.1465628331083704,-0.008644526147219583,0.8556661100577201,-9.5,42.5
20231110580,2023,5,Round 5,2023-04-02 08:15:00+00:00,Bulldogs,Cowboys,Accor Stadium,15,14,1,29,1,False,52,0.43380270935681353,bet365,0.4764397905759163,0.49868766404199477,True,0.5012987012987012,-2.5,39.5,False,-0.26635274349864707,-2.0727518428878717,0.18350118655359182,-2.3479069657129514,1.0802424222848188,-80.23078442057044,-1.622290462949195,-0.8420887061972167,-2.201750434697903,0.7798605280160213,-0.34204883778582307,0.3815981930010679,-0.8541666666666661,0,1,0,0,0,0,0,0,12.781328988013797,-24.175086549247823,22.944998790419618,20.227909734690087,-6.216492987848071,3.756975366286497,0,0,0,-2,-113.7583204332218,-1,-2,2,-2,0,-0.7313909151387425,0.0628464769540989,-0.03288140115496103,0,0,-0.4926143021215408,0.23877661301720177,-0.5448967323293974,-0.09431067947124093,1.5,40.5
20231110610,2023,6,Round 6,2023-04-06 09:50:00+00:00,Storm,Roosters,AAMI Park,28,8,20,36,1,False,55,0.549986746595383,bet365,0.4329896907216495,0.5618556701030928,True,0.5652173913043478,-2.5,38.5,False,0.20061714649594994,-1.9739398858407498,-1.0003546519836988,0.6611504260715293,-2.1279308167016993,41.85679448360679,29.110203229329045,-1.010548062966162,0.6261168760246321,1.1854671003382524,1.3486131843704552,9.415114722805825,-1.0,0,1,0,0,0,0,0,0,45.20764590623912,43.62292809091434,12.93132553745437,-30.16270836693252,18.816100644802873,14.487818338767,0,1,0,0,-8.186279725701027,0,0,0,0,0,-0.18530111223391899,0.09019439415672181,-0.04555336688242694,0,0,-0.2481326165182309,-0.06283150428431172,-0.1905380750624629,-0.2696635669491026,2.5,38.5
20231110620,2023,6,Round 6,2023-04-07 06:05:00+00:00,Bulldogs,Rabbitohs,Accor Stadium,16,50,-34,66,0,False,53,0.37913384760376034,bet365,0.35251798561151076,0.21328671328671325,True,0.23809523809523808,11.5,40.5,False,-0.49322622046800096,1.7347410631092721,1.1529729545915366,5.2269104693135375,1.1386205699985013,-82.83036527971854,-92.27772849171788,-0.14588086087905117,-3.9549917163932022,-1.0675290340419856,0.9352961794869143,7.472709854536724,-1.96875,0,0,0,1,0,1,0,0,-16.1551146850245,-30.090797295150708,-11.176285776838398,10.285314231303062,14.82665415566143,-2.4987090600119757,0,0,2,3,69.28633279877913,0,-1,2,-1,0,-0.7857273218258358,0.023570483748970583,-0.06257725531945116,0,0,-0.3079193223469913,0.4778079994788444,-1.9304143408019916,-0.6079893722196386,6.5,42.5
20231110630,2023,6,Round 6,2023-04-07 10:00:00+00:00,Cowboys,Dolphins,Queensland Country Bank Stadium,22,32,-10,54,0,False,5,0.5941498881249179,bet365,0.6818181818181818,0.7867132867132867,True,0.7699443413729128,-11.5,42.5,False,0.38114771557829796,-2.066338952331794,-4.926217145002013,1.7269643096538942,-2.3137907875593413,146.48133255856442,-29.860361239989913,0.19993915395826045,9.64181330055202,1.220764447289513,0.9028736875875527,1.0920601571037096,-1.072916666666666,0,0,0,0,0,1,0,0,50.476811800908195,56.3031571437495,11.946722458311768,-20.330680014361434,2.5576122132083015,25.24343432920304,0,-1,1,0,15.743959067485832,1,-1,-2,-1,0,0.5329067868424622,0.2237486786233683,-0.1504259651158659,0,0,-0.06386166972563186,-0.596768456568094,-0.497287169856541,0.7621400520468965,-8.5,42.5
20231110640,2023,6,Round 6,2023-04-08 07:30:00+00:00,Panthers,Sea Eagles,BlueBet Stadium,44,12,32,56,1,False,55,0.7796855350856746,bet365,0.660377358490566,0.7400000000000001,True,0.7372708757637474,-10.5,43.5,False,1.2638347665192906,4.053281881517702,-10.12844439835287,3.6911806180306144,3.2848957721791123,116.31532761208518,-9.01880364830049,-0.6101748679400334,9.328524542741064,-0.9582015822654615,-0.3671753930951942,-8.54710332256306,0.8750000000000009,0,0,0,0,0,0,0,0,35.65185029477345,19.458760938668377,5.097042182377606,11.919493373637891,-0.8234461999104496,2.1896937051704413,-1,0,0,-1,35.89034809202667,1,-1,0,-1,0,1.7347107568408124,-0.012959932683629771,0.10216434341800938,0,0,0.24933083826179298,-1.485379918579019,0.13206984939463345,0.6649763035932489,-7.5,42.5
20231110650,2023,6,Round 6,2023-04-08 09:35:00+00:00,Broncos,Raiders,Suncorp Stadium,14,20,-6,34,0,False,53,0.6394204353540007,bet365,0.7619047619047619,0.8403361344537814,True,0.8357558139534885,-17.5,45.5,False,0.5728495575764753,12.609342413608761,-14.094021355141447,1.5247679529793743,4.020750632738519,295.179957307834,71.44732549614389,2.651413205138507,7.718434420277653,1.7875641656893038,-1.3267753773717201,-10.881944509349445,-1.0659722222222223,0,1,0,0,0,0,0,0,70.33823591062833,29.89624023134394,34.37603209843084,21.994473006469264,-15.928509425615744,25.727725814982165,-1,0,0,-4,-148.24540415948263,0,-1,-1,-2,0,2.485286815996072,-0.08451407196695448,0.1998488414517915,0,0,1.27708315196834,-1.208203664027732,0.5074971188463105,1.1631508098056806,-10.5,45.5
20231110660,2023,6,Round 6,2023-04-09 06:05:00+00:00,Titans,Dragons,Cbus Super Stadium,20,18,2,38,1,False,52,0.5036791676075392,bet365,0.6109725685785536,0.4805194805194806,True,0.4908616187989557,1.5,47.5,False,0.014716936050635888,-1.7832581354468608,1.7753124789019132,-5.530491752533052,-2.4020007693206082,42.24364879821064,-13.508128450997333,-0.9050244398547536,1.0491911995856782,2.289024766091055,-1.2291391529424498,-0.2640086983492864,6.017361111111111,0,1,0,0,0,0,1,0,10.18294278839653,-0.5025154950071169,22.498328200594813,0.35798065623379216,-12.170850573425,-26.455552727892893,2,0,2,1,35.025359843948806,0,0,1,1,0,-0.24970011609557247,-0.15747875183891352,0.04207639262902485,0,0,-0.18855172193406097,0.06114839416151163,1.4281377130227737,0.45140220329519004,-4.5,45.5
20231110670,2023,6,Round 6,2023-04-09 08:15:00+00:00,Knights,Warriors,McDonald Jones Stadium,34,24,10,58,1,False,53,0.49473193018495304,bet365,0.5235602094240838,0.4932502596053998,True,0.4921875,1.5,44.5,False,-0.021073059058375154,0.338016396908273,3.523320335910288,-1.6746565401875273,0.5340857512675683,216.19594901845335,56.296854493126034,0.7133776882427059,4.908546826140132,0.6435413364683242,-1.1420884963447886,0.07245540024299757,1.0868055555555562,0,1,0,0,0,0,0,0,96.9635555372555,-5.069708303790833,25.752966851472877,73.04914869308504,3.2311482964884135,-17.096720786151877,0,0,-1,-1,-73.98499333575042,0,0,0,0,0,-0.549177332289472,0.014615011990488314,-0.04881640930562238,0,0,-0.07631228178511941,0.4728650505043526,0.13312160733434822,0.09431067947124142,-1.5,42.5
20231110680,2023,6,Round 6,2023-04-10 06:00:00+00:00,Wests Tigers,Eels,Accor Stadium,22,28,-6,50,0,False,53,0.26151705689662824,bet365,0.24804687499999997,0.22303473491773307,True,0.2234432234432234,12.5,46.5,False,-1.0380984965108653,-7.152420952821426,7.045214211844609,-4.841392258111554,-2.825468454836198,-175.91419378606042,-61.114314314171565,-0.37443072781555653,3.9913344781082998,1.9616614042973364,0.708585201373757,-0.6151823065692454,-1.9826388888888893,0,0,1,0,0,0,0,0,-25.78835412407784,-27.368027041908704,6.571513045332381,-24.232123853699406,19.240283726197873,-8.936831533479904,1,0,-1,-2,-44.472197322938214,-1,-1,1,0,0,-1.8193414559034735,-0.2157539271547337,-0.19278138951357518,0,0,-1.0983048797862047,0.7210365761172686,0.17331772578642105,-1.1090562478291932,10.5,44.5
20231110710,2023,7,Round 7,2023-04-13 09:50:00+00:00,Dolphins,Rabbitohs,Suncorp Stadium,14,36,-22,50,0,False,6,0.48103076952229845,bet365,0.3181818181818181,0.26,True,0.2504930966469428,11.5,46.5,False,-0.07591335727765966,-1.5743551711707333,6.167022935141521,6.432567137365538,-0.9014625110733832,-266.4518329352172,-61.4296039231989,-1.36839760947705,-3.93560030052317,-3.8283017356531204,0.9323675134923111,9.424138460921,-0.16319444444444464,0,1,0,0,0,1,0,0,-73.33677718418483,-58.06160260235549,-22.352250926666073,-6.606541823101793,13.68361816793852,-16.745406882304593,0,0,1,2,61.353388691933105,1,0,0,-1,0,-1.182599813355704,-0.11949718788563199,0.009199576415459654,0,0,-0.21322155432339185,0.9693782590323123,-0.24585008993308,-0.7621400520468969,7.5,44.5
20231110720,2023,7,Round 7,2023-04-14 08:00:00+00:00,Sharks,Roosters,PointsBet Stadium,22,12,10,34,1,False,55,0.5577638987253198,bet365,0.4444444444444444,0.4274809160305344,True,0.41878172588832485,3.5,43.5,False,0.23209184703484156,9.401843212172064,1.4402644907637239,2.6431079288679484,3.034944011985843,179.51509212921655,48.917309505383855,1.6371515056413308,6.438983395695942,0.526911264600006,-0.23254657221202812,1.144052691994272,4.15625,0,0,0,0,0,0,1,0,-3.611456621104253,16.312203110201665,-8.305161675043081,7.71935167165293,-19.337849727915923,20.449813257429923,-1,0,1,0,52.532133879689695,1,0,0,0,0,0.7394288730142888,-0.0002021925345143949,0.08981767878685248,0,0,0.8113148293440564,0.07188595632976733,0.333173685594244,-0.22314355131420985,2.5,40.5
20231110730,2023,7,Round 7,2023-04-14 10:00:00+00:00,Sea Eagles,Storm,4 Pines Park,18,8,10,26,1,False,56,0.42308646927702726,bet365,0.5235602094240838,0.36714975845410625,True,0.35731414868105515,5.5,44.5,False,-0.3101158179289499,-2.556711455470552,14.636081660831763,-3.8322975693913577,-3.3721684615477514,-104.2836158661728,37.017065162869244,-0.71360351283086,-5.5141033041931315,0.3130110129487651,0.9283188375068496,4.166200225540798,-1.9027777777777777,0,1,0,0,0,0,0,0,-59.24615620468444,-56.716087632462916,-8.66826326581824,11.251125655947334,-5.112930962350518,-17.662660827155804,0,0,1,3,76.16533714368867,0,1,2,2,0,-1.6514142575670518,-0.29897829507371365,0.01236944851349095,0,0,-0.14951632102188966,1.5018979365451628,0.32798020214559964,0.09431067947124142,-1.5,43.5
20231110740,2023,7,Round 7,2023-04-15 05:00:00+00:00,Warriors,Cowboys,Go Media Stadium,22,14,8,36,1,False,54,0.4915935265737747,bet365,0.4764397905759163,0.5,True,0.4896373056994819,-1.5,42.5,False,-0.0336290626442596,3.5137440870403687,2.778006899325291,3.7458485649985676,0.09505839030340724,-61.27730286683709,24.816561983177564,-0.18827167376558318,-5.162006006751838,-2.1470174676229963,-0.04140418697457626,-5.6295755574501385,-1.927083333333334,0,1,0,0,0,1,0,0,-5.282685935188738,-12.942652357304041,48.58964959208825,-8.14039717764635,-32.789285992326654,15.369779782026967,2,0,1,1,30.324182804471178,-1,0,0,0,0,-0.5441331234288179,-0.22131395114778302,-0.01441927165551446,0,0,-0.03590326581674169,0.5082298576120761,-0.31615921335542646,-0.09431067947124093,1.5,40.5
20231110750,2023,7,Round 7,2023-04-15 07:30:00+00:00,Knights,Panthers,McDonald Jones Stadium,15,16,-1,31,0,False,55,0.25247729610772884,bet365,0.19093851132686082,0.15966386554621845,True,0.16165951359084407,16.5,44.5,False,-1.0854433496359586,-6.813929906523946,11.335309432104857,-2.4228455040034476,-4.15431095259089,-282.71857442520377,-43.8782503411951,-1.2022995154090346,-3.381684828537878,0.6237648979033583,-1.7571948215400477,4.541194580443747,-1.03125,0,0,0,0,0,1,0,0,-50.72249671268082,-39.14123113850442,-18.11561781359424,14.757200949154537,-8.222848709736809,-20.681701305325447,1,0,0,0,-12.655217570026991,-1,0,0,0,0,-3.0226634654303663,-0.058513289636094035,-0.07647028288954583,0,0,-1.038238592862007,1.984424872568359,0.09876618953774696,-1.4439234739565272,14.5,44.5
20231110760,2023,7,Round 7,2023-04-15 09:35:00+00:00,Titans,Broncos,Cbus Super Stadium,26,43,-17,69,0,False,54,0.43938394398602876,bet365,0.25447316103379725,0.2758121249741361,True,0.2761506276150628,8.5,46.5,False,-0.24366266057381863,-3.229713474468916,6.590907353834048,0.7789506095442675,-2.3829220124038386,-141.1197264715397,-83.6507055737809,-0.04637835056933337,1.7993620431731543,-0.9761637742954168,0.13099553726969226,5.489641733826225,-0.854166666666667,0,0,0,0,0,0,0,0,-34.15327812953194,-16.515398232133634,-5.7493627939303735,-14.182619667930851,2.2941025644629605,-19.042833971154067,1,0,1,0,9.42387541856382,0,0,-1,0,0,-1.8973930282123603,-0.004528806263133234,-0.11470791011076079,0,0,-0.6860202803139974,1.211372747898363,0.273168682361251,-1.0748957620507935,10.5,43.5
20231110770,2023,7,Round 7,2023-04-16 04:00:00+00:00,Raiders,Dragons,GIO Stadium,20,14,6,34,1,False,53,0.626320585923521,bet365,0.6265356265356266,0.6682027649769585,True,0.6728110599078342,-6.5,42.5,False,0.5164641098904711,-4.765001203427957,2.458616813339784,-4.389850399196007,-4.490471846209829,-93.8347796067626,-21.603190102748556,-1.351077110140138,-6.563107200810272,1.04863563172524,-2.0612553769630715,2.094598131173889,0.8541666666666661,0,1,0,0,0,0,0,0,28.936051508055243,6.013290067237165,17.64112128700367,-3.929293461115975,9.21093361493044,1.6657113372727395,0,0,0,-3,-98.76549761894233,0,0,-1,1,0,-0.09163708380445407,0.04133766213457063,0.060340946274703974,0,0,-0.37654757793630395,-0.28491049413184993,0.15958263833249164,0.5173830243121499,-5.5,42.5
20231110780,2023,7,Round 7,2023-04-16 06:05:00+00:00,Eels,Bulldogs,CommBank Stadium,30,4,26,34,1,False,54,0.7188654589655403,bet365,0.6109725685785536,0.7400000000000001,True,0.7367346938775509,-10.5,44.5,False,0.9388408693057738,6.361340513684688,-3.892583753847731,1.3268545316659157,-0.09054884846890587,92.44506977376864,104.83514917464379,0.6795651487813514,-3.9382682604575763,0.07905390331055706,-3.1359692848045837,-1.2891347770007542,-2.9965277777777777,0,0,0,0,0,0,0,0,58.298092095328684,18.475123600464286,43.46375422234459,5.774195769598322,-9.414981497078529,-2.7738290762997337,1,0,-1,1,3.6815516413871734,-1,-1,0,-2,0,1.3517168743032957,0.1725378385285729,-0.07725047437393251,0,0,0.9854275411043624,-0.3662893331989333,-0.03937685386046552,0.45140220329519004,-4.5,42.5
20231110810,2023,8,Round 8,2023-04-20 09:50:00+00:00,Rabbitohs,Panthers,Accor Stadium,20,18,2,38,1,False,61,0.4857595566402175,bet365,0.3452380952380952,0.3765281173594133,True,0.37745098039215685,4.5,37.5,False,-0.05697718266073473,0.343712349016581,2.137391962135201,-3.3133027848882506,-3.1976349633966876,-120.52168145378937,24.587864788377942,0.5218371595745275,-2.3204439063572266,1.1093938560680758,-2.5041870400630915,0.9187595869465994,1.9027777777777777,0,0,0,0,0,-1,0,0,-33.75668641998914,11.738048398975849,-26.270835575678745,-16.200576290976784,-3.0233229523095133,8.220301550399085,0,0,0,1,33.663120517076116,1,0,-1,1,0,-0.9777232870969406,-0.08816998481996818,0.11635107272706861,0,0,-0.3411875325394079,0.6365357545575333,-0.7727392186377927,-0.6400373552459971,6.5,39.5
20231110820,2023,8,Round 8,2023-04-21 10:00:00+00:00,Eels,Broncos,TIO Stadium,16,26,-10,42,0,False,55,0.5018637250732323,bet365,0.5555555555555556,0.4177215189873418,True,0.4271099744245524,2.5,43.5,False,0.007454934819058369,-5.149210880887168,-1.9540777980978064,1.4452345383736542,-1.4783499166675185,-101.59125315458732,15.613107565235794,-1.3695099617147695,-12.344775748862531,-1.2720925546828283,-1.4391104741736855,4.78011177536759,-0.8541666666666661,1,1,1,0,0,1,0,0,26.516676881314083,12.561038612641426,12.478205040940054,-4.675395951314869,6.152829179047444,-12.30986277204181,1,0,0,1,11.904891474685883,-1,0,0,0,0,-0.8087260063989002,0.25841587007806055,-0.17877821720672496,0,0,-0.5803863616029652,0.22833964479593466,0.8160726761197281,0.22314355131420993,-1.5,43.5
20231110830,2023,8,Round 8,2023-04-22 07:30:00+00:00,Bulldogs,Sharks,Accor Stadium,20,33,-13,53,0,False,55,0.35171048657387394,bet365,0.3181818181818181,0.1715976331360947,True,0.15804195804195803,14.5,42.5,False,-0.6115290207038737,-13.435825138694351,8.228370504150622,-2.479795735983842,-4.031498196800314,-298.8361887892845,-129.51757959438214,-3.691255094326653,-10.20548047649611,-0.8598530155038286,3.7110912989004836,1.4553554041632495,-1.9201388888888893,0,0,0,0,0,0,0,0,-29.060978594104313,-23.43739998050586,-3.2302033107932573,-16.267072810408308,13.873697507603083,-15.355941475872498,0,1,-1,-1,-57.27102012980201,0,2,0,1,0,-2.764717642807723,-0.0011323114481396335,-0.2207668864630428,0,0,-1.8083423073273315,0.9563753354803914,-0.044734943060336985,-0.7621400520468969,7.5,41.5
20231110840,2023,8,Round 8,2023-04-22 09:35:00+00:00,Cowboys,Knights,Queensland Country Bank Stadium,18,16,2,34,1,False,56,0.6646911103529749,bet365,0.6547619047619047,0.5822784810126582,True,0.5862944162436549,-3.5,41.5,False,0.6842702713965362,-5.008805162635095,-0.026801017839641617,3.5257492597905724,3.37389413383044,49.09809948730549,-38.612265953864494,0.4235727831781171,-6.286601233003857,-0.019243307038841806,1.0204358969944884,10.310688969483266,0.10416666666666696,0,1,0,0,0,0,0,0,-81.60483421884499,-3.6538420687920734,-53.06214600711101,-39.43184108496774,14.54299494202587,-22.705449036925785,0,0,0,0,13.519223209367269,1,0,-2,-1,0,0.10675586272975476,0.027274000207598764,0.04052041128876957,0,0,-0.2725492322828755,-0.3793050950126301,-0.36775843537696007,0.6400373552459965,-6.5,40.5
20231110850,2023,8,Round 8,2023-04-23 04:00:00+00:00,Dolphins,Titans,Suncorp Stadium,28,26,2,54,1,False,7,0.6859585956978843,bet365,0.5670103092783505,0.5324675324675325,True,0.5414507772020726,-2.5,47.5,False,0.7812924317287069,-2.171208920504707,-2.7177481477785506,5.909804092100174,1.3492986138021763,-48.92680491617216,48.25497591117016,-0.8880494055339758,-2.7939492183222505,-2.780327032485677,0.9777168655973183,-1.260513606674749,1.989583333333334,0,0,0,0,0,0,0,0,-28.846844347780348,4.168556312960021,-23.907264446371244,0.9516582529732887,-10.059794467342456,12.043873370183036,-1,0,-1,-1,-7.28457840359259,1,-1,0,-1,0,0.48366035660490164,-0.09696102628056635,0.11798715952947218,0,0,-0.08034203810219773,-0.5640023947070993,1.6365231853640305,0.2696635669491026,-2.5,44.5
20231110860,2023,8,Round 8,2023-04-23 06:05:00+00:00,Wests Tigers,Sea Eagles,Campbelltown Sports Stadium,16,22,-6,38,0,False,54,0.3573364259191787,bet365,0.3452380952380952,0.2409867172675522,True,0.2423076923076923,11.5,44.5,False,-0.5869436668261445,-3.606807925491811,6.6791040763227585,-5.683514716003657,0.29443369928993945,61.46509654620422,-35.634243641443504,0.6134260947111363,2.1792857605840332,2.4036973433204256,-1.1090913156320932,-2.3150116907366787,4.166666666666666,0,0,0,0,0,0,1,0,12.68010881920145,-8.823108517949294,20.9626397177,0.33751605009962304,0.20306156935113506,-5.901645936804641,1,0,0,-2,-14.76852283783208,0,-1,-1,-1,1,-1.3301836434684517,0.11428012639851423,-0.2878492589663693,0,0,-0.8434776446470654,0.4867059988213865,0.5081047617189955,-0.6400373552459971,6.5,43.5
20231110870,2023,8,Round 8,2023-04-25 06:05:00+00:00,Roosters,Dragons,Allianz Stadium,27,26,1,53,1,False,54,0.6908840620778596,bet365,0.7619047619047619,0.8150470219435736,True,0.8125000000000001,-12.5,42.5,False,0.8042556167219493,-3.167526807187631,-0.6409742451811553,3.017392493417475,-3.481577832560532,-136.21065661316607,45.59467552709606,-0.5779987782296683,-9.002007951035019,-0.775860551918873,1.3107111323866674,-2.872382509763476,1.833333333333334,0,0,0,0,0,0,0,0,30.05093646252851,16.645476553866644,14.565408170803892,-10.283087270870325,9.123139008728316,-11.963917625806943,1,1,0,1,22.880918096566177,0,1,0,2,1,0.5187212622257237,-0.07917911160400279,0.23205551756779827,0,0,0.015790184960524867,-0.5029310772651989,-0.1827186983628749,1.1631508098056806,-11.5,41.5
20231110880,2023,8,Round 8,2023-04-25 09:00:00+00:00,Storm,Warriors,AAMI Park,30,22,8,52,1,False,55,0.7046806822539237,bet365,0.7619047619047619,0.7590132827324478,True,0.7664783427495293,-11.5,42.5,False,0.8696875632648566,-3.6920242743964913,-5.953154487677608,-1.4125698242170301,2.5031944688176324,97.2671876603547,32.63332519953195,-0.486828165449698,-4.105037923866082,0.6378860426228652,-0.04820751306281501,4.667962242054948,0.7916666666666679,0,1,0,0,0,0,0,0,2.328010342567495,46.84459281469617,-22.065946101348345,-15.203690571804145,-7.246945798976228,-0.9207847708513839,1,0,0,0,9.022387186358259,-1,0,3,3,0,0.868534419649323,0.010018094671263494,0.08605405439872475,0,0,0.04296349886016693,-0.8255709207891557,-0.9638325957744613,1.1631508098056806,-11.5,42.5
20231110910,2023,9,Round 9,2023-04-27 09:50:00+00:00,Sharks,Cowboys,PointsBet Stadium,44,6,38,50,1,False,57,0.6802748012649983,bet365,0.7619047619047619,0.7590132827324478,True,0.7717996289424861,-10.5,42.5,False,0.7550349631429651,10.531849317391043,-0.5343470108381183,-3.10395342205679,1.863044948538331,35.69088859257272,91.96448041025496,1.4244885653465014,8.517411493338045,1.9492131410241882,-1.9484806752313482,-11.207595021871853,0.08680555555555536,0,1,0,0,0,0,0,0,45.93907640079851,21.392605375699077,40.92164817490695,10.024399676932973,-26.399576826740542,24.62534392172185,0,0,0,0,18.67571121834105,0,0,0,0,0,1.5449125364042977,0.0287158201853753,0.08666356848688461,0,0,1.4650666166586146,-0.07984591974568295,-0.20170665236884583,1.1631508098056806,-12.5,40.5
20231110920,2023,9,Round 9,2023-04-28 08:00:00+00:00,Eels,Knights,CommBank Stadium,43,12,31,55,1,False,57,0.7163171841006316,bet365,0.7153534059363656,0.6411483253588518,True,0.6532066508313539,-6.5,42.5,False,0.9262662948216389,1.6231034458724025,-0.8253605174770762,0.15685752947146625,0.28590487883082005,11.860146118591956,14.746809699590926,-1.5832614789527835,-15.47604904429334,0.34121265722358807,-1.1075782316352365,10.171653624099772,0.9826388888888893,0,0,0,0,0,-1,0,0,-87.04062086271847,7.668596052554307,-19.12665802967615,-39.79573301530439,-35.786825870292205,-8.483708176735263,-2,0,0,0,26.633732413981264,0,1,2,3,0,0.8001217272190264,0.07766064499245523,0.07702948423679684,0,0,0.5038099287580289,-0.2963117984609973,-0.07516428052304655,0.9215283046404038,-9.5,40.5
20231110930,2023,9,Round 9,2023-04-28 10:00:00+00:00,Broncos,Rabbitohs,Suncorp Stadium,6,32,-26,38,0,False,56,0.49277262523679916,bet365,0.5670103092783505,0.39205955334987597,True,0.39303482587064675,4.5,42.5,False,-0.028911512753415913,3.0893116285738706,2.173960708264005,-1.255157755672954,-0.20793803979213976,0.8803165402873674,-26.640747257681824,-1.7952806587551793,5.600289062221847,0.6532244306746122,0.2819226348910062,-4.479991950796208,-1.0069444444444446,0,1,0,0,0,0,0,0,-69.86155411971401,-49.494057577404845,-22.331876988483117,1.1173764339115166,0.8470040122624312,-11.73966908182473,1,0,0,-1,-0.3611700898476613,1,1,-1,2,0,-0.040368386321144145,-0.20944353739965638,0.03578445631387267,0,0,0.4050441919154376,0.44541257823658154,0.04976811430514694,0.2696635669491026,-2.5,42.5
20231110940,2023,9,Round 9,2023-04-29 05:00:00+00:00,Raiders,Dolphins,McDonalds Park,31,30,1,61,1,False,8,0.5112279471554952,bet365,0.6547619047619047,0.6,True,0.6015037593984962,-4.5,43.5,False,0.04491934008735803,-4.448418282748911,-4.077737787332975,-6.907011494694174,-3.974925858432293,-199.6539165076856,-93.09754598959171,-0.8004352402445867,-0.3494263038138783,3.5715615959412634,-0.7395649119458971,3.012561444494146,6.999999999999999,1,1,1,0,0,0,1,0,18.799020869513697,-2.4212267951940305,29.105292375363348,-18.511642148211138,10.626597437555517,0.03218634353373773,0,0,0,0,-15.148954401397063,-1,1,0,0,0,-0.04275943995722287,0.04954044190498841,-0.10803851016366216,0,0,-0.549041988246761,-0.5062825482895382,0.3040590178840059,0.6400373552459965,-6.5,43.5
20231110950,2023,9,Round 9,2023-04-29 07:30:00+00:00,Sea Eagles,Titans,4 Pines Park,10,26,-16,36,0,False,56,0.6855422318455097,bet365,0.7017543859649122,0.6157635467980296,True,0.6163366336633663,-4.5,42.5,False,0.7793603198389012,-3.379894435182358,-7.605489185960717,-1.5668677592729807,-0.2940446229470268,-139.9813423793919,23.136948593823433,-1.8766203157451762,-6.966018415983989,2.264566716696237,0.34343751067797434,-4.911831626175005,-0.08680555555555536,0,1,0,0,0,0,0,0,-15.477828144426667,-4.315141200667938,-19.08019550123899,-10.845262889038978,18.762771446519196,-16.944308821787104,2,0,-1,-1,-14.846389903312925,1,1,-1,4,0,0.7412551917256376,-0.07520667817040114,0.0893697418713256,0,0,-0.11176067461614876,-0.8530158663417862,1.6382034477930176,0.8556661100577201,-8.5,45.5
20231110960,2023,9,Round 9,2023-04-29 09:35:00+00:00,Panthers,Wests Tigers,Carrington Park,8,12,-4,20,0,False,55,0.8661600795668348,bet365,0.8641975308641975,0.8800880088008802,True,0.8772727272727272,-17.5,39.5,False,1.8674252786780279,8.881423256370862,-12.269492852749808,6.524369337244096,0.1996376536336939,164.01885509530803,24.562796606752556,1.08874270642352,5.119943313409749,-1.5413441600486504,-0.19291414521001915,-0.41169111104925804,2.843750000000001,0,0,1,0,0,0,0,0,43.02939975221955,36.605356443107326,9.791608563434806,5.420226062434068,-8.787791316756596,4.589701105447261,0,0,0,-2,-67.99206320806775,0,-1,1,-1,-1,3.611613107331501,-0.5250115003362696,0.7896961347131612,0,0,1.6249670856027245,-1.9866460217287762,-0.7464674597888536,1.850599969250988,-18.5,43.5
20231110970,2023,9,Round 9,2023-04-30 04:00:00+00:00,Warriors,Roosters,Go Media Stadium,0,14,-14,14,0,False,56,0.4312382074402374,bet365,0.40506329113924056,0.3372093023255814,True,0.31602708803611734,6.5,40.5,False,-0.27680108131565123,2.588348284247953,1.2987711894549676,6.281992449539686,0.9175685220173975,-15.447118560746503,-36.304341895682796,0.13106236928398118,-0.8863005806114614,-3.061512224199184,-0.9259839978230424,-9.774814603360745,-0.12152777777777768,0,1,0,0,0,0,0,0,1.1998666638703526,-5.648188070807038,5.300090929623423,16.763203150208227,-15.215239345154274,-1.6101597447533038,2,0,1,-3,-62.21999159723171,-1,0,0,-1,-1,-0.49914393204194646,-0.1671037886517582,-0.014178533975174075,0,0,-0.05172673087472749,0.4474172011672189,0.1620704017428805,-0.3844116989103319,4.5,42.5
20231110980,2023,9,Round 9,2023-04-30 06:05:00+00:00,Dragons,Bulldogs,WIN Stadium,16,18,-2,34,0,False,55,0.6524559902297149,bet365,0.5670103092783505,0.6557377049180328,True,0.6359223300970874,-6.5,41.5,False,0.6298523851915468,6.736147710236077,-5.827866965980093,1.0021717401658066,3.6139604230200817,161.0359650174562,18.334059280008432,1.479491793845673,15.7405614300243,0.36892231111825247,-1.7132534855050938,7.979482273390843,-2.9409722222222223,0,0,0,0,0,1,0,0,-22.95653067381295,-24.187865590847764,2.392552656366206,-14.40357744157214,13.242359702240748,-1.0296560598068822,-1,0,-2,-2,-57.65962678103722,-1,1,-3,0,0,1.1349946833875202,-0.1368939179303632,0.3636852599346024,0,0,0.7783367027984387,-0.35665798058908127,0.2571592170476362,0.2696635669491026,-2.5,40.5
20231111010,2023,10,Round 10,2023-05-05 08:00:00+00:00,Bulldogs,Raiders,Suncorp Stadium,30,34,-4,64,0,False,57,0.3424660260408179,bet365,0.39698492462311563,0.34426229508196726,True,0.35238095238095235,5.5,41.5,False,-0.6523239753969889,-6.142102751298596,1.0594682772373716,-5.411975213858128,-2.0810431484174714,-143.43655046681715,-90.06846543205938,-0.6218580561172509,-9.779655747083368,1.938913050970834,1.61478232480665,-0.4199168561132467,-1.0451388888888893,1,1,1,0,0,1,0,0,-56.72714694134288,6.047600719347713,-31.342866954234438,-12.594040185571458,-18.837840520884768,-9.303548368100905,0,0,2,1,20.965974905120504,1,0,0,1,0,-1.1783903096625792,-0.020501032057466062,-0.15422618790099943,0,0,-0.8440557734365632,0.33433453622601567,-0.15078019172980855,-0.41804389031502437,4.5,41.5
20231111020,2023,10,Round 10,2023-05-05 10:05:00+00:00,Sea Eagles,Broncos,Suncorp Stadium,6,32,-26,38,0,False,57,0.41368550850711266,bet365,0.33962264150943394,0.2570281124497992,True,0.24708171206225685,10.5,46.5,False,-0.34875027665657604,-4.926496562473158,0.1822698795011064,0.4999598401491454,-2.594478671056848,-189.98074254196354,-32.79820930389474,-0.196994959704766,-12.564881214342371,-0.17843039707390318,0.3513604439498996,2.0431675461090464,-0.895833333333333,1,0,1,1,0,0,0,0,-66.16014336578291,7.181072349574521,-26.52636568498187,-29.213040600502893,-17.601809429872674,5.363079769841448,0,0,0,3,125.87989447966692,-1,2,2,3,0,-1.5637124584623976,0.05886745223211193,-0.2040664741879248,0,0,-0.920044232105254,0.6436682263571436,0.646481979275608,-0.6649763035932491,7.5,44.5
20231111030,2023,10,Round 10,2023-05-06 05:00:00+00:00,Warriors,Panthers,Suncorp Stadium,6,18,-12,24,0,False,57,0.24332559965419853,bet365,0.23809523809523808,0.22586520947176686,True,0.2099827882960413,12.5,42.5,False,-1.1345325797501897,-4.2071840550921,6.721499601477646,0.24017930929370834,-0.8541548013574527,-211.49072084905742,-36.79841862005401,-0.6638372058036635,-4.414334023868488,-1.4803911077164784,0.2558350026522085,-0.6346269751202023,-0.7673611111111107,1,1,1,0,0,0,0,0,-39.6487201454587,-33.28441892903888,-23.946534042740097,-8.575735874393743,26.157968700714036,-2.8034757655618137,2,0,1,1,25.760857989504615,0,0,-1,0,0,-2.6298464535151576,0.12058419014305366,-0.32375453147779365,0,0,-0.9977829088500137,1.6320635446651433,-1.5733533272944615,-1.1631508098056809,11.5,40.5
20231111040,2023,10,Round 10,2023-05-06 07:30:00+00:00,Sharks,Dolphins,Suncorp Stadium,16,36,-20,52,0,False,9,0.6189676008511042,bet365,0.6341463414634148,0.7590132827324478,True,0.7475149105367793,-11.5,47.5,False,0.485168521554377,7.902815382806445,-11.84726815460793,-1.3252509059948778,4.524366032702474,177.76789120589956,36.04429742965169,2.159083657140009,4.810284891261876,2.4797494029206284,-0.9701575607161779,-13.214697152986421,1.7986111111111116,1,0,1,1,0,0,0,0,54.59178611422351,40.62243608161742,14.069003442209493,0.847891731353883,-0.9475451409573026,9.840756155813807,0,0,-1,-5,-142.57562201173263,-1,-2,-1,-2,0,2.4365766213227005,-0.20770439281423692,0.23356248887152575,0,0,1.1802591029067715,-1.256317518415928,1.7766801318765255,0.5500463369192725,-5.5,42.5
20231111050,2023,10,Round 10,2023-05-06 09:45:00+00:00,Storm,Rabbitohs,Suncorp Stadium,12,28,-16,40,0,False,59,0.4137883585370989,bet365,0.5,0.4805194805194806,True,0.47532467532467537,1.5,41.5,False,-0.3483262554301232,-5.573085185309015,4.161781764123335,2.4314339940995353,-1.5617638401702791,-77.55135215707469,-51.024985661994606,-0.6549447501663845,-4.1639739369052435,-1.4020956535883098,1.1013793067328619,0.8708332770245946,3.041666666666667,1,1,1,0,0,0,1,0,7.803347577205955,13.414809025893732,47.28074864974295,-32.355656204576405,-20.53655389385429,6.390904806356247,0,0,0,1,42.19724010466584,0,0,1,0,0,-1.3384019039380592,0.03901666909402135,-0.1254690359351866,0,0,-0.702575182329395,0.6358267216086647,-0.871943807325409,0.0,-1.5,41.5
20231111060,2023,10,Round 10,2023-05-07 03:50:00+00:00,Wests Tigers,Dragons,Suncorp Stadium,18,16,2,34,1,False,56,0.36489392059535136,bet365,0.3658536585365854,0.4573643410852713,True,0.4779220779220779,1.5,45.5,False,-0.5541853562852885,-5.128444398050609,0.15329397704558545,1.1669966349059422,1.794728976447594,131.64224139413773,47.97223577499608,-0.6008317994131844,-7.040129957082897,-0.08292309724761537,0.7056003742500554,-9.233105371308142,0.854166666666667,1,1,1,0,0,0,0,0,5.8890613246763905,27.950574614540102,-26.89248908158632,-15.498284188891262,20.32925998061394,5.842274958727643,0,0,1,2,82.77961524684584,-1,-1,0,-2,0,-0.6815282492224527,0.23385585363172046,-0.4331519354564124,0,0,-0.7751068199930055,-0.09357857077055276,-0.47008047250875973,-0.5500463369192716,5.5,42.5
20231111070,2023,10,Round 10,2023-05-07 06:00:00+00:00,Roosters,Cowboys,Suncorp Stadium,6,20,-14,26,0,False,59,0.6194308908682651,bet365,0.6818181818181818,0.7741347905282332,True,0.8075040783034257,-13.5,43.5,False,0.487133350577484,3.6999203534673413,-10.79576699417144,-3.5127028557212867,-1.1047288312138122,-32.95369915735182,91.10972015259318,-0.716163964126161,8.46616003325314,0.9028959518248545,-0.21664560905299357,-3.68182905789471,-2.7569444444444455,1,0,1,0,0,0,0,0,32.19002534748449,6.0928212732362965,33.88164507384002,-29.20005642889518,21.41561542930333,14.186945650314215,0,0,-1,1,27.539094412289174,-1,1,0,1,1,1.3572269669508286,0.05925495203482972,0.09559983229660832,0,0,0.5002779158207595,-0.8569490511300686,-1.2706768699963025,0.7621400520468965,-8.5,44.5
20231111080,2023,10,Round 10,2023-05-07 08:25:00+00:00,Titans,Eels,Suncorp Stadium,26,24,2,50,1,False,57,0.3610817032731191,bet365,0.3452380952380952,0.3317972350230415,True,0.30734966592427615,7.5,42.5,False,-0.5706723274737503,-3.8443215164821076,5.713781439931115,5.126684495561648,-1.0995743910602371,-70.3658790288332,-58.9231254246032,-1.2190467945221046,-1.045900841260682,-2.7387879729371196,2.064777770084858,-6.560683218545336,-0.9791666666666661,0,1,1,0,0,0,0,0,-38.351923510784104,-35.83292055957054,26.98034613991848,14.07769472900523,-43.57704382013716,-13.09569870392994,1,0,1,1,22.43212709918832,-1,-1,0,-3,0,-1.462825546522517,0.1338478420666369,-0.25098361184886536,0,0,-0.45801613895179993,1.0048094075707168,1.550291545937933,-0.6400373552459971,6.5,45.5
20231111110,2023,11,Round 11,2023-05-11 09:50:00+00:00,Storm,Broncos,AAMI Park,24,16,8,40,1,False,58,0.576793389920766,bet365,0.5555555555555556,0.5725190839694657,True,0.5688775510204082,-2.5,40.5,False,0.3096236262876564,-5.965117800003313,2.8431294701574785,2.4587578303124076,-1.9074139471664466,-73.9654130409142,-25.26236360668912,-0.6538989752437532,-7.83155743565775,-2.1102848702542083,1.2142899972117362,2.0505910911380845,-0.9861111111111107,0,1,0,0,0,0,0,0,28.40193490725312,48.59295595190784,-15.620057532414734,-30.385124016869142,25.814160504629243,-3.3846730560476885,0,0,0,1,31.44420700513695,1,0,0,1,0,-1.354280659868283,-0.09405890279380069,-0.0003719453283372396,0,0,-1.0881454798073493,0.2661351800609335,-0.14651748832484768,0.22314355131420993,-2.5,41.5
20231111120,2023,11,Round 11,2023-05-12 08:00:00+00:00,Bulldogs,Warriors,Accor Stadium,12,24,-12,36,0,False,58,0.525119073930861,bet365,0.4444444444444444,0.44102564102564096,True,0.4358974358974359,2.5,41.5,False,0.10056095371308897,6.781790238669823,7.669718779998661,-8.151320101678266,-1.2706132253979376,-139.6259943244272,-35.826632603918256,-0.8151519862069416,-11.971558760256173,2.6536029264694516,2.0408969913530317,-1.8739621823172996,0.875,0,1,0,0,0,0,0,0,-17.85609217707838,2.6599824922996618,-10.40143931096776,5.739929825308735,-15.854565183718961,2.3023221977500157,-1,0,2,1,-2.0059201661203048,1,0,-1,-2,0,-0.6240071600989319,0.052324912850675975,-0.11898214087822584,0,0,0.17055435772270378,0.7945615178216356,-0.4433689913525652,-0.22314355131420985,2.5,41.5
20231111130,2023,11,Round 11,2023-05-12 10:00:00+00:00,Panthers,Roosters,BlueBet Stadium,48,4,44,52,1,False,60,0.7026440017168608,bet365,0.6188118811881189,0.6516587677725119,True,0.6556603773584905,-6.5,37.5,False,0.8599202964353544,4.8971458986616785,-5.281289924802925,7.278439498228835,3.731319001998905,252.48974011629298,4.496655189996318,1.194099212963832,8.007024006532873,-2.7494717721408737,-1.0633433681306803,-2.4113963460165664,1.041666666666666,0,0,0,0,0,-1,0,0,82.10595437666552,41.07698237762719,30.407616444827312,28.79835646718402,-18.177000912972886,18.47151925586462,-1,0,0,0,14.911174906820918,0,0,0,-1,0,2.160652983447565,-0.01516883906557455,0.274775162201276,0,0,0.872814959528711,-1.2878380239188538,-2.5947268316508443,0.48450831544861767,-4.5,39.5
20231111140,2023,11,Round 11,2023-05-13 05:00:00+00:00,Rabbitohs,Wests Tigers,Accor Stadium,20,0,20,20,1,False,57,0.8717191113426713,bet365,0.8270676691729323,0.8457374830852504,True,0.8352601156069365,-16.5,45.5,False,1.9162449497148362,11.886918698227326,-7.323577999895967,-3.97200645508255,-1.092617437430576,16.99151446051087,20.89204811874322,2.0809318325683153,-5.236342298682068,0.9531749387754989,-0.9818756717773756,1.6174898073898092,0.7534722222222223,0,0,0,0,0,0,0,0,-24.914097772979403,24.207147380359913,-38.578109631681826,12.501981675189,-23.045117196846633,-16.313637140431126,0,0,0,2,42.061817963444426,-1,0,1,1,0,3.4863610651305317,-0.24502659026254658,0.21134671566336072,0,0,1.986891882977703,-1.4994691821528292,-1.2425511063095969,1.5649861498632662,-15.5,45.5
20231111150,2023,11,Round 11,2023-05-13 07:30:00+00:00,Cowboys,Dragons,Queensland Country Bank Stadium,42,22,20,64,1,False,57,0.656315952727644,bet365,0.586734693877551,0.6682027649769585,True,0.688195991091314,-6.5,41.5,False,0.646919540158211,-2.9166802842505923,0.22985753039171897,3.5154118406090333,-0.742095234468465,2.5577965507445697,-16.12404372156942,-0.4746054695854198,-12.348280472380168,-0.9451664057928539,0.3583587923216234,1.2565606573287837,-0.09027777777777768,0,1,0,0,0,0,0,0,-7.399857922283104,34.576475846655,-41.3072216601241,1.8701690440794891,-2.539281152893466,-1.5689494486787794,-1,-1,1,0,-15.216764766229502,0,0,-1,0,-1,0.07451500591002375,0.13550754762608946,-0.025822066577518954,0,0,-0.3785346697170061,-0.45304967562703,-0.8373653881655301,0.35048297369081105,-3.5,41.5
20231111160,2023,11,Round 11,2023-05-13 09:35:00+00:00,Raiders,Eels,GIO Stadium,26,18,8,44,1,False,59,0.5665458883620607,bet365,0.39698492462311563,0.5725190839694657,True,0.5889724310776941,-2.5,44.5,False,0.26777214536340477,-1.6377057903272991,5.943305602121093,4.495732365462516,0.35467806323575246,-244.62660747938958,-21.114764688950686,-1.8768186804445062,1.9339971965989022,-1.5146374727130691,0.6783128346353422,-5.486103022132582,2.0173611111111107,0,1,0,0,0,0,0,0,17.582939980987362,1.9524629123994828,36.70565847136379,14.550375700702148,-35.62555710347807,33.978132089091474,-1,-1,0,-3,-112.74566765196033,0,1,0,0,-1,-1.0481458122574363,0.27835661483670104,-0.2639900175901009,0,0,-0.44445152777870595,0.6036942844787304,1.353917759916882,-0.41804389031502437,3.5,42.5
20231111170,2023,11,Round 11,2023-05-14 04:00:00+00:00,Knights,Titans,McDonald Jones Stadium,46,26,20,72,1,False,58,0.5106745698485311,bet365,0.5235602094240838,0.5426356589147286,True,0.5400516795865633,-1.5,47.5,False,0.04270476825806002,-6.586291933386711,3.629207088317713,-9.648325232543286,-0.1820009409219665,-96.00539958930608,67.43376370376075,-0.48929588197703033,5.547831129977531,2.7938822651120283,-0.7243286273226692,6.331309456399708,7.184027777777778,0,1,0,0,0,0,1,0,3.43877059553904,-17.701941656063667,-32.22492783920927,20.78836303689235,32.57727705391966,-26.20667222075599,1,0,0,2,57.41346519145455,0,0,-1,1,0,-0.8042030228012083,-0.14900124316455987,-0.04180038435498824,0,0,-0.8294866332203561,-0.02528361041914784,1.552460669223223,0.09431067947124142,-1.5,45.5
20231111180,2023,11,Round 11,2023-05-14 06:05:00+00:00,Sea Eagles,Sharks,4 Pines Park,14,20,-6,34,0,False,59,0.42064685256590256,bet365,0.40506329113924056,0.3689320388349514,True,0.363855421686747,4.5,45.5,False,-0.32011856646930775,-13.808367871374356,3.700695652501853,-1.475920983721707,-4.38655922377,-249.11958497760202,-55.147985000705035,-3.004017129921169,-6.339152678909841,1.0504415474256472,0.3486167887593128,5.759750637712514,0.8923611111111116,0,0,0,0,0,0,0,0,-82.08666497747572,-28.708660004120475,-29.22739748262657,-16.983890460491608,-7.1667170302369385,-7.105539461546272,0,0,0,1,38.90193268552001,0,-1,-1,-2,0,-2.4448529708262914,0.1692819063641906,-0.4508574140594534,0,0,-1.6799622691401166,0.7648907016861752,1.011806056357432,-0.3844116989103319,3.5,45.5
20231111210,2023,12,Round 12,2023-05-18 09:50:00+00:00,Broncos,Panthers,Suncorp Stadium,4,15,-11,19,0,False,59,0.4065806691682838,bet365,0.5,0.28723404255319146,True,0.2982456140350877,7.5,39.5,False,-0.37811892628120997,-5.153699336469181,9.770131443592463,-5.818024688366918,-3.7686245884802503,-212.7562573660423,-34.565280448869316,-0.5500717832889235,-2.224083511882199,0.7925624893306278,1.6816182446856303,-7.2193953415681165,1.0069444444444446,0,1,0,0,0,-1,0,0,-73.42592518603942,-57.31688446172967,-13.219935779922992,-2.1720523241330056,-0.7170526202536962,-21.484965753264987,1,1,0,-1,-21.972620101640466,0,0,0,1,1,-1.758005692191999,-0.20666165522590263,0.08070353509481362,0,0,-0.21052536621711415,1.5474803259748837,-0.9552565094637329,0.0,-1.5,39.5
20231111220,2023,12,Round 12,2023-05-19 08:00:00+00:00,Dragons,Roosters,Netstrata Jubilee Stadium,24,22,2,46,1,False,58,0.4223985649246715,bet365,0.3181818181818181,0.34834123222748814,True,0.33488372093023255,6.5,41.5,False,-0.3129347371700709,8.195628594124226,0.7724318630729812,-0.10656822506702213,4.48146028544371,152.94529795219864,-12.4775810930592,-0.39764713186441325,4.13338399391791,-0.9283994814871726,0.5484404590830199,-2.2843652359008146,-0.8958333333333339,0,0,0,0,0,0,0,0,-19.220066148249657,19.363525472158585,7.499784457664077,24.077655666862796,-70.16103174493506,48.00658203365447,0,0,0,2,65.9979371586882,0,1,0,0,0,0.011321933059968536,0.1844335169247857,-0.15889119910550892,0,0,0.5908050998719356,0.5794831668119671,-0.20388433470910947,-0.7621400520468969,7.5,41.5
20231111230,2023,12,Round 12,2023-05-19 10:00:00+00:00,Rabbitohs,Eels,Allianz Stadium,16,36,-20,52,0,False,65,0.6773747219362679,bet365,0.6818181818181818,0.7241878750258639,True,0.7182203389830509,-9.5,43.5,False,0.7417331034668151,1.0400287903175105,-12.485179923331888,5.704702811216279,2.445612029460783,-11.076111516507353,7.569538368262897,-0.23622894523843652,4.3995135000395535,-0.7015883091060058,-2.0888122695423066,-8.424646773285325,0.19097222222222232,0,0,1,0,0,0,0,0,-6.117467353337588,14.508441115767369,2.436629156636627,6.9741242201000375,-30.03666184584165,-13.595425258366532,-1,-1,0,0,-14.248048997819296,0,-1,0,-1,0,2.1437148824442613,0.0986314107253522,-0.10547388232217703,0,0,0.31043226231400856,-1.8332826201302521,-0.4138533590107466,0.7621400520468965,-7.5,43.5
20231111240,2023,12,Round 12,2023-05-20 05:00:00+00:00,Sharks,Knights,C.ex Coffs International Stadium,26,6,20,32,1,False,59,0.7044991188292893,bet365,0.7519531249999999,0.7049891540130152,True,0.6933333333333334,-8.5,48.5,False,0.8688152617564586,-0.5066914059222505,-7.470881398676045,3.060005402553344,1.7158649051928663,193.1485522491796,-12.55946707877763,2.0154056806032408,-7.279529220144553,0.40586444756647033,1.9795308725445162,-8.712211884342189,-0.08680555555555625,0,0,1,0,0,1,0,0,3.2214352599166887,29.62809789171672,9.67381198011023,-33.156457262453955,-2.92401734945625,3.563356399961549,0,0,0,1,58.507051241381426,1,0,1,2,0,1.9102167532968561,-0.15758883791088762,0.25796109356665003,0,0,0.7470194790186453,-1.1631972742782106,1.6363221830271488,1.1090562478291923,-9.5,47.5
20231111250,2023,12,Round 12,2023-05-20 07:30:00+00:00,Wests Tigers,Cowboys,Leichhardt Oval,66,18,48,84,1,False,58,0.3504979239451735,bet365,0.40506329113924056,0.44102564102564096,True,0.43444730077120824,2.5,42.5,False,-0.6168512491613194,-12.125046938826419,-1.0655645742361344,5.227255131659831,2.670235869746648,-3.927894784134878,101.82953927815981,-2.3348898683640797,3.3099299511476197,-1.4080051679273584,-0.22250098724500944,-6.547086883453286,0.10416666666666696,0,1,0,0,0,0,0,0,-18.45762445300727,-13.650960519533271,3.1585869496808527,-21.697416631666485,13.732165748511605,-2.9105200446282424,0,0,-1,-3,-78.94748597744021,-1,0,0,-1,0,-1.5093876998671885,-0.08170656563832679,0.10310728794434693,0,0,-1.3689188723443382,0.14046882752285034,-1.7487804659548436,-0.3844116989103319,4.5,43.5
20231111260,2023,12,Round 12,2023-05-20 09:35:00+00:00,Dolphins,Storm,Suncorp Stadium,16,24,-8,40,0,False,10,0.5161808259731216,bet365,0.3658536585365854,0.34426229508196726,True,0.3302540415704388,6.5,42.5,False,0.0647459124994155,7.536284139103575,5.1046420914266974,-0.14189687429094988,-1.280618216693199,-63.523977427427326,-1.9325249389282817,0.8737253067165023,3.656123460403041,-1.4740726773364727,-2.0179131277555538,2.179058507782983,5.010416666666666,0,1,0,0,0,0,1,0,14.082892599051775,-43.648280775143036,4.465169906727283,33.747524952781646,19.518478514685896,15.933982016108956,0,0,0,1,20.583435443015787,1,1,0,3,0,-0.33707087086187226,0.12576079190577372,-0.07062936354176622,0,0,0.6699252572304614,1.006996128092334,0.6018894736271551,-0.5500463369192716,5.5,42.5
20231111270,2023,12,Round 12,2023-05-21 04:00:00+00:00,Bulldogs,Titans,Accor Stadium,20,18,2,38,1,False,59,0.5052323214824596,bet365,0.5107273678702251,0.4805194805194806,True,0.4689119170984456,1.5,47.5,False,0.02093004996003646,-7.56661701085444,-3.1906557753695033,-1.8799155090674873,0.4872859852922531,-99.89179689241291,14.047953789802534,-0.9542639868456404,-2.217427974787867,0.8557186541375792,1.8875727159241187,1.7858276180849444,1.833333333333334,0,1,0,0,0,0,0,0,8.197020230565045,24.050583375399327,-36.11586827098782,-10.76016247232306,31.02246759847668,18.97325858240771,1,0,1,2,42.7854069169602,1,0,0,-1,0,-0.7802119349212169,0.10975964819140083,-0.05885755308230422,0,0,-1.270260241658911,-0.49004830673769373,1.752866748812684,0.042916057124405785,-1.5,45.5
20231111280,2023,12,Round 12,2023-05-21 06:05:00+00:00,Raiders,Sea Eagles,GIO Stadium,14,42,-28,56,0,False,60,0.6885395017972301,bet365,0.586734693877551,0.6079404466501241,True,0.6044776119402985,-4.5,44.5,False,0.7933001715916909,11.457740965457653,-0.026576475869351412,4.0937116989042295,4.157659538765834,30.128798236208013,84.56067354601964,-0.11635524256381524,4.739400181881482,-2.2649245630837775,0.5362123786765656,-5.760923393309547,0.854166666666667,0,1,0,0,0,0,0,0,70.63610446414737,-1.5747340292336673,48.12116351488126,22.70154112837352,1.3881338501262945,10.290249946239584,0,0,-1,-4,-129.13525144879767,-1,0,-2,-2,0,0.8040140895832991,-0.2433807044647452,0.34267631319124964,0,0,0.7868664846356366,-0.017147604947662487,0.4203778064871211,0.35048297369081105,-3.5,44.5
20231111310,2023,13,Round 13,2023-05-25 09:50:00+00:00,Dolphins,Dragons,Kayo Stadium,26,12,14,38,1,False,11,0.6773473259545613,bet365,0.5769230769230769,0.6516587677725119,True,0.6588785046728972,-6.5,44.5,False,0.7416077461078658,3.629472852332963,-1.2116745479187685,5.358419722405131,-2.856673097975282,-86.11807080028393,84.16631508707826,0.7091944669024839,-0.3298036187146778,-1.7316896079189927,-0.6773892091495224,1.7657318918793123,-1.0659722222222223,0,1,0,0,0,1,0,1,53.17040359455211,36.81694851625247,-19.84422585470432,4.194345666339473,32.003335266664564,21.737509407780408,0,-1,1,1,-24.17767750455434,-2,0,2,-2,0,0.6319025066615295,-0.24554246894074133,0.4344471711699217,0,1,0.4890478301996561,-0.14285467646187333,1.2523062140948429,0.3101549283038393,-3.5,44.5
20231111320,2023,13,Round 13,2023-05-26 10:00:00+00:00,Eels,Cowboys,CommBank Stadium,24,16,8,40,1,False,62,0.6573651153527126,bet365,0.7519531249999999,0.8090614886731391,True,0.8160377358490566,-14.5,45.5,False,0.6515741912919658,5.885618712972359,-13.946998219980564,-0.285935309419159,5.602987723964105,238.672968309098,166.55920887377494,1.4402074184655191,2.18277588411695,0.10417925327837096,-0.6372652431434487,-10.894860381043536,0.895833333333333,0,1,0,0,0,0,0,1,16.028539523136033,22.62307715770754,9.036334057236957,4.976621466080417,-20.607493157888868,23.42317816708413,-1,0,-1,0,19.312049478307614,2,-2,-1,-1,-1,1.787620914377755,-0.4100598154630617,0.5827208108372706,0,-2,0.980907452474026,-0.8067134619037291,1.2164678012360421,1.1090562478291923,-12.5,45.5
20231111330,2023,13,Round 13,2023-05-27 07:30:00+00:00,Warriors,Broncos,McLean Park,22,26,-4,48,0,False,59,0.3871297407922121,bet365,0.6474820143884892,0.6787330316742082,True,0.671264367816092,-7.5,43.5,False,-0.45939338023649756,-0.991151242609849,-0.28923150531386455,3.5163825415528294,1.168230475514406,-66.69705258760564,-0.5015508820915784,0.04799723395771105,-4.054980906399187,-1.8158174688466033,-1.4103977749901553,10.23594239290287,5.097222222222221,0,1,1,0,0,0,1,1,75.46843763667096,4.14929917940259,69.68973207327835,-8.794545594208685,10.423951978198716,-0.3333386130758811,-1,-1,-2,-2,-158.85549812965988,0,-1,-1,-1,0,-1.3763921711401517,0.3152537149869033,-0.45653200805666616,0,-5,-1.0138151572617196,0.3625770138784322,-1.0886879370347826,0.6079893722196383,-6.5,42.5
20231111340,2023,13,Round 13,2023-05-27 09:35:00+00:00,Rabbitohs,Raiders,Accor Stadium,26,33,-7,59,0,False,61,0.7191589413074093,bet365,0.48927263212977506,0.5822784810126582,True,0.5714285714285715,-2.5,42.5,False,0.9402935102554548,0.5172173963121445,-12.031917089176396,-0.1373206274284371,-2.0259291948931946,110.73472007973442,-6.187694691572119,1.1153562026074963,-2.61973382476711,0.598170326512582,-0.9809438836706992,-6.157348194115745,1.8368055555555562,0,1,0,0,0,0,0,1,-11.453680980693889,18.367362156595135,-20.977880967414308,-12.078370618368695,3.235208448493978,-29.938595313630486,0,0,1,3,125.71693322780351,0,1,1,-1,1,2.2913082063757835,-0.5716074602649032,0.85194004517811,0,1,0.5187596371385994,-1.772548569237184,0.26597124527029037,-0.042916057124405056,1.5,42.5
20231111350,2023,13,Round 13,2023-05-28 06:05:00+00:00,Knights,Sea Eagles,McDonald Jones Stadium,28,18,10,46,1,False,60,0.4770736819839215,bet365,0.6416464891041161,0.7261410788381742,True,0.7265135699373695,-10.5,45.5,False,-0.09176962227836019,-1.654216408333923,5.6523154620635765,-2.3306564182923353,-1.3957406344387806,-8.779789883290277,35.107774954588706,-1.7028320525119227,7.984945707710317,-0.1319651908258681,0.04083672942773742,3.4476255103910987,1.0451388888888893,0,0,0,0,0,0,0,1,63.103322267995054,15.24834455662149,5.975629781632733,32.01690667177476,9.862441257966026,16.239154037157775,-1,-1,-1,-5,-172.7862560590334,0,0,-1,-3,0,-0.6788978227123371,-0.1096203180259745,0.12184542798481679,0,-1,-0.0993525562890988,0.5795452664232384,0.5190655966788976,0.5825175522221068,-6.5,44.5
20231111410,2023,14,Round 14,2023-06-02 10:00:00+00:00,Wests Tigers,Raiders,Campbelltown Sports Stadium,19,20,-1,39,0,False,59,0.3747927336029694,bet365,0.4329896907216495,0.4675324675324676,True,0.4739583333333334,1.5,42.5,False,-0.5117100582181897,1.6042897962340703,-8.491575860760435,6.5262126597678645,4.929006004829773,235.45744996667509,-2.7635300409828005,0.5974034326352058,6.813648888666556,-0.8602220124284816,-1.1047800549854303,-0.1451902574133932,7.086805555555555,0,1,0,0,0,0,1,1,40.58430505429044,16.866343605753457,-17.788702767329625,19.08651177806118,22.42015243780537,0.6101136961323732,0,0,0,-2,-71.53315246993957,-1,0,0,-2,-1,0.10840707359168122,0.02354478303210389,0.09427420306824688,0,0,-0.5826878936888573,-0.6910949672805383,0.6430479326925769,-0.2696635669491026,2.5,42.5
20231111420,2023,14,Round 14,2023-06-03 05:00:00+00:00,Warriors,Dolphins,Go Media Stadium,30,8,22,38,1,False,12,0.45431149320069897,bet365,0.6547619047619047,0.6787330316742082,True,0.6818181818181818,-8.5,44.5,False,-0.18326524143188147,-7.137148844845846,-0.5176829987500113,-3.2507261023547755,-1.309762688576832,118.54692360335457,2.522178860163649,-0.8437470392136426,7.824060500929704,0.9529826456216952,-0.0705507497575315,4.496054696813182,-1.9027777777777777,0,1,0,0,0,0,0,1,70.98021546280165,27.619989984559822,36.07636722660689,-7.713339741036691,14.997197992671701,20.517687430710822,0,0,-2,0,-62.96300825722858,0,0,0,2,0,-0.782014234456343,0.07815937703871034,-0.22745032753596733,0,-2,-1.0130486470629083,-0.23103441260656493,-0.2660115493943198,0.6400373552459965,-6.5,43.5
20231111430,2023,14,Round 14,2023-06-03 07:30:00+00:00,Titans,Rabbitohs,Cbus Super Stadium,28,46,-18,74,0,False,60,0.32393490961671473,bet365,0.3452380952380952,0.2816395520811325,True,0.28755364806866957,9.5,48.5,False,-0.735746759591586,-0.5527210874240858,5.646282151117482,-1.025607173241653,-0.3872538928435105,-42.61420876803436,-61.97004303831392,-0.316893817135135,13.585825192256365,1.110024411489773,0.633876610427845,3.8127225151472786,6.232638888888889,0,1,0,0,0,0,1,1,32.86069160799889,5.8773700293339175,-19.184196626365747,-14.92037841474746,61.08789661977826,36.231134539836916,1,0,1,0,-19.058365270456378,0,-1,0,-1,-1,-2.140984718035398,0.44915565693921855,-0.5642114695180249,0,0,-0.3676141099954038,1.7733706080399942,0.8769057659030306,-0.6400373552459971,6.5,47.5
20231111440,2023,14,Round 14,2023-06-03 09:35:00+00:00,Sharks,Broncos,PointsBet Stadium,12,20,-8,32,0,False,61,0.6378250366551773,bet365,0.6265356265356266,0.6079404466501241,True,0.6113861386138614,-4.5,42.5,False,0.5659365892980565,6.067235924762446,-3.7032214855878554,-4.877969642744105,3.4606729526842415,174.0659292152286,21.9053931882155,2.7552478539720697,0.29201905982813514,2.263033084692186,-0.9230852559629081,-8.85183095880181,6.913194444444445,0,1,0,0,0,0,1,1,34.653127120363024,33.60189012705075,-40.75462805225837,30.0199300499375,11.785934995633184,4.1051108203029685,-1,0,0,-1,-24.364064183668667,-3,0,0,-4,0,0.6936858344686869,-0.0717741420362914,-0.05396427179306838,-3,-1,0.6317532267302581,-0.061932607738429124,-0.03516988903928653,0.5173830243121499,-4.5,42.5
20231111450,2023,14,Round 14,2023-06-04 04:00:00+00:00,Roosters,Bulldogs,Industree Group Stadium,25,24,1,49,1,False,60,0.6828648935411853,bet365,0.6919642857142858,0.7400000000000001,True,0.7409638554216867,-10.5,42.5,False,0.7669691403213493,-3.7373638983862953,1.1948615164899152,-6.3768755336969605,-2.8858721887332095,-10.276429759312805,15.832502550854542,0.7074748864227471,-0.29275412569930737,3.3464313016240794,-1.45495993992839,-2.9234224071473704,0.0,0,0,1,0,0,0,0,1,-17.8445587772037,-4.946542356457769,-17.38026730391013,-8.465592796906293,12.947843680070577,8.394483369491013,1,1,-1,-1,-14.453394151421179,0,1,0,1,0,0.5898972119834507,-0.05697863043016149,0.008737714554918341,0,0,0.1673073532507523,-0.42258985873269866,-0.9927887634963001,0.8093186123219878,-8.5,43.5
20231111460,2023,14,Round 14,2023-06-04 06:05:00+00:00,Cowboys,Storm,Queensland Country Bank Stadium,45,20,25,65,1,False,62,0.4187614086126881,bet365,0.3734643734643735,0.3212669683257918,True,0.3211845102505695,7.5,43.5,False,-0.32786000177182273,-1.3443436881100759,12.851648143840556,-6.283473634981036,-5.706376904841555,11.48089606317808,-94.6698396411943,0.92870893063842,-3.11590281520008,0.8434934685473134,-1.753830121515561,4.358277123888463,-5.163194444444445,0,1,0,0,0,0,-1,1,24.604508967302195,-10.720474214264868,-14.53679537724264,14.683332672873163,35.178445885936526,26.620467533636173,1,0,0,3,80.91289807599736,0,3,2,6,0,-1.7056538014599214,0.04696408510827077,-0.21889322059407534,1,0,-0.26459562770324396,1.4410581737566779,-0.17970768402073,-0.5173830243121498,4.5,43.5
20231111470,2023,14,Round 14,2023-06-04 08:15:00+00:00,Panthers,Dragons,BlueBet Stadium,26,18,8,44,1,False,60,0.8438236529521531,bet365,0.7944732297063903,0.8587786259541985,True,0.8703923900118906,-18.5,42.5,False,1.686957732175943,5.635792425440123,-17.50032939648996,7.836126429212399,5.223428101993825,401.9737829621381,60.08063228244043,1.0942479902807198,6.78321463037129,-0.2517260000797421,-1.7963225619241774,6.851543575531714,4.065972222222221,0,0,0,0,0,0,1,1,124.42940196410746,55.525945711014685,23.375152323954637,19.002623576859605,26.525680352278584,-11.838192087108666,-1,-1,1,-2,-116.35650135137203,-2,1,2,-1,0,4.088373128258303,0.03885451287547936,0.4767431897003118,5,0,1.0972154027294931,-2.9911577255288098,-1.4137580215361476,1.3521029963716114,-14.5,43.5
20231111510,2023,15,Round 15,2023-06-08 09:50:00+00:00,Titans,Wests Tigers,Cbus Super Stadium,28,12,16,40,1,False,60,0.6101783857475682,bet365,0.6265356265356266,0.5194805194805195,True,0.5207253886010362,-1.5,45.5,False,0.4480621149361773,-0.13397849020881125,12.81687965686362,-3.0152389763478453,-6.259537271242756,-399.3497970147241,-112.75347596318147,-1.2676836464647865,-8.580962754970088,-0.12422687755197259,-0.15654313882250737,6.338637595647551,-0.895833333333333,0,1,0,0,0,0,0,0,-60.07777440036625,-29.372890751360842,-20.934945065170467,-8.198360335418585,-1.571578248416344,-26.34982418598375,1,0,0,4,145.01056300017447,-1,1,2,2,0,-0.6335818536971378,0.13768248472167394,-0.23222667777039535,0,0,0.769717984247678,1.4032998379448154,1.1521968338769164,0.5173830243121499,-5.5,45.5
20231111520,2023,15,Round 15,2023-06-09 08:00:00+00:00,Raiders,Warriors,GIO Stadium,14,36,-22,50,0,False,61,0.6627391919135707,bet365,0.6265356265356266,0.6411483253588518,True,0.633495145631068,-5.5,43.5,False,0.6755249948241991,2.468762037310583,8.767714203415693,1.6250002000618196,0.3653443505891687,-223.15533440281638,-48.009369892983045,-1.8205427138078258,-6.269588053098282,-1.547190048455077,0.7905315123030876,0.3517603842701078,0.791666666666667,0,1,0,0,0,0,0,0,-41.68980963856234,-35.27127622934418,24.63493410690799,-6.051949300125443,-25.001518216000733,-18.820548316193026,1,0,-1,-3,-86.09948724471406,1,0,0,3,0,-0.4551813821954541,-0.14360061899435703,0.0394859065243756,0,0,0.7091711395442271,1.1643525217396813,-0.02337145231220289,0.5173830243121499,-5.5,42.5
20231111530,2023,15,Round 15,2023-06-09 10:00:00+00:00,Sea Eagles,Dolphins,4 Pines Park,58,18,40,76,1,False,13,0.5161067396811881,bet365,0.6265356265356266,0.6888888888888889,True,0.6948775055679287,-9.5,45.5,False,0.06444925807278398,0.7734018020830788,-0.3991811331490389,-1.904919898793537,-1.3055021034401122,-42.37846932599541,-71.78125821827769,-1.3282331124400315,1.3459681228623772,0.9475134239162148,0.4401046292031596,4.750768882708012,5.954861111111112,0,1,0,0,0,0,1,0,-17.2544351684885,9.065016642925258,20.58803372358301,-24.382165889182986,-22.525319645813724,9.230768050439224,0,1,0,-1,-82.833117933335,-1,1,0,1,0,-0.060998697990012896,0.20200841752714702,-0.2837353086483344,0,0,-0.23744290105623356,-0.1764442030662206,0.3958993292299459,0.5173830243121499,-5.5,45.5
20231111540,2023,15,Round 15,2023-06-10 05:00:00+00:00,Dragons,Rabbitohs,Netstrata Jubilee Stadium,36,30,6,66,1,False,61,0.30751271687340365,bet365,0.2982456140350877,0.4274809160305344,True,0.41624365482233505,3.5,43.5,False,-0.8117734320994567,-11.772171152545749,2.3589938758420494,-4.497491297857749,-0.5713290154483204,-125.91728923195183,-25.577196841575812,-1.6097148446671117,10.798084350129002,1.3631816696469325,1.9018685603911818,1.2080047824125373,-1.03125,0,0,0,0,0,1,0,0,26.069545077507428,13.940393240787586,-12.309279799686749,-5.723284306127709,30.161715942534357,53.192800865528454,-1,0,0,-2,-81.93012831319433,0,0,1,1,0,-2.630649831953015,0.47101485679035937,-0.9536568664021366,0,0,-1.4121048634456295,1.2185449685073864,0.6650629147981229,-0.8556661100577202,9.5,45.5
20231111550,2023,15,Round 15,2023-06-10 07:30:00+00:00,Broncos,Knights,Suncorp Stadium,24,20,4,44,1,False,61,0.7328096529421773,bet365,0.7619047619047619,0.8077544426494345,True,0.7965811965811965,-13.5,43.5,False,1.0089246712269462,-2.796337602341673,-6.962434346353593,2.9230422971403414,-1.8413659329413576,98.78380170809146,43.41478696822492,0.2847238188991552,-1.1063040326040579,0.14164190254969888,-0.0449743719935789,2.7756895193777282,-6.145833333333334,0,1,0,0,0,0,-1,0,40.86166830500474,26.372993203902894,38.15176285998268,-16.183976791670517,-7.479110967210346,20.100096514646964,0,0,-1,1,9.822576355006717,-2,1,0,-1,-1,1.7791647258035228,-0.030359520638990944,0.21155975065518573,0,0,0.36510863285545203,-1.414056092948071,-0.29542134444533263,1.1631508098056806,-12.5,43.5
20231111560,2023,15,Round 15,2023-06-10 09:35:00+00:00,Roosters,Panthers,Allianz Stadium,6,30,-24,36,0,False,63,0.3658587271506877,bet365,0.3181818181818181,0.38423645320197053,True,0.38177339901477836,4.5,38.5,False,-0.5500244899568724,-7.05581118755892,14.134580876385908,-11.142288446876393,-7.657186225218261,-365.3388265729932,-113.20723585641258,-0.8491615207594139,-4.504017495092157,2.762927030663583,1.0230843178318807,-5.331123780606198,0.17708333333333393,0,0,0,0,0,0,0,0,-47.83085708851013,5.646002780662684,-33.03388773244589,-47.1301247406804,26.68715260395348,52.17104327078303,-1,-1,0,2,28.762435354127945,0,2,-2,0,0,-3.257919016662126,0.5402759134776349,-0.9388330062003927,0,0,-1.1125347241173884,2.145384292544738,-1.9232091573028522,-0.7621400520468969,8.5,39.5
20231111570,2023,15,Round 15,2023-06-11 06:05:00+00:00,Storm,Sharks,AAMI Park,54,10,44,64,1,False,62,0.5569862278418058,bet365,0.6030150753768844,0.5904522613065327,True,0.5919395465994962,-3.5,43.5,False,0.22893965606829084,-0.7558265768053865,9.105342901973646,9.452522840763706,-3.1218981071049043,-462.05806296437913,-53.955091302180676,-2.279697935111964,-5.144656639434682,-3.3277150809261986,0.4931041900274806,5.489824779852611,-0.854166666666667,0,1,0,0,0,0,0,0,-68.55137198374632,-9.954771484540004,10.637029028904124,-40.004579185614745,-29.22905034249567,-25.667618820569004,0,0,0,3,64.59144212352287,0,1,2,3,0,-1.5357119031163504,-0.08273745034051644,0.021257667586210262,0,0,-0.8377382660214782,0.6979736370948726,-0.3377059500957137,0.41804389031502426,-4.5,43.5
20231111580,2023,15,Round 15,2023-06-12 06:00:00+00:00,Bulldogs,Eels,Accor Stadium,12,34,-22,46,0,False,61,0.33985502621882824,bet365,0.3181818181818181,0.3498817966903074,True,0.3435294117647059,6.5,43.5,False,-0.6639403349389247,-6.752106116658897,5.5462557580713465,4.366214623539506,-0.9364051072176736,-374.2691068664001,-136.2358225730399,-3.688828667414505,0.049963642272782494,-2.929399055296612,2.2093972025448076,6.058813752837661,-5.916666666666666,0,0,0,0,0,0,-1,0,-28.463068463743866,-4.253223654901376,-24.908164540927885,-20.601300134621056,21.29961986670645,5.262595686652645,-2,0,0,-2,-124.41909156954625,-2,1,0,-2,0,-2.3389350283367354,0.22775201023558833,-0.5029821262832607,0,0,-1.464945835081919,0.8739891932548163,0.08542363202558084,-0.7621400520468969,8.5,42.5
20231111610,2023,16,Round 16,2023-06-16 10:00:00+00:00,Cowboys,Panthers,Queensland Country Bank Stadium,27,23,4,50,1,False,64,0.3099808280971544,bet365,0.3734643734643735,0.5324675324675325,True,0.4769230769230769,-1.5,40.5,False,-0.8002089318529105,1.1359990235479103,18.4774448311893,-1.8821905385031243,-3.9419434185876128,-255.3745643566408,-130.852903072118,0.19788352062697,-3.564079260575795,-0.6333438951827421,-0.3921494160848251,-2.024300897260453,6.145833333333334,0,1,0,0,0,0,1,1,5.847043840113088,10.917307095359575,-15.502113257284634,6.990687770678562,3.441162231359584,29.481178683259543,0,0,-2,-1,-97.71112696195271,-2,0,1,-1,0,-2.228585822305753,1.416386102192338,-1.950201640134318,0,-1,-0.3004911312054567,1.9280946911002967,-0.6129874975467247,-0.5173830243121498,5.5,40.5
20231111620,2023,16,Round 16,2023-06-17 05:00:00+00:00,Knights,Roosters,McDonald Jones Stadium,16,18,-2,34,0,False,62,0.4441084971739631,bet365,0.4444444444444444,0.625,True,0.6564705882352941,-6.5,45.5,False,-0.22450424082156703,7.603760183945921,-2.3571958034374276,3.299623210692758,4.060419660970929,259.1447621793852,6.168815961672806,0.9789730638843923,5.027183564413576,-1.9250128076488373,-0.8571451862132422,7.956543812236994,0.08680555555555536,0,0,0,0,0,0,0,1,10.936881744243124,-11.919076411936146,-7.337514771477231,42.65756971359369,-12.464096785937173,-0.3080172792808753,-1,-1,0,-3,-90.7207868346697,0,0,0,1,0,0.4564101107054148,-0.1704217450057145,0.3172748273783388,0,-1,0.5777626214154009,0.12135251070998596,-0.4396133811238042,-0.22314355131420985,1.5,44.5
20231111630,2023,16,Round 16,2023-06-17 07:30:00+00:00,Eels,Sea Eagles,CommBank Stadium,34,4,30,38,1,False,64,0.6787663962158494,bet365,0.7749077490774907,0.6157635467980296,True,0.6200980392156863,-4.5,42.5,False,0.7481084313411164,-2.7384050546730485,-4.595510378055547,-7.129460638014535,0.7564674331102665,249.1579875598918,68.40537995975069,1.3241153011388924,6.670648442845469,3.303973106100525,1.1442067095772206,1.4560626487659434,-2.833333333333333,0,0,0,0,0,1,0,1,47.65366119953978,41.73811678481242,1.125399904713845,6.770270800308396,-1.9801262902948622,24.058152634143042,-1,0,1,-1,38.34668534574507,0,0,0,-1,1,0.8376186896096791,-0.18416970796450283,0.4198244141841271,0,0,0.22202083090132407,-0.6155978587083553,0.7484545417134671,1.2362336665441571,-13.5,41.5
20231111640,2023,16,Round 16,2023-06-17 09:35:00+00:00,Wests Tigers,Storm,Campbelltown Sports Stadium,6,28,-22,34,0,False,61,0.29172109260054674,bet365,0.423076923076923,0.34834123222748814,True,0.33644859813084116,6.5,41.5,False,-0.8870397696426199,-9.448645094344851,0.6914431925185589,-2.438668589907465,0.5928906580169482,159.29315759660403,23.2564032649629,-0.3648107588038574,4.270566794166896,0.7191889427215266,-2.26013591179355,-5.211868382104619,2.843750000000001,0,1,0,0,0,0,0,1,66.86597046770532,11.104803073052324,27.173611468761408,-2.256720260392484,30.84427618628409,41.81742268579043,0,1,0,-3,-115.9904223020931,0,0,0,-1,0,-1.5943899677167306,0.06856281101681028,-0.4952405145655837,0,-2,-1.2202063310977749,0.3741836366189559,-0.5073946601200553,-0.3101549283038397,2.5,41.5
20231111650,2023,16,Round 16,2023-06-18 06:05:00+00:00,Sharks,Bulldogs,PointsBet Stadium,48,10,38,58,1,False,62,0.7812063259348023,bet365,0.6474820143884892,0.8576874205844981,True,0.8836206896551723,-17.5,45.5,False,1.2727101385053212,0.7950863998121491,0.24700416901513478,-9.579247177289176,-0.7983107176856237,228.61763046879537,69.4538146833998,1.1531241286056328,0.5631219769049807,3.6503765035174087,0.42805414201007075,-2.9665623300182915,0.9965277777777777,0,0,0,0,0,0,0,1,41.75815863437947,27.999940299126905,-0.5755052426592897,-0.5085441716009598,14.842267749512843,2.320009426030083,-1,-1,-1,-3,-119.69303869027272,0,-1,0,-2,-1,2.0970250854144017,-0.19314837956057046,0.4002090018418985,0,-1,1.2900508752024857,-0.806974210211916,-0.04746693347621189,0.6079893722196383,-6.5,43.5
20231111710,2023,17,Round 17,2023-06-23 10:00:00+00:00,Dragons,Warriors,WIN Stadium,18,48,-30,66,0,False,62,0.49951781222750724,bet365,0.5235602094240838,0.3640776699029127,True,0.3325635103926097,6.5,43.5,False,-0.0019287516878971533,-2.17108763467521,10.991410621781629,-0.9647970769345591,0.9921067281278653,-137.08149498703074,-42.44364631607414,-1.1340920597679967,4.629780946579121,-0.28662029735837535,0.14874645000366904,-2.2143616863767406,-0.7916666666666661,0,1,0,0,0,0,0,1,14.23163455237534,-28.97330141143354,25.076747553793126,17.67374982700977,0.4544385830060236,-7.579323749636387,0,0,0,3,77.76042036759186,2,-1,-1,0,0,-1.4836382935131347,-0.14898442782765886,-0.03796344716089947,1,0,-0.009066859393822346,1.4745714341193121,-0.33713233950208593,0.09431067947124142,-1.5,43.5
20231111720,2023,17,Round 17,2023-06-24 05:00:00+00:00,Dolphins,Eels,Sunshine Coast Stadium,20,48,-28,68,0,False,14,0.36450468220928445,bet365,0.38902743142144636,0.34117647058823525,True,0.3325635103926097,6.5,46.5,False,-0.5558653259123023,-10.728640894159174,20.02341599981581,7.328137833522973,-7.30983369588057,-368.90213772630705,-76.52245122946476,-1.9665801294620788,-13.406150590745266,-4.318144330144058,0.40628128055023005,5.055118439786991,7.104166666666667,0,1,1,0,0,0,1,1,-64.02582619050293,-32.489998496843725,-15.01966962274787,3.724622841685431,-20.240780912596733,-14.843773062673193,0,-1,2,1,26.801509360687135,1,1,1,1,0,-3.0806201505712734,-0.14125151246727674,-0.3670726270081426,-1,0,-1.12703191333621,1.9535882372350637,0.8944563385055402,-0.45140220329519,4.5,44.5
20231111730,2023,17,Round 17,2023-06-24 07:30:00+00:00,Panthers,Knights,BlueBet Stadium,20,12,8,32,1,False,63,0.8513404343340684,bet365,0.7455268389662029,0.6,True,0.6123456790123457,-4.5,40.5,False,1.7451531912918694,5.06660557654828,-7.854340179374242,7.123885689748221,2.679897295846395,151.49804057237452,96.0055579133014,0.8360200159802371,4.992836992302628,-2.034647499977149,1.6412851749319683,-0.3918558961865273,0.7916666666666661,0,0,0,0,0,0,0,1,-25.810447765180243,1.7505271745100401,-4.424199724053267,-28.97329605891494,5.836520843277867,-27.724342407882688,0,0,1,4,224.51954754893555,-1,-1,0,-2,1,2.3737988258526848,-0.9584327460115833,1.6121933381403915,-1,5,0.7164360847994238,-1.657362741053261,-0.9485994667696458,1.0748957620507942,-10.5,42.5
20231111740,2023,17,Round 17,2023-06-24 09:35:00+00:00,Storm,Sea Eagles,AAMI Park,24,6,18,30,1,False,65,0.71956585811937,bet365,0.6919642857142858,0.7619047619047619,True,0.7682242990654206,-11.5,43.5,False,0.9423091462221453,6.128276117209417,-8.12056634316917,5.80946251167245,5.4505694833020115,188.8972935762156,78.61834623734183,0.07122887709993098,8.608462035963637,-0.5923595320192376,0.6243196861196401,-0.3704392964607308,-0.08680555555555536,0,1,0,0,0,0,0,1,-2.2449956926129744,15.245327628841494,0.4224865259225794,-5.061364511631552,-12.851445335745382,-25.888174933096195,-1,-1,0,0,33.87167511522276,1,0,0,2,0,1.3347064041872,-0.06734649840236898,0.18953374545667678,1,0,0.45877700460717014,-0.87592939958003,0.27119908421190175,0.8093186123219878,-8.5,44.5
20231111750,2023,17,Round 17,2023-06-25 04:00:00+00:00,Broncos,Titans,Suncorp Stadium,12,18,-6,30,0,False,62,0.7410837405340741,bet365,0.7065217391304348,0.7685185185185186,True,0.7737226277372263,-12.5,51.5,False,1.051608942184202,-4.521512472462586,-8.664856507204437,-1.1808353730711616,-1.739147506485068,230.41351319702676,55.01227070610423,1.4112833915770118,11.017110803965018,1.8979976170627868,1.0213092711180112,2.50369676634012,0.0,0,0,0,0,0,0,0,1,58.55594307301192,15.975433197816017,32.30174118876954,26.54680198598237,-16.26803329955601,11.992854634688484,-1,0,0,-2,-72.85787040230204,-1,0,0,-2,0,1.7080448212789685,-0.17908114294716682,0.3523584578860719,2,-1,-0.130735794813175,-1.8387806160921434,0.5188861964745402,0.8785504038913082,-9.5,47.5
20231111760,2023,17,Round 17,2023-06-25 06:05:00+00:00,Rabbitohs,Cowboys,Accor Stadium,6,31,-25,37,0,False,65,0.6846385777689081,bet365,0.7065217391304348,0.6501182033096927,True,0.671264367816092,-6.5,45.5,False,0.7751717220653901,2.8521176042479226,0.40863769489153867,-0.700022548409649,-0.9324773940518156,-90.72541542163958,20.881411597133535,0.7848972929543114,-6.8331425089016875,-0.32542101065084594,-0.6576904440709948,-12.649065833701137,5.163194444444445,0,1,0,0,0,0,1,1,-3.8282845477712044,-12.037473663273687,22.52901473926289,7.462704795045539,-21.782530418806047,-11.38262324662287,0,0,0,3,71.4343161834089,0,-2,2,-1,0,1.6911473484349844,-0.05144803776153353,0.4253472500018316,-3,0,0.7606561913574073,-0.9304911570775773,1.5029947318768377,0.8785504038913082,-9.5,44.5
20231111770,2023,17,Round 17,2023-06-25 08:15:00+00:00,Roosters,Raiders,Allianz Stadium,18,20,-2,38,0,False,64,0.5920511375114748,bet365,0.6712962962962963,0.5822784810126582,True,0.6054590570719602,-3.5,43.5,False,0.3724511825740426,-5.6872037385133165,-5.024999113028251,-3.4921899142686357,-0.692807157612549,85.64761258510839,-11.137291651506018,0.28313418412857994,7.04751460541496,2.6037089858694227,-1.0084950454260202,0.6179828423257945,-5.864583333333334,0,1,0,0,0,0,-1,1,15.84691631512976,30.766868690407648,-47.49032749113843,22.642719586192072,9.92765552966847,13.258631818733335,1,0,0,4,154.01422637114703,2,0,0,3,1,0.06046514913429246,0.21602924208649465,-0.35359833125930884,1,0,-0.7833619700488403,-0.8438271191831328,0.02045757075058341,0.714053865379259,-7.5,42.5
20231111810,2023,18,Round 18,2023-06-29 09:50:00+00:00,Sharks,Dragons,PointsBet Stadium,52,16,36,68,1,False,63,0.7464209089598169,bet365,0.7455268389662029,0.8587786259541985,True,0.865265760197775,-18.5,45.5,False,1.0796138916323486,5.0777660367622985,-10.4863883071319,-2.851868196138625,0.4666729477979743,304.362394766071,26.20972168807282,2.583844849439444,3.8899647732052927,2.041063588964766,0.6391915238005046,7.883721036076729,5.163194444444445,0,0,0,0,0,-1,1,0,10.680865638407795,15.315923024749281,-21.095057840168266,1.8524589278709414,14.607541525955696,-21.224678705730412,0,0,0,-2,-44.497147127079955,0,-1,-3,-4,0,2.7644702443352154,-0.04020263148505232,0.1838143103525531,0,0,1.1352510328483814,-1.6292192114868334,1.6471590201600734,1.0748957620507942,-10.5,45.5
20231111820,2023,18,Round 18,2023-06-30 08:00:00+00:00,Warriors,Rabbitohs,Go Media Stadium,6,28,-22,34,0,False,63,0.4898766124360681,bet365,0.38118811881188125,0.6359223300970874,True,0.633495145631068,-4.5,37.5,False,-0.04049908481644012,8.76905690612221,-11.586214793189917,-0.7891711174231517,5.571286512843194,93.30449170912834,34.61423877598361,0.8051092035755527,4.692036237203183,1.2267602479329902,-1.095090035517325,-2.0060657431938935,1.8368055555555562,0,1,0,0,0,-1,0,0,42.333080204729754,46.03011466066499,17.910211667387983,10.498389306177415,-32.10563542950061,42.77378779847362,-1,0,-1,-3,-98.0463316976867,0,-2,0,-1,0,0.4893449594811956,0.17864630671293225,-0.16352415626525252,0,0,-0.015498687312478554,-0.5048436467936739,0.07900566687309579,-0.48450831544861694,4.5,42.5
20231111830,2023,18,Round 18,2023-06-30 10:00:00+00:00,Storm,Panthers,Marvel Stadium,16,34,-18,50,0,False,66,0.45897016477831315,bet365,0.4329896907216495,0.558974358974359,True,0.5463917525773196,-1.5,38.5,False,-0.1644892181450058,4.380945536210977,0.05611202219989764,-2.5587569716648204,-2.3548351944978663,-244.81337460281406,-48.703634889999535,-0.046375164664628876,-15.674216625339575,1.2819667260782968,0.4449734405641479,-3.805929394196035,-0.08680555555555625,0,1,0,0,0,0,0,0,-80.57618857104467,27.863412777265722,-26.74794371628778,-34.52135348019121,-47.17030415183133,14.642638029997443,0,0,0,0,10.962902836274367,-2,-2,2,-2,0,-1.1537219875347997,-0.2003279341746731,-0.18085468966566037,0,0,0.08508465190873471,1.2388066394435344,-2.0380330900302726,-0.2696635669491026,2.5,38.5
20231111840,2023,18,Round 18,2023-07-01 05:00:00+00:00,Raiders,Titans,GIO Stadium,26,22,4,48,1,False,63,0.6623874512060205,bet365,0.6341463414634148,0.5822784810126582,True,0.5826972010178116,-3.5,45.5,False,0.6739517258269733,-2.6562390342353304,3.021845605375862,-2.192739829767092,-0.4218855047703727,-40.46637541766063,69.0766750690367,-1.8566495362917292,-7.912646148581793,-0.8476167489062529,0.6923981229362024,-10.393914860238041,-0.17708333333333393,0,1,0,0,0,1,0,0,-21.569900804468375,1.6269868406952526,-2.558263222439365,-0.939592279634553,-19.69903214308968,16.592922633180933,0,0,0,-3,-78.26289556399703,0,-1,0,-2,0,-0.38407040139737614,-0.08081094264264316,0.022498252962793987,0,0,-0.359098440502768,0.024971960894607848,1.4980456731529304,0.5500463369192725,-5.5,45.5
20231111850,2023,18,Round 18,2023-07-01 07:30:00+00:00,Cowboys,Wests Tigers,Queensland Country Bank Stadium,74,0,74,74,1,False,62,0.7868814816024912,bet365,0.6547619047619047,0.8519003931847969,True,0.8455172413793104,-16.5,45.5,False,1.3062292065442218,11.536078971139151,-3.0873106827608723,4.688162099576388,0.027535497611225423,51.5052139846332,7.167496340917751,1.1413039423811888,-3.9235472783408127,-3.034299146933993,1.4067187556850556,11.007849545485975,-7.854166666666667,0,1,0,0,0,0,-1,0,-11.270971459414909,31.68773562281669,-54.015739094526566,15.602633958008624,-4.545601945713784,25.192744305776955,-1,0,-1,-1,-14.264378691290233,-1,0,1,-1,0,1.8056941965897262,0.34875688376946656,0.13373219957539068,0,0,1.6128580660389478,-0.1928361305507789,-0.20116791876550597,0.6400373552459965,-7.5,45.5
20231111860,2023,18,Round 18,2023-07-01 09:35:00+00:00,Broncos,Dolphins,The Gabba,24,16,8,40,1,False,15,0.6690867691215806,bet365,0.7455268389662029,0.7065217391304348,True,0.7124463519313304,-8.5,47.5,False,0.7040575528007721,-1.2384571897580017,-19.480301096661847,3.040348009982935,2.8537332779253504,256.8672286631356,49.51702449144125,1.779976288823197,21.55119367130903,1.5338382894411104,0.945342233790508,8.781584283276654,-0.958333333333333,0,0,0,0,0,0,0,0,2.7716745017414723,9.718331330703904,13.34980880100423,7.1400089195518035,-27.436474549518522,-1.9215945188726664,0,-1,1,3,129.8744659831743,1,-1,1,-1,0,2.251205207567394,-0.17300039748055018,0.46341784789133433,0,0,0.007162929706879768,-2.2440422778605145,0.6153515499169596,1.0748957620507942,-10.5,46.5
20231111870,2023,18,Round 18,2023-07-02 04:00:00+00:00,Bulldogs,Knights,Accor Stadium,0,66,-66,66,0,False,63,0.5037997922149249,bet365,0.4764397905759163,0.43814432989690716,True,0.44072164948453607,2.5,43.5,False,0.01519946147250187,-2.3625812263092136,11.465983831712165,8.956638237390962,0.30889255659203485,-239.94110576141702,-67.14930033021528,-0.2921351870807909,-8.135950227484727,-2.6960717402900176,0.9899445690543915,1.4141295694108962,6.059027777777778,0,0,0,0,0,0,1,0,-4.586604966373102,18.612296935269626,6.405475443007447,-31.191914448091808,1.5875371034416332,10.255119957433578,2,1,0,1,-0.6990234154473285,-1,0,4,4,0,-1.6048634395076602,-0.011228523659638778,-0.09039015367574271,0,0,-0.6970796175656286,0.9077838219420318,-0.28951007798725037,-0.09431067947124093,1.5,43.5
20231111880,2023,18,Round 18,2023-07-02 06:05:00+00:00,Sea Eagles,Roosters,4 Pines Park,18,16,2,34,1,False,66,0.504934983462551,bet365,0.4647519582245431,0.609452736318408,True,0.6069651741293531,-4.5,43.5,False,0.01974057488443037,2.522487080609107,2.3089287700955516,0.8391081609876494,0.7581640904679787,-71.55530930995292,-9.136842896113649,1.489176191619463,-1.8959980012129627,-1.3834495814675787,0.08099716409681079,1.5851729387737947,0.9444444444444446,0,0,0,0,0,0,0,0,-39.36133104938085,1.1413621446833133,-10.355899953537971,-35.45981807864371,5.313024838117428,12.880154983539256,0,0,-1,-1,-77.20379341625055,1,1,0,3,-1,0.4845350669233869,-0.12083450912283994,0.2828620051306757,0,0,0.782124987546496,0.29758992062310907,-0.8529426763722051,-0.14122642884632278,1.5,43.5
20231111910,2023,19,Round 19,2023-07-06 09:50:00+00:00,Wests Tigers,Sharks,CommBank Stadium,12,36,-24,48,0,False,63,0.28042837012026584,bet365,0.2982456140350877,0.08713692946058092,True,0.0956761729530819,23.5,49.5,False,-0.9423377490902711,-22.11076155571726,17.501954581450306,-6.306710344426662,-5.913939936545617,-294.16021950770164,-37.68663510613436,-3.7107991973168244,0.28649302929991904,1.6556667051326297,-0.8276552793307173,0.4610820134497686,-1.9027777777777777,0,0,0,0,0,1,0,1,-52.77463125946997,-45.54528443849395,0.9164140207707874,-32.714674077768294,24.568913236021373,-26.081206415113087,1,0,2,1,50.326150289186245,-1,2,0,2,0,-3.6974564914330297,0.14784533343043949,-0.3443657294422838,0,0,-2.386207189569796,1.311249301863234,0.716048518208055,-0.8556661100577202,8.5,44.5
20231111920,2023,19,Round 19,2023-07-07 10:00:00+00:00,Dragons,Raiders,WIN Stadium,26,36,-10,62,0,False,64,0.4145829780757457,bet365,0.32870370370370366,0.22586520947176686,True,0.23854961832061067,11.5,45.5,False,-0.34505130835786163,-2.065701430705488,13.899511904912021,-2.804561263764654,-2.093438386009524,-191.4893435054762,-102.96929116236174,0.7320750109812799,-0.6125067863305169,1.7004087580733778,-2.4162851611872993,2.777016492274953,1.7986111111111116,0,1,0,0,0,0,0,1,-45.00986163195114,-28.306614247618967,0.8122327144849066,-18.399603305971823,0.884123207154687,-35.19370411794631,2,1,0,1,34.39617288844673,0,1,-1,2,0,-1.0720755536626254,0.44147541881665353,-0.5466988255963757,0,0,-0.25853872374667797,0.8135368299159473,1.5052628847034568,-0.714053865379259,7.5,42.5
20231111930,2023,19,Round 19,2023-07-08 07:30:00+00:00,Eels,Warriors,CommBank Stadium,10,46,-36,56,0,False,64,0.7043918604114437,bet365,0.5670103092783505,0.375,True,0.3689320388349514,4.5,43.5,False,0.8683000966897658,10.80170696079836,-4.624419754437607,2.621120208646232,6.340258203003138,371.408391023959,46.34053632740495,2.5710867013821916,3.972190186134622,0.015338253805195379,0.016176171754818114,-0.5545333895878599,6.020833333333333,0,1,0,0,0,0,1,1,-11.440705443188335,-26.595585492597223,-4.705875289851122,12.118211944285065,7.7425433949749305,-22.68709694830821,2,1,0,2,110.69133257643381,0,1,2,1,1,1.7738310493600882,-0.08846319742602649,0.4289005185885444,0,3,1.4091420116858466,-0.36468903767424177,-0.2439798419556778,0.2696635669491026,-2.5,40.5
20231111940,2023,19,Round 19,2023-07-08 09:35:00+00:00,Rabbitohs,Bulldogs,Accor Stadium,32,36,-4,68,0,False,64,0.8440711816149985,bet365,0.6341463414634148,0.6,True,0.6104218362282877,-4.5,42.5,False,1.6888372187334264,13.500317303290329,-20.73610311852854,6.654594356444818,3.0185914843310613,258.4109614237484,131.07342670907906,2.6646329153839976,-2.7762552980846955,-3.1418145769291197,1.4885538818418098,-18.867815333508943,1.8333333333333321,0,0,0,1,0,0,0,1,-70.51324266690244,-32.57729477354124,-9.367565255542843,3.2287294628348207,-31.797112100653237,-34.36210799771021,-1,-1,2,3,179.49209143925015,1,-2,2,-1,0,3.101882827890236,-1.0308174807801709,1.7926538497965119,0,3,1.4771908140174745,-1.6246920138727619,0.3320473943043024,0.5500463369192725,-5.5,42.5
20231111950,2023,19,Round 19,2023-07-09 06:05:00+00:00,Titans,Dolphins,Cbus Super Stadium,21,23,-2,44,0,False,16,0.5422706648835629,bet365,0.586734693877551,0.5725190839694657,True,0.5873417721518986,-3.5,51.5,False,0.16948722043380035,4.361057350408867,-10.14671685108273,4.202715605636357,5.905292905908453,214.40847292416447,26.40385897036407,0.34728745549768547,7.527836906054901,0.04559999395651282,-1.0295051754139282,1.2400618521669386,0.19097222222222232,0,0,0,0,0,0,0,1,-58.04791454707106,-6.517651181749017,-27.50049821569752,-2.6745697446546615,-21.35519540496989,-9.59742537072006,0,0,0,1,115.64608989254702,1,1,0,-1,0,1.1804285793519602,0.14867606515576753,0.04714182290212915,0,3,0.49527637078657155,-0.6851522085653887,1.7184184484921954,0.35048297369081105,-3.5,48.5
20231112010,2023,20,Round 20,2023-07-14 10:00:00+00:00,Knights,Wests Tigers,McDonald Jones Stadium,34,18,16,52,1,False,64,0.7008503732497585,bet365,0.7276507276507277,0.7867132867132867,True,0.7720588235294118,-13.5,45.5,False,0.851350544541929,19.63000875954947,-22.022356597997977,1.4782770731497834,3.9937063079496795,267.6486150960593,37.872791560063376,3.3488622664628993,14.742319971674561,-0.4312453447037079,0.6888442869471803,0.4329767672704108,4.243055555555555,0,0,0,0,0,0,1,1,41.05012192290076,21.803237390524487,-17.259986871312663,58.293411583884705,-21.786540180195743,31.227647117183523,-1,0,0,0,33.84344846173882,0,0,-1,-2,0,2.4944746661362243,-0.034904542694683016,0.0372170087432295,2,0,1.4534577214036841,-1.0410169447325393,-0.20151841017153294,0.9827358312823081,-9.5,43.5
20231112020,2023,20,Round 20,2023-07-15 05:00:00+00:00,Bulldogs,Broncos,Belmore Sports Ground,24,44,-20,68,0,False,65,0.3119446395529987,bet365,0.27234927234927236,0.3317972350230415,True,0.33488372093023255,6.5,45.5,False,-0.7910435657266531,-1.8415356714418358,22.09181242390475,-6.337476694491542,-2.8566678409826523,-257.63447323367427,-107.89549494163987,-0.7451547662952116,-16.699931443653295,0.34748843335051305,-0.37821043233412954,7.80000893834444,-7.000000000000001,0,1,0,0,0,0,-1,1,47.43496636141424,23.457827874925528,28.275359059178726,-29.540092167512427,25.24187159482254,26.0517852429509,0,0,0,1,-80.00921153399108,0,0,-1,-1,0,-2.967398919300399,0.625045560038738,-1.382411477526673,0,0,-0.6685522596991125,2.2988466596012866,-0.22245641272718808,-0.9827358312823077,9.5,44.5
20231112030,2023,20,Round 20,2023-07-15 07:30:00+00:00,Sea Eagles,Cowboys,4 Pines Park,8,19,-11,27,0,False,67,0.4587679402454687,bet365,0.5,0.39205955334987597,True,0.39454094292803965,4.5,44.5,False,-0.16530362741106222,-22.912876215986728,7.501941549839408,-4.076611021246848,-3.953473337919476,-414.15884142550135,-66.33232727571396,-3.6168000259874447,-7.6535102680170795,2.2242354311673225,-0.47002558344640555,-1.0396157799995507,-0.9409722222222214,0,1,0,0,0,0,0,1,-86.53835307726149,-25.060527954321913,6.342223317045978,-69.11665306309817,1.2966046231127564,-4.298513255826066,0,0,1,2,34.58340806854598,0,0,1,0,0,-1.8392469282586204,-0.30755251163541575,-0.020167829918668265,-3,0,-1.614400918870434,0.22484600938818686,0.6228351262438653,0.0,-1.5,43.5
20231112040,2023,20,Round 20,2023-07-15 09:35:00+00:00,Roosters,Storm,Sydney Cricket Ground,16,30,-14,46,0,False,67,0.46254176846755884,bet365,0.413265306122449,0.3498817966903074,True,0.3605769230769231,6.5,41.5,False,-0.15011418513059438,-8.601917362276616,1.5959520739976547,-1.0327622127832399,-2.914285311202647,39.22456094781546,-6.97283988917485,-0.9367732374322344,-0.13982899707422547,0.5148923194254316,0.1950430021147067,-3.5555116417462145,-0.8541666666666661,0,1,0,0,0,0,0,1,20.214235702798305,-20.32709605289361,-4.2983298798211536,8.635107474221556,36.20455416129161,5.6574951184823306,1,0,1,4,150.14020224896942,0,2,1,3,0,-2.0672983140882577,-0.022859593805325873,-0.2983041833329021,-2,1,-1.47814344901403,0.5891548650742277,-1.6791290580768878,-0.3504829736908114,3.5,39.5
20231112050,2023,20,Round 20,2023-07-16 04:00:00+00:00,Warriors,Sharks,Go Media Stadium,44,12,32,56,1,False,65,0.49731994404658125,bet365,0.5,0.5194805194805195,True,0.5078125,-1.5,44.5,False,-0.010720326482312557,-3.95691866501166,-1.151044822083442,-4.35079717509889,-1.4684580375528569,-165.00942335476248,18.258759458007376,0.19705148343759937,-3.5144794566569004,2.404202358894935,-0.7418420493164639,-0.10745180908551788,-1.9027777777777777,0,1,0,0,0,0,0,1,-0.6124924849435729,-4.642534394679615,8.723568544924177,-14.549597227357935,9.856070592169786,1.879912001688183,0,0,0,0,1.942916536280805,0,0,1,1,0,-0.909576096547555,-0.027387444651822745,-0.02307846223091617,0,0,-1.0762443698410173,-0.16666827329346245,0.3115797611492275,0.0,1.5,41.5
20231112060,2023,20,Round 20,2023-07-16 06:05:00+00:00,Dolphins,Panthers,Kayo Stadium,14,24,-10,38,0,False,17,0.26835414342426417,bet365,0.252988047808765,0.26,True,0.24561403508771928,10.5,44.5,False,-1.0029890555216923,-6.80682747825141,15.594924655007583,-5.686082818183252,-7.596647713852036,-252.16725478798116,-36.06618975038282,0.5086867611111057,-15.646762841858312,0.9612734160767236,1.1325582848059064,-1.2530659410971836,-7.0,0,1,0,0,0,0,-1,1,13.671653471983632,-11.714315263987885,-15.01557429696345,2.212693381459701,38.188849651475266,10.102804852258345,1,0,1,-2,-131.99740855000002,0,0,-2,-1,-1,-3.6912763019525863,0.4047096413553217,-1.0832740905549814,1,-4,-0.7824478714501246,2.908828430502461,-0.49094306658084585,-1.0827389395118194,12.5,42.5
20231112070,2023,20,Round 20,2023-07-16 08:15:00+00:00,Eels,Titans,CommBank Stadium,25,24,1,49,1,False,65,0.7359695965250426,bet365,0.7065217391304348,0.7619047619047619,True,0.7581573896353168,-11.5,50.5,False,1.0251245476131547,5.681823551650059,0.6451726824615278,-6.973973452176196,2.159263996538293,70.7164367851799,30.465973737685943,0.6009401112215667,-0.1875022197440117,1.871290449042137,0.10072788003620659,-9.555777054187253,0.9409722222222223,0,1,0,0,0,0,0,1,-6.900652316445644,37.58168719027819,-10.258362153254637,-8.757867537565232,-25.46610981590399,20.12782099064347,2,1,-1,-1,-58.51582723869795,-1,0,-1,0,0,2.282182778203602,0.20977988431314742,0.13130745853152812,0,-1,1.0685836018027592,-1.2135991764008422,1.3226272949292892,0.8785504038913082,-9.5,45.5
20231112110,2023,21,Round 21,2023-07-20 09:50:00+00:00,Dragons,Wests Tigers,WIN Stadium,18,14,4,32,1,False,65,0.6582875625665899,bet365,0.5670103092783505,0.6234718826405868,True,0.619753086419753,-5.5,45.5,False,0.6556723038829515,8.13608505839249,1.2042661192860038,7.006590704455476,1.93311264511933,16.134116369747517,-14.085329695509984,2.388674241889427,4.074995670707391,-2.665763058694811,-0.8173311924992754,-5.425421253462268,7.0,0,0,0,0,0,-1,1,0,58.42326494905819,4.568954600173726,4.856108373064586,34.41667277834627,14.581529197473614,15.26724758285718,1,1,0,1,39.807847463031905,0,-1,-1,1,0,0.3226319532602595,-0.08062974250154475,-0.16766704678911393,0,0,0.7988613156490889,0.4762293623888296,0.9453610298486048,0.2696635669491026,-2.5,43.5
20231112120,2023,21,Round 21,2023-07-21 08:00:00+00:00,Warriors,Raiders,Go Media Stadium,21,20,1,41,1,False,66,0.5932606733432887,bet365,0.6341463414634148,0.6787330316742082,True,0.678082191780822,-6.5,39.5,False,0.3774613812558241,8.312431993502024,-9.354317479230035,1.0593320149413046,4.499175591389999,139.83626419319512,9.581192307774359,2.9845789670408047,2.7493544469036735,1.3243288028902214,-1.7508947337122303,0.03578275500075989,-8.75,0,1,0,0,0,1,-1,0,7.003824278549132,32.42860097013502,-21.1314398333991,-4.925857253005688,0.6325203948188829,-1.5642938995616191,0,0,0,1,31.776421395944432,-1,0,0,-1,0,2.7672395867176154,0.135697049803166,0.04603261939134424,0,0,0.9093675984386209,-1.857871988278995,0.3666391169947142,0.5500463369192725,-5.5,41.5
20231112130,2023,21,Round 21,2023-07-21 10:00:00+00:00,Rabbitohs,Broncos,Sunshine Coast Stadium,20,36,-16,56,0,False,66,0.5109581001081258,bet365,0.5670103092783505,0.5,True,0.5012987012987012,1.5,44.5,False,0.043839420312756394,-0.1893545967731498,6.5509379653944855,-3.1152710729790556,-1.7560274354520686,-116.86091306786943,-38.37209338847839,0.42828478640674117,-14.996341250674533,-0.4951545005304414,1.266949265592621,-4.22061644277197,6.809027777777778,1,0,1,0,0,0,1,0,-3.9935205506681086,10.98767299704923,-14.266851324939807,-14.889810768984802,14.175468546207327,17.984489406367743,1,0,1,0,-29.40147150490239,2,1,1,5,0,-0.08006573022371688,0.2991471198998743,-0.05065126092241237,0,0,0.30270275026008,0.3827684804837972,-0.6857931928361313,0.2696635669491026,-2.5,44.5
20231112140,2023,21,Round 21,2023-07-22 05:00:00+00:00,Titans,Roosters,Cbus Super Stadium,18,36,-18,54,0,False,66,0.48591120878503624,bet365,0.4712041884816754,0.4336734693877551,True,0.4296675191815857,3.5,47.5,False,-0.056370086854764544,6.823080434608766,0.0998636429241202,3.88103251517407,2.9106228248454897,15.7925028045222,-8.58326323741204,2.1312788867974435,1.4552786472942572,-1.4139965289846828,-1.062223071535917,-3.046216720779775,-0.9444444444444446,0,1,0,0,0,1,0,0,18.426532751378204,4.114838478753256,16.649789236002988,-16.46484950040079,14.126754537022649,15.98976807114559,-1,0,-1,-3,-65.47299257917267,0,0,0,-1,0,0.5639594107284659,-0.007419766988542742,0.25660338578414105,0,0,1.2041062553875281,0.6401468446590628,-0.6173545614622957,-0.11531084651099449,1.5,45.5
20231112150,2023,21,Round 21,2023-07-22 07:30:00+00:00,Knights,Storm,McDonald Jones Stadium,26,18,8,44,1,False,66,0.3661314285384782,bet365,0.2982456140350877,0.2982456140350877,True,0.3002207505518764,8.5,45.5,False,-0.5488492691037816,6.0991511198091715,-2.3674258934787247,-2.8008840850646664,2.224807571592798,186.35884980742185,38.03044130200357,3.672341550492071,8.667298208153348,1.632614461905078,-1.7289533497528335,-6.650088539336377,0.9826388888888884,0,1,0,0,0,0,0,0,54.403654589201324,-21.9515452852865,-1.0814087727144113,71.2457035838799,6.190905063322376,14.375394944108223,0,0,0,1,61.1480896963988,0,1,-1,0,0,-0.912691929862125,-0.05361503632796605,0.034429211871802354,0,0,-0.18928668336605753,0.7234052464960674,-0.1868533087567621,-0.8556661100577202,7.5,43.5
20231112160,2023,21,Round 21,2023-07-22 09:35:00+00:00,Cowboys,Eels,Queensland Country Bank Stadium,24,16,8,40,1,False,68,0.5731310733824793,bet365,0.5769230769230769,0.6919642857142858,True,0.7030567685589519,-8.5,46.5,False,0.294637437233498,7.751389366758808,-11.149369334314816,3.8689299459381203,1.3292022610737106,260.4850773926705,77.17308571553747,1.0684048235554613,4.76993537395704,-1.360077865791249,-0.510218791284955,3.259850856818204,1.03125,0,1,0,0,0,0,0,0,30.035457789613815,7.6085144199122965,-13.019824624110072,36.69814260464045,-1.2513746108288615,1.091399787384887,0,0,0,-2,-58.45457358349236,-1,-1,0,-2,0,0.24737564513690935,0.22278458563318537,-0.27072123136458454,0,0,0.06828171962088325,-0.17909392551602665,0.9796453504802393,0.3101549283038393,-2.5,46.5
20231112170,2023,21,Round 21,2023-07-23 04:00:00+00:00,Panthers,Bulldogs,BlueBet Stadium,44,18,26,62,1,False,66,0.9081083435531437,bet365,0.9136212624584719,0.9360374414976598,True,0.9312668463611858,-30.5,47.5,False,2.2907534568160988,6.068301122963781,-26.500048835738404,6.0316099547077044,5.6004147568419,349.7125824808966,90.68105242472211,0.4147396354152413,11.987803546915742,-1.3695232403835966,0.6135562689529568,-2.322196894244037,-1.0451388888888884,0,0,0,0,0,0,0,0,90.01399184279671,38.19182431974997,43.02534375367634,23.206826565017877,-14.410002795647387,32.296765773155215,-1,0,-1,2,90.1804338254316,2,1,-1,3,0,5.696636568719031,0.3991834872593407,1.179689965168662,0,0,1.516726736977049,-4.179909831741981,-0.9394898459335443,2.3586745596450904,-22.5,46.5
20231112180,2023,21,Round 21,2023-07-23 06:05:00+00:00,Sharks,Sea Eagles,PointsBet Stadium,26,30,-4,56,0,False,67,0.7009283650899113,bet365,0.7346938775510204,0.7096774193548387,True,0.7176220806794056,-8.5,46.5,False,0.8517225658774986,12.705756486608227,4.196902158589943,-1.2274752182657664,0.6149026994661497,147.95736121366144,-39.00856601279031,2.184942757152495,5.098939844618954,0.005408906662495383,2.592075176036588,-2.0759590127840397,-0.854166666666667,0,0,0,0,0,0,0,0,27.640936598011194,-11.351466777309724,-16.51481462619961,32.354791389900996,23.15242661161949,-36.486404217203386,1,0,-1,2,81.70038827327193,1,1,-1,2,0,1.7499634306441592,-0.401135190762375,0.5619003663740687,0,0,1.62967688141299,-0.12028654923116927,-0.2629970376348273,1.0185695809945734,-8.5,46.5
20231112210,2023,22,Round 22,2023-07-27 09:50:00+00:00,Broncos,Roosters,The Gabba,32,10,22,42,1,False,67,0.6660712105742086,bet365,0.7017543859649122,0.6986899563318778,True,0.6975717439293598,-8.5,44.5,False,0.6904688226754376,7.735429486146447,-2.5768537176443154,-0.3443382177031964,3.353264097721258,17.94700806868059,-0.9123757650565949,0.8703296955062614,6.38257517871839,-0.45372967522331464,-0.36702234890843766,-6.006144645890366,0.7916666666666661,0,1,0,0,0,0,0,0,-16.244111484246446,-13.50252352723021,-6.6236306844336355,7.880182872103575,-3.9981401446861753,-10.32801554494415,0,0,0,-1,-4.685596382687237,0,1,0,0,0,2.0997689395620185,-0.05388033716207696,0.21633704779778773,0,0,1.3505001429091685,-0.7492687966528495,-1.5230590797570085,0.8556661100577201,-8.5,44.5
20231112220,2023,22,Round 22,2023-07-28 08:00:00+00:00,Wests Tigers,Rabbitohs,Scully Park,18,32,-14,50,0,False,66,0.21733576367526194,bet365,0.17293233082706766,0.09584086799276674,True,0.11053180396246091,22.5,51.5,False,-1.2812603313172575,-10.992665911686043,2.464963473551368,-2.842076617647024,-0.4482906216417888,49.335896003530024,26.69992520168222,-2.2327835522976915,2.6207943456482923,0.8288468041457637,-0.06060568708417602,0.8843456353218073,1.0069444444444438,0,0,1,0,0,0,0,0,13.653009446264718,-13.577269672724384,14.05122157706694,-12.346214403136315,25.52527194505859,-10.267428561097006,0,1,1,2,33.28944188920994,0,1,1,2,0,-3.0431793706907198,-0.010448061881165427,-0.6483190520400808,0,0,-1.8173882406905182,1.2257911300002018,-0.5510562372802414,-1.5649861498632667,16.5,49.5
20231112230,2023,22,Round 22,2023-07-28 10:00:00+00:00,Storm,Eels,Marvel Stadium,46,16,30,62,1,False,69,0.608982198190035,bet365,0.7017543859649122,0.6643356643356644,True,0.6666666666666666,-7.5,43.5,False,0.44303594819290987,-0.15929530501312072,-3.296394824771916,4.496576603936589,-2.2652299184282327,-140.88290900986067,-24.34518638578271,-1.350998630258037,1.9030311788807452,-2.0849936876984767,0.3221129683670254,6.9469347474618175,0.08680555555555625,0,1,0,0,0,0,0,0,-43.73883824248651,5.943008466513362,-11.545553250941168,-0.1418760881464607,-37.99441736991224,-6.172888135188629,0,0,0,1,17.11443044991651,0,2,2,4,0,-0.07198785374044814,-0.09173922558725667,0.019211106597880168,0,0,-0.3738592765455201,-0.3018714228050721,-0.0764971192021357,0.8556661100577201,-8.5,42.5
20231112240,2023,22,Round 22,2023-07-29 05:00:00+00:00,Raiders,Knights,GIO Stadium,6,28,-22,34,0,False,67,0.6523815883276219,bet365,0.6818181818181818,0.5822784810126582,True,0.5883838383838383,-4.5,46.5,False,0.6295242889253203,-6.088667473007401,7.086131255146103,2.3344444779859685,-2.690770519782191,-116.55689218006955,20.376039810502334,-2.8657108871423373,-13.31878532977229,-0.9189957630318375,0.8281516350720075,-3.0640729665268083,0.979166666666667,0,1,0,0,0,0,0,0,-2.8398700805918224,-26.74839839270564,54.26481292313713,-42.90773086469622,12.551446253672907,-15.695799441781105,0,0,0,-1,-47.09159125736742,0,0,-1,-1,0,-1.1578850248160597,-0.010647537174041266,-0.07785253591983647,0,0,-0.37485471193585146,0.7830303128802083,0.5123606861700544,0.7621400520468965,-7.5,45.5
20231112250,2023,22,Round 22,2023-07-29 07:30:00+00:00,Dragons,Sea Eagles,WIN Stadium,18,24,-6,42,0,False,66,0.47316857123800937,bet365,0.3658536585365854,0.3372093023255814,True,0.3302540415704388,7.5,45.5,False,-0.10742891545395722,1.1265480584854792,8.265395191722732,-3.9780043700782812,-1.7754482001304979,-91.71899542427832,-61.722547629155656,-0.5869205099105894,1.1645067927622321,-0.4805493559951568,-0.8356986412527645,-1.7382009141373906,2.843750000000001,0,0,0,0,0,0,0,0,20.697627535898505,-26.09054289679807,9.174884503458657,39.914299728663224,-2.30101379942532,-6.404093582119032,0,0,1,2,64.89466864890704,-1,0,1,-1,0,-1.221078779305267,0.21130675404671512,-0.47762078850495393,0,0,-0.0008007377091667767,1.2202780415961,0.02324009266911224,-0.5500463369192716,6.5,45.5
20231112260,2023,22,Round 22,2023-07-29 09:35:00+00:00,Panthers,Sharks,BlueBet Stadium,28,0,28,28,1,False,68,0.7706041879111485,bet365,0.7619047619047619,0.8530183727034122,True,0.8502673796791445,-16.5,44.5,False,1.2117259181930624,3.5378895687372705,-11.455284958720277,2.3627431983872498,1.2621943326384581,83.55753302006156,46.42975328572402,-0.33739296595065404,12.581652014214043,-1.5298716650381987,-0.5391757116083316,8.520172164330791,0.08680555555555625,0,0,0,0,0,0,0,0,58.74999581602299,7.779018470175458,39.640588911615595,6.29300497380558,5.037383460426341,16.994437469021904,0,0,0,1,51.31877895656214,-2,-1,2,-1,1,2.473457988375675,0.974149829634456,-0.08049263667419465,0,0,0.1484128469200251,-2.3250451414556492,-0.48904472700124657,1.1631508098056806,-12.5,42.5
20231112270,2023,22,Round 22,2023-07-30 04:00:00+00:00,Bulldogs,Dolphins,Salter Oval,23,22,1,45,1,False,18,0.34356266067686486,bet365,0.3658536585365854,0.4177215189873418,True,0.41518987341772146,3.5,49.5,False,-0.6474577293124876,1.122227722384629,13.41408028309213,-2.603542041656425,0.509620371920434,-150.6636420787206,-65.97108907684208,-1.2067202565561583,-0.9346612061973758,0.22314945194308677,1.0145217305111975,8.34023206886257,-6.913194444444445,1,0,1,0,0,0,-1,0,-14.533619839451944,-2.022469399140249,0.8226110713755475,-12.683276340996088,-0.6504851706911552,-9.41509286728106,0,1,0,3,70.75070293919444,3,1,0,4,0,-1.0990267322355365,0.3819445900485259,-0.9216433926955305,0,0,-0.25686301400830003,0.8421637182272359,1.5237367676269973,-0.5500463369192716,6.5,48.5
20231112280,2023,22,Round 22,2023-07-30 06:05:00+00:00,Titans,Cowboys,Cbus Super Stadium,22,13,9,35,1,False,67,0.3449315823529979,bet365,0.38902743142144636,0.2918454935622318,True,0.290948275862069,9.5,48.5,False,-0.6413935992585373,-10.353963604649177,13.553032849785312,-0.30741248578426905,-3.275585286755856,-219.1201760892443,-82.58586415277455,-0.9064830939791904,-5.923677195814207,-0.02407216170121984,0.7620298100830265,2.587747885021315,0.19097222222222232,0,0,0,0,0,0,0,0,-20.375219754119485,-38.30641571784514,31.857547283156634,-29.78385676131154,15.857505441880562,-7.124060829436104,1,0,0,0,-9.805850324300472,0,0,-2,-2,0,-2.5770183883577484,-0.07053499532000562,-0.20711585884777758,0,0,-1.0024982112712628,1.5745201770864856,1.0446733802126502,-0.45140220329519,4.5,47.5
20231112310,2023,23,Round 23,2023-08-03 09:50:00+00:00,Roosters,Sea Eagles,Sydney Cricket Ground,26,16,10,42,1,False,70,0.5881438914884072,bet365,0.6030150753768844,0.6079404466501241,True,0.6129032258064515,-4.5,41.5,False,0.35629759421516843,-2.4742000938695092,3.5780589415619666,-2.50997192862026,0.48485941001979427,67.45109051175359,-32.233016738829235,-1.3730675217668322,-0.47605216544851814,0.6749920818064279,1.5607566732359404,10.644426036345845,1.9027777777777777,0,0,0,0,0,-1,0,0,7.293291250009702,-42.16529171488722,1.369423354039185,22.358841934734883,25.73031767612288,-31.92711038678891,1,1,0,0,3.505377980307543,1,-1,-1,0,0,-0.7240939901828081,-0.058878900126145994,0.018176399454543204,0,0,-0.5205541532608775,0.20353983692193056,-1.5806039097246163,0.41804389031502426,-4.5,43.5
20231112320,2023,23,Round 23,2023-08-04 08:00:00+00:00,Titans,Warriors,Cbus Super Stadium,18,28,-10,46,0,False,67,0.40443258665964077,bet365,0.3452380952380952,0.30131004366812225,True,0.291304347826087,9.5,47.5,False,-0.387029522823901,-9.000703549198121,6.370729831935655,2.858910407012928,0.23396275333010408,47.70262735847041,-19.650086573453336,-0.7636988367552471,7.538773550711269,-0.5781592031680898,1.250578295540958,-0.5343736707044613,-8.92013888888889,0,1,0,0,0,1,-1,0,-67.57331337468497,-32.673644522803016,-14.181023722608359,-6.285102059731855,-14.433543069541784,-5.141683706107756,1,0,1,-1,-7.041390933168259,0,1,0,0,0,-2.698797531258877,-0.07192698528022112,-0.14463905977219055,0,0,-0.9193188784620497,1.779478652796827,0.17445975916711265,-0.6400373552459971,6.5,46.5
20231112330,2023,23,Round 23,2023-08-04 10:00:00+00:00,Panthers,Storm,BlueBet Stadium,26,6,20,32,1,False,70,0.7226179313441246,bet365,0.7065217391304348,0.8077544426494345,True,0.8039538714991763,-13.5,39.5,False,0.9574847683992626,0.02245274463479774,-8.384452317315676,1.8888892575137675,4.344761348005484,198.762331997817,81.77000075229057,-0.4677282474321558,6.777336689228342,0.10194535451939402,-0.6805949189306935,-0.6977484917232317,-0.9826388888888893,0,1,0,0,0,0,0,0,44.81359796402103,4.63575903338014,28.130809916404445,21.18408187656857,-9.137052862332169,20.369289446890747,-1,-1,0,-3,-45.208173978558904,0,-1,0,-1,0,2.2681827236959387,0.5263152445022534,0.032569510612132146,0,0,0.31012291834663475,-1.9580598053493032,-1.67695918025809,0.8785504038913082,-10.5,40.5
20231112340,2023,23,Round 23,2023-08-05 05:00:00+00:00,Cowboys,Broncos,Queensland Country Bank Stadium,14,30,-16,44,0,False,68,0.5237508105174585,bet365,0.5,0.5,True,0.48958333333333337,1.5,42.5,False,0.09507479419698328,-3.7504958160650013,-0.6871362969761634,1.710960969416604,-0.5704732196459616,110.16068267005676,61.18075135079164,-0.6418909976226823,-4.932233943250814,-1.359731610862415,-0.2526701618267051,8.805887114508614,-2.84375,0,0,0,0,0,1,0,0,-5.555878797422565,35.6348970098463,-50.8527619131778,-0.7890441143291582,10.451030220238096,6.5442898552468876,-1,-1,0,0,9.036391410244946,-1,0,2,1,0,-0.6542181957900328,-0.1287143280376637,-0.025936643871870058,0,0,-0.08085298431456955,0.5733652114754628,-0.5682311258990791,0.0,-1.5,43.5
20231112350,2023,23,Round 23,2023-08-05 07:30:00+00:00,Dolphins,Knights,Optus Stadium,28,30,-2,58,0,False,19,0.4435911134571247,bet365,0.38902743142144636,0.26,True,0.2437137330754352,10.5,48.5,False,-0.2266002089304452,-10.497226364605734,13.1297121382395,3.6512530272463835,-2.868856432159461,-120.35110339917765,-3.144269155437314,-1.0379694855590387,-5.868875589543485,-2.7222895711141817,0.7148472535612465,2.126721170099632,-0.9583333333333339,1,1,1,0,0,0,0,0,-49.613213258653445,-26.280156152273037,-22.21952180607849,-38.393841072823136,37.280305772521245,-17.36305592472624,1,0,0,2,87.30402831594401,0,0,0,1,0,-2.5263903953065467,0.14258025272767982,-0.35177014382543587,0,0,-0.9324825484036661,1.5939078469028805,0.26707276835557037,-0.45140220329519,5.5,49.5
20231112360,2023,23,Round 23,2023-08-05 09:35:00+00:00,Rabbitohs,Sharks,Optus Stadium,16,26,-10,42,0,False,69,0.5336314931238076,bet365,0.6474820143884892,0.7741347905282332,True,0.7948717948717949,-12.5,48.5,False,0.134729404050802,7.165845925122152,-1.4696754451204264,1.056421255309445,3.54794083955629,11.567180825336209,-6.2334521708532975,1.2911179899489902,-4.822825555799405,-0.9248982000841703,-1.7040174078435388,1.056028110716035,1.0659722222222214,1,1,1,0,0,0,0,0,34.495651753627726,24.322229060061062,13.911098788515034,32.61891998304408,-36.356596077992364,42.795386132117926,-1,0,1,1,32.55922695415359,1,0,0,-1,1,0.8985779963875058,0.7290068632538911,-0.22023708684823906,0,0,0.3127663663783469,-0.5858116300091591,0.36637542543000157,0.6079893722196383,-6.5,48.5
20231112370,2023,23,Round 23,2023-08-06 04:00:00+00:00,Eels,Dragons,CommBank Stadium,26,20,6,46,1,False,67,0.7523977974266297,bet365,0.7276507276507277,0.8403361344537814,True,0.8694610778443114,-17.5,47.5,False,1.1114417335627664,1.765632983925972,1.3247087982597598,-2.912172863598059,-0.5289837300757867,43.656328027459494,-40.62310472773089,0.8073605949105529,2.4975099965973975,1.8650693581235167,-0.4233596107504507,6.983490660409384,0.895833333333333,0,0,0,0,0,0,0,0,81.53202283102246,38.408201030546024,41.454010691375345,-10.208743062603673,11.87855417170482,10.663967110743556,2,0,-1,0,-18.39676087679311,0,0,0,1,0,2.066013144856888,-0.30770031907089673,0.7795317456922433,0,0,1.0556340362013437,-1.0103791086555443,1.236355994098332,0.9827358312823081,-10.5,47.5
20231112380,2023,23,Round 23,2023-08-06 06:05:00+00:00,Raiders,Wests Tigers,GIO Stadium,22,18,4,40,1,False,67,0.7904574338337557,bet365,0.7880910683012259,0.7429718875502008,True,0.7596153846153846,-12.5,46.5,False,1.3276849095419767,4.157514764014202,-6.439336493408021,5.337386388484802,2.2156691287086687,10.879411961779624,49.65664343609615,-0.25507692140527816,1.0486518678283048,0.008572507198937984,0.11954135994472104,-1.1795212270853312,-0.875,0,1,0,0,0,0,0,0,17.13475738036027,-14.360460408740892,19.211229698954384,5.743689977331243,6.540298112815535,-7.785124003605432,1,0,1,-4,-140.58746294064395,0,1,-2,-1,0,1.3353384452573096,-0.24593735275250994,0.5339671105700559,0,0,0.9309840698461977,-0.40435437541111235,-0.26010573888404065,1.3134570371676242,-14.5,46.5
20231112410,2023,24,Round 24,2023-08-10 09:50:00+00:00,Sea Eagles,Panthers,4 Pines Park,12,24,-12,36,0,False,71,0.24248408379615197,bet365,0.19093851132686082,0.14809960681520315,True,0.14473684210526316,16.5,42.5,False,-1.1391084742597717,-9.525802435437463,13.119714571289524,-3.778558768030763,-6.010923748236152,-362.1552140822696,-104.13159205073737,-0.7232480338271072,-10.108328230509699,2.230470635710999,0.0301642930812962,-0.9432514640229783,1.0069444444444446,0,0,0,0,0,-1,0,0,-101.77075118741595,-10.15240304244088,-57.87997863107867,-44.98687204370883,11.248502529812399,-9.56872005406916,-2,0,-1,0,-18.07819393745386,1,0,0,1,0,-4.0360698404448385,0.4359084821647557,-1.0537813428932379,0,0,-1.509545721569872,2.526524118874967,-2.1705813190016126,-1.4439234739565272,13.5,43.5
20231112420,2023,24,Round 24,2023-08-11 08:00:00+00:00,Sharks,Titans,PointsBet Stadium,36,6,30,42,1,False,69,0.7352410659607393,bet365,0.6547619047619047,0.7504873294346978,True,0.7449392712550608,-10.5,48.5,False,1.0213786972348784,0.8907099985363303,-0.6136869569226135,-5.748164268711406,-0.40745064468590897,35.33845517715099,15.183458466737306,-0.2591558990459033,-1.6207276087449785,1.1605032635956896,-0.033813714274759654,1.1002852320546168,-1.0659722222222223,0,1,0,0,0,1,0,0,-8.105058603982343,-4.656352000173655,-40.04099737347801,20.33837103319746,16.253919736471886,-22.41367258655552,0,0,0,-1,-35.64073422956562,-2,1,0,-1,0,1.4132365210837277,-0.1366989540875838,0.24481747015675437,0,0,0.6316867173423781,-0.7815498037413497,0.8671021801323767,0.6400373552459965,-6.5,48.5
20231112430,2023,24,Round 24,2023-08-11 10:00:00+00:00,Broncos,Eels,The Gabba,54,10,44,64,1,False,69,0.6607343295341253,bet365,0.7065217391304348,0.7619047619047619,True,0.7616279069767441,-12.5,47.5,False,0.6665683478765472,7.200568938136378,-11.350795259563242,-1.8179859891102126,-0.7815853602114515,127.8054443729443,66.12055869824565,1.5533932867696496,8.13014355055708,2.061587496901998,2.064509739757794,-4.297262349715265,0.958333333333333,0,1,0,0,0,-1,0,0,7.635893140552639,-40.08018263883247,30.64280328614936,35.61064408339132,-18.537371590155445,-6.413730742911071,1,1,0,2,45.108638496735786,1,0,0,1,0,1.7379033229173515,0.0654784562031096,0.19766632719905577,0,0,0.23621587133292765,-1.501687451584423,0.1668086198462091,0.8785504038913082,-9.5,46.5
20231112440,2023,24,Round 24,2023-08-12 05:00:00+00:00,Rabbitohs,Dragons,Barlow Park,26,14,12,40,1,False,68,0.7073223683249418,bet365,0.8345428156748913,0.867224880382775,True,0.8648648648648649,-18.5,50.5,False,0.8824147583634984,3.7746527762273985,-2.337906334642099,-2.4386601456813537,-1.4786828625440407,69.56108936782448,9.481572308001091,0.89257388167906,0.5888820136242714,1.5223679055724268,0.6786367180820418,5.870020905252083,0.7673611111111107,1,1,1,0,0,0,0,0,41.352820319723946,15.869604189415611,-8.574327720189245,26.526604497652443,7.530939352845181,6.575260286738171,0,0,-1,0,-32.621954163005,2,-1,0,1,0,2.4135085497484825,-0.0809998218476301,0.5110475329319146,0,0,1.0365872751403578,-1.3769212746081247,0.7106472290196679,1.6181715924028561,-15.5,50.5
20231112450,2023,24,Round 24,2023-08-12 07:30:00+00:00,Wests Tigers,Warriors,FMG Stadium Waikato,22,30,-8,52,0,False,68,0.19748238510296423,bet365,0.15848527349228608,0.19093851132686082,True,0.16964285714285715,14.5,46.5,False,-1.4021044137792416,-14.02840560625571,11.573272030369576,-3.2178644168724873,-3.2409330893802135,-119.88928591424724,-69.55992369670514,-3.225684846916541,-3.323216619701661,-0.3065546753876731,1.9379105488335115,3.760826992941361,-1.9201388888888893,1,0,1,0,0,0,0,0,-49.90087827193372,-34.306744669746195,-5.040856961697045,-25.22388902425881,14.670612383768429,-6.8522987601012915,-1,0,0,0,2.582222820707827,1,1,1,3,1,-4.36408764713935,0.0507827174334301,-0.5756645565158878,0,0,-2.2565902426281013,2.107497404511249,-0.7200912151512129,-1.669541836503806,16.5,46.5
20231112460,2023,24,Round 24,2023-08-12 09:35:00+00:00,Roosters,Dolphins,Allianz Stadium,30,14,16,44,1,False,20,0.6506979080556163,bet365,0.7153534059363656,0.7504873294346978,True,0.75,-10.5,46.5,False,0.6221083508252809,-1.208751506021276,-5.3363134585748995,-4.450896189206773,-3.2528305553902044,-97.23552713849222,-74.56569740458656,-1.3405516294635396,-5.9675791000576766,3.067886988727519,3.2098179997908707,-0.31599088333732794,1.9027777777777786,0,1,0,0,0,0,0,0,15.418600351029113,-6.510789636640595,21.82504241070606,18.090806639192778,-17.986459062229116,-12.122784079850362,-1,0,0,1,8.107461058899474,0,0,0,0,0,0.543011407574111,-0.020429020556537836,0.16112217005084614,0,0,-0.5826487631814287,-1.1256601707555398,-0.13417643897956033,0.9215283046404038,-10.5,47.5
20231112470,2023,24,Round 24,2023-08-13 04:00:00+00:00,Storm,Raiders,AAMI Park,48,2,46,50,1,False,70,0.6780122655363995,bet365,0.7346938775510204,0.7741347905282332,True,0.7661596958174905,-12.5,43.5,False,0.7446519254474596,3.309396261808015,-1.7496930990254462,4.98420620112401,-1.2455280043359096,-17.974927388966762,-27.969714663522893,-0.17359559347405185,-1.7569237414257088,-3.0298908140162197,0.7206782291005922,2.3191657042543454,1.8368055555555554,0,1,0,0,0,0,0,0,38.54350045333274,14.770435282235468,-33.552054565473156,3.4243793624040677,53.90074037416649,-27.575584444126804,2,1,-2,2,28.852169717186086,0,1,0,4,-1,1.901408890200394,-0.181363610160861,0.3498605123024573,0,0,0.8850122844746529,-1.016396605725741,-0.1242173478509962,1.0185695809945734,-10.5,43.5
20231112480,2023,24,Round 24,2023-08-13 06:05:00+00:00,Knights,Bulldogs,McDonald Jones Stadium,42,6,36,48,1,False,68,0.7555997600862393,bet365,0.7931034482758621,0.7504873294346978,True,0.7319587628865979,-10.5,48.5,False,1.128704609172239,9.472069157625768,-18.32921993658003,1.0035405193165445,1.3684007116469274,205.85660471853544,82.12028104551212,2.1238128434359185,14.524474591592188,1.4852873319691984,-1.6915319080320685,-14.221762057738388,-6.059027777777778,0,0,0,0,0,0,-1,0,53.67485562611478,20.583596468059568,6.094972980624135,33.61570692395017,-6.619420746519083,12.318799731754268,0,0,0,-4,-102.73143404748866,-1,1,1,1,0,3.337223190968727,-0.45534863271035286,0.653894825176278,0,0,1.2626090289063827,-2.0746141620623435,1.1639375218968435,1.343734746701095,-13.5,47.5
20231112510,2023,25,Round 25,2023-08-17 09:50:00+00:00,Cowboys,Sharks,Queensland Country Bank Stadium,12,32,-20,44,0,False,71,0.5417994186307377,bet365,0.6030150753768844,0.6079404466501241,True,0.6134663341645885,-5.5,47.5,False,0.16758881778772478,-2.7353689816244504,1.241453245892302,0.9150801378375064,1.888730000185035,17.482009697114336,34.036734664424785,-0.7798828119641321,-5.805509594645571,0.6790818470202851,-0.9406982093343119,3.8679716588935875,6.125,0,1,0,0,0,0,1,0,-9.112204211463336,-2.3260520100887163,-14.652235122139189,-6.865662456056555,14.731745376821067,-17.613291246515587,0,0,0,-1,-11.04044963102173,1,0,-1,0,1,-0.6198193511196687,-0.21166092025585925,0.041247829591475244,0,0,-0.4412411372513559,0.17857821386831224,0.13533243125818517,0.41804389031502426,-4.5,47.5
20231112520,2023,25,Round 25,2023-08-18 08:00:00+00:00,Warriors,Sea Eagles,Go Media Stadium,29,22,7,51,1,False,69,0.7039688141336213,bet365,0.6919642857142858,0.8077544426494345,True,0.8049586776859504,-14.5,46.5,False,0.8662692506401839,12.572841317954197,-4.49837861885889,-3.229169320769202,4.681585868377056,243.50278284697993,34.62197876885966,1.7624209350725586,0.978503811854722,-0.0419148298715708,-0.8995922145079529,0.8805265267177234,-1.9027777777777777,0,1,0,0,0,0,0,0,10.68974470445778,-3.829238435478146,26.587031854139695,1.0754671160592295,-13.143515830262984,-6.826377928624339,0,0,0,-2,-30.6772863636891,1,-1,1,1,0,2.738312546149148,0.045839842349547744,0.20091646897615204,0,0,1.6573406142386442,-1.0809719319105036,-0.9133128310735299,0.8093186123219878,-8.5,45.5
20231112530,2023,25,Round 25,2023-08-18 10:00:00+00:00,Eels,Roosters,CommBank Stadium,12,34,-22,46,0,False,72,0.5831969791940188,bet365,0.5769230769230769,0.40954773869346733,True,0.4183673469387755,3.5,44.5,False,0.33591126294454976,-4.015191557070278,14.982035346610658,1.301353615507594,0.08351727541389664,-147.86285091191326,-88.91423863470038,-1.5970558114293913,-6.758201960777509,-1.1131345368626935,-3.101115684706162,1.2188373030435713,0.9826388888888893,0,0,0,0,0,0,0,0,-18.825075858762943,4.192620704595811,23.705679821950525,-47.758726627478964,1.0353502421697272,-30.070662635143265,1,1,0,-2,-50.19738284824696,1,1,-1,1,1,-0.03553883944022862,-0.03709518075092094,0.07034873375958328,0,0,0.9516269416529697,0.9871657810931986,0.08738656473734879,0.3101549283038393,-3.5,43.5
20231112540,2023,25,Round 25,2023-08-19 05:00:00+00:00,Wests Tigers,Dolphins,CommBank Stadium,24,23,1,47,1,False,21,0.39389725151117744,bet365,0.423076923076923,0.6411483253588518,True,0.649164677804296,-6.5,47.5,False,-0.4309594313371702,-1.946454530677574,0.7432964112179405,-8.773196320713438,-2.6939899034078394,-132.7757012273005,-104.49172164082358,-1.4108767920525853,-5.12918080152005,3.463632699143405,1.8586033440829635,-5.518277291088502,0.08680555555555536,0,1,0,0,0,0,0,0,10.507157805676798,-14.149706124094081,40.70125337497109,-19.94747823231876,3.9030887871186195,-14.277644502021673,0,1,-2,-4,-134.39245423432786,-2,-1,-1,-3,0,-0.9007275187414439,-0.14610821802808083,0.30054591551043763,0,0,-0.8241881458226219,0.07653937291882185,0.3097670366184696,-0.3101549283038397,3.5,46.5
20231112550,2023,25,Round 25,2023-08-19 07:30:00+00:00,Titans,Panthers,Cbus Super Stadium,14,40,-26,54,0,False,70,0.17807251156973494,bet365,0.17293233082706766,0.10625620655412116,True,0.10761421319796957,20.5,43.5,False,-1.5294613418672316,-11.150029579398133,17.592606193253857,0.8774266648276665,-4.839501118459928,-299.16796835542164,-60.15063115179635,-0.3275005364137664,-3.905621684064819,-0.335537438633148,0.5355140639893818,7.730054220423526,-0.9236111111111116,0,1,0,0,0,0,0,0,-26.18257166727915,-28.61055326367037,5.133847077132231,-25.154765028457234,22.448899547716252,-2.083155413753815,1,1,2,1,11.417906546175118,1,-2,-1,-2,1,-4.692675681291828,0.5405998505143133,-1.440442957822205,0,0,-1.3265217158636018,3.366153965428227,-1.3156648786822185,-1.5649861498632667,16.5,44.5
20231112560,2023,25,Round 25,2023-08-19 09:35:00+00:00,Dragons,Storm,WIN Stadium,28,38,-10,66,0,False,69,0.27369290754630515,bet365,0.24804687499999997,0.17293233082706766,True,0.1704035874439462,16.5,44.5,False,-0.9759662152779885,-12.073101629913715,11.755758931198338,-4.269509692018687,-0.251528010009352,-90.05683317368153,-21.08982033359848,-2.3219045927903554,-10.486714713599525,0.25142003874838004,-0.9451200850278418,0.22018160640125117,0.958333333333333,0,1,0,0,0,0,0,0,-73.62606231551467,-66.38375005727156,-19.997043729321888,-5.772134337262287,18.526865808341043,-42.45698431968472,0,0,1,0,71.57287814505057,1,-1,0,0,1,-3.7807015424692687,0.06789488737998495,-0.5457250419586193,0,0,-1.7345361261959222,2.0461654162733462,0.2400277683039127,-1.1090562478291932,11.5,44.5
20231112570,2023,25,Round 25,2023-08-20 04:05:00+00:00,Knights,Rabbitohs,McDonald Jones Stadium,29,10,19,39,1,False,70,0.514539430530305,bet365,0.4764397905759163,0.4080604534005038,True,0.4055415617128464,4.5,48.5,False,0.05817412278153856,8.92876174596984,-8.013206586139201,4.924132597757179,1.4287232792757223,80.73613882291966,60.97492208517281,1.634045060086465,17.317672117485504,-0.8863541992506878,-0.9917636363824975,-3.728466150171588,-1.0451388888888884,0,0,0,0,0,0,0,0,30.159446410176542,-5.760939166677048,24.30332885212016,29.33092132054921,-17.713864595815863,-7.320241101594121,1,1,0,-1,-12.70263449082637,0,1,-2,0,0,0.5995946951580227,-0.3691845496185371,0.03992680227152412,0,0,0.374176972926097,-0.2254177222319257,0.15532253172589783,-0.09431067947124093,1.5,47.5
20231112580,2023,25,Round 25,2023-08-20 06:05:00+00:00,Raiders,Bulldogs,GIO Stadium,36,24,12,60,1,False,69,0.7569680500704212,bet365,0.7346938775510204,0.6986899563318778,True,0.7043478260869566,-7.5,45.5,False,1.1361281306738233,-1.4356457449201514,-7.629424132853771,-0.6131982886857088,-0.5396155703185883,-41.34327512089658,12.26377210630693,-0.30868721355974404,2.3779828242523386,0.48694147508301633,0.014850253399838031,-10.499535932833112,0.08680555555555536,0,1,0,0,0,0,0,0,-0.9048440736991097,-24.778407481901866,55.341364450476874,-9.876090368988088,-21.591710673286116,-13.290054075086573,1,0,0,0,-1.5036215467509066,0,1,1,2,0,1.4031793180493632,-0.06108612190821261,0.2027407927344496,0,0,0.3579034996894973,-1.0452758183598663,1.0208331064320237,1.0185695809945734,-10.5,44.5
20231112610,2023,26,Round 26,2023-08-24 09:50:00+00:00,Panthers,Eels,BlueBet Stadium,18,32,-14,50,0,False,77,0.832809699140339,bet365,0.8345428156748913,0.879120879120879,True,0.859514687100894,-18.5,43.5,False,1.6056724738996089,13.947557928330799,-23.363866115424266,8.2978502614681,5.337733228024618,357.05007178964047,122.80508503421083,1.2871152184862922,15.056045018690227,-3.0845143147051566,0.563848417811343,-6.5542256197810005,-0.895833333333333,0,0,0,0,0,0,0,0,44.10209269092934,23.773406035491462,25.73556403904422,54.62868605005957,-60.03556343366576,19.940000861152214,1,0,1,2,103.36750399311885,0,1,-1,0,-1,4.315066470962948,-0.7998983173987794,1.4118833694976725,0,0,1.103525033821689,-3.211541437141258,-0.45296390301050105,1.6181715924028561,-16.5,43.5
20231112620,2023,26,Round 26,2023-08-25 08:00:00+00:00,Warriors,Dragons,Go Media Stadium,18,6,12,24,1,False,70,0.8088960117425096,bet365,0.8270676691729323,0.8519003931847969,True,0.836231884057971,-16.5,49.5,False,1.4428526485103539,8.606551571735956,-10.969009298696246,3.258736920524669,2.687453098437409,143.09689492825692,20.937645088220165,1.934767689439215,2.277516573033921,0.9539606056923056,0.21970470758094152,-3.569979773154195,1.0659722222222223,0,1,0,0,0,-1,0,0,-19.45495215743688,9.497378929172498,-2.145976248902741,-28.68472381337554,1.87836897566892,-16.463704472514507,0,0,-1,-1,-3.647854757393638,0,-2,0,-1,0,3.573581318895051,-0.38409840486137803,0.3638724484745015,0,0,1.3858202126002117,-2.187761106294839,0.5395248580604353,1.5649861498632662,-16.5,47.5
20231112630,2023,26,Round 26,2023-08-25 10:00:00+00:00,Dolphins,Cowboys,Suncorp Stadium,10,34,-24,44,0,False,22,0.44926712627782706,bet365,0.2982456140350877,0.29978118161925604,True,0.28941684665226786,8.5,48.5,False,-0.2036322420472468,0.7559459863707119,3.632982296770166,-1.9980258367352803,-0.6466941565544673,-48.445273136757805,-38.059356407297514,0.23631455306454896,-4.318609690075071,-0.563936742671082,1.6263635600230542,1.897132352422716,-1.7986111111111116,0,0,0,0,0,0,0,0,-5.8608019549822075,-10.859000826107746,3.1916354430080105,0.7304927621322008,1.0760706659853412,15.54441906500466,1,0,1,1,1.7680971813492903,2,-1,-1,2,-1,-1.3571127341076406,0.4304258700824399,-0.609125403055774,0,0,-0.35699240545826905,1.0001203286493716,0.358493841973958,-0.8556661100577202,9.5,47.5
20231112640,2023,26,Round 26,2023-08-26 05:00:00+00:00,Storm,Titans,AAMI Park,37,16,21,53,1,False,71,0.8094902263203384,bet365,0.8345428156748913,0.8800880088008802,True,0.8769931662870158,-21.5,49.5,False,1.4467012006649724,16.795774501088026,-12.064524716276196,-4.86612446085131,2.001698558373171,79.71096427799193,5.9989928226057145,1.8271243800302974,4.809650805954341,0.9080568604962007,0.4252869364108989,-13.512083739178884,-0.08680555555555536,0,1,0,0,0,0,0,0,80.60690677713069,25.332174881166424,-20.250195585114483,29.807829455877894,45.717098025200855,-4.662908506720953,0,0,-2,-6,-211.86211103668126,0,-1,0,-1,-1,3.6554503735962944,-0.09156674830766631,0.7018001483503903,0,0,1.7926505356809002,-1.8627998379153947,0.8513197039239655,1.6181715924028561,-16.5,48.5
20231112650,2023,26,Round 26,2023-08-26 07:30:00+00:00,Roosters,Wests Tigers,Allianz Stadium,32,8,24,40,1,False,70,0.82791592655086,bet365,0.8090614886731391,0.8219178082191781,True,0.8193146417445484,-15.5,46.5,False,1.5709284547348934,6.896063692309859,-9.661698180755113,-0.1675619082693771,1.9381404639697735,142.00533396924902,40.307506577839945,2.6911611629643257,6.741466337791017,1.4993883724116088,-0.057258511186367045,-2.3420421815374652,0.7916666666666661,0,0,0,0,0,0,0,0,69.31503779194963,29.68460797615728,-5.547643428448225,22.540806151442908,22.637267092797657,20.709509651137807,1,0,-1,-1,-30.798370269025995,1,1,0,3,0,2.087257399809955,-0.29672521322366857,0.6374996767633712,0,0,0.658949562365545,-1.4283078374444096,-1.2072896560937116,1.4439234739565265,-13.5,45.5
20231112660,2023,26,Round 26,2023-08-26 09:35:00+00:00,Raiders,Broncos,GIO Stadium,18,29,-11,47,0,False,70,0.3955006962060259,bet365,0.2982456140350877,0.2903225806451613,True,0.2706611570247934,8.5,44.5,False,-0.42424797082379084,-16.082330346940097,14.108031005521084,-4.175406683284223,-2.672646630852938,-291.2266166883794,-13.023670944035814,-3.518438665047734,-6.653037541278479,1.0095575511746286,-1.4637728511322132,7.003873330080612,-7.854166666666667,0,1,0,0,0,0,-1,0,-28.27367629396656,-14.603794724686907,4.727160774070768,-22.029147574271207,3.6321052309207715,-2.2973036277045082,0,-1,0,-3,-151.3150341954146,0,0,-1,-1,-1,-3.5020924585931112,0.4554071999904328,-0.8662469746973072,0,0,-1.4452045775342353,2.056887881058876,0.05822099373020362,-0.8556661100577202,9.5,44.5
20231112670,2023,26,Round 26,2023-08-27 04:00:00+00:00,Bulldogs,Sea Eagles,Accor Stadium,24,42,-18,66,0,False,70,0.3989868863393129,bet365,0.30803571428571425,0.38423645320197053,True,0.3802469135802469,5.5,47.5,False,-0.40968820399983824,-0.1959250880138761,12.517526806319015,-7.6410083884913576,-0.5510504287828653,-0.7096627919563616,-32.857567303457586,0.10799426539026147,-2.1147340612439294,0.8917046661607877,0.005943473473895011,16.725422370172094,-1.9201388888888893,0,0,0,0,0,0,0,0,-10.610763742664176,-3.88419855292895,-4.792241784305162,-13.537729551815886,11.603406146385836,17.881097534018522,-1,0,-1,-1,-4.539565933055769,-1,1,-1,0,-1,-2.170450297648493,0.18274031009133196,-0.6935000665718023,0,0,-0.31324116965313875,1.8572091279953544,0.32479643855127366,-0.8093186123219875,8.5,45.5
20231112680,2023,26,Round 26,2023-08-27 06:05:00+00:00,Knights,Sharks,McDonald Jones Stadium,32,6,26,38,1,False,71,0.4972776280674787,bet365,0.5235602094240838,0.6787330316742082,True,0.6658878504672897,-7.5,45.5,False,-0.010889595339142945,4.633461715460296,-3.7403645604785893,-1.3630753837778684,2.581719557921538,-50.62900403853564,-16.86975396644118,2.5356582754076005,5.020339575244968,1.169769522370439,-0.9212369297205676,-5.5028300086079724,-2.760416666666667,0,0,0,0,0,0,0,0,56.08344537523544,32.08361859114626,-1.2537086489188596,45.34018456095822,-20.086649127950153,29.98251810306445,-1,-1,0,2,37.40596482921312,1,0,0,1,-1,0.16751217870478197,-0.35997707244613597,0.15989819508687816,0,0,-0.04854920678294938,-0.21606138548773113,-0.10824663600007556,0.09431067947124142,-1.5,44.5
20231112710,2023,27,Round 27,2023-08-31 09:50:00+00:00,Broncos,Storm,Suncorp Stadium,22,32,-10,54,0,False,71,0.6005867843400888,bet365,0.586734693877551,0.6157635467980296,True,0.6163366336633663,-4.5,43.5,False,0.4079106419941346,0.8819137092545759,-2.9788803468643863,-6.215892529842165,2.7652752918395294,65.71249857805742,-3.7871320284864396,1.8125857787782849,0.1912818230071167,2.750422016659602,-0.4823919245194803,-2.1161652446109187,-0.19097222222222232,0,1,0,0,0,0,0,0,71.13880327209296,32.131560817785626,27.798473960716052,12.96447057386645,-1.7557020802752277,64.82207749963202,0,-1,-2,-2,-75.56138929963464,-4,0,0,-4,0,0.15965618882866328,-0.22307001377849067,0.2999005729564894,0,0,0.03614763132145876,-0.12350855750720435,-0.19211395999309633,0.35048297369081105,-3.5,43.5
20231112720,2023,27,Round 27,2023-09-01 08:00:00+00:00,Sea Eagles,Wests Tigers,4 Pines Park,54,12,42,66,1,False,71,0.7699908274126963,bet365,0.6919642857142858,0.7894736842105263,True,0.797274275979557,-14.5,48.5,False,1.2082594133833913,9.169980962507228,-4.1499788498422525,4.913520942401362,0.7867029422931253,11.233742685304378,-11.830483447411893,2.5853846712153636,2.0354632955922156,-1.8202494762361958,-0.6320996532515952,-6.449549610184462,-0.8541666666666661,0,0,0,0,0,1,0,0,21.201862338625688,33.27889355853776,-15.115361272471347,-7.785153766331391,10.823483818890779,6.84454994958989,-1,-1,-2,-3,-124.17911673220007,-1,-1,-1,-2,1,1.89828806059168,-0.26330861199353667,0.7784847997529885,0,0,1.0571111627004295,-0.8411768978912509,-0.24839719755916045,0.8093186123219878,-8.5,47.5
20231112730,2023,27,Round 27,2023-09-01 10:00:00+00:00,Rabbitohs,Roosters,Accor Stadium,12,26,-14,38,0,False,74,0.5505625022889264,bet365,0.5,0.5618556701030928,True,0.5666666666666667,-3.5,43.5,False,0.2029436912576035,-7.67212916246314,9.365940288087238,-7.185388154449782,-0.9898427300681192,-107.2022030678379,-97.22528848633863,-1.8969539573460903,-6.178931527859952,0.8838133570646161,-1.789243088631543,4.916337556350257,6.142361111111112,0,0,0,0,0,0,1,0,-75.87072343466491,-28.153776570111972,-33.9704973970145,-7.65191666080122,-6.094532806737291,-38.0853671512495,0,0,0,1,10.942881344591086,1,0,0,0,1,-0.1064239563173654,-0.025268694536164926,0.08786901934315944,0,0,0.3977377189658792,0.5041616752832445,-1.1400027241411648,0.0,1.5,45.5
20231112740,2023,27,Round 27,2023-09-02 05:00:00+00:00,Dolphins,Warriors,Suncorp Stadium,34,10,24,44,1,False,23,0.34343465695049497,bet365,0.5107273678702251,0.6411483253588518,True,0.6442307692307693,-6.5,52.5,False,-0.6480253548852983,-8.795688507036122,13.41277589455702,-2.830681329400022,-4.168129455032535,27.660603427103524,7.845658382087436,-1.2953561727561667,-2.570832178416026,-1.190831069310656,-1.0816815353070828,9.754524489965469,-0.08333333333333304,0,1,0,0,0,0,0,0,103.78006674633059,39.00399379847306,7.569435165845874,29.121333229372112,28.085304552639627,58.66126491467617,-4,-1,-1,-4,-228.57057269472446,0,0,-2,-2,0,-2.7650885992223175,1.1622268398038984,-1.562921892690485,0,0,-0.8977955297546162,1.8672930694677015,-0.0016960443566566008,0.042916057124405785,-1.5,48.5
20231112750,2023,27,Round 27,2023-09-02 07:30:00+00:00,Panthers,Cowboys,BlueBet Stadium,44,12,32,56,1,False,73,0.7773818833202439,bet365,0.586734693877551,0.7867132867132867,True,0.7891986062717771,-12.5,42.5,False,1.250473891722188,3.529463552075544,-2.4001444088491297,1.8741453152260021,2.750193225317325,59.579404863148284,-39.7201178514639,-0.1977067832452759,8.09340794421994,-0.7439742840151915,0.8896033227979814,-3.7235865390300944,1.0069444444444455,0,1,0,0,0,0,0,0,95.02748528345012,23.77080066472533,11.635976477709761,34.715731830751594,24.90497631026352,9.682151305421058,2,0,1,3,101.28544320615768,0,2,0,3,0,2.634160745109742,-0.23339758775423203,0.6793769146337066,0,0,0.7545672808600583,-1.879593464249683,-1.4694957724410271,0.35048297369081105,-3.5,41.5
20231112760,2023,27,Round 27,2023-09-02 09:35:00+00:00,Dragons,Knights,Netstrata Jubilee Stadium,12,32,-20,44,0,False,71,0.3210520336300854,bet365,0.3452380952380952,0.49868766404199477,True,0.5078125,-1.5,47.5,False,-0.74894128335325,-15.313017208668072,15.832505668818138,-4.381605499700697,-5.502015207158166,-346.9444911515716,-105.91780729855799,-4.902418719314908,-22.2804748462478,0.801212818286638,1.0808427014772066,7.932154411438827,1.9201388888888884,0,0,0,0,0,0,0,0,38.58543141020016,4.014560637129421,47.27317487539389,-32.01273234758668,19.310428245263594,22.646768956980907,-2,0,-2,-7,-340.02087425020846,0,0,-2,-1,-1,-3.635770950495827,0.8373980679395923,-1.269844293705672,0,0,-1.5741507588157124,2.061620191680114,-0.02792692740487146,-0.6400373552459971,6.5,45.5
20231112770,2023,27,Round 27,2023-09-03 04:00:00+00:00,Titans,Bulldogs,Cbus Super Stadium,34,30,4,64,1,False,71,0.672507061628523,bet365,0.7017543859649122,0.7741347905282332,True,0.7553398058252427,-13.5,56.5,False,0.7195461193653824,-4.246437974931752,-5.679452784664498,12.075558505915666,2.336618448544691,46.888847469720986,84.12301033272576,0.2992268668669542,7.114189735006214,-3.055380537708654,0.7011319928917654,-1.938957898294973,0.958333333333333,0,1,0,0,0,0,0,0,27.086819661696495,-23.17954530558424,43.827274536934084,9.91031483634913,-3.4712244060024915,-24.18315592864309,1,0,1,2,96.15168172045128,0,0,1,1,1,1.3143963401832504,0.013155861252361234,0.027108350021213146,0,0,0.2548680306369392,-1.0595283095463117,1.9081253879764841,0.8556661100577201,-8.5,51.5
20231112780,2023,27,Round 27,2023-09-03 06:05:00+00:00,Sharks,Raiders,PointsBet Stadium,24,6,18,30,1,False,73,0.6687814233113764,bet365,0.660377358490566,0.7429718875502008,True,0.754863813229572,-11.5,45.5,False,0.7026787752615967,1.2654476086777748,-7.363305981066588,1.7221741529450156,-0.7552142213677939,311.1815006571869,63.44013041942674,0.03574516130490579,2.639735083877113,-0.3677766024027278,1.1943520843514825,7.918052137426962,-0.854166666666667,0,1,0,0,0,0,0,0,85.87278345864354,52.248352688079365,13.503777446543609,-6.4516415199919095,26.572294844012575,33.059195854883484,0,1,-1,-3,-112.53459097206402,-1,0,-1,1,-1,2.231820193288566,-0.14103853207087136,0.3120053772568471,0,0,0.8912230484325034,-1.340597144856063,0.19345572888716767,0.6649763035932489,-6.5,43.5
20231112810,2023,28,Finals Week 1,2023-09-08 09:50:00+00:00,Broncos,Storm,Suncorp Stadium,26,0,26,26,1,False,72,0.5504095380854631,bet365,0.6030150753768844,0.5904522613065327,True,0.5919395465994962,-4.5,42.5,False,0.20232553208782283,-2.2272044933895856,0.7293711808111496,-8.154208949887263,0.8323394941710944,17.223213270040787,4.723477122509621,1.008989841984488,-2.720512983566344,3.107444297614,-0.6302799460853432,1.3455962538493509,0.0,0,1,0,0,1,0,0,0,-26.55669729786473,-40.94800669316558,25.27365060506844,6.88320065762079,-17.765541867388265,-26.778083582780937,0,0,0,1,44.92817692756107,-1,0,-1,-2,0,0.2421301199229422,0.1605926866716123,-0.11383911907945257,0,0,-0.21074331601344398,-0.45287343593638485,0.2796357412926891,0.41804389031502426,-4.5,42.5
20231112820,2023,28,Finals Week 1,2023-09-09 06:05:00+00:00,Panthers,Warriors,BlueBet Stadium,32,6,26,38,1,False,72,0.7695033035983696,bet365,0.7880910683012259,0.8576874205844981,True,0.8602015113350127,-18.5,41.5,False,1.2055087164249607,10.464968916675755,-5.171070518764855,6.785140518822274,2.9906037933434533,265.76596160362806,35.67097609702569,1.8333659737415458,18.066436613367628,-3.624893240808726,-1.252690335477447,-0.29276490873121475,-0.10416666666666696,0,1,0,0,1,0,0,0,114.7853389455779,59.77077372053637,-7.106042465538394,53.289750279558746,8.830857411021142,26.985270527526183,-2,-1,0,-1,-55.12728158552819,-2,-1,-1,-5,0,2.7675869847362025,0.30833219593172956,0.017078605333151253,0,0,1.1029380451376325,-1.6646489395985689,-1.9199414922053848,1.3134570371676242,-12.5,40.5
20231112830,2023,28,Finals Week 1,2023-09-09 09:50:00+00:00,Sharks,Roosters,PointsBet Stadium,12,13,-1,25,0,False,74,0.5784989933936477,bet365,0.5352480417754569,0.47573319491305477,True,0.4792746113989638,1.5,40.5,False,0.3166146410122178,-5.305754386971856,2.7665643514827547,-0.1538123083518883,-0.7619405711219542,21.873763252441222,4.68060376736139,-2.636919241408057,3.098648356181954,0.1529348295187951,-1.3274971585714344,7.7030537146339455,-1.8368055555555554,0,0,0,0,1,0,0,0,-19.24510544948282,10.780253508253253,-3.3572987911752534,-25.866821335211597,-0.8012388313492664,10.405058997421918,0,0,0,-1,-62.522786014538454,0,-1,1,-1,0,0.45620926085752833,0.04101160460516606,-0.01633471088458499,0,0,0.5589125365896801,0.1027032757321521,-1.8029690747183522,0.14122642884632305,-1.5,39.5
20231112840,2023,28,Finals Week 1,2023-09-10 06:05:00+00:00,Knights,Raiders,McDonald Jones Stadium,30,28,2,58,1,False,73,0.6814942804452835,bet365,0.7619047619047619,0.8219178082191781,True,0.8273273273273273,-14.5,43.5,False,0.7606474258679851,16.00259610592305,-15.902547415291744,5.555085933849568,5.02266308571766,290.2372943273092,88.7481778677328,3.604949745527791,15.753045251363737,-0.8087335311190724,-0.9230326589941287,-9.886508681739912,0.854166666666667,0,1,0,0,1,0,0,0,132.3138684933259,28.286250897173232,21.06270436311081,73.1086766812007,9.856236551840993,8.043534831173105,3,1,-1,-3,-108.18304227854836,3,0,1,8,0,4.051951020570618,-0.03358929401803712,0.44736497932337044,0,0,1.9215339727304368,-2.130417047840181,-0.48004782914552524,1.1631508098056806,-11.5,42.5
20231112910,2023,29,Finals Week 2,2023-09-15 09:50:00+00:00,Storm,Roosters,AAMI Park,18,13,5,31,1,False,76,0.6306314310104342,bet365,0.6818181818181818,0.6986899563318778,True,0.696035242290749,-7.5,39.5,False,0.5349266114021891,0.49735637877913774,7.77313993530921,2.6665963143478564,0.5762236198226987,-100.76982735647903,-10.281539146957925,-1.2644265175759921,-3.447899180117645,-2.11571022787078,0.3356903048715001,5.03916556146482,1.0,0,1,0,0,1,0,0,0,-16.562698180661073,-42.530308667876795,-27.669396066236715,31.272422368214734,22.364584185237703,-45.42184876464225,2,1,0,1,25.844602355402913,0,-1,0,1,-1,0.8298194713757223,0.17371861911570252,0.2916164071994923,0,0,1.0947233389312212,0.2649038675554991,-1.530949286167787,0.7621400520468965,-6.5,38.5
20231112920,2023,29,Finals Week 2,2023-09-16 06:05:00+00:00,Warriors,Knights,Go Media Stadium,40,10,30,50,1,False,73,0.5445199803889275,bet365,0.6265356265356266,0.6328502415458938,True,0.6277372262773723,-5.5,41.5,False,0.17855278563069235,-14.273933134256318,7.963738570571845,-0.5639616541750456,-1.1863586704023348,-180.7935104533317,-33.12656163621034,-2.8282137454816527,-12.549252263743803,0.5290300842906692,0.7831211696971687,3.8188908173688603,1.0,0,1,0,0,1,0,0,0,-69.23196547720113,-11.726603816056212,3.001001530550269,-73.49656035769272,12.990197165997586,2.7043546737394024,0,0,0,1,-2.5838924195597883,-1,0,-1,-1,0,-1.513604872387515,0.04146097307960728,-0.005856055205054889,0,0,-1.0795895727542386,0.43401529963327623,-0.8334475152044172,0.5173830243121499,-4.5,41.5
20231113010,2023,30,Finals Week 3,2023-09-22 09:50:00+00:00,Panthers,Storm,Accor Stadium,38,4,34,42,1,False,77,0.6380194561699083,bet365,0.7619047619047619,0.8077544426494345,True,0.8118022328548645,-13.5,38.5,False,0.5667783143882572,9.961726414501953,-5.950620985029026,4.414660398773023,4.966703244768773,342.0615654094547,54.4335227124439,3.056066792829796,16.556147932998485,-1.2472646072081712,-1.4715696980621429,-9.6299874576986,6.15625,0,1,1,0,1,0,1,0,162.94016929775603,28.7901292128837,44.173858076388456,87.17433411948277,2.801847889001067,1.695946788377114,0,-1,0,-1,-46.33470827727268,0,1,0,1,0,2.8365920891413996,0.39269005105163024,-0.17655388254587895,0,0,0.9448138907202162,-1.8917781984211826,-1.5851073975267842,1.1631508098056806,-12.5,38.5
20231113020,2023,30,Finals Week 3,2023-09-23 09:50:00+00:00,Broncos,Warriors,Suncorp Stadium,42,12,30,54,1,False,73,0.6682217118913413,bet365,0.7519531249999999,0.7619047619047619,True,0.7641509433962265,-10.5,42.5,False,0.7001530835651356,5.9118620087954525,-5.6950603105640365,-2.9102819078389075,0.6213852004963272,-16.653424873689573,-10.479926809385688,2.058065260436889,7.830206743253008,-0.2460463351558868,0.18128553682576953,-2.1040785312459604,6.84375,0,1,0,0,1,0,1,0,2.8626503107211647,-5.489695741069852,8.59483001217248,16.034861960058578,-16.27734592043994,-4.0104027051564515,0,0,0,0,31.205896864332615,0,0,0,0,0,1.403420809428716,0.37651086646998166,0.053995058298626386,0,0,0.7056742901199075,-0.6977465193088097,-1.1198216825426437,1.1090562478291923,-10.5,41.5
20231113110,2023,31,Grand Final,2023-10-01 08:30:00+00:00,Panthers,Broncos,Accor Stadium,26,24,2,50,1,False,74,0.623670694092017,bet365,0.5769230769230769,0.6,True,0.5970149253731344,-3.5,38.5,False,0.5051579215680031,0.6237048565582697,-3.289400642331504,7.588485627055476,3.381608772522604,127.96771455964108,-22.557427713158518,-0.40211327907160754,7.18065355629998,-2.93000113767968,-0.6135218218053593,-2.3718415515365123,1.0,0,1,1,0,1,0,0,0,63.961723231033716,10.288224812862097,-13.243700415825487,45.271577389461896,21.645621444535266,-25.951680573327423,0,0,0,2,56.410032906711386,0,0,0,0,0,1.455625142743223,-0.06947430217529904,0.14485022063935482,0,0,0.2446325768144526,-1.210992565928769,-1.5880672204397503,0.3101549283038393,-2.5,38.5
20241110110,2024,1,Round 1,2024-03-03 02:30:00+00:00,Sea Eagles,Rabbitohs,Allegiant Stadium,36,24,12,60,1,False,75,0.4720320799790296,bet365,0.3658536585365854,0.4932502596053998,True,0.4898477157360407,1.5,40.5,False,-0.11198857499117301,10.409146422669615,-2.551220616444276,5.383004980905099,0.567695060318357,70.11054084528928,9.64803417573387,3.0150043935448005,5.2376484404904815,-1.0085293670179407,-0.1641975099597639,-4.996666616194265,0.0,1,1,1,0,0,0,0,0,81.99667722331685,35.75465216203352,-21.256856305106425,43.80711422976319,23.69176713662668,27.361204919466616,1,0,-1,5,131.37044626968907,1,0,0,4,0,-0.08010636561584888,-0.17145536926515276,0.07356304780130876,0,0,-0.006134427937006736,0.07397193767884216,-0.06606539122328559,-0.5500463369192716,4.5,42.5
20241110120,2024,1,Round 1,2024-03-03 04:30:00+00:00,Roosters,Broncos,Allegiant Stadium,20,10,10,30,1,False,75,0.4323061538275413,bet365,0.39698492462311563,0.39205955334987597,True,0.38072289156626504,4.5,42.5,False,-0.27244824353124353,-6.79688777265407,-1.614904488642388,0.10434949576348629,-0.3302743423028076,-44.14810271587021,-19.126638047786344,-1.0461637256061547,-4.730454289655086,-0.016469819237574512,1.8984320077475196,-3.8679877816770087,0.0,1,1,1,0,0,0,0,0,26.933714713589097,-6.846034336285641,-22.71699473908936,12.300719512295075,44.19602427666901,-17.615112497314215,0,0,0,1,-23.71039300017111,1,2,-1,3,0,-0.8185040279787743,0.007306776567733403,-0.2670442303541008,0,0,-0.6552778520120339,0.1632261759667401,-0.5960407004759698,-0.41804389031502437,3.5,42.5
20241110130,2024,1,Round 1,2024-03-07 09:00:00+00:00,Knights,Raiders,McDonald Jones Stadium,12,28,-16,40,0,False,75,0.6306378080789379,bet365,0.660377358490566,0.700218818380744,True,0.7130801687763713,-8.5,42.5,False,0.5349539884797401,3.9137730655849765,-3.40372038669927,0.43600220616551155,-1.4662709828280924,16.011393350416256,-1.460483256568864,0.63518137306923,0.42067168968175395,0.16440588612327822,-0.5113197654334662,0.8680010101106319,0.0,0,1,0,0,0,0,0,0,96.55086876638575,13.674464665059531,22.9680715115162,66.08935088415589,-6.181018294345833,-13.221829707533885,-1,1,-1,-1,-88.34234766412828,-3,-1,3,-1,0,0.9166533622015989,-0.16317891784238975,0.2740591409642126,0,0,0.4494469737550902,-0.46720638844650886,0.06308290176259904,0.6649763035932489,-6.5,41.5
20241110140,2024,1,Round 1,2024-03-08 07:00:00+00:00,Warriors,Sharks,Go Media Stadium,12,16,-4,28,0,False,75,0.5573355445590977,bet365,0.5949367088607596,0.6234718826405868,True,0.6291866028708134,-4.5,40.5,False,0.23035542636214182,0.7698773475139866,7.0458643598523345,1.6177650945933806,0.3388390176170901,-44.29757923528223,7.253161382150438,0.14027396869203024,-3.762533089451914,-0.9611748694306854,-0.1310373719200193,-3.5367100501226645,0.0,0,1,0,0,0,0,0,0,-19.57038067532926,-37.573225751976054,34.08818869789326,23.880746846926343,-39.96609046817275,-20.37778836648522,1,0,0,2,76.88807621641698,0,1,2,3,1,-0.005070768126784475,0.16362985008318076,-0.03573040870909781,0,0,0.051352461951430894,0.05642323007821515,-0.23850638282245007,0.38441169891033233,-4.5,39.5
20241110150,2024,1,Round 1,2024-03-08 09:05:00+00:00,Storm,Panthers,AAMI Park,8,0,8,8,1,False,78,0.4573953300312283,bet365,0.423076923076923,0.35885167464114837,True,0.34174311926605505,5.5,36.5,False,-0.17083293511578973,-9.738400637867983,6.718623439785855,-8.777265033805023,-4.759060419901701,-269.3313736168459,-39.00070913622909,-1.3403420347434727,-12.698145769383295,2.9259858921861435,1.937993857343014,2.769488140709967,0.0,0,1,0,0,0,0,0,0,-114.98244385069279,-38.63839824043748,-30.142492811233893,-49.32632970157138,3.124776902549968,-11.861552596100921,2,0,0,1,2.8238891279069946,1,0,0,2,0,-1.199268675849981,0.23553264723745143,-0.38909491644977967,0,0,-0.5034333113876163,0.6958353644623647,-0.46434708356942667,-0.3101549283038397,3.5,35.5
20241110160,2024,1,Round 1,2024-03-09 06:30:00+00:00,Eels,Bulldogs,CommBank Stadium,26,8,18,34,1,False,72,0.7387626379667385,bet365,0.6416464891041161,0.6919642857142858,True,0.7335984095427435,-8.5,40.5,False,1.0395472486881479,-0.9895413501798807,-4.92076586030613,2.509804921531199,0.9056547796615604,42.81257139696072,15.069084725391463,0.402267645951758,0.5388950027903618,-0.7998120975372842,-0.1944551736571558,-1.5490029750317618,0.0,0,0,0,0,0,0,0,0,77.75486574028332,46.6500759632344,26.408666881769676,-36.897834485064465,41.59395738034374,18.20295761784837,-1,0,0,-6,-211.23292020204377,-3,-1,-1,-5,0,0.35120244362878666,-0.49605306300589624,0.42106000772203267,0,0,0.1621719406389267,-0.18903050298985993,0.5673407775829387,0.5825175522221068,-5.5,39.5
20241110170,2024,1,Round 1,2024-03-09 08:35:00+00:00,Titans,Dragons,Cbus Super Stadium,4,28,-24,32,0,False,72,0.6121915336316879,bet365,0.6712962962962963,0.6265356265356266,True,0.631578947368421,-5.5,41.5,False,0.4565336226393228,3.74320148891897,2.4797316986366233,6.676891141207605,1.1489674509929273,31.3385527659118,5.586790666168781,1.9018295580048439,6.711662678635427,-2.4301991359191106,0.16659824442482574,0.1576131264453764,0.0,0,1,0,0,0,0,0,0,114.66804860213813,33.97755398557226,42.591817700793115,-7.439632649190713,45.538309564963456,36.791915983025774,0,1,-1,0,-11.560731863479845,-1,0,2,3,1,0.21407768382800013,0.05637666858909002,0.03081790533124046,0,0,0.17896753444056368,-0.03511014938743667,0.39104779287744323,0.714053865379259,-7.5,42.5
20241110180,2024,1,Round 1,2024-03-10 05:05:00+00:00,Dolphins,Cowboys,Suncorp Stadium,18,43,-25,61,0,False,24,0.4991628854718899,bet365,0.35835351089588374,0.39205955334987597,True,0.38929440389294406,4.5,43.5,False,-0.003348461241069571,1.1822945531873152,-1.975176089533953,-4.026539400250087,1.1405802188590286,67.03222002151074,-22.95896476438702,1.6858212765525673,0.6807450033758187,0.923831039907796,-0.3991960680193687,-7.028186274686149,0.0,0,0,0,0,0,0,0,0,99.06603619035536,19.7585439280725,28.246336188848232,18.661396715145003,32.3997593582897,38.58571428771651,1,0,1,1,24.883738588078955,1,0,0,2,0,-0.15280335115200777,0.21466012409980292,-0.09553921077803275,0,0,-0.03909612991277673,0.11370722123923105,0.11643167769633557,-0.5825175522221073,5.5,42.5
20241110210,2024,2,Round 2,2024-03-14 09:00:00+00:00,Broncos,Rabbitohs,Suncorp Stadium,28,18,10,46,1,False,76,0.6738846827046334,bet365,0.660377358490566,0.6919642857142858,True,0.6865342163355409,-7.5,42.5,False,0.7258079495115941,2.0123373187255744,-8.179996531266827,1.3262117840756957,-0.10164181174567233,87.70311764279768,39.938271980654406,0.07268661780540064,5.175104910416216,0.5964766964034709,-0.8385733911054567,2.4765584805631633,-0.08333333333333393,0,1,0,0,0,0,0,0,26.297151524265814,-10.708381723464129,28.088809737599206,10.958570385687196,-2.041846875556544,-7.700768747712914,0,0,0,1,72.08598779626641,-1,-1,-1,-2,0,0.9238763789429267,0.02754308491161428,0.18390523155931696,0,0,0.09400236184555044,-0.8298740170973766,0.2240534662311146,0.6649763035932489,-6.5,41.5
20241110220,2024,2,Round 2,2024-03-15 07:00:00+00:00,Sharks,Bulldogs,Ocean Protect Stadium,25,6,19,31,1,False,73,0.7781687104558542,bet365,0.6712962962962963,0.7590132827324478,True,0.7602996254681649,-10.5,40.5,False,1.2550262162049648,0.5281859039196242,-14.25938114825264,2.6019533888484574,2.8380926281256578,195.5273118770092,91.49146837343733,0.15462717881555932,3.902145250872813,-0.3644758380346129,0.38720987206486956,1.155119932048514,0.979166666666667,0,0,0,0,0,0,0,0,51.38157583816087,29.170116084508408,32.995042392745574,-23.84900608326197,13.065423444168914,-0.34699549239584826,0,0,0,-6,-191.64043587285983,0,-1,1,-1,0,1.3646862058934381,-0.20373650142307476,0.507355115253021,0,0,0.44060419517937244,-0.9240820107140657,-0.4137740960495042,0.714053865379259,-7.5,39.5
20241110230,2024,2,Round 2,2024-03-15 09:00:00+00:00,Panthers,Eels,BlueBet Stadium,26,18,8,44,1,False,79,0.7021380855737235,bet365,0.7065217391304348,0.700218818380744,True,0.6872246696035242,-7.5,35.5,False,0.8575000830729268,-2.5980919878644038,-7.4460430482583,1.614848118673919,0.291374267159469,227.00499159402216,23.897659477186835,0.2306718820885898,11.52122039069275,0.04905629962991043,0.28425577940774716,-0.5539886389992077,0.8923611111111107,0,0,0,0,0,0,0,0,47.61250644693996,4.290404690088735,18.130170908225807,38.58536888408713,-13.39343803546177,-8.562438815895547,1,0,0,0,12.476560248842588,1,0,1,3,0,0.8436762363069984,-0.2333372728633505,0.20002030509823204,0,0,-0.1731711020602324,-1.0168473383672307,-1.0305516918069255,0.8785504038913082,-9.5,36.5
20241110240,2024,2,Round 2,2024-03-16 04:00:00+00:00,Raiders,Wests Tigers,GIO Stadium,32,12,20,44,1,False,72,0.7312599061975994,bet365,0.5555555555555556,0.6986899563318778,True,0.6879120879120879,-7.5,44.5,False,1.0010242268988165,5.124631510726115,-9.320147900312644,3.5799166634149486,3.1202848278667688,111.62608962878858,44.52194558620158,0.18542147561181022,0.6259231139360679,-1.055790729272097,-0.150161070138771,-6.249996817466432,-5.208333333333334,0,1,0,0,0,0,0,0,-20.47637806290129,-5.157855323678035,12.664781890823207,-7.3591656629523925,-20.62413896709404,-2.331731103178271,-2,-1,-1,-2,0.5459186212178793,-2,-2,-2,-4,0,0.8878511885607557,0.10688936781130737,0.23203681680016297,0,0,0.398211610993198,-0.4896395775675577,0.1914460802669583,0.22314355131420993,-2.5,44.5
20241110250,2024,2,Round 2,2024-03-16 06:30:00+00:00,Cowboys,Knights,Queensland Country Bank Stadium,21,20,1,41,1,False,75,0.6154812155898834,bet365,0.6188118811881189,0.6682027649769585,True,0.6808035714285714,-6.5,45.5,False,0.4704117843397437,6.5392511536718345,-1.1162550227335792,6.930082207859471,3.1550293369220768,156.28902884110335,77.39043744081437,0.6774440388901981,-3.4931319167231933,-2.9195725947804103,-0.621319409408569,4.277685626434014,-2.8368055555555562,0,1,0,0,0,0,0,0,-55.97028398648922,-11.32430319398901,-35.36975005726464,-4.800238625923953,-4.475992109311591,-7.9453768244322305,0,0,-1,-1,-46.862048854051324,0,-1,-1,-1,0,0.6658887287556892,0.2438008500374348,-0.06098285445492933,0,0,0.6173010701098139,-0.04858765864587522,0.742240750091848,0.48450831544861767,-4.5,45.5
20241110260,2024,2,Round 2,2024-03-16 08:35:00+00:00,Storm,Warriors,AAMI Park,30,26,4,56,1,False,76,0.6529937252423625,bet365,0.6341463414634148,0.6787330316742082,True,0.6865342163355409,-7.5,39.5,False,0.6322246574483736,-2.767577417185347,-5.506666743128957,-4.9051232750796885,-0.9697502594356422,-174.9660509862747,-5.011513034099266,-1.265632694929646,-1.8071517724236514,1.7616383262927684,0.378885947061363,5.117459440238619,-0.08680555555555447,0,1,0,0,0,0,0,0,-57.92419125077083,20.0759454517561,-50.38942443636077,-28.799148902269806,1.188436636103745,10.240448182242545,-1,0,1,-1,-32.2816624617854,0,0,-1,-1,-1,0.27526372605754373,-0.0027288456760256874,0.04826968144730977,0,0,-0.1998588560676344,-0.4751225821251784,-1.406621183483325,0.5500463369192725,-6.5,40.5
20241110270,2024,2,Round 2,2024-03-17 05:05:00+00:00,Sea Eagles,Roosters,4 Pines Park,21,14,7,35,1,False,76,0.5017142478333475,bet365,0.48927263212977506,0.44871794871794873,True,0.43939393939393945,2.5,41.5,False,0.006857018200603129,10.8491156779342,6.93977072569405,0.7299707053111746,0.17161995647507666,49.33877061517319,-28.81350610671143,2.542433467302426,-0.9121743888836704,1.5520521980391262,-2.3490191215426037,-0.42561479093263443,0.0,0,0,0,0,0,0,0,0,-27.462652169953003,34.76515138525812,-22.748923077769405,-22.579050130735965,-16.89983034670584,21.282792923057457,0,0,0,4,118.19543915630044,0,0,-1,-1,0,-0.25940804623479113,-0.1664369426946109,0.10944622378262736,0,0,0.46695337758742594,0.7263614238222171,-0.10799990425533984,-0.042916057124405056,1.5,41.5
20241110280,2024,2,Round 2,2024-03-17 07:15:00+00:00,Dolphins,Dragons,Kayo Stadium,38,0,38,38,1,False,25,0.5824525541375467,bet365,0.660377358490566,0.4805194805194806,True,0.4731457800511509,1.5,45.5,False,0.33284954937969047,0.40150331921413596,8.880679531993096,0.30121065582230244,-1.2487677693411356,85.48633132317855,-15.566188818478508,1.6543413623859529,-3.4445210099000363,-2.515355415778089,-0.15904991298565996,0.18618914305088197,-0.854166666666667,0,1,0,0,0,0,0,0,-4.96222631999342,-8.00154632778171,10.50967831825372,8.578428126407033,-16.04878643687246,-22.19466235954846,1,1,0,-1,1.6580785228631214,1,1,0,2,0,-0.9061462932182843,-0.24791064049793954,-0.03445566040424722,0,0,-0.04670365675441511,0.8594426364638693,0.5525755820752346,0.6649763035932489,-6.5,45.5
20241110310,2024,3,Round 3,2024-03-21 09:00:00+00:00,Panthers,Broncos,BlueBet Stadium,34,12,22,46,1,False,77,0.6519780667027355,bet365,0.6109725685785536,0.7741347905282332,True,0.7873070325900515,-10.5,38.5,False,0.6277454168296837,-2.266349646122869,-3.442517162859936,5.472421192190339,0.9265327435672077,177.55095105919372,13.421421838396896,1.1617800585345943,0.9884969767492606,-2.8673472151797075,0.7644504806109431,3.07778387960726,-1.0,0,1,0,0,0,0,0,0,109.74414328330954,27.398651763151207,38.7114624910694,29.469538786384277,14.164490242704645,5.082967997368371,-1,-1,0,-2,-156.0889678720694,0,0,0,-1,-1,0.6224710762777367,0.2177154156686899,-0.27305678079384765,0,0,-0.11986022448680123,-0.7423313007645378,-1.1060708081623278,0.45140220329519004,-4.5,37.5
20241110320,2024,3,Round 3,2024-03-22 07:00:00+00:00,Warriors,Raiders,Apollo Projects Stadium,18,10,8,28,1,False,77,0.4958935236362578,bet365,0.7017543859649122,0.7017543859649122,True,0.7160751565762005,-8.5,42.5,False,-0.016426274793218846,-4.672621301824083,5.374624329602128,-5.3649861982768385,-1.6105489916655529,59.231052635265996,-34.72753976069873,-0.3173416234104751,-1.1872331318741232,0.15132050560028176,-0.6139972561941862,1.8745183586815095,-0.19097222222222232,0,1,1,0,0,1,0,0,-23.038699690781414,-19.10579524240063,1.2605726080516604,37.97255043670586,-43.16602749313823,-22.777549815328683,0,0,-1,3,107.98357017404669,-1,-1,1,-1,1,-0.43465199544745226,-0.24851328291268393,0.1258026028395126,0,0,-0.21443421314690544,0.22021778230054678,0.24192600960509072,0.8556661100577201,-8.5,42.5
20241110330,2024,3,Round 3,2024-03-22 09:00:00+00:00,Roosters,Rabbitohs,Allianz Stadium,48,6,42,54,1,False,79,0.6513808817615552,bet365,0.5769230769230769,0.6109725685785536,True,0.5985221674876848,-3.5,40.5,False,0.6251145684589638,-1.1324569012440122,-10.707601853273442,3.81686020074973,-0.5676392238503851,21.01850101226887,-5.802580242280669,0.7018354792456156,4.752394175983476,0.7033660998608582,2.206341459285654,-1.3881662800451906,-2.8368055555555554,0,0,0,0,0,1,0,0,50.89540676490037,-3.1067838826067486,14.837191039142994,25.360097183276963,13.804902425087164,-2.3866408464768085,-1,-1,0,1,36.09039541391948,-1,-1,2,0,0,0.6383764841139108,-0.08767320082812208,0.16054406920244274,0,0,-0.2784115292053474,-0.9167880133192581,-0.2734113016936666,0.3101549283038393,-3.5,39.5
20241110340,2024,3,Round 3,2024-03-23 04:00:00+00:00,Bulldogs,Titans,Belmore Sports Ground,32,0,32,32,1,False,74,0.5094463416009128,bet365,0.5555555555555556,0.5512820512820513,True,0.5628140703517588,-2.5,43.5,False,0.03778986298743591,-1.551199397149663,0.30968460055551006,-7.054441375772726,-4.362618084995759,-99.10583765646265,-90.89906702818445,-0.013767891723836634,-2.2818769064948476,1.8889732750191897,0.841959780244883,1.078244307025237,-5.934027777777779,0,1,0,0,0,0,-1,0,-47.510827992309146,-14.488712511828851,-36.04430698155008,12.427929389993125,-9.405737888923312,-10.559479320462401,-1,0,0,1,20.029877019173824,1,0,0,0,-1,-0.21120471943633667,0.007461079777969504,-0.03530669009561213,0,0,-0.27913539791132336,-0.06793067847498646,-0.19343103689959174,0.22314355131420993,-2.5,43.5
20241110350,2024,3,Round 3,2024-03-23 06:30:00+00:00,Dragons,Cowboys,Jubilee Stadium,24,46,-22,70,0,False,74,0.40282348306542165,bet365,0.4444444444444444,0.3212669683257918,True,0.3078602620087336,7.5,42.5,False,-0.3937142842354875,-10.785617394751265,2.8938125335080116,-3.6572624073476163,-0.8526249510527464,-200.33094073007078,-54.064438989039445,-0.9338044034631459,2.644425723079525,2.1047595010189397,-0.2533296886935954,-0.4126791198762234,-1.03125,0,1,0,0,0,1,0,0,-7.020567814179003,-14.661605657372576,9.133401049279087,-2.643429781200183,1.1510665751145979,1.7149138579646888,1,0,2,1,43.41192142522101,1,-1,0,0,0,-1.5562131145774365,-0.05119726655128509,-0.2704443600737411,0,0,-1.1143143105030522,0.44189880407438387,0.31714629407348294,-0.22314355131420985,2.5,42.5
20241110360,2024,3,Round 3,2024-03-23 08:35:00+00:00,Wests Tigers,Sharks,Leichhardt Oval,32,6,26,38,1,False,73,0.31520272822998097,bet365,0.3734643734643735,0.23809523809523808,True,0.23872180451127822,11.5,44.5,False,-0.7759068273406647,-4.839933171391516,18.265208027688708,0.082272813487279,-2.812695774353017,-210.5443713677082,-84.96509413651125,-0.9680237322856993,-7.465228831882197,-0.5814571629726029,2.0829707900075825,1.642464036384986,-0.8749999999999991,0,0,0,0,0,0,0,0,-35.75849082727723,-10.829477329447457,6.954173196812917,-40.175644685251754,8.29245799060908,14.974624426064679,1,1,3,4,73.04830534054082,0,1,-2,-1,0,-2.06746540517992,-0.02579859660782413,-0.4030984979387402,0,0,-0.6119297200788252,1.455535685101095,-0.5757382697723556,-0.5173830243121498,5.5,45.5
20241110370,2024,3,Round 3,2024-03-24 05:05:00+00:00,Eels,Sea Eagles,CommBank Stadium,28,24,4,52,1,False,77,0.5778980875017813,bet365,0.5769230769230769,0.5512820512820513,True,0.5355329949238579,-2.5,43.5,False,0.31415075023443656,-7.018668724410443,3.212424541340237,3.4994131057910636,-1.7662823435682782,-188.21086750050176,-34.16591319776603,-2.3260688004150314,-4.502426550229117,-2.8597360302302555,1.1482447006320031,3.79178009572032,1.8368055555555554,0,0,0,0,0,0,0,0,6.87575951425606,-16.505002927367457,15.555158755460639,-14.866864915461008,22.692468601623958,-4.363408255346087,0,0,1,-2,-116.96483565181016,0,0,1,1,0,-0.2878189098755741,0.017707096313525933,-0.09746367436634175,0,0,-0.23790894345089533,0.04990996642467878,0.4711376428731996,0.3101549283038393,-3.5,41.5
20241110380,2024,3,Round 3,2024-03-24 07:15:00+00:00,Knights,Storm,McDonald Jones Stadium,14,12,2,26,1,False,77,0.4515591699757839,bet365,0.423076923076923,0.5426356589147286,True,0.5406091370558376,-1.5,42.5,False,-0.19437298164930894,0.8095506128671772,3.8017088610515835,0.029871295867195613,-1.0571145897723113,103.05663345208131,57.194700470479404,0.11686567747717636,-2.2052749441080763,1.7354714481310474,-0.20322728019325176,-4.474743974101628,0.08680555555555536,0,1,0,0,0,0,0,0,131.39088180598185,7.017660158320666,41.164155908255054,24.726799029073547,58.482266710332695,3.38825420335732,0,0,1,-3,-106.71086396677265,-1,1,1,1,0,-0.34508719896765855,0.060052956172523306,-0.0761623807276623,0,0,0.05596355789690285,0.4010507568645614,-0.42903459186419257,-0.3101549283038397,3.5,40.5
20241110410,2024,4,Round 4,2024-03-28 09:00:00+00:00,Roosters,Panthers,Allianz Stadium,16,22,-6,38,0,False,80,0.44016915103681664,bet365,0.40506329113924056,0.6234718826405868,True,0.6280193236714976,-4.5,40.5,False,-0.24047559546737465,1.7424043490330767,-0.6893479772000433,-2.9612230469859924,-2.648060685019871,-298.92272842269995,-61.046874945715786,-0.5696984840867207,-4.768188179330778,2.6135316044149626,0.8863371230867614,-0.7800452571819392,-1.0,0,0,0,0,0,0,0,0,23.056459425617618,23.06552134447469,6.1257610357818635,-21.94289626532168,15.808073310682744,43.897590031145825,0,-1,-1,1,-5.982436034887343,0,0,0,1,-1,-0.3937467310926117,0.439916003443211,-0.1659057347803435,0,0,-0.04269642850284755,0.35105030258976366,-1.2232378096861356,-0.3844116989103319,3.5,37.5
20241110420,2024,4,Round 4,2024-03-29 05:05:00+00:00,Rabbitohs,Bulldogs,Accor Stadium,20,16,4,36,1,False,75,0.669739281352794,bet365,0.660377358490566,0.625,True,0.6438679245283019,-5.5,42.5,False,0.707006105307272,-3.8579070965761773,12.74274878101723,-4.164741161342704,-0.4869267081862034,24.359814450675913,56.05329461271094,-0.7833971934327923,-2.624634620718311,1.7980320294212682,-1.390968395384883,-0.38492177348735623,0.7916666666666661,0,0,0,1,0,0,0,0,-23.754318075712945,16.713588160312014,4.802286458359134,-28.21825936227178,-17.051933332112327,-8.814097225604712,1,0,0,3,85.48547315054351,0,-1,2,1,0,-1.118469310565751,-0.4452865232274514,-0.056629269458574195,0,0,0.07422909674679762,1.1926984073125488,0.19004713904595155,0.6649763035932489,-7.5,40.5
20241110430,2024,4,Round 4,2024-03-29 09:00:00+00:00,Broncos,Cowboys,Suncorp Stadium,38,12,26,50,1,False,77,0.5873104283899269,bet365,0.660377358490566,0.4805194805194806,True,0.48469387755102045,1.5,42.5,False,0.35285785112104506,-10.647676702657225,0.45922662667110714,-5.555883139136654,-2.411822242429743,-107.7697275520402,-69.49617456498129,-1.1320062909205086,7.634626555692073,1.7506895932659639,-1.005883439136186,3.613627466286939,1.895833333333333,0,0,0,0,0,0,0,0,-31.479616039309917,-10.305994283393517,2.332145936503224,-15.541658750286388,-7.9641089421331515,-14.183707311550677,2,1,0,3,127.55705048956179,1,-1,1,3,0,-0.994360384859102,-0.43225009778721435,0.10220499351831806,0,0,-1.1181149909099357,-0.12375460605083403,1.1868144857020815,0.6649763035932489,-7.5,40.5
20241110440,2024,4,Round 4,2024-03-30 06:30:00+00:00,Dragons,Sea Eagles,WIN Stadium,20,12,8,32,1,False,75,0.42232281534119104,bet365,0.39698492462311563,0.2982456140350877,True,0.29087048832271767,8.5,46.5,False,-0.3132452217376945,-9.858039139240113,8.929657498090709,0.9295920306816896,-2.9923827505825287,-156.2735741885981,19.855958157789132,-1.826995079125048,-4.728441114245978,-0.17600833817123984,-1.2456950694014672,0.40058441929079436,0.9409722222222223,0,0,0,0,0,0,0,0,9.087207372903435,-32.30295936883232,11.195747259683827,6.779081698779493,23.41533778327245,14.598688114519632,1,0,1,0,-25.29504931748626,2,-1,0,2,0,-1.849210652520905,-0.12214695600953646,-0.14000214105498032,0,0,-0.9372353371703717,0.9119753153505334,0.9418339244812055,-0.41804389031502437,4.5,45.5
20241110450,2024,4,Round 4,2024-03-30 08:35:00+00:00,Titans,Dolphins,Cbus Super Stadium,14,30,-16,44,0,False,26,0.477013307120192,bet365,0.5555555555555556,0.4336734693877551,True,0.43107769423558895,2.5,46.5,False,-0.09201163189094382,-14.132093447949394,8.962643037676678,0.1302021546205907,-1.6238559550660554,-272.9909750441518,-57.132931116306736,-2.9460450761915773,0.17040412882422373,1.5363767582501104,-1.0666999374465558,8.51885118682354,-5.864583333333333,0,0,0,0,0,0,-1,0,-46.8654370030506,2.6384638761822146,-31.26528101612098,-38.800918078341624,20.562298215229788,3.484018175403719,1,0,0,-1,-63.50384618590593,0,0,1,2,1,-2.104133044066412,-0.5320660489003287,-0.14953933369808464,0,0,-1.378304164776527,0.7258288792898853,0.2815637723673689,0.22314355131420993,-2.5,44.5
20241110460,2024,4,Round 4,2024-03-31 05:05:00+00:00,Warriors,Knights,Go Media Stadium,20,12,8,32,1,False,78,0.5954329613080335,bet365,0.6188118811881189,0.7504873294346978,True,0.7547528517110266,-10.5,41.5,False,0.38647135198029653,1.1603094689649467,0.33891547839629865,2.8078078881967343,0.5151585128147431,63.41161436395964,-15.398503890087682,1.0928677277865306,-1.9517669927678796,-1.4445399763654265,-0.8644733442810253,-1.5371519778042497,2.010416666666667,0,1,0,0,0,0,0,0,22.335275493730705,2.7403267163091414,22.61248131317174,2.620458494214688,-5.637991029964908,18.585737394331403,2,0,0,0,-43.26246196811813,0,1,-1,1,0,0.28125691422787935,0.1458679735095369,-0.034906953681885386,0,0,0.22162163173998575,-0.059635282487893626,-0.7215280434859076,0.48450831544861767,-5.5,39.5
20241110470,2024,4,Round 4,2024-03-31 07:15:00+00:00,Sharks,Raiders,Ocean Protect Stadium,36,22,14,58,1,False,78,0.6092416883796757,bet365,0.6818181818181818,0.5739795918367347,True,0.5764411027568922,-2.5,40.5,False,0.4441258100150583,-4.382002587131627,-0.20976700941405824,-7.436274797090377,-3.0523013998839446,-5.6244743438762725,-52.597353977084595,0.18867946407559621,4.849692474846435,2.9539952844049697,-0.4724479774856363,7.035993452309921,-1.0659722222222214,0,1,0,0,0,0,0,0,0.6346270123725617,5.814978998258368,-16.765896142944996,26.413430412645027,-14.827886255585838,-20.182876159481822,0,0,2,0,-4.859535113717584,0,-1,0,-4,0,-0.3342911084415403,-0.36170121696684554,0.11827299006844916,0,0,-0.4137853248482569,-0.07949421640671683,-0.9887712495009726,0.7621400520468965,-7.5,40.5
20241110480,2024,4,Round 4,2024-04-01 05:00:00+00:00,Eels,Wests Tigers,CommBank Stadium,16,17,-1,33,0,False,74,0.7368931150328883,bet365,0.7276507276507277,0.6588235294117647,True,0.665903890160183,-7.5,45.5,False,1.0298824982434958,2.8794706269169197,-0.96408162792358,0.6595537400540508,2.2905279949043518,-31.09719291186002,-22.574120440910576,0.08859916577621885,-0.46802472228223735,0.05907803029791303,-0.8991150666774175,-4.606924340821514,-0.854166666666667,0,0,0,0,0,0,0,0,-26.496900697715205,-13.173391234756025,-38.09261271077469,12.052885822896911,12.71621742491854,-39.69872726469791,1,1,-2,-2,-21.99425532580932,0,1,0,1,0,0.5499547504189604,-0.2856513500008814,0.25969829196729616,0,0,0.44529780997822066,-0.10465694044073984,0.339268036935387,0.9827358312823081,-10.5,43.5
20241110510,2024,5,Round 5,2024-04-04 09:00:00+00:00,Storm,Broncos,AAMI Park,34,32,2,66,1,False,79,0.5667480872574588,bet365,0.660377358490566,0.6643356643356644,True,0.6756756756756758,-6.5,39.5,False,0.26859557099401066,-8.10795279336497,-2.0486684112431064,-3.4797452024312747,-1.2898088716771312,-95.89859042480794,-37.162081329825355,0.13738907442333304,-1.060571030146697,-0.7399540637092983,2.3149520194906628,3.5952341204009954,5.072916666666666,0,1,0,0,0,0,1,0,23.594198915424613,25.32490733358054,3.21452744479825,-15.395694013443887,10.450458150489723,32.744406842373195,2,1,0,-2,-103.67136675815466,0,0,1,3,0,-0.539055274298425,-0.052985527595125925,-0.08644445864087488,0,0,-0.6899602038296258,-0.1509049295312006,-0.4696227664715213,0.6649763035932489,-6.5,39.5
20241110520,2024,5,Round 5,2024-04-05 07:00:00+00:00,Bulldogs,Roosters,Accor Stadium,30,26,4,56,1,False,76,0.3502378433726514,bet365,0.33962264150943394,0.2570281124497992,True,0.24150943396226418,9.5,35.5,False,-0.6179939068607229,-5.23799651201497,4.361098755025164,-2.523582946362211,1.1272125588321842,55.75395854937983,-29.44491439567082,0.16067377120423298,-2.34587025866216,-0.05133211278093519,0.439293007272032,1.9219677361874972,-0.8368055555555562,0,0,0,0,0,0,0,0,-51.8523093874561,-13.543599571891093,-4.171602858020947,-0.7446437853610632,-33.39246317218311,12.211322748208005,0,0,2,2,40.19232023665005,0,1,2,1,0,-1.2505570323022928,0.20186506600941667,-0.43474589882050263,0,0,-0.7300613535237352,0.5204956787785575,-1.1149281273106433,-0.6649763035932491,6.5,43.5
20241110530,2024,5,Round 5,2024-04-05 09:00:00+00:00,Knights,Dragons,McDonald Jones Stadium,30,10,20,40,1,False,76,0.6745126018550697,bet365,0.6919642857142858,0.6265356265356266,True,0.6605504587155964,-5.5,36.5,False,0.7286666132050401,-1.3525462102842774,-5.57692511814054,2.8506141262489706,2.352276091308944,152.09267061989658,47.077178259417224,-0.24275432727470658,0.5477171663308589,-2.03902722545412,0.7988268854153056,1.4154756346183248,-0.9409722222222223,0,0,0,0,0,1,0,0,-6.196028878767493,-1.3105259296734744,-0.25472862690924103,10.194736810117064,-14.825511132301813,-14.062722475605625,2,1,-1,1,87.19408059865444,1,1,-1,2,0,1.136569178001582,0.013561497192434005,0.08049713137289487,0,0,0.18603410687758654,-0.9505350711239957,-0.4652193130039771,0.8093186123219878,-8.5,43.5
20241110540,2024,5,Round 5,2024-04-06 04:00:00+00:00,Rabbitohs,Warriors,Accor Stadium,4,34,-30,38,0,False,79,0.48380010279027685,bet365,0.5555555555555556,0.4675324675324676,True,0.46803069053708446,1.5,41.5,False,-0.06482227751540784,-2.7903568008138464,10.421119299982468,-3.86186734321781,-2.402409304523111,-195.35915413886823,-49.5638735650989,0.2230336532139221,0.6038974226829801,0.2720847905589068,2.065630537820981,2.6445535190559752,2.0,0,1,0,0,0,-1,0,0,3.582820682382362,12.24576739087226,-13.575679710014214,-10.662449316404263,15.575182317928537,-6.470051481853233,-2,0,-1,-1,-82.55303642802735,0,1,0,-2,-1,-1.5343908966715143,0.060465287636372045,-0.39533020811755926,0,0,-0.3181493651190165,1.2162415315524975,0.0778101286828336,0.22314355131420993,-2.5,42.5
20241110550,2024,5,Round 5,2024-04-06 06:30:00+00:00,Sea Eagles,Panthers,4 Pines Park,32,18,14,50,1,False,79,0.3410893088255073,bet365,0.5235602094240838,0.42602040816326525,True,0.4235588972431078,2.5,39.5,False,-0.65844365787327,-1.536359984679656,6.648924449847652,-6.414732677398447,-0.4353421961238624,-159.62309660835263,-37.13752951906508,-0.2617257877214092,-6.0064953427011645,3.167118856666347,-1.278352172118277,-0.15834675474098248,-1.895833333333334,0,0,0,0,0,0,0,0,-36.09789121052961,16.90546878450121,-8.103298809895676,-43.90474021243736,-0.9953209726978542,6.143141006468909,0,0,0,-1,-80.2554232534939,0,0,-1,-1,-1,-1.6957166060528932,0.07876832501542173,-0.2857894524318831,0,0,-0.3548073702127107,1.3409092358401826,-0.6139044064830222,0.09431067947124142,-1.5,40.5
20241110560,2024,5,Round 5,2024-04-06 08:35:00+00:00,Dolphins,Wests Tigers,Suncorp Stadium,26,16,10,42,1,False,27,0.6683539456401996,bet365,0.6109725685785536,0.6547619047619047,True,0.6666666666666667,-6.5,42.5,False,0.700749593053538,7.576640980327568,-3.1779332671776785,-1.0525195425310443,2.206306285310532,147.5179634997694,-9.173869444206275,2.3564611676870566,2.525441213687891,-0.6870791417641513,-2.0959842540171545,-8.459569948614057,1.8506944444444446,0,1,0,0,0,-1,0,0,45.9911821024225,0.8653829217131772,0.5341710097799535,46.95368251579242,-2.3620543448630116,9.340298331439868,-1,0,-1,3,129.73799128556587,1,0,-2,0,0,0.8443726361723108,0.1347610003536238,-0.1490585244351276,0,0,0.8155446195272432,-0.028828016645067643,0.2869918622402365,0.45140220329519004,-4.5,43.5
20241110570,2024,5,Round 5,2024-04-07 06:05:00+00:00,Cowboys,Titans,Queensland Country Bank Stadium,35,22,13,57,1,False,76,0.7656906049372313,bet365,0.795847750865052,0.8415147265077139,True,0.8359486447931526,-16.5,47.5,False,1.1841357350008854,13.433165667140997,-2.6088683192313127,-3.7023935370007024,2.727218701303798,227.99739331234468,59.79174115505566,1.5571010934649965,3.119652090218324,1.1566437522939985,0.8693162489030382,-8.31306705523292,0.9826388888888884,0,0,0,0,0,0,0,0,12.205598699495908,26.05641961120355,-28.609544607763723,32.168570426617265,-17.409846730561227,13.59957501545469,0,0,-1,-5,-168.24711180435642,0,-2,-1,-2,-1,2.134417037629097,-0.22902886195382594,0.8540953311811331,0,0,1.776354907924551,-0.3580621297045461,1.3594012475439934,1.3605418650174765,-14.5,46.5
20241110580,2024,5,Round 5,2024-04-07 08:15:00+00:00,Raiders,Eels,GIO Stadium,41,8,33,49,1,False,79,0.5221885328221489,bet365,0.5235602094240838,0.5324675324675325,True,0.539440203562341,-1.5,42.5,False,0.08881246210644622,-0.04924596138157611,2.2541735023387623,-0.22186904777368,-0.38817421360997173,-46.023109425643725,13.043448123318626,0.5815477808638567,-1.606686745769224,-0.3861456518425683,0.8149068733779039,-1.715898363504472,0.90625,0,1,0,0,0,0,0,0,-11.624423354673695,-9.128039064191796,-8.834691174798138,5.919123201789063,0.41918368252724747,15.642659881270873,0,0,-1,0,-13.612081387064336,-1,-1,1,-1,0,-0.210402126465294,-0.024099549109848226,0.03507642747718194,0,0,-0.0017878851972783494,0.20861424126801556,0.4550390608872215,0.09431067947124142,-1.5,44.5
20241110610,2024,6,Round 6,2024-04-11 09:50:00+00:00,Knights,Roosters,McDonald Jones Stadium,20,22,-2,42,0,False,80,0.5364942700170049,bet365,0.423076923076923,0.609452736318408,True,0.6183574879227054,-4.5,40.5,False,0.1462371343575518,-3.9820980414401497,-2.8980589083261705,1.8474740337032642,1.64254356515125,162.7074274746244,79.56037823469285,-0.02222895715963702,-7.348235909098783,-1.5562304382087166,-1.4711059152410142,-3.316015250866826,-0.08333333333333304,0,0,0,0,0,0,0,0,36.50100247333876,-4.466224748431358,28.50832888743355,24.451167604010692,-11.99226926967414,7.894310842355111,-2,-1,-1,-1,-10.135434395468764,-1,-1,-1,-2,-1,-0.19723597280114108,0.2590728952566868,-0.2857922470048883,0,0,-0.34372553130674444,-0.14648955850560325,-0.9261727333736312,-0.3101549283038397,3.5,39.5
20241110620,2024,6,Round 6,2024-04-12 08:00:00+00:00,Storm,Bulldogs,AAMI Park,16,14,2,30,1,False,77,0.7899920637911061,bet365,0.7455268389662029,0.8541392904073586,True,0.8576874205844981,-18.5,44.5,False,1.3248775781022522,0.3126345648799429,-0.09166884655460095,-2.093581249382396,-0.5672776196565721,47.500682486581354,54.41638334353581,-0.586676452807489,-0.42632909540665054,0.05929444066296341,0.2532686629067449,-4.682987757468695,0.9166666666666661,0,1,0,0,0,0,0,0,86.63130370249542,19.941611969107612,48.434322998559196,-9.385201987198258,27.64057072202685,1.914214014226019,-1,0,-3,-4,-171.70260379330765,-1,-1,-1,-2,0,0.6833894416072341,-0.13910374338943687,0.2343477498021558,0,0,0.4575875803002877,-0.22580186130694646,-0.412651236136074,1.0748957620507942,-11.5,43.5
20241110630,2024,6,Round 6,2024-04-12 10:00:00+00:00,Broncos,Dolphins,Suncorp Stadium,28,14,14,42,1,False,28,0.6862266884358107,bet365,0.7065217391304348,0.7291666666666667,True,0.7298387096774194,-8.5,45.5,False,0.7825372352622397,0.7074805017299894,6.045639804808133,-2.5964448654678876,-0.11100613044412455,-41.2879346729128,11.162924457035615,-1.580668283806678,1.0268079647050747,2.8705957166977925,-1.4160921572033103,3.150094273359386,1.9826388888888884,0,0,0,1,0,0,0,0,-31.973016525935577,-9.065966315716707,-0.6064859287503737,-16.169783700504837,-6.130780580963631,-21.05089171640043,2,1,-1,-1,-57.340144856382636,0,-1,-2,0,1,0.2819635060598848,0.09214026930287283,-0.23714510391270668,0,0,0.2429386671486341,-0.0390248389112508,0.8834995373235858,0.8785504038913082,-9.5,45.5
20241110640,2024,6,Round 6,2024-04-13 05:00:00+00:00,Warriors,Sea Eagles,Go Media Stadium,22,22,0,44,0,True,80,0.6246620681688143,bet365,0.5949367088607596,0.6557377049180328,True,0.6719457013574661,-7.5,41.5,False,0.5093840408535018,-1.56698692075161,-6.519960300464158,6.310336579401536,0.4979399439105876,120.07539747102896,47.32933868922726,-0.9152976579199512,-1.9558184051789098,-3.017952260292061,-0.2203116194393182,-5.772909015330509,0.10416666666666696,0,1,0,0,0,0,0,0,48.79393744084257,2.9884690838366623,41.260149282908316,36.624654921412485,-32.07933584731485,34.993716340433906,0,0,1,2,56.03133432944116,1,1,-2,0,-1,0.830288822941303,0.13387191430093776,0.06051414264347832,0,0,-0.0837419848771968,-0.9140308078184995,-0.4403978740705803,0.38441169891033233,-3.5,40.5
20241110650,2024,6,Round 6,2024-04-13 07:30:00+00:00,Eels,Cowboys,CommBank Stadium,27,20,7,47,1,False,79,0.5135940891724947,bet365,0.5107273678702251,0.4177215189873418,True,0.42000000000000004,2.5,45.5,False,0.05438976091616804,-10.98069654672943,1.4361212017205744,5.87052545753977,-2.5064035873926827,-253.3406721452386,-70.68684169377184,-2.4307872059413658,-2.9293670798852887,-2.5176985625989747,0.9616939173106633,2.426487896806485,-0.09027777777777768,0,1,0,0,0,1,0,0,-17.405716754230298,-27.900257417186026,27.254719484045694,-39.0608976353393,22.30071881424935,-34.4817730235433,1,0,0,2,69.86924696385329,1,0,0,3,0,-1.2701096195838164,-0.005452988466147168,-0.020791821130502916,0,0,-1.3080639942003942,-0.0379543746165778,1.6785625117762764,0.042916057124405785,-1.5,44.5
20241110660,2024,6,Round 6,2024-04-13 09:35:00+00:00,Rabbitohs,Sharks,Accor Stadium,22,34,-12,56,0,False,79,0.4478058502366055,bet365,0.5107273678702251,0.26,True,0.24952015355086377,10.5,44.5,False,-0.20953993654828182,-8.735955302550396,10.405371087877374,-3.76343149706436,-3.130865782477379,-75.40260207548727,12.831195939920349,-0.5009615895024195,-5.198001763468003,-0.007945636767486164,1.7416045407093312,-0.6098885205987301,-5.864583333333332,0,0,0,0,0,0,-1,0,-83.18922144993849,-28.404893930218748,6.309863162582303,-23.02081643652764,-38.07337424577443,-26.35075824427915,2,0,0,3,135.81891826664935,-1,1,2,1,1,-2.1661383009980235,0.1465065525452086,-0.4595135947926064,0,0,-0.8246460317695986,1.341492269228425,-0.19146237403524613,0.042916057124405785,-1.5,42.5
20241110670,2024,6,Round 6,2024-04-14 06:05:00+00:00,Wests Tigers,Dragons,Campbelltown Sports Stadium,12,24,-12,36,0,False,76,0.5562412833671069,bet365,0.5235602094240838,0.5217845030002609,True,0.5178571428571429,-1.5,42.5,False,0.2259211792933193,2.6878014551173592,-3.802981660675563,7.840600957274418,1.4461786859989587,8.529229752237597,0.5275196787915775,-0.538015496256075,-0.7213463480647277,-4.586018075512973,2.4398611119323776,5.627061219337946,-0.9826388888888884,0,0,0,0,0,0,0,0,-20.863635792438913,-5.668875335451617,26.122187833829145,-25.272281150898806,-16.044667139917692,-14.410423415194686,0,0,0,0,16.92924181281616,-1,0,2,0,0,0.9640742487101842,-0.11320435410518137,0.16958065607940448,0,0,0.35507958436896325,-0.6089946643412214,-0.4473729356292936,0.09431067947124142,-1.5,42.5
20241110680,2024,6,Round 6,2024-04-14 08:15:00+00:00,Raiders,Titans,GIO Stadium,21,20,1,41,1,False,77,0.7428772534095417,bet365,0.660377358490566,0.700218818380744,True,0.7313131313131314,-8.5,44.5,False,1.0609772429784408,11.72210324309873,-11.960089381774104,-0.36109067444195375,6.021485332388629,195.78381634526227,57.90972207649543,1.6682477042935284,5.294179594721211,0.8898000805806205,0.16471043322562284,-11.87991597372023,-0.09027777777777768,0,1,0,0,0,0,0,0,36.892603203604494,19.542033038796433,23.131985743603764,35.21879753098639,-41.000213109782095,16.919447525924795,0,-1,0,-2,-78.82009665382684,0,-1,1,-1,-1,2.8468456068792505,-0.09010252500895188,0.6999564423715314,0,0,1.4671007812806836,-1.3797448255985671,0.4337390251542659,0.6649763035932489,-7.5,43.5
20241110710,2024,7,Round 7,2024-04-18 09:50:00+00:00,Roosters,Storm,Allianz Stadium,12,18,-6,30,0,False,83,0.5078642984627115,bet365,0.5,0.5107273678702251,True,0.46954314720812185,-1.5,38.5,False,0.031459788288030706,3.3470959801954336,0.3710396072200375,0.7421411711722214,-0.12909382209846143,96.5638193721461,75.7459069973064,0.5003435013909447,2.9299647919548377,0.963428518292238,0.24802595135639027,2.0786811858513623,0.9236111111111107,0,1,0,0,0,0,0,0,40.82769840473452,-18.52866915419952,-4.920805073532534,41.44211454539405,22.83505808707261,-15.944856287601567,1,0,1,0,3.105270774538752,0,0,-1,1,0,0.27967276365372684,-0.08000815581716542,0.1027606038196397,0,0,0.25502791706267464,-0.024644846591052205,-0.6385922128753867,0.0,-1.5,39.5
20241110720,2024,7,Round 7,2024-04-19 08:00:00+00:00,Dragons,Warriors,WIN Stadium,30,12,18,42,1,False,78,0.3915523638032909,bet365,0.3452380952380952,0.2982456140350877,True,0.2982832618025751,7.5,43.5,False,-0.4407915965968472,-5.225490078194955,6.337018836370429,-6.6467447758547,-2.035111166416641,-355.18562435561785,-42.43642335025379,-0.8225261186596007,-7.299940612279634,3.31602700145816,0.2514998923832348,-3.4098082764801063,-1.0451388888888893,0,1,0,0,0,1,0,0,-87.30017681239872,-46.16805976736808,-63.41477185929824,-22.16139352697172,44.44404834123932,-35.766551145194,0,0,-2,0,35.10449373336749,0,1,-1,1,0,-2.0643747189861372,0.1465647488680114,-0.35788637674039897,0,0,-0.8488323398217352,1.2155423791644022,-0.9050832512945225,-0.6400373552459971,6.5,43.5
20241110730,2024,7,Round 7,2024-04-19 10:00:00+00:00,Eels,Dolphins,TIO Stadium,16,44,-28,60,0,False,29,0.5521931326999476,bet365,0.5555555555555556,0.6919642857142858,True,0.6936542669584246,-7.5,44.5,False,0.20953582347555558,-2.921219659453964,4.232151948296345,-0.5345914360067354,-1.089759768414865,-129.84487675347555,27.17685742747028,-1.2924367598344233,2.9082935781904915,0.40123499590660394,1.5347167962633383,2.7188314822296533,-0.895833333333333,1,1,1,0,0,0,0,0,-21.080610347438892,10.999569820435795,0.4607465702057425,-22.47081011012031,-10.070116627960147,-5.533975926801304,-1,0,-2,-4,-170.51373788777053,-1,0,-1,-1,0,-0.366655947330685,0.38467283789272644,-0.38359092892415075,0,0,-0.1924248948355861,0.17423105249509896,0.5259882870010817,0.22314355131420993,-2.5,44.5
20241110740,2024,7,Round 7,2024-04-20 05:00:00+00:00,Panthers,Wests Tigers,Carrington Park,22,6,16,28,1,False,77,0.8122177305317075,bet365,0.8116883116883117,0.8090614886731391,True,0.8086124401913876,-14.5,41.5,False,1.4644852947270333,5.954769240186248,-3.5556554878959545,-1.9038220721933357,2.3354792966095985,240.71940327971174,2.1850030505212317,1.186851427236911,9.641803829920455,1.2155046069459434,0.42989417727807844,2.2596865344816948,7.982638888888889,0,0,1,0,0,-1,1,0,24.02633639048895,-4.983807295178622,-9.146436195365283,49.58199442209707,-11.425414541064242,-21.473634548799026,-1,0,-1,1,80.3160667398633,0,0,-2,0,1,1.8784211472967902,-0.22005494998350805,0.3040525660003496,0,0,0.9381185101104105,-0.9403026371863803,-1.0634079683608308,1.461017907315827,-15.5,41.5
20241110750,2024,7,Round 7,2024-04-20 07:30:00+00:00,Titans,Sea Eagles,Cbus Super Stadium,30,34,-4,64,0,False,78,0.3660166505259527,bet365,0.27234927234927236,0.2758121249741361,True,0.2703252032520325,9.5,46.5,False,-0.5493438658262366,-7.9601838056490095,7.3488884499980145,2.5750162908224183,-5.191289971448931,-204.82438411759745,-37.731214143576835,-1.2130119873238527,-6.718752962268802,-2.489117276383517,-0.5425091775089577,-0.1133098877707468,-1.135416666666667,0,1,0,0,0,1,0,0,-6.005465497912837,-17.378368489829597,-19.40516233550079,-23.110260951866948,53.8883262792845,17.08431733076074,1,0,1,-3,-79.23087304922333,-1,-2,-1,-2,0,-2.2315180405622015,0.183205391246394,-0.3767384205450857,0,0,-1.2459936405964083,0.9855243999657933,0.3666240054196051,-0.9827358312823077,10.5,46.5
20241110760,2024,7,Round 7,2024-04-20 09:35:00+00:00,Broncos,Raiders,Suncorp Stadium,34,10,24,44,1,False,81,0.670317559680206,bet365,0.6919642857142858,0.6888888888888889,True,0.7148846960167716,-8.5,43.5,False,0.7096216806794016,2.431280202210882,1.670767553944792,-5.696609463932717,-5.526176134142176,-188.36940851001145,-119.57244614352567,-0.21495271883557887,-0.7428762841311425,1.3564076853278237,1.0380199927863876,1.223020735223212,1.927083333333334,0,1,0,0,0,0,0,0,-29.258206559053974,-18.14905338829223,-11.1859743995129,-8.66903115605129,8.74585238480249,-21.30952504056603,0,0,-1,0,6.9996525117598765,-1,0,0,-1,1,0.22797847729222243,0.010457795150281224,0.039988015097766574,0,0,0.25088644581200664,0.02290796851978416,0.6855681003095209,0.8093186123219878,-8.5,43.5
20241110770,2024,7,Round 7,2024-04-21 04:00:00+00:00,Bulldogs,Knights,Accor Stadium,36,12,24,48,1,False,78,0.4261056095880942,bet365,0.39698492462311563,0.5,True,0.4949238578680203,1.5,42.5,False,-0.29775816518609993,-0.726050639795286,1.7644802176947962,-4.852064588544266,1.0753324324594047,-154.71246934443593,-158.3007366960412,1.0774460771570027,1.4804387826919054,2.1058114799547276,0.9075720860252305,4.777749534388292,-0.9236111111111107,0,0,0,0,0,0,0,0,-47.00381584349486,-15.213479549332845,-29.115058666819806,10.860941506326554,-13.53621913366878,-9.32799437854257,0,0,2,-2,-68.37516620531188,1,-1,1,0,0,-0.5996747784005909,0.014974482563801683,-0.13045882104687925,0,0,-0.3020777416954755,0.2975970367051155,-1.3269071172232796,-0.41804389031502437,4.5,42.5
20241110780,2024,7,Round 7,2024-04-21 06:05:00+00:00,Sharks,Cowboys,Ocean Protect Stadium,42,6,36,48,1,False,80,0.6025555931114551,bet365,0.5949367088607596,0.6157635467980296,True,0.6078431372549019,-4.5,46.5,False,0.41612486440319874,-0.5433706501859596,-5.72923351350024,3.72284161776696,-1.609373288185644,-53.58752817122422,-48.35971181107868,-1.5595073677963605,5.873498898018482,-0.8877032515090839,-0.6974746670268415,-2.106388131788222,-0.08680555555555536,0,1,0,0,0,0,0,0,64.49170960808442,-8.330942269052457,52.278684696599214,2.162442434568817,18.381524745968647,-5.006872719975746,0,0,1,1,23.498364655006768,0,0,1,0,0,0.35076276364607156,0.06191495478084824,0.04113386855021719,0,0,-0.4705931729148713,-0.8213559365609431,1.384419248843754,0.38441169891033233,-4.5,42.5
20241110810,2024,8,Round 8,2024-04-25 04:00:00+00:00,Warriors,Titans,Go Media Stadium,24,27,-3,51,0,False,79,0.7755833570931407,bet365,0.7880910683012259,0.7619047619047619,True,0.8157894736842105,-11.5,45.5,False,1.2401111278825057,-0.2564946902260168,-9.718573535949684,-0.7013705243621615,4.247829542826061,279.974252671258,71.01685637256878,0.11373424710889957,8.576752929590512,0.5646999625739095,1.0097965454455213,0.6457779732390563,0.9791666666666661,0,1,0,0,0,0,0,0,62.4503286125655,32.4754060949011,38.30637200721864,30.10130398049718,-38.43275347005135,12.39541112555392,0,0,2,3,62.94290882321394,0,-1,2,0,0,2.358917675213959,-0.14088679097674478,0.25174762450515137,0,0,0.6022734349640851,-1.7566442402498739,-0.11431112062468163,1.3134570371676242,-12.5,44.5
20241110820,2024,8,Round 8,2024-04-25 06:05:00+00:00,Dragons,Roosters,Allianz Stadium,18,60,-42,78,0,False,79,0.38791695182062674,bet365,0.29347826086956524,0.33962264150943394,True,0.3544600938967136,6.5,43.5,False,-0.4560766979317976,1.096796265403814,0.12231874871862303,-1.6997632941196628,-0.3107562318138406,-99.15388926946866,-61.29323933339913,0.11211143850262939,-5.202349649806546,1.1910731093155658,-2.237017189049827,-6.1377175604343535,-0.9236111111111107,0,0,1,1,0,1,0,0,-27.703727479720214,2.606682638519686,3.316030370075964,-14.0226048836725,-19.60383560464335,21.393952468342007,-1,-1,0,0,-11.603297874515135,0,0,-1,-2,0,-0.9269973052185574,0.34508122882032877,-0.3606848880506295,0,0,-0.3599490841036468,0.5670482211149107,-0.8678858531277326,-0.878550403891308,8.5,43.5
20241110830,2024,8,Round 8,2024-04-25 09:50:00+00:00,Storm,Rabbitohs,AAMI Park,54,20,34,74,1,False,84,0.7662365426217566,bet365,0.7153534059363656,0.7734806629834253,True,0.8366477272727273,-12.5,43.5,False,1.1871811862659816,3.928757668725801,-13.673673562779058,1.3874577398386663,1.9462242057207888,-4.8915429637245325,-24.742712108694946,0.9368944042384406,9.111336366494292,-1.1903377943343685,0.6718175000149849,-5.630093751125088,-5.010416666666666,0,1,0,0,0,0,-1,0,30.861931053222975,19.440119234289284,29.370849739421544,-2.465691329391319,-15.483346591096591,2.3888054936062986,-1,0,-2,-5,-165.00367177741174,0,-1,-1,-2,-1,2.344127050637308,-0.09838719708080101,0.42299552210474467,0,0,0.5251458272862031,-1.8189812233511051,-0.3273662701981048,0.9215283046404038,-9.5,43.5
20241110840,2024,8,Round 8,2024-04-26 10:00:00+00:00,Sea Eagles,Eels,4 Pines Park,32,18,14,50,1,False,82,0.616013452531703,bet365,0.6109725685785536,0.7153534059363656,True,0.7873070325900515,-8.5,44.5,False,0.4726612824811281,8.21201521769397,-6.932041809465595,-1.835048846052075,1.26409426570185,195.2563194466038,21.58710529797213,1.1018602368832617,-0.475868211491278,2.2677857496560705,-0.13424553397245287,1.6275770334309456,-0.895833333333333,0,0,0,0,0,0,0,0,52.2794924333499,-1.8672910655432418,24.72751684805604,8.602823177544849,20.816443473292153,-13.290007889168294,-1,0,-1,-1,-6.646303791050045,1,-1,-2,-2,0,1.4161870727088561,-0.14687617741049286,0.2892896130527839,0,0,0.8909093680018508,-0.5252777047070052,1.2924837493994956,0.45140220329519004,-4.5,45.5
20241110850,2024,8,Round 8,2024-04-27 07:30:00+00:00,Wests Tigers,Broncos,Campbelltown Sports Stadium,10,34,-24,44,0,False,78,0.27251331711350685,bet365,0.29347826086956524,0.21052631578947367,True,0.18223583460949463,12.5,46.5,False,-0.9819082105169392,-15.845158047649255,5.000742543894418,2.2738856975896766,1.019352149165897,-99.45293548020777,9.245544899546644,-1.8948708346784637,-2.5229491123451133,-1.9722138708501333,1.6904202893956959,5.329970104194945,0.19097222222222232,0,1,0,0,0,0,0,0,-39.850347678927164,-8.379062935388959,-17.702352336528918,-15.894600149021443,2.12566774201224,-11.456829184172364,-1,-1,2,-1,-49.16568841010067,-2,0,0,-4,0,-2.1035125259197462,0.4256817771897956,-0.7111139289756117,0,0,-1.6645974611639152,0.43891506475583103,-0.588165886716529,-0.878550403891308,8.5,41.5
20241110860,2024,8,Round 8,2024-04-27 09:35:00+00:00,Cowboys,Panthers,Queensland Country Bank Stadium,20,26,-6,46,0,False,81,0.3918225376607839,bet365,0.3452380952380952,0.2846465940636344,True,0.2524084778420039,9.5,41.5,False,-0.4396576909879079,-2.110540123012406,14.74475205005482,-7.25202738198287,-0.9060485640625657,-149.48654677913396,-11.310589101350388,0.9461218692948794,-7.683354580125155,2.149318661894064,-1.4857519697671204,1.0915710981934694,-1.0451388888888893,0,1,0,0,0,0,0,0,-55.537218247726855,-19.83346330169229,-27.850520951252776,-8.423998064518656,0.5707640697368106,-25.04511145346507,-1,-1,-1,-2,-95.80342730854257,0,-1,-1,-2,0,-1.7815423044023821,0.1272245332065079,-0.3898571263233861,0,0,0.24968262670992952,2.031224931112312,0.4362417855723242,-0.6400373552459971,6.5,39.5
20241110870,2024,8,Round 8,2024-04-28 04:00:00+00:00,Dolphins,Knights,Suncorp Stadium,14,18,-4,32,0,False,30,0.6034467009487723,BlueBet,0.5235602094240838,0.6547619047619047,True,0.6726862302483071,-6.5,44.5,False,0.4198472641879372,11.086045636944657,-4.098098569235756,-1.0606021605669866,2.5447085839650754,69.51829975692613,-68.35295923954641,1.7747790817067264,-2.1895629883139947,0.39778526894016153,0.8720825135834058,0.4266910072305947,1.75,0,1,0,0,0,0,0,0,-11.38323506324707,3.0896070191907086,-17.879760609343094,-10.849603148575909,14.256521675481295,13.122522312669105,-1,0,0,-1,2.805909510924778,0,-1,0,-1,-1,1.2606940468216075,0.04714280229723403,0.23729872914240704,0,0,1.1793006934607702,-0.08139335336083749,0.2325221721264874,0.09431067947124142,-1.5,44.5
20241110880,2024,8,Round 8,2024-04-28 06:05:00+00:00,Raiders,Sharks,GIO Stadium,0,40,-40,40,0,False,81,0.4684843718382676,BlueBet,0.4764397905759163,0.32870370370370366,True,0.3318181818181818,7.5,42.5,False,-0.12622985797593486,-9.360500966632031,7.407449297087474,-1.680722659636018,1.6010322189810964,77.2520061175735,88.17015484757735,-0.6315305636199673,-5.774000910249583,1.1913173226955784,-1.3264108217983086,-1.9760548723288949,0.854166666666667,0,1,0,0,0,0,0,0,-69.77506572801963,-46.80529303705657,-2.9308839384950716,-16.835279557449354,-3.203609195018643,-35.843944225231525,0,1,1,1,55.83447332466923,0,-1,-1,0,1,-1.517297579653775,-0.14272208045974033,-0.0031873621555347786,0,0,-0.7598325097542381,0.757465069899537,0.23646953797037917,-0.09431067947124093,1.5,42.5
20241110910,2024,9,Round 9,2024-05-02 09:50:00+00:00,Rabbitohs,Panthers,Accor Stadium,12,42,-30,54,0,False,85,0.27443611854062866,BlueBet,0.2142857142857143,,False,0.21391304347826084,,42.5,True,-0.9722306055561496,-6.422922184601223,20.65528401209194,-1.6975688081101055,-0.5702024705437907,-180.70433465298106,7.122329111062072,0.09617024212994885,-15.334090265039599,-0.08233582987741528,-0.8225794101721373,0.4096698771327567,1.989583333333333,0,0,0,0,0,-1,0,0,-58.58199037532688,-7.180745830061539,-20.98738417068776,-47.73391078415334,17.320050409575742,7.615588519993679,-1,-1,-1,2,91.27730835802845,0,0,-1,-1,0,-3.758660250781819,0.2060982532637825,-0.447528893167677,0,0,-0.8299661171889381,2.9286941335928813,-0.06896448289898238,-1.2992829841302607,16.5,43.5
20241110920,2024,9,Round 9,2024-05-03 08:00:00+00:00,Sea Eagles,Raiders,4 Pines Park,24,26,-2,50,0,False,83,0.651529969874373,BlueBet,0.7377049180327869,,False,0.8128930817610063,,42.5,True,0.6257711671163985,13.684458485717885,-6.3470679476031755,-0.19676826993784857,0.04020431036439476,-88.14201114454272,-54.79811307415753,2.914711763104907,0.22743241707548023,-0.7569372790246689,2.059330326270743,-4.096738405029413,1.8368055555555562,0,1,0,0,0,-1,0,0,32.63986406653589,44.79949095239846,-37.11866433377617,19.030011799619757,5.9290256482937735,16.781363759623247,-1,0,0,-2,-73.33205230559511,-2,-1,1,-3,-1,1.3298845595429385,-0.14961622677023234,0.4781472122839927,0,0,1.0972602435429444,-0.2326243159999942,0.4876810375238556,1.0340737675305387,-8.5,43.5
20241110930,2024,9,Round 9,2024-05-03 10:00:00+00:00,Broncos,Roosters,Suncorp Stadium,18,40,-22,58,0,False,83,0.65400187678115,BlueBet,0.6234413965087281,,False,0.7032258064516129,,42.5,True,0.6366768703289928,-0.9948863306481854,-3.366141508462146,-8.692329105858548,-0.7554058821870839,-23.99002903597443,-35.487061741174216,-0.027817143156388724,-5.663619315411495,2.6581721594795162,-1.2922435662612424,-2.81691202745462,-2.0590277777777777,0,1,0,0,0,0,0,0,3.3723502835970294,4.303171336947003,8.17364936868114,-9.530794931019983,0.42632450898885565,9.935438154695731,1,0,0,0,-39.371570569693745,0,0,-1,0,0,0.2756956402339308,-0.13714361620371185,0.18697247890569302,0,0,0.15785981321647302,-0.11783582701745787,0.42110599757531286,0.5041810810473217,-5.5,41.5
20241110940,2024,9,Round 9,2024-05-04 05:00:00+00:00,Bulldogs,Wests Tigers,Accor Stadium,22,14,8,36,1,False,79,0.6487282962807283,BlueBet,0.6372549019607844,,False,0.7643784786641931,,40.5,True,0.6134539705600871,11.76857479773458,-8.164331131934837,-2.68100021693877,1.295391586500422,9.79228549944446,-62.32984931295124,3.116376924454277,-3.7524133264300623,0.5887275291898426,0.1361776136850903,3.1296582624595644,6.145833333333333,0,0,0,0,0,0,1,0,38.74548809008206,-3.228002654614386,-24.168675031011617,37.79803967598474,28.344126099723297,-0.1579713724036651,0,0,0,-2,-73.10399811867889,1,0,1,1,-1,1.6883218700952214,-0.12774377292009254,0.42608969813988595,0,0,0.9658291370953309,-0.7224927329998903,-1.5074462122037575,0.5634693572514129,-7.5,40.5
20241110950,2024,9,Round 9,2024-05-04 07:30:00+00:00,Titans,Storm,Cbus Super Stadium,20,22,-2,42,0,False,80,0.2666364413284993,BlueBet,0.2073170731707317,,False,0.1439299123904881,,47.5,True,-1.0117554786414966,-7.271840103942779,10.026158147645532,4.648538810901229,-3.140817724580451,-45.99487499451698,18.68785528530873,-1.3262256693868526,-7.602468472919089,-1.6916714682283693,-1.5862312088369057,6.36305903836158,0.24305555555555536,0,1,0,0,0,0,0,0,-27.062769423647296,-36.32813230655802,6.258243004471893,6.5249114996888125,-3.5177916212500406,-10.314237356732406,0,0,-1,1,43.980469620626394,0,1,1,3,0,-2.9115931136081685,0.1400813698568364,-0.4581065274885924,0,0,-1.1430265850199248,1.768566528588244,0.444402443170288,-1.341173925839421,13.5,45.5
20241110960,2024,9,Round 9,2024-05-04 09:35:00+00:00,Cowboys,Dolphins,Queensland Country Bank Stadium,26,28,-2,54,0,False,31,0.5947302340620318,BlueBet,0.6432038834951456,,False,0.6845637583892618,,48.5,True,0.3835549804994947,-4.5499311138870695,10.248138311185972,-2.3713387273867284,0.4332142535028609,-81.45559595831878,18.10438851757658,-0.8464374117444713,4.8604147555947534,-0.30633106528125964,0.9514976667121027,2.6019956918057687,0.7673611111111107,0,0,0,0,0,0,0,0,-52.05266027451955,-12.472407097176955,-13.95637701521909,-5.491374478181285,-20.13250168394228,-28.693403360954875,1,1,0,3,80.21767689672339,-2,1,1,1,0,-1.1296565085121262,0.07452126089191635,-0.0791026385865458,0,0,-0.1447125210647633,0.9849439874473629,1.191885829824235,0.5892972392074857,-8.5,48.5
20241110970,2024,9,Round 9,2024-05-05 04:00:00+00:00,Knights,Warriors,McDonald Jones Stadium,14,8,6,22,1,False,83,0.5342550012792032,BlueBet,0.4005102040816326,,False,0.3657957244655582,,39.5,True,0.13723498415975202,-3.2330556964666783,-1.333082100909646,-0.6349973017561013,-1.325630413074684,-144.76487742532163,-10.222983003717331,-0.12299706368375674,0.6605147767239643,-0.5073964761026986,-1.428007425425227,-4.482441843836604,-3.0,0,1,0,0,0,0,0,0,-54.373650099824886,-11.428215888353634,-34.36516540541862,6.455624205870663,-15.035893011923307,0.9985051730259613,0,0,1,2,107.37563518776682,-1,0,-1,-2,1,-0.5201691117282512,0.00784475105379781,0.009665463029706754,0,0,-0.3685986966029434,0.15157041512530767,-1.5895511821062822,-0.40333970879585096,2.5,39.5
20241110980,2024,9,Round 9,2024-05-05 06:05:00+00:00,Sharks,Dragons,Ocean Protect Stadium,20,10,10,30,1,False,80,0.7691468144130221,BlueBet,0.7188841201716738,,False,0.7813051146384479,,41.5,True,1.2034999190569922,12.48363733236642,-19.556163354417926,0.13894119985096154,3.019997052561898,331.6793816388547,57.66843031172169,1.7181723945986374,17.780139392858775,-0.715171866103864,0.9275417512902902,-6.8698402567172,-3.0,0,0,0,0,0,0,0,0,136.06181203548044,51.28905286204056,42.1505845614935,54.018876111163365,-11.39670149921703,33.8167957394042,0,0,0,0,7.134861923580928,0,-1,1,0,0,3.9724720034200063,0.1511378004951356,0.1824556782939546,0,0,1.6661974223338973,-2.306274581086109,0.29052109317656105,0.9389332086239148,-13.5,44.5
20241111010,2024,10,Round 10,2024-05-09 09:50:00+00:00,Dolphins,Sea Eagles,Suncorp Stadium,30,24,6,54,1,False,32,0.5286133645792687,BlueBet,0.4170984455958549,,False,0.43939393939393945,,47.5,True,0.11457864554872269,-1.574198850334401,-2.0872060550453746,3.020284191136895,-0.31194322287453957,64.32289705839321,-3.9208472465857085,0.6551867449700657,2.6872893286797677,0.650096557789686,-0.24007764165521284,-1.9786586476067711,-1.0659722222222223,0,1,0,0,0,1,0,0,77.06697866566378,29.821678538457263,18.621076314726963,22.245501625956734,6.3787221865229355,38.04438665332722,-1,0,-1,-1,-48.67531308525538,-1,1,-1,0,0,0.306068769927221,0.2242471478225837,-0.17529929782319434,0,0,-0.02609377784868583,-0.332162547775907,1.1553378791447615,-0.3346960372199574,1.5,47.5
20241111020,2024,10,Round 10,2024-05-10 08:00:00+00:00,Panthers,Bulldogs,BlueBet Stadium,16,10,6,26,1,False,80,0.8333144334130238,BlueBet,0.8116883116883117,,False,0.8258928571428572,,39.5,True,1.6093018391799185,5.07593390547612,-1.2250606666558532,1.4894090207750281,-1.1120583866367397,154.97030747113695,13.655797268187257,0.2706824545577735,9.191156687216981,0.7163260385327472,0.6191640140143235,-5.143747689482165,1.7986111111111107,0,0,0,0,0,0,0,0,28.881846375358464,25.923354182072842,15.827927459600858,20.36359622852717,-33.23303149484239,7.765241523380865,0,1,1,2,89.64904734659731,0,1,1,2,0,1.500109979373231,-0.11494376635373926,0.24493280191533995,0,0,0.7538364701747702,-0.7462735091984609,-1.5420723835310233,1.461017907315827,-14.5,39.5
20241111030,2024,10,Round 10,2024-05-10 10:00:00+00:00,Eels,Broncos,CommBank Stadium,14,30,-16,44,0,False,84,0.429408410052914,BlueBet,0.2073170731707317,,False,0.26706827309236947,,43.5,True,-0.28426522886247413,-8.389723703447448,8.276026884110781,1.8332222049077131,-1.1477550066615834,-166.21965486241265,-38.975914770632016,-0.06996697094106441,-0.4764597742286725,-4.028404304855227,1.8618006009233143,0.16833726000128735,7.0,0,1,0,0,0,0,1,0,-38.88847035308186,6.829875783429742,-27.688713315645316,5.214316520009646,-23.243949340875886,-0.01458240311649206,0,-1,0,-3,-97.7649915079322,0,0,-1,-1,1,-2.305307965879316,0.28530246296640227,-0.6910493837154021,0,0,-1.204114473333176,1.10119349254614,0.9152602107143037,-1.341173925839421,8.5,45.5
20241111040,2024,10,Round 10,2024-05-11 05:00:00+00:00,Wests Tigers,Knights,Scully Park,14,20,-6,34,0,False,80,0.30321617667959677,BlueBet,0.4708994708994709,,False,0.4014778325123153,,42.5,True,-0.832029204087858,-3.8766086586971618,7.783533422308178,-2.476678762209332,0.5425221018566617,-84.24693374910066,-45.10193868423664,-0.47439819857124244,-2.5218960205609093,1.2200946628889682,0.5131230051634024,3.5704784599524757,0.958333333333333,0,0,1,0,0,0,0,0,-59.27633263235555,-15.661320937217312,-5.397535727541964,-45.58165448700886,7.364178519412576,-6.436505573914701,2,1,-1,1,-0.5832463293753563,-1,1,0,2,0,-1.5930223513637534,-0.04401766553217459,-0.17024961322751886,0,0,-0.587589802421482,1.005432548942271,-2.3545307799889836,-0.11653381625595151,2.5,42.5
20241111050,2024,10,Round 10,2024-05-11 07:30:00+00:00,Dragons,Rabbitohs,Jubilee Stadium,28,14,14,42,1,False,81,0.5789863200522625,BlueBet,0.5408970976253298,,False,0.6550925925925927,,44.5,True,0.31861352334905113,1.9296178892044047,-10.96532694331799,0.7991666892051228,1.801953841607606,90.23477195542091,2.6062591029062787,0.6417462395147386,6.181685931238224,1.943315582822855,-0.8831099173806081,-0.2843493623658446,-2.843750000000001,0,0,0,0,0,0,0,0,38.630069390994095,-24.86445772051499,52.0127142366986,12.41906653657145,-0.9372536617609768,-12.092235455793457,-2,-1,-2,-6,-218.86919186623243,0,0,-2,-1,-1,0.4672490642144256,-0.8989846993422554,1.3712642990937913,0,0,-0.15602012644272356,-0.6232691906571494,0.762227948614909,0.1639546799238791,-2.5,46.5
20241111060,2024,10,Round 10,2024-05-11 09:35:00+00:00,Storm,Sharks,AAMI Park,18,25,-7,43,0,False,83,0.5878417815866507,BlueBet,0.6563245823389022,,False,0.6815144766146994,,41.5,True,0.35505053185031477,-1.9032579895039952,7.590304052198622,-2.2721564544870887,-1.1293883660289694,-270.9912399442587,-48.2177461157151,-0.5746783559431314,-9.416817963640256,0.5724511611623733,-0.6203293437374633,1.2168404890387947,0.9409722222222223,0,1,0,0,0,0,0,0,-51.6448577137196,9.733468821744736,-15.192917247114082,-53.71526076000701,7.529851471656826,-1.6170372594995683,1,0,2,1,5.153668552204181,0,1,0,1,-1,-1.2832604673753878,-0.16483977615966072,0.013653394320649659,0,0,-0.4579824420953172,0.8252780252800703,-0.6494391467599193,0.6469577980905711,-6.5,41.5
20241111070,2024,10,Round 10,2024-05-12 04:00:00+00:00,Roosters,Warriors,Allianz Stadium,38,18,20,56,1,False,84,0.6598040081810401,BlueBet,0.6690140845070424,,False,0.8042071197411003,,43.5,True,0.6624209355633841,16.64977957370252,-1.0707825844882066,-0.1264854825390529,-1.5277159044742206,-54.22236857812027,-42.956956371536194,3.322346161602302,6.629500327058871,0.8223486328047986,-0.20141255209438924,-4.256925543685135,1.75,0,1,0,0,0,0,0,0,76.12973262652349,26.810275106262253,-0.6901916095968375,56.42582477329091,-6.41617564343295,41.00948738565785,0,0,0,0,-15.726788501889331,2,0,1,2,0,1.8387992641055229,0.15200126792040936,0.1521607905542834,0,0,1.5859763799926025,-0.2528228841129203,-0.5161457240964711,0.7037292898904828,-10.5,43.5
20241111080,2024,10,Round 10,2024-05-12 06:05:00+00:00,Titans,Cowboys,Cbus Super Stadium,20,18,2,38,1,False,81,0.39882062542465185,BlueBet,0.37810945273631846,,False,0.40942928039702237,,50.5,True,-0.4103815947286524,-0.2517190878690805,-2.4614319332660273,6.066756696800553,-2.256711991525812,-121.33871923014681,-48.29482900633957,-0.7608699302122979,-0.7941282074095568,-2.6037074865186387,0.3189972465150239,-4.18359406511555,0.08680555555555536,0,0,0,0,0,0,0,0,-10.437007664656676,-35.59753646639544,43.288236282926135,-10.15325049536655,-7.974456985820893,-21.52927913192022,0,-1,0,-2,-28.569238466965373,1,0,-1,-1,1,-1.119559599397779,-0.07780713091236846,-0.20050590040429156,0,0,-0.9766349010970466,0.1429246983007323,1.6239479094840723,-0.4975803970159699,2.5,49.5
20241111110,2024,11,Round 11,2024-05-17 08:00:00+00:00,Raiders,Bulldogs,Suncorp Stadium,24,20,4,44,1,False,81,0.5846164838845088,BlueBet,0.42010309278350516,,False,0.40740740740740744,,42.5,True,0.3417538204411879,-1.69658252739492,10.48751034173538,2.306569807707376,-0.4196678788829473,39.22682263819456,60.63618813070559,-3.052267801257676,0.7647534906353037,0.014147233555014793,-2.0263013694596257,-7.032556676885882,7.0,1,1,1,0,0,0,1,0,-20.577653562778323,-29.561826561540386,23.204100865613214,-19.030931100252616,4.811003233401422,-10.911966962584074,1,0,0,2,106.50223562561595,0,0,-1,0,1,-0.856324277170998,0.18101860054513297,-0.35655072804452953,0,0,0.14974863920489512,1.0060729163758932,-1.0213061467233677,-0.32235020139765763,3.5,41.5
20241111120,2024,11,Round 11,2024-05-17 10:05:00+00:00,Sea Eagles,Broncos,Suncorp Stadium,12,13,-1,25,0,False,85,0.3903687453793443,BlueBet,0.393939393939394,,False,0.32653061224489793,,46.5,True,-0.4457624803694384,-1.5960385178581404,4.913207847967769,4.636959510322399,2.0204541291275504,-56.96921421628804,-21.39313189343585,0.4393450058624522,-7.188295548313434,-2.072887534416955,0.009961330358253306,-4.176131822438791,1.0069444444444438,1,0,1,1,0,0,0,0,-16.44063908352655,-3.544368348220843,-25.62454154333693,-4.643142128478658,17.371412936509913,-6.800588868509891,-2,-1,-2,0,12.060431870081686,1,1,-1,2,-1,-0.883136478814283,0.2092363020613574,-0.24458489749268073,0,0,-0.27244432358714354,0.6106921552271393,1.248279701612146,-0.43078291609245406,11.5,48.5
20241111130,2024,11,Round 11,2024-05-18 05:00:00+00:00,Titans,Knights,Suncorp Stadium,24,28,-4,52,0,False,82,0.32986439620181157,BlueBet,0.4854111405835544,,False,0.3402298850574712,,44.5,True,-0.7087984362258547,3.4048005339939422,7.784580348842269,1.1043610593369948,-0.7200972902775149,-81.99687473608196,0.32045183405080024,0.9250953506007153,0.6423201104212595,-0.6058108221684151,0.2322936771682942,-1.3594604197769016,-1.0451388888888893,0,1,1,0,0,1,0,0,-59.54329937844443,-31.7516097388299,35.1261888694722,-44.68205957555432,-18.23581893353243,-19.838438218029495,1,1,0,2,82.9262321626352,-1,2,1,1,1,-1.4605513430199049,0.09390354993707856,-0.42478538139841054,0,0,0.09586570702612462,1.5564170500460297,-1.2560512544970202,-0.058372006221907094,4.5,44.5
20241111140,2024,11,Round 11,2024-05-18 07:30:00+00:00,Sharks,Roosters,Suncorp Stadium,38,30,8,68,1,False,84,0.5423208245469001,BlueBet,0.4170984455958549,,False,0.4014778325123153,,42.5,True,0.16968930514897876,-7.149457532537614,-5.4432616426627085,3.0607705487141743,0.3488482659521992,22.517946437655837,11.592770810135448,-1.566489507674663,2.236824161878914,-1.079507107591052,-0.4877765077417724,-3.5377164430898134,0.7673611111111116,1,1,1,0,0,0,0,0,-8.519510868717362,-9.753101371253479,15.113435584235049,6.7809166674020105,-20.660761749100914,-6.729643787394679,1,1,0,-1,-58.36330590815448,0,-1,-1,-1,0,0.2746714384151425,-0.021358227806007157,-0.2486758799536546,0,0,-0.4487260306362366,-0.7233974690513786,0.20777204355797985,-0.3346960372199574,4.5,41.5
20241111150,2024,11,Round 11,2024-05-18 09:45:00+00:00,Rabbitohs,Cowboys,Suncorp Stadium,22,28,-6,50,0,False,84,0.3835851740117616,BlueBet,0.3,,False,0.2929936305732484,,50.5,True,-0.4743584630428998,-5.633218270929046,9.43317987130974,0.3306964470221203,-3.5817182560855514,-259.3161522358014,-72.6290634632519,-2.668907992096557,-8.183808961709289,-1.3267451981495793,0.29086763685354455,-2.66109084191239,0.9409722222222223,1,0,1,0,0,0,0,0,-57.11244307415279,-4.043369268889762,-32.46634238415183,-14.57583588539083,-6.0268955357204135,8.25467831648237,0,0,2,2,90.43134786176168,-1,0,1,-1,1,-1.9528048745039774,0.321927359362769,-1.0810499258725228,0,0,-1.1338318524639446,0.8189730220400331,1.7909031068025276,-0.8472978603872036,9.5,50.5
20241111160,2024,11,Round 11,2024-05-19 03:50:00+00:00,Warriors,Panthers,Suncorp Stadium,22,20,2,42,1,False,85,0.2733020252475535,BlueBet,0.21960072595281305,,False,0.1657142857142857,,42.5,True,-0.9779334474560936,-7.49723186059105,11.018138456597566,1.8664158962770045,1.1161171557481424,-57.204148614782525,28.376239948539705,-1.7898866424243174,-8.696462440618575,-1.506285732182418,0.25848366576087667,4.467020664652345,-1.833333333333334,1,1,1,0,0,0,0,0,-102.7943537315906,-3.610494336500409,-13.8513034035891,-37.807709555771424,-47.52484643572966,0.4005943373402374,1,0,2,0,62.11850367293491,0,1,-1,-3,1,-2.2201918628362654,0.03367641340885749,-0.15746195190520534,0,0,-0.8162078788563596,1.403983983979906,-1.537879944031247,-1.2679946630908672,8.5,40.5
20241111170,2024,11,Round 11,2024-05-19 06:05:00+00:00,Storm,Eels,Suncorp Stadium,48,16,32,64,1,False,87,0.6758767148776083,BlueBet,0.7549019607843138,,False,0.7557251908396946,,46.5,True,0.7348867319154074,7.3382661053037275,-10.1340118754254,7.542810846013069,0.5841131532342061,-46.32398727592067,4.23996359485875,0.6586233515873214,-4.035054485960231,-0.33306552955782465,-0.7034593425702642,-0.8617896328310692,-0.9826388888888884,1,1,1,0,0,0,0,0,-1.0040001223212585,-2.0744104953839724,-1.0521967888572874,-22.579669920810574,24.70227708273059,-14.321314736243096,-1,0,0,0,7.814976371946102,-1,1,-1,-2,-1,2.3907628744629252,-0.24382915795272597,0.518180555244899,0,0,0.8925835441141621,-1.4981793303487634,0.29753788550827487,1.1249295969854836,-9.5,45.5
20241111180,2024,11,Round 11,2024-05-19 08:25:00+00:00,Wests Tigers,Dolphins,Suncorp Stadium,12,24,-12,36,0,False,33,0.28681061664513685,BlueBet,0.32558139534883723,,False,0.1939102564102564,,46.5,True,-0.91092487431692,-13.654591329442821,1.6537259755684346,-1.4641720894180992,-1.5486025015765321,-117.91920186048196,21.02083069185221,-1.8311222853157285,3.060731336740016,0.15510213933025163,1.010801230516349,3.514375646602133,-1.7986111111111107,1,0,1,1,0,0,0,0,-58.607941728330275,-1.3010654560363264,4.4457483255154955,-52.89552092840992,-8.85710366939945,8.524379469356546,-1,0,2,1,26.460274028523173,0,1,1,-1,1,-2.262378404472983,0.07390635515860167,-0.5143360385883788,0,0,-1.9121211006441203,0.35025730382886244,-0.3292136776585728,-0.7282385003712153,8.5,46.5
20241111210,2024,12,Round 12,2024-05-23 09:50:00+00:00,Bulldogs,Dragons,Accor Stadium,44,12,32,56,1,False,82,0.5436021709604745,BlueBet,0.6075949367088608,,False,0.6116504854368933,,42.5,True,0.17485281467078156,-0.6815258555484718,-5.264832240852392,-4.457391327606089,1.8409537664644091,133.46886590419444,-19.389566855756357,2.3368643146075696,3.2781623170945693,0.33321724941047215,0.42263058095807704,7.49197516580297,-6.020833333333332,0,0,0,0,0,0,-1,0,-7.422538200364784,7.8214984597647685,-27.65614969736444,12.726073127638386,-0.31396009040354045,-3.8321849080183483,1,1,0,0,28.470847966802893,1,0,0,2,0,1.278257719717801,-0.03181251169461846,0.1320843261209122,0,0,0.2226191217707869,-1.0556385979470144,-1.1163438738977374,0.4372138064227448,-3.5,40.5
20241111220,2024,12,Round 12,2024-05-24 08:00:00+00:00,Cowboys,Wests Tigers,Queensland Country Bank Stadium,42,28,14,70,1,False,82,0.7664822876327444,BlueBet,0.7306889352818372,,False,0.8143525741029641,,50.5,True,1.1885536597390605,9.926045150080487,1.4573015302739911,-9.899985944652784,-0.6601766922037626,154.23981038200645,54.28846951951391,2.4338783773594597,-1.5228202129794752,2.3548355472417803,0.3128014777332577,7.872383172181337,0.9444444444444438,0,1,0,0,0,0,0,0,20.380235944307856,3.332413267180044,-14.559335583430794,29.59593688382715,2.011221376731413,-15.583043974138803,0,0,-1,-4,-134.0892671169457,-1,-1,-1,0,-1,1.321338532126572,-0.0438471043812787,0.38731316981315084,0,0,1.738696059771043,0.4173575276444712,0.09597738398925171,0.9981207501217874,-10.5,47.5
20241111230,2024,12,Round 12,2024-05-24 10:00:00+00:00,Sea Eagles,Storm,4 Pines Park,26,20,6,46,1,False,86,0.4382185892550673,BlueBet,0.2903930131004367,,False,0.3783132530120482,,46.5,True,-0.2483949772685424,-9.121583045397532,2.403102412571254,-2.4803133035074723,0.6727716188327904,69.28384548260101,11.943663819907897,-1.5495013842213021,-3.6826927107478653,1.057476274516553,-0.8076590096037695,3.220195752320361,1.833333333333333,0,1,0,0,0,-1,0,0,-28.790641287824087,-15.017684129153707,-6.583739219241693,1.5869750857796419,-8.776193025208386,1.2503703438142395,0,-1,1,1,27.49173768984454,0,1,1,1,0,-1.3314543045795975,-0.020693837081774247,-0.08454819809715969,0,0,-0.6598687900138447,0.6715855145657531,0.4752479009626276,-0.8934760541079837,4.5,43.5
20241111240,2024,12,Round 12,2024-05-25 05:00:00+00:00,Raiders,Roosters,GIO Stadium,16,44,-28,60,0,False,85,0.4623738524239294,BlueBet,0.22718808193668527,,False,0.22045855379188709,,46.5,True,-0.150789657397276,-13.961634904440853,0.9555938216005124,-3.034034725629297,-0.48485957008804803,-30.114581193290178,38.15565640733735,-3.7144705298606002,-5.109670770673688,0.9540466738239104,-2.212474750626857,1.8067678341907012,0.979166666666667,0,1,0,0,0,0,0,0,-58.87893641459766,-15.092977422394597,30.396032876896783,-54.120102876983665,-20.061888992116266,24.304456713592003,-1,0,0,2,21.613248473270346,-1,-1,0,-3,0,-2.2889795897737777,0.3443515774259796,-0.6449991059565495,0,0,-1.645634551149104,0.6433450386246741,1.048423119523771,-1.2242574754974418,12.5,43.5
20241111250,2024,12,Round 12,2024-05-25 07:30:00+00:00,Sharks,Panthers,Ocean Protect Stadium,0,42,-42,42,0,False,85,0.529582262365862,BlueBet,0.5238095238095238,,False,0.5856079404466502,,40.5,True,0.11846740812125145,7.2573542976134675,1.6398188546023427,4.638558949208459,1.2873651458705382,39.396402231583124,51.77533606663718,0.31807119972639253,-0.007139419988085649,-2.0804904810602363,0.7538660556797749,-2.4468875681110127,0.8472222222222223,0,0,0,0,0,0,0,0,46.224465513653286,11.204434499746696,29.01764400799803,6.147432556310633,-0.1450455504019743,11.059285478286881,0,0,0,-2,-82.87365503510368,0,0,-2,-2,0,0.8574104504167426,0.10368109900156175,-0.1610662342088008,0,0,1.0063924333217336,0.14898198290499098,-0.9927232224501614,0.09531017980432493,-3.5,40.5
20241111260,2024,12,Round 12,2024-05-25 09:35:00+00:00,Rabbitohs,Eels,Accor Stadium,42,26,16,68,1,False,88,0.49337985561436837,BlueBet,0.3924050632911393,,False,0.4744897959183674,,48.5,True,-0.026482125100033425,0.11897243966775051,-2.034062636242247,4.799983137656483,-1.393850924939116,-62.0376609020725,-3.072164667589732,-1.2394918595071927,-2.294337223024044,0.8324671962795964,0.2181096584684008,1.7096373903156632,0.8472222222222223,0,0,0,0,0,0,0,0,-13.546862933769034,4.986130998562402,-17.08695855656606,-10.50624096191683,9.06020558615144,6.317789945827656,1,0,1,2,85.46326578498895,1,0,-1,0,0,-0.33561402422525166,0.2038481582679892,-0.8372539261584756,0,0,-0.1709589002458738,0.1646551239793772,1.700264622248655,-0.43721380642274443,3.5,47.5
20241111270,2024,12,Round 12,2024-05-26 04:00:00+00:00,Broncos,Titans,Suncorp Stadium,34,36,-2,70,0,False,83,0.8242235201108278,BlueBet,0.7803992740471869,,False,0.844804318488529,,50.5,True,1.5452285681207338,1.6947710358505503,-7.337438961212406,-9.247434094736747,-1.9173422180875974,22.708967515560744,-44.075766491380136,-0.7327705322182245,-0.780532452871256,3.56277184145737,-0.22503984002114308,1.458592010927667,0.7881944444444455,0,0,0,0,0,0,0,0,27.749367387856182,9.00465308426817,31.602556469805734,-24.104062469806763,11.246220303588984,0.4476647512191789,2,0,0,-3,-139.74969060190162,0,-1,-2,1,-1,2.4424053112920365,-0.3522460880217049,0.8170599561185639,0,0,1.0015038904555023,-1.4409014208365347,0.10481310749282091,1.2679946630908667,-12.5,47.5
20241111280,2024,12,Round 12,2024-05-26 06:05:00+00:00,Warriors,Dolphins,Go Media Stadium,24,20,4,44,1,False,34,0.5543494583176075,BlueBet,0.43717277486910994,,False,0.38983050847457623,,44.5,True,0.21826017300480552,-7.2269282751695485,4.529678652256681,4.548312781920444,2.592871198026735,-45.48507688501559,25.191882404401895,-0.6595645544953834,6.789057242008646,-1.9827754587662376,0.5141419934433333,-0.5000188530454395,0.19097222222222232,0,1,0,0,0,0,0,0,-135.76957468468152,-44.076565869444266,-10.17893972871073,-40.16004104261454,-41.354028043912066,-48.00972960260481,3,0,1,4,206.4063717026216,0,2,1,4,1,-1.1942810966339525,-0.08055780900402157,-0.10753381180630156,0,0,-0.9814676014764381,0.21281349515751435,-0.04728812469941657,-0.25264421571090784,1.5,40.5
20241111310,2024,13,Round 13,2024-05-30 09:50:00+00:00,Eels,Sharks,CommBank Stadium,34,22,12,56,1,False,86,0.34150559075138165,BlueBet,0.32027649769585254,,False,0.5153846153846154,,48.5,True,-0.6565919809785686,-2.5192531111258027,12.630437564793798,-7.912569839251233,1.092147674724167,68.52709265380122,43.24428019368895,0.9647408716598465,-3.5888271440582926,0.9907955184195796,-0.12371948401570432,-5.105194615523942,-0.08680555555555536,0,0,0,0,0,0,0,1,9.750032579660115,37.73785232143868,-47.890884899993324,1.0114521972169825,18.891612960997847,43.87926176276855,2,0,0,2,56.236091880919304,1,1,-2,1,0,-3.2409430415816334,0.557904075900963,-0.9533511211034977,0,-1,-1.0531734725189172,2.187769569062716,0.5892959220906886,-0.752501423209128,5.5,48.5
20241111320,2024,13,Round 13,2024-05-31 10:00:00+00:00,Knights,Bulldogs,McDonald Jones Stadium,2,32,-30,34,0,False,83,0.6729604437488703,BlueBet,0.5264550264550264,,False,0.631578947368421,,42.5,True,0.7216054212025431,-6.0548040548961595,1.6784672648125039,1.6218659986434574,-5.659928235344545,-94.01615596469537,-6.226346035870165,-2.2820859755527847,10.588185208787273,-0.524463668403552,-0.2663272903450249,-7.856754167606557,5.201388888888889,0,0,0,0,0,0,1,1,43.245805323417926,20.90157942310799,20.65036802168507,-10.851804786064974,12.54566266468997,15.195503524440596,-1,0,0,0,-23.388078448782522,0,0,-1,-2,-1,-0.402198043485255,0.3078314189095026,-0.3143078236209498,0,-1,-0.4682184302244928,-0.06602038673923782,-2.0474658798743617,0.10591901888373709,-1.5,43.5
20241111330,2024,13,Round 13,2024-06-01 07:30:00+00:00,Panthers,Dragons,BlueBet Stadium,10,22,-12,32,0,False,83,0.8543231916208281,BlueBet,0.7,,False,0.745631067961165,,40.5,True,1.76891903997314,10.809090097886703,-18.06127254326769,1.22482580855214,4.501534619399955,257.06460810618,-16.499910265705125,2.4733733641357905,13.487009777231172,0.00926816595381652,-0.6736443321092738,0.7421733365494347,-1.9027777777777786,0,0,0,0,0,0,0,1,-9.208688984917217,-3.8928965912714943,-18.600914856666606,28.905655834048872,-15.620533371027832,-22.730512142238553,1,0,2,0,96.0334932788532,0,-2,1,-1,0,3.010599731865394,-1.4086880467513696,2.26476475242945,0,1,1.0946692070832693,-1.9159305247821248,-0.6787905858540766,0.8472978603872034,-5.5,43.5
20241111340,2024,13,Round 13,2024-06-01 09:35:00+00:00,Dolphins,Raiders,Kayo Stadium,25,26,-1,51,0,False,35,0.6156941172291621,BlueBet,0.5979643765903307,,False,0.6140776699029126,,48.5,True,0.47131147205546825,5.661736245748486,-10.000128084647194,4.363885019026398,-0.2084500314451887,31.10120204504392,-61.675007179108206,2.164272085909411,-2.082032729910864,-1.5473907486581027,-0.21787727544675928,-4.262500896268072,-1.0451388888888893,0,1,0,0,0,0,0,1,79.96045397750993,17.31956695172977,27.76185620388884,40.83406220849186,-5.955031386600581,-7.796232338624094,2,0,0,1,13.154842568362064,0,0,-1,0,0,1.9201911254693755,-0.07883077823592355,0.2037747162990673,0,-1,0.8976345861653883,-1.0225565393039877,0.2435879630608931,0.396990481117192,-3.5,48.5
20241111350,2024,13,Round 13,2024-06-02 06:05:00+00:00,Roosters,Cowboys,Allianz Stadium,16,18,-2,34,0,False,86,0.6839284351035262,BlueBet,0.748502994011976,,False,0.85,,53.5,True,0.7718846259695754,8.350721399938926,-4.158943072593999,3.172748158429215,0.7143955767436978,-91.59922194490127,-65.61203720326125,0.09284592369126443,5.910989893367194,-0.5278833578838462,1.7121330670460901,-1.9544312749171269,-0.875,0,1,0,0,0,0,0,1,64.29280848950691,22.682909938762208,52.49322907895626,9.574094082812195,-20.457424611023683,26.745460204084708,-1,0,-1,1,10.41902920548165,1,0,1,0,-1,1.9957141695198943,-0.6182949100446082,1.174810944195098,0,0,0.9505518019070641,-1.0451623676128308,1.6120601056035442,1.0906441190189322,-14.5,51.5
20241111410,2024,14,Round 14,2024-06-07 10:00:00+00:00,Dragons,Wests Tigers,WIN Stadium,56,14,42,70,1,False,83,0.7223367583614103,BlueBet,0.6849315068493151,,False,0.7136842105263157,,43.5,True,0.9560824360865319,1.9803793017716806,-4.836211415505588,-3.1770520176688706,-0.06209840875784067,-49.61582100071769,4.327613160568831,0.5931766290831275,3.0829539968678716,0.14480684329713434,-0.7080190704914209,-6.543733791387677,-7.895833333333333,0,0,0,0,0,0,-1,1,49.181978401636115,-14.120020351407533,27.237667645620036,9.750198744873927,26.314132362549813,-1.6288630121684662,1,1,-3,0,-43.790021076001125,1,-1,-3,1,0,0.4003972343366642,-0.07481543332136242,0.12392737420663463,3,0,0.38374074758554744,-0.016656486751116584,-0.7943136057643547,0.7765287894989967,-8.5,46.5
20241111420,2024,14,Round 14,2024-06-08 05:00:00+00:00,Titans,Rabbitohs,Cbus Super Stadium,12,46,-34,58,0,False,84,0.5362196117675212,BlueBet,0.5158730158730157,,False,0.5153846153846154,,53.5,True,0.14513266164316788,1.7677793336120935,-3.715701076202496,6.601961250353341,2.5618416789336607,237.41978640669686,59.73537166261394,2.373032528689096,6.072596333448786,-3.6597172773721676,-0.6910413429591618,3.6872934087324367,-0.7673611111111125,0,1,0,0,0,0,0,1,42.22988828317989,-24.26292378742616,3.726713795907557,45.985384714927534,16.78071355977093,-2.477579903946747,1,0,0,-1,-7.65444800989539,0,0,0,1,0,0.7382528056051918,-0.14104071858151768,0.12740769265738838,1,0,0.1728484932493554,-0.5654043123558361,1.8931172219738113,0.0635134057223251,-1.5,53.5
20241111430,2024,14,Round 14,2024-06-08 07:30:00+00:00,Cowboys,Warriors,Queensland Country Bank Stadium,12,42,-30,54,0,False,87,0.5741681828654749,BlueBet,0.6075949367088608,,False,0.5580808080808081,,49.5,True,0.29887788205253896,5.033042477896494,0.5426109182984433,-4.601705736083886,-2.3324393666538796,116.81639170942663,56.66782523663733,1.992155600632623,-0.34100689977562837,1.2566947132215933,1.1616852658507444,4.914568593240936,-7.000000000000001,0,1,0,0,0,0,-1,1,-1.349760709072143,18.352925063211046,-41.2448795085956,22.79541591850733,-1.2532221821948895,7.718693611226257,0,0,1,-3,-66.13050412074516,0,0,-1,-2,0,0.04348069547599309,-0.07136181281313897,-0.0307102054942769,4,1,0.8407847224666273,0.7973040269906342,0.09169464612590367,0.4372138064227448,-5.5,49.5
20241111440,2024,14,Round 14,2024-06-08 09:35:00+00:00,Broncos,Sharks,Suncorp Stadium,12,22,-10,34,0,False,87,0.5800802853232295,BlueBet,0.6296296296296295,,False,0.6455399061032865,,46.5,True,0.32310297945860705,4.565891845472834,-4.406555898468145,-8.358235042847525,-0.05961008757580544,107.11993559137204,36.730849870149996,1.6634523698022319,0.06965409064424222,2.718649448082804,-1.0223233240372744,-1.7025853961135553,4.243055555555555,0,1,0,0,0,0,1,1,-3.2968108764373483,-14.154848982690424,39.039151592547455,-16.44331837056035,-11.737795115734059,-9.168864312148372,1,0,0,-1,-45.494194584221745,-1,1,0,0,0,0.17612542619482097,0.13218279400539712,-0.18336683115194796,2,0,0.2404169316455076,0.06429150545068674,0.3188441197976189,0.5306282510621699,-5.5,46.5
20241111450,2024,14,Round 14,2024-06-09 04:00:00+00:00,Storm,Knights,AAMI Park,36,28,8,64,1,False,87,0.7137302656961738,BlueBet,0.7670454545454546,,False,0.8188736681887366,,49.5,True,0.9135706185345233,12.77125394381791,-1.1729437380036138,0.7486487050706216,0.9766313607966737,-46.41373372766657,-51.98973596693287,2.0550324230956507,-14.613750549420867,-0.7200431443205222,-0.8479990587029462,-0.16420279600278676,5.25,0,1,0,0,0,0,1,1,-21.86465084957399,3.863779943403813,-14.940085952072963,-26.485790945502117,15.697446104597205,-2.046190960282928,-1,0,-1,-1,-57.615800766037765,0,0,-1,-1,0,1.652565231598996,-0.19458306299674655,0.27636353713730605,2,0,1.523767395162006,-0.1287978364369901,-1.2722247097571397,1.191702711734122,-12.5,46.5
20241111460,2024,14,Round 14,2024-06-09 06:05:00+00:00,Panthers,Sea Eagles,BlueBet Stadium,32,22,10,54,1,False,87,0.7271870757600019,BlueBet,0.7096069868995633,,False,0.6778523489932886,,42.5,True,0.9803974690046605,0.17833479750914094,-6.569478133455387,1.3809297063521768,-0.9749915833415841,-4.562378456318356,-41.53809689729354,-0.5396851277557237,8.254547423795305,-0.558762705492402,0.7550644536097089,6.142901411700187,-6.059027777777778,0,0,0,0,0,0,-1,1,32.97229565072723,-10.927873043879202,27.197593107979884,-5.9815574772780735,22.68413306390461,-12.383405601513601,1,1,0,0,20.239885200750592,2,0,0,3,1,1.5061479091840646,-0.21068383106786565,0.4236572957425322,0,1,0.03358963217187644,-1.472558277012188,-1.2120966434374305,0.8934760541079834,-9.5,43.5
20241111470,2024,14,Round 14,2024-06-10 06:00:00+00:00,Bulldogs,Eels,Accor Stadium,22,18,4,40,1,False,84,0.5863763015299186,BlueBet,0.46052631578947373,,False,0.4543147208121827,,46.5,True,0.3490051166720377,4.558851053761632,-20.459939859995558,6.095352737838866,3.470629290214333,-15.181590505797203,-26.309704500801445,0.4517516248812683,-3.638854055795605,-2.3808068508428804,1.4209560550271778,7.860761492080769,-1.0069444444444446,0,0,0,0,0,0,0,1,8.899303511540097,6.054028471956997,3.697420663001651,10.293713709671323,-11.14585933308976,12.701306301986477,1,0,1,0,13.200692425691159,-1,0,-1,-1,0,2.871067378696508,-0.33409529177270936,0.6099352904070674,0,0,0.42898025135547624,-2.442087127341032,0.23462968523472116,-0.15822400521489402,2.5,46.5
20241111510,2024,15,Round 15,2024-06-13 09:50:00+00:00,Sharks,Dolphins,Ocean Protect Stadium,28,30,-2,58,0,False,36,0.6949347607384678,BlueBet,0.6849315068493151,,False,0.7231404958677686,,48.5,True,0.8232923187653531,-2.4981659851732765,0.9740484311971791,1.8447962963310545,-0.5483971463962902,-30.305888280485988,19.53440750044365,-0.848287967491363,8.610056646769898,0.5551780260450965,-0.6319796490233403,1.7204127254156276,-6.999999999999999,0,1,0,0,0,1,-1,0,-28.17610002748927,-0.4420086170009654,-13.736906726460177,-5.1068185432645805,-8.890366140763561,6.060845037088853,-1,1,0,1,31.3987842807842,-1,0,1,-1,0,0.6229269036999115,0.08642126828724095,0.05368268938006915,0,0,0.0592102681466698,-0.5637166355532426,-0.4076539633690525,0.7765287894989967,-7.5,47.5
20241111520,2024,15,Round 15,2024-06-14 08:00:00+00:00,Raiders,Cowboys,GIO Stadium,16,34,-18,50,0,False,87,0.5586145955332906,BlueBet,0.5526315789473685,,False,0.5617128463476071,,50.5,True,0.23554135512315896,-0.7682458867007291,0.4034925411385508,-3.3343692745101805,0.818558142506113,74.53083960650883,22.233761385233265,-1.7752215340119717,2.0220399181390007,2.3621173001925246,-0.4874863163310774,-2.251467307508456,6.9131944444444455,0,1,0,0,0,0,1,0,-18.242169069698548,-30.342897026854985,38.75096224057458,-15.794767470715712,-10.855466812702332,-3.746592920051853,-1,0,0,-2,-68.30869112477274,1,-1,0,-1,0,-0.33539085571314464,0.025134318732512484,0.07332962220040261,0,0,-0.6328012196459223,-0.2974103639327773,1.413918662577594,0.21130909366720713,-3.5,49.5
20241111530,2024,15,Round 15,2024-06-14 10:00:00+00:00,Rabbitohs,Broncos,Accor Stadium,22,12,10,34,1,False,88,0.3887459143842056,BlueBet,0.35523114355231145,,False,0.42250000000000004,,48.5,True,-0.4525867709851681,7.9950703556594505,3.132357381579542,5.9207593593071834,5.556512177336977,54.86904669135902,51.697064369245254,-0.38238520813597354,-5.857705313243393,-1.9791671699675195,0.4043355715122292,-2.031021828139316,0.19097222222222232,0,1,0,0,0,0,0,0,15.941662175321426,69.07503699197869,-48.017182433996425,-32.04930182172134,26.93310943906046,44.56522744739411,0,0,-1,1,14.538841332515247,0,-1,0,0,-1,-1.414761915550355,0.42792988379937014,-0.41022348313799184,0,0,-0.016028380111902663,1.3987335354384522,1.198065984831391,-0.5961232042778858,4.5,49.5
20241111540,2024,15,Round 15,2024-06-15 05:00:00+00:00,Wests Tigers,Titans,Leichhardt Oval,18,10,8,28,1,False,84,0.5075965741426198,BlueBet,0.44010416666666663,,False,0.44191919191919193,,50.5,True,0.030388634935069107,-5.685164880853982,3.7206166529386167,-2.9280467110790056,-4.735876117178989,-284.1670421487363,-88.79013204183354,-2.039965558468409,-10.490718496238724,1.5229669444827003,0.7003102501894505,1.8238554372241111,0.791666666666667,0,1,0,0,0,0,0,0,-56.26792671612452,-13.552549950139735,-19.785072766507795,-36.18012845737235,13.24982445789523,-29.190394652499947,2,1,4,5,168.60524862236952,0,0,2,-1,0,0.07755598797962127,0.817100687760212,-0.8755336551308114,0,0,-0.5093253700470073,-0.5868813580266282,0.3476948866384433,-0.2407393132045895,3.5,49.5
20241111550,2024,15,Round 15,2024-06-15 07:30:00+00:00,Warriors,Storm,Go Media Stadium,24,38,-14,62,0,False,88,0.481145591835941,BlueBet,0.44010416666666663,,False,0.5810473815461347,,45.5,True,-0.07545341000777894,-3.8462310075608777,-3.5726143190292134,3.490619317166363,3.310890435800225,115.81478641963258,119.70700316354174,-0.40258811300360176,1.3406298963845558,-0.6102378809193301,-1.152689242328631,-0.45166387052996626,0.854166666666667,0,1,0,0,0,0,0,0,37.589347103366435,-12.24398265073475,20.846190996022187,-2.4773108134401127,31.464449571519083,4.4839949619382935,0,1,0,-1,-55.81336344401515,0,-1,-1,0,0,-0.4765823561096978,0.33252718615771015,-0.38102400448135015,0,0,-0.8332162915361082,-0.3566339354264104,-0.3092719915525137,-0.2407393132045895,1.5,45.5
20241111560,2024,15,Round 15,2024-06-15 09:35:00+00:00,Eels,Roosters,CommBank Stadium,18,28,-10,46,0,False,90,0.3866507676307428,BlueBet,0.4005102040816326,,False,0.32062780269058294,,51.5,True,-0.46141260754955415,-8.699419695131837,9.170911731140158,-5.766002447670786,1.245203904936787,109.71155780296976,9.746104719971527,-1.317547527658495,-12.498792198437847,1.585022487331905,-3.163215577731515,1.8908576049520818,-7.996527777777779,0,0,0,0,0,1,-1,0,-95.47322349596232,-33.7624531330886,-48.85403112704256,-12.715034203710388,-0.14170503212076824,-32.169569066647284,-2,0,0,-1,-9.708419601115054,-2,0,1,-3,0,-3.2469045184903584,0.6311798270144715,-1.1569586912229308,0,0,-1.5237510795279525,1.723153438962406,1.3072142787262946,-0.40333970879585096,4.5,51.5
20241111570,2024,15,Round 15,2024-06-16 04:00:00+00:00,Sea Eagles,Dragons,4 Pines Park,30,14,16,44,1,False,85,0.649179723543013,BlueBet,0.6578947368421053,,False,0.640661938534279,,50.5,True,0.615435542716677,-6.775805417666373,3.069386144678493,-0.23901825527596543,-4.476263859143785,-63.6265622729461,-71.2788645966807,-1.0056466617378552,-7.831304395960338,0.40384487430774385,-0.2707829424300332,12.8071996735557,-1.8368055555555554,0,0,0,0,0,0,0,0,-63.1788219364887,-23.273224212516965,-28.45355756002155,13.786202169141887,-25.238242333092174,-30.71215890474511,1,0,1,-2,-62.63362651647874,0,-1,1,1,0,0.5141853271240329,-0.19299690887387844,0.2661109760150351,0,0,0.2081069361072711,-0.3060783910167618,0.5972626861119248,0.6539264674066643,-6.5,50.5
20241111580,2024,15,Round 15,2024-06-16 06:05:00+00:00,Knights,Panthers,McDonald Jones Stadium,18,26,-8,44,0,False,88,0.3250195985338672,BlueBet,0.23892100192678226,,False,0.2256317689530686,,45.5,True,-0.730798171893318,-6.96318428186752,9.528718473199667,-2.582192077798183,-3.2831976057499617,-203.87616756378657,-57.28811112754647,-2.0469310353339774,-0.9665423027430293,1.1494142424599687,0.8457997228236245,-0.23998663994730407,0.08680555555555536,0,0,0,0,0,0,0,0,-66.85463748773657,-41.78847638024371,14.584666158402314,-7.602485968400657,-32.04834129749452,-48.113832072370286,-3,0,0,-2,-64.43918300999293,-1,1,1,-1,0,-2.7664360355158113,0.03836236847456309,-0.5282246838296768,0,0,-1.223955106638298,1.542480928877513,-2.210393689169301,-1.1586041992960852,11.5,45.5
20241111610,2024,16,Round 16,2024-06-21 10:00:00+00:00,Dolphins,Storm,Suncorp Stadium,24,30,-6,54,0,False,37,0.42397384283257084,BlueBet,0.37810945273631846,,False,0.3552941176470588,,49.5,True,-0.30648130951747093,-6.451780065470032,0.38046548194098406,4.153535378908757,2.3062952099641763,242.28646438319856,72.74994307439488,-1.4349519486121274,-1.8547458619150632,-2.9786045145173663,0.6161031674899959,-1.1491407919800665,1.9027777777777777,0,1,0,0,0,0,0,1,61.89442313619861,11.327076721769345,23.573628875819338,34.328536203113316,-7.33481866450343,23.75184922973446,-1,0,0,-1,-42.3580136205794,1,-1,1,-1,0,-0.5963433526606245,0.22837861861499809,-0.35467676272767795,0,0,-0.41644981757630206,0.17989353508432235,1.0297594385000681,-0.4975803970159699,4.5,48.5
20241111620,2024,16,Round 16,2024-06-22 05:00:00+00:00,Titans,Warriors,Cbus Super Stadium,66,6,60,72,1,False,86,0.33822521063095984,BlueBet,0.41025641025641024,,False,0.3669064748201439,,50.5,True,-0.6712133234858408,-7.240524602025751,3.8439201808479595,-6.87267019182265,-3.4088343693447527,137.13720049840526,-9.351854006538815,1.420744893642004,2.613958442213388,1.1844977316593237,-0.41364246325077314,3.923402415952417,0.10416666666666696,0,1,0,0,0,0,0,1,-10.965066272714012,-5.711111303659806,-23.93917993255252,30.881678715070933,-12.196453751572562,3.291320763185695,1,0,0,-2,-31.46942680581148,1,-2,0,0,0,-2.107251139335012,0.10662161378897095,-0.5014275304092761,0,1,-0.7613191909678724,1.3459319483671393,-0.0386594286287662,-0.3629054936893685,4.5,50.5
20241111630,2024,16,Round 16,2024-06-22 07:30:00+00:00,Roosters,Bulldogs,Polytec Stadium,26,8,18,34,1,False,85,0.6593376490614948,BlueBet,0.7749077490774907,,False,0.6887417218543047,,46.5,True,0.6603439555495741,3.511897735012049,5.813639887415313,1.3071164159694888,-3.8134278635880037,-131.33401803706784,10.19217751989629,0.4325257550362256,7.484770035812801,-0.5189291206264208,1.0743344651754416,-3.3295584248107204,-5.149305555555555,0,0,1,0,0,0,-1,1,14.597900831045877,-13.857882048779231,39.469506911976055,10.684303710940725,-21.69802774309167,-26.192818282966897,1,0,0,1,48.20964651384395,-2,-1,3,1,0,0.9033116516139719,0.1059880708533203,0.3710345821261199,0,3,1.1279765697318898,0.22466491811791867,-0.6689231131124241,1.2362336665441571,-9.5,49.5
20241111640,2024,16,Round 16,2024-06-22 09:35:00+00:00,Rabbitohs,Sea Eagles,Accor Stadium,14,0,14,14,1,False,89,0.4660236358622743,BlueBet,0.582901554404145,,False,0.6689497716894978,,49.5,True,-0.13611522249234909,3.0699998890534275,0.5744431505327157,0.9637661837818712,3.223088110549014,85.66687795121243,103.48653595445774,-1.5012000252466597,2.5384090401847033,0.6211091264124544,-2.0011621517411227,-0.25869223083494575,1.75,0,0,0,0,0,0,0,1,70.05248699886374,26.106087305756347,44.95717876113687,-9.914109877922257,8.903330809892779,2.434582100432948,0,-1,0,-4,-146.4199650801944,-1,-1,-2,-3,0,-0.8538864692684534,0.2632923179389238,-0.28843395659236093,0,-2,-0.030563953631066065,0.8233225156373873,1.0644610543188495,0.33469603721995705,-3.5,49.5
20241111650,2024,16,Round 16,2024-06-23 06:05:00+00:00,Wests Tigers,Raiders,Campbelltown Sports Stadium,48,24,24,72,1,False,85,0.3934046173097516,BlueBet,0.4386422976501305,,False,0.3684210526315789,,48.5,True,-0.43302334061904285,-2.626610862082405,-1.3288538812838517,4.336797831079139,-1.4515734493984667,-150.3900577499469,-92.4239336159934,-0.7643557363945446,-6.761987925313747,-3.688719212838304,-0.6477088268844495,5.796302032985402,-0.875,0,1,0,0,0,0,0,1,-32.98393342804616,3.8460040344045012,-42.60917826965954,3.3613904648159405,2.4178503423928817,-14.133229213775166,0,1,4,6,226.60199894281462,0,2,1,1,0,-0.12055536610110296,0.7407326379889163,-1.0219577150406982,0,0,-0.5174109233969807,-0.39685555729587785,-0.3631431780861799,-0.24667404872440402,3.5,47.5
20241111710,2024,17,Round 17,2024-06-28 10:00:00+00:00,Bulldogs,Sharks,Accor Stadium,15,14,1,29,1,False,86,0.3982877671702678,BlueBet,0.4285714285714286,,False,0.3868613138686131,,46.5,True,-0.41260453535320274,-2.557165319190787,-7.503454168804659,-1.307243442520715,1.7022699274869666,-7.641083839036128,-37.867822925449445,0.7511636831244983,1.657717630403738,-0.02563195071445179,0.9830973006641193,7.042227213334229,-7.895833333333333,0,0,0,0,0,0,-1,1,-34.88202190812444,13.396717302934803,-16.01336218154472,-0.5741714438653958,-31.691205585649215,3.1055168920415497,1,0,0,3,140.24733025723515,0,2,0,1,0,-0.42731628125457477,-0.207165446515589,0.280124183556385,1,0,-0.7435973146582135,-0.3162810334036388,-1.3728584516253273,-0.2876820724517808,4.5,46.5
20241111720,2024,17,Round 17,2024-06-29 05:00:00+00:00,Warriors,Broncos,Go Media Stadium,32,16,16,48,1,False,89,0.4823380388001475,BlueBet,0.4285714285714286,,False,0.6063569682151589,,47.5,True,-0.07067725112879207,0.6851730117608454,14.060313679856403,7.329726885553399,6.207104188700647,-76.72563050398003,-38.065709709578414,-1.0147594054520792,-4.804218122910669,-3.5096933465664044,0.6602022946107784,-5.005042990468368,-7.0,0,1,0,0,0,0,-1,1,48.44033556355407,10.798928601664386,47.09802170899982,-29.08059073704706,19.623975989936966,-10.859768890877717,0,1,0,-2,-144.26460139928372,2,0,-1,1,0,-0.7951900127534889,0.16667644431906264,-0.26304594038752455,1,-2,-0.1376238593188135,0.6575661534346754,-0.16161089900886888,-0.2876820724517808,3.5,47.5
20241111730,2024,17,Round 17,2024-06-29 07:30:00+00:00,Knights,Eels,McDonald Jones Stadium,34,26,8,60,1,False,89,0.6138697541125603,BlueBet,0.5145888594164455,,False,0.5076530612244898,,48.5,True,0.4636080416637321,-2.212978345346162,-3.16816637725265,9.95166174621643,-4.834200885220291,-222.532938291841,-74.30464006450154,-1.2833942058013879,9.687241082606931,-3.668219117924046,0.9486192371330269,0.3601719829834309,-0.8541666666666661,0,0,0,0,0,0,0,1,-1.1975753870293602,-3.524356653766148,31.595530416474475,-1.3301663975906308,-27.938582752147056,1.4868269171572024,1,0,1,-1,18.887136466796136,1,-1,-1,0,0,0.7971962448922342,-0.12506567175970107,0.41515540125762496,-1,0,-0.3669500819542348,-1.1641463268464687,-0.23654913173843606,0.05837200622190663,-1.5,48.5
20241111740,2024,17,Round 17,2024-06-29 09:35:00+00:00,Storm,Raiders,AAMI Park,16,6,10,22,1,False,89,0.7976789880757463,BlueBet,0.7749077490774907,,False,0.7199170124481328,,50.5,True,1.3718506419836425,11.097385267518131,-11.851982663721394,3.638103380599574,-1.0585964442328688,-108.05403358091303,-74.8662155994615,-0.1921363319281406,-6.151140976879489,-2.966955502989819,0.7166765729857314,-0.9541490320652812,1.8368055555555562,0,1,0,0,0,0,0,1,-23.140181679699822,23.666062223216528,-54.85938154068796,2.308565434943418,5.744572202828152,-2.9815182246377105,0,0,-2,0,19.30939776572845,0,-1,0,-1,1,2.8775741367011536,-0.5734019757085405,0.7647847254797502,1,1,1.5088808363782036,-1.36869330032295,1.4970252270762776,1.2362336665441571,-14.5,50.5
20241111750,2024,17,Round 17,2024-06-30 04:00:00+00:00,Dragons,Dolphins,Jubilee Stadium,26,6,20,32,1,False,38,0.4976428688234777,BlueBet,0.48684210526315796,,False,0.5063938618925831,,52.5,True,-0.009428594554378649,-0.272781489205439,-1.82715798451418,-2.5489224330544005,1.4106054522418745,-164.3149266139767,19.69314488353166,1.086832211359968,5.276172765822569,1.451641147408857,-0.3070338965918271,-5.193599913457348,5.25,0,1,0,0,0,0,1,1,-40.737786760912286,-2.136499518887291,4.992831725029333,-36.6699702382823,-6.924148728772025,8.614555022446893,0,0,0,-3,-68.99453833955428,-1,0,-1,-2,1,-0.9486892509851991,0.2292480883926129,-0.22194046504092396,1,0,-0.6054490616277162,0.343240189357483,0.6725786469141902,-0.05264373348542167,1.5,53.5
20241111760,2024,17,Round 17,2024-06-30 06:05:00+00:00,Panthers,Cowboys,BlueBet Stadium,6,16,-10,22,0,False,89,0.7616444065167991,BlueBet,0.7377049180327869,,False,0.7626168224299065,,46.5,True,1.16171613975875,0.8412678487170169,-7.851129079659934,5.725132089743795,3.4474683896871667,144.89963041839565,8.783398918317403,0.7868055020124185,12.464813682703245,-2.1283155484989624,-1.0836943264493808,-2.1745178992703913,0.0,0,1,0,0,0,0,0,1,80.03559343328482,11.725851079663386,11.672979494025185,14.06458012227776,42.5721827373185,11.998492383965726,1,1,2,-2,-65.11937809170985,0,-1,-1,-3,-1,1.7857774949425516,-0.46895360728972185,0.8443920061606988,1,-2,0.23097213235816128,-1.55480536258439,-0.3269118074579014,1.0340737675305387,-10.5,47.5
20241111770,2024,17,Round 17,2024-06-30 08:15:00+00:00,Roosters,Wests Tigers,Allianz Stadium,40,6,34,46,1,False,86,0.8426035793906028,BlueBet,0.8426966292134831,,False,0.8029556650246304,,50.5,True,1.6777290025698868,3.1314699890657494,-11.072162320740738,0.5150618172501424,1.9793776330793023,88.180159219894,79.41264510489077,1.905212065422539,14.56407893527036,1.613442015359329,3.386762747708712,-6.215696744247879,0.9409722222222223,0,0,0,0,0,0,0,1,62.85811037792689,-7.767342819015738,44.414787552470415,16.18112333930314,10.029542305169088,-20.937076049384245,0,0,-1,-3,-139.55654900885295,2,0,0,2,0,3.2148590586183965,-0.5571956176709885,1.0230695259968174,4,0,1.7479170456627755,-1.4669420129556199,0.3686495740032558,1.6784307839210515,-15.5,52.5
20241111810,2024,18,Round 18,2024-07-04 09:50:00+00:00,Eels,Rabbitohs,CommBank Stadium,16,32,-16,48,0,False,92,0.5060461459661021,BlueBet,0.5,,False,0.40841584158415845,,50.5,True,0.024185762752866647,-1.6624946875989934,15.025665179808751,-8.960779134607122,-1.2236469362375502,-77.80303745553465,-121.92783105691421,1.371871762256152,-0.6315182364127381,1.8596037963973302,1.0095365080884293,5.804671939345084,-6.913194444444444,0,0,0,0,0,1,-1,0,-30.258865484960097,-37.09115073577911,-22.85038528205328,21.65822649288657,8.024444039985724,-27.5773917307296,-1,0,3,4,116.34666646219259,-1,1,1,-2,0,-1.209095869807748,0.2339855846064761,-0.397957465276589,0,0,-0.16680991460753844,1.0422859552002097,1.1213481103879561,0.0,1.5,50.5
20241111820,2024,18,Round 18,2024-07-05 08:00:00+00:00,Sharks,Titans,C.ex Coffs International Stadium,16,20,-4,36,0,False,87,0.7505206425464038,BlueBet,0.6744186046511629,,False,0.7285714285714284,,47.5,True,1.101390979641898,-11.156986033895102,-0.03172134094049639,-0.7189465417404648,-2.866380699573469,-183.36311492928985,-8.423510076423895,-3.7365690987977276,-4.585081262956372,1.5801391644474805,1.2460987124195757,2.3012837269592445,-6.208333333333333,0,1,1,0,0,0,-1,0,-14.34596116846808,-3.2458254557634802,-26.22060984351029,-24.56470406994208,39.68517820074774,-9.094425268602492,-1,0,0,0,-27.689888051109506,-1,0,1,-1,-1,1.973948958260087,0.0009368120264990898,0.30076838190537725,0,0,0.3078032194619109,-1.6661457387981762,0.7284922918499793,0.7282385003712157,-8.5,47.5
20241111830,2024,18,Round 18,2024-07-05 10:00:00+00:00,Broncos,Panthers,Suncorp Stadium,6,14,-8,20,0,False,90,0.41913925424403015,BlueBet,0.41025641025641024,,False,0.3990147783251232,,45.5,True,-0.32630783410414776,-1.7763241665042457,8.459944013953411,-9.465383049988972,-6.568102320792313,-280.19650369067335,-81.13271966068248,0.6955803096438169,-9.057754470296103,3.132277926827749,0.12995186911828327,3.54573337290757,1.0451388888888884,0,1,0,0,0,-1,0,0,-68.70579008239815,-49.95955656071709,30.659233169972254,-33.891660195092186,-15.513806496561173,-23.295982098276284,0,-1,0,2,64.1893477708642,1,0,0,0,1,-1.6552798373142457,-0.1694792663666675,-0.1388575816950573,0,0,-0.18079432234665904,1.4744855149675868,-1.4833548675506294,-0.3629054936893685,2.5,45.5
20241111840,2024,18,Round 18,2024-07-06 05:00:00+00:00,Bulldogs,Warriors,Accor Stadium,13,12,1,25,1,False,87,0.5210657434226758,BlueBet,0.6218905472636816,,False,0.6438679245283019,,46.5,True,0.08431288419741242,-4.114021492032812,-14.1933050600975,0.8067686588273659,-1.6916417873188792,39.49190082795826,-63.53024481532691,0.6318355990553419,1.1267274000918306,0.20922408447048824,-0.2539367580532712,13.015756193719628,0.791666666666667,0,1,0,0,0,0,0,0,56.38222286782616,38.73496882300691,-13.749314848545225,34.36317836697759,-2.966609473613019,23.2384536367245,1,0,-1,0,10.335282502125786,1,0,-1,2,0,0.8653434040167218,-0.09402198744679441,0.06179897681350828,0,0,-0.5428123099283123,-1.408155713945034,-1.1650627081151113,0.49758039701597023,-6.5,45.5
20241111850,2024,18,Round 18,2024-07-06 07:30:00+00:00,Wests Tigers,Storm,Leichhardt Oval,28,40,-12,68,0,False,87,0.21380909680887952,BlueBet,0.2250922509225092,,False,0.23076923076923078,,50.5,True,-1.302116096413609,-7.225995018677445,12.604041759145968,1.0425781113468133,-3.5354787895267634,-198.11959731462684,-54.699608049360904,-2.08947187331385,-3.8318319171849318,-2.864786484006407,1.0351754953752685,12.700056468304489,-0.9444444444444446,0,1,0,0,0,1,0,0,-9.995429442189106,-10.175708931098029,-4.122140454661746,17.392591248859077,-13.090171305288322,-4.276823359348697,-1,0,1,-2,-74.14252666731491,0,2,0,0,-1,-3.3061565181705284,0.12251592265158529,-0.5885806749958118,0,0,-1.8228996593729185,1.48325685879761,-0.05536017507455504,-1.2362336665441576,12.5,49.5
20241111860,2024,18,Round 18,2024-07-06 09:35:00+00:00,Cowboys,Sea Eagles,Queensland Country Bank Stadium,20,21,-1,41,0,False,90,0.6014296346103769,BlueBet,0.5394736842105263,,False,0.5482233502538072,,50.5,True,0.4114254871049651,4.676913197530535,0.2867109557864751,4.023203648124763,0.7157326431747677,-91.61722087331395,-23.679868359036163,-0.21640813108602952,-0.43166450229703557,-1.1790321539484108,-0.46096744407780843,3.1038471189031185,-7.854166666666667,0,1,0,0,0,0,-1,0,4.77519168840422,12.997507605572679,3.7344756250204796,-11.216615672563904,-0.7401758696249772,2.2362290761827524,0,-1,0,0,7.979585094131423,-1,0,0,0,0,-0.22864811655971679,-0.05214701862557876,-0.0018923123362641,0,0,0.45227741781541486,0.6809255343751316,0.6312993006750245,0.1582240052148942,-2.5,50.5
20241111870,2024,18,Round 18,2024-07-07 04:00:00+00:00,Roosters,Dragons,Allianz Stadium,42,12,30,54,1,False,87,0.7471385530045507,BlueBet,0.7749077490774907,,False,0.77737881508079,,52.5,True,1.0834089488065035,6.578970356347913,-5.132423318740846,2.0915794233455927,-2.958955400134812,46.740941350791445,-31.282589051652735,1.2272035064309081,7.299706092581388,-0.658089683165576,3.8490592374827983,3.2909775034439406,-0.17708333333333304,0,0,0,0,0,0,0,0,68.38783891351011,4.468380631874595,1.9102756913486871,-4.651805650910973,66.6609882411978,-7.628315239021902,0,0,1,2,41.47459651024515,0,0,0,-2,0,2.9956585055842906,0.1499816351209833,0.23438321717505428,0,0,1.7541949065893794,-1.241463598994911,0.452293827526758,1.2362336665441571,-13.5,52.5
20241111880,2024,18,Round 18,2024-07-07 06:05:00+00:00,Raiders,Knights,GIO Stadium,12,16,-4,28,0,False,90,0.5038942872456579,BlueBet,0.5,,False,0.4235588972431078,,48.5,True,0.015577463973876004,-6.54500019387628,3.735639819333201,-8.754001249165128,-0.5657847359528745,-18.998428544734224,51.048528137857545,0.1212181880564458,-8.901596262849104,4.549658308775729,-0.4816078813333746,0.36202091226111577,-0.08680555555555536,0,1,0,0,0,0,0,0,-83.91849858871149,-20.70493555281277,41.22685908143748,-59.02625084537803,-45.41417127195818,-5.827319065386462,-1,1,0,-1,-18.902241211135916,-1,0,1,-1,0,-1.212978460713555,0.14854592956239127,-0.3849655326482829,0,0,-0.3336736845658017,0.8793047761477533,-0.3833126492001977,0.0,1.5,48.5
20241111910,2024,19,Round 19,2024-07-11 09:50:00+00:00,Dolphins,Rabbitohs,Kayo Stadium,36,28,8,64,1,False,39,0.5608259553563657,BlueBet,0.513157894736842,,False,0.5594936708860759,,50.5,True,0.2445148258279869,-6.372125667470183,9.92127961281256,-0.7625840470236369,-1.5688647843974195,-110.07776899380292,-135.56114912737257,-1.3714363608715017,-4.877068397954318,-0.7826594769344588,1.4219661163454873,8.359807928968849,4.243055555555555,0,1,0,0,0,0,1,1,19.53549414408394,-7.227280339417064,-21.262775499724228,18.579258162980352,29.44629182024474,6.693442112676138,0,0,-1,2,24.631223583557656,0,1,2,4,-1,-0.32342699898398203,-0.14763420944058828,0.03565414235813613,0,1,-0.07277332309352497,0.25065367589045695,0.5306814398318632,0.05264373348542167,-1.5,48.5
20241111920,2024,19,Round 19,2024-07-12 10:00:00+00:00,Sharks,Wests Tigers,Ocean Protect Stadium,58,6,52,64,1,False,88,0.8225059572810738,BlueBet,0.7633587786259541,,False,0.6949891067538126,,48.5,True,1.5334186793028655,-2.7973062330367675,-12.131862718704745,0.29595880018575826,-2.124862007500994,137.08883320684026,45.020582260415495,-0.4551231850652213,5.45485998214302,2.115755347350479,0.4499989652649372,-6.168926791473844,0.9791666666666661,0,0,0,0,0,0,0,1,13.979890046620199,-31.902692963524714,7.817153910786345,36.34026004528576,1.7251690540728362,-29.46678823301184,1,1,-1,0,50.81187306522463,0,0,2,4,1,2.7774939257920583,0.04293701225420077,0.46571676654059835,0,0,0.8864822546369994,-1.8910116711550593,0.25170597191235355,1.1711829815029449,-13.5,48.5
20241111930,2024,19,Round 19,2024-07-13 07:30:00+00:00,Titans,Eels,Cbus Super Stadium,24,16,8,40,1,False,88,0.5623872380527247,BlueBet,0.5897435897435896,,False,0.7163865546218487,,53.5,True,0.25085623411681646,8.11330298739685,-10.63195708288153,5.296110786056673,0.3947128467225909,10.801156076812958,-22.453628674826405,1.4428926522954546,12.010173462662777,-3.9702389875797675,1.2539542062802447,-7.07140941087841,-0.9236111111111116,0,1,0,0,0,0,0,1,108.93203985965476,49.56560638206494,37.77963136815572,-2.7508704248972435,24.337672534331205,54.47512590056081,1,-1,-4,-2,-70.58905032679883,0,0,0,2,-1,0.7015825932072057,-0.3291809914093,0.24235670193450357,0,0,0.3044285188071108,-0.397154074400095,1.6214420386521315,0.362905493689368,-5.5,52.5
20241111940,2024,19,Round 19,2024-07-13 09:35:00+00:00,Broncos,Dragons,Suncorp Stadium,26,30,-4,56,0,False,88,0.6544113197823889,BlueBet,0.6432038834951456,,False,0.6380952380952382,,50.5,True,0.6384868007013937,-6.697112218896141,-3.2983785809603603,-6.88429480950748,-7.113867595376135,-58.333083029375985,-36.60596888836926,-0.8764364026775517,-2.3920650242195123,2.817990095208712,0.47057378776245073,2.0393776889672353,1.75,0,1,0,0,0,0,0,1,-39.92269222980599,-24.154233762042708,-16.326041295517683,-8.323756213104247,8.881339040858592,-0.5525644309850293,1,0,2,0,10.951242371170139,1,0,-1,0,-1,0.76483727339245,0.23681069534718024,0.10119737430420506,0,1,0.12260257270538252,-0.6422347006870675,-0.338903703088794,0.5892972392074857,-7.5,49.5
20241111950,2024,19,Round 19,2024-07-14 06:05:00+00:00,Sea Eagles,Knights,4 Pines Park,44,6,38,50,1,False,91,0.612602942124201,BlueBet,0.5291005291005291,,False,0.6830357142857143,,49.5,True,0.45826684066552076,-2.310984174014628,-2.6337796045981214,-3.944049562014456,1.0021522884713576,16.83179223386628,-19.797414495038993,0.11427232851501934,-8.766083975415206,1.6957472839567984,1.4485672465736208,-2.361234932261027,0.854166666666667,0,0,0,0,0,0,0,1,-27.645135761777738,4.726540668915874,-4.53861946530003,-4.417981652487356,-23.41507531290631,18.448202368027182,0,1,1,1,41.86264565963771,-1,-2,3,-2,0,0.5747377201292191,-0.08419778527882357,0.23093756155777523,0,0,0.3451578252567387,-0.22957989487248026,-0.829354450231572,0.1165338162559514,-7.5,48.5
20241112010,2024,20,Round 20,2024-07-19 10:00:00+00:00,Raiders,Warriors,GIO Stadium,20,18,2,38,1,False,91,0.45876240984188676,BlueBet,0.47368421052631576,,False,0.5920398009950248,,47.5,True,-0.16532590051015295,-5.010579997077951,0.2538786807380049,-5.6536083775357895,-4.355904155847512,-56.17494809481559,-3.688364376457116,-0.008752779159006963,-3.987815905274033,2.99455192283928,-1.7890454083515737,5.084182625306617,-1.0451388888888893,0,1,0,0,0,0,0,1,14.684091422583833,20.919286236927093,1.3024806722040694,-10.439385730163636,2.901710243616293,24.412273015749037,0,1,-2,-1,-35.83530130695112,1,0,1,4,0,-1.834388418453697,-0.1495586876557573,-0.09916225363073283,-2,0,-0.8480724681580736,0.9863159502956232,-0.26796665465812153,-0.10536051565782652,1.5,47.5
20241112020,2024,20,Round 20,2024-07-20 05:00:00+00:00,Rabbitohs,Wests Tigers,Polytec Stadium,42,28,14,70,1,False,89,0.6908440547639557,BlueBet,0.7377049180327869,,False,0.74559686888454,,51.5,True,0.8040682910523603,9.114606026983179,-19.08867945358201,7.489547395983834,3.225827979539801,338.3514797790117,134.74246757279428,1.9732016144064444,10.264877870735425,-1.6527300469094222,-0.5822308969027734,-12.633918366907118,1.0069444444444438,0,0,1,0,0,0,0,1,37.48309581780211,36.680690079782295,-1.9893110472640672,26.547831912497116,-23.756115127213207,24.209973565948303,-1,0,-1,-4,-47.667382553485595,0,-1,-2,0,0,2.444918623471971,-0.1820844006061484,0.5759877952716146,0,0,1.099778193880308,-1.345140429591663,1.3581875333064497,1.0340737675305387,-11.5,51.5
20241112030,2024,20,Round 20,2024-07-20 07:30:00+00:00,Knights,Broncos,McDonald Jones Stadium,14,30,-16,44,0,False,92,0.5213875511446753,BlueBet,0.42010309278350516,,False,0.3642857142857143,,49.5,True,0.08560243927243051,-1.3311091512700983,4.046654572535136,4.090472381346373,1.550156951010763,144.9771396475253,59.7569813117949,-1.341698365846486,3.3884466001242544,-2.1610397995945476,-1.0073162069575732,-7.455857989079071,-0.854166666666667,0,1,0,0,0,0,0,1,18.280229803495786,2.7660841096488014,-19.747748261825592,61.8654491948902,-26.603555239217528,-22.60442879611128,0,-1,0,0,14.518116987160454,-2,2,1,1,0,-1.2355801497286811,-0.27044492089769745,-0.14783565576042207,0,-1,-0.8343516140090177,0.40122853571966344,-1.2199028323381484,-0.32235020139765763,3.5,48.5
20241112040,2024,20,Round 20,2024-07-20 09:35:00+00:00,Storm,Roosters,AAMI Park,24,8,16,32,1,False,94,0.5983717243799475,BlueBet,0.47368421052631576,,False,0.4296482412060301,,46.5,True,0.3986852001855139,-3.9464678382231284,8.156379519355294,-4.803403659763106,-0.03556496313358082,-89.59832805072256,-43.11897644682938,0.31635130470247574,-13.958935842454828,1.9986015623722668,-2.6714328781806573,3.3651110656232603,0.7673611111111107,0,1,0,0,0,0,0,1,-92.18143969861853,14.81735611032849,-46.179984909294404,-22.767500664631882,-38.05131023502061,16.235304458186846,1,0,1,0,-13.477501336618445,-1,0,1,0,0,-1.6423114807127432,-0.2039121144332885,-0.18430580391183682,-3,0,-0.7370175106870056,0.9052939700257379,1.4348893339463644,-0.10536051565782652,1.5,47.5
20241112050,2024,20,Round 20,2024-07-21 04:00:00+00:00,Panthers,Dolphins,BlueBet Stadium,28,26,2,54,1,False,40,0.7631831015201741,BlueBet,0.7857142857142858,,False,0.7358870967741935,,46.5,True,1.170210715987614,-6.057279390375477,-12.640766134046565,3.678263270558915,2.6646776604152436,131.0751713343825,79.10778234045074,-0.16571202621907233,15.014582437125949,-1.168513960990266,-1.3707356578280718,-10.245125696506207,4.243055555555555,0,1,0,0,0,0,1,1,-5.483666449500106,14.177118005382283,30.500434367455483,-23.596622308954153,-26.56459651338369,9.617847520898636,1,1,2,1,99.80069477277253,-1,2,3,0,0,0.8020853983084425,-0.5041470269258723,0.6674629031720809,-2,3,-0.6902689180865847,-1.4923543163950272,-0.8670219312054741,1.2992829841302613,-12.5,46.5
20241112060,2024,20,Round 20,2024-07-21 06:05:00+00:00,Sea Eagles,Titans,4 Pines Park,38,8,30,46,1,False,89,0.7248992232468919,BlueBet,0.6849315068493151,,False,0.6801801801801802,,51.5,True,0.9688951513183022,-1.371931917533768,-3.5465519387088804,-2.063794655977759,0.17069257310761543,106.07256143439645,36.007849755059055,-0.8452952042314301,-9.432297192429267,0.4829132559357241,0.8287393571822319,-5.565556136635024,-0.9409722222222223,0,1,0,0,0,0,0,1,-35.47851579267319,-5.0111769035683835,-59.00458737741778,20.13294956255399,8.404298925758994,9.021991515579572,0,1,0,2,88.06087737330921,1,0,1,3,0,1.608561217891032,0.09729036305474192,0.10649434871981363,1,0,0.4340706981443776,-1.1744905197466546,0.201040987182727,0.7765287894989967,-9.5,51.5
20241112070,2024,20,Round 20,2024-07-21 08:15:00+00:00,Cowboys,Bulldogs,Queensland Country Bank Stadium,20,18,2,38,1,False,88,0.6482983574991513,BlueBet,0.5263157894736842,,False,0.5860349127182045,,46.5,True,0.6115678089822608,4.204103602792866,4.7232249308190095,1.8097965164944156,-0.08720960562865088,76.29206331295154,109.37268421309909,0.5559038935004272,-6.080182480360499,-0.4082111840572278,-0.144351593700212,-6.044145154866996,0.0,0,1,0,0,0,0,0,1,7.855462324911969,-24.148221345340517,5.317968017561157,-10.64462125250131,37.33033690519264,-12.740265413610558,0,0,-1,-1,-50.30950828521799,-1,1,-2,-2,0,-0.7501443183321159,-0.058716158929203385,-0.1626142964958802,4,0,0.7601272193505029,1.5102715376826186,-1.2459135631931464,0.10536051565782614,-1.5,46.5
20241112110,2024,21,Round 21,2024-07-26 08:00:00+00:00,Warriors,Wests Tigers,Go Media Stadium,28,16,12,44,1,False,90,0.7722138557502346,BlueBet,0.7633587786259541,,False,0.8022875816993464,,48.5,True,1.2208543019093536,-1.0241605495817332,-16.983850799716933,6.747624583148536,3.9798619882459576,254.0432302915474,129.56755241148142,-0.20491191119664265,1.6628178079253004,-1.366569158964717,-0.7007751359374632,-9.90532490238028,0.791666666666667,0,1,0,0,0,0,0,0,26.685252461400523,-6.3955692209072765,31.003059302368484,11.133864182570235,-9.056101802630977,5.5999172514945315,0,-1,2,-2,-63.771171767922255,-1,1,-2,-3,1,2.301416830637517,-0.26930239363454905,0.7747818172594497,0,0,0.40258961060998616,-1.8988272200275302,0.8056407945318454,1.1711829815029449,-12.5,48.5
20241112120,2024,21,Round 21,2024-07-26 10:00:00+00:00,Eels,Storm,CommBank Stadium,14,32,-18,46,0,False,95,0.2408170400022679,BlueBet,0.19898819561551429,,False,0.10910910910910912,,53.5,True,-1.1482053273022137,-9.70605198642317,11.57953837241529,-3.040147003638779,1.409947507211065,137.81952326362284,50.87132517163343,-1.9847576259291166,-0.7062191464062337,1.3446257247186004,-0.6002349767682347,8.35829000434267,7.086805555555555,0,1,0,0,0,0,1,0,-69.09612813874583,-37.18909771788779,-9.970315306848505,-11.632890572055459,-10.303824541953944,-14.651469325683252,0,0,1,1,49.819075121588284,1,1,0,1,1,-3.869091206548124,-0.26790315650137364,-0.18511460001373115,0,0,-1.7510620284469611,2.118029178101163,1.100651561161258,-1.3926301795689768,14.5,53.5
20241112130,2024,21,Round 21,2024-07-27 05:00:00+00:00,Broncos,Bulldogs,Suncorp Stadium,16,41,-25,57,0,False,89,0.6485911989005663,BlueBet,0.6506024096385543,,False,0.77797513321492,,46.5,True,0.612852403147345,3.7806301626404917,4.771878242606675,-3.497216881505963,-4.425521971202066,-41.76723253842101,55.25852281603886,3.3899686669814173,10.306688974146283,2.256185192085825,-0.6935083696249045,-1.4318177252707187,1.03125,0,1,0,0,0,-1,0,0,30.87035202296761,-11.32513995008162,22.03304293280172,12.952160188440189,7.210288851807292,21.55320848988319,0,0,-1,2,33.543791269640366,0,0,0,1,0,0.07687921678197451,0.48474211441409026,-0.3914537311285612,0,0,0.7210829346762032,0.6442037178942287,-2.1025551505434983,0.6216882165778008,-7.5,46.5
20241112140,2024,21,Round 21,2024-07-27 07:30:00+00:00,Cowboys,Sharks,Queensland Country Bank Stadium,30,22,8,52,1,False,92,0.5167210158081671,BlueBet,0.5263157894736842,,False,0.5789473684210525,,49.5,True,0.06690901367540641,-9.252595574969668,2.289382906559986,1.4577105429330572,-0.5323108234494072,-36.83259465949391,8.958687365971059,-2.396233486011174,-11.149941702296957,-0.7207455799805462,-0.12384541654092462,6.966363961295528,-8.03125,0,1,0,0,0,1,-1,0,-73.53142019825418,-8.341956032159374,-20.96947068239453,-41.07134843762654,-3.1486450460735966,-13.306309118506022,-1,0,-2,-2,-74.47883322195952,0,1,-2,0,0,-1.3999199349301972,0.039766714801533154,-0.19657340634533915,0,0,-0.4390689694213387,0.9608509655088591,0.417935452825988,0.10536051565782614,-1.5,49.5
20241112150,2024,21,Round 21,2024-07-27 09:35:00+00:00,Roosters,Sea Eagles,Allianz Stadium,34,30,4,64,1,False,93,0.6514902272166976,BlueBet,0.6372549019607844,,False,0.7019438444924406,,50.5,True,0.6255961237903424,-2.197646450862621,2.7666025376388568,-1.6651120066907623,-0.7637942050175823,-186.33793249913015,-27.637231372211318,-1.0620395991374085,8.255263638537414,1.0884887492161575,2.4471574569277807,-4.043261313553245,0.854166666666667,0,0,0,0,0,0,0,0,43.285979626707444,-16.413857598827832,56.54854913327753,-20.163630843081535,23.314918935339264,-31.24977995161018,0,0,0,0,-38.81316948856778,-1,1,0,-1,0,1.223105015482635,0.03236991541042511,0.12006418881102221,0,0,0.8454054886307192,-0.37769952685191566,0.11164388362790323,0.5634693572514129,-6.5,50.5
20241112160,2024,21,Round 21,2024-07-28 04:00:00+00:00,Dragons,Panthers,WIN Stadium,10,46,-36,56,0,False,89,0.32281991936391435,BlueBet,0.24901185770750986,,False,0.23247232472324725,,47.5,True,-0.7408425929678603,2.816139255076706,8.304935728213223,1.4758314710824152,-0.024840656768226665,-246.5970344130344,-6.226715927023179,0.49111799662877065,-6.300440528769791,-1.14944296248186,-0.5555364457903806,4.882961534874205,7.0,0,0,0,0,0,0,1,0,-50.49130499647163,-24.75938352289853,-21.2552521772416,-9.300459057036278,4.823789760704699,-12.186740390992554,1,1,-1,-2,-78.28761654816091,-1,0,0,0,-1,-2.0846863285452435,-0.09492067369752366,-0.2529915312180393,0,0,-0.203555117002106,1.8811312115431378,-1.0764292037579934,-1.1038893457689536,11.5,47.5
20241112170,2024,21,Round 21,2024-07-28 06:05:00+00:00,Dolphins,Titans,Suncorp Stadium,14,21,-7,35,0,False,41,0.6874034910657408,BlueBet,0.6372549019607844,,False,0.6306954436450839,,52.5,True,0.7880081929670026,3.1395388377496865,2.26999496871829,1.9353521750345095,-1.2964146309513325,-11.324875234448882,-23.33771777574725,-1.4402085935458775,-12.71232520716152,-0.3691663562295542,1.7119825677853182,5.104603621151995,0.08680555555555536,0,0,0,0,0,0,0,0,-53.88820941057679,-9.869374170186006,-63.38562072026363,6.546140468158853,12.820645011713935,-2.6597471230119254,0,0,0,2,85.0692537938112,0,0,1,1,0,1.500533887625711,0.10296038123253795,0.008748191119172605,0,0,0.9556410337229011,-0.54489285390281,1.304230415484496,0.5634693572514129,-5.5,52.5
20241112180,2024,21,Round 21,2024-07-28 08:15:00+00:00,Raiders,Rabbitohs,GIO Stadium,32,12,20,44,1,False,92,0.48453305964225873,BlueBet,0.5714285714285715,,False,0.5885286783042394,,50.5,True,-0.061887506625028246,-14.542150566768253,0.2608335819402292,-7.211772397936926,-4.292803822744986,-92.61850390404379,10.11695816201609,-2.477736478029107,-6.231963460652885,3.3814893908557835,-0.4199283584008917,0.4647472349152437,0.7916666666666679,0,1,0,0,0,0,0,0,41.93691175677259,-16.69343966033844,47.285442114591234,-18.888859620830416,30.233768923350212,11.207950261919223,0,0,0,-1,-48.8895498384112,-1,0,0,-1,-1,-1.6417202954830339,0.31296019710208867,-0.19493158266355085,0,0,-1.5612614951958756,0.08045880028715824,0.9609254069385125,0.2876820724517812,-3.5,50.5
20241112210,2024,22,Round 22,2024-08-01 09:50:00+00:00,Wests Tigers,Cowboys,Leichhardt Oval,30,48,-18,78,0,False,91,0.2713353985632079,BlueBet,0.28265524625267663,,False,0.25736738703339884,,50.5,True,-0.9878578570878315,-4.468064458708824,17.162222202768245,-4.6960014449309995,-1.9310474714880073,-222.8868516171733,-106.45186436206825,-1.5861784635606861,1.054812379329185,1.003187727689678,0.3168907637284981,4.476852708367176,0.979166666666667,0,1,0,0,0,-1,0,0,-19.51185901274596,0.7778221932700546,-2.3599354503859047,-35.15856289402829,17.22881713839817,-0.11366165184765009,1,1,1,3,121.44275329957205,0,2,-1,-1,0,-3.0609500763941124,0.015276588716141015,-0.7825497298269553,0,0,-1.402728957940373,1.65822111845374,1.1334541194031793,-0.9313286092386959,10.5,50.5
20241112220,2024,22,Round 22,2024-08-02 08:00:00+00:00,Warriors,Eels,Go Media Stadium,20,30,-10,50,0,False,94,0.7121719271295858,BlueBet,0.7380073800738006,,False,0.8147566718995292,,50.5,True,0.9059560202713057,4.253216935000999,-8.14594774167864,3.6866754522478686,-1.3554579784707457,-61.492044978298054,-38.93989652583434,0.13438845913923636,1.8778439944177663,-2.631408593919982,1.020016973041281,-8.47323945373073,0.08333333333333304,0,1,0,0,0,0,0,0,24.81639810826175,-25.18778003294028,41.41554956227483,11.517647061283697,-2.9290184823564402,-22.71067995441183,3,1,-1,0,7.6629747095715,0,0,1,3,0,2.303238683942039,0.21944627382089257,0.07364270465451679,0,0,0.6282626740506434,-1.6749760098913955,0.1946030462566266,1.0356374895067206,-11.5,48.5
20241112230,2024,22,Round 22,2024-08-02 10:00:00+00:00,Dolphins,Roosters,HBF Park,34,40,-6,74,0,False,42,0.3138647366715955,BlueBet,0.28265524625267663,,False,0.2009884678747941,,50.5,True,-0.7821126669857923,-7.324494223678059,5.005765990928612,3.951247199180159,0.5120606278495643,19.625366702121255,-31.585985061229167,-1.104153769357361,-9.225677138545535,-2.185525716101898,-0.8255021438682038,12.434983186337938,-0.8541666666666661,1,1,1,0,0,1,0,0,-100.60096216852685,-3.680279573380801,-57.967339259907874,-19.891441051986817,-19.061902283251285,4.7173701337162015,1,0,0,3,109.36779968717201,1,-1,1,0,0,-2.823837134221599,-0.12979427602174254,-0.16269980082764546,0,0,-1.536396963729677,1.2874401704919216,0.990970744994236,-0.9313286092386959,10.5,49.5
20241112240,2024,22,Round 22,2024-08-03 05:00:00+00:00,Titans,Broncos,Cbus Super Stadium,46,18,28,64,1,False,91,0.4649417820246213,BlueBet,0.28265524625267663,,False,0.3931203931203931,,52.5,True,-0.14046336181911714,1.6567666540650556,-5.441432393898147,4.68218815241957,6.363484846040734,279.93083153507564,76.6047265613671,0.8496020051945843,1.5448095241106898,-2.9000681464233153,0.18589265917561715,-4.390545745511183,-1.0451388888888893,0,0,0,0,0,1,0,0,55.52577479214233,29.53113786265118,12.874344560191275,32.68514453174369,-19.564852162443955,7.5140010225827325,0,0,0,-2,-71.3306063643845,0,0,0,0,0,-1.0492753112303053,-0.30427201098518436,0.08377507184166243,0,0,-0.44076487069896336,0.608510440531342,-0.12359213578448193,-0.9313286092386959,7.5,52.5
20241112250,2024,22,Round 22,2024-08-03 07:30:00+00:00,Storm,Dragons,AAMI Park,16,18,-2,34,0,False,90,0.8061754516107368,BlueBet,0.7894736842105263,,False,0.8591194968553458,,51.5,True,1.4253480406064232,9.818482282374465,-14.898502912406496,-0.35320178583191364,-0.44342068094818643,194.98807655968676,1.1016195053886122,2.8768568997865795,-5.505395075384612,1.6836561604065583,-0.09436836442059882,-5.101263485671836,1.75,0,1,0,0,0,0,0,0,8.434849651749005,17.780881710797132,11.855209921672525,0.560648714298793,-21.761890695019517,-2.4486418418312894,0,0,1,2,51.5059960624789,-1,0,1,0,0,3.6345699431402205,0.21537308553358692,0.20395050742117626,0,0,1.6687973204245723,-1.9657726227156487,0.697888033897743,1.3217558399823195,-18.5,50.5
20241112260,2024,22,Round 22,2024-08-03 09:35:00+00:00,Sharks,Rabbitohs,Ocean Protect Stadium,20,6,14,26,1,False,93,0.6895008954991348,BlueBet,0.7173447537473233,,False,0.7662337662337663,,51.5,True,0.7977869786842912,2.4267521005324753,-5.058373537259044,-5.472540471441533,-2.1100713176500676,-62.289601064316685,-41.1831508854591,0.9440995176470119,0.24367767805873086,2.3956764860257227,0.5176064199756194,-5.578378820054226,1.03125,0,0,0,0,0,0,0,0,1.8314626212594476,-22.220331547049284,-13.777645260066663,32.85086420494628,4.978575223429118,0.661470536309821,0,-1,0,-2,-28.715931192533986,0,-1,1,1,0,1.7542459120006757,0.24454999438651143,0.21005659067222499,0,0,0.4584203166406349,-1.2958255953600408,0.8378796616777187,0.9313286092386954,-9.5,49.5
20241112270,2024,22,Round 22,2024-08-04 04:00:00+00:00,Panthers,Knights,BlueBet Stadium,22,14,8,36,1,False,93,0.8175877636085037,BlueBet,0.7894736842105263,,False,0.8495339547270306,,47.5,True,1.5000890922353889,12.315341874268817,-13.670330530656809,1.4140150082179446,5.764502440528865,206.67394678626988,9.705917015147293,3.3404331222358943,5.463702308328202,-0.6241399123988458,0.8354183296350435,-6.223123802592049,-7.0,0,0,0,0,0,0,-1,0,67.08858504211844,61.725759609490694,7.684716048426992,-10.419897309956724,8.098006694157405,47.44088790109703,0,-1,0,-2,-66.19657894984513,0,-1,-2,-1,-1,3.7722202013495894,0.4777040582069445,0.3298567126969915,0,0,1.7379481951623568,-2.034272006187232,-1.6564777479140553,1.3217558399823195,-14.5,48.5
20241112280,2024,22,Round 22,2024-08-04 06:05:00+00:00,Bulldogs,Raiders,Belmore Sports Ground,22,18,4,40,1,False,90,0.6365452093355456,BlueBet,0.6744186046511629,,False,0.7004310344827586,,48.5,True,0.560400526570043,3.3661772973310207,-3.896769392540346,0.7353572840296891,3.2735510316573126,38.061526297631644,-130.8741015627868,1.453385382608583,-6.45274429027862,-3.2649958482159285,1.700702191559377,10.435094941067923,1.135416666666667,0,1,0,0,0,0,0,0,-27.407819873116978,6.371413769196238,-33.921358636679656,23.607890470353098,-23.4657654759867,-13.083185756050568,-1,0,0,3,112.09107248483689,0,2,0,2,0,2.1977588126404632,0.0045915808409781045,0.28309624168811304,0,0,0.5852015399341584,-1.6125572727063058,-1.9038235146967992,0.7282385003712157,-8.5,47.5
20241112310,2024,23,Round 23,2024-08-08 09:50:00+00:00,Rabbitohs,Storm,Accor Stadium,16,28,-12,44,0,False,97,0.31614470457138016,BlueBet,0.2142857142857143,,False,0.15927977839335175,,51.5,True,-0.7715463042207725,-5.824976965011977,7.267495558933291,4.567256217524587,1.980776263953473,-36.527011012225785,46.01951612477103,-1.9880397253302178,9.261224622350618,-2.148184421951873,0.042914939174584,0.702475646207283,-0.08680555555555536,0,1,0,0,0,0,0,0,22.173604179040694,18.47276260185413,9.271931751514131,-18.09992493605921,12.528834761731687,17.386025987151925,1,1,1,1,2.209790697765115,-1,0,1,1,0,-2.496795528080722,-0.03599454902755855,-0.1677231989235285,0,0,-1.0130316508538526,1.483763877226869,0.06271218630302466,-1.2992829841302607,14.5,51.5
20241112320,2024,23,Round 23,2024-08-09 08:00:00+00:00,Titans,Sharks,Cbus Super Stadium,0,44,-44,44,0,False,92,0.39646092076579825,BlueBet,0.48684210526315796,,False,0.6455399061032865,,50.5,True,-0.4202333170368565,2.7720143811639204,3.959669528416164,6.3556790773490945,4.595726673234843,85.3107173537594,-48.31899631851525,1.0687118403933304,4.521667393661268,-4.6670214744843594,-0.7739045535523834,-3.7423322798470124,0.19097222222222232,0,1,0,0,0,-1,0,0,68.75039660294101,29.555086987521804,42.30674659940888,10.274470671130047,-13.385907655119638,12.686971734922253,-1,-1,-1,-1,-38.97373176530719,0,1,-2,-1,-1,-1.6603783895745363,0.1252368105753327,-0.4626443124250674,0,0,-0.3692712013232054,1.2911071882513312,-0.3336007526481306,-0.05264373348542167,-1.5,50.5
20241112330,2024,23,Round 23,2024-08-09 10:00:00+00:00,Eels,Panthers,CommBank Stadium,34,36,-2,70,0,False,97,0.23523044574810748,BlueBet,0.1716867469879518,,False,0.17033773861967694,,48.5,True,-1.179008898318766,-5.236753844909288,12.238045930234394,-6.805509200367879,-1.9773888280023542,-248.71132855400538,-98.3944507386966,-0.6663469232648653,-13.75214937791555,2.975663972860165,-0.6979015983405379,3.6425931935083256,1.833333333333333,0,0,0,0,0,-1,0,0,-83.17227975803291,-21.84693480900154,-11.88364779624979,-37.13282218896157,-12.30887496382006,10.958120586479708,-1,0,0,-2,-105.3772769441792,0,0,0,0,1,-4.171114567192454,-0.45175549444790075,-0.1824692707086674,0,0,-1.163171602060979,3.007942965131476,-0.5693341912360541,-1.5737198298320212,16.5,48.5
20241112340,2024,23,Round 23,2024-08-10 05:00:00+00:00,Raiders,Sea Eagles,GIO Stadium,24,46,-22,70,0,False,94,0.43204888970085137,BlueBet,0.4386422976501305,,False,0.3849878934624697,,48.5,True,-0.273496589155007,-9.42961847934605,1.4857692799277835,-2.000919372746992,-3.836109417902115,-236.8987238838365,16.134139012627998,-1.296221124496193,2.609256898878641,2.931177663274733,0.46209859784036755,-1.4359251828856365,-7.854166666666668,0,1,0,0,0,1,-1,0,2.909866969115228,-2.623490664792058,46.49557244067961,-26.18578026007728,-14.776434546695086,0.3104664782934492,0,0,0,0,-7.754015418712484,-1,-1,1,0,0,-2.573951241249909,-0.20478478668843902,-0.16281016308471627,0,0,-1.6151109611286731,0.9588402801212363,-0.5179170083374803,-0.24667404872440402,3.5,48.5
20241112350,2024,23,Round 23,2024-08-10 07:30:00+00:00,Cowboys,Broncos,Queensland Country Bank Stadium,18,42,-24,60,0,False,94,0.6771860838700033,BlueBet,0.6296296296296295,,False,0.6681922196796338,,52.5,True,0.7408700543808651,11.323331404918434,-9.453864653363823,1.8957362064878964,6.208644735442512,246.6232466715528,110.4645598653953,2.029864343923631,-3.8824879898561555,-1.200754538257062,0.06798838329980139,-1.6354228642449016,1.7986111111111116,0,0,0,0,0,0,0,0,44.242396671592246,5.488276018133064,-5.166238289400837,46.307586693219676,-2.387227750359685,-2.3629172468347406,-1,0,0,-3,-108.68729591076452,1,-1,0,0,0,1.4882037540772228,0.15974532921480056,0.01386708374488868,0,0,1.127276732563656,-0.3609270215135668,1.4573569353179046,0.5306282510621699,-6.5,51.5
20241112360,2024,23,Round 23,2024-08-10 09:35:00+00:00,Dragons,Bulldogs,Jubilee Stadium,10,28,-18,38,0,False,91,0.528335671780691,BlueBet,0.41025641025641024,,False,0.4296482412060301,,47.5,True,0.1134642601587856,-4.254805098671401,10.106253239528623,-1.568911982595992,-2.220255176324791,-124.07040740420416,74.08482913968874,-0.45308411003923243,7.276203220803158,0.77695287709337,-0.7719654491712156,-6.708654866855113,0.9409722222222223,0,0,0,0,0,0,0,0,15.538069498012874,-10.835510224617622,-0.006621523662005302,-0.7329091485295578,27.113110394822115,8.005768183065385,0,0,0,1,25.506360723322988,0,0,0,0,0,-2.4464055950931254,-0.1880132347309711,-0.07949605010137542,0,0,-0.4012866158255467,2.0451189792675786,-1.5454614389377588,-0.3629054936893685,3.5,47.5
20241112370,2024,23,Round 23,2024-08-11 04:00:00+00:00,Dolphins,Warriors,Suncorp Stadium,34,32,2,66,1,False,43,0.5571208046370024,BlueBet,0.6744186046511629,,False,0.6666666666666667,,51.5,True,0.22948506469918661,3.869761934476898,5.295053088620087,-1.6114540492548457,-3.669834212308345,-198.24740438218942,-38.62070419928261,-0.22639701029702675,-2.7344237511605343,-2.302896186754687,2.212297513306704,14.020918113276814,-0.08333333333333393,0,1,0,0,0,0,0,0,-34.748146349513036,8.08967817279111,-75.34588287219228,7.946364106660326,24.561694243227763,-13.145563096818279,-1,-1,0,-1,-32.31358709153394,1,-1,-1,0,-1,0.08971800064065352,0.08501723765707732,-0.010640735712235384,0,0,0.7075275555404448,0.6178095548997914,0.6210643450691271,0.7282385003712157,-7.5,51.5
20241112380,2024,23,Round 23,2024-08-11 06:05:00+00:00,Knights,Wests Tigers,McDonald Jones Stadium,34,18,16,52,1,False,92,0.7426234389175093,BlueBet,0.7263157894736842,,False,0.7579737335834897,,50.5,True,1.0596488738293832,-6.957196605376158,-13.48348532740139,5.992579577151744,0.9810621654332721,273.88916924807995,166.64706488484126,-1.8793990589401481,8.662686614691541,-2.612807467818511,0.4436237617669043,1.0663780597935215,-2.7569444444444446,0,0,0,0,0,0,0,0,-28.485545649001892,-29.47757459050308,2.4322704189655724,31.419599542251703,-32.85984101971607,-26.097105670792473,-1,-1,0,2,118.16971875632615,0,0,0,-2,1,1.860961425233017,0.168809736538579,-0.06705607632001775,0,0,-0.32562982749040825,-2.1865912527234252,0.7677476566276815,0.9760099665757774,-11.5,51.5
20241112410,2024,24,Round 24,2024-08-15 09:50:00+00:00,Panthers,Storm,BlueBet Stadium,22,24,-2,46,0,False,98,0.5958816711823947,BlueBet,0.6296296296296295,,False,0.6225961538461539,,43.5,True,0.38833438088022243,2.7222979408159738,3.6534141214124887,3.601549208849221,1.5472411115509033,110.2149151710903,9.613866114970392,-0.054926259595474036,8.941688642240614,-2.6966748039676833,1.335150202616334,-0.23804397045687153,-1.0069444444444446,0,1,0,0,0,1,0,0,75.38634796155714,24.00943276894293,7.712620844054783,25.98117168008821,17.683122668471214,18.401956046849023,1,0,0,2,88.34120824874648,0,0,2,2,0,-0.08307413118582918,-0.11640623911916759,0.5924691512417991,0,0,-0.2241918099289424,-0.14111767874311343,-1.2533481751717264,0.5306282510621699,-5.5,43.5
20241112420,2024,24,Round 24,2024-08-16 08:00:00+00:00,Sea Eagles,Warriors,4 Pines Park,24,10,14,34,1,False,95,0.6822926339369221,BlueBet,0.8203125,,False,0.8228228228228228,,54.5,True,0.7643279212327834,9.814320363975327,-6.276309929035776,-0.5522401131606642,-0.07143375497815896,-33.76844277321129,-84.75771601080498,1.9923151776495596,-1.2816578602137128,-1.9689190923538593,0.8610360368529939,-2.4139001126757655,0.958333333333333,0,1,0,0,0,-1,0,0,49.42882072041925,71.42901983844922,-56.81022874619566,23.057051036437173,11.75297859172855,45.46527220786484,-3,-1,0,-2,-85.98908971774497,1,-2,1,-2,0,1.982070713790908,-0.024319487969127418,0.33027906946078267,0,0,1.3109763692422356,-0.6710943445486721,0.32399586693608085,1.5184661342283736,-15.5,52.5
20241112430,2024,24,Round 24,2024-08-16 10:00:00+00:00,Roosters,Eels,Allianz Stadium,38,14,24,52,1,False,97,0.8132738880390104,BlueBet,0.7728119180633148,,False,0.8389355742296919,,52.5,True,1.4714250371731066,7.352876733433675,-5.510669727015252,-0.21470774297846162,-3.152684869002819,-90.74292107802148,13.47844322488595,0.4986156164260036,11.235233789253215,-0.5928577886313224,2.9973495215310857,-7.00395152455534,7.0,0,0,0,0,0,0,1,0,66.6065685769288,-1.867003384211671,24.396149142520244,30.31844743951143,13.758975379108847,-16.137054629796836,0,0,0,-2,-48.2376623864632,0,0,-1,-1,0,4.208279569006068,0.04405871980793563,0.24193902674028425,0,0,2.003631844679621,-2.204647724326447,2.0478733324315823,1.2242574754974425,-16.5,52.5
20241112440,2024,24,Round 24,2024-08-17 05:00:00+00:00,Bulldogs,Dolphins,Salter Oval,30,10,20,40,1,False,44,0.5681481023587404,BlueBet,0.6296296296296295,,False,0.640661938534279,,49.5,True,0.2742994283922714,-2.865758861545647,-15.230272543683512,0.11618122925804641,4.459569175545333,145.2262914080775,15.253854873831756,1.1125353933280042,-7.287571829715638,1.4100133269447426,-0.6642579887049118,-0.45700504816531407,0.7673611111111107,1,0,1,0,0,0,0,0,37.06992950400979,6.085824950036965,36.58863625913921,-17.012796032002285,11.408264326835905,-10.431925539233305,0,0,-1,0,-2.6206468243430123,0,0,0,1,0,1.7133657768695156,0.09039670680551903,0.050632646141176,0,0,-0.7630080699112454,-2.476373846780761,-0.6722966738186787,0.5306282510621699,-6.5,49.5
20241112450,2024,24,Round 24,2024-08-17 07:30:00+00:00,Cowboys,Raiders,Queensland Country Bank Stadium,42,4,38,46,1,False,95,0.706033624883478,BlueBet,0.6140350877192983,,False,0.6581986143187067,,51.5,True,0.8761974732268775,5.824711345679322,0.39753147684296763,-1.6443417343834454,0.9527671846157091,31.132823525694675,-1.433922024667595,1.0536597364153595,-3.434704625496302,-0.05112532448991125,0.6577011406070818,4.351270546029291,-0.10416666666666696,0,1,0,0,0,0,0,0,-28.726452445750624,-9.644950482819922,-43.34921612711122,28.790567156420153,-4.522852992239578,-2.137302185916923,0,1,0,0,6.648116526991217,0,0,-1,0,0,1.4538452681352227,0.0018890969352819212,0.12427250332410249,0,0,1.2654780331796434,-0.18836723495557922,0.85324811165851,0.4643056081310979,-5.5,50.5
20241112460,2024,24,Round 24,2024-08-17 09:35:00+00:00,Wests Tigers,Rabbitohs,Campbelltown Sports Stadium,18,16,2,34,1,False,93,0.36746359204422235,BlueBet,0.3703703703703704,,False,0.34101382488479265,,53.5,True,-0.5431135364526818,2.2221454532009624,13.272146879837052,2.8475772084590147,-1.7543283995053685,-128.4896605005756,-119.73262900166446,0.227717197416065,-10.77115729663042,0.2469622154595541,0.8062866766198393,1.7960012408650314,-2.843750000000001,0,0,0,0,0,0,0,0,-34.95357007912412,-34.87771925011168,-2.6843118217801134,-14.93285999634547,17.541320989113046,-11.618842828550044,1,0,-1,-1,5.481625251102756,0,1,0,-1,0,-1.94950498664404,0.4524471314265144,-0.5718430804798154,0,0,-0.31241843464805774,1.6370865519959827,1.3232455165162365,-0.5306282510621702,5.5,53.5
20241112470,2024,24,Round 24,2024-08-18 04:00:00+00:00,Dragons,Titans,WIN Stadium,32,16,16,48,1,False,92,0.6055934850121518,BlueBet,0.6140350877192983,,False,0.6053921568627452,,52.5,True,0.4288268028355002,-3.658717737510031,0.04022720784505296,-6.625697528341689,-4.986536792584381,-79.16105325179456,58.949389618016426,-0.7213762135316077,0.4314635586271578,2.909161024784922,-0.1835982629725006,-2.5431420444787385,-1.0659722222222232,0,1,0,0,0,0,0,0,2.6455598719396676,-18.834426309225876,-3.5724892327713746,-7.810587454981203,32.863062868918036,-4.035989970946872,1,0,1,3,53.213156864199505,0,0,1,1,0,-0.17937053082939625,0.13409732917308337,-0.16241682736566262,0,0,-0.25721444040093033,-0.07784390957153409,-0.13713056229731435,0.4643056081310979,-5.5,51.5
20241112480,2024,24,Round 24,2024-08-18 06:05:00+00:00,Sharks,Knights,Ocean Protect Stadium,19,18,1,37,1,False,95,0.7363178652222054,BlueBet,0.7,,False,0.7136842105263157,,49.5,True,1.0269175648087305,10.271133806012863,-12.507603042539655,-3.552756738792681,0.4259823029458545,-69.04831807678579,-8.965861673966629,1.3923124965447617,0.7486656729011187,2.147735203403526,0.8552098302689126,-2.5874849672758273,1.9201388888888893,0,0,0,0,0,0,0,0,-30.342131370698212,9.077316222738176,-25.532699032952422,-12.128874357964577,-1.7578742025193606,4.924597545402321,0,0,0,0,23.01732125673766,0,0,2,3,1,2.6469593727560206,-0.44491239786815573,0.9139607033858677,0,0,1.3843073905392942,-1.2626519822167264,-1.6118736915461305,0.8472978603872034,-8.5,48.5
20241112510,2024,25,Round 25,2024-08-22 09:50:00+00:00,Wests Tigers,Sea Eagles,Leichhardt Oval,34,26,8,60,1,False,94,0.24253315262653521,BlueBet,0.20415224913494812,,False,0.1812596006144393,,54.5,True,-1.1388413576868373,-11.106813444701839,14.491786038367117,1.4168373301135802,-3.6421927750379766,-223.5060972828653,-11.808511994437822,-2.38765122247859,-5.460732153139023,0.7575185205080466,1.2525229724106755,11.505483863901123,-1.0659722222222223,0,0,0,0,0,1,0,0,-72.1036310273405,-40.17571434683515,9.240012748980092,-37.82884493448947,-3.3390844949958876,-23.101100302095347,0,0,0,1,25.7884023483156,0,2,0,0,0,-4.493295561019215,0.35663478019248496,-1.093008789622281,0,0,-1.9314504615896684,2.5618450994295467,0.977292701096253,-1.3605418650174759,14.5,53.5
20241112520,2024,25,Round 25,2024-08-23 08:00:00+00:00,Warriors,Bulldogs,Go Media Stadium,18,34,-16,52,0,False,93,0.4652791236745,BlueBet,0.3627450980392157,,False,0.39268292682926825,,43.5,True,-0.13910739278851939,-6.049846698118873,12.58537166966165,1.2697960858640727,-3.598756445640369,-56.831328361795386,27.910871110162248,-1.5363023165113159,7.416849139164501,0.24942731073063484,0.40697126065314926,-2.214852574410905,0.875,0,1,0,0,0,0,0,0,-26.18367734660785,-20.180610643620412,20.62879873280545,-27.996581159553813,1.3647157237610088,18.49992607236055,1,0,0,2,60.20644151019488,-1,0,0,0,0,-2.3644530522613576,-0.04665453822346732,-0.19567766914964868,0,0,-0.43259863317709846,1.9318544190842595,-2.3184506536143976,-0.5634693572514127,7.5,43.5
20241112530,2024,25,Round 25,2024-08-23 10:00:00+00:00,Broncos,Eels,Suncorp Stadium,30,24,6,54,1,False,96,0.7025638614467911,BlueBet,0.6849315068493151,,False,0.7333333333333334,,52.5,True,0.8595367614327719,4.0562442897011515,-3.718961331964543,0.07452744686317203,-3.7852921347528508,-0.920882232000622,-6.023152250404905,0.13492606318080202,5.273579484832041,1.6499724828579243,0.021453997869627983,-10.96086301191388,6.104166666666666,0,1,0,0,0,0,1,0,41.4546097268983,-17.84931015173018,14.446950120507921,22.095466400227238,22.761503357893332,-12.204199423913565,1,0,0,1,56.26684473651184,0,1,-1,0,0,1.9403743406385647,0.14123549388526416,0.11987879375949437,0,0,0.5775241424006087,-1.3628501982379562,1.7146877550993067,0.7765287894989967,-9.5,52.5
20241112540,2024,25,Round 25,2024-08-24 05:00:00+00:00,Raiders,Panthers,GIO Stadium,22,18,4,40,1,False,96,0.23952782131355108,BlueBet,0.29515418502202645,,False,0.2875264270613108,,46.5,True,-1.155269953853498,-10.829313558879313,10.64060717625302,-0.4827679197914847,-2.927975831812752,-293.64295416427467,-7.727935977954871,-2.3922263336490923,-8.31860600665189,2.0302799838393994,-1.9848675639311555,0.7568700948602611,-1.9027777777777777,0,1,0,0,0,0,0,0,-86.42211886710606,-48.111929728277005,17.396838684532554,-50.60273589359534,-5.104291929766248,-23.955732582088018,0,-1,0,-1,-73.7103450464192,-1,1,0,0,-1,-3.6012564007629937,0.5377672631428181,-1.1143280601933172,0,0,-1.4328286913763872,2.168427709386606,-0.8954448692057417,-0.8704811958428607,9.5,46.5
20241112550,2024,25,Round 25,2024-08-24 07:30:00+00:00,Storm,Dolphins,AAMI Park,48,6,42,54,1,False,45,0.8126503246811494,BlueBet,0.7857142857142858,,False,0.8134796238244514,,53.5,True,1.467324119863931,3.0688293642875486,-11.921677318763159,0.9089054839210888,2.3400064344992586,120.83273956036214,54.541521812559495,2.4107538326000517,3.9058486324698123,1.2416240193691586,0.14101106008675934,-4.931891469997453,1.7986111111111116,0,1,0,0,0,0,0,0,39.944943976145396,9.849706474435635,29.408271903185835,-22.32625431621102,23.013219914734975,-7.440390118914081,0,0,0,1,17.091980348729606,0,1,-1,0,0,2.5964650855586147,-0.06318670841744667,0.18411656513526226,0,0,0.5800997046070328,-2.016365380951582,0.9256139664510192,1.2992829841302613,-15.5,52.5
20241112560,2024,25,Round 25,2024-08-24 09:35:00+00:00,Rabbitohs,Knights,Accor Stadium,16,36,-20,52,0,False,96,0.5536660408402406,BlueBet,0.37810945273631846,,False,0.3425925925925926,,48.5,True,0.21549423144145563,-1.8743913413801963,0.37881617123954925,-1.3363202392828413,3.038264078507268,37.18181400649269,65.56051822320865,0.38805866457023264,9.069864081934213,0.666867533762824,-0.516543422976877,-5.908561120920702,0.854166666666667,0,0,0,0,0,0,0,0,-0.8494073617698632,51.908894906149044,2.687274193533682,-37.64866028117527,-17.79691618027732,15.493799043310645,0,1,0,2,57.76144847183041,0,0,-1,0,0,-0.22687396087257428,-0.17483995718739842,-0.009665197594048658,0,0,0.2737555983437854,0.5006295592163597,-1.1732406616237387,-0.4975803970159699,4.5,48.5
20241112570,2024,25,Round 25,2024-08-25 04:00:00+00:00,Titans,Roosters,Cbus Super Stadium,22,48,-26,70,0,False,94,0.28689042624799627,BlueBet,0.2250922509225092,,False,0.19480519480519481,,54.5,True,-0.9105347357007704,-14.74900965579851,7.375588290700971,5.098058509034246,2.8586176815680133,174.4337971454163,27.793324187812004,-2.5742365044029354,-11.306863096272139,-2.4723241434020338,-2.555545284914537,1.3748187289221718,-1.75,0,1,0,0,0,0,0,0,13.968591388056325,28.477582107672532,54.33936988606888,-39.49684880853829,-29.351511797146813,19.84391917604765,-1,0,0,-1,-45.1890630235884,1,0,-2,-2,0,-4.265008589060411,0.12752217029273916,-0.5154375000764543,0,0,-2.4486195459301827,1.8163890431302274,1.141190254412049,-1.2362336665441576,15.5,54.5
20241112580,2024,25,Round 25,2024-08-25 06:05:00+00:00,Dragons,Sharks,WIN Stadium,10,38,-28,48,0,False,93,0.39698286014784495,BlueBet,0.41025641025641024,,False,0.44556962025316454,,47.5,True,-0.41805251429791734,-6.464382883341898,10.457136540509815,0.020256396770776064,-2.523175936930251,-112.65038632589471,31.29089242178975,-0.4189871727300618,0.329447130479231,-1.6092836937680968,-2.8117051641397364,-4.011597521488383,0.08680555555555536,0,0,0,0,0,0,0,0,-16.912662870088866,16.77678122553189,-36.662222682472304,-12.38966830727847,15.362446894129931,11.336766093834768,-1,-1,1,0,11.854216094986725,-1,-3,-1,-5,0,-2.833723535080863,0.17634045714915192,-0.6108456200835263,0,0,-1.108169663276262,1.725553871804601,-0.8679708584064504,-0.3629054936893685,3.5,47.5
20241112610,2024,26,Round 26,2024-08-29 09:50:00+00:00,Cowboys,Storm,Queensland Country Bank Stadium,38,30,8,68,1,False,96,0.3860018826313549,BlueBet,0.6935123042505593,,False,0.7599243856332704,,52.5,True,-0.4641496152313568,-0.7895896330418566,6.727496710951902,0.6402201811063719,-1.4614873273787055,-94.67012796976132,-34.07945800910284,-1.471202085047767,-8.016418613085463,0.5310528280419309,-1.6630676903183224,5.40541112302283,6.999999999999999,0,1,0,0,0,-1,1,0,156.0296919528309,37.255147177506444,56.30561105885823,50.55010277181731,11.918830944648974,57.96092903369879,-2,-1,-3,-9,-418.6890246897347,-2,-3,-3,-4,-1,-0.26751234990000106,1.8190894065901937,-2.196055205613494,0,0,0.2938429254494741,0.5613552753494752,0.8764940116224192,0.8165913716510672,-9.5,52.5
20241112620,2024,26,Round 26,2024-08-30 08:00:00+00:00,Bulldogs,Sea Eagles,Accor Stadium,22,34,-12,56,0,False,94,0.584809557092807,BlueBet,0.5714285714285715,,False,0.5760598503740648,,46.5,True,0.3425489372594917,-1.25741580949434,-7.501637963515575,0.9257783637504815,3.0967820300380993,75.61852167332904,-14.161991603786873,-1.592597925782509,-3.7458831299064244,-0.19401997074950472,-1.0973447968201038,2.7728029167607318,-0.9236111111111107,0,0,0,0,0,0,0,0,6.665211279358118,-20.530959901226964,10.027009135799375,9.100693455692976,8.068468589092703,-15.398390132399612,0,0,0,0,6.863213747268972,-2,0,1,-2,0,0.32965832622700564,-0.18979770577625832,0.17986805308219989,0,0,-0.8564337906246384,-1.1860921168516434,-1.2627793634600408,0.2876820724517812,-3.5,45.5
20241112630,2024,26,Round 26,2024-08-30 10:00:00+00:00,Panthers,Rabbitohs,Penrith Park,34,12,22,46,1,False,100,0.8295194034167372,BlueBet,0.8188976377952756,,False,0.8860103626943007,,49.5,True,1.5822250138420328,7.056922041601435,-5.309298756908092,6.6103909164957315,0.9480179636362323,78.19675373606174,-91.63269080313864,2.0084340240147798,-3.331946254815506,-1.939927224345075,-0.9496008219794891,-3.7360558326701536,0.19097222222222232,0,0,0,0,0,0,0,0,105.57185329035167,-16.953696535701454,53.793284190660955,30.251788066961694,38.4804775684304,-17.470425386135418,0,-1,0,1,55.139710956103784,0,2,-1,2,1,3.3531153875900435,0.13175349578870454,0.48628817463204627,0,0,1.0213718200808244,-2.3317435675092186,-1.4681248942159628,1.5088966832122228,-17.5,48.5
20241112640,2024,26,Round 26,2024-08-31 05:00:00+00:00,Eels,Dragons,CommBank Stadium,44,40,4,84,1,False,94,0.4974518085728675,BlueBet,0.41025641025641024,,False,0.41293532338308453,,52.5,True,-0.010192853955874602,4.486966592956264,3.400315771524916,2.2566955911592856,3.2944678098938738,18.37584608481302,-51.744125870326116,0.5238222975865892,-6.651576027091522,-0.6403313445871159,-0.18162645901950736,10.093034361501552,1.8368055555555562,0,0,0,0,0,-1,0,0,-22.273852829947714,22.49197119073716,-13.173466428154398,-10.668490664025356,-20.92386692850519,27.839516606496034,-1,0,-1,-3,-130.89523116059553,1,-1,0,0,0,-0.5553478643880536,-0.08858308701562123,0.25784171696671887,0,0,0.3292968446274119,0.8846447090154652,0.9392251978313371,-0.3629054936893685,3.5,52.5
20241112650,2024,26,Round 26,2024-08-31 07:30:00+00:00,Dolphins,Broncos,Suncorp Stadium,40,6,34,46,1,False,46,0.48459948829121957,BlueBet,0.37810945273631846,,False,0.33640552995391704,,53.5,True,-0.06162153861457909,-9.0946091960827,8.148260224203508,-2.607940319372517,-1.8994128118337699,-63.72915198582723,5.929677053904925,-2.5212423137871522,-10.386987547788966,-2.8060671981306466,0.6174416184705365,10.344193567666736,-0.895833333333333,0,0,0,1,0,0,0,0,-32.83175984600939,0.2073005685487317,-74.4519982046009,17.38128401032145,24.031653779721296,-16.28093786997789,3,1,-1,-1,-60.6590310562398,1,0,0,2,0,-1.2319146859980712,0.05464056683768012,-0.04260485016199632,0,0,-0.2930954149226499,0.9388192710754215,1.399194246564646,-0.4975803970159699,7.5,51.5
20241112660,2024,26,Round 26,2024-08-31 09:35:00+00:00,Sharks,Warriors,Ocean Protect Stadium,28,30,-2,58,0,False,97,0.7675684138310204,BlueBet,0.7857142857142858,,False,0.8233532934131738,,49.5,True,1.1946316853409495,10.88669274088619,-15.784643896649943,-2.682731358804773,2.7939986492396542,141.87235910483537,56.414494393973314,1.9953656300560727,4.477209377660877,0.6830435086905222,3.074822522471756,0.19503911119078055,-1.9201388888888884,0,1,0,0,0,0,0,0,71.8312313320231,47.769154646755936,-3.079034292396841,24.796824907301527,2.3442860703625144,36.15394303458268,-1,0,0,1,37.59049302287079,0,0,-1,0,-1,3.2841635968571663,0.14744003658040572,0.36792098316261523,0,0,1.3625977639522393,-1.9215658329049266,-1.0913550991943515,1.2992829841302613,-12.5,48.5
20241112670,2024,26,Round 26,2024-09-01 04:00:00+00:00,Knights,Titans,McDonald Jones Stadium,36,14,22,50,1,False,95,0.66840183465671,BlueBet,0.7096069868995633,,False,0.7538167938931298,,52.5,True,0.7009656510604763,4.571573720997836,-13.271510666494407,-2.929234563789848,-4.265343257055044,23.100921265940315,30.504082602794483,0.8127006794621003,1.3579448484975032,1.0481749962534312,0.6212138451807245,1.4186629861636888,0.7673611111111107,0,1,0,0,0,0,0,0,11.597172547591185,-19.378498496283356,-3.211664886725174,16.342782562895337,17.84455336770435,14.071455234299407,-1,0,-1,0,-4.06779281872231,0,1,0,0,0,1.5649820826754905,-0.08841834143012206,0.301086791005554,0,0,0.04309730553112162,-1.521884777144369,-0.24537545328484622,0.8934760541079834,-9.5,50.5
20241112680,2024,26,Round 26,2024-09-01 06:05:00+00:00,Roosters,Raiders,Allianz Stadium,12,14,-2,26,0,False,97,0.8125666035124076,BlueBet,0.7993197278911565,,False,0.846153846153846,,54.5,True,1.4667743208254704,19.980586063156455,-6.5584846038786,-1.737563745534402,1.196678201802733,110.43614143540208,11.681532176725682,4.734868277581544,10.942290707025016,0.7311641036629339,2.2262128852434575,3.586587344462373,-0.9583333333333339,0,1,0,0,0,0,0,0,70.59965186072839,53.60968622913131,-34.79488465724168,32.99852739979305,18.78632288904575,44.82101889361971,0,-1,0,-2,-81.80160185502488,0,1,2,3,-1,4.966283935289105,-0.11901744505635192,0.43045723971007355,0,0,3.295073762364739,-1.6712101729243665,0.8395766587422242,1.3820480702384395,-14.5,52.5
20241112710,2024,27,Round 27,2024-09-05 09:50:00+00:00,Broncos,Storm,Suncorp Stadium,12,50,-38,62,0,False,98,0.34075348618006995,BlueBet,0.3493975903614458,,False,0.16787264833574528,,54.5,True,-0.659938235692261,-10.498151270291718,9.405159696366457,0.46031171591857856,-7.469810458128556,-302.3326157041856,-112.9607498408298,-3.388272751682673,-6.85921738039044,1.166770437762116,-0.22725986017627964,6.841847181257155,-1.9027777777777777,0,1,0,0,0,1,0,0,-117.49879737163758,-50.70677386282179,-12.092697531769659,-26.897057974391373,-27.802268002654728,-31.24610966919738,-3,-1,1,4,169.76804790292627,-3,-2,0,-7,0,-3.253177426320414,-0.18601251063600233,-0.5378349924027801,0,0,-1.4268766257602075,1.8263008005602068,-0.008389537454959184,-0.6216882165778003,9.5,51.5
20241112720,2024,27,Round 27,2024-09-06 08:00:00+00:00,Wests Tigers,Eels,Campbelltown Sports Stadium,26,60,-34,86,0,False,95,0.4715572391808284,BlueBet,0.44155844155844154,,False,0.4154228855721393,,54.5,True,-0.11389400171106631,-4.42137694814889,-3.525810215168576,1.8571696793012933,-1.4574441446230963,-55.32404088185103,36.953649791413,-1.0903564395650855,1.517790760048257,0.288025156323231,0.2689828030437038,-2.273227510653605,7.875,0,0,0,0,0,0,1,0,-42.52785391969951,-18.600107276990485,11.004201805712938,-35.25518527195021,0.32323682352817684,-19.958096613146665,1,1,2,2,97.00498282060309,-1,0,1,-2,0,-0.1495168400495157,0.4202374670887714,-0.6347466179924168,0,0,-0.5911034092513492,-0.4415865692018328,2.525489287387539,-0.2348395910774012,2.5,52.5
20241112730,2024,27,Round 27,2024-09-06 10:00:00+00:00,Rabbitohs,Roosters,Accor Stadium,28,36,-8,64,0,False,100,0.2907830685625339,BlueBet,0.13580246913580246,,False,0.21808510638297873,,52.5,True,-0.8915839275962295,-14.603672340704966,9.578719147371608,-2.866933734466514,-3.0992851019396923,-174.307703610089,-10.826756094421967,-4.004284126829471,-7.5999368502252125,0.5622389719977541,0.9987809568171429,4.700196830934004,1.8368055555555554,0,0,0,0,0,-1,0,0,-26.801995231766455,13.097576628804433,-24.970651781156278,-16.304260963754913,1.3753408843403037,-6.581594096354479,-1,0,-3,-3,-125.25377479042493,0,-2,-4,-3,0,-3.5649773884591425,1.118879815700092,-2.0302036470003473,0,0,-2.0283118972548806,1.5366654912042612,0.2729770426583201,-1.8505999692509887,9.5,52.5
20241112740,2024,27,Round 27,2024-09-07 05:00:00+00:00,Dragons,Raiders,Jubilee Stadium,24,26,-2,50,0,False,95,0.5702228347792387,BlueBet,0.6075949367088608,,False,0.5739348370927319,,53.5,True,0.28276036869318927,7.419321220174453,9.168885200883516,-7.731064342908596,1.5572220251983282,96.91439503104061,33.587407633868565,2.324721029287212,4.68248724840204,3.0032758262395856,-2.3928514601952156,-8.713077488644842,1.0451388888888893,0,1,0,0,0,-1,0,0,52.99365848630805,40.01483419672229,-20.81256082555109,33.181728847208774,0.6096562679280453,29.375696266285928,0,-1,1,1,15.194455893300344,0,2,0,0,0,0.17798185360277108,0.12904664205760352,-0.07311746269785246,0,0,0.7473826982877794,0.5694008446850086,-0.5055354669992872,0.4372138064227448,-3.5,50.5
20241112750,2024,27,Round 27,2024-09-07 07:30:00+00:00,Bulldogs,Cowboys,Accor Stadium,6,44,-38,50,0,False,95,0.5388221231006778,BlueBet,0.5526315789473685,,False,0.5038363171355499,,49.5,True,0.15560168495993443,-6.559228968945398,-3.5968723946358665,-1.53174854344023,2.52480879333406,102.70477654675756,-57.167834535681436,-1.0856282381991402,-1.3657359451624878,-1.554345423882749,0.43656676392038385,0.40125262707957887,-0.9236111111111116,0,1,0,0,0,0,0,0,5.314779598220298,-16.976498174868453,23.688642600557586,-8.54847813070657,7.1511133032377785,-26.08719681273155,1,0,2,1,86.10705353729034,0,3,-2,0,1,0.381120247486586,-0.5075278820978708,0.505095069906558,0,0,-1.1559180246829037,-1.5370382721694889,-0.23499476112640708,0.21130909366720713,-3.5,47.5
20241112760,2024,27,Round 27,2024-09-07 09:35:00+00:00,Panthers,Titans,BlueBet Stadium,18,12,6,30,1,False,96,0.8565596867370187,BlueBet,0.8741258741258742,,False,0.9133603238866397,,53.5,True,1.7870049889028525,8.982399350132027,-15.854243378328547,-0.6238272170890724,2.527555442714757,29.284979086375415,-48.744659825139365,2.3355343109376863,4.237888833208679,-0.2967273395742218,1.7467932701555364,-4.5474036255253765,1.75,0,1,0,0,0,0,0,0,55.23030837583349,-4.960033118056913,41.114069525682936,-12.804749871681821,31.881021839889243,-9.316220323192198,-1,0,-1,0,2.840363284421187,0,0,-1,0,1,4.384582801577212,-0.012225963984463961,0.7518451688032131,0,0,1.22030706335964,-3.1642757382175715,-1.0561316062741575,1.9379419794061368,-16.5,50.5
20241112770,2024,27,Round 27,2024-09-08 04:00:00+00:00,Sea Eagles,Sharks,4 Pines Park,20,40,-20,60,0,False,98,0.5260205674428613,BlueBet,0.513157894736842,,False,0.5380710659898477,,52.5,True,0.10417638405167542,1.1881933643725944,4.660930068658203,0.48466229959792884,-1.2695594415043274,-67.94689016716075,-56.379783171644476,0.496136495167514,-7.245258105112619,-1.3745205427796225,-1.7017551411048277,-4.622513400367968,1.0659722222222232,0,0,0,0,0,0,0,0,-77.20521473071153,-9.374731579625717,-25.151555622794916,-25.43741975041081,-17.241507777880045,-34.21878764239014,1,-1,1,0,4.177113768081867,0,-1,0,-2,0,-0.567542346919361,-0.16093998566557421,0.04039567719687903,0,0,0.26558587667900924,0.8331282235983706,-0.38315259309136684,0.05264373348542167,-1.5,49.5
20241112780,2024,27,Round 27,2024-09-08 06:05:00+00:00,Knights,Dolphins,McDonald Jones Stadium,14,6,8,20,1,False,47,0.5940700047613666,BlueBet,0.5394736842105263,,False,0.5518987341772151,,49.5,True,0.3808164463379877,3.569693778138486,-7.962482216126617,2.844205184039012,-0.6619660345434824,220.45356181626312,121.13532985211862,1.2741677436506214,11.896021017648994,-0.6391247683682479,-0.9544664395097584,-0.9548239894791664,-0.854166666666667,0,1,0,0,0,0,0,0,78.94809889433475,-0.6520100512537113,64.03509251966088,15.029089106256606,0.5359273196709466,14.28998070385677,0,0,0,-1,-16.672447085634815,0,0,0,0,0,0.684440866133075,-0.10388324487862291,-0.015220254510934964,0,0,-0.5370409829305556,-1.2214818490636306,-0.1282533823107861,0.1582240052148942,-2.5,51.5
20241112810,2024,28,Finals Week 1,2024-09-13 09:50:00+00:00,Panthers,Roosters,BlueBet Stadium,30,10,20,40,1,False,101,0.6092428232879139,BlueBet,0.6547619047619047,,False,0.7078891257995735,,41.5,True,0.4441305772124767,-7.483785324176289,-4.928108138055023,-0.3078144447741664,1.1678667453676894,91.14590238874348,17.433597277893227,-1.5497774252788163,-5.373396859760618,-0.057547277320519896,-0.8322997359364743,1.1246019033864485,-0.9826388888888884,0,0,0,0,1,0,0,0,74.31499035833292,31.965124066040175,7.895633837452152,-10.683973890444292,45.1382063452849,16.446225554863815,1,1,0,1,4.9527534203224235,-2,-2,1,-2,-1,-0.31492713091384505,0.36674288230091623,-0.618155039008563,0,0,-1.4254306418357285,-1.1105035109218835,-0.9917585841906345,0.6400373552459965,-6.5,41.5
20241112820,2024,28,Finals Week 1,2024-09-14 06:05:00+00:00,Storm,Sharks,AAMI Park,37,10,27,47,1,False,99,0.6472666667313998,BlueBet,0.7291666666666667,,False,0.7533460803059273,,45.5,True,0.6070460267495417,4.070696474588118,0.4345861092572463,-0.005850325052293215,1.6562009329811644,102.21240624673737,17.70445832396308,2.8229973397849877,0.877145132269824,1.2278989973229262,-3.3611876395597333,-8.400959512596259,2.7569444444444446,0,1,0,0,1,0,0,0,27.724757491054334,45.99822644309148,-28.06202532470661,0.3502728673869342,9.438283505282499,30.186368312213517,1,0,0,0,-12.210320190092489,-1,0,1,1,0,0.9528214079753683,0.5646579834151115,-0.1501707018014516,0,0,0.6925856408354174,-0.2602357671399518,-0.5743576548092015,0.9903987040278773,-9.5,45.5
20241112830,2024,28,Finals Week 1,2024-09-14 09:50:00+00:00,Cowboys,Knights,Queensland Country Bank Stadium,28,16,12,44,1,False,98,0.6807854397189719,BlueBet,0.6547619047619047,,False,0.7184265010351967,,44.5,True,0.7573837105628458,12.451459210232333,3.5507591910268506,-1.3562056936029308,3.54204723173261,-62.93382680655236,-88.82323830551638,1.7192792040735991,-13.041304161968611,2.2236816780720225,-0.237802290422656,-3.500313731190353,0.9409722222222223,0,1,0,0,1,0,0,0,-40.6305923869852,3.615047189870893,-28.774712834128053,-16.786463371307804,1.3155366285797783,-10.855740918180913,0,0,0,2,37.27756857026381,0,0,0,0,0,1.5042031923368824,0.11291592969711473,0.038951696203095916,0,0,2.1479089759289343,0.6437057835920508,-0.49490416194588294,0.6400373552459965,-6.5,43.5
20241112840,2024,28,Finals Week 1,2024-09-15 06:05:00+00:00,Bulldogs,Sea Eagles,Accor Stadium,22,24,-2,46,0,False,96,0.5257377820601106,BlueBet,0.5263157894736842,,False,0.4681933842239186,,44.5,True,0.10304220410512455,-7.09051827015017,-0.23552957322223023,-6.83378654910689,1.8248887908357645,65.72373554761703,-42.694893675401545,-1.0982642478482187,0.25210044392528985,2.3499898108420894,-0.6006861208265839,0.39428720242894144,0.854166666666667,0,0,0,0,1,0,0,0,33.10562198595335,-11.423891227874975,16.887641662340684,7.765792491938441,19.87607905954917,-2.9092306147481395,0,0,0,0,28.059716103415738,0,2,0,1,0,-0.3491347978005497,0.026091145877421784,0.04096989791621891,0,0,-1.2748573607874267,-0.9257225629868775,-0.9440779383588365,0.10536051565782614,-1.5,43.5
20241112910,2024,29,Finals Week 2,2024-09-20 09:50:00+00:00,Sharks,Cowboys,Allianz Stadium,26,18,8,44,1,False,99,0.5130812498420113,BlueBet,0.5769230769230769,,False,0.6063569682151589,,46.5,True,0.0523369426822655,-7.704437119952932,5.628540275110744,-2.18832126239208,-4.183916363434534,-251.10283829221726,-71.0077552135075,-0.5939769318260968,1.7176436420687367,-0.7907197021847203,3.8873890174400145,-5.4735898244658046,0.15625,0,1,1,0,1,0,0,0,52.493671347179315,-15.786245339717084,52.795712344608035,0.19994397302048128,15.284260369267713,-8.2768680947419,0,0,0,1,28.844603668448144,0,1,0,1,0,-0.1240904669863645,-0.031123279396414905,0.10047638191975185,0,0,-0.8162102535926739,-0.6921197866063094,0.5799901519617836,0.3101549283038393,-3.5,45.5
20241112920,2024,29,Finals Week 2,2024-09-21 09:50:00+00:00,Roosters,Sea Eagles,Allianz Stadium,40,16,24,56,1,False,100,0.6621523815019786,BlueBet,0.5813953488372093,,False,0.647196261682243,,46.5,True,0.6729007520053282,-0.9851861153256642,-1.6395199482564529,-1.3106478660163674,1.7341615164393431,88.38564716536416,38.33603017577218,0.8178226957394932,11.038651863668004,0.8866060224329644,1.7861364571400449,1.1058368656872233,1.84375,0,0,0,0,1,0,0,0,63.301001808240585,-25.294871842746034,12.07241084110143,15.00725071643734,61.51621209344779,-8.456016111882406,0,0,0,2,50.12379540709553,2,0,0,2,1,1.0608266749293562,0.06379695476887859,0.15998514726103016,0,0,0.5311756138122792,-0.5296510611170766,1.2187113993268812,0.32850406697203616,-3.5,46.5
20241113010,2024,30,Finals Week 3,2024-09-27 09:50:00+00:00,Storm,Roosters,AAMI Park,48,18,30,66,1,False,103,0.6444257153797677,BlueBet,0.7291666666666667,,False,0.7495183044315993,,45.5,True,0.5946253708755367,7.017557290565637,-5.612557094369759,0.9935386501391292,2.7690085592938374,314.244232926339,80.22869195131148,1.8101293309913284,3.405155862094446,0.2985793730039621,-1.7833812065473262,-7.645348418295164,7.15625,0,1,0,0,1,0,1,0,31.398657415100615,34.28713797697401,17.075028535084215,6.492352650674377,-26.455861747631985,8.498773877677166,0,0,0,1,46.15048745667427,0,0,0,0,0,1.018884025779097,0.40273703699609653,0.1661782102058552,0,0,0.11240549249146059,-0.9064785332876361,0.7017749319414669,0.9903987040278773,-11.5,45.5
20241113020,2024,30,Finals Week 3,2024-09-28 09:50:00+00:00,Panthers,Sharks,Accor Stadium,26,6,20,32,1,False,101,0.5835938977491211,BlueBet,0.7619047619047619,,False,0.8110236220472441,,41.5,True,0.3375443689578411,-0.02523998989206433,-7.098326189322648,4.791662659847262,2.463402912791601,128.03840213297917,42.71641741945598,-1.00505761884994,-2.5605377931372146,-1.852925463529413,-0.6833834489537516,-2.7379414100460053,6.0,0,0,1,0,1,0,1,0,24.925092103708835,28.56849920136392,-15.635938457586434,-12.577394900596971,24.56992626052829,6.69278806861675,0,0,0,0,-28.517313614141855,0,0,-1,-1,0,0.8797708421636845,0.4929068215783088,-0.25301931260840055,0,0,-0.17524176940532254,-1.0550126115690068,-2.3312520906513097,1.1631508098056806,-11.5,41.5
20241113110,2024,31,Grand Final,2024-10-06 08:30:00+00:00,Storm,Panthers,Accor Stadium,6,14,-8,20,0,False,104,0.5145706709036791,BlueBet,0.47368421052631576,,False,0.5355329949238579,,40.5,True,0.05829919025700492,13.938427820676335,4.354337090437909,3.403410089433237,0.2719645524570282,-57.639895362887046,-13.135433858735837,3.2794517828981053,1.7056338342441535,-0.9459192699300889,-1.0945755757879816,-5.603758323161365,1.0,1,0,1,0,1,0,0,0,-48.41905015183568,10.350139028524694,-17.05598426369494,-1.7122539350008026,-40.00095098166467,4.12365475865866,0,0,0,0,26.534487487869768,-1,0,1,-1,0,1.1544883650510114,0.3253844817920579,0.27254036367139867,0,0,1.8213603673052998,0.6668720022542893,-1.690064576520748,-0.10536051565782652,1.5,39.5
20251110110,2025,1,Round 1,2025-03-02 00:00:00+00:00,Raiders,Warriors,Allegiant Stadium,30,8,22,38,1,False,99,0.4926873526600429,BlueBet,0.3658536585365854,,False,0.43434343434343436,,42.5,True,-0.029252675187184118,-2.115875233701683,-3.106092936700186,-3.123228410581717,-2.3309823177381475,-84.79695277462906,-4.280935164750531,-1.3311716098875266,-5.953114998358302,0.4939554890564253,0.8220670089582631,3.6211581606677754,0.0,1,1,1,0,0,0,0,0,47.04097183731528,3.584997931413369,18.127805824102495,7.79032061841707,17.537847463382263,-1.0346485463448118,-2,-1,2,-2,-96.15818584958615,-1,-1,-1,-5,-1,-0.3771487512845194,-0.05806285165198394,-0.0008318939333405023,0,0,-0.23741422736658604,0.13973452391793337,-0.33331161818491933,-0.5500463369192716,5.5,42.5
20251110120,2025,1,Round 1,2025-03-02 04:30:00+00:00,Panthers,Sharks,Allegiant Stadium,28,22,6,50,1,False,102,0.5870937623458414,BlueBet,0.6030150753768844,,False,0.566750629722922,,40.5,True,0.3519639987816874,1.4925602395681459,-8.401339793003174,4.927955757934527,2.920104570011027,236.9335765689982,78.4086269890878,0.06493485065711901,6.312464241290407,-2.0422981617138234,0.08945104202738463,-5.440620310787171,0.0,1,1,1,0,0,0,0,0,47.953235446617896,43.89731046627713,-14.68789348748166,-5.18974046558921,23.93355893341169,14.088811048995467,1,0,0,2,95.58507101708412,-1,-1,3,1,0,0.35452583776583424,-0.32926896313029896,0.3495584389127609,0,0,-0.0808790110253598,-0.4354048487911939,-1.0731473033076517,0.41804389031502426,-5.5,40.5
20251110130,2025,1,Round 1,2025-03-06 09:00:00+00:00,Roosters,Broncos,Allianz Stadium,14,50,-36,64,0,False,99,0.6832836577999251,BlueBet,0.47368421052631576,,False,0.2995689655172413,,43.5,True,0.768903531190172,5.3426944786510795,-4.6410996356435845,0.24554084030631884,3.5230979044526265,80.20508916648032,30.155328810138315,1.1951114904993876,3.9323068174085485,-0.5917431350352178,0.21004075314879866,-2.616467310377523,0.0,0,1,0,0,0,0,0,0,-85.2331800271877,-9.49743516924434,-31.401666056335415,15.195891232619942,-59.5299700342278,-22.84784187995581,-2,1,4,1,94.83610324951411,-1,1,2,-4,1,0.889296153052044,-0.271574005294736,0.3929514045291939,0,0,0.5337791903234413,-0.35551696272860267,0.4271693491994075,-0.10536051565782652,1.5,42.5
20251110140,2025,1,Round 1,2025-03-07 07:00:00+00:00,Wests Tigers,Knights,Campbelltown Sports Stadium,8,10,-2,18,0,False,96,0.42487382943114477,BlueBet,0.5584415584415584,,False,0.40942928039702237,,27.5,True,-0.3027971908805159,2.0468739295832705,13.304555118756998,-3.5405959820785142,0.8307576410781934,-186.78207937166212,-69.7088138651493,0.25562795658576754,-8.923462472729653,1.6503519904694492,1.2017711230687151,-0.6680905514972082,0.0,0,0,0,0,0,0,0,0,-83.16661519703928,2.2208102886267227,-12.880247279653872,-29.11801094117061,-43.389167264841475,2.7996762351189943,1,0,1,5,151.86551188430275,0,1,3,4,1,-0.28451118131183545,0.715197552389001,-0.5035444220602334,0,0,0.22452236058015668,0.509033541891992,-0.26608802696893696,0.23483959107740082,-1.5,42.5
20251110150,2025,1,Round 1,2025-03-07 09:00:00+00:00,Rabbitohs,Dolphins,CommBank Stadium,16,14,2,30,1,False,48,0.45533754573561513,BlueBet,0.6125,,False,0.517948717948718,,44.5,False,-0.17912725014385958,0.2259981690406292,5.155576051416759,1.1929839459265281,-0.18736378746305604,-67.74956385656765,-17.17158291220585,-0.35631014525620763,1.197780679428142,-0.41443562007748724,1.2236886189465492,-1.1516074198979211,0.0,0,1,1,0,0,0,0,0,2.6720343638035047,4.642028985373457,-2.0678988398471745,-31.25358680088911,31.351491019166346,-11.448093243967321,-1,0,1,2,121.23238099440715,-1,2,0,-1,1,-0.20632719709238084,0.14496096063831293,-0.24707467860908144,0,0,-0.08379413620985954,0.12253306088252136,0.09292547680622598,0.4578330936254806,-4.5,44.5
20251110160,2025,1,Round 1,2025-03-08 06:30:00+00:00,Dragons,Bulldogs,Netstrata Jubilee Stadium,20,28,-8,48,0,False,96,0.511905803679852,BlueBet,0.27083333333333337,,False,0.4175,,40.5,True,0.047632218453463514,2.0299171979752124,3.019394593896237,0.7089629880926367,-1.0528209049018145,52.42893836037683,67.00186107558295,0.4465511097492474,5.5766160085433185,1.0375245075839103,0.1750388024665579,-3.773984854218156,0.0,0,0,0,0,0,0,0,0,44.161175278758265,-5.134934685872537,3.704603941198002,28.692058642956994,16.89944738047575,1.2629516429714158,4,1,1,4,164.38514545728898,0,0,0,3,1,-0.6065626440887526,0.1770710863859476,-0.3828588019845432,0,0,0.004328491233832957,0.6108911353225857,-0.29703461652668345,-0.9903987040278768,8.5,40.5
20251110170,2025,1,Round 1,2025-03-08 08:35:00+00:00,Sea Eagles,Cowboys,4 Pines Park,42,12,30,54,1,False,100,0.5367257396266248,BlueBet,0.5949367088607596,,False,0.6859688195991093,,46.5,True,0.14716800335980876,-3.799927937496392,6.38213532747212,-1.7950552416643717,-1.4727977438863036,-222.87183022835438,-41.06972385571419,-1.3168266013633714,-6.442827154192884,-0.601635364203517,1.1694672820888243,-7.072582472381185,0.0,0,1,0,0,0,0,0,0,-38.09751683211573,-18.037176397377635,-9.174427285422553,-2.2571645224761028,-8.628748626839467,-27.342914924257656,0,-1,-1,0,-53.00567067340117,0,-1,1,2,-1,-0.15170404423343647,0.273776726502015,-0.1915404407298695,0,0,-0.09853454467736886,0.053169499556067625,0.4741529988522793,0.38441169891033233,-4.5,44.5
20251110180,2025,1,Round 1,2025-03-09 05:05:00+00:00,Storm,Eels,AAMI Park,56,18,38,74,1,False,102,0.7618093904252436,BlueBet,0.7619047619047619,,False,0.8802197802197802,,49.5,True,1.1626251468926099,-4.829371241939185,-10.460479803952929,3.5315944791251184,-0.3224742205642386,79.06680569842524,37.296483976408126,-0.0787286133921885,4.809669533684055,-0.9196285975049854,-0.9474456090016616,-5.478378734557239,0.0,0,1,0,0,0,0,0,0,74.7230823555899,50.8336194871805,11.712869481344342,-0.976354875460288,13.152948262525328,13.348812439031633,-2,-1,-4,-8,-300.1410385861165,-2,-2,-4,-4,-1,1.7120952157036304,0.016597127660907818,0.2513995011526541,0,0,0.6303723948449902,-1.08172282085864,0.33437107219216483,1.1631508098056806,-10.5,44.5
20251110210,2025,2,Round 2,2025-03-13 09:00:00+00:00,Knights,Dolphins,McDonald Jones Stadium,26,12,14,38,1,False,49,0.612252931418171,BlueBet,0.5897435897435896,,False,0.6112469437652811,,46.5,True,0.45679224180851,0.09020142167813106,-4.343318733939778,-0.6498447462994505,-0.3850338232019652,94.96612758182187,73.606593751746,1.0233149183094925,10.165910820061491,0.612904711256812,-0.7684915855049201,1.0155016670591976,0.08333333333333304,0,1,0,0,0,0,0,0,87.32068961424602,29.070244492070856,13.075319532824437,-5.027547817318833,50.20267340666956,25.6874699429259,-1,0,0,-4,-110.88495253030925,-1,0,0,-1,0,0.2735944300801197,-0.034133695741053106,0.0719098436072829,0,0,-0.31518469002085325,-0.588779120100973,-1.7210342164573298,0.362905493689368,-3.5,46.5
20251110220,2025,2,Round 2,2025-03-14 07:00:00+00:00,Warriors,Sea Eagles,Go Media Stadium,36,16,20,52,1,False,100,0.4496539297614124,BlueBet,0.3493975903614458,,False,0.2747933884297521,,48.5,True,-0.2020690570441573,-10.224678209262017,4.384675009567474,2.4412325364300074,-0.8864503942700992,-38.653172907029784,48.186796102784456,-2.06825294217946,1.6204626925591015,0.021471660927236513,-0.12248785775690596,5.0103762714064715,6.357638888888888,0,1,0,0,0,-1,1,0,-23.49538711405637,-28.69221660007412,17.362455235432435,-10.661134327109039,-1.5044914223056622,5.769995281150017,0,0,0,1,76.96346235328309,-1,-1,0,-1,1,-1.735296056932559,-0.3313573326954219,-0.07020811209014995,0,0,-1.242014632995493,0.49328142393706675,0.02848974130844284,-0.6216882165778003,7.5,48.5
20251110230,2025,2,Round 2,2025-03-14 09:00:00+00:00,Panthers,Roosters,CommBank Stadium,32,38,-6,70,0,False,105,0.6934143373203343,BlueBet,0.8426966292134831,,False,0.9066079295154185,,50.5,True,0.8161305068293261,2.184821372314264,-16.929631427539743,2.716261549914236,4.087440432001891,369.59938608717584,99.07482945958168,0.721196476246214,1.2632589095237066,0.7166549914409774,0.0885221893765662,-1.2814449008422812,4.1875,0,0,0,0,0,0,1,0,154.46846089965516,33.92484126827307,57.51608625865012,12.045273383322836,50.982259989409116,1.735715819693894,0,0,-5,-5,-192.0050951933163,0,1,-1,1,-1,1.867030117987101,0.5891082190451239,-0.10425031813004623,0,0,0.21173094588408367,-1.6552991721030175,0.04090042100823443,1.6784307839210515,-15.5,49.5
20251110240,2025,2,Round 2,2025-03-15 04:00:00+00:00,Dragons,Rabbitohs,WIN Stadium,24,25,-1,49,0,False,97,0.5614417339181874,BlueBet,0.6506024096385543,,False,0.6697038724373577,,51.5,True,0.24701532128691736,3.429447259979284,3.8991052183661985,-4.787225244481164,-2.528077799759359,0.8442168761371249,-22.454252419125055,1.6204419195776998,4.133406956038186,3.3795645024965086,-2.1298586659525665,-5.762189356626038,-0.8958333333333339,0,0,0,0,0,0,0,0,83.37606413575429,1.3766336290135541,3.318117150165591,46.82432032875502,31.856993027820124,7.7888340378952705,0,0,-1,2,71.68027409465225,1,-1,0,2,1,-0.30148917434637973,-0.24921332884727954,0.028354453083966114,0,0,0.1298579844469994,0.4313471587933791,-0.28616176587482706,0.6216882165778008,-6.5,51.5
20251110250,2025,2,Round 2,2025-03-15 06:30:00+00:00,Cowboys,Sharks,Queensland Country Bank Stadium,12,36,-24,48,0,False,101,0.5410700485095606,BlueBet,0.3627450980392157,,False,0.2854122621564482,,50.5,True,0.16465116286732462,1.4187313012688811,2.6302967778897717,3.799929929901964,-2.033261278777651,49.60426031032057,-10.992241739780411,0.06735062994701657,-0.6927980627890165,-1.6115133217367532,0.7912385952536471,6.343902084399339,-6.170138888888889,0,1,0,0,0,0,-1,0,-32.81238737421074,8.38774238713296,-39.91629220167397,-31.706270816177366,30.422433256507574,-5.405482778260193,0,0,2,2,93.08821730812988,1,0,-1,-1,1,-0.9102359492193051,-0.48363041384476735,0.1656829204453228,0,0,-0.18715032529291303,0.7230856239263921,0.23604983428175091,-0.5634693572514127,6.5,50.5
20251110260,2025,2,Round 2,2025-03-15 08:35:00+00:00,Raiders,Broncos,GIO Stadium,32,22,10,54,1,False,100,0.5321811835735019,BlueBet,0.25553319919517103,,False,0.22727272727272724,,50.5,True,0.12890292541742934,-5.239460487189682,-7.745886391417123,-4.185932105092576,-1.6899760461764686,49.98099462939422,88.55227153728976,-1.5067212441352504,2.493709556127328,1.2286670102968298,0.8373614998508101,-1.2323603388248614,4.375,0,1,0,0,0,0,1,0,-2.286930730110612,-19.45932789925564,9.626068718597026,12.801236619729451,-5.254908169181533,-9.785554244485041,0,0,3,-2,-21.41450831298235,1,1,0,1,0,-0.5444144553364667,-0.26093626285803884,0.06355166390756012,0,0,-0.7818810772690228,-0.23746662193255624,0.18650479353905008,-1.0693159191796788,11.5,50.5
20251110270,2025,2,Round 2,2025-03-16 05:05:00+00:00,Eels,Wests Tigers,CommBank Stadium,6,32,-26,38,0,False,97,0.6554017722899301,BlueBet,0.423076923076923,,False,0.39259259259259255,,51.5,True,0.6428692593504277,8.986862907533638,9.716261977948498,1.1370171158839355,1.2984503893275843,-29.93059833950656,-60.36518700388194,1.486515795770437,-4.5026499183837565,0.9224404230193102,-0.5268648989944564,-1.8118273773287115,-1.9201388888888893,0,0,0,1,0,0,0,0,-32.8020385384375,-28.34422132210898,-9.146895765852094,17.69693205615323,-13.00785350662973,-27.584859945356214,-2,0,4,4,152.1710393254558,1,0,1,-2,0,-0.733687184521446,-0.6330633640258326,0.015112491747748258,0,0,0.39142091191937955,1.125108096440826,0.5125911576668885,-0.3101549283038397,3.5,49.5
20251110280,2025,2,Round 2,2025-03-16 07:15:00+00:00,Bulldogs,Titans,Belmore Sports Ground,40,24,16,64,1,False,97,0.6144764193754522,BlueBet,0.6744186046511629,,False,0.6786516853932584,,47.5,True,0.46616819452483577,4.852424918856833,-3.9826858099071387,-3.084082843356285,2.1943834098227555,-0.8289153017933586,-71.81344076641494,0.5823646148103157,-5.161284032705304,-0.24158053553258263,-0.4169077303907267,-1.000570274881298,-5.96875,0,1,1,0,0,0,0,0,-82.96415505279174,-7.326682037386121,-14.883446727406522,-35.472662382510194,-25.28136390548886,-1.973704327142002,-2,-1,-1,-2,-32.21830072752056,-1,-1,-2,-5,0,1.1453708926569988,0.03604858152213691,0.14926290533618927,0,0,0.309825469964858,-0.8355454226921413,-0.32666447164202406,0.7282385003712157,-8.5,45.5
20251110310,2025,3,Round 3,2025-03-20 09:00:00+00:00,Storm,Panthers,AAMI Park,30,24,6,54,1,False,106,0.5816341046117691,BlueBet,0.6658878504672897,,False,0.7234927234927235,,43.5,True,0.3294851663412903,9.466952352573308,-4.609243748827229,2.459389471400229,-1.273096771329378,59.53817925443673,4.298470735353362,1.2688077331862475,4.796986230653978,-1.2153901667263494,-0.5599430624859965,-9.247818871609951,5.163194444444445,0,1,0,0,0,0,1,0,20.475383977223714,43.18424964515049,-4.304537591710158,4.8341451852703585,-23.238473261487,35.43391156036148,-1,0,0,-3,-136.19085369105585,0,1,-1,-1,0,1.3487944214930725,0.12352047196664007,-0.2576788784412445,0,0,0.9716862826334575,-0.3771081388596151,0.4980514432288223,0.6896445500087433,-6.5,45.5
20251110320,2025,3,Round 3,2025-03-21 07:00:00+00:00,Warriors,Roosters,Go Media Stadium,14,6,8,20,1,False,101,0.4595133391967842,BlueBet,0.5468749999999999,,False,0.5077319587628866,,50.5,True,-0.16230198622731623,-3.103093840313754,-9.008698150836835,5.947644195482553,3.16424385134615,168.90064086188795,86.7850951565398,-1.251708991021025,-2.4530604288122433,-0.6235094589824719,-1.4794906440387399,-1.8418343493087121,0.08333333333333304,0,1,0,0,0,0,0,0,1.0032795249767332,-16.906625239996714,16.126218335637788,-17.391360317178282,19.175046746513928,2.572851522014929,0,0,-2,-1,-48.899541031083345,-2,0,0,-2,0,0.2869421112173046,0.31567286547739193,-0.28353310164703377,0,0,-0.6287720406906538,-0.9157141519079585,0.9481740445999367,0.18805223150293926,-2.5,48.5
20251110330,2025,3,Round 3,2025-03-21 09:00:00+00:00,Broncos,Cowboys,Suncorp Stadium,26,16,10,42,1,False,101,0.5670091889112783,BlueBet,0.7769652650822669,,False,0.8437067773167358,,53.5,True,0.26965900351596,6.8902510295411545,-1.418965126453891,-4.02053732352779,3.0414060464512644,-16.120723241825317,21.78452825062635,1.2682945976975555,3.0109756318639214,1.1235952223140195,-0.9348238824508748,-1.8324454374436456,-0.08680555555555625,0,0,0,0,0,0,0,0,44.43747600531708,-4.699901109323918,20.039521909628746,36.02195757983172,-6.924102374819498,8.371109169956043,-1,-1,-2,-1,-73.65924159543002,-1,-1,-1,-3,-1,1.225567196009103,0.42239402311338775,-0.22675466002494016,0,0,0.8109750195327857,-0.4145921764763176,0.9184513111963732,1.2480681241911604,-13.5,52.5
20251110340,2025,3,Round 3,2025-03-22 04:00:00+00:00,Sharks,Rabbitohs,Sharks Stadium,27,12,15,39,1,False,104,0.7173202061962616,BlueBet,0.802675585284281,,False,0.8245083207261725,,54.5,True,0.9312075461449568,4.721070042074928,-3.2170121318348563,-1.7327502082519999,1.606928982429757,76.58402573503213,5.199583180186551,2.7353807715892837,7.822612660637429,2.4318498619263895,-0.16357682146371033,-5.347265921114342,-0.10416666666666696,0,0,0,0,0,0,0,0,80.60978904677177,1.1017494729848067,53.40253067225754,45.01695363575216,-18.911444734222755,6.520843151133846,0,0,0,-2,-52.40604121390274,0,-2,-1,-2,0,1.3038711589106395,-0.0030127209659016607,0.2816451297610164,0,0,0.7340479602885663,-0.5698231986220729,-0.681648143802563,1.403101479436272,-14.5,48.5
20251110350,2025,3,Round 3,2025-03-22 06:30:00+00:00,Dolphins,Wests Tigers,Kayo Stadium,18,30,-12,48,0,False,50,0.6330334742725608,BlueBet,0.47368421052631576,,False,0.548469387755102,,47.5,True,0.5452526693504508,-6.414875469353394,1.620454647325861,-3.362051720970527,-0.27128075948747465,64.198724876077,6.050807455461609,-1.3511575725607434,-1.035108507834913,-0.5859278501168301,-1.003001481307054,-3.772250909380446,2.8368055555555562,0,1,0,0,0,0,0,0,-15.773275751551978,-21.551393435344778,-25.363918724780603,11.802199455199116,19.33983695337433,-10.166986659892274,0,0,0,-2,-75.39665558036042,1,1,0,2,0,-0.8996306643450327,-0.588486895873434,0.26109652769712793,0,0,-0.34715520101723774,0.5524754633277951,-1.542155646361259,-0.10536051565782652,1.5,47.5
20251110360,2025,3,Round 3,2025-03-22 08:35:00+00:00,Titans,Knights,Cbus Super Stadium,26,6,20,32,1,False,98,0.4427507028092688,BlueBet,0.5,,False,0.5321336760925449,,50.5,True,-0.23000584702079335,-0.5318212967921099,15.781293430927999,1.9027572658562661,0.6087034574012975,-175.9942325420368,-51.53051609899353,-1.6643846499818409,-9.346195455592031,0.1426409846019343,0.7583707787756655,2.272657339793227,-2.927083333333334,0,1,0,0,0,0,0,0,-15.184556550393836,-14.202739540714447,42.623819965191075,-42.06332767424638,-1.542309300624197,-25.08420153512202,0,0,1,2,-1.0711726314834777,-2,1,0,0,0,-1.3613866520058098,0.030494348341605693,-0.2248086323823187,0,0,0.19375431221204348,1.5551409642178533,-0.7701996587719795,0.0,1.5,50.5
20251110370,2025,3,Round 3,2025-03-23 05:05:00+00:00,Eels,Bulldogs,CommBank Stadium,8,16,-8,24,0,False,99,0.4177980320712481,BlueBet,0.3658536585365854,,False,0.3075221238938053,,49.5,True,-0.33181927257096433,-6.164562828855441,11.485585151600006,0.9385406733568828,-1.273779267408976,-136.82435706227943,-20.633391348763098,-0.21243187556411058,-1.2667508263872946,0.5512270421542382,0.14358385746081126,5.05190873422535,0.09027777777777768,0,0,0,0,0,0,0,0,-14.299239381338111,-18.359667990180355,-19.47092928776152,46.7968610027082,-23.265503106104504,-5.416704213366643,1,1,3,7,222.48584892687433,-1,1,-1,1,0,-2.260084603058021,-0.21507263837646484,-0.6830773892868481,0,0,-0.94917342949529,1.3109111735627312,0.39717222250673634,-0.5500463369192716,6.5,47.5
20251110380,2025,3,Round 3,2025-03-23 07:15:00+00:00,Sea Eagles,Raiders,4 Pines Park,40,12,28,52,1,False,101,0.5968533784245168,BlueBet,0.6265356265356266,,False,0.564885496183206,,50.5,True,0.39237116492212165,-0.6783547312915843,6.942626491482507,-0.9257638471532061,-0.29999343381821575,-55.861533242616815,-107.82682621385078,0.7687376168054953,-10.814047332257367,0.30407356410481867,-1.0258081673972432,0.4103648262056936,1.0659722222222214,0,1,0,0,0,0,0,0,-80.63134105379208,2.124218556449506,-31.49253821198741,-39.210647621818026,-12.052373776436056,-24.877665626297272,1,0,-2,3,92.76243437282933,0,0,0,0,0,-0.05973730340699818,-0.0854908030571711,0.051105977109249565,0,0,0.2997246390647995,0.3594619424717978,0.059743404956205504,0.5173830243121499,-5.5,48.5
20251110410,2025,4,Round 4,2025-03-27 09:00:00+00:00,Rabbitohs,Panthers,Accor Stadium,28,18,10,46,1,False,105,0.35672007587043625,BlueBet,0.3,,False,0.27366255144032925,,48.5,True,-0.5896285972885443,-7.403009301033169,0.07094882339631425,-2.96638678927134,-4.252800792847431,-138.83318768573668,-22.399347675748288,-2.3098692284883806,-6.931772979642769,-0.4038365771362624,0.4632505568664316,6.356144867409363,-1.791666666666667,0,0,0,0,0,1,0,0,-63.0720861383644,42.79823933711347,-24.454497553333397,-49.21377887095518,-32.20204905118929,62.100461005865526,-2,-1,0,-2,-83.25993671941791,0,1,-1,-1,-1,-1.097286739945203,0.3330308507928138,-0.18195630112718092,0,0,-0.8581927954975888,0.23909394444761434,-0.23614621743455055,-0.8472978603872036,11.5,49.5
20251110420,2025,4,Round 4,2025-03-28 07:00:00+00:00,Roosters,Titans,Allianz Stadium,12,30,-18,42,0,False,99,0.7003859700366255,BlueBet,0.6075949367088608,,False,0.6453900709219859,,50.5,True,0.8491364893228884,-1.1263872007292903,3.7506150078242406,-3.9218799090567984,-1.8768609477828448,-63.88131202664408,-86.5531901719329,1.4933851965387488,2.7785244923866728,-0.21839211589369079,-1.110029329779719,-5.278045479142719,1.0659722222222223,0,1,0,0,0,-1,0,0,-21.127271564369494,-12.839810412070761,-19.670256848003106,8.68351242073507,2.699283274969318,-5.443781461034035,0,0,-1,-6,-176.80276978415876,0,0,2,2,0,-0.21074712972974335,-0.385196603667002,0.19032230503126243,0,0,0.03001131476895564,0.2407584444986988,0.6110289403690126,0.4372138064227448,-4.5,50.5
20251110430,2025,4,Round 4,2025-03-28 09:00:00+00:00,Dolphins,Broncos,Suncorp Stadium,12,20,-8,32,0,False,51,0.4600787276599896,BlueBet,0.21052631578947367,,False,0.22463768115942026,,49.5,True,-0.16002571504061233,-9.432365630898172,-0.10768079964158517,-2.3339804247452207,-2.3137052036643766,24.864258941484195,18.644264921102376,-2.391102208626757,-4.386915614003708,0.2878578372440739,0.3430913729485905,-0.3883459313001083,-0.895833333333333,0,0,0,1,0,0,0,0,-40.008342701257334,-18.80499911930201,-30.454038515104315,17.582409108113467,-8.33171417496439,-11.241009849597873,0,0,0,1,27.83190924489402,0,-1,1,0,0,-1.3565603535727473,-0.22685041978427406,-0.07282291770075523,0,0,-1.1608981235776503,0.19566222999509644,0.20874338866409256,-1.3217558399823195,13.5,50.5
20251110440,2025,4,Round 4,2025-03-29 04:00:00+00:00,Dragons,Storm,Jubilee Stadium,14,8,6,22,1,False,98,0.31300206887566934,BlueBet,0.33649289099526064,,False,0.2890792291220557,,45.5,True,-0.7861214804092304,-11.152126742616804,7.351085459547534,-1.562332250414272,-0.853948632763263,-5.215371171418155,2.197359256505365,-0.17262949018005536,0.025396987029786544,-0.45063872323133225,-1.0402754842627395,-0.26395267282785895,5.208333333333334,0,1,0,0,0,0,1,0,79.4237994345151,-5.894246858522422,-1.255001741556697,39.59672459122888,46.9763234433653,35.63393408446427,-1,-1,2,5,159.97267426855802,1,-1,-1,-2,0,-2.4761897889287714,0.2840300343744041,-0.6938929580960942,0,0,-1.5047037384892576,0.9714860504395139,1.125395166003778,-0.678962545567989,7.5,49.5
20251110450,2025,4,Round 4,2025-03-29 06:30:00+00:00,Cowboys,Raiders,Queensland Country Bank Stadium,30,20,10,50,1,False,102,0.5822992999793954,BlueBet,0.5,,False,0.5154639175257731,,45.5,True,0.3322194292825193,-3.146372935799967,3.006345698190085,4.517696101036464,1.016330398543218,118.6673560761028,-47.189087289881,-1.0351485676741472,-3.8311609391514345,0.24403044819568542,-2.167657175724278,3.7743795669622244,1.927083333333333,0,1,0,0,0,-1,0,0,-64.4745181901427,13.028733118069454,-54.79046284461012,-32.40029672690753,9.687508263305602,-8.806281120943197,0,0,1,-1,-33.29752490361102,-1,0,0,-1,1,-0.576961605435117,0.0061380702737643955,-0.05405729222683818,0,0,-0.18225092452577019,0.394710680909347,0.2419716203830422,0.0,-1.5,46.5
20251110460,2025,4,Round 4,2025-03-29 08:35:00+00:00,Sharks,Bulldogs,Sharks Stadium,6,20,-14,26,0,False,100,0.6269436122674432,BlueBet,0.748502994011976,,False,0.763157894736842,,43.5,True,0.5191270222369581,1.2776925351570938,-0.8778048433719974,-1.329851340308906,1.698275809155831,116.61506019476951,46.357506375919684,1.4530899178773558,7.446853893928289,2.134314844557041,-0.383297972036706,-7.619373527815533,1.0451388888888893,0,0,0,0,0,0,0,0,82.99485240598676,27.28892168203538,33.07761328058669,48.3627042257057,-25.734386782340977,27.470757071663826,0,0,-1,-1,-63.52048882751866,0,0,0,1,-1,0.41915602149056386,0.042075600836039784,-0.10359462308884165,0,0,0.3220339885779041,-0.09712203291265975,-0.7335327005305212,1.0906441190189322,-11.5,45.5
20251110470,2025,4,Round 4,2025-03-30 05:05:00+00:00,Sea Eagles,Eels,4 Pines Park,26,12,14,38,1,False,104,0.7343498727068143,BlueBet,0.8116883116883117,,False,0.8323615160349855,,53.5,True,1.0168054487854101,11.311526000476597,-7.174887963130818,2.310566640893313,3.605434639311298,36.06618047471193,47.942996445952076,1.3050690566048013,-0.18066535620961588,-2.0880463133355534,-0.07579908179591222,-7.47245686356764,-0.09027777777777768,0,0,0,0,0,0,0,0,14.472811544012984,20.189031059569913,-16.20945785690489,-11.470063604324366,21.963301945672356,0.49077111838008136,1,0,0,-2,-55.168102569430545,0,-1,-1,1,-1,2.7565144420921888,0.3524177805703971,0.22784737984310627,0,0,1.7030000076934368,-1.053514434398752,0.6793357271693026,1.461017907315827,-16.5,54.5
20251110480,2025,4,Round 4,2025-03-30 07:15:00+00:00,Wests Tigers,Warriors,Campbelltown Sports Stadium,24,26,-2,50,0,False,99,0.48992488500538967,BlueBet,0.5714285714285715,,False,0.6014851485148515,,45.5,True,-0.0403059157299751,4.258787928976652,1.0417568470512393,-3.6055919737065523,-0.1829856571977615,-78.09486861423443,-35.03565414947366,1.2366335691140886,-0.8386268755125101,1.0350299439750703,3.2234280393221173,1.1874829380177658,-0.9791666666666661,0,1,0,0,0,0,0,0,16.445905760886944,0.5367643616172018,27.66346316098509,5.775166994417447,-17.52948875613272,-18.57979906306238,0,0,0,1,37.20904396220317,0,0,0,-1,1,0.35718928526501126,0.27293114294671755,0.10964545750844451,0,0,0.37348463590090725,0.016295350635895656,-1.2810989171893117,0.2876820724517812,-3.5,47.5
20251110510,2025,5,Round 5,2025-04-03 09:00:00+00:00,Raiders,Sharks,GIO Stadium,24,20,4,44,1,False,103,0.45281207486790853,BlueBet,0.3658536585365854,,False,0.3985148514851485,,46.5,True,-0.18931510577578156,1.0209993642262418,8.024001169619975,-3.5097501560238697,-3.257022179271999,-169.20982419782786,27.21077600159856,-0.9328564786485636,1.4228416100392849,-0.23681231785725032,1.9999441179567166,6.473075121411583,0.08680555555555625,0,1,0,0,0,0,0,0,1.498365232801234,-18.405041233986253,17.98369369446155,-0.3496289689691139,2.2693417412950225,1.4828664151293935,0,0,0,-3,-102.44765311626674,0,-1,-1,-2,0,-1.3375266675475537,0.0788521016545729,-0.256030493225445,0,0,-0.2745168282316997,1.0630098393158538,-0.2754814591080219,-0.5500463369192716,4.5,46.5
20251110520,2025,5,Round 5,2025-04-04 07:00:00+00:00,Panthers,Cowboys,CommBank Stadium,18,22,-4,40,0,False,104,0.6746880396399879,BlueBet,0.7769652650822669,,False,0.7935153583617748,,49.5,True,0.7294658205735358,1.6157685385755194,-0.37665433206186094,-0.6734553685777485,3.3203535923312515,77.15275201336681,29.14852286151097,0.6612463475456307,3.130982280610951,0.742872888566648,-0.2092573384339138,-6.980967104577843,1.895833333333334,0,1,0,0,0,0,0,0,77.10868854674595,-8.437846562136343,39.362063573894886,26.886819847378035,19.297651687609417,-10.613205320349863,1,1,0,2,72.09826983808657,0,1,0,2,0,0.825845248991793,-0.289859365596149,0.19487099949863726,0,0,0.3961918939215508,-0.4296533550702424,0.9257327288777714,1.2480681241911604,-13.5,49.5
20251110530,2025,5,Round 5,2025-04-04 09:00:00+00:00,Rabbitohs,Roosters,Accor Stadium,20,14,6,34,1,False,106,0.5080395199514375,BlueBet,0.5263157894736842,,False,0.5746835443037974,,48.5,True,0.03216085157106239,2.8786163054990013,-5.407642760088542,8.812734490868209,1.6880287456344405,-50.03559102655504,-20.16759911985605,-1.2704618118043038,-11.78535573271725,-3.1818020042806445,-1.6718318947395154,7.653279533265334,0.916666666666667,0,0,0,0,0,0,0,0,-37.7882187807769,-2.091880968358282,-20.805440663905614,-6.554534516638171,-8.336362631874778,-7.7953451046485895,-1,0,-1,-1,-29.252368201204334,1,0,-1,-1,0,0.5849527355103219,0.10654618752564982,0.09312963393066928,0,0,-0.13352367701186837,-0.7184764125221904,0.3456972398362835,0.10536051565782614,-1.5,48.5
20251110540,2025,5,Round 5,2025-04-05 04:00:00+00:00,Eels,Dragons,CommBank Stadium,23,22,1,45,1,False,99,0.48957390761944675,BlueBet,0.3875,,False,0.3762135922330097,,48.5,True,-0.04171041564213118,-4.168597076712587,6.93599605035789,0.12373291619245208,-0.29067993397237046,-112.66558059918748,-61.606213028251375,-0.904245079500523,0.9761439789566175,0.16119861885725584,-0.45841647096156724,8.371286316323875,-1.0451388888888893,0,0,0,0,0,1,0,0,-60.73156674277834,-17.40014240145726,-10.684758026337704,-13.311269729944968,-19.335396585038467,1.9470366468943325,1,0,-1,1,31.691605281590967,0,0,1,1,0,-1.5882112068854974,-0.20525578999758065,-0.18983836639127122,0,0,-0.6798705351496332,0.9083406717358643,-0.3218746832888733,-0.45783309362548047,4.5,48.5
20251110550,2025,5,Round 5,2025-04-05 06:30:00+00:00,Titans,Dolphins,Cbus Super Stadium,10,36,-26,46,0,False,52,0.6311613200729471,BlueBet,0.6416464891041161,,False,0.6339712918660287,,52.5,True,0.5372021209889329,8.57786137251063,-2.7556515782217836,2.7106470211003426,0.24021538526233854,-21.43505757180378,36.58595889692242,0.6841021896264272,-1.116167207641169,0.6051756886660051,1.4304764959114467,1.8677922531959723,0.08333333333333393,0,0,0,0,0,0,0,0,28.771387093540397,7.950198537653733,21.250565862648017,-6.561070252794735,6.131692946033368,-12.07403554923286,1,0,3,2,68.16095664841251,0,0,1,-1,0,1.1892244582499392,0.2594887076794802,-0.03135855829199832,0,0,0.9423825260648919,-0.2468419321850475,-0.3959209241618284,0.5825175522221068,-5.5,52.5
20251110560,2025,5,Round 5,2025-04-05 08:35:00+00:00,Broncos,Wests Tigers,Suncorp Stadium,46,24,22,70,1,False,100,0.703643278232756,BlueBet,0.7769652650822669,,False,0.8313782991202346,,52.5,True,0.8647076508529148,-0.12732836025304195,-0.6473429761101634,0.8905718743228448,-0.8122925889578383,-61.49552940918443,-37.57712420106202,0.9777477140391406,3.544170077433826,0.23013835599054389,-2.022106838487286,-0.014574798755248253,1.927083333333334,0,1,0,0,0,0,0,0,26.351661613380656,8.105138832692433,-23.601382905037724,4.958558183241706,36.88934750248427,13.008732288961738,-1,-1,-1,-2,-58.09971956917636,0,-2,0,0,0,0.3172637112821411,0.011850434601675508,-0.052320765669605085,0,0,0.29944792755318983,-0.017815783728951262,0.24927770654544976,1.2480681241911604,-14.5,52.5
20251110570,2025,5,Round 5,2025-04-06 06:05:00+00:00,Sea Eagles,Storm,4 Pines Park,24,48,-24,72,0,False,105,0.4755800726567905,BlueBet,0.3875,,False,0.32499999999999996,,48.5,True,-0.09775748687778765,1.6595452503301225,1.3475656906555429,4.086757480820353,3.960381499276231,11.084997474594047,21.63689818778971,0.4760688965171527,-1.9919048561718355,-2.7950049786905176,-0.11275544671774718,5.702422361755669,-1.0451388888888884,0,1,0,0,0,0,0,0,-51.952512801075045,-42.76945509043088,-27.09066637175698,3.8603230103296085,14.047285650783152,-11.913699383952206,0,-1,-1,1,18.6544553016398,1,0,0,0,-1,-0.24052492009093118,0.34893415750909185,-0.22226657387957177,0,0,0.003693176926531039,0.24421809701746178,0.82501356717581,-0.45783309362548047,4.5,48.5
20251110580,2025,5,Round 5,2025-04-06 08:15:00+00:00,Bulldogs,Knights,Accor Stadium,20,0,20,20,1,False,101,0.6648884519710783,BlueBet,0.6490384615384616,,False,0.6525821596244131,,44.5,True,0.6851558295982076,6.850109301953548,-2.968103668153363,6.814219179229056,3.94972298866945,-136.32087905302615,-99.0530131970404,-0.3411720903208453,-13.555296827625838,-4.346392405690066,1.260518407272655,-1.9964422117274125,-6.013888888888889,0,0,0,0,0,0,-1,0,-48.492483303870586,-24.808403528760977,3.781839895521756,-23.1451872449027,-4.320732425728664,-14.94334810079991,0,0,0,1,25.914429758831346,-1,1,1,1,1,1.343350655303119,-0.03316676065462032,0.235427280063325,0,0,0.926917935476155,-0.4164327198269637,-2.06914539649414,0.6148153372900385,-6.5,44.5
20251110610,2025,6,Round 6,2025-04-10 09:50:00+00:00,Dolphins,Panthers,Suncorp Stadium,30,12,18,42,1,False,53,0.40465524961072735,BlueBet,0.32558139534883723,,False,0.31042128603104213,,48.5,True,-0.3861051810992371,-0.528413698733349,-5.189313321833399,2.09324438930075,0.594142026367301,-4.088248786423492,18.024560616475355,-2.297117833662296,0.4652217573838442,-2.82559572417453,-1.0249094668339573,-1.3547500788233364,-0.9791666666666661,0,1,0,0,0,1,0,0,-26.771520693100115,-6.98579702761711,2.0194149150864007,15.483223621988998,-37.2883622025585,9.263448629456377,-3,0,0,-4,-150.3405962988327,0,0,0,-2,0,-0.3051616418287504,0.07465066548733977,-0.018524621220635685,0,0,-0.5575406488061784,-0.252379006977428,-0.3493689277773192,-0.7282385003712153,7.5,48.5
20251110620,2025,6,Round 6,2025-04-11 08:00:00+00:00,Dragons,Titans,WIN Stadium,38,16,22,54,1,False,100,0.58785837175764,BlueBet,0.5613577023498694,,False,0.6256038647342995,,47.5,True,0.35511900638026084,0.791302409662265,-2.8706892336133905,-2.583311386580789,-0.4991883136530646,42.40070230507763,-36.68844754924032,1.8445982109459598,0.15731094650549693,0.9857893360420267,-1.2564544808483573,-9.466760646334485,0.10416666666666696,0,1,0,0,0,0,0,0,62.947988404445596,-2.543107870185736,30.943587251862283,10.374616275692546,24.172892747076446,3.4892863216436183,-1,0,-1,0,-25.400063885331107,0,0,-1,-1,0,0.2544075714250213,0.05663910044360876,-0.009011213930933888,0,0,-0.1285876235789819,-0.38299519500400325,-0.09485344371135107,0.24667404872440363,-4.5,48.5
20251110630,2025,6,Round 6,2025-04-11 10:00:00+00:00,Broncos,Roosters,Suncorp Stadium,16,26,-10,42,0,False,104,0.6211259709447993,BlueBet,0.7263157894736842,,False,0.7999999999999999,,50.5,True,0.49433014045496804,13.7090545459758,-4.053582652383753,9.990282910337527,1.7215635775918017,-118.49687056852781,-13.362967961663685,-0.31633982315764797,-3.0351912182067977,-3.2840365742259117,-1.201902621145356,6.781368497943102,-0.9826388888888893,0,1,0,0,0,0,0,0,-54.0498512911206,-8.386510204749413,-33.97957429647431,-8.506140021046036,-3.177626768850857,-5.816403008208624,-1,-1,0,0,-4.542890452027194,0,0,0,0,0,2.0663973862518334,-0.2383759772954449,0.3794614820510084,0,0,1.3942650303782387,-0.6721323558735944,1.0811764799752588,0.9760099665757774,-10.5,50.5
20251110640,2025,6,Round 6,2025-04-12 05:00:00+00:00,Sharks,Sea Eagles,Optus Stadium,24,18,6,42,1,False,106,0.5300730081902101,BlueBet,0.6296296296296295,,False,0.6370192307692307,,49.5,True,0.12043740229839738,-6.931051028641345,-7.363581918344625,-0.11192632909622091,-0.829534655542524,100.07900461747795,33.15951357533447,-2.3135345913463246,0.23078636172753875,2.035014059364208,-0.9963856792266483,-4.201746379071579,2.878472222222223,1,1,1,0,0,-1,0,0,59.81620028630584,12.010091535640612,62.017726412180224,2.787392338148834,-16.999009999663798,3.639410337742362,0,0,0,-1,-33.17114467887244,0,-1,1,0,0,0.09047327782801773,0.0299644882846265,-0.059392935036926914,0,0,-0.7980581106953227,-0.8885313885233407,0.5486806182050463,0.5306282510621699,-5.5,49.5
20251110650,2025,6,Round 6,2025-04-12 07:30:00+00:00,Rabbitohs,Cowboys,Optus Stadium,16,24,-8,40,0,False,105,0.4437569193248879,BlueBet,0.48684210526315796,,False,0.46649484536082475,,49.5,True,-0.22592846065445224,-1.1535374219527732,-3.4165138987195327,3.2299875993468277,2.977395018579756,-87.92823207501192,-22.771130443690367,-0.7878185417982118,-6.769590707544616,-2.6141910883382415,-0.7294437331331887,3.1544851637757034,-0.08333333333333393,1,1,1,0,0,0,0,0,-4.364149204015689,-8.293442076430125,15.755094431041641,-4.072024192727156,-7.7537773658999924,-7.263952222298059,2,1,0,3,81.86079790483538,-1,2,1,1,1,0.3157152093912951,-0.15092452503464693,0.08567084447522799,0,0,-0.22965796504581948,-0.5453731744371145,-0.2346006993019435,-0.05264373348542167,1.5,49.5
20251110660,2025,6,Round 6,2025-04-12 09:35:00+00:00,Eels,Raiders,TIO Stadium,12,50,-38,62,0,False,104,0.3873795018542769,BlueBet,0.3703703703703704,,False,0.32648401826484014,,46.5,True,-0.45834081725854087,-3.8551352521715785,1.8642382069481194,1.3583975421268661,2.4185124165983822,68.62894099591313,-52.525882375431365,0.06911112884795045,-6.1345174320568105,-0.10665510102966635,-1.90367691431595,3.513048263556989,-1.791666666666666,1,1,1,0,0,0,0,0,-41.55542427442447,2.013747414388291,-56.40802229216894,-9.814035720975966,22.652886324332144,5.864650700860096,0,0,0,4,131.12848435408293,0,1,1,2,1,-1.048031240356686,0.3114293880461473,-0.3732998101764195,0,0,-0.6444894704100086,0.4035417699466774,0.12586977680244377,-0.5306282510621702,5.5,46.5
20251110670,2025,6,Round 6,2025-04-13 04:00:00+00:00,Storm,Warriors,AAMI Park,42,14,28,56,1,False,103,0.7407343469597851,BlueBet,0.8010118043844856,,False,0.82370820668693,,53.5,True,1.0497888314346873,10.52102012331316,-0.5870294269357679,-4.679489258248694,-0.8551531442253903,-166.62274871260524,-87.38833111598876,2.3208340312201905,-4.002507418382841,3.367531799507921,1.2690623886677397,-5.1448573201001295,-6.951388888888889,0,1,0,0,0,0,-1,0,24.10537976910416,13.750206184754205,20.581981614608452,1.113553643303419,-11.340361673561944,-26.49751406135786,0,0,1,0,10.13918812868721,0,-1,0,-1,1,1.9816788265985807,-0.11395054091383633,0.33371885288625175,0,0,1.7610020110784204,-0.22067681552016083,0.4650237403749369,1.3926301795689762,-14.5,51.5
20251110680,2025,6,Round 6,2025-04-13 06:05:00+00:00,Knights,Wests Tigers,McDonald Jones Stadium,4,20,-16,24,0,False,101,0.6565503444323308,BlueBet,0.6432038834951456,,False,0.5345268542199487,,44.5,True,0.6479588391151192,-12.72851131211716,-9.79713680989137,-6.3985727963921875,-3.6675079438798477,58.70928614878949,42.62802714938175,-0.24487280367539732,6.821151534143006,4.666499199608737,-0.714167224332507,-0.3685605415098365,-0.9861111111111107,0,0,0,0,0,0,0,0,50.99064676397711,10.037904028715332,-6.299206808898475,22.29052787899775,24.961421665162575,1.756719503106865,0,0,3,6,217.88923235816299,1,0,2,-1,0,-0.6336793797411675,-0.11100776753639859,-0.12518503134165032,0,0,-1.2753200727001535,-0.6416406929589857,-1.2955555582030374,0.5892972392074857,-5.5,44.5
20251110710,2025,7,Round 7,2025-04-17 09:50:00+00:00,Sea Eagles,Dragons,4 Pines Park,18,20,-2,38,0,False,101,0.6340088089142103,BlueBet,0.5949367088607596,,False,0.6123456790123457,,28.5,True,0.5494535834870414,-1.2698651264289396,6.270957181986237,6.596134374476236,1.3988639692966487,-76.59534707148327,-87.07350648454803,-0.7087733435480796,-1.9293235370518786,-2.358005920894824,-0.20320048875441188,3.0930553860371006,-0.875,0,0,0,0,0,1,0,0,-65.41693213352585,-10.331244884155893,-53.642382371153246,-3.6759400299280856,2.2326351517113494,-3.332534648314578,0,0,0,0,-25.874529322925454,0,0,0,0,0,0.1874101673780016,-0.05183054437136875,0.05774366491741779,0,0,0.5888561566011442,0.40144598922314273,0.993739554315836,0.38441169891033233,-3.5,48.5
20251110720,2025,7,Round 7,2025-04-18 06:05:00+00:00,Bulldogs,Rabbitohs,Accor Stadium,32,0,32,32,1,False,102,0.7064850490356005,BlueBet,0.712742980561555,,False,0.733739837398374,,44.5,True,0.8783734616602972,2.999885819547565,-10.379497388624898,0.6199889123630697,4.154116524886518,147.67383994836564,56.20835506432013,0.25478401926946637,8.148542617854623,0.15682398938181663,1.640159209972012,-2.819753812567079,5.968749999999999,0,0,0,1,0,-1,1,0,64.17644734105284,-5.856857181888557,39.51223289644142,11.514224496748284,19.006847129751634,4.8686086719908985,0,-1,0,-1,-34.173620339986186,1,-1,0,1,-1,1.866782542361969,-0.02293584771297913,0.19712363933810378,0,0,0.6605412833347631,-1.2062412590272056,-1.821218195800226,0.908743526238772,-9.5,44.5
20251110730,2025,7,Round 7,2025-04-18 10:00:00+00:00,Dolphins,Storm,Suncorp Stadium,42,22,20,64,1,False,54,0.3393909842126694,BlueBet,0.24271844660194178,,False,0.24902723735408563,,51.5,True,-0.6660093721919617,-11.559797881585176,-0.8208642248759936,-1.6814678433879067,-1.7565018503536862,52.04385310173302,41.203489066080465,-2.3884056301425414,-1.8135198168452433,-1.2645888432966874,-0.7071034242259424,0.237605335099623,2.7569444444444446,0,1,0,0,0,-1,0,0,17.71084604751161,30.768160927545324,-49.639034544871066,22.459824396869436,14.121895267967929,65.84737494817361,0,0,0,0,-2.6088625998486847,0,-1,0,0,0,-2.1953539995351448,0.3480877862096001,-0.21188028330562372,0,0,-1.9141044890483014,0.2812495104868441,0.5257819384954756,-1.137833001821391,12.5,51.5
20251110740,2025,7,Round 7,2025-04-19 07:30:00+00:00,Warriors,Broncos,Go Media Stadium,20,18,2,38,1,False,104,0.5260959912466053,BlueBet,0.3150684931506849,,False,0.3034934497816594,,47.5,True,0.10447890094415971,-6.5996646084264725,3.50996658535432,3.1063288205825756,1.6232638616574064,244.59931250256386,77.9529955944297,-1.5751282291206978,1.9192045566508753,-1.1291810144990304,-2.103490930307651,-0.039509702411528735,-1.75,0,1,0,0,0,0,0,0,-28.596878884581884,25.292008657105725,-34.44522022956858,-4.722379062133342,-14.721288249985875,27.411122967115517,0,0,0,2,98.48638317989186,-1,1,1,0,0,-1.2947981730491687,0.06907007994091696,-0.12306703093459485,0,0,-1.093792629708465,0.20100554334070356,0.5818097432488246,-0.7765287894989966,8.5,47.5
20251110750,2025,7,Round 7,2025-04-19 09:35:00+00:00,Roosters,Panthers,Allianz Stadium,12,40,-28,52,0,False,110,0.5337336981925301,BlueBet,0.43005181347150256,,False,0.3848039215686275,,46.5,True,0.13514008803942612,0.47482794142428375,-3.0810318194168147,-4.5802533077576015,-2.346953730588794,-227.33504382236129,-63.45944202184762,0.03381097231692731,7.8249726844611445,0.887276322469619,2.030544901421921,-4.906139387449741,-1.0069444444444446,0,0,0,0,0,0,0,0,-37.69522888588858,-3.2797800142863878,-0.4758259868156358,3.421219189350296,-37.36084207413691,1.5695029740271877,-1,0,1,-1,-29.54684665384802,0,1,1,-1,0,-0.33499089823306183,0.14924942193237561,-0.15956921277606803,0,0,-0.20587632886524965,0.12911456936781224,0.2224716005145661,-0.28163975799581836,3.5,46.5
20251110760,2025,7,Round 7,2025-04-20 04:00:00+00:00,Titans,Raiders,Cbus Super Stadium,20,30,-10,50,0,False,102,0.4653648940338107,BlueBet,0.48684210526315796,,False,0.36018957345971564,,51.5,True,-0.13876265306537572,-11.110416147885097,7.4759705951164435,-3.0027247020417036,-1.9717035937120428,-103.66065573145033,-23.921528432865443,-2.031345324202393,-5.93097128007339,1.1782546781848833,0.057298502095376236,6.796145998736833,1.0659722222222232,0,1,0,0,0,0,0,0,-100.1990116861873,-16.45385385786156,-53.183687324904724,-4.901106557322748,-25.660363946098414,-35.07646507353877,1,1,1,3,136.90852279171304,1,1,0,2,1,-1.4010517616356766,0.10644391935841235,-0.23144967301075708,0,0,-0.8142572589838777,0.5867945026517993,1.0120416799327945,-0.05264373348542167,1.5,50.5
20251110770,2025,7,Round 7,2025-04-20 06:05:00+00:00,Knights,Sharks,McDonald Jones Stadium,14,34,-20,48,0,False,105,0.4257223076290645,BlueBet,0.3150684931506849,,False,0.30217391304347824,,42.5,True,-0.299325790261293,-11.715687156666204,-0.45147595525265416,-8.018241804158805,-5.584507286185513,-121.37238685150601,11.567314905224748,-1.265105317575864,5.671487487153016,2.64673269803537,1.8755729598596904,7.59125095635347,-1.0451388888888893,0,0,0,0,0,0,0,0,-27.698773473693677,-13.451340334067396,-16.942932849277554,7.154071013551459,-4.458571303900229,-18.01960187266485,1,1,1,2,65.51051573571263,0,1,0,2,0,-1.708833063683611,-0.01587436930309727,-0.21534098371482593,0,0,-1.5931084528376367,0.11572461084597474,-2.788694694210478,-0.7765287894989966,9.5,42.5
20251110780,2025,7,Round 7,2025-04-21 06:00:00+00:00,Wests Tigers,Eels,CommBank Stadium,22,38,-16,60,0,False,102,0.6411896419361668,BlueBet,0.6506024096385543,,False,0.569620253164557,,47.5,True,0.5805312680230285,6.7925301013837895,-11.776957141731955,5.5358375386959295,4.071419202317571,132.32981018688406,61.40722373934261,-0.21463448930699247,6.740809245846922,-1.34661904694088,0.2761023864674055,-3.6716867641963375,-0.854166666666667,0,0,0,1,0,0,0,0,-14.50576495110954,-21.167164947619852,24.31280379150354,-5.188713260544574,-12.462690534448598,-35.12656936310512,-1,0,1,-2,-79.03483995519164,-2,2,-1,-3,-1,2.5348680984224865,-0.2821361130334249,0.8107635504579229,0,0,1.040404840477651,-1.4944632579448356,0.27737908949237755,0.6216882165778008,-7.5,47.5
20251110810,2025,8,Round 8,2025-04-24 09:50:00+00:00,Broncos,Bulldogs,Suncorp Stadium,42,18,24,60,1,False,103,0.47119809357238907,BlueBet,0.3954659949622167,,False,0.3882063882063882,,40.5,True,-0.115335307296726,-1.072053989594064,14.313572131361544,-6.149240774281068,-7.8643980050231335,-392.19998326099903,-111.2321180585061,-0.8716438113646348,-2.4559240174079164,1.8268133313323638,0.492148751308628,1.6586566459498862,-1.0590277777777777,0,1,0,0,0,1,0,0,-102.36823518406322,-45.90298969507597,-41.75942506966999,-6.816318004745142,-7.889502414572178,-39.816030131066185,1,0,0,0,29.271985259071386,1,1,-1,1,0,-1.7153855164713532,-0.2730748139172996,0.09999324258395692,0,0,0.13146315862565144,1.8468486750970043,-1.0515567975057192,-0.42439311799368307,4.5,42.5
20251110820,2025,8,Round 8,2025-04-25 06:00:00+00:00,Roosters,Dragons,Allianz Stadium,46,18,28,64,1,False,102,0.5998885896542637,BlueBet,0.5,,False,0.5294117647058822,,45.5,True,0.40500091987399944,-6.7227561234036095,8.268525069165577,-0.28347292569722526,-0.436290049204203,-221.6745857311007,-77.51203482283995,-1.6385951939075722,4.028268179205508,0.49475759721572565,1.4458094160461936,4.088297945562491,-1.989583333333333,0,0,0,0,0,1,0,0,-49.819795907639445,-0.019653165677425477,-22.91522823896372,4.826796742240845,-31.711711245239172,-3.340535661411394,0,0,0,1,35.265570124309534,1,0,0,2,0,-1.6303753783475685,0.017899665836893064,-0.20513225344678043,0,0,-0.5881115916076312,1.0422637867399376,-0.15902505896486224,0.0,-1.5,45.5
20251110830,2025,8,Round 8,2025-04-25 08:05:00+00:00,Warriors,Knights,Apollo Projects Stadium,26,12,14,38,1,False,105,0.5756820679470198,BlueBet,0.6547619047619047,,False,0.6971677559912856,,42.5,True,0.3050725289469861,9.103952202695002,0.7158101548951201,10.309394416040007,6.116550911560665,51.252960090209854,18.28407768035197,-0.17153122809470478,-7.552405663021375,-3.6399982915013815,-2.4989485961460547,-5.069981434900903,0.9409722222222223,0,1,1,0,0,-1,0,0,-75.18799070031571,7.1763131016328146,-34.502144187503774,-41.53386238289775,-6.328297231546955,10.850337969473287,-1,-1,-1,-3,-87.94332740715569,-1,1,0,0,0,0.7078523315427288,-0.18077385095613163,0.1565740965812627,0,0,1.1731943205776738,0.4653419890349447,-2.4550238821872172,0.6400373552459965,-9.5,44.5
20251110840,2025,8,Round 8,2025-04-25 10:10:00+00:00,Storm,Rabbitohs,AAMI Park,24,16,8,40,1,False,109,0.766174048633757,BlueBet,0.8088235294117647,,False,0.8092948717948717,,46.5,True,1.1868323204452564,17.724542856774654,0.5358310336500338,-2.0383450763855535,3.3362037281075345,120.82025384037638,28.215616536525204,2.8795562587519297,7.142207934594559,1.8708092315077813,-0.864791054712879,-4.314724089290003,-0.16319444444444464,0,1,0,0,0,0,0,0,37.723017600581215,-11.692062088226976,27.810304108633574,41.495912565499836,-19.891136985325204,-21.738497412257345,-1,-1,-2,-2,-44.12540943296713,0,1,1,1,-1,2.775576281068713,-0.28576055337188555,0.6027155294133577,0,0,2.5494066230699417,-0.22616965799877087,0.4790265577252071,1.4423838277709342,-16.5,48.5
20251110850,2025,8,Round 8,2025-04-26 07:30:00+00:00,Cowboys,Titans,Queensland Country Bank Stadium,50,18,32,68,1,False,103,0.7229798845366668,BlueBet,0.6543504171632897,,False,0.7087794432548179,,49.5,True,0.9592912770021988,3.2899751428548676,-7.472101780894931,-0.2435781151356906,1.420127098031955,192.26811867606511,9.600376155859635,1.6133343401242835,3.8175153848240875,-0.015269322201501012,-1.6326124130367683,-4.24610133837027,7.854166666666667,0,0,0,0,0,0,1,0,4.703847596991409,36.31662570434878,-28.40057563556323,-2.037361055629134,-1.1748414161649805,26.185033871816586,0,0,0,-3,-96.60084811272358,1,-1,-2,-1,-1,0.861942143038334,0.02910983307060988,0.15519350294061693,0,0,0.2565990304267544,-0.6053431126115797,0.6070808827611343,0.6382175185290111,-7.5,49.5
20251110860,2025,8,Round 8,2025-04-26 09:35:00+00:00,Panthers,Sea Eagles,CommBank Stadium,10,26,-16,36,0,False,108,0.6564746133656403,BlueBet,0.695067264573991,,False,0.6313253012048193,,46.5,True,0.647623008622855,2.416556151599714,-2.581421618384013,-0.009102259067674368,0.8123454945759079,49.418550621645636,43.44007125315693,0.27209221411468043,4.102804502484606,1.5452787389480136,-1.573722307287741,1.097643660857237,-1.989583333333334,0,0,0,0,0,0,0,0,72.78474479040881,13.524537246616148,15.29109534483112,-13.928154694656598,57.89726689361815,-2.148061808783382,-1,0,-1,-2,-43.94148312444574,0,0,-1,-2,0,-0.06611608561806598,-0.003757991080309997,-0.0315776386027392,0,0,-0.20457674218662464,-0.13846065656855852,0.7402001481788706,0.8239174117431399,-8.5,46.5
20251110870,2025,8,Round 8,2025-04-27 04:00:00+00:00,Raiders,Dolphins,GIO Stadium,40,28,12,68,1,False,55,0.5942447324466351,BlueBet,0.606060606060606,,False,0.6445497630331753,,49.5,True,0.3815410534229761,0.9862525591710671,2.180556142620258,1.3658846345124402,-0.04345684076606915,-22.864494292332438,35.20122253110003,0.3649923560725652,4.785909803681733,0.44015908142260685,1.8623073731065993,-3.3748738718397284,-1.75,0,1,0,0,0,0,0,0,50.11769590684639,-1.032162052364157,87.27472855756713,-31.430865943491966,-4.694004654864557,9.623790395436998,-1,0,0,-3,-124.29340536072998,-1,0,-2,-3,0,0.1451947935503345,0.15755963692935027,-0.08787745808098488,0,0,0.40767345541017064,0.26247866185983604,0.5909303223100157,0.4307829160924539,-4.5,48.5
20251110880,2025,8,Round 8,2025-04-27 06:05:00+00:00,Wests Tigers,Sharks,Leichhardt Oval,20,18,2,38,1,False,103,0.35260745303831076,BlueBet,0.3333333333333333,,False,0.34894613583138173,,25.5,True,-0.6075974220489896,-2.0374748506201676,8.267893098233497,-3.9321253721582394,-1.5463276820305438,-162.44419782698878,-19.894788919422012,-0.2889156331279654,-1.6740148225146854,-0.0005476644689892396,2.153045595987792,2.1409754491860653,-0.9965277777777777,0,0,0,0,0,0,0,0,-31.97898802142447,-10.556398294512405,7.464644231955191,-19.640732829997376,-9.246501128869937,-0.36494283960436746,1,1,0,-2,-73.85123324144033,-1,0,0,0,0,-1.2540409523622442,0.13477031675295353,-0.12539316541135012,0,0,-0.30558619434003903,0.948454758022205,-0.34732351204848544,-0.6931471805599454,6.5,46.5
20251110910,2025,9,Round 9,2025-05-02 08:00:00+00:00,Sharks,Eels,Suncorp Stadium,28,18,10,46,1,False,109,0.7054710934627331,BlueBet,0.6416464891041161,,False,0.6557377049180328,,46.5,True,0.873488644431393,0.3356457340928607,-11.55149350184838,1.9963311741008312,1.677628729685111,199.0609182393955,50.918583330149886,-0.26200085782796556,5.804012159159516,1.3002932671151655,-0.9716813682725371,-3.5932461047629225,-6.003472222222223,1,1,1,0,0,1,-1,0,54.13061576297946,8.980464524142121,36.513519797108074,24.997690979041863,-16.361059537312613,-6.549830286240137,0,0,-1,1,-7.019182220064408,-1,1,1,3,-1,2.6060154988172104,-0.33175239475923757,0.7885726618118075,0,0,0.6527072506815373,-1.9533082481356732,-0.23154394717082072,0.5825175522221068,-5.5,46.5
20251110920,2025,9,Round 9,2025-05-02 10:05:00+00:00,Roosters,Dolphins,Suncorp Stadium,36,26,10,62,1,False,56,0.539738822630088,BlueBet,0.513157894736842,,False,0.49095607235142114,,48.5,True,0.1592912555101522,-3.1686687985687563,0.33085596743799783,-0.17842529889263403,0.40529254767068323,-12.928867552799602,-14.397878807238385,2.0089115141785694,1.6245408166405824,2.747734174793001,1.2462362714375539,-5.03565782201396,1.916666666666667,1,0,1,1,0,-1,0,0,-1.6125074308367857,6.963900817529662,30.203460850560106,-14.01529374475237,-24.764575354174212,6.546626926307852,-1,0,0,-2,-78.41411458324032,0,0,-1,-2,0,-0.7242973774404383,0.28989828915909516,-0.20675767701363815,0,0,-0.2675528845937204,0.4567444928467179,0.9233118055366877,0.05264373348542167,-1.5,48.5
20251110930,2025,9,Round 9,2025-05-03 05:00:00+00:00,Rabbitohs,Knights,Suncorp Stadium,4,30,-26,34,0,False,107,0.5354789770287554,BlueBet,0.5584415584415584,,False,0.4089775561097257,,44.5,True,0.142154813947532,3.3092793153487765,0.1595224674579505,7.895801802808094,0.916300049323155,-185.18317946899856,-64.06054929813718,-0.4589276395769728,-11.674908917532832,-3.5312139014540964,0.42642624178524624,4.693454184585455,-0.08680555555555536,1,1,1,0,0,0,0,0,-120.55086591576742,-3.7390047883840225,-24.583963499110922,-37.32205063294893,-54.9058469953236,-11.238010020152842,0,0,2,1,43.16997420458718,-1,0,2,-2,1,0.4344762133624278,-0.07634514525837122,-0.15389524912384378,0,0,0.8021303521258079,0.3676541387633804,-3.2259604802760107,0.23483959107740082,-2.5,44.5
20251110940,2025,9,Round 9,2025-05-03 07:30:00+00:00,Warriors,Cowboys,Suncorp Stadium,30,26,4,56,1,False,106,0.44984914253274066,BlueBet,0.48684210526315796,,False,0.42462311557788945,,44.5,True,-0.2012802391778733,-8.709958738347527,0.1083491106477723,4.226544476629641,0.723165838803304,-113.78747499923679,22.760369097320222,-2.7969034328291196,-4.403031492493611,-1.64411366487783,-1.1405020478942474,2.5811650381708056,0.9756944444444446,1,0,1,0,0,0,0,0,-38.41578079374847,-23.374723272506714,16.047379374145294,-29.68564437540749,-1.4027925199796556,-9.97968482534489,0,0,1,1,34.65737924669661,0,1,1,1,0,-0.7192888497731383,-0.08823451794316119,0.07333795055826604,0,0,-0.9446683474851978,-0.22537949771205953,0.019586958852166023,-0.05264373348542167,1.5,47.5
20251110950,2025,9,Round 9,2025-05-03 09:45:00+00:00,Wests Tigers,Dragons,Suncorp Stadium,34,28,6,62,1,False,103,0.44787749682718675,BlueBet,0.5,,False,0.5309278350515463,,44.5,True,-0.20925019725283378,-0.3259157845690197,-3.269377329091192,4.982396525415567,4.0124171445673795,15.83341507890077,18.294029961698243,-1.5277302890832534,4.906947652232553,-1.9253890860961231,0.9194981795383548,8.49156087528609,-2.0034722222222223,1,1,1,0,0,0,0,0,-39.87365448351238,19.41162168020651,20.870152253848744,-21.518454262312844,-58.63697415525478,25.55547916995252,-1,-1,0,-2,-65.34946358055332,-1,0,0,0,0,0.23497482960480953,-0.09515960469584035,0.03701817512903313,0,0,0.007113428236439456,-0.2278614013683701,-0.10976629083204631,0.0,-1.5,46.5
20251110960,2025,9,Round 9,2025-05-04 03:50:00+00:00,Titans,Bulldogs,Suncorp Stadium,18,38,-20,56,0,False,104,0.28626857598833977,BlueBet,0.23664122137404575,,False,0.24854368932038837,,48.5,True,-0.913576287683121,-4.2219317687213405,17.406911125328442,0.772639756931099,-5.465549146262347,-140.48600980143988,-13.58307129409684,-1.2102892412551571,-1.7926882046869643,1.1592844304127166,-0.49665371752621024,8.024524490215256,-1.9027777777777777,0,1,1,0,0,0,0,0,-48.47251686715617,-3.6307302845343656,-2.057239063010087,-24.62556990797529,-18.158977611636345,3.784129617949418,-1,0,0,2,97.938735884831,0,1,0,0,1,-3.1183509345770934,0.1625322132458391,-0.4578222835367154,0,0,-0.6000121562839724,2.5183387782931215,-0.3850867112883798,-1.1711829815029455,12.5,47.5
20251110970,2025,9,Round 9,2025-05-04 06:05:00+00:00,Panthers,Broncos,Suncorp Stadium,32,8,24,40,1,False,107,0.5168423601352494,BlueBet,0.43152454780361754,,False,0.363855421686747,,47.5,True,0.067394938380411,-8.433605562671207,2.2445434400755424,1.553233134301422,1.0773220281459501,213.3636778133507,62.09263367064523,0.3021153286858427,-1.6150767274193925,0.9890122896386444,-1.0994388632818284,6.638202129914916,-1.989583333333333,1,0,1,1,0,0,0,0,-13.431614030183255,19.580230696401316,-3.071302836945449,-9.21127488463327,-20.72926700500578,-1.6725148999768464,1,0,0,2,58.99910973518397,0,1,0,1,0,-1.333312771870054,-0.046300219131710875,-0.08285796108602358,0,0,-1.1236467193892856,0.20966605248076814,0.5356816064759844,-0.2756337339356065,3.5,46.5
20251110980,2025,9,Round 9,2025-05-04 08:25:00+00:00,Storm,Raiders,Suncorp Stadium,18,20,-2,38,0,False,107,0.6293635290768252,BlueBet,0.6341463414634148,,False,0.6428571428571429,,48.5,True,0.5294873179235827,-3.4596712761501642,-0.48567059938385526,-5.2605972678211685,-0.9911523329458305,-7.976306679830259,-16.941428882459377,0.26398792430660745,-4.003445871586315,4.5348806782168545,-0.2755749480220899,5.513886778304077,1.7430555555555562,1,1,1,0,0,0,0,0,-56.8442168328279,-11.505852072898705,-34.298031067492616,13.58078077840247,-24.621114470839117,-29.222348891012274,0,0,0,1,57.934333690188566,0,0,1,1,0,0.66334888199724,-0.2536813460755132,0.464719936495492,0,0,0.344362393952901,-0.31898648804433866,2.1107416589728603,0.5500463369192725,-5.5,47.5
20251111010,2025,10,Round 10,2025-05-08 09:50:00+00:00,Eels,Dolphins,CommBank Stadium,16,20,-4,36,0,False,57,0.4722015431425477,BlueBet,0.5263157894736842,,False,0.544987146529563,,49.5,True,-0.11130860770787841,-6.674536464336281,1.5519096065684579,1.5848440669624608,-0.5822800618322077,0.3978900813660857,-7.726827195767328,0.861207011800067,1.3184762637286944,0.6309503150345215,3.0579220076091014,-3.2859513130099387,0.08680555555555625,0,1,0,0,0,-1,0,0,-9.948573143462113,6.190018824891268,20.61492668407081,-9.612973231637682,-27.140545420786523,18.507983275876967,-1,0,0,1,-7.546782448347642,-1,0,0,-1,0,-1.8507370526753564,0.1798633701595438,-0.46654580797942574,0,0,-1.0332000659030804,0.8175369867722759,1.1172624704871397,0.10536051565782614,-1.5,49.5
20251111020,2025,10,Round 10,2025-05-09 08:00:00+00:00,Knights,Titans,McDonald Jones Stadium,20,24,-4,44,0,False,105,0.646060327802741,BlueBet,0.6218905472636816,,False,0.6494117647058822,,47.5,True,0.6017664050246945,-2.085673108942178,-17.487868969838352,-9.099903195864385,0.4877593677530285,312.7105579525123,96.15347714885513,2.7904085521725626,12.206978039976736,4.634168284934143,-1.3522278999707442,-5.001269821443998,0.9513888888888893,0,1,0,0,0,-1,0,0,121.23281092381899,0.5651523752295589,-1.614359501723726,49.08848462374901,73.1935334265641,-3.229335480968871,-1,-1,0,-2,-65.77051180124532,0,-1,0,-2,-1,1.4741732056771757,0.23701297936576438,0.15516434671274396,0,0,-0.9595487633082364,-2.4337219689854117,-1.4944792851174415,0.49758039701597023,-5.5,47.5
20251111030,2025,10,Round 10,2025-05-09 10:00:00+00:00,Rabbitohs,Broncos,Accor Stadium,22,14,8,36,1,False,108,0.45024003543817,BlueBet,0.28571428571428575,,False,0.2605210420841684,,48.5,True,-0.19970090225913742,-11.659989152374589,1.797556998804204,1.7394125989906826,-1.1982359030080616,100.51827136189263,23.567277776088986,-1.5898260507867992,-11.057670915992546,0.4976812488166438,-1.3677723986166521,14.706135024867802,1.0451388888888884,0,1,0,0,0,-1,0,0,-63.13438755492621,-9.2188290618937,-30.29415291307646,-23.580443922540482,-0.04096165741555069,-25.296118658403316,3,1,0,2,93.56816865032397,0,0,-1,1,0,-1.9545948650699807,0.2976071653758243,-0.5307824594458177,0,0,-1.7444680863759585,0.21012677869402227,-0.7650502951817075,-0.9162907318741548,9.5,48.5
20251111040,2025,10,Round 10,2025-05-10 05:00:00+00:00,Raiders,Bulldogs,GIO Stadium,20,32,-12,52,0,False,105,0.5197416128519364,BlueBet,0.5,,False,0.5597964376590331,,44.5,True,0.07900752409350831,1.8379846505799122,3.761507000921032,4.42168317260446,-1.5352670309628849,-58.365861326301456,38.86396089520247,0.2664644356203665,7.9479965010520885,-1.3039567035626654,-0.09575065176630648,-4.056879736849467,-0.19097222222222143,0,1,0,0,0,1,0,0,41.850293481471795,-1.9423431965549867,62.34623363948302,-17.50594188581917,-1.0476550756370244,-1.0146642907556895,-1,0,0,-3,-104.64321489270381,0,0,0,0,0,-0.5831081888753107,0.14104764186729057,-0.23638046892012216,0,0,0.41687667922589083,0.9999848681012019,-0.17235866230304442,0.0,1.5,46.5
20251111050,2025,10,Round 10,2025-05-10 07:30:00+00:00,Dragons,Warriors,WIN Stadium,14,15,-1,29,0,False,104,0.47381012910402487,BlueBet,0.47368421052631576,,False,0.4678663239074551,,47.5,True,-0.10485544895399171,-0.06250575080894905,6.947657303551431,-6.071932612657903,-1.3585496895751632,-8.083501380181133,-20.429310083759788,2.8801452321911363,1.7014002518879536,1.5562174885416837,1.2314148969506258,-8.039129239866053,-0.09375,0,1,0,0,0,0,0,0,9.518901122182456,-34.89730161029598,16.559105055070745,5.94744084359786,21.909656833809947,-28.198017984894506,0,0,1,-1,-23.16857964516531,0,-1,-1,-2,0,-0.49735219623060983,0.0477921789377294,-0.025207626932216922,0,0,0.15288186902754644,0.6502340652581564,0.06936661561731391,-0.10536051565782652,2.5,47.5
20251111060,2025,10,Round 10,2025-05-10 09:35:00+00:00,Cowboys,Panthers,Queensland Country Bank Stadium,30,30,0,60,0,True,108,0.5248639059300559,BlueBet,0.41025641025641024,,False,0.38916256157635476,,49.5,True,0.09953772535780286,5.152230838764666,4.368184105662035,-3.789371463863816,0.22678849943034152,126.59109146752962,25.26862615496259,1.2487815069242432,4.584073129621128,1.263417522219303,0.12200920393493409,-9.532605448928404,0.9409722222222223,0,1,0,0,0,0,0,0,-31.96636623336508,17.011758858334588,-27.155572541935953,-8.984381771580274,-12.838170778183496,2.838361097454367,-1,0,0,-1,-10.070392113443873,0,-1,1,-2,0,-0.3454927561533574,-0.22514350606018563,0.07307752175513958,0,0,0.38249931601194237,0.7279920721653,0.36304994954315595,-0.3629054936893685,3.5,49.5
20251111070,2025,10,Round 10,2025-05-11 04:00:00+00:00,Storm,Wests Tigers,AAMI Park,64,0,64,64,1,False,105,0.7812221125301847,BlueBet,0.7769652650822669,,False,0.8055555555555556,,52.5,True,1.2728025017637048,0.6899872783418957,-3.3657794495087217,-1.3714205016666057,-1.4143641455243454,-13.14912036313126,0.8349875798842277,2.01139109237796,5.951668319512251,1.9451359714113785,0.7603487910997941,-4.574183015934956,-0.9444444444444446,0,1,0,0,0,0,0,0,27.357234107448676,-5.120768850299015,-11.287869965551067,25.792203743162233,17.97366918013647,-14.72835139770757,0,0,-1,0,-7.842908798171834,0,0,0,1,0,1.5266737716651835,-0.19269259492232305,0.2777789119905868,0,0,0.9761660415364242,-0.5505077301287598,0.8761235733721211,1.2480681241911604,-14.5,50.5
20251111080,2025,10,Round 10,2025-05-11 06:05:00+00:00,Sea Eagles,Sharks,4 Pines Park,14,30,-16,44,0,False,109,0.5114608537795124,BlueBet,0.5714285714285715,,False,0.5685279187817259,,48.5,True,0.04585144643159307,-0.769614344397894,2.099015565235085,-0.2593821022365006,-0.8687421700495008,-103.21648774204004,-15.514590883848882,0.7947677217894169,-5.699871792042902,-1.995547414820681,0.5056323374486578,-1.6895643607407642,5.079861111111111,0,0,0,0,0,0,1,0,-39.07614602116746,-10.087643258190809,-40.00057236544464,-8.196449482801881,19.208519085269913,3.5201144668824327,0,0,0,-1,-22.444495060040673,1,1,0,1,0,-0.3487373637400416,0.11297810225486915,-0.050435398137400514,0,0,0.35261804340104347,0.7013554071410845,-0.5596482704979554,0.2876820724517812,-2.5,48.5
20251111110,2025,11,Round 11,2025-05-16 08:00:00+00:00,Knights,Eels,McDonald Jones Stadium,6,28,-22,34,0,False,109,0.6268891081135246,BlueBet,0.5670103092783505,,False,0.4896907216494846,,45.5,True,0.5188939911856882,-2.243706142712462,-6.8091428620563015,-5.2219472883489,-2.599426014161459,84.31232114163595,77.37644164731319,-0.44549848993093377,5.0056620468309205,3.364875963551931,-1.5543842466562054,-0.7635129656866582,-0.9236111111111107,0,0,0,0,0,0,0,0,5.118497352575787,-22.338763395709123,24.01303054446271,7.035414491454617,-3.5911842876324727,-27.483069107212373,1,1,0,2,101.18585941229999,1,0,-1,0,0,0.9951792573032656,0.10257771559706497,-0.06675089632320991,0,0,-0.4063348411923665,-1.4015140984956318,-1.7173201994790366,0.2696635669491026,-2.5,46.5
20251111120,2025,11,Round 11,2025-05-16 10:00:00+00:00,Bulldogs,Roosters,Accor Stadium,24,20,4,44,1,False,106,0.6542707505816696,BlueBet,0.6935123042505593,,False,0.6380952380952382,,44.5,True,0.6378653049011945,0.12770686871703063,-6.976930731843197,0.30743913704662873,1.2531559515425172,33.729166450088314,-36.902928492066735,-0.5870726263473269,-5.100271178442938,-2.58329176201595,0.10146952573535728,7.816546626040193,-7.7881944444444455,0,0,0,0,0,0,-1,0,-35.31002209760095,-13.980713834021515,-23.743527301102233,12.38450008257891,-9.970281045056112,-9.356641251773738,0,0,1,0,43.22941629138512,0,0,0,-1,0,1.963834099867872,-0.3057066660064889,0.47924604256700454,0,0,0.2854517756956149,-1.678382324172257,0.31973588414681337,0.8165913716510672,-8.5,43.5
20251111130,2025,11,Round 11,2025-05-17 05:00:00+00:00,Dolphins,Warriors,Suncorp Stadium,12,16,-4,28,0,False,58,0.5157722209841307,BlueBet,0.48684210526315796,,False,0.47557840616966585,,48.5,True,0.0631098220081998,4.2240775958480725,4.705078363598105,-3.836248333840018,-1.8376301047778583,5.640731099731738,-10.53806569128119,0.2485471360557785,1.8253117819275104,-0.512348385551304,0.4149605809245065,6.835832939593502,1.9027777777777777,0,1,0,0,0,0,0,0,-16.501970770310663,-17.527698906592917,-36.22657229120989,21.369563328128976,15.882737099363212,-10.345204162054841,0,0,-1,-4,-105.80778751487136,-1,-1,-1,-2,0,0.11213562795157903,-0.03413799337075783,0.06579146009821164,0,0,0.6328644090843767,0.5207287811327975,-0.5065484003719785,-0.05264373348542167,1.5,48.5
20251111140,2025,11,Round 11,2025-05-17 07:30:00+00:00,Cowboys,Sea Eagles,Queensland Country Bank Stadium,6,24,-18,30,0,False,109,0.5972782433784077,BlueBet,0.5468749999999999,,False,0.5487179487179488,,51.5,True,0.3941371808560013,8.508638800316476,1.9540283459302898,-0.8568753403165204,0.7920365109747962,194.49834720883177,27.996755938216097,1.9660139168175927,9.813960194079627,2.6828873332366516,-2.6990384722071994,0.5814134939999178,0.854166666666667,0,1,0,0,0,0,0,0,47.13871975622271,44.55218355159863,2.07113433702483,11.244523951035006,-10.729122083435755,14.119356411646493,0,1,0,0,39.79128833445503,0,1,-1,0,0,-0.12227367236359027,-0.20350487863984384,0.15758756747036454,0,0,0.3636560848729856,0.48592975723657583,1.210078172629205,0.18805223150293926,-2.5,50.5
20251111150,2025,11,Round 11,2025-05-17 09:35:00+00:00,Sharks,Storm,Sharks Stadium,31,26,5,57,1,False,112,0.5270648855354959,BlueBet,0.40506329113924056,,False,0.35377358490566035,,46.5,True,0.10836546306056818,-10.980648766373882,1.641776466036296,4.109369371510496,1.1481346236363947,-36.36425884157211,10.053284716781718,-2.63754041834287,-6.200894709813895,-2.263818819058786,0.293247366420049,-0.9940148461929823,-0.08680555555555625,0,1,0,0,0,0,0,0,-49.76583921860538,-38.11309723866759,-0.647853934100965,9.269633071197433,-20.27452111703427,-39.477537294852056,-1,0,0,0,1.505961083557736,0,0,0,-1,0,-1.0898131134367977,-0.0862745437632284,-0.04954227758443615,0,0,-1.5219575185775596,-0.43214440514076236,0.2757786255891417,-0.3844116989103319,3.5,46.5
20251111160,2025,11,Round 11,2025-05-18 04:00:00+00:00,Broncos,Dragons,Suncorp Stadium,26,30,-4,56,0,False,105,0.6461974568781745,BlueBet,0.7319587628865979,,False,0.744047619047619,,50.5,True,0.6023661481591447,-0.6030871541424858,-1.5689135324602859,3.278595967448652,0.9918254077823931,-103.86062700836783,-20.136757789617036,-1.1457700666419672,3.560431370306272,-1.7206059386868358,1.074054678538925,2.0107456103196526,0.895833333333333,0,1,0,0,0,0,0,0,0.1510144153321562,-2.2806501881693464,35.670423614827484,-7.337744384612478,-25.901014626713533,4.9235411729563054,1,0,-1,0,-30.340422292703437,-1,0,0,0,0,0.7494354877055978,-0.14055486704413567,0.07993836780697827,0,0,0.45195909112023147,-0.2974763965853663,0.04296570444851003,1.004583339019833,-10.5,50.5
20251111170,2025,11,Round 11,2025-05-18 06:05:00+00:00,Raiders,Titans,GIO Stadium,40,24,16,64,1,False,106,0.7184559628477748,BlueBet,0.7032967032967032,,False,0.7420634920634921,,48.5,True,0.9368155404106098,6.405668509965928,-6.847347614305612,2.4784268799567,2.304171072915473,15.415206094192854,16.975824769071664,0.8894589036345257,11.53055270722443,0.8036613186732389,-0.5905087729319485,-7.3592633274512735,-0.875,0,1,0,0,0,0,0,0,-17.964408971140415,-12.171659644180721,25.80968004911631,-12.110490769900409,-19.49193860617555,-14.783571481608902,-1,0,0,-3,-48.80705297677198,1,-1,-1,-1,0,2.5228369803960007,-0.14683440012394233,0.3309013973020566,0,0,1.2242299626733002,-1.2986070177227005,1.5056923614155733,0.8630462173553426,-9.5,48.5
20251111180,2025,11,Round 11,2025-05-18 08:15:00+00:00,Wests Tigers,Rabbitohs,Campbelltown Sports Stadium,12,22,-10,34,0,False,106,0.5493628593465679,BlueBet,0.5,,False,0.5,,46.5,True,0.19809671968043457,3.7041427810585077,13.678119079696472,-2.427974086413627,0.19692327016591094,-52.83945708742249,-16.546996763865877,0.03251811869210197,2.1067558412356284,-0.6784465278638905,-0.19937124098705272,2.266280838900329,-1.7500000000000009,0,0,0,0,0,0,0,0,-3.860234758747538,5.5882674898292635,5.633528278866976,11.396644756395162,-26.47867528383891,2.500994507145947,0,0,0,-2,-102.37023835012403,0,0,0,0,0,0.15835450115452976,-0.3262960631949017,0.3244153815345831,0,0,1.0746661638279498,0.9163116626734203,-0.6996061470242793,0.0,1.5,46.5
20251111210,2025,12,Round 12,2025-05-22 09:50:00+00:00,Bulldogs,Dolphins,Accor Stadium,8,44,-36,52,0,False,59,0.729072277775776,BlueBet,0.7769652650822669,,False,0.6628175519630486,,41.5,True,0.9899207959156026,5.571377198051447,-3.2657219854188284,-0.029522694656478166,1.7407503487924814,-6.861361436063362,-46.944434824941936,1.8091217363225338,0.11949100937620827,-1.7057699342967965,-0.9882396265700324,0.08179154841347724,0.7916666666666661,0,1,0,0,0,0,0,1,-41.44951673744458,0.6133424696656107,32.04703770497537,-36.90253317830627,-37.207363733779346,3.563433388388944,-1,0,1,5,198.55523631231026,1,1,1,3,1,1.4367199794580345,-0.4524773503911541,0.8541992727732696,0,1,0.478941569032239,-0.9577784104257955,-0.629701201118059,1.2480681241911604,-10.5,41.5
20251111220,2025,12,Round 12,2025-05-23 10:00:00+00:00,Eels,Sea Eagles,CommBank Stadium,30,10,20,40,1,False,111,0.4084557436689925,BlueBet,0.3567961165048544,,False,0.35308056872037913,,43.5,True,-0.3703529313290083,0.3636349664956988,2.5557112647664937,3.4864445222413423,1.0271903456210651,135.24277135548869,17.56335419360005,0.7978593466919754,8.594682343185333,-0.18459434634337413,-0.8601326181325017,3.0636429336005833,0.9791666666666661,0,0,0,0,0,0,0,1,51.871678492751926,17.694753557791188,9.652438929020974,-3.8117022511214316,28.336188257061053,10.231956406899826,-1,0,1,-2,-57.94247676860894,0,0,0,-1,0,-1.9229070223380247,0.01766700745225136,-0.2852695306377824,0,0,-0.9046380975450166,1.0182689247930081,-0.42762452146987207,-0.5892972392074859,5.5,46.5
20251111230,2025,12,Round 12,2025-05-24 07:30:00+00:00,Panthers,Knights,Carrington Park,6,25,-19,31,0,False,110,0.7074259096028706,BlueBet,0.7048458149779735,,False,0.6289156626506023,,42.5,True,0.8829149675245911,11.46078930147666,-0.21879494142599398,7.47635228027184,5.976898751438853,22.065683886508168,0.8004379435803912,0.14429417166783054,1.9955898473015452,-2.2329997315042114,1.1578260642543743,-3.360243125436199,5.934027777777778,0,0,1,0,0,0,1,1,-68.04880346941127,-11.249540795466118,-39.160736037243225,6.1509864927997455,-23.78951312950177,-23.386891088444628,1,0,0,2,113.78829605030472,1,1,2,2,0,1.3739022784990902,-0.5098095895964125,0.7890889658711502,0,3,1.5929330429423731,0.21903076444328284,-1.7710640030981384,0.8704811958428605,-8.5,43.5
20251111240,2025,12,Round 12,2025-05-24 09:35:00+00:00,Roosters,Sharks,Industree Group Stadium,42,16,26,58,1,False,113,0.3891575232639271,BlueBet,0.3703703703703704,,False,0.261569416498994,,44.5,True,-0.4508549079424846,-1.3067569662005454,5.287340801412519,-5.744425601529528,-0.7223044282277016,10.975690096195422,-11.893153998274556,1.5230333212163512,6.4499037576883325,2.8188758912818344,-1.2230390845953636,2.131772071714522,0.9826388888888893,0,0,1,0,0,0,0,1,-45.325039884412604,9.0439058593455,-61.37487939510632,-12.39453756155936,19.400471212907533,5.566430120230109,1,0,2,3,146.84262262304884,2,0,2,1,0,-1.7741202467646924,0.05178049988839881,-0.2275673357546556,0,4,-0.3821372877469016,1.3919829590177908,0.18176218694684254,-0.5306282510621702,8.5,44.5
20251111250,2025,12,Round 12,2025-05-25 06:05:00+00:00,Warriors,Raiders,Go Media Stadium,10,16,-6,26,0,False,109,0.575696511812801,BlueBet,0.5769230769230769,,False,0.5347043701799487,,45.5,True,0.30513165941279147,-10.505914588238795,-6.748878376804836,2.432106620560347,-2.9509803601945706,-66.0014764278767,-7.846722791082925,-2.4491372598421552,-9.723283354146922,-1.140533921144792,0.16926301354554152,5.635919482922528,1.0451388888888893,0,1,0,0,0,0,0,1,-32.04466682021484,-1.7128440588026876,-31.689229726778024,-18.610369641856863,19.96777660722283,-14.111310116199661,0,0,-1,0,-33.12980744632564,1,1,0,3,0,-0.9097536466631849,0.047704181425184816,-0.09688514340810853,0,0,-1.5762494350424847,-0.6664957883793002,-0.06356610057275286,0.3101549283038393,-2.5,43.5
20251111310,2025,13,Round 13,2025-05-30 10:00:00+00:00,Dragons,Knights,Jubilee Stadium,20,6,14,26,1,False,106,0.6002829448149806,BlueBet,0.6296296296296295,,False,0.7006507592190889,,44.5,True,0.406644183979417,6.355249058194147,7.726563046046525,2.4206884981166326,0.6200516492057915,-170.0189899633358,-114.69961007054599,-0.11573958513069904,-6.861520647838873,-1.3561603948836378,1.0144427038207393,-9.964045208453491,6.145833333333333,0,0,0,0,0,0,1,1,4.951967841101919,-3.994901118534443,-31.48880436648966,9.583721850528889,30.851951475597062,-3.9172157541707975,0,0,1,-3,-132.93328806758518,0,1,-1,-1,-1,0.2473435190436879,-0.16048438453206515,0.3676455448266529,1,-1,1.3330077151771753,1.0856641961334876,-1.787432485753889,0.5306282510621699,-5.5,44.5
20251111320,2025,13,Round 13,2025-05-31 05:00:00+00:00,Titans,Storm,Cbus Super Stadium,16,28,-12,44,0,False,107,0.2820688305929106,BlueBet,0.26229508196721313,,False,0.21043478260869564,,49.5,True,-0.9342225788453027,-12.574139578492368,13.878451867136615,3.977726160024062,-3.8443961260818256,-172.51220745801288,-43.735855563017935,-1.5245362155358162,-8.415611309975795,-3.4336941919884865,-0.8538731257402654,8.518319731596364,-0.8541666666666679,0,1,0,0,0,0,0,1,22.097080154176183,-9.751494115255355,9.549364411220864,-0.7772111955325158,23.07642105374316,1.6814271661635587,0,1,0,2,28.501878769152583,0,0,2,1,0,-3.944311924039134,0.2200980972828841,-0.543422170387136,1,-1,-2.023348951181733,1.9209629728574011,2.5013802793468853,-1.0340737675305383,10.5,50.5
20251111330,2025,13,Round 13,2025-05-31 07:30:00+00:00,Cowboys,Wests Tigers,Queensland Country Bank Stadium,32,28,4,60,1,False,107,0.6981426725114861,BlueBet,0.6744186046511629,,False,0.695364238410596,,50.5,True,0.8384690035420288,6.275285194624299,-7.30236589159205,-2.8353627348120085,0.7515986086131718,88.52148755560847,-42.06609509539169,1.7275620979755044,1.2398409211435606,2.681777794101892,-0.6643502140579387,-8.021116974360211,1.03125,0,1,0,0,0,0,0,1,13.805852306326415,13.997263002499267,-24.006860630150925,0.45138105936163697,23.364068874616393,-14.279983503684292,-1,0,0,0,35.878957296810825,1,1,0,2,0,0.7091582192438451,-0.22921473324674785,0.274484001595787,4,0,0.4688410419585927,-0.24031717728525248,0.9058320394307839,0.7282385003712157,-7.5,50.5
20251111340,2025,13,Round 13,2025-05-31 09:35:00+00:00,Sea Eagles,Broncos,4 Pines Park,34,6,28,40,1,False,110,0.6058892562008263,BlueBet,0.5714285714285715,,False,0.4387755102040816,,47.5,True,0.43006527839012304,-3.692524973797223,-3.7328762925630485,1.9011944624868988,1.0191340443639092,33.89280464312901,25.3048771047861,-1.4492739363688303,-5.150122844874993,-0.5099597910906652,0.03397227683600157,0.361682455493451,-5.25,0,1,0,0,0,0,-1,1,-7.367698465213607,6.786739211976709,-35.61874033372794,-1.8969179207666969,23.361220577304394,7.548877312920808,1,1,0,3,92.48842020583936,2,2,-1,4,0,0.06794665722618223,-0.03906254220935748,0.05782779983634912,-1,0,-0.29376033915290506,-0.36170699637908715,0.25803619496661495,0.2876820724517812,-2.5,47.5
20251111350,2025,13,Round 13,2025-06-01 04:00:00+00:00,Rabbitohs,Warriors,Accor Stadium,30,36,-6,66,0,False,110,0.4902087411927652,BlueBet,0.46052631578947373,,False,0.42676767676767674,,45.5,True,-0.039170042651700196,-0.4377728315252938,2.3736944540023224,0.7547249160044771,0.17117734406546248,7.3406726421778785,22.313889478124793,0.02493436335875998,-0.799003946890906,-0.04535316720415494,-0.050792468388552336,6.660206643405502,6.909722222222221,0,1,0,0,0,0,1,1,-25.154634950781883,-14.13515298881785,-0.10518947781886823,-0.9237139521581099,-9.99057853198704,5.646691740035493,0,0,0,0,18.36641139893601,-2,-1,1,-2,0,-0.7335640691182842,0.25088335924526817,-0.22651475563444212,0,0,-0.35436714930767654,0.3791969198106075,-3.0064946372548347,-0.15822400521489402,1.5,45.5
20251111360,2025,13,Round 13,2025-06-01 06:05:00+00:00,Panthers,Eels,CommBank Stadium,18,10,8,28,1,False,113,0.6970162904833053,BlueBet,0.5897435897435896,,False,0.6210268948655256,,45.5,True,0.8331297426806131,-4.305408735023029,5.145175622422094,-1.5280888244736417,0.045016447884144384,-48.814143580231075,26.37604835118657,-1.7976972702020264,-1.5308735545647565,0.48912058135001857,0.48294502209179413,9.863340131991158,-0.895833333333333,0,0,0,1,0,0,0,1,-17.492160774855847,9.989214052172883,2.4802282605790253,-13.700020214793653,-16.261582872814046,8.282757131738293,1,0,-1,3,124.02314022443197,3,0,0,4,0,0.5545223623257145,-0.16534438489005865,0.23465142322095317,3,0,0.3983770491657388,-0.15614531315997587,-0.3821034785646061,0.362905493689368,-4.5,45.5
20251111370,2025,13,Round 13,2025-06-01 08:15:00+00:00,Roosters,Raiders,Allianz Stadium,24,26,-2,50,0,False,111,0.5766258767577029,BlueBet,0.5,,False,0.6078431372549019,,47.5,True,0.3089374221173415,4.3612338677901725,2.153861524657234,-5.45921937480675,-1.3801571797363863,0.15489369394208552,-47.80752952124976,0.8263255252426722,-1.7753705726064055,3.3500601932889893,-0.9964674505332329,1.175551917052914,0.854166666666667,0,1,0,0,0,0,0,1,30.9506633560477,34.13152126694371,-67.23635096960248,20.621750452518143,43.433742606188375,31.90775784577653,-2,-1,0,-1,-81.795642420328,1,1,2,3,-1,-0.5463938536978211,0.24454460443165477,-0.26068798654041014,4,0,-0.06997332418695967,0.4764205295108615,1.5607285356448974,0.0,1.5,46.5
20251111410,2025,14,Round 14,2025-06-05 09:50:00+00:00,Knights,Sea Eagles,McDonald Jones Stadium,26,22,4,48,1,False,112,0.4260385673404019,BlueBet,0.3844221105527638,,False,0.311804008908686,,43.5,True,-0.2980323277393183,-8.777921716333267,1.131506162032359,-6.841444955251845,-4.411574172846919,36.46800329421285,20.412950990653485,-0.256740307785047,6.232586489537319,3.63937459135248,0.6215124227253259,9.506409308073678,0.9826388888888884,0,0,0,0,0,0,0,0,2.978732520737708,-4.9710918473856225,16.709832515709167,11.009671608796594,-19.76967975638229,-13.560368570157777,1,1,1,0,38.71756170590136,-1,1,1,0,0,-2.016626079188887,-0.21296287277028425,-0.22984815811348816,0,0,-2.160333899418522,-0.14370782022963513,-2.84152578498049,-0.47082028915229146,5.5,44.5
20251111420,2025,14,Round 14,2025-06-06 08:00:00+00:00,Storm,Cowboys,AAMI Park,38,14,24,52,1,False,111,0.7081215597530127,BlueBet,0.7692307692307693,,False,0.8036303630363036,,50.5,True,0.886278358455151,6.812838300611613,-6.931903171278538,2.050251624841451,1.8398333023301205,-84.5988469286167,23.61098176634539,-1.10737267480103,-2.4425728447263495,-1.6206809420657198,2.5883656015500556,-10.4973738142088,0.10416666666666696,0,1,0,0,0,0,0,0,28.161177656721748,-5.9020078798428415,19.798706656194014,23.323830487193817,-9.059351606823313,2.0997726336995584,1,0,1,1,17.71252308760515,0,1,0,1,0,2.538794165378819,0.17373734866296023,0.1701269014135462,0,0,1.440052909585853,-1.0987412557929659,2.2072954464804306,1.2039728043259361,-14.5,50.5
20251111430,2025,14,Round 14,2025-06-06 10:00:00+00:00,Dolphins,Dragons,Suncorp Stadium,56,6,50,62,1,False,60,0.6207090679966553,BlueBet,0.5897435897435896,,False,0.6509433962264151,,47.5,True,0.4925589413991496,5.507366758380556,-1.7465552458141715,1.2292948051318717,1.3242957517806673,-101.89631016042085,-11.995620220128899,-0.5612898111199138,-1.9278293575763286,-0.950985870376643,0.11280244764711433,6.125836499743791,7.0,0,1,0,0,0,0,1,0,-24.647111390642067,16.2298167374922,-20.90716072701605,-8.811341284935082,-11.158426116183193,8.628243321553896,2,0,-1,-1,-37.97943429447082,-1,-1,1,1,0,0.7755559410137182,-0.0560346770976161,0.055305494589419954,0,0,0.528166599900606,-0.24738934111311228,-0.1338809588907,0.362905493689368,-4.5,47.5
20251111440,2025,14,Round 14,2025-06-07 07:30:00+00:00,Sharks,Warriors,Sharks Stadium,10,40,-30,50,0,False,111,0.6334339771998406,BlueBet,0.6506024096385543,,False,0.6860986547085202,,44.5,True,0.5469771260608861,1.6781502001132615,5.241441488470013,-0.8229614676247223,2.0423558674078706,-17.923689608255927,-13.15779369858194,0.3663379100036632,0.2732602651590774,0.8837726960639518,0.9417719127785809,-4.738704666570662,7.767361111111112,0,1,0,0,0,0,1,0,-23.013626401472493,-23.27600473102973,15.476090174963133,27.957372074056707,-43.17108391946249,-14.268488427479838,-1,0,-2,1,24.057051749147192,0,1,-1,1,0,0.560138860826455,-0.13653541705118213,0.25928540247010035,0,0,0.6801446207806178,0.1200057599541629,-0.8962796214173219,0.6216882165778008,-5.5,44.5
20251111450,2025,14,Round 14,2025-06-07 09:35:00+00:00,Broncos,Titans,Suncorp Stadium,44,14,30,58,1,False,108,0.6810116329319723,BlueBet,0.6744186046511629,,False,0.744047619047619,,50.5,True,0.7584247528872069,-2.263296080759538,-4.3144715453565325,-0.18555818148401215,-0.5656254091033119,4.8316383168130415,-8.435201524433523,1.0936591015634463,6.511349339031703,0.3866794952911281,0.9971336265851516,-6.810733184155318,-0.19097222222222232,0,0,0,0,0,0,0,0,-2.1820788033983263,-19.357691557147803,6.078559465678978,6.185199738887775,4.911853549182581,-2.20346934736682,-1,-1,-2,-3,-82.03705855757178,0,0,-1,0,0,1.461940746824635,-0.12366056189961488,0.38953349737317355,0,0,0.37063268843189556,-1.0913080583927393,1.1937461040842838,0.7282385003712157,-8.5,50.5
20251111460,2025,14,Round 14,2025-06-08 04:00:00+00:00,Raiders,Rabbitohs,GIO Stadium,36,12,24,48,1,False,112,0.704046422070823,BlueBet,0.6744186046511629,,False,0.6852678571428571,,47.5,True,0.8666416837211821,5.754488036925615,-2.9052519687746994,0.3424890290986724,4.485373509440265,103.12476261674874,41.41187628658599,1.1501169138468836,6.633616775405201,0.08368793634214633,1.4193094092849137,-6.44908611412767,-0.17708333333333304,0,1,0,0,0,0,0,0,49.88154667816957,32.37684552404352,8.987488462145564,9.342961245090748,-0.825748553110202,30.06225661704252,1,0,0,-4,-111.407328438185,0,-2,-1,-1,0,1.9562930279782669,-0.12888271827430886,0.21077776584653812,0,0,1.7234880625889202,-0.2328049653893463,-0.0008782947323333103,0.7282385003712157,-8.5,47.5
20251111470,2025,14,Round 14,2025-06-08 06:05:00+00:00,Wests Tigers,Panthers,CommBank Stadium,14,18,-4,32,0,False,108,0.3782017630566725,BlueBet,0.27083333333333337,,False,0.25595238095238093,,46.5,True,-0.4971878442945965,0.25243143487647046,12.889512118506726,-3.215765489661905,0.05891225457308025,-14.133755153594848,-11.233902134865048,0.8012973013455746,2.464280220182129,-0.20148212617361771,-2.227355822343844,3.351597602338778,0.9409722222222223,0,0,0,1,0,0,0,0,-72.6612852197785,-15.203893494851059,-5.0295191244074715,-12.216629714387949,-40.21124288613203,-8.875737884250412,0,0,2,4,91.80707726714809,0,1,0,-1,0,-1.1663141357486608,0.1279571375457304,-0.37540312434072237,0,0,-0.04579954106485748,1.1205145946838033,0.03351732893623999,-0.9903987040278768,10.5,46.5
20251111480,2025,14,Round 14,2025-06-09 06:00:00+00:00,Bulldogs,Eels,Accor Stadium,30,12,18,42,1,False,108,0.7333413772870055,BlueBet,0.6744186046511629,,False,0.6704805491990847,,44.5,True,1.0116420459272937,1.5527316707453132,8.206107150969352,-6.458483005934809,-0.3740475784251842,-209.46670651653812,-85.47298404951778,-1.2808486571822106,-8.161326458362005,1.0852723360221486,0.25309901643544563,6.561430472278381,6.003472222222222,0,0,0,0,0,0,1,0,-11.479453184176464,-22.896533924233864,-19.07569446375544,6.343923296625036,24.148851907187804,-23.18674941680763,0,0,-1,0,-16.019396031003737,2,1,1,4,0,1.6862311035052981,-0.01291789562119372,0.11215574309435992,0,0,0.9377164663693319,-0.7485146371359659,-1.0288977139836608,0.7282385003712157,-8.5,45.5
20251111510,2025,15,Round 15,2025-06-12 09:50:00+00:00,Sharks,Dragons,Sharks Stadium,30,18,12,48,1,False,108,0.694856256471989,BlueBet,0.7203389830508474,,False,0.7783783783783784,,47.5,True,0.8229220431125331,2.242026168972899,-0.11829644734564937,3.640977678802514,3.8683456303847876,39.15969150522028,13.171909512857042,-0.08182639296612582,-0.17669541182348425,-1.1833617710394897,1.7144105367669287,6.970889278730382,-0.895833333333333,0,0,0,0,0,0,0,1,-14.558138757363736,-10.763265670879406,18.73960126209235,18.993873519984092,-41.528347868560786,-9.904556594032726,0,0,-2,-1,-69.9451408297117,-1,-1,0,-1,-1,0.8238505989589333,-0.18346799895953034,0.31175443233332034,0,-1,0.34278898945587505,-0.4810616095030584,0.10262873275023054,0.946143695023836,-10.5,47.5
20251111520,2025,15,Round 15,2025-06-13 10:00:00+00:00,Titans,Sea Eagles,Cbus Super Stadium,28,8,20,36,1,False,109,0.37557186587840763,BlueBet,0.2796610169491525,,False,0.23999999999999996,,50.5,True,-0.5083864054247421,-4.499418629152768,15.843436967378668,-3.7762311267394324,-4.524111465111865,-190.82505014625895,-53.21203825029545,-2.286657553989792,-1.6151868519231591,1.004392090654635,0.3316533907881558,4.8435428583285685,-1.989583333333334,0,1,0,0,0,0,0,1,-67.85479473829639,19.677223998034947,-8.903545500946308,-8.025880692797102,-70.60259254258796,8.649284079284826,0,0,1,3,92.73621980154776,-1,-1,3,-1,0,-3.058552878086357,0.06612938536742674,-0.528758009875409,0,2,-0.8457852975058578,2.2127675805804996,0.8994698529376461,-0.9461436950238364,10.5,50.5
20251111530,2025,15,Round 15,2025-06-14 07:30:00+00:00,Knights,Roosters,McDonald Jones Stadium,8,12,-4,20,0,False,113,0.42648151546285473,BlueBet,0.3703703703703704,,False,0.26938775510204077,,43.5,True,-0.29622114122339355,-11.266767032234942,-4.072470821766107,2.503786149469363,-0.46923706965931444,151.29097169230067,51.906031338582125,-0.3096500029959417,-2.062275562589498,-1.6445542985514283,1.2899753717915532,4.9027194645037895,-4.065972222222221,0,0,0,0,0,0,-1,1,30.423227850526928,-27.551566332955133,34.9437928617001,21.907617927113222,1.1233833946687497,-18.286265522541754,3,0,1,1,31.270371252044384,-1,0,-2,-3,0,-1.0292655773996504,0.1684125535012173,-0.3650991181951684,0,-3,-1.9636584423841756,-0.9343928649845252,-1.0888502386675607,-0.5306282510621702,5.5,43.5
20251111540,2025,15,Round 15,2025-06-14 09:35:00+00:00,Cowboys,Dolphins,Queensland Country Bank Stadium,4,58,-54,62,0,False,61,0.5428757979053201,BlueBet,0.423076923076923,,False,0.35781990521327006,,50.5,True,0.1719254296491966,-13.979166669675337,14.61931362243038,-8.49651516895922,-5.25331164720032,-22.49381915947174,-37.21416677991476,0.3744851561402607,1.6654631254677525,4.032485813306655,-2.1236130575648877,10.525637085780101,0.08333333333333215,0,0,0,0,0,0,0,1,-85.36500058555487,-13.146562502523437,-15.889047863251761,-17.697803102002553,-38.63158711777713,-28.16073993181226,1,1,2,3,151.86216420592413,1,1,2,2,0,-2.256401650322288,0.022488948234474948,-0.3420478211447749,0,3,-1.0808917748292715,1.1755098754930164,1.008030383549519,-0.3101549283038397,3.5,49.5
20251111550,2025,15,Round 15,2025-06-15 06:05:00+00:00,Rabbitohs,Bulldogs,Accor Stadium,18,24,-6,42,0,False,109,0.3867907019356816,BlueBet,0.3380614657210402,,False,0.3140311804008909,,45.5,True,-0.4608225852052591,-6.119644122592451,5.568731970870154,0.2814781574509482,-4.439248895937141,-169.96784229356103,-17.729568145682833,-1.0569563477625659,0.4957034520117425,-0.982078500054584,-0.8054654563016905,3.9486599565618334,1.083333333333333,0,0,0,1,0,0,0,1,-5.1493685608796795,-27.123319757229893,43.31584414569252,-20.740646742072798,-0.6012462072694973,-17.30897446486469,1,1,1,-1,-58.26986108816703,-1,-1,-1,-3,0,-2.226795585354133,0.33734047627868047,-0.651603927583859,0,-2,-1.2301530470742785,0.9966425382798535,-1.1825866284566051,-0.6719449729093424,7.5,46.5
20251111610,2025,16,Round 16,2025-06-20 10:00:00+00:00,Wests Tigers,Raiders,Campbelltown Sports Stadium,12,16,-4,28,0,False,109,0.34673034990637847,BlueBet,0.3,,False,0.2744282744282744,,47.5,True,-0.6334425962097817,-10.912045835027588,9.415602382833416,-4.540543944404902,-3.289507583213201,-48.01311655111181,-20.18158683876618,-1.4802153908337425,-5.853911457200645,2.2935587160734325,-0.26429215859529354,10.825980183159828,-0.08680555555555536,0,1,0,0,0,0,0,1,-72.1380638614462,-19.243020793659838,-32.32833483019601,13.957534579585655,-34.52424281717602,-20.115160831494876,0,0,-1,4,108.71946900647669,1,-1,2,3,0,-2.2614308075072094,0.24801668495007956,-0.4392047590671395,0,0,-1.3936702561674974,0.8677605513397114,0.8013967511893423,-0.8472978603872036,8.5,47.5
20251111620,2025,16,Round 16,2025-06-21 05:00:00+00:00,Warriors,Panthers,Go Media Stadium,18,28,-10,46,0,False,112,0.5788769432455568,BlueBet,0.748502994011976,,False,0.7938671209540034,,44.5,True,0.31816483442897553,8.429848686382936,0.0022421417541735877,1.205706575900166,-0.8167286927457482,-55.40657606146942,-11.133708706211564,-0.5775814565441113,-1.1655105991368053,-1.4945204101131857,-0.8451664413494555,-1.6317196935437437,0.9409722222222232,0,1,0,0,0,0,0,1,53.061323677648375,58.152689838950266,4.614218378770886,-31.166691232037437,21.46110669196463,56.48705545872852,-1,-1,1,-4,-197.77510842945767,0,0,-3,-4,-1,0.8798338753336323,0.3350732203663179,-0.2867552187064429,0,-4,0.4268483110763323,-0.45298556425730013,-1.3437993552452057,1.0906441190189322,-12.5,44.5
20251111630,2025,16,Round 16,2025-06-21 07:30:00+00:00,Dolphins,Knights,HBF Park,20,26,-6,46,0,False,62,0.6683955893554921,BlueBet,0.7048458149779735,,False,0.7654784240150094,,46.5,True,0.7009374736176895,27.574913454783864,-5.66713349055879,5.4685500092205785,5.0007528067415095,82.96143433384623,-6.223570837728403,2.656871238812472,-1.320875272757199,-1.9473544509515062,0.5380343041278053,-8.750682984261005,-0.08680555555555536,1,1,1,0,0,0,0,1,27.336106058145333,30.96191806119691,-45.94434366607484,32.93837593107142,9.38015573195186,14.11937361436108,-1,0,0,-1,-44.01576635557856,-1,-2,2,-4,0,3.3992361960930055,0.003441718064359889,0.2876679767915173,0,0,3.437300485425443,0.038064289332437884,-1.791547222982025,0.8704811958428605,-10.5,47.5
20251111640,2025,16,Round 16,2025-06-21 09:35:00+00:00,Rabbitohs,Storm,Accor Stadium,24,25,-1,49,0,False,116,0.29812474065031935,BlueBet,0.32558139534883723,,False,0.21478873239436622,,48.5,True,-0.8562437032962332,-15.808530357483296,9.125791264100517,2.0359535987513624,-5.175633749999001,-290.5500552523515,-113.58210769615528,-1.562879649646821,-6.476017621293618,-2.138085256767594,-1.941391067274505,9.024169317101652,-7.854166666666667,0,1,0,0,0,0,-1,1,-53.48834638682979,-40.94952617038655,28.779232978753186,2.3484303587684963,-43.66648355396498,-6.700444492774523,2,0,1,1,35.83130798317151,0,-1,0,0,0,-3.932229572336551,-0.06359516505105467,-0.5989713115564275,-3,-1,-2.873898865123212,1.0583307072133408,0.4834718559880947,-0.7282385003712153,7.5,48.5
20251111650,2025,16,Round 16,2025-06-22 04:00:00+00:00,Broncos,Sharks,Suncorp Stadium,34,28,6,62,1,False,112,0.46881176717422984,BlueBet,0.6296296296296295,,False,0.6219512195121951,,49.5,True,-0.12491510728153235,2.131038068903898,-2.714295362046304,-6.377063817773205,-4.291895859571923,-118.9474816450711,-21.556519169724993,1.4059126039718368,1.3356461024971154,1.9850550090609786,0.13879864227157412,-2.1615586174315027,4.243055555555555,0,1,0,0,0,0,1,1,35.826754131375196,-10.974095232505817,4.227701680661369,7.036749464562746,35.536398218656885,-2.707847996627777,0,0,-1,-2,-85.32794981579195,0,0,-1,0,0,0.12422212912423836,0.31323277617043616,-0.08248096555435785,2,0,0.28213692279616687,0.1579147936719283,0.5927789740085522,0.5306282510621699,-4.5,49.5
20251111660,2025,16,Round 16,2025-06-22 06:05:00+00:00,Roosters,Cowboys,Allianz Stadium,42,8,34,50,1,False,113,0.6646709758204217,BlueBet,0.6372549019607844,,False,0.7043478260869566,,49.5,True,0.6841799334629334,7.029324903723477,-18.437754224201406,0.8119707189864727,0.22963913387251011,-2.9594004287243934,28.872239010108842,-0.13175349105841416,5.890027013558445,0.5274033689834887,0.9145640428531472,-6.841000265941773,0.08680555555555536,0,1,0,0,0,0,0,1,85.86767119886076,29.4559734995795,40.09886111880678,22.606298919104887,-6.293462338630434,38.77682157844794,0,-1,0,-1,-25.06512372593501,1,1,0,2,0,1.809828961572366,0.1386738928400031,0.22972566753040496,3,-1,0.6014226641567477,-1.2084062974156182,1.5319400470919124,0.5634693572514129,-5.5,48.5
20251111670,2025,16,Round 16,2025-06-22 08:15:00+00:00,Eels,Titans,CommBank Stadium,36,20,16,56,1,False,110,0.605554930324381,BlueBet,0.47368421052631576,,False,0.43989769820971864,,47.5,True,0.428665387603585,-3.031684065632014,-6.366132594112486,-4.5663817516838066,-1.579417097864905,-39.797698065868644,-44.324288458191404,-0.2416205974304102,0.12429552686630885,2.956056616283661,0.21685719591315156,-5.270696672049347,4.166666666666666,0,1,0,0,0,0,1,1,-37.063716642294594,-39.258146034660456,6.446323691326654,-6.717644990993051,2.4657506920322305,-40.90552730328133,3,1,0,4,141.5012188413704,0,-1,-1,-1,0,0.7918605598065778,-0.11625536672981174,0.04318086551600894,-1,0,-0.3028032424274859,-1.094663802234064,0.4246619903182609,-0.10536051565782652,1.5,48.5
20251111710,2025,17,Round 17,2025-06-26 09:50:00+00:00,Panthers,Bulldogs,CommBank Stadium,8,6,2,14,1,False,110,0.5582420918548123,BlueBet,0.450261780104712,,False,0.47680412371134023,,42.5,True,0.2340307117672323,-2.5011782339892363,-3.069742853110423,-0.002264072946388751,-2.3233662326241173,3.757742544796656,17.780694613889068,0.2024383563604477,3.0754312999788844,0.7965522270113023,-0.12805889246276436,5.920312489359127,-5.954861111111111,0,0,0,0,0,1,-1,0,-18.905477415327482,9.569130636946227,7.5109377011654885,-15.792115289985276,-20.193430463453865,6.77240523364344,1,1,0,2,96.29016676453544,1,0,-1,1,0,-0.8657812697915811,-0.11375826152138852,0.05852766909705492,0,0,-0.5355188466247822,0.3302624231667992,-1.3228445243209435,-0.1996130539040158,2.5,42.5
20251111720,2025,17,Round 17,2025-06-27 08:00:00+00:00,Sea Eagles,Wests Tigers,4 Pines Park,28,10,18,38,1,False,110,0.7005493694238875,BlueBet,0.6140350877192983,,False,0.721174004192872,,48.5,True,0.8499152762118234,2.0852695882389263,-2.5560185569634015,5.518268479737387,0.040170399931774625,29.575799083163247,6.611158449363302,1.3464114225722432,-3.7279905764139016,-2.4305678624131506,0.7461544666279476,-1.8995862190160935,6.999999999999999,0,0,0,0,0,0,1,0,26.8183588031859,43.01935125675482,-39.377642621322394,8.384744243487205,14.791905924266302,53.555465674811614,0,-1,0,-2,-38.666139634799606,1,0,-1,3,0,0.840244751149118,-0.2685066198502699,0.30412573093256606,0,0,0.32844083776995114,-0.5118039133791669,-0.7769194408015918,0.4643056081310979,-5.5,48.5
20251111730,2025,17,Round 17,2025-06-27 10:00:00+00:00,Knights,Raiders,McDonald Jones Stadium,18,22,-4,40,0,False,114,0.3978720089805214,BlueBet,0.29515418502202645,,False,0.3564593301435407,,44.5,True,-0.4143396642888336,-7.307667630225488,1.284403197589171,-6.1931190836551195,-2.50331234594001,99.20490308424314,0.31957520144499085,-0.9588864719211543,2.324141268137126,1.8337041455236847,0.9189132908071951,-4.766997387988987,-0.895833333333333,0,1,0,0,0,0,0,0,59.47284514807541,-7.313008092212186,3.844434490999788,41.432902734589675,21.508516014698102,2.2959671753900466,1,0,-2,2,52.80080194061776,1,0,-1,2,0,-1.925301561533186,0.1709576862349782,-0.3471222254013949,0,0,-2.1423793037820276,-0.21707774224884124,-2.3426215922312608,-0.8704811958428607,9.5,44.5
20251111740,2025,17,Round 17,2025-06-28 05:00:00+00:00,Broncos,Warriors,Suncorp Stadium,26,12,14,38,1,False,113,0.5103470637270059,BlueBet,0.6296296296296295,,False,0.6361445783132531,,48.5,True,0.041394164557344536,2.8445354618955356,4.399447427232765,-3.530729711508215,0.8069821163385029,34.87784982016001,-13.316782887889758,3.8679674769013594,-1.1840707777848536,1.2447764591136146,-0.18378146743635604,-3.896406631870839,-0.958333333333333,0,1,0,0,0,0,0,0,10.852362108597504,-26.084456913629992,32.22521845690511,29.84480597727486,-25.133205411952417,5.477208591601794,0,0,0,0,19.498342835122394,-1,-2,0,-3,0,-0.0016286994627067175,0.30172958857575843,-0.19434932554458734,0,0,0.7200468636972535,0.7216755631599601,0.3261119463715909,0.5306282510621699,-5.5,48.5
20251111750,2025,17,Round 17,2025-06-28 07:30:00+00:00,Dragons,Eels,WIN Stadium,34,20,14,54,1,False,109,0.5805394820060145,BlueBet,0.5798969072164949,,False,0.5714285714285715,,46.5,True,0.3249884079587603,-5.167589767033814,9.18347279187892,2.9513971425521817,-2.0431599894608823,-130.2132629236521,-31.902286638557825,-0.944790131490433,-2.5533480140219247,-2.2986401518749613,-0.2446593211101682,-0.6822011613939694,8.03125,0,0,0,0,0,-1,1,0,17.907041503098753,16.9078904207866,-28.32741664902943,-8.39862090768429,37.72518863902576,14.036695286226148,-1,0,1,-2,-108.66956282544533,1,1,1,2,0,-0.40807422644150204,-0.05414690097945496,0.06190825831337869,0,0,0.10906135390188909,0.5171355803433912,-0.1805857043131579,0.32235020139765796,-2.5,46.5
20251111760,2025,17,Round 17,2025-06-28 09:50:00+00:00,Dolphins,Rabbitohs,Suncorp Stadium,50,28,22,78,1,False,63,0.7106677594866284,BlueBet,0.606060606060606,,False,0.6019900497512438,,48.5,True,0.8986293853980113,16.2309259897516,-10.410087639912192,-1.6652890706860148,5.873432290515488,373.97207734575204,80.94835183009161,3.088742374347172,3.9500547232092806,0.6360484679310154,0.8614514579657806,-5.109632721593776,0.08680555555555536,0,1,0,0,0,0,0,0,34.06500258420681,39.20466832297754,-44.22805477986495,35.51048797658797,3.577901064506335,8.61020872448492,-1,0,1,-1,-7.255230697905603,0,0,0,-1,0,3.29393016069377,-0.17645172291723177,0.7581232686693593,0,0,2.349229473845343,-0.9447006868484271,0.17950956937625057,0.4307829160924539,-4.5,48.5
20251111770,2025,17,Round 17,2025-06-29 04:00:00+00:00,Storm,Sharks,AAMI Park,30,6,24,36,1,False,117,0.6887672541006009,BlueBet,0.7096069868995633,,False,0.7378048780487805,,48.5,True,0.7943624000981011,6.926963814361283,-9.40168025264148,-2.7263082320633885,-0.18070123394115,65.17305021506377,92.32593299000138,-1.0389933756808336,1.6084506546012278,1.2416365584330986,-0.4366139258843518,-6.287153120971084,0.7673611111111107,0,1,0,0,0,0,0,0,24.928255096118164,32.375811964511314,-17.22619983383578,9.921290894280304,-0.1426479288376754,5.4752836492619394,0,0,0,-1,-34.332989669104215,-1,1,-1,-1,0,2.3602608851507574,0.07010737110619611,0.25359846419428916,0,0,1.5687369199933223,-0.791523965157435,1.6270344112604054,0.8934760541079834,-9.5,47.5
20251111780,2025,17,Round 17,2025-06-29 06:05:00+00:00,Titans,Cowboys,Cbus Super Stadium,24,30,-6,54,0,False,111,0.4633239878357759,BlueBet,0.4285714285714286,,False,0.4384615384615385,,51.5,True,-0.14696801601478698,6.286712318399594,-8.707781281927673,10.354039575906413,1.9763042735267433,73.83668441324562,70.65168651339695,-0.21732037699324813,2.147018613964832,-4.710601705247942,0.5310908778711498,-5.424928052971666,-0.09027777777777768,0,0,0,0,0,0,0,0,45.980007588584044,-17.76809364234336,42.94018823027264,9.890966092671732,10.91694690798289,-13.22095716596749,-1,1,-1,-1,-39.00279445544072,-1,1,-1,-2,1,-0.39755241632285676,-0.28263779245459686,0.11041970600291917,0,0,-0.22771139044672056,0.16984102587613625,2.209876836458408,-0.2876820724517808,3.5,51.5
20251111810,2025,18,Round 18,2025-07-04 10:00:00+00:00,Bulldogs,Broncos,Accor Stadium,18,22,-4,40,0,False,111,0.6525350086035804,BlueBet,0.6125,,False,0.6967032967032967,,44.5,True,0.6302008750430376,-8.219667757883546,-4.134606400778296,-3.0303649375835278,2.9692175793600057,202.14119732169934,51.92052667847577,-2.6535646479706223,-3.980813332619821,0.4064593109889305,1.429460686330728,4.897067088295991,1.7986111111111116,0,1,0,0,0,0,0,1,68.81933621108305,18.69772459902117,26.305253112449662,-10.259923218495317,34.07628171810755,6.3204603902698295,0,0,-1,0,-43.27494719158503,1,-1,0,0,1,0.44330764866785477,-0.006076212754675847,0.07419738407640242,0,0,-0.4730537427682321,-0.916361391436087,-0.4569025309186039,0.4578330936254806,-5.5,44.5
20251111820,2025,18,Round 18,2025-07-05 07:30:00+00:00,Raiders,Dragons,GIO Stadium,28,24,4,52,1,False,110,0.7224510781254833,BlueBet,0.7032967032967032,,False,0.7720588235294118,,47.5,True,0.9566524930653353,1.8440939793832989,-10.113165718174134,1.8940732668341695,4.611141055410506,155.53683389926482,81.17127501628477,0.15208382927052888,5.782375093783756,0.04496540450539399,-1.900769294360816,3.504949917518026,0.895833333333333,0,1,0,0,0,0,0,1,50.296032259363415,15.419486955810612,33.87533179817706,18.99839730389644,-17.997183798520638,8.754034906851018,0,0,2,-2,-55.2164034855777,-1,-2,-1,-2,-1,1.89073098947307,-0.18169611368646682,0.40539463996181657,0,1,0.7266282488350807,-1.1641027406379894,0.32536075631164696,0.8630462173553426,-10.5,48.5
20251111830,2025,18,Round 18,2025-07-05 09:35:00+00:00,Cowboys,Storm,Queensland Country Bank Stadium,20,26,-6,46,0,False,115,0.336407410293629,BlueBet,0.25963488843813387,,False,0.3182844243792325,,49.5,True,-0.6793454353687544,-12.091287984780909,19.03194228059155,-8.564922270135526,-5.619268078640147,-231.96159800112582,-101.62184692695052,0.4782757654355567,-6.575384215325478,3.357806651230618,-1.5572579060263347,13.635784983745843,-0.08680555555555625,0,1,0,0,0,0,0,1,5.417583920459833,6.072989789488133,-7.690379918138092,13.759625181781459,-6.72465113267161,24.995466351882442,-1,1,0,-2,-94.90661524832996,2,-2,-2,0,-1,-3.6242605133355212,0.9101938644345138,-1.9009969728307397,0,-1,-1.59618766510971,2.0280728482258112,1.61702362929445,-1.0478670896628743,9.5,47.5
20251111840,2025,18,Round 18,2025-07-06 04:00:00+00:00,Roosters,Wests Tigers,Allianz Stadium,28,30,-2,58,0,False,111,0.7853560884092325,BlueBet,0.7894736842105263,,False,0.7640449438202248,,49.5,True,1.297156800826518,14.581151793638465,-9.714588578405014,-1.4325580700523517,-1.3979257621930117,137.08061557142582,20.80990440138146,1.3876589229777219,4.246687590157201,1.2105822153770784,-0.5225912329417177,-5.1634792024428435,5.079861111111111,0,0,0,0,0,0,1,1,3.9266251467433904,38.49597205822738,-30.73176300695806,17.887251790565983,-21.724835695091826,16.74732486686173,-2,0,1,3,147.27465573400028,2,1,1,1,0,1.8656999573757889,-0.34771463601077923,0.8250560049400447,0,4,1.1617024155963884,-0.7039975417794007,-0.018539343506758288,1.3217558399823195,-12.5,47.5
20251111850,2025,18,Round 18,2025-07-06 06:05:00+00:00,Sea Eagles,Rabbitohs,4 Pines Park,30,12,18,42,1,False,116,0.6841838725283393,BlueBet,0.7032967032967032,,False,0.7202505219206681,,47.5,True,0.7730665318407209,-0.9252810195454231,-14.320396570846157,1.4976754776344876,3.741541153565045,184.97225091713472,87.02953730008983,0.5584539524135614,4.0632937988153515,0.3884694954167305,1.102981237029617,-2.348187248085921,1.0763888888888893,0,0,0,0,0,0,0,1,41.788444631778134,24.52095469256787,-22.23000084595523,3.7600649333494687,35.737425851815956,16.741383416511496,-3,0,-1,-1,-42.71970448486991,-1,-1,-1,-3,-1,1.8216130353421656,-0.17253919234053405,0.4064709184548267,0,-1,0.5156242654077173,-1.3059887699344483,-0.43228930184110437,0.8630462173553426,-9.5,46.5
20251111910,2025,19,Round 19,2025-07-11 10:00:00+00:00,Sharks,Dolphins,Sharks Stadium,24,12,12,36,1,False,64,0.5541991457647862,BlueBet,0.5613577023498694,,False,0.6346153846153846,,48.5,True,0.2176517539085277,-20.843120085854455,9.862593768099298,-1.3712843749500934,-3.7113212904107513,-340.3332261901994,-98.87851584284442,-2.0952902798398236,-2.3397397487964753,1.7088399080907326,0.5237849603880127,0.06700554208630294,-0.7569444444444446,0,1,0,0,0,0,0,1,-27.01444978492077,-4.67752129050578,39.45010138910146,-40.73072797857276,-21.056301904943737,17.806929917613758,-2,0,-2,-2,-125.07053465690382,0,-1,0,-1,0,-2.380395232525424,0.39623741749272623,-0.64570203476119,0,-1,-1.7961367114315967,0.5842585210938269,1.478739568020465,0.24667404872440363,-3.5,46.5
20251111920,2025,19,Round 19,2025-07-12 05:00:00+00:00,Knights,Storm,McDonald Jones Stadium,14,32,-18,46,0,False,116,0.2821612203329856,BlueBet,0.23664122137404575,,False,0.28092243186582805,,45.5,True,-0.9337663920949162,-11.538326565608735,2.3801660093115444,-2.8696086022414846,-3.645635281513705,-14.758594737209023,-28.63498267193802,0.020727256385938198,1.9855893387327086,0.15827143047203052,-0.9732024565414701,8.23594870451588,7.190972222222222,0,1,0,0,0,0,1,1,54.30843471754508,-15.516468889579187,18.51751426103334,42.60366449067821,8.703724855412702,0.4465443692532176,1,0,0,1,29.141947171577158,0,0,-1,-2,-1,-2.6449628036544346,0.5017409062837175,-0.9665480582650159,-3,-1,-2.7468682194501453,-0.10190541579571066,-1.507955541556392,-1.1711829815029455,12.5,46.5
20251111930,2025,19,Round 19,2025-07-12 07:30:00+00:00,Dragons,Roosters,Jubilee Stadium,24,31,-7,55,0,False,111,0.4358480743685674,BlueBet,0.3703703703703704,,False,0.36626506024096384,,47.5,True,-0.25802985756897734,-5.866412492746019,7.536004387194502,-0.2259569392446963,-3.2013099094362616,-135.13013280300356,-71.52387930752911,-1.2134403803107983,-9.520062464768088,-1.2778542460069549,0.37539314581204675,0.7903561280221645,0.854166666666667,0,0,0,0,0,0,0,1,-68.84518839310351,-32.798040426472255,-16.57058450673918,-26.360002203287394,6.883438743395402,-21.559495046246752,-2,-1,0,-2,-68.78512350833974,-2,-1,0,-5,-1,-1.5483036645685158,-0.07527598147944481,-0.21286518509246682,-4,0,-0.8603406046458462,0.6879630599226693,1.1733237643410788,-0.5306282510621702,5.5,47.5
20251111940,2025,19,Round 19,2025-07-12 09:35:00+00:00,Cowboys,Bulldogs,Queensland Country Bank Stadium,8,12,-4,20,0,False,112,0.44042843347601507,BlueBet,0.33255269320843084,,False,0.36714975845410625,,47.5,True,-0.23942346553567248,0.5052243536745848,13.53293674337942,-3.090196821762916,-6.458643497677102,-114.4007751044378,-52.08244420951473,1.2295568077081294,-3.280311266821606,2.916135918228525,-1.9693974415195008,6.358393339341724,-0.9826388888888893,0,1,0,0,0,0,0,1,-64.26119679252133,-8.703744258186134,-30.895303275794106,-8.942042685878931,-15.720106572662132,-6.876283300385154,2,1,-1,1,77.0655202464134,0,-1,1,3,-1,-2.6006638510729605,0.004742109475577849,-0.44036706172574946,3,0,-0.20299700529606085,2.3976668457768997,0.054652274222036,-0.6966621226673901,7.5,48.5
20251111950,2025,19,Round 19,2025-07-13 04:00:00+00:00,Warriors,Wests Tigers,Go Media Stadium,34,14,20,48,1,False,112,0.7353277620461904,BlueBet,0.6900452488687784,,False,0.6674364896073903,,46.5,True,1.0218241120094196,2.170485275349648,-4.090023501019974,1.2410637426698514,-2.9090096233348177,-104.9294629507433,-72.53514397144545,-0.07020186467518696,-1.3854066583399067,-0.38255740784286196,1.353768326408483,-0.4380531372820826,7.0,0,1,0,0,0,0,1,1,-61.85634293833914,-10.338363406731759,0.3690707099557642,-35.78113208574561,-16.105918155817506,-44.08985719019569,0,1,-1,1,52.4206171821299,0,1,0,0,1,1.1282211636117025,-0.14414851942880014,0.2986898224444259,-1,1,0.29171462764056366,-0.8365065359711389,-0.7111129738420103,0.8003308507792872,-9.5,46.5
20251111960,2025,19,Round 19,2025-07-13 06:05:00+00:00,Eels,Panthers,CommBank Stadium,10,32,-22,42,0,False,117,0.3617978501920829,BlueBet,0.252988047808765,,False,0.2918454935622318,,44.5,True,-0.5675694514226076,4.474335884793579,10.234179606824737,-1.895437103167012,-0.7114266055508622,-49.64229915133478,-19.568942198871923,1.0043984980742469,-0.03298793352645646,0.8081214646631558,-0.21651005364738563,-4.993164340897323,0.0,0,0,0,1,0,0,0,1,-59.94353718728871,-3.1727846719462605,-11.623077715881436,4.19315234798097,-49.34082714744207,10.860887341013296,-1,-1,0,0,-22.25047225618465,0,0,1,-1,0,-1.1895698284496492,0.0773117476450283,-0.45684394702454784,-1,-3,-0.05879654937236489,1.1307732790772842,-1.1879150482807723,-1.0827389395118194,11.5,44.5
20251111970,2025,19,Round 19,2025-07-13 08:15:00+00:00,Titans,Broncos,Cbus Super Stadium,14,26,-12,40,0,False,112,0.36245135824857866,BlueBet,0.252988047808765,,False,0.26680244399185343,,50.5,True,-0.5647402937589874,-4.062240712005536,9.657869519303553,2.8671278065087336,0.7786405167386903,64.32079385755605,54.87630193784719,-2.676191977708103,-4.5112841886275845,-2.091492996483531,-1.7456095446129614,5.959478650602698,5.072916666666666,0,0,0,0,0,0,1,1,56.27297882361745,-4.060176285342806,7.088797981253094,3.034798517432506,50.20955861027463,-13.189232803032525,-1,1,-1,-1,-97.86492699770739,-1,-1,2,-1,0,-2.883721601574125,-0.15744329921496503,-0.29863598478100817,-1,-1,-1.0532257989245193,1.8304958026496054,1.6507538939663504,-1.0827389395118194,11.5,49.5
20251112010,2025,20,Round 20,2025-07-17 09:50:00+00:00,Dolphins,Cowboys,Suncorp Stadium,43,24,19,67,1,False,65,0.6685662712958146,BlueBet,0.6155778894472362,,False,0.6541176470588235,,49.5,True,0.7017076497234832,15.999852975540819,-5.7721309421050755,11.006927232877914,3.4847969989325236,178.30205023706003,50.25745219497219,0.8906379700142608,-4.1922675901550335,-5.878306034602474,1.6715446639006535,-2.5139659258943325,0.9826388888888884,0,0,0,0,0,0,0,0,53.056384872682884,29.834314696677097,-11.039707570883593,29.657855187358308,4.603922559531085,17.102414909801382,1,0,1,-1,-21.3681032238963,0,-1,1,1,0,3.0480030480710107,-0.6984452458594996,1.1278017798625295,0,0,1.8425830588659684,-1.2054199892050432,1.4318398854918932,0.47082028915229174,-5.5,48.5
20251112020,2025,20,Round 20,2025-07-18 08:00:00+00:00,Sharks,Roosters,Sharks Stadium,31,18,13,49,1,False,119,0.5522716454657535,BlueBet,0.5798969072164949,,False,0.5271317829457364,,46.5,True,0.2098533395574965,-8.90530240293684,3.122995520386315,2.110826696562654,1.4275175028351939,37.81700517851368,-32.85922930732056,-0.32327852887832087,-3.7223414241844814,-0.6935115113709305,-0.2693436774064999,2.514896525932734,0.8958333333333339,0,0,0,0,0,0,0,0,-58.369563680897045,-3.538844948145936,3.9050807401348777,-40.50089090585311,-18.234908567032917,16.670494722660465,-1,0,1,-3,-127.31543077785285,0,1,0,-1,-1,-0.8650562441153922,0.09740549507280982,-0.2338375395368961,0,0,-0.8995935822498483,-0.03453733813445616,0.8053234639677499,0.32235020139765796,-2.5,46.5
20251112030,2025,20,Round 20,2025-07-18 10:00:00+00:00,Panthers,Rabbitohs,CommBank Stadium,30,10,20,40,1,False,119,0.7897389162545617,BlueBet,0.7749077490774907,,False,0.7749546279491834,,44.5,True,1.3233523906394595,2.5909696622611946,-18.9355695380207,4.812364842775324,3.6762657973092203,243.8753242053342,38.83472561577457,1.3359365774249383,6.133761842341329,-1.0347367159707144,0.6071099495424654,-0.181131409260459,-7.0,0,0,0,0,0,1,-1,0,55.02682254519971,17.4109828742059,12.408538995534968,5.850629336816922,19.356671338641874,-1.4395254180999473,0,0,0,2,120.0508681360323,1,0,-2,1,-1,2.579321157297063,-0.08016637229223311,0.4385226300312001,0,0,0.7075281827736457,-1.8717929745234176,-0.8783228154134645,1.2362336665441571,-12.5,45.5
20251112040,2025,20,Round 20,2025-07-19 05:00:00+00:00,Raiders,Eels,GIO Stadium,40,16,24,56,1,False,116,0.7773890605084174,BlueBet,0.7142857142857143,,False,0.8171875,,48.5,True,1.2505153646226386,6.680684593930003,-7.68110163957391,4.817908018428582,3.02675382046624,172.33586966087682,83.74362162461273,0.565371035453218,-0.9683790217982988,-4.487596217126228,-0.9927226189874032,-1.7628935086064992,7.940972222222223,0,1,0,0,0,-1,1,0,88.03148939162486,39.04301367262855,44.278081334514525,-21.928360317887012,26.638754702368743,19.772824386388237,-1,0,0,-3,-128.66908265534886,2,0,-1,1,0,2.641097563026158,0.0609366919700185,0.2518356530438061,0,0,1.4838323836636689,-1.157265179362489,0.13551160245214366,0.9162907318741551,-11.5,47.5
20251112050,2025,20,Round 20,2025-07-19 07:30:00+00:00,Bulldogs,Dragons,Accor Stadium,20,18,2,38,1,False,112,0.7316009313954626,BlueBet,0.7142857142857143,,False,0.773308957952468,,44.5,True,1.0027602546950822,-6.473506646387744,-12.913112750846626,0.16635527508310588,4.065059573562756,124.84647929691141,55.51534661191306,-0.871649461433659,3.8557215091035317,1.9368505372941858,1.3949826124924467,7.3033231593626375,-0.08680555555555536,0,0,0,0,0,0,0,0,75.4892121980065,18.90410481073178,12.102905205756429,28.147059455506195,16.33514272601208,13.258072886759635,1,1,1,1,-3.6830584141789586,0,0,2,3,-1,1.6201630287956386,-0.05058637769018837,0.4486923622880151,0,0,-0.3110054932539224,-1.931168522049561,-0.7675846178303688,0.9162907318741551,-8.5,44.5
20251112060,2025,20,Round 20,2025-07-19 09:35:00+00:00,Storm,Sea Eagles,AAMI Park,16,18,-2,34,0,False,117,0.7563640799745067,BlueBet,0.7096069868995633,,False,0.7405189620758482,,47.5,True,1.1328478676074798,6.539742637671477,-0.7347439157108031,-0.2299437988160662,1.420581957273889,173.66352326441415,47.37971440549529,-1.2229690539261844,0.3743224984169018,-0.31843655564396833,-0.7355570964768505,-4.515603236360427,-5.954861111111112,0,1,0,0,0,0,-1,0,49.672256735630185,42.99670664214031,43.13398353613675,-34.94018413348334,-1.5182493091634655,24.762280982489813,1,0,0,-1,-38.70906894934373,0,1,0,2,1,2.042702180645508,0.08160221247372101,0.37403905838458973,0,0,1.7595682944463995,-0.2831338861991092,0.3001240182915855,0.8934760541079834,-8.5,47.5
20251112070,2025,20,Round 20,2025-07-20 04:00:00+00:00,Wests Tigers,Titans,Leichhardt Oval,21,20,1,41,1,False,113,0.599610542248765,BlueBet,0.6155778894472362,,False,0.5761421319796954,,49.5,True,0.40384263040808727,-1.904404100994828,-0.39884709174038946,1.5400497852736237,0.7098794526258345,-72.91094038165625,-33.098392226887995,-0.20780883944485318,1.7648827725173426,-1.0832978663255464,1.1103004883206786,-0.7876203018809917,0.17708333333333304,0,1,0,0,0,0,0,0,-33.89297342281793,-13.979500858225691,-14.666759154186025,-9.800961568241235,4.554248157834905,-2.51437991091683,1,0,0,-1,15.401070704016377,0,1,0,1,0,1.1919984221987947,0.36199987020159785,-0.11434710103585606,0,0,0.0850992074634428,-1.1068992147353516,1.1178713143338426,0.47082028915229174,-5.5,47.5
20251112080,2025,20,Round 20,2025-07-20 06:05:00+00:00,Knights,Warriors,McDonald Jones Stadium,15,20,-5,35,0,False,115,0.42292801181079787,BlueBet,0.3627450980392157,,False,0.3325635103926097,,44.5,True,-0.31076504190001053,-7.9559353166032345,2.989056656434528,-1.45874286175534,0.2620655047045801,194.40676399134077,49.210818154658455,-1.2699928668499822,2.8868148647967864,0.8876312918337295,-1.0410880186482423,0.48321481581054826,0.9583333333333339,0,1,0,0,0,0,0,0,53.06395124186008,14.011067759827228,-13.17339818489063,33.252026797674006,18.97425486924962,24.171395921483224,2,0,0,2,67.07752422108639,0,-1,2,1,-1,-1.7784414459960243,-0.2769452325728837,-0.14613470803150239,0,0,-1.5586552122229103,0.21978623377311396,-2.464530964216887,-0.5634693572514127,6.5,44.5
20251112110,2025,21,Round 21,2025-07-24 09:50:00+00:00,Roosters,Storm,Allianz Stadium,30,34,-4,64,0,False,121,0.4238597166761724,BlueBet,0.3658536585365854,,False,0.401496259351621,,46.5,True,-0.30694863488930973,-0.0034808903647700618,7.345891286241773,-2.6444472827579233,-3.270717956583262,-245.86203584280406,-74.09004131284212,-0.12676905557971452,2.389185441347365,1.0976622656792365,0.39219467473720915,7.0965824843606455,1.0659722222222223,0,1,0,0,0,-1,0,0,15.623058699771377,-4.509503494151232,-28.218064009883562,22.524077877096744,25.826548326709457,-2.529940058418987,0,0,1,1,43.95571508623776,0,0,0,0,0,-2.0991950227621388,-0.2405988375714025,0.06315250623873903,0,0,-0.8703000138999364,1.2288950088622022,1.471819770220904,-0.5500463369192716,6.5,46.5
20251112120,2025,21,Round 21,2025-07-25 08:00:00+00:00,Cowboys,Dragons,Queensland Country Bank Stadium,38,32,6,70,1,False,113,0.5825595003114908,BlueBet,0.6125,,False,0.5822784810126582,,48.5,True,0.3332893082623217,-3.468206607789927,5.0686627000990505,-7.743520120738054,0.3022652578116052,38.930763220019344,-13.28620354736563,0.045534470255615744,5.447805533634352,4.99373809716346,-0.8247049918520792,2.9505335522701124,1.9027777777777777,0,1,0,0,0,0,0,0,6.319025477538162,19.594434409463446,-3.483307568865399,10.620864218969132,-20.412965582029045,13.47688960537505,1,0,0,3,102.50741054277583,1,0,0,1,0,-1.3451615509063974,-0.1093491269947312,-0.3241381375314858,0,0,-0.45812042075908876,0.8870411301473087,1.4258517565658402,0.4578330936254806,-4.5,48.5
20251112130,2025,21,Round 21,2025-07-25 10:00:00+00:00,Broncos,Eels,Suncorp Stadium,20,22,-2,42,0,False,116,0.7401352310038506,BlueBet,0.7894736842105263,,False,0.8105939004815409,,50.5,True,1.0466715376412394,7.836968970960346,-11.987485289852259,5.289499610057277,3.053374223502658,46.801676390923376,29.877218336248404,1.8696772060839928,5.469347839878246,-1.7846083501910428,0.3549300315984283,-9.181405370159354,5.864583333333333,0,1,0,0,0,0,1,0,47.75159904344673,8.387682257360353,16.009960938435796,-6.039849039228699,29.393804886879337,5.496029731729095,-1,-1,0,-4,-158.28852649109004,1,0,0,0,0,2.5059377109600978,-0.07133643261223555,0.48738284545455623,0,0,1.3778692094323692,-1.1280685015277285,0.6170665212473547,1.3217558399823195,-13.5,48.5
20251112140,2025,21,Round 21,2025-07-26 05:00:00+00:00,Warriors,Titans,Go Media Stadium,16,24,-8,40,0,False,114,0.7876015112136011,BlueBet,0.7234042553191489,,False,0.7557692307692307,,48.5,True,1.3105280911200285,3.8287344561004524,-8.167555831355369,4.79445583778211,1.1453171481333442,45.32409209945854,-4.649435249535145,0.9586049796438871,2.0639945016246806,-1.8261093983156265,0.7082596990088943,-5.153429367303808,-0.08680555555555625,0,1,0,0,0,1,0,0,37.656179803499754,5.111995906136258,34.74964695146673,-13.559208264101855,11.353745209998678,-3.3574388683533414,0,0,-2,-3,-96.63321943357366,-1,0,-3,-1,1,2.779400734206514,-0.07977548237215837,0.46165181111624676,0,0,0.6670905384076624,-2.1123101957988513,-0.04160160154883519,0.9614111671546244,-9.5,48.5
20251112150,2025,21,Round 21,2025-07-26 07:30:00+00:00,Panthers,Wests Tigers,CommBank Stadium,36,2,34,38,1,False,114,0.811590255784798,BlueBet,0.7619047619047619,,False,0.7938144329896907,,47.5,True,1.4603765200079162,5.616072067186167,-13.799117087607591,2.0969331423710713,-0.34697265956646106,157.85860804821232,1.9604400567935727,1.0383136718504655,2.872686783837615,-0.10685446409277866,0.43173478787746955,4.866809544062598,1.75,0,0,0,1,0,0,0,0,99.86580910215343,55.85400555969528,1.6894778680415357,18.07997883161957,24.242346842797062,40.34526216143664,0,1,0,1,36.67082968005468,1,0,1,3,1,2.4326184975068186,-0.09809152629554552,0.48701679122831465,0,0,0.6208570083741477,-1.811761489132671,-1.5601451704827167,1.1631508098056806,-10.5,47.5
20251112160,2025,21,Round 21,2025-07-26 09:35:00+00:00,Rabbitohs,Sharks,Polytec Stadium,12,14,-2,26,0,False,120,0.2857361590160041,BlueBet,0.22651933701657456,,False,0.19767441860465115,,48.5,True,-0.9161835551571565,-6.936792226514342,9.070866022074775,2.2919413978192864,-3.7746291851094824,-225.03846963537626,-31.62333442059378,-0.6047142793627618,-2.9279952896844783,-1.3893674705750882,-0.8902151612642122,7.8162627414988854,-0.08333333333333215,0,0,1,0,0,0,0,0,-44.30466237178234,-46.4655024603712,-19.023603831789217,1.608555873748088,19.57588804662997,-24.409469176755636,3,1,0,1,52.78534619792808,0,-1,0,-1,1,-2.2071659843371494,0.0963013095913342,-0.33554461415069925,0,0,-1.146611726745437,1.0605542575917122,-0.06070720158089715,-1.2280703559049966,11.5,48.5
20251112170,2025,21,Round 21,2025-07-27 04:00:00+00:00,Raiders,Knights,GIO Stadium,44,18,26,62,1,False,117,0.7779796664962174,BlueBet,0.7894736842105263,,False,0.8163265306122449,,44.5,True,1.2539314181905392,13.246234559120072,-3.8266775501418273,3.184081298708122,4.136775636275516,148.26060383227286,77.03805568460461,2.326124807551442,3.5844966223990085,-0.5224869334998843,-1.845085018515742,-2.408528648692055,1.0451388888888884,0,1,0,0,0,0,0,0,67.24961140869004,38.72970364693657,42.23886839272103,2.7759195536446555,-16.494880184612214,24.73142084279118,-1,0,0,-4,-154.65685425716111,0,-1,0,-1,0,2.6772884476806675,-0.04424308523594611,0.3355379257196124,0,0,2.5525348933916465,-0.12475355428902068,-1.548659979978751,1.3217558399823195,-13.5,44.5
20251112180,2025,21,Round 21,2025-07-27 06:05:00+00:00,Bulldogs,Sea Eagles,Allianz Stadium,42,4,38,46,1,False,114,0.5670219089386149,BlueBet,0.5949367088607596,,False,0.5904522613065327,,43.5,True,0.26971081437291045,-4.377808494930477,-0.27196327803674336,-5.213315074834895,-0.006132123044970683,98.57871455661052,16.58812507330208,-1.0175375769136838,-0.017957851631962285,0.8261955964462508,1.0139236891422518,7.205339637536802,0.08680555555555536,0,0,1,0,0,0,0,0,23.70753419884352,10.530214129598392,9.349679201490517,-14.1222315178224,17.94987238557688,-0.9630077999493665,0,0,0,0,13.48765276104821,0,1,-1,0,0,0.06738632524118071,0.07698980032794445,0.12690503367047054,0,0,-0.3897403106624525,-0.45712663590363356,-2.4700470494863165,0.38441169891033233,-2.5,43.5
20251112210,2025,22,Round 22,2025-07-31 09:50:00+00:00,Eels,Storm,CommBank Stadium,10,16,-6,26,0,False,120,0.24970616477055518,BlueBet,0.3,,False,0.26993865030674846,,46.5,True,-1.10018002442078,-9.306364891120765,7.125882035873552,-2.3432509047279666,-2.4661116556364604,-182.25001047783553,-106.23376960807974,0.4418412644140881,-1.6971817240698357,1.2568628807540012,0.43157528197887807,7.247552283210112,-1.0069444444444446,0,1,0,0,0,1,0,0,-26.386969832423574,-35.685294559367804,-9.807217799193381,9.563908605786594,9.54163392035099,-5.952865124426978,-2,-1,0,-2,-68.85072503014403,0,0,-1,-3,0,-3.6630891455287315,0.17283400148585737,-0.7046641721227076,0,0,-2.2526779706505855,1.4104111748781452,0.851390513095835,-0.8472978603872036,10.5,47.5
20251112220,2025,22,Round 22,2025-08-01 08:00:00+00:00,Warriors,Dolphins,Go Media Stadium,18,20,-2,38,0,False,66,0.5377567106937243,BlueBet,0.549738219895288,,False,0.3935643564356436,,45.5,True,0.15131489457074326,-13.821854669654513,-1.5162503066509991,-2.194549649166106,-2.7534434707065287,-258.1579635350722,-25.60266884483849,-2.4678308263665016,-1.6795601328070688,0.41290760743522803,0.4022899141524796,-1.6748270866824377,-7.875,0,1,0,0,0,0,-1,0,-104.91068890044994,-57.16630611825988,25.29420369101581,-52.29569117621381,-20.742895296992145,-39.83180641607552,2,0,2,3,122.69605950153047,-1,0,1,-1,0,-1.6696308157321953,-0.05103871110166708,-0.08731932782111182,0,0,-1.9566117797388987,-0.2869809640067037,0.7579337325870913,0.19961305390401596,-2.5,46.5
20251112230,2025,22,Round 22,2025-08-01 10:00:00+00:00,Broncos,Rabbitohs,Suncorp Stadium,60,14,46,74,1,False,117,0.7370679742705365,BlueBet,0.8010118043844856,,False,0.8634686346863468,,48.5,True,1.0307845774987523,8.853554152711926,-6.96030937117882,-2.369791212671018,3.406690593566786,166.3245045416702,30.56524110869509,0.8729143696770354,9.39147245332098,1.687193037875259,0.035388752786073674,-9.572267798605793,0.9826388888888893,0,1,0,0,0,0,0,0,74.1474800038061,17.849320564512908,6.065979501582092,21.211694761628223,29.02048517608283,3.1602776184457753,-1,-1,-1,0,-27.948309864837398,0,1,1,3,-1,2.0844028947001902,-0.6021575516274518,0.9264621089388259,0,0,1.445393966356387,-0.6390089283438032,-0.48722876894927736,1.3926301795689762,-14.5,48.5
20251112240,2025,22,Round 22,2025-08-02 05:00:00+00:00,Titans,Panthers,Cbus Super Stadium,26,30,-4,56,0,False,115,0.2796787922733046,BlueBet,0.23664122137404575,,False,0.19933554817275745,,47.5,True,-0.946055460156887,-6.672498363809087,14.264087252240314,-2.5284470329556825,-2.440876392465711,-223.5975055540007,-7.411338700317856,-2.0233828067070396,-11.482981770352044,-0.636278512216613,1.2884034738014618,-1.972404622350325,0.10416666666666696,0,1,0,0,0,0,0,0,-123.71507810403182,-31.901396067691678,-41.09126601290146,-16.79384509481747,-33.92857092862117,-17.134010832073898,1,0,1,1,52.153491006163385,0,0,1,2,-1,-3.610430673842906,0.061768427917856306,-0.5224251232016668,0,0,-0.8092226682514889,2.801208005591417,-1.0447742928056922,-1.1711829815029455,12.5,47.5
20251112250,2025,22,Round 22,2025-08-02 07:30:00+00:00,Dragons,Raiders,WIN Stadium,18,12,6,30,1,False,114,0.3397672705201575,BlueBet,0.3493975903614458,,False,0.31473214285714285,,43.5,True,-0.6643315085244598,-9.018049638530453,11.317082105391702,1.4590873335726542,-3.3507150400604004,-121.56410780938245,-35.059754646715305,-2.0210785745021145,-6.959351938178578,-1.406936314171979,1.0749503648430405,-1.9298741821102112,1.833333333333334,0,1,0,0,0,0,0,0,-91.94449161425916,-28.856899094289417,-46.65205047387343,-15.442427993818399,-0.9931140522780026,-5.776534462814226,0,0,0,1,56.062773081935056,0,-1,1,0,0,-3.0058893569528795,-0.05054605627667064,-0.06769784689022774,0,0,-1.4432280370999484,1.5626613198529313,1.8318615170961718,-0.6216882165778003,6.5,45.5
20251112260,2025,22,Round 22,2025-08-02 09:35:00+00:00,Sea Eagles,Roosters,4 Pines Park,4,20,-16,24,0,False,119,0.5255695395633877,BlueBet,0.549738219895288,,False,0.5129533678756476,,43.5,True,0.10236745788200705,-10.354525199571832,-2.9946448392998377,5.271515303406716,0.427766929562587,34.23639128342461,0.584869098205786,0.7145131284376456,-8.632235773624089,-1.070556436891307,0.1767778325738556,0.5410141623752693,-2.843750000000001,0,0,0,0,0,0,0,0,-86.64793055786527,-11.207650824148601,-37.812418917128014,0.410641385471024,-38.038502202059775,9.812812644546142,-2,0,0,-3,-85.38343750480148,0,-1,1,-1,0,-0.6475518954717377,-0.10321181677477047,-0.041579844483968634,0,0,-1.2858468116943826,-0.6382949162226452,0.29270657578301584,0.19961305390401596,-2.5,46.5
20251112270,2025,22,Round 22,2025-08-03 04:00:00+00:00,Wests Tigers,Bulldogs,CommBank Stadium,28,14,14,42,1,False,115,0.2896643565112222,BlueBet,0.23664122137404575,,False,0.26,,42.5,True,-0.8970147342931174,-10.828847687649436,16.150844290918393,-0.8557784657871537,-3.3697826761711767,-329.937299320379,-17.69974821173207,-2.2772827587808817,1.5279533794968785,0.31522976778843415,-2.5300721292379067,-0.18615492741018613,0.9409722222222223,0,0,0,0,0,0,0,0,-70.94051390430991,-23.309357885513663,9.918033923696782,-27.615513300590408,-29.933676641902665,-0.42599656585002776,1,1,-1,2,27.70791098599078,1,0,1,4,0,-3.5246556701151293,0.006186324547145627,-0.5828038328541987,0,0,-1.1502223438288668,2.3744333262862622,-1.741086220844617,-1.1711829815029455,10.5,44.5
20251112280,2025,22,Round 22,2025-08-03 06:05:00+00:00,Sharks,Cowboys,Sharks Stadium,32,12,20,44,1,False,119,0.7104695624082676,BlueBet,0.6849315068493151,,False,0.7103004291845494,,45.5,True,0.8976656769682788,-3.111999242017969,-11.916322722612172,6.206419005495263,6.326309951929588,37.309637077873276,41.799532518264186,-1.609474169759423,4.087130329805564,-3.268508943277233,-1.7376284657984957,-6.05121966259685,-1.0659722222222223,0,1,0,0,0,0,0,0,2.7339692790772006,-3.7492066527761096,0.05018168924624433,0.049044788642447656,6.383949453964576,-6.195283273029986,-1,0,-2,-1,-38.89834033179952,1,1,-1,3,0,1.9198027845161139,-0.03783425882002894,0.2828917531324933,0,0,0.027857003821169415,-1.8919457806949447,0.9278836650238393,0.7765287894989967,-7.5,47.5
20251112310,2025,23,Round 23,2025-08-07 09:50:00+00:00,Storm,Broncos,AAMI Park,22,2,20,24,1,False,118,0.73216843840055,BlueBet,0.6432038834951456,,False,0.6237864077669902,,46.5,True,1.0056523131689008,-9.514315369077181,-0.524872224678937,1.505638600286673,0.8975418848920356,22.096090958187006,76.63778526278736,-3.6368647838080177,-4.761884401112489,-1.4974488177880403,0.2453390681791534,-0.7373305236402032,1.0069444444444446,0,1,0,0,0,-1,0,0,-45.355765994288504,3.6020549722887267,14.358575370176197,-42.77232085377514,-20.544075482978414,-18.513750439574807,0,0,0,1,50.1295211292869,0,0,0,0,0,0.900461375404731,0.04455973490937648,0.30011783422444255,0,0,0.16229002564827244,-0.7381713497564593,1.374656556387341,0.5892972392074857,-5.5,46.5
20251112320,2025,23,Round 23,2025-08-08 08:00:00+00:00,Knights,Panthers,McDonald Jones Stadium,12,48,-36,60,0,False,119,0.30314036583209353,BlueBet,0.24271844660194178,,False,0.21403508771929824,,42.5,True,-0.8323880529690318,-11.436674250815958,14.212646712596786,-4.916594160898811,-3.2801743441151174,-180.9773364953678,-48.64005057487316,-1.6065381355881962,-1.017051745102009,0.5924385792971165,-0.8224095316125473,-5.730778295621324,6.041666666666666,0,0,0,0,0,0,1,0,-78.09850378600754,-45.99118361153097,-6.676858958736972,-6.0822861079904555,-19.348175107749157,-24.608118824313692,1,0,0,1,44.89858011334823,0,1,0,1,0,-3.377034853653293,-0.1533591515753825,-0.19288129850668895,0,0,-1.8414068546196027,1.5356279990336903,-2.413787251891005,-1.137833001821391,12.5,43.5
20251112330,2025,23,Round 23,2025-08-08 10:00:00+00:00,Raiders,Sea Eagles,GIO Stadium,28,12,16,40,1,False,119,0.6941633701113578,BlueBet,0.667447306791569,,False,0.6787330316742082,,46.5,True,0.8196562662924273,14.275492727771413,-4.612651882278623,-0.188340945209319,0.5764420308646763,219.46551471892576,101.50187594689214,2.0584587681409054,3.889018694402967,-1.6350515767100422,-0.8405219252134302,-6.918839019633783,0.08680555555555625,0,1,0,0,0,0,0,0,112.62652044643994,29.023426226985976,65.9534803720826,23.279316441224665,-5.629702593853267,4.522415666811781,-2,0,0,-1,-43.50560393297303,-1,0,-1,-2,0,2.3689702356566706,0.02242832082443863,-0.037336704284482575,0,0,1.9806075509165084,-0.38836268474016267,-0.6341640275758668,0.6966621226673897,-6.5,46.5
20251112340,2025,23,Round 23,2025-08-09 05:00:00+00:00,Dragons,Sharks,Jubilee Stadium,22,14,8,36,1,False,115,0.39173360342371627,BlueBet,0.3703703703703704,,False,0.33410672853828305,,45.5,True,-0.44003091260268795,-1.2321400272372003,7.150096485488767,3.3135375066554644,-1.2036220359760321,-69.08380363726656,33.24839694989578,-0.914423792138991,-9.290708160899054,-3.11113549825272,1.7843800224336595,-6.162666339099243,0.9409722222222223,0,0,0,0,0,-1,0,0,-43.40737744198975,-23.47610966591472,-11.588998814768644,-17.23406333103742,8.891794369731059,-6.812790782315091,0,0,2,1,55.45475922186523,0,1,-2,-2,0,-1.1964806235289485,0.017834226234775485,-0.0872520339492052,0,0,-0.11811840511575175,1.0783622184131967,0.13002770567992705,-0.5306282510621702,5.5,46.5
20251112350,2025,23,Round 23,2025-08-09 07:30:00+00:00,Dolphins,Roosters,Suncorp Stadium,12,64,-52,76,0,False,67,0.5630644678393595,BlueBet,0.48684210526315796,,False,0.4689119170984456,,48.5,True,0.2536084687387057,5.62213000736223,0.2614875600582245,6.220739357489933,1.3831552192893,328.8595839928803,16.554163940792137,4.843740214093564,-3.893909291076909,-3.4862684541932403,0.6223801756160814,6.754548057812073,1.0659722222222223,0,1,0,0,0,0,0,0,-5.979185494699891,30.050782010441765,-10.756058862595864,0.7439307513095059,-26.01783939385537,19.052179273196913,0,0,1,-1,8.010331165115304,1,1,0,1,0,0.8170885760626379,-0.3044856160264643,0.17470207202653992,0,0,0.7524084221787611,-0.06468015388387593,1.797575632934838,-0.05264373348542167,1.5,47.5
20251112360,2025,23,Round 23,2025-08-09 09:35:00+00:00,Bulldogs,Warriors,Accor Stadium,32,14,18,46,1,False,116,0.6441171451846054,BlueBet,0.7291666666666667,,False,0.6938325991189427,,41.5,True,0.593278994829922,1.2332030350792422,-2.9256281844179775,-4.24156800097613,2.1921317385330426,21.513278916561376,-48.365042413463584,1.3183740511167032,-1.32634772360462,1.5420571962284981,1.3665008320023784,-1.2507126566806548,-1.8333333333333321,0,1,0,0,0,0,0,0,28.74007702542724,33.65268802800047,-10.55967874571789,-0.8059557728043103,6.453023515948985,16.471111787403103,-1,-1,0,-2,-53.23434808035315,-1,0,-1,-3,-1,0.7456499076457574,-0.06999097549460898,0.14871195257450098,0,0,0.1266222538042641,-0.6190276538414933,-2.2939223534111868,0.9903987040278773,-8.5,42.5
20251112370,2025,23,Round 23,2025-08-10 04:00:00+00:00,Titans,Rabbitohs,Cbus Super Stadium,18,20,-2,38,0,False,116,0.5663535624061853,BlueBet,0.6356968215158926,,False,0.5985037406483791,,51.5,True,0.26698900957856175,7.420143173905025,-10.647944068378166,2.6707757500664115,3.677896526266913,293.44905733217684,130.7771507883205,0.6567442697810293,4.528832934566815,-1.2164149416600871,-0.7768291697546168,-8.419476847327655,-0.791666666666667,0,1,0,0,0,0,0,0,40.05725879581439,40.78099191130519,33.766425435946985,-4.660129287991992,-29.830029263445695,20.379817291280062,-2,-1,-2,-4,-136.83079308930516,1,0,0,-2,0,0.589338051520707,-0.07943677871694521,0.5103446119684396,0,0,0.5713013556037935,-0.018036695916913814,1.1421889085309664,0.5567353250700693,-6.5,52.5
20251112380,2025,23,Round 23,2025-08-10 06:05:00+00:00,Eels,Cowboys,CommBank Stadium,19,18,1,37,1,False,120,0.5183886913675102,BlueBet,0.586734693877551,,False,0.6044776119402985,,46.5,True,0.07358795520975726,-4.007951184950585,-7.310680418051202,1.8233268865897685,-0.2458176759781665,-131.11854477496877,-23.811157999540455,-0.3191710232459677,-5.473111853666104,-0.92785785099327,-0.6266738730000156,2.6146865642727164,2.84375,0,1,0,0,0,0,0,0,-11.659859109955619,-57.16725113638557,2.911786604559012,7.681501050088883,34.91410437178209,-31.256441933503964,-1,0,-2,-2,-67.26021108913108,-1,0,0,-1,0,0.35184428864924877,-0.22942073311561462,0.16765235061748635,0,0,-0.6582328841449816,-1.0100771727942308,0.7550716252650161,0.35048297369081105,-3.5,46.5
20251112410,2025,24,Round 24,2025-08-14 09:50:00+00:00,Panthers,Storm,CommBank Stadium,18,22,-4,40,0,False,125,0.4968442131183619,BlueBet,0.5238095238095238,,False,0.6445497630331753,,39.5,True,-0.01262331514897293,9.840401107791958,0.47138853967325645,4.637464415978741,0.8809603555223191,160.43222139587579,-1.3055054452198647,3.1640413837013623,-1.9701461290907716,-1.0701362750405679,-1.6504223263749056,10.362075289690658,-0.9236111111111107,0,1,0,0,0,0,0,0,88.2952067216313,23.614002843981268,-2.2112853600142444,34.83249053929816,32.0599986983662,15.759826818964939,-1,0,0,0,-15.004096386508138,0,-1,0,-1,0,0.17046619891929105,0.35622788815004247,-0.2482870933454631,0,0,-0.12326527228741657,-0.29373147120670784,-0.7063960117929986,0.09531017980432493,-1.5,40.5
20251112420,2025,24,Round 24,2025-08-15 08:00:00+00:00,Warriors,Dragons,Go Media Stadium,14,10,4,24,1,False,116,0.621414005166829,BlueBet,0.6155778894472362,,False,0.6195121951219512,,44.5,True,0.4955542886887245,-4.0020345102679045,1.9719936972085357,-3.036959113452326,-4.071988212456247,-126.16252552325409,-66.43601025758619,-1.1744241612083233,-0.05309775544705175,1.3360697602153229,-0.4088649704607654,14.069783082386078,-0.19097222222222232,0,1,0,0,0,1,0,0,-25.378989232558524,-22.561649618364214,-5.00087775798923,-8.087629179366886,10.271167323161905,-12.873573088471801,2,1,-1,-2,-93.2332043149508,0,-2,0,0,0,0.277225796808519,-0.050297524273114264,0.04361643558491715,0,0,-0.39753071797764955,-0.6747565147861686,-0.5729167271378525,0.47082028915229174,-4.5,43.5
20251112430,2025,24,Round 24,2025-08-15 10:00:00+00:00,Roosters,Bulldogs,Allianz Stadium,32,12,20,44,1,False,117,0.580331044131625,BlueBet,0.4285714285714286,,False,0.4716494845360826,,42.5,True,0.32413250628900026,11.70632061746758,1.6969628473238032,-1.477699107118994,-2.2509991174718067,-3.1245125194623142,60.96831566662172,-0.7750658902693228,4.422408139470008,1.8719327314874548,-1.993226186131797,-1.484970650459978,0.08680555555555625,0,0,0,0,0,0,0,0,40.39117939320295,34.76562728952922,10.372273344480305,-8.551195204339137,3.8044739635325016,31.522221001909003,-1,0,0,1,27.69776983636195,0,0,1,0,0,0.34494288521676975,0.10205483411705463,0.05225347429704439,0,0,1.4970980693300975,1.1521551841133277,0.00739362196003146,-0.2876820724517808,2.5,41.5
20251112440,2025,24,Round 24,2025-08-16 05:00:00+00:00,Sharks,Titans,Sharks Stadium,54,22,32,76,1,False,117,0.7916780814333844,BlueBet,0.7263157894736842,,False,0.7071583514099783,,50.5,True,1.3350702776624084,0.05004067261679879,-5.216069842585117,-6.270649368786238,1.0400699685227153,-22.31839749842902,-21.47371761097463,-0.8668019276268417,-2.552666640694781,2.582194153144629,0.5702625123845708,-0.24565893612852818,0.958333333333333,0,1,0,0,0,0,0,0,-57.86737801517904,-10.415658525345236,-15.811237623495487,-6.933287187880211,-24.707194678458123,-16.120887316554814,0,0,0,0,-12.448937352298316,-2,-1,1,-1,0,1.9613890216965546,-0.2217803880779936,0.5449380114175661,0,0,0.393658082069735,-1.5677309396268195,0.12058536762185368,0.9760099665757774,-11.5,50.5
20251112450,2025,24,Round 24,2025-08-16 07:30:00+00:00,Broncos,Dolphins,Suncorp Stadium,38,28,10,66,1,False,68,0.5801959092033221,BlueBet,0.5714285714285715,,False,0.5736040609137056,,48.5,True,0.32357766902454593,-0.30897806147008566,-13.847542763697223,-3.989523875540897,0.49582785436874843,-19.89908420600841,13.321363292210663,-1.2415112200364273,5.492773394804608,2.325956117858629,0.607534842355733,-5.840498852528249,1.9027777777777786,0,0,0,1,0,0,0,0,15.28696289848665,-43.37326662684214,60.97801290084493,-5.47581850361621,3.158035128100096,-16.080665019677127,1,1,0,2,47.67451124892051,0,1,0,2,1,0.23250518467976633,0.04728284461159005,0.09188584426528679,0,0,-0.6273009412562376,-0.8598061259360037,1.962286127041734,0.2876820724517812,-2.5,48.5
20251112460,2025,24,Round 24,2025-08-16 09:35:00+00:00,Rabbitohs,Eels,Allianz Stadium,20,16,4,36,1,False,122,0.47019161827478845,BlueBet,0.42010309278350516,,False,0.33333333333333337,,47.5,True,-0.11937508718404684,-0.8505855841240368,8.453698188701928,4.186300039284504,-0.7128252942750848,-112.8821537782128,-55.97161779006001,0.457579113898011,-1.7079860039253347,-2.9222589661867353,-1.2706320052121258,3.467846045148967,0.08680555555555625,0,0,1,0,0,0,0,0,-76.18606641409201,-12.190136926746163,-36.84775166193674,-19.80854551763059,-7.339632307778558,-12.315979155985758,-1,0,1,3,136.6752377053252,0,1,1,1,0,-0.925727439270368,-0.010635785366849726,-0.4808200191699694,0,0,-0.14056254579322092,0.7851648934771474,-0.5038480360449429,-0.32235020139765763,3.5,47.5
20251112470,2025,24,Round 24,2025-08-17 04:00:00+00:00,Wests Tigers,Sea Eagles,Allianz Stadium,26,12,14,38,1,False,116,0.40188299121994286,BlueBet,0.3765586034912718,,False,0.4311224489795918,,48.5,True,-0.39762542203279766,4.991726769320326,0.41820831415951787,1.160188824419265,-1.3292901979526732,-27.90157043982049,12.755983044723678,0.13261754475013499,3.876427787371476,-0.8704568432353419,-1.430226041369341,-0.7247912462313622,5.25,0,0,1,0,0,0,1,0,41.574657563412984,29.114989919888274,40.06990527190118,-3.606925542850462,-24.003312085526034,29.883868626199728,0,0,1,3,80.77337922286297,-1,0,0,-1,0,-0.7331904362837469,0.031406943200552206,-0.2501171798632322,0,0,0.12577499681095672,0.858965433094703,-1.5823745472096753,-0.5041810810473222,4.5,48.5
20251112480,2025,24,Round 24,2025-08-17 06:05:00+00:00,Cowboys,Knights,Queensland Country Bank Stadium,38,4,34,42,1,False,120,0.6317514523241188,BlueBet,0.6506024096385543,,False,0.7109207708779444,,47.5,True,0.5397379336749534,4.361696197795997,-5.9697919970662525,4.825455624482842,3.318160650852235,90.28421906363246,4.610567892209133,0.19199641567716696,-0.4640134044778321,-1.191879101934628,2.293428473536369,0.9083740506655431,-1.9201388888888893,0,1,0,0,0,0,0,0,4.304285958304831,30.029407237805884,-22.93885169064248,-11.662819074085235,8.87654948522659,9.492207533582018,-1,0,-1,2,51.3845377852941,1,1,1,4,0,0.7018555488627076,0.4313803198511279,-0.1002631047248323,0,0,1.2039460422561024,0.5020904933933947,0.2305257926502693,0.6216882165778008,-6.5,47.5
20251112510,2025,25,Round 25,2025-08-21 09:50:00+00:00,Rabbitohs,Dragons,Accor Stadium,40,0,40,40,1,False,117,0.49643820768552904,BlueBet,0.4186046511627907,,False,0.5192802056555269,,39.5,True,-0.01424741025826455,-1.5602347389445619,7.306298654341106,-2.778267418582203,-3.515496146031971,-235.75484550872943,-148.91956279737343,0.22000113318139825,-2.196118100354628,1.383917666076698,0.507184505093143,14.064319233166753,-1.0659722222222223,0,0,0,0,0,1,0,0,-20.068350036481434,-27.15903271216385,-19.32720359074284,-4.172696197527614,30.590582463952884,-10.060715993124347,0,0,-2,-2,-75.46171359033883,2,0,-3,-1,0,-1.677192466294224,0.07605148008245866,-0.4379867563616419,0,0,-0.7715144369953675,0.905678029298857,-0.5322952105962001,-0.32850406697203594,2.5,40.5
20251112520,2025,25,Round 25,2025-08-22 08:00:00+00:00,Panthers,Raiders,Glen Willow Oval,16,20,-4,36,0,False,120,0.52880013367242,BlueBet,0.5526315789473685,,False,0.5945273631840796,,40.5,True,0.11532819266966494,1.7074013819323142,-0.4340480493781591,4.776658355156812,3.973567217742584,339.32495162581745,53.51093845488981,1.1031445270670668,6.250501392399343,-0.6891133664417204,-1.001290684120515,5.620852136502151,-5.993055555555555,0,1,1,0,0,0,-1,0,104.52361355262872,30.227521648292196,-4.104459749918789,29.55180645893003,48.84874519532535,21.052871719790488,0,0,0,2,44.44619365656874,0,0,1,1,0,0.3845695652626313,0.06494561200663673,0.03839520120405018,0,0,-0.33682117647822274,-0.7213907417408534,-0.3404247055318994,0.21130909366720713,-3.5,39.5
20251112530,2025,25,Round 25,2025-08-22 10:00:00+00:00,Storm,Bulldogs,AAMI Park,20,14,6,34,1,False,118,0.7259053997439824,BlueBet,0.6705882352941177,,False,0.6596736596736597,,40.5,True,0.9739463997420137,2.4816807227966997,-6.282753340583417,2.8531968275779462,0.7670700693046228,282.9809385384733,169.30484680915555,-0.8654757776237263,6.625234926426053,-1.3401392259677358,-2.3838003252506414,-0.6930815153120662,1.0069444444444446,0,1,0,0,0,0,0,0,53.35522630577941,46.39697682362359,34.421568367457354,-2.051502852714151,-25.411816032587353,34.14487934587811,1,0,0,-1,-24.61236518637307,0,-1,-1,-1,0,1.3446182876385508,-0.2434353930699351,0.3738113342717933,0,0,1.130383514248001,-0.2142347733905503,-1.569466944452544,0.7108467576593466,-7.5,40.5
20251112540,2025,25,Round 25,2025-08-23 05:00:00+00:00,Sea Eagles,Dolphins,4 Pines Park,58,30,28,88,1,False,69,0.49570996994097943,BlueBet,0.5394736842105263,,False,0.48186528497409326,,48.5,True,-0.017160541349342508,-13.545738779110406,-9.667903579949474,-2.9087171272154393,0.35982129101951443,-121.13958684643148,-19.778046799891854,-2.1467650041156503,1.0915587587039255,2.2223831628933066,1.758544310026,-7.091600990729461,-0.8541666666666661,0,1,0,0,0,0,0,0,-51.07371845717603,-44.357756289985616,9.584255948880042,-24.147332501432516,7.847114385362033,-7.6692551529419575,-1,0,0,-1,-64.98182663158416,-2,-1,1,-2,1,-1.362814846588317,0.13181382348600978,-0.3283574355837207,0,0,-2.3770965289914603,-1.0142816824031429,0.7570297132764524,0.1582240052148942,-1.5,48.5
20251112550,2025,25,Round 25,2025-08-23 07:30:00+00:00,Titans,Warriors,Cbus Super Stadium,18,32,-14,50,0,False,118,0.3736443421726075,BlueBet,0.4186046511627907,,False,0.43478260869565216,,47.5,True,-0.5166139650513648,4.104556836708543,12.873270468386966,-1.00147226098035,0.8205650905525417,106.08015095286873,-23.558560170362625,1.5163981206674597,9.213662405866135,0.9110030711983619,-0.8216002964933597,-3.6281160539088404,-0.875,0,1,0,0,0,0,0,0,96.24494079763065,51.05816794661385,26.890313240965952,20.975576678377095,-2.6791170683262067,21.029394650449916,-1,0,-1,-2,-69.6999123904038,-1,1,0,0,0,-2.3234533601442915,-0.11967756882553658,-0.15642674744938495,0,0,0.11758394813715883,2.4410373082814507,0.13915357673076678,-0.32850406697203594,3.5,47.5
20251112560,2025,25,Round 25,2025-08-23 09:35:00+00:00,Eels,Roosters,CommBank Stadium,30,10,20,40,1,False,123,0.30403712797874544,BlueBet,0.28571428571428575,,False,0.2765072765072765,,40.5,True,-0.8281464886566801,-18.186961150875753,5.527682102244167,-4.869456472267075,-3.200186995342513,76.69596552838266,-16.644011906098967,0.8170936135358797,-8.685662186340366,1.8216227007955972,0.5149965431156858,9.930130860093062,-0.9826388888888893,0,0,0,0,0,0,0,0,-45.69200897392534,-27.7464523255895,4.5117853358809725,17.54369466736665,-40.00103665158349,3.039934767352719,0,0,0,2,48.933995818025224,0,-1,0,-1,0,-3.47972400718818,-0.016444214347411945,-0.4870483309826137,0,0,-2.6772434136716177,0.8024805935165623,0.24316238171131854,-0.9162907318741548,8.5,47.5
20251112570,2025,25,Round 25,2025-08-24 04:00:00+00:00,Knights,Broncos,McDonald Jones Stadium,12,46,-34,58,0,False,120,0.3527242557837315,BlueBet,0.308390022675737,,False,0.23684210526315794,,46.5,True,-0.6070857860131504,-16.640014320910407,13.442713491561431,-4.060461927674439,-3.484330592597871,-129.89598754232406,-30.811210681323132,-1.027420909293013,-9.702622819868154,1.508570906353203,-2.0039090409991127,6.591222748115001,-0.9409722222222223,0,1,0,0,0,0,0,0,-6.296761958901698,-9.5095889803099,-12.977662952837932,-7.650923486357101,23.841413460603277,-12.121884842935202,2,0,0,-2,-64.45063983510995,0,2,0,1,0,-3.677163672397642,0.35721728871277736,-0.7306115227708474,0,0,-2.6861347290409876,0.9910289433566544,-0.25284721332296917,-0.8076568908713594,9.5,46.5
20251112580,2025,25,Round 25,2025-08-24 06:05:00+00:00,Wests Tigers,Cowboys,Leichhardt Oval,28,34,-6,62,0,False,117,0.5285656064601096,BlueBet,0.5526315789473685,,False,0.5772151898734177,,35.5,True,0.11438698645504189,-4.806432577489701,-0.0852291608516289,3.3833569972285176,2.4560956670647798,-155.73410308799612,11.050343781648394,0.5821790116840746,-1.1717699949674198,-4.432283357145142,-1.33125333273306,0.4652716580350642,0.08680555555555536,0,1,0,0,0,0,0,0,-51.65248339711502,-17.133000009223224,24.826481982100745,-23.390062941985292,-35.95590242800729,5.76060919046455,0,0,0,0,-15.007208523162191,0,1,0,1,0,-0.2984767856960909,-0.3132270947123621,0.009194512803422539,0,0,-0.7356158040548778,-0.437139018358787,0.45997950330725557,0.21130909366720713,-2.5,48.5
20251112610,2025,26,Round 26,2025-08-28 09:50:00+00:00,Bulldogs,Panthers,Accor Stadium,28,4,24,32,1,False,119,0.5094060205419992,BlueBet,0.393939393939394,,False,0.8807439824945296,,32.5,True,0.03762852140903207,-6.548343938626196,3.4308500699711857,-5.016295905401975,0.18629670788325825,-361.6150690559891,-154.67412249367248,0.8814411760060485,-6.992440187706993,1.2583322405078583,2.748848358023369,-7.812123045027427,-0.08333333333333393,0,0,0,0,0,1,0,0,80.44442284144696,33.892889148214934,43.48339372008476,11.570978513002075,-8.502838539854835,66.4518725747282,-4,-1,-6,-13,-614.8664016268314,-4,-4,-3,-6,-1,0.9187269790218375,2.0966364955891486,-2.1158920996206256,0,0,-0.23634857064674497,-1.1550755496685827,-1.6503778115307606,-0.43078291609245406,4.5,44.5
20251112620,2025,26,Round 26,2025-08-29 08:00:00+00:00,Warriors,Eels,Go Media Stadium,22,26,-4,48,0,False,121,0.6875592110135107,BlueBet,0.606060606060606,,False,0.6185819070904646,,42.5,True,0.7887329749622127,0.8427084388420631,0.753507025424959,4.2035282203302415,-0.05261168484008749,80.9245430667113,77.14273462687584,-0.6861462417164637,0.7109599903694317,-3.9610581318769356,0.6583901618350554,3.432439898521217,0.08680555555555536,0,1,0,0,0,-1,0,0,-18.166162761439182,-6.612594214431141,-33.91966879429225,-6.452722322323353,28.81882256960762,-3.534895314959755,0,0,0,0,16.768581657621112,0,-1,0,-1,0,0.9904821217282971,0.0929384074553154,0.1681611664609474,0,0,0.4023340767479306,-0.5881480449803665,-2.1114438897173184,0.4307829160924539,-4.5,43.5
20251112630,2025,26,Round 26,2025-08-29 10:00:00+00:00,Storm,Roosters,AAMI Park,10,40,-30,50,0,False,126,0.7223889284428147,BlueBet,0.6372549019607844,,False,0.5347043701799487,,44.5,True,0.9563425649410826,-5.424473268138879,-5.8432742470105055,10.791925849861286,-0.6301544823988365,145.72338085373735,40.6012601358143,-0.4268368359203545,-1.7281016543232326,-5.708228391756268,-0.4408644230709706,7.038090065828108,0.9826388888888893,0,1,0,0,0,0,0,0,-78.83202835864176,10.588728419624658,-6.315050664701914,-41.131758728256344,-41.973947385308165,6.353930617855667,0,-1,0,4,191.51170363313656,2,1,0,3,0,0.14010024458422898,-0.8737486211038563,1.03652662237756,0,0,-0.4984489351016361,-0.6385491796858651,0.5336699055081362,0.5634693572514129,-6.5,44.5
20251112640,2025,26,Round 26,2025-08-30 05:00:00+00:00,Raiders,Wests Tigers,GIO Stadium,24,10,14,34,1,False,118,0.7933485549320137,BlueBet,0.748502994011976,,False,0.7913793103448277,,50.5,True,1.3452291309407585,3.036589182650893,-8.480012603736753,2.3700168352578856,-0.7461333168004529,117.01070213999765,84.65201980399604,0.5723429364751906,-1.8016191791529081,-0.7484949921131143,0.23010056184206995,-5.655155981269452,1.9201388888888893,0,1,0,0,0,-1,0,0,91.3948415909664,34.53894652088263,35.957285449754664,-3.880398789717333,24.779008410046515,21.65181466793777,-1,-1,0,0,-28.145999277104927,0,0,0,-1,-1,2.9024036821855694,-0.2581555790537079,0.5348653164157213,0,0,1.5539761935731429,-1.3484274886124261,-0.07228546882681453,1.0906441190189322,-11.5,50.5
20251112650,2025,26,Round 26,2025-08-30 07:30:00+00:00,Dragons,Sea Eagles,Jubilee Stadium,24,40,-16,64,0,False,118,0.5087276751046047,BlueBet,0.48684210526315796,,False,0.4896907216494846,,48.5,True,0.034914246705137326,-12.042159469921508,-0.9924590092144854,6.470275408756663,-0.5030446160063065,-17.534044982009164,78.84206363987244,-1.7934288575345803,-5.847023575076641,-3.7925886405575895,-0.7786808440378401,-13.804312997083894,1.7986111111111116,0,0,0,0,0,0,0,0,52.042089103139574,-7.030402301818668,37.73838543090227,-1.0488725254315057,22.382978499487407,-17.23152970941888,1,0,0,2,57.77885979066484,2,1,1,4,0,-1.1547074252341751,-0.24178857453330252,0.05609645928186105,0,0,-0.6265598260303815,0.5281475992037932,-0.6714171287700637,-0.05264373348542167,1.5,47.5
20251112660,2025,26,Round 26,2025-08-30 09:35:00+00:00,Cowboys,Broncos,Queensland Country Bank Stadium,30,38,-8,68,0,False,121,0.45198520733729514,BlueBet,0.3703703703703704,,False,0.36626506024096384,,50.5,True,-0.19265282832692274,-6.150165230346211,4.188779026081509,-0.35673013992928304,-0.2652562136657153,-6.188858926337389,10.140241295079932,-3.125710641496455,-8.595757832802676,1.8980204933468663,-1.1183898897257087,2.3143295398094637,-0.08680555555555625,0,0,0,0,0,0,0,0,-41.46756296305,23.810931713435878,-37.45522121760794,-26.704319908247243,-1.1189535506306356,-5.032549878846822,0,0,0,-1,-37.522864648755316,0,0,0,0,0,-2.306958776859064,0.16356560917556173,-0.4497647063728841,0,0,-1.0883037136802238,1.21865506317884,1.9920703082501092,-0.5306282510621702,5.5,49.5
20251112670,2025,26,Round 26,2025-08-31 04:00:00+00:00,Sharks,Knights,Sharks Stadium,40,16,24,56,1,False,122,0.8030563911481023,BlueBet,0.8426966292134831,,False,0.8716136631330977,,49.5,True,1.4055074987921967,18.41294239862618,-18.59729063779452,6.288075294842017,6.129132072757187,254.93791858292934,65.12212129253635,0.8569568502293077,0.45397540199687114,-1.3779602761259166,0.46128192635738774,-11.870347375836069,7.0,0,0,0,0,0,0,1,0,29.90831500071249,31.2880452143375,-39.829679270335475,35.809767594742794,2.6401814619676003,9.542231296879152,-1,0,0,4,151.83108437384143,0,0,1,1,0,4.610819521565985,0.18922395622388577,0.08392896576992692,0,0,2.772527661040426,-1.8382918605255596,-0.4690442434470772,1.6784307839210515,-16.5,49.5
20251112680,2025,26,Round 26,2025-08-31 06:05:00+00:00,Dolphins,Titans,Suncorp Stadium,36,30,6,66,1,False,70,0.7435168731785547,BlueBet,0.5714285714285715,,False,0.6780045351473922,,54.5,True,1.0643285798231124,6.868531525855445,8.798832814816002,0.3619818651853848,0.4313340436876274,-6.075273500520552,-42.97101261133025,2.3939073259201873,-1.4051253407146973,-1.4537432410463165,-0.2533888745769204,6.77258890530203,0.10416666666666696,0,0,0,0,0,0,0,0,-41.602372572756394,-6.278873660824786,-38.13086684231945,15.345873387118743,-12.538505456730945,-14.007815451042859,1,0,0,-1,-34.889201215586525,0,-1,1,1,0,2.2857741783067813,-0.007353477812263337,0.35636915030338434,0,0,1.9015190600672272,-0.3842551182395555,4.028645797350766,0.2876820724517812,-5.5,53.5
20251112710,2025,27,Round 27,2025-09-04 09:50:00+00:00,Broncos,Storm,Suncorp Stadium,30,14,16,44,1,False,122,0.4451297568587791,BlueBet,0.5,,False,0.37288135593220334,,48.5,True,-0.22036846216062575,16.032672680413675,0.41151401100555773,-6.331122084622734,1.7338760191347191,271.7442495423297,24.84105964629657,5.388188458925452,17.18458048758655,3.4135383219981357,1.1181437244431613,0.480146429519003,-0.9826388888888884,0,1,0,0,0,0,0,0,21.10355364851091,5.254310213040469,41.47048285940707,-10.215513304729399,-15.405726119207173,24.40716062543862,-1,-1,0,-3,-111.4992876087831,-3,-1,0,-5,0,-0.2511421449703102,-0.2178274128385349,-0.1291750797106267,0,0,0.6812433540923444,0.9323854990626547,0.7600904687254608,0.0,1.5,48.5
20251112720,2025,27,Round 27,2025-09-05 08:00:00+00:00,Sea Eagles,Warriors,4 Pines Park,27,26,1,53,1,False,122,0.558942085685238,BlueBet,0.6296296296296295,,False,0.6411483253588518,,48.5,True,0.2368696725612982,8.089164384589672,4.491700423050968,-5.328272845375636,-0.19170712105371024,28.466929186586185,-59.86531868679435,2.5311751902245265,-2.562221587974758,3.0908906615443,-0.029490005548494125,0.4703609299921112,-0.979166666666667,0,1,0,0,0,0,0,0,-0.30806590935321765,37.94255247414267,-7.5897074491144,-19.68290040479485,-10.978010529586584,24.4692777404197,-1,0,1,0,-24.180044722979872,0,1,1,1,0,0.2552234296078092,0.16105290777963863,-0.09361897112457236,0,0,0.725899475350394,0.4706760457425849,-0.8654120135116854,0.5306282510621699,-4.5,47.5
20251112730,2025,27,Round 27,2025-09-05 10:00:00+00:00,Roosters,Rabbitohs,Allianz Stadium,36,6,30,42,1,False,125,0.7864519781904864,BlueBet,0.6744186046511629,,False,0.7697974217311234,,50.5,True,1.303669929140431,7.495323190245212,-1.7769416939375802,-8.460528393186522,2.2377206407535297,-134.42882078950015,26.870242644972222,0.10108836908771224,10.312525576542175,3.968235509232546,-0.16078486928967717,-8.506344271229274,-7.0,0,0,0,0,0,0,-1,0,18.021994301358404,27.471353074467117,-24.091764140936903,32.694818691754506,-18.05241332392623,-5.035414477256495,1,1,0,-3,-86.42230915716856,0,-1,-1,-1,0,3.408283405118885,0.03412929784332763,0.15298251386776546,0,0,2.3580744090484966,-1.050208996070389,0.2940608761249201,0.7282385003712157,-8.5,50.5
20251112740,2025,27,Round 27,2025-09-06 05:00:00+00:00,Dragons,Panthers,WIN Stadium,20,40,-20,60,0,False,119,0.3419798907435331,BlueBet,0.3,,False,0.16789396170839468,,49.5,True,-0.6544835557000156,-2.848555416569777,9.254032070055953,-0.3509488766695341,0.05931120505449883,-26.232166980851844,43.019383759747825,-1.3097422007664656,-11.613747213098051,-2.4093323595836083,-0.17827206865399425,-16.261206084499975,-1.9027777777777777,0,0,0,0,0,0,0,0,-88.1141742499791,-21.23385258003654,-16.25178716129679,-20.654451699139884,-29.97408280950586,-13.729985631755596,-4,-1,0,0,-22.370424708796477,-5,-2,-2,-13,0,-3.3330473512963006,-0.3154135334202195,-0.42835941533807365,0,0,-1.115199149492498,2.2178482018038026,-1.0898742722860324,-0.8472978603872036,8.5,47.5
20251112750,2025,27,Round 27,2025-09-06 07:30:00+00:00,Titans,Wests Tigers,Cbus Super Stadium,36,28,8,64,1,False,119,0.48507403941949984,BlueBet,0.48684210526315796,,False,0.49095607235142114,,53.5,True,-0.05972158658207503,4.26748751120903,8.862661946330313,-0.4334800663560543,-1.4766305885941549,81.1415918680193,42.96955801506272,0.3690944250029915,-2.7618674860627337,1.8077467812082713,-2.19500502860652,-2.83281400187294,-1.0451388888888893,0,1,0,0,0,0,0,0,22.384570785995948,15.914421728898247,-10.492352821929984,-0.2937696905416942,17.25627156956938,-5.652684832686646,1,0,1,1,41.83522402591761,-1,0,1,-1,-1,-0.906268897867607,0.2129115984525427,-0.32246574199992467,0,0,0.4401327600793284,1.3464016579469358,0.8310655078872544,-0.05264373348542167,2.5,53.5
20251112760,2025,27,Round 27,2025-09-06 09:35:00+00:00,Bulldogs,Sharks,Accor Stadium,6,24,-18,30,0,False,120,0.5759807912584989,BlueBet,0.5897435897435896,,False,0.638755980861244,,44.5,True,0.3062955537888719,-11.675420517129467,-2.7807758773655955,1.7208974352950008,0.9888156244536361,-77.9065133240897,-48.46585859394111,1.6593406719907255,-2.795895625011809,-0.6784808188395566,1.9338535558371506,-2.1534397492294346,2.7569444444444446,0,0,0,0,0,0,0,0,-27.6033226206971,-6.0147252479945905,32.0591391151317,-33.20888253432099,-20.43885395351323,16.172161799778053,-1,0,0,-1,-5.512210110650159,1,0,-1,-1,0,0.1789938004547953,0.03663038639202387,0.015057295945480415,0,0,-0.9074975559769803,-1.0864913564317757,-1.742966292005586,0.362905493689368,-3.5,44.5
20251112770,2025,27,Round 27,2025-09-07 04:00:00+00:00,Dolphins,Raiders,Kayo Stadium,62,24,38,86,1,False,71,0.41413285302113356,BlueBet,0.695067264573991,,False,0.7720588235294118,,54.5,True,-0.3469062288690579,4.7188748992122775,23.490408673868,-1.296362187836408,-1.778439616816975,-23.348390732351163,-90.76117942445592,1.9559261317494165,-2.7643718871783065,-0.12457339660115885,-1.683211768905799,6.329860917106693,-1.0451388888888884,0,1,0,0,0,0,0,0,55.62136938216315,64.51098350439409,-14.328784888834235,9.563279444066637,-4.124108677463397,58.290532753920075,-4,-1,-4,-10,-433.5966511157186,0,-3,-4,-2,-1,-0.6222040590484008,1.547337910559321,-1.9229522377969643,0,0,1.2051087040701307,1.827312763118531,2.948408083168548,0.8239174117431399,-9.5,52.5
20251112780,2025,27,Round 27,2025-09-07 06:05:00+00:00,Eels,Knights,CommBank Stadium,66,10,56,76,1,False,123,0.6811023288097375,BlueBet,0.7572815533980582,,False,0.7989949748743719,,51.5,True,0.7588422860744721,8.930243516233812,-19.29643617605788,10.291483954827612,1.8816137117906564,122.79616876148407,3.427019223644379,-0.14222616651862063,-10.288507554127197,-1.6663079429669292,0.5227316716865111,-6.9466862153257765,1.833333333333334,0,0,0,0,0,0,0,0,15.464711175334514,31.218680891603327,23.566020272278735,-12.0099250042542,-27.310064984293476,37.527974000814396,-1,0,-1,1,16.920689059804815,0,0,-1,1,0,3.204010159915501,-0.0985094467251103,0.27595212415290543,0,0,1.3806832264236348,-1.8233269334918665,-1.3765982163371098,1.1378330018213911,-11.5,49.5
20251112810,2025,28,Finals Week 1,2025-09-12 09:50:00+00:00,Storm,Bulldogs,AAMI Park,26,18,8,44,1,False,121,0.6808739392032376,BlueBet,0.6341463414634148,,False,0.6612529002320187,,37.5,True,0.7577909780768685,0.39128306224369425,5.8969557796707655,-1.9281352669176641,-2.1519423945682874,-108.36554717985655,16.341416475639733,-2.968467848988239,-5.194885230894297,-0.5875142951777459,0.3266033800106998,-1.7044757708863223,1.989583333333333,0,1,0,0,1,0,0,0,-13.56112530397911,20.118832733294056,-1.1285160338067897,-13.981197071850971,-18.570244931615335,1.8893356420309146,3,1,0,-1,-20.283355728842807,1,-1,-2,1,0,0.7480539107226253,0.2800639040767817,-0.005602944431511131,0,0,1.091868148260374,0.34381423753774865,-2.9736756974116156,0.5500463369192725,-4.5,38.5
20251112820,2025,28,Finals Week 1,2025-09-13 06:05:00+00:00,Warriors,Panthers,Go Media Stadium,8,24,-16,32,0,False,123,0.4402714403729822,BlueBet,0.3,,False,0.26262626262626265,,43.5,True,-0.24006050462498285,-2.4033919651539364,2.6427159770517683,-1.7459295166163855,0.8033011594682691,4.813933850814237,63.50842846188095,-1.0938038213534744,0.10963658158369327,-1.2182263209293271,0.3726458957602752,-1.928510624084197,0.875,0,1,0,0,1,0,0,0,-105.85707755163628,-28.761934601455664,-10.114124290833558,-19.104928748493904,-47.876089910853125,3.5868766731234416,0,0,0,-1,-56.04680859478973,0,-1,-1,-1,0,-1.8076937453010276,-0.18945141864730095,-0.3676591892265197,0,0,-1.1137552752240443,0.6939384700769833,-2.137011631522432,-0.8472978603872036,7.5,43.5
20251112830,2025,28,Finals Week 1,2025-09-13 09:50:00+00:00,Sharks,Roosters,Sharks Stadium,20,10,10,30,1,False,126,0.5450907679551247,BlueBet,0.43152454780361754,,False,0.42784810126582273,,46.5,True,0.1808544184636235,-2.0845915031404374,0.9447850271156266,7.6335788589831,0.7159748656734308,93.4637612142767,-8.31413985965412,-1.087610608515523,-2.342792207527488,-2.125932258588014,0.06714182343676,10.915141951880866,-0.9826388888888884,0,0,0,0,1,0,0,0,-25.581016787253247,2.7769328066783032,-12.128807285300297,-8.192384399418899,-8.036757909212355,0.39955492932054426,1,0,0,2,68.60749537919935,0,0,1,2,0,-1.2871898367327894,-0.06414012738026664,0.06990025737685424,0,0,-1.0863379669264333,0.20085186980635727,0.034790437168495725,-0.2756337339356065,2.5,46.5
20251112840,2025,28,Finals Week 1,2025-09-14 06:05:00+00:00,Raiders,Broncos,GIO Stadium,28,29,-1,57,0,False,123,0.5627515052668072,BlueBet,0.5769230769230769,,False,0.5757575757575757,,45.5,True,0.25233648330857145,-8.786238718754788,8.286823553364073,-4.544475812431273,-0.28565950276524177,-152.58000094346653,-19.971024300162355,-2.2334314050093633,-6.9971201937701295,0.03245347834624823,-1.9412749241144889,3.444648192416569,-2.7569444444444446,0,1,0,0,1,0,0,0,-18.05917767428855,-12.333384675966187,27.293639489515556,-45.82537547559696,12.805942987759039,-15.096789926210505,4,1,0,1,20.05141889990535,4,1,1,9,0,-0.2552399411767239,0.34792855445324267,0.14858233114475744,0,0,-0.791272205073882,-0.5360322638971577,0.5950629448545233,0.3101549283038393,-3.5,44.5
20251112910,2025,29,Finals Week 2,2025-09-20 09:50:00+00:00,Raiders,Sharks,GIO Stadium,12,32,-20,44,0,False,124,0.5279026658414508,BlueBet,0.6203473945409429,,False,0.5435897435897437,,44.5,True,0.11172674095190914,-1.8957580386894506,14.759198571371805,-7.750959265518489,-5.494872965652341,-63.90103630327167,-41.992984643865384,0.1657500894487427,2.1427945245125244,1.2846797753033083,0.8936005706811256,8.021912280832616,-0.84375,0,1,0,0,1,0,0,0,12.541050956576441,-6.853875961554024,69.4034160556298,-47.79506052065065,-2.2134286168487023,0.029111737561862583,1,0,0,0,29.99977990922407,0,0,0,0,0,-0.2960737937403035,0.17609602916254197,0.16567937232799734,0,0,0.23228897270384408,0.5283627664441481,-0.7353641339048931,0.4910229964698108,-5.5,46.5
20251112920,2025,29,Finals Week 2,2025-09-21 06:05:00+00:00,Bulldogs,Panthers,Accor Stadium,26,46,-20,72,0,False,122,0.48411641278468576,BlueBet,0.3380614657210402,,False,0.3032967032967032,,39.5,True,-0.06355573377859702,-7.540941668595551,3.710951191680458,-2.0963177497820595,-1.5181134446489608,-116.7110309970808,-54.63634201664445,0.09381967055614027,-4.040976744791173,0.015427201351261743,0.26707301677236384,7.094707345106627,0.84375,0,0,0,0,1,0,0,0,-113.26413799274064,-37.445498678002565,-37.38383094851747,-11.84100122917178,-26.593807137048827,-12.015402499938745,1,1,0,3,96.47696417682657,0,1,0,1,1,-1.591768959517242,-0.559059860069248,-0.014883965685323186,0,0,-1.2441127211378609,0.34765623837938064,-3.1327387282503567,-0.6719449729093424,6.5,39.5
20251113010,2025,30,Finals Week 3,2025-09-26 09:50:00+00:00,Storm,Sharks,AAMI Park,22,14,8,36,1,False,128,0.597619050521793,BlueBet,0.6490384615384616,,False,0.7151898734177216,,41.5,True,0.3955542362798173,-8.90250170659274,9.198712766579407,-1.2968984371814116,-2.064188876850409,-81.74877348588984,-11.212406193189622,-0.40935325773811826,2.75812635913627,-0.12411568529847372,-0.02698954380459817,-7.791338330868072,8.0,0,1,0,0,1,0,1,0,47.17973930971459,1.6998527828094439,41.42665310757599,-0.47945895540857464,4.53269237473782,2.028384476065355,2,1,0,3,86.55970083868698,1,0,-1,2,0,-0.36356548863679206,0.4709515887236624,0.056261518849189035,0,0,-0.03266698362488085,0.3308985050119122,-1.4147310515294218,0.6148153372900385,-7.5,40.5
20251113020,2025,30,Finals Week 3,2025-09-28 06:05:00+00:00,Broncos,Panthers,Suncorp Stadium,16,14,2,30,1,False,124,0.5227705332844446,BlueBet,0.450261780104712,,False,0.4387755102040816,,48.5,True,0.09114517938369254,1.3004562377444806,2.775374511647584,-3.4504156176987806,-0.22777909156504705,60.214361327912684,14.949442110794848,1.084819382493274,7.745733461119613,-0.11257348985918192,1.3764400375573231,-3.1283386417408714,7.0,0,1,0,0,1,0,1,0,-11.03121205035643,14.667625331669115,-4.96172754860487,-9.452615402638486,-11.28449443078216,25.693867807369315,1,1,0,3,112.403440049181,0,0,2,3,0,-0.9397754860228793,-0.7713141198379847,0.2922640216237062,0,0,0.24210326680055072,1.1818787528234302,0.5692315144451643,-0.1996130539040158,1.5,46.5
20251113110,2025,31,Grand Final,2025-10-05 08:30:00+00:00,Storm,Broncos,Accor Stadium,22,26,-4,48,0,False,125,0.5814261981975235,BlueBet,0.5584415584415584,0.5555555555555556,True,0.5685279187817259,-2.5,40.5,False,0.3286308248738417,-7.073131443299445,0.1415765266014688,0.2314584856496822,0.3593746285952051,-130.78726295274373,-26.656362844860382,-1.1647917124363891,-10.77572175203592,-0.5617851027690008,-0.5124430482664595,-3.7026772702328756,1.84375,1,1,1,0,1,0,0,0,-61.749883857560576,5.913979084838161,-11.877827417530796,-21.673690163182783,-34.11234536168517,5.2919512272410145,0,0,0,0,2.203084087971064,-1,0,0,-1,0,0.13113989548619798,0.5024579160564762,-0.05295745696003823,0,0,-0.5974813200214626,-0.7286212155076602,-0.09365749081457297,0.23483959107740082,-2.5,40.5
20261110110,2026,1,Round 1,2026-03-01 02:15:00+00:00,Knights,Cowboys,Allegiant Stadium,28,18,10,46,1,False,124,0.4057942192022659,BlueBet,0.4170984455958549,0.3924050632911393,True,0.4144578313253011,4.5,42.5,False,-0.38137950983351526,-10.638264957042729,12.780359719597985,-0.6935676111579596,-4.519449789734942,-245.31746835565605,-48.09760421109945,-0.43117001928619025,-1.5683368751702957,-1.6942179282426615,-0.029732907881037995,1.536191955819163,0.0,1,1,1,0,0,0,0,0,-19.936866999712038,-14.200642777364436,1.5027104949128045,-9.589670088238194,2.350735370977816,25.73910533570762,2,1,0,-1,-27.062860024362834,-1,-2,0,-1,1,-0.777069955406646,0.47202007948708524,-0.45242760420169204,0,0,-0.5376617016443688,0.2394082537622775,0.15628327525667204,-0.3346960372199574,4.5,42.5
20261110120,2026,1,Round 1,2026-03-01 04:30:00+00:00,Bulldogs,Dragons,Allegiant Stadium,15,14,1,29,1,False,120,0.6050557061680947,BlueBet,0.6690140845070424,0.6296296296296295,True,0.7070707070707071,-4.5,41.5,False,0.426575803420936,1.5407649720653218,-3.1775358778040577,-1.4323359019099229,1.0437580590756284,25.41989974754597,-47.75096670515717,0.9050762937823036,8.288902258989175,1.733068904000353,0.4686914793619019,11.577142844982127,0.0,1,1,1,0,0,0,0,0,19.619474139825343,-0.24547891815160483,21.054203352457847,-20.03258045781888,18.843330163337825,15.604204983955128,1,0,-1,-8,-294.9574442948547,0,-2,-3,-5,0,0.5304015003561503,-0.21958416576793294,0.32407385450134657,0,0,-0.05301508714945036,-0.5834165875056008,-0.527562200962152,0.7037292898904828,-4.5,41.5
20261110130,2026,1,Round 1,2026-03-05 09:00:00+00:00,Storm,Eels,AAMI Park,52,4,48,56,1,False,126,0.7144046347379965,BlueBet,0.691609977324263,0.6658878504672897,True,0.6725663716814159,-7.5,44.5,False,0.9168735148768896,-9.158683468636784,3.292096182354669,0.4474583982735112,-1.3759120841023247,-33.20176613283684,13.450045630776344,-0.9533626264475137,4.471945887734929,-0.19676920318968705,0.7193873540895144,2.9801612330166236,0.0,0,1,0,0,0,0,0,0,-74.15428472921758,14.549771320327693,-71.76240156473077,-11.233327274023594,-5.708327210791069,-12.129243544625922,0,0,2,0,25.833629170105127,-1,-1,1,-3,-1,0.5213691661919504,0.04151915473950901,0.30773382565849994,0,0,0.18326064718486348,-0.3381085190070871,-0.23735390263414433,0.8076568908713594,-8.5,43.5
20261110140,2026,1,Round 1,2026-03-06 07:00:00+00:00,Warriors,Roosters,Go Media Stadium,42,18,24,60,1,False,124,0.4751289915587974,BlueBet,0.42708333333333337,0.3658536585365854,True,0.34151785714285715,5.5,42.5,False,-0.09956620585064645,-5.05386112322936,4.927979997542533,3.0178194912181198,-1.7648624451823238,40.88295255827052,8.970535987006656,-0.9722877837128934,-4.163945265830762,-1.2348776002762936,0.3081949829384909,9.18442779363161,0.0,0,1,0,0,0,0,0,0,-42.84925353743722,-29.583543332326855,23.095533681989536,-30.11118585765726,-6.250058029442741,-6.131786882070372,-1,0,0,0,-50.63718088393023,0,0,-1,-2,0,-0.7297763961961344,0.17091531642485225,-0.24425583830327918,0,0,-0.6243604811590862,0.10541591503704814,-0.429208296188033,-0.29376111852816295,4.5,40.5
20261110150,2026,1,Round 1,2026-03-06 09:00:00+00:00,Broncos,Panthers,Suncorp Stadium,0,26,-26,26,0,False,126,0.5628614899273423,BlueBet,0.5729166666666667,0.5366492146596858,True,0.5531400966183574,-1.5,40.5,False,0.2527834748645743,0.6961375984151701,1.3602520543937153,-0.7280463431695665,-0.7399600313710977,-10.233711173078518,21.461858315904692,0.6622622561141105,5.410146248879613,-1.0789157949122306,0.8340364378265956,-1.9559373270361036,0.0,0,1,0,0,0,0,0,0,35.71527672386537,7.1374847561866375,8.83775531857603,-1.929176807817214,21.66921345691989,8.800778502144851,0,0,-2,1,15.003376124314258,1,-1,-1,0,0,-0.1633055136616901,-0.1266407113019572,-0.06778745798111738,0,0,0.21339553183543525,0.3767010454971254,-0.03607679428450172,0.29376111852816333,-2.5,40.5
20261110160,2026,1,Round 1,2026-03-07 06:30:00+00:00,Sharks,Titans,Ocean Protect Stadium,50,10,40,60,1,False,121,0.7604198510001949,BlueBet,0.7048458149779735,0.7319587628865979,True,0.7608695652173912,-11.5,47.5,False,1.1549827040467444,-1.4777282905051194,-10.796758225487228,5.417755113516279,1.392766158202086,-4.935008595852423,5.939928300822999,-1.0549863281303828,-0.833599371371136,-2.1089463392979937,1.8933248471552275,3.004922808547839,0.0,0,1,0,0,0,0,0,0,-11.574686099947144,2.3878618293008174,-25.978943719950962,10.429796277227808,1.5865995134751927,7.351263890524336,-2,-1,-2,-5,-153.33135798579045,0,-3,-2,-3,-1,1.1884016743483619,-0.3049640337081432,0.3848010612686834,0,0,0.20860735433176947,-0.9797943200165922,0.11331886836763977,0.8704811958428605,-11.5,48.5
20261110170,2026,1,Round 1,2026-03-07 08:35:00+00:00,Sea Eagles,Raiders,4 Pines Park,28,29,-1,57,0,False,125,0.5233262748321246,BlueBet,0.4986737400530504,0.5263157894736842,True,0.525,-1.5,43.5,False,0.09337287948065899,4.7768464216645015,-2.439413214604606,-0.3989585530337223,1.8014871060218098,104.85784097284636,22.62888269451912,0.8610245072914573,-4.956040229822275,1.3575945844220438,-0.6765268489063345,-5.751668992636134,0.0,0,1,0,0,0,0,0,0,-26.232542169529665,5.7656662401354595,-58.581430759881215,32.23243735973925,-5.649215009523118,5.717196144832485,-1,0,0,3,93.09814098612712,2,1,1,5,0,-0.20507304222192477,0.06927409243310226,-0.10169747410801346,0,0,-0.16423538026107046,0.040837661960854185,-0.014553582667147194,-0.005305052229693341,-1.5,43.5
20261110180,2026,1,Round 1,2026-03-08 05:05:00+00:00,Dolphins,Rabbitohs,Suncorp Stadium,30,40,-10,70,0,False,72,0.6560560790142417,BlueBet,0.582901554404145,0.5584415584415584,True,0.5626535626535627,-2.5,43.5,False,0.6457676478986482,13.476230585347405,6.725807246562397,-4.162743018506106,1.5103308681908416,101.13620143986827,-17.63665832617886,3.3805856305880644,5.708629460414251,1.535871100096502,-1.21835284135667,1.65126830902026,0.0,0,1,0,0,0,0,0,0,-2.8750763699885056,23.505917351651448,-18.48243759871636,9.78948364943767,-17.68803977236132,-24.061683909849222,0,-1,2,-3,-45.207451389387415,1,0,-1,-2,0,0.7559401027786642,-0.03904782361048387,0.34026419649314477,0,0,0.8209728006031556,0.0650326978244915,0.6489681151955913,0.33469603721995705,-1.5,44.5
20261110210,2026,2,Round 2,2026-03-12 09:00:00+00:00,Broncos,Eels,Suncorp Stadium,32,40,-8,72,0,False,127,0.6770330151271076,BlueBet,0.7857142857142858,0.7619047619047619,False,0.7807308970099668,-12.5,50.5,True,0.740169934545759,-4.73472919756388,-5.669447123692745,0.34972930296757454,-0.5472074847653374,9.531821113532715,37.463081180098925,-0.584105375205235,6.05673745451676,0.07774482179274145,2.2391688747804217,1.3336788637985677,-1.0,0,1,0,0,0,0,0,0,30.257345573700945,-6.024125660006916,-5.179377208108633,26.22049110910646,15.24035733270999,-27.73562524195853,1,0,0,-3,-133.0200468257567,-1,-2,-1,-4,-1,0.8421436658305497,0.08580453631792628,0.16513322507286807,0,0,0.15384435416128564,-0.6882993116692641,-0.3444600194617294,1.2992829841302613,-11.5,49.5
20261110220,2026,2,Round 2,2026-03-13 07:00:00+00:00,Warriors,Raiders,Go Media Stadium,40,6,34,46,1,False,125,0.5351215474955406,BlueBet,0.5238095238095238,0.513157894736842,False,0.5175879396984925,-1.5,46.5,True,0.14071793371749386,2.21595202656318,-5.826725227596018,1.4599836916532922,2.151568338301658,41.64206729578541,55.53520638875625,0.2192081083585231,-7.074669512427249,-0.20093600080425844,-1.5711719863058837,-0.21986771442009,1.0659722222222223,0,1,0,0,0,-1,0,0,-59.72722877877732,-7.646061504603182,-40.205303321587394,7.03466957184061,-18.91053352442728,10.654441346910005,0,0,0,1,28.122471393590075,0,0,0,0,-1,0.3017380410144788,0.053709494104572875,-0.05382273356897206,0,0,-0.06012798258731347,-0.3618660236017925,0.14263320463494647,0.09531017980432493,-1.5,46.5
20261110230,2026,2,Round 2,2026-03-13 09:00:00+00:00,Roosters,Rabbitohs,Allianz Stadium,26,18,8,44,1,False,127,0.6627852539380004,BlueBet,0.5994897959183673,0.5584415584415584,False,0.5550122249388753,-2.5,49.5,True,0.6757310810937441,-2.740555883019553,-0.4467831603447294,-6.749546888131789,-3.4469329735687992,-121.8619046419501,9.283342623032809,0.1536946238963992,9.29957349706131,2.809567522753044,1.4387992019708058,-1.7989694525325852,1.9201388888888884,0,0,0,1,0,-1,0,0,-11.2241405573983,39.651436816326424,-20.400854856532277,-1.3786885704812448,-29.096033946711174,7.908156609428062,-1,-1,0,-5,-139.28401813726788,0,1,-1,0,-1,0.08359908106900402,-0.41970809440241186,0.4022283742305336,0,0,-0.03523652522857182,-0.11883560629757584,0.8229316360736557,0.4033397087958505,-1.5,49.5
20261110240,2026,2,Round 2,2026-03-14 04:00:00+00:00,Wests Tigers,Cowboys,Leichhardt Oval,44,16,28,60,1,False,120,0.542811948478411,BlueBet,0.5798969072164949,0.5949367088607596,False,0.6115107913669064,-5.5,51.5,True,0.17166814284114407,-2.078674015755883,-0.2824632731324428,1.9481686495499844,-0.9756813248141967,-175.5561166976272,-51.981978919445055,0.32920439814477387,-0.6521932147625762,-2.00712250267126,0.18993671795838285,-3.0841752748218667,0.9270833333333339,0,1,0,0,0,0,-1,0,11.463719742162652,0.2350550933817317,49.62869430156462,-19.763287284238203,-18.636742368545512,24.61061223771594,1,1,1,-5,-197.7073284185036,1,1,-1,1,0,0.034943778399937786,0.07275817696997411,0.024267466518992045,0,0,-0.08840130069089522,-0.12334507909083292,-0.004901754924326429,0.32235020139765796,-4.5,51.5
20261110250,2026,2,Round 2,2026-03-14 06:30:00+00:00,Dragons,Storm,WIN Stadium,20,46,-26,66,0,False,121,0.3493347960754925,BlueBet,0.3688118811881188,0.3181818181818181,False,0.2952182952182952,7.5,47.5,True,-0.6219644667924417,-12.486902695544643,8.28636196121455,0.8908391532159641,-4.070666847196492,-173.1677863516852,-10.694310507591354,-3.86905823886808,-10.419507948934054,-1.3799558767966058,0.20685726166330198,-4.824840092721722,4.1875,0,1,0,0,0,0,1,0,16.1869105586934,-18.748819886512166,16.20228836552718,5.79436876227328,12.93907331740516,-4.425429154404185,0,0,-1,3,98.19244274103556,0,0,-2,-1,0,-1.9371137143506347,-0.020874132257296396,-0.5182574931556064,0,0,-1.2547717119326531,0.6823420024179818,-0.5092920205320991,-0.5373172392129669,7.5,47.5
20261110260,2026,2,Round 2,2026-03-14 08:35:00+00:00,Panthers,Sharks,Carrington Park,26,6,20,32,1,False,130,0.5219407350053255,BlueBet,0.6075949367088608,0.7032967032967032,False,0.6599552572706935,-7.5,43.5,True,0.08781933681414027,-6.143052355006123,-1.5560778511259308,-1.5137839113578764,1.9933556920684765,122.29218820409528,11.264306013204077,-0.9739674295307639,3.298776649954732,2.3860397783800362,-2.0836766373431557,-0.5439630989119664,0.8958333333333339,0,0,1,0,0,0,0,0,31.412341207089753,-11.703821442505301,28.79033081795768,12.65040912453523,1.6754227071022143,-16.381157633462777,0,0,2,1,39.153741936853095,0,0,-1,0,0,-0.10724384923084251,0.000595985077631811,-0.009660535130230852,0,0,-0.5433559597655104,-0.43611211053466814,-0.9829279804526991,0.4372138064227448,-7.5,43.5
20261110270,2026,2,Round 2,2026-03-15 05:05:00+00:00,Sea Eagles,Knights,4 Pines Park,16,36,-20,52,0,False,125,0.6634527245155362,BlueBet,0.6075949367088608,0.5949367088607596,False,0.6681034482758621,-5.5,49.5,True,0.6787189685633989,7.9178521622922595,-6.763149423902998,1.2750300713224192,3.1217826876073005,105.27815359426882,5.23059168573036,0.6905690941379508,-3.022366571567858,0.12860973618352212,0.28302441555594715,-0.000586856400850877,-6.145833333333333,0,0,0,0,0,0,-1,0,9.489173583936463,24.90140220678444,-22.68093455741581,-10.176376551636992,17.445082486204754,8.369916872259267,-1,0,1,2,54.59129509192755,0,0,0,-1,0,0.6723149580334487,-0.3866019761307182,0.3968119572855461,0,0,0.47928640121765803,-0.19302855681579034,0.05621244475266235,0.4372138064227448,-3.5,48.5
20261110280,2026,2,Round 2,2026-03-15 07:15:00+00:00,Dolphins,Titans,Suncorp Stadium,18,14,4,32,1,False,73,0.685260326751206,BlueBet,0.6447688564476886,0.6935123042505593,False,0.7309941520467838,-9.5,55.5,True,0.778052942108663,11.503530497049432,-1.8467364395490762,-2.285232782996758,0.0037254722273090124,183.8009539600289,-15.491499662616661,1.9751961433236618,-1.5425474588714039,0.031646442894480487,0.820848184019213,1.4316299575563747,-0.9409722222222223,0,0,0,0,0,0,0,0,71.60636681488904,20.185728257903037,1.1071972723705699,44.3253567159513,5.988084568664064,12.950141384374632,1,0,-1,1,55.7091299604451,0,0,0,1,-1,1.581278215446013,0.1770691228197372,0.3452984988777494,0,0,1.0677717729716147,-0.5135064424743984,2.013956709677543,0.5961232042778857,-8.5,55.5
20261110310,2026,3,Round 3,2026-03-19 09:00:00+00:00,Raiders,Bulldogs,GIO Stadium,10,14,-4,24,0,False,124,0.5682592954056436,BlueBet,0.5263157894736842,0.513157894736842,True,0.5185185185185186,-1.5,47.5,False,0.2747526333567724,-0.267522551496036,8.366813956047043,-1.6675198828360038,-2.6309404598226536,-208.65936894429387,-37.67314144849013,-0.3201268168243079,3.836492194945457,0.4756926418177425,1.3058711948104618,3.2286497521220525,-7.916666666666667,0,1,0,0,0,0,-1,0,-22.34837290632231,-7.784554268870863,11.563030528727154,-29.71404402163641,3.5871948554577386,-20.50195455290799,0,0,0,0,-20.34641969968748,1,-1,0,0,1,-0.7377992273637008,-0.16690527585671397,0.040861790200535125,0,0,0.25175280560829394,0.9895520329719947,-0.9575211357561205,0.10536051565782614,-1.5,49.5
20261110320,2026,3,Round 3,2026-03-20 07:00:00+00:00,Roosters,Panthers,Allianz Stadium,4,40,-36,44,0,False,131,0.4795497881252373,BlueBet,0.3875,0.3796526054590571,True,0.3741339491916859,5.5,43.5,False,-0.0818465067066632,-1.5969717031591237,11.101292107474393,-6.257350080963818,-3.772594641411672,-130.35489147165254,14.875143750741245,0.45836845560891426,2.942101558411288,1.6787342353959058,1.900857972891779,-2.7800602408459447,0.9826388888888893,0,0,0,0,0,-1,0,0,-28.401823001090634,-1.8609244103503215,-23.660990678414976,-8.675402441028695,5.795494528703287,2.2617999714071573,1,0,0,2,66.47300406280296,-1,0,-1,-1,0,-1.8870022848855261,-0.2561935385832439,0.11236100640701539,0,0,-0.17226196313963968,1.714740321745887,-1.2643555569613727,-0.45783309362548047,6.5,45.5
20261110330,2026,3,Round 3,2026-03-20 09:00:00+00:00,Storm,Broncos,AAMI Park,14,18,-4,32,0,False,128,0.6884031952810046,BlueBet,0.6563245823389022,0.7032967032967032,True,0.7047817047817048,-9.5,55.5,False,0.7926646464197529,12.505070106098287,-9.780958083916069,7.8968558031218805,4.2194787727393575,182.25187974909045,73.36823060134589,3.1144820912448035,3.220670128271152,-3.4212305886222065,-2.5384944237770792,-1.5545863144394758,-1.895833333333333,0,1,0,0,0,0,0,0,83.44965911670465,46.6195160834705,-57.24890542372671,17.787514388544366,76.29153406841641,34.58351209564739,-1,-1,2,-1,4.842470474569325,1,-1,1,0,0,2.2747562175769627,0.1336728514000165,0.31718540955722535,0,0,1.2825188503898777,-0.992237367187085,0.6079804485366505,0.6469577980905711,-7.5,55.5
20261110340,2026,3,Round 3,2026-03-21 04:00:00+00:00,Knights,Warriors,McDonald Jones Stadium,12,38,-26,50,0,False,126,0.45849799516557155,BlueBet,0.35835351089588374,0.33411214953271023,True,0.3037974683544304,7.5,49.5,False,-0.16639084971338752,-6.148203797312814,10.809393519129603,-3.0959070516325085,-2.56183894400548,-89.77064707817817,-85.2873645968175,-0.04727733479775864,2.316229738658606,0.6218629361689167,-0.0373062499267478,-2.981139078309596,-1.9201388888888893,0,1,0,0,0,1,0,0,-52.776469131227714,-41.529773528003034,-13.362152956906243,16.425690629224988,-14.31023327554334,-41.81646782571562,0,1,-1,-1,-33.57551017433664,-1,0,0,0,1,-1.3871848862070522,0.30919987204520705,-0.6225055928952312,0,0,-0.593653251966989,0.7935316342400627,-0.23431093809545006,-0.5825175522221073,6.5,49.5
20261110350,2026,3,Round 3,2026-03-21 06:30:00+00:00,Sharks,Dolphins,Ocean Protect Stadium,10,38,-28,48,0,False,74,0.6557886241242261,BlueBet,0.6563245823389022,0.6547619047619047,True,0.6607142857142857,-7.5,55.5,False,0.6445825842750773,-4.236056625701185,-8.924146535774756,4.233204596791708,1.0752808658591206,-187.27364496933296,-3.659169475262104,-1.132786188154852,3.247942383188178,-1.792475183341974,1.2776211171062908,-0.9180403734852476,0.9444444444444446,0,1,0,0,0,-1,0,0,2.694434789701859,-1.7073515401656607,-5.871791511698916,-14.98733429757624,25.260912139142704,3.023892760357967,0,0,-1,-5,-198.22481416275917,0,0,1,1,0,1.1077990964840665,0.015151171253758828,0.03718546189197475,0,0,-0.0217184151160576,-1.1295175116001244,0.14826113747693326,0.6469577980905711,-7.5,55.5
20261110360,2026,3,Round 3,2026-03-21 08:35:00+00:00,Rabbitohs,Wests Tigers,Polytec Stadium,20,16,4,36,1,False,121,0.5092921815440865,BlueBet,0.6045340050377834,0.6045340050377834,True,0.5938242280285035,-5.5,53.5,False,0.03717300615691046,-4.687246190201353,2.2892415466476947,2.3870001289990483,0.029733165017496788,-39.522817737392415,-64.10551774151378,-0.7562639235853741,-7.005374638943184,-0.6947013831489475,1.0688581995592,-3.310612564300712,0.791666666666667,0,0,1,0,0,0,0,0,-28.707688557922893,-49.62807247650443,-24.557507315455155,30.930993379820706,14.546897854216013,-23.83811901665888,1,1,-1,3,109.8820960848154,0,1,0,1,1,-0.6434256772636064,-0.05663709289112792,-0.0734472933973128,0,0,-0.32009572982578616,0.3233299474378203,0.4242127875061458,0.42439311799368346,-5.5,53.5
20261110370,2026,3,Round 3,2026-03-22 05:05:00+00:00,Eels,Dragons,CommBank Stadium,30,20,10,50,1,False,122,0.6480131214900999,BlueBet,0.6563245823389022,0.6030150753768844,True,0.6233183856502241,-6.5,53.5,False,0.6103170474175965,9.510381246122083,-1.802552514313792,-1.925833271824402,0.7932886072333787,-77.08333315041045,-90.20306679599412,0.9234919188075641,3.609880224884055,1.2085241993392533,-1.208667102254152,0.3339871922417217,1.895833333333333,0,0,0,0,0,0,0,0,-31.80657177155183,-1.323315424854485,22.20120762556266,-30.665003777149764,-22.019460195110256,8.911924728137194,0,0,-1,-3,-97.8016803996579,-1,0,0,-1,1,0.4875150563610382,0.02773798420103346,0.15175337038395553,0,0,0.6183774404494001,0.13086238408836182,0.7077944662564062,0.6469577980905711,-6.5,53.5
20261110380,2026,3,Round 3,2026-03-22 07:15:00+00:00,Cowboys,Titans,Queensland Country Bank Stadium,30,16,14,46,1,False,123,0.6230797110917919,BlueBet,0.6416464891041161,0.5852417302798981,True,0.6024096385542168,-4.5,57.5,False,0.5026407279450643,2.6968664619258575,1.4067841270534913,-3.409458795866044,0.14416410420049885,150.97368379905015,46.22966533627823,-0.11934688628076007,5.130310658245939,1.1632755789119766,0.6156463381152051,6.877377368540138,1.135416666666666,0,0,0,0,0,0,0,0,15.940393540707078,-22.617903848382326,3.882244760448856,39.05322598850769,-4.377173359867086,-33.82772145749743,-1,-1,-1,4,144.14344272499406,1,0,0,0,0,0.3825940377624395,-0.1509035396035424,0.03934777128539402,0,0,0.29952308247674275,-0.08307095528569719,0.5901578636355651,0.5825175522221068,-5.5,57.5
20261110410,2026,4,Round 4,2026-03-26 09:00:00+00:00,Sea Eagles,Roosters,4 Pines Park,16,33,-17,49,0,False,127,0.4901740339110964,BlueBet,0.32558139534883723,0.35251798561151076,True,0.3348115299334811,6.5,44.5,False,-0.03930892522537759,5.81185373405695,1.0242847443496501,3.6087347040658386,-0.5026508389795481,-53.26738428056092,-45.48711518376962,-0.09928669521513278,-11.484469601633965,-1.703018875666558,-1.3759167775954273,9.825506750680887,5.079861111111112,0,0,0,0,0,0,1,0,-60.68286924604524,-7.564713135262991,-8.855443856608844,-32.18383113304232,-12.078881121131161,-3.00674173800806,1,0,2,5,169.28211784116874,0,-1,1,-1,1,0.03588272585678032,-0.006298885118835251,-0.0008152106774615836,0,0,0.08813319917412045,0.052250473317340174,0.5464033172274696,-0.7282385003712153,7.5,47.5
20261110420,2026,4,Round 4,2026-03-27 07:00:00+00:00,Warriors,Wests Tigers,Go Media Stadium,14,32,-18,46,0,False,122,0.7067621731793119,BlueBet,0.7572815533980582,0.7894736842105263,True,0.8262108262108262,-13.5,46.5,False,0.8797102451872857,7.685990564048332,-6.662756193699202,2.9005007655509303,0.7564534968132861,26.8671877894501,13.259621314098354,0.39089190944414476,-3.8407713783795785,-1.5069598321406605,-0.512581655672868,-0.40194244385692457,0.19097222222222232,0,1,0,0,0,-1,0,0,26.768548438065977,24.4519703823444,-14.369378242269761,-0.8531417478904757,17.539098045881858,37.808647570003245,0,0,-1,0,-2.151252697736311,0,1,0,2,0,1.669586736012576,0.06356913392901589,0.2648267354083119,0,0,0.7982824657499107,-0.8713042702626653,-0.07617267433544031,1.1378330018213911,-12.5,47.5
20261110430,2026,4,Round 4,2026-03-27 09:00:00+00:00,Broncos,Dolphins,Suncorp Stadium,26,12,14,38,1,False,75,0.5860074871935353,BlueBet,0.6218905472636816,0.5684754521963824,True,0.5932203389830509,-3.5,50.5,False,0.3474846776229282,-10.104521386650049,1.1174984885928865,-3.273419391165774,-1.878174768728627,-140.449341044912,28.35419626926989,-1.6594581173514826,7.1291547484931,1.4971896995151432,2.7831729355227797,2.138176094189525,0.895833333333333,0,0,0,1,0,0,0,0,-75.90629602793229,-12.31472849202882,-3.745798300788721,-52.69705963149366,-7.148709603621086,0.8815796269216776,1,1,0,-1,-2.0194573960352074,0,0,0,1,0,-0.7948117943944697,-0.07624351004555248,-0.03868909402304468,0,0,-0.8241376419016134,-0.02932584750714378,0.6699429751880097,0.49758039701597023,-6.5,50.5
20261110440,2026,4,Round 4,2026-03-28 04:00:00+00:00,Bulldogs,Knights,Accor Stadium,16,24,-8,40,0,False,125,0.6993045513756139,BlueBet,0.7572815533980582,0.7677902621722846,True,0.792079207920792,-13.5,46.5,False,0.8439883892172084,-2.915273029709585,-11.785696549822081,9.024905110511554,2.8562871566621055,195.1020179263653,30.10688881360943,0.3546722979144743,-3.8056842829685955,-2.354919289988299,-1.9820504778221002,6.670077944429927,1.791666666666666,0,0,0,0,0,0,0,0,51.13269236290557,22.628586318147455,16.608117657801984,7.696720959376165,4.199267427579926,9.08527019974784,-1,0,-1,2,49.91068903502639,1,0,-1,0,-1,0.9273447092476906,-0.09963500442029408,0.03886879149295312,0,0,-0.3533025435783873,-1.280647252826078,-1.3797292897282711,1.1378330018213911,-12.5,46.5
20261110450,2026,4,Round 4,2026-03-28 06:30:00+00:00,Panthers,Eels,CommBank Stadium,48,20,28,68,1,False,129,0.7485050838315532,BlueBet,0.7572815533980582,0.8059210526315791,True,0.81203007518797,-14.5,47.5,False,1.0906552205692144,1.120714841470626,-17.05593222578847,1.5399662417362237,2.404471411333674,131.32735449417805,3.3624108368198904,1.4431451233959764,3.4334133336165635,0.642769149206293,-1.464723036856416,0.42532351907948396,1.9201388888888893,0,0,0,1,0,0,0,0,66.55754714194734,24.608215384614823,7.259411266018816,22.887157140190794,11.802763351122806,5.239077696993149,0,0,0,-3,-98.88329782621621,0,-1,-1,-2,-1,3.3102039811873567,0.1709064765417117,0.061349245699112605,0,0,0.6053631760079913,-2.7048408051793658,-0.3885835350661656,1.1378330018213911,-12.5,47.5
20261110460,2026,4,Round 4,2026-03-28 08:35:00+00:00,Cowboys,Storm,Queensland Country Bank Stadium,28,24,4,52,1,False,127,0.366412392790894,BlueBet,0.25553319919517103,0.23809523809523808,True,0.2344582593250444,12.5,51.5,False,-0.5476388256326289,-4.729670245437113,9.203713519012442,-5.391686555561947,0.27145741761551534,-69.38251012349883,-11.059549181758712,-2.5153157152298693,-5.835254646025696,2.577637949287599,0.6836377188802727,4.5828030887773465,-1.927083333333334,0,1,0,0,0,0,0,0,-15.28666757379142,-34.294505672995086,-8.831266048255202,21.762676036283978,6.076428111174948,-22.805814736525093,0,0,-2,1,14.584757885621954,0,1,0,2,-1,-2.353046405729385,0.14645381776973798,-0.5118072394030282,0,0,-0.9943435112091064,1.3587028945202788,0.5102192256444368,-1.0693159191796788,12.5,51.5
20261110470,2026,4,Round 4,2026-03-29 05:05:00+00:00,Raiders,Sharks,GIO Stadium,22,34,-12,56,0,False,128,0.5337687068465767,BlueBet,0.5263157894736842,0.5263157894736842,True,0.5432098765432098,-1.5,47.5,False,0.13528076365461802,-3.748736077120359,1.9567852971029396,-2.9802701573201915,-1.6693315040363217,32.69735223960106,13.738541258267787,0.04069556714124367,7.404299714282118,-0.047664871735534575,0.6371611145605662,4.5662449647539916,1.895833333333333,0,1,0,0,0,0,0,0,36.12109589408635,-20.0191781587898,53.086505291516346,-23.320443622889627,26.374212384249418,-8.825445353710421,0,0,1,1,22.404557094096894,0,0,0,-1,0,-1.0551201047512127,-0.1963856809495635,0.05003853499489824,0,0,-0.5166408264601867,0.5384792782910257,-0.6321336637836563,0.10536051565782614,-1.5,47.5
20261110480,2026,4,Round 4,2026-03-29 07:15:00+00:00,Titans,Dragons,Cbus Super Stadium,22,14,8,36,1,False,123,0.5342697519040729,BlueBet,0.48684210526315796,0.5287958115183247,True,0.5472636815920399,-1.5,51.5,False,0.1372942650209247,-0.6932979756164777,-0.7635618580740058,-1.4516849428086545,-3.183217530692758,-267.3189238821644,-124.86935579563522,0.4419005499033677,0.14284383733640738,1.9201736974099646,0.3016162214187492,-0.7659153924647271,-0.09027777777777768,0,1,0,0,0,0,0,0,-6.5094775207812745,23.76644176177504,1.7858165618354747,-14.347930029448293,-17.713805814943427,14.827953762384084,1,0,1,-4,-146.45438149278544,-1,-2,0,-2,0,-0.7425855929935694,-0.1618688976357867,0.14152352216912462,0,0,-0.36301690800726966,0.3795686849862997,0.3170104069935048,-0.05264373348542167,-1.5,51.5
20261110510,2026,5,Round 5,2026-04-02 09:00:00+00:00,Dolphins,Sea Eagles,Kayo Stadium,18,52,-34,70,0,False,76,0.6552298985326683,BlueBet,0.7096069868995633,0.7112068965517242,True,0.7283464566929135,-10.5,51.5,False,0.6421083418308149,3.943898941931103,-6.4823338367998815,1.2283045077368087,3.8950726086388556,234.60926968046078,63.53792848444368,0.30931274698131705,6.111050383020618,-0.7729174398502483,-1.0981768238218321,-2.099376556982108,-1.0,0,1,0,0,0,0,0,0,78.7814425150076,3.4020870394648455,11.584438662195481,54.13086187656563,9.664054936781582,-3.554550852192392,0,0,0,0,0.26646951785427575,0,-1,-1,-1,-1,1.3504244103113001,0.1064121543745642,0.12425793456898353,0,0,0.7444440079678417,-0.6059804023434586,0.7817251264500924,0.8934760541079834,-9.5,50.5
20261110520,2026,5,Round 5,2026-04-03 05:05:00+00:00,Rabbitohs,Bulldogs,Accor Stadium,32,24,8,56,1,False,126,0.5149281010206448,BlueBet,0.48684210526315796,0.513157894736842,True,0.5036855036855037,-1.5,45.5,False,0.05973015598025823,5.341668182713136,2.383048060247045,-2.724369700745754,-0.6427194498429856,-249.1974827900999,-71.78935378992367,-1.0509519733172024,0.6045427579547074,1.9753358752362846,2.4688351790068195,-11.0021140854033,6.809027777777777,0,0,0,1,0,0,1,0,-33.42306453475783,-40.496358926519235,20.257596594158258,8.065292141967035,-21.249594344363814,-14.468153961424292,0,0,0,0,-4.994046104122518,-1,1,1,1,0,-0.06287325868029081,0.08328677795816901,-0.010524619224589003,0,0,0.7933907465196894,0.8562640051999806,-1.612438805353244,-0.05264373348542167,2.0,46.5
20261110530,2026,5,Round 5,2026-04-03 09:00:00+00:00,Panthers,Storm,CommBank Stadium,50,10,40,60,1,False,136,0.6494206464526882,BlueBet,0.6416464891041161,0.7032967032967032,True,0.7113402061855669,-9.5,44.5,False,0.6164935704435056,7.43448693087052,-8.170130729362306,0.9610081656212941,0.7203721461895896,55.89400949210267,-35.09776923535583,-1.324928976195837,-1.491321246431454,0.7885588683391713,-0.6020895895521443,-0.3161894774735856,0.08680555555555625,0,1,0,0,0,0,0,0,14.346165402797624,-38.60574696560607,8.522654151409597,38.75293926710523,5.676318949888838,-25.779597074248528,1,0,-1,-3,-88.16334019350369,0,-1,-1,-2,0,1.9876174528925394,0.1699298044195996,-0.2095728103067478,0,0,0.6388782754797836,-1.3487391774127553,-0.42809324739121146,0.5825175522221068,-4.0,44.5
20261110540,2026,5,Round 5,2026-04-04 06:30:00+00:00,Dragons,Cowboys,St George Venues Jubilee Stadium,0,32,-32,32,0,False,124,0.486090291797757,BlueBet,0.47368421052631576,0.46335078534031415,True,0.4641975308641975,1.5,49.5,False,-0.05565319281150471,-7.737882293909589,2.1133686093112836,0.5315396509174093,-1.8814589598115532,8.649392671418354,5.891547335515838,-2.336384634481609,-7.168516342100467,-1.6385299771866961,-0.16219849392931174,-3.941375417902819,-0.9444444444444446,0,1,0,0,0,1,0,0,9.763881777278357,-33.83708964098537,16.688939422514295,-8.280613222272251,35.19264521802175,-21.527089198008184,1,0,1,3,108.89034886379875,0,1,1,0,0,-0.6348142256017093,0.11631454277269915,-0.26680704605387384,0,0,-0.6818783781844625,-0.04706415258275354,0.3656988203407129,-0.10536051565782652,-2.0,49.5
20261110550,2026,5,Round 5,2026-04-04 08:35:00+00:00,Titans,Broncos,Cbus Super Stadium,12,26,-14,38,0,False,125,0.3630887538010571,BlueBet,0.21052631578947367,0.23220973782771534,True,0.2281639928698752,12.5,51.5,False,-0.5619830097280791,-3.1904768874691456,5.11094730390197,-1.3071666218361315,-1.114614768775219,-131.72312154227438,-34.747348770099165,-0.10592501214094607,-8.611733180821815,0.7674423272798236,0.30762859415311183,-11.559203754434353,-1.927083333333334,0,0,0,0,0,0,0,0,-32.85196354749587,8.386898710112206,-40.643767745619584,1.9827730330708278,-2.5778675450592914,-3.9563856116322142,0,0,0,-1,-21.883671129024183,-1,-1,-1,-2,0,-1.8622581389597253,0.00838894118563599,-0.15965972513840068,0,0,-0.8581241663942359,1.004133972565489,-0.5253184348464128,-1.3217558399823195,14.0,51.5
20261110560,2026,5,Round 5,2026-04-05 04:00:00+00:00,Sharks,Warriors,Ocean Protect Stadium,36,22,14,58,1,False,128,0.609236544432003,BlueBet,0.5897435897435896,0.6030150753768844,True,0.60431654676259,-4.5,48.5,False,0.4441042028554753,-3.0861622869560037,3.23302698442939,-1.3245824283184078,-2.396384325944048,-59.31810411275637,-28.390214014198705,-0.20807996354058478,4.31568588645564,0.17724458797591325,1.429422814055091,-1.2689403850210397,-1.9201388888888893,0,1,0,0,0,0,0,0,12.892044291886805,12.557075139067592,-35.960444257923854,29.974332279233806,6.321081131509246,-0.5288928385824931,0,0,0,-1,-37.57236743931691,0,0,0,0,0,-0.6588486075124417,0.11828729563307883,-0.21625826338839388,0,0,-0.3061716930638278,0.3526769144486138,-0.1949288103077217,0.362905493689368,-2.0,47.5
20261110570,2026,5,Round 5,2026-04-05 06:05:00+00:00,Knights,Raiders,McDonald Jones Stadium,32,12,20,44,1,False,128,0.5207872242136568,BlueBet,0.42010309278350516,0.423076923076923,True,0.41463414634146345,3.5,47.5,False,0.08319685241187372,3.606584078106863,-1.8096116256612902,-1.0241567713674158,-0.16727630586953524,-10.777273547253571,0.28749852522298625,-0.45735428584487536,-2.5859868361170513,-0.11163552848679714,0.09642830313289785,-3.350387180777531,1.0451388888888884,0,1,0,0,0,0,0,0,5.336303440728784,0.2656337879742523,-5.924565147738889,11.817089930781066,-0.8218551302876307,17.858314487998655,0,0,1,1,21.468203175466012,0,0,1,0,0,0.5463606368844126,0.13774737196314468,-0.024348556099291867,0,0,0.30490083008799285,-0.2414598067964197,-0.13667230390254925,-0.32235020139765763,8.0,47.5
20261110580,2026,5,Round 5,2026-04-06 06:05:00+00:00,Eels,Wests Tigers,CommBank Stadium,20,22,-2,42,0,False,123,0.5846326730347473,BlueBet,0.5584415584415584,0.5,True,0.5086848635235731,-1.5,50.5,False,0.34182048671606674,-0.740357599912933,12.806841551400616,-0.3505067157386179,-2.2231916948913906,-95.45867938140486,-37.355651860893204,-1.0580740338308017,-10.517632402741768,-0.9843549109526553,-0.6964808048309878,6.822384547097286,-0.9791666666666661,0,0,0,1,0,0,0,0,-61.62359672573905,-44.18235321689099,-38.38913315690428,25.953115391652233,-5.0052257435959575,-37.03660464373337,1,0,-1,1,9.387701050261086,0,0,2,2,0,-1.7694693076624288,-0.28109294583082567,-0.09126265820662696,0,0,-0.21626006818828372,1.5532092394741452,1.230703657055984,0.23483959107740082,-2.0,49.5
20261110610,2026,6,Round 6,2026-04-09 09:50:00+00:00,Bulldogs,Panthers,Accor Stadium,32,16,16,48,1,False,127,0.35064877027508845,BlueBet,0.19732441471571904,0.15848527349228608,True,0.15483870967741936,17.5,48.5,False,-0.6161886883425655,-20.047776651409656,11.911973525349293,-7.649161224755119,-2.478427945706983,-37.52661945347381,-54.13431047457129,-2.054688597281957,-4.433319003250055,2.631447150789638,0.40740648405539837,10.158499993976182,0.16319444444444464,0,0,0,0,0,0,0,0,-40.818107156037854,-9.300714111693622,-19.597903111420607,-28.28146422030551,16.361974287381898,1.58633425974719,-1,0,0,1,26.16993851855429,0,1,2,2,1,-4.508472342035358,-0.04267436044672929,-0.09021914915003278,0,0,-2.711017336805826,1.797455005229533,-1.6407143111364362,-1.403101479436272,15.5,47.5
20261110620,2026,6,Round 6,2026-04-10 08:00:00+00:00,Dragons,Sea Eagles,WIN Stadium,18,28,-10,46,0,False,125,0.4321648969330986,BlueBet,0.393939393939394,0.33962264150943394,True,0.33184855233853,7.5,50.5,False,-0.2730238437940612,-17.896139048360624,2.755673061535621,1.4223768326039874,-2.0419980929728467,-65.98459682106454,55.35222635968739,-2.641130529835883,-5.527880104982138,-0.5054332425986825,1.068769996208073,-1.2540413006779545,-1.895833333333333,0,0,0,0,0,0,0,0,-11.710013365376653,-10.082482833356153,15.565445514895941,2.5720073672356136,-19.764983414152113,1.6275681484067661,2,1,-1,3,90.71412626934192,0,0,0,2,0,-1.8334901307098816,0.13860963963050804,-0.23796064965336983,0,0,-1.5928264329373631,0.24066369777251867,0.3014868160080649,-0.43078291609245406,4.5,49.5
20261110630,2026,6,Round 6,2026-04-10 10:00:00+00:00,Broncos,Cowboys,Suncorp Stadium,31,35,-4,66,0,False,129,0.6751623105171308,BlueBet,0.5263157894736842,0.5263157894736842,True,0.5276381909547738,-1.5,49.5,False,0.7316274813882749,-3.68350282889444,-0.7347816482147813,0.12372644849303072,-4.294285407216137,-129.5905122362219,-30.681072065190847,-2.95956271498651,1.5527282711970898,-0.3307079228791654,0.14482566229763094,6.030124631979305,-0.08680555555555536,0,0,0,0,0,0,0,0,-15.282820125894432,-67.24186743480297,44.68767045932668,-7.017611319739444,14.288988169321343,-57.45516833333795,2,1,0,2,69.19305487858846,0,1,0,-1,1,0.29009395889654294,-0.07022514962749626,0.12629222746364782,0,0,-0.1354795647078947,-0.42557352360443756,-0.5509355417850849,0.10536051565782614,-2.5,48.5
20261110640,2026,6,Round 6,2026-04-11 05:00:00+00:00,Rabbitohs,Raiders,Optus Stadium,34,36,-2,70,0,False,130,0.5173460671219691,BlueBet,0.6265356265356266,0.6341463414634148,True,0.6135831381733021,-5.5,49.5,False,0.0694121242835236,8.985857211958372,-6.256574255817355,4.171922474261791,3.001169948298241,-84.6850208907806,-50.44679008008751,0.36889976279977876,-13.15291122061015,-0.4008871451729661,-0.7299395932788242,-2.1956244021547064,2.041666666666667,1,1,1,0,0,-1,0,0,-11.967857458182834,-22.579672497690268,19.461496462309384,28.647455434064426,-37.49713685686635,3.9697356320808126,1,0,0,0,-7.44619096453232,0,-1,1,1,0,1.3126320427539708,-0.13521935544512032,0.10627432022144523,0,0,0.8927369634445054,-0.4198950793094657,-0.014091448841861087,0.5173830243121499,-5.5,49.5
20261110650,2026,6,Round 6,2026-04-11 07:30:00+00:00,Sharks,Roosters,Optus Stadium,22,34,-12,56,0,False,133,0.5272067438896857,BlueBet,0.47368421052631576,0.47368421052631576,True,0.4665012406947891,1.5,51.5,False,0.10893457274240155,5.045041618576629,-1.3311503271270233,1.0095371133402722,-2.0711418582036245,-90.36832768556474,-59.170301896810315,1.1403318633320945,-4.287902590270434,-0.1788638396387281,2.090426195918911,2.2649489290778213,-7.854166666666667,1,1,1,0,0,0,-1,0,-17.870440457375935,22.01989788890978,-14.032701523552191,-12.058439619670992,-13.799197203062562,16.515687197612436,0,0,0,-4,-104.68396527421658,-1,1,-1,-1,0,0.8821948693178137,-0.11207737761610703,0.11807574319099987,0,0,0.5055735843410522,-0.3766212849767617,0.2466069388552106,-0.10536051565782652,1.5,50.5
20261110660,2026,6,Round 6,2026-04-11 09:35:00+00:00,Storm,Warriors,AAMI Park,14,38,-24,52,0,False,129,0.6515014050890374,BlueBet,0.6864988558352403,0.7158119658119658,True,0.730844793713163,-10.5,47.5,False,0.6256453548879019,-3.229621462078846,4.293155694376949,5.348645225653797,-2.567842583159681,-106.40489679499115,1.5008948198820917,1.2580868026851428,2.4068107618171943,-3.189974647786533,1.7325055701153427,-1.6218012258491683,1.791666666666666,0,1,0,0,0,0,0,0,9.74222270763164,29.916082380070833,-5.8919728106266405,-10.46673183515351,-3.8151550266589,1.1689903689749315,-1,0,0,0,-19.26975468645992,0,0,0,-2,0,-0.40837251820533593,-0.058526401393640404,-0.11150382462423723,0,0,-0.038803689462722724,0.36956882874261343,0.5761924078865696,0.7838015488280762,-7.5,47.5
20261110670,2026,6,Round 6,2026-04-12 04:00:00+00:00,Eels,Titans,CommBank Stadium,10,52,-42,62,0,False,126,0.6830314631669278,BlueBet,0.6125,0.5769230769230769,True,0.5717761557177615,-3.5,51.5,False,0.7677384085811104,7.154882803201591,4.070857903421945,2.073806723071314,0.11727155619651342,-65.34870252018209,-48.37681074420732,1.1664836548625548,-4.2616986688727785,-1.4605389857998183,-0.31447879454825056,10.751555663882048,-1.895833333333333,0,1,0,0,0,1,0,0,14.570543711148389,-28.73508236142871,21.04306003239148,18.56862183636221,3.693944203823335,-4.216367127043128,1,0,-1,3,91.07678048257623,0,2,0,2,0,1.0074297595968227,0.11896099747463251,-0.20004397161456422,0,0,1.0741830687160614,0.06675330911923871,0.20360388659870865,0.4578330936254806,-4.5,51.5
20261110680,2026,6,Round 6,2026-04-12 06:05:00+00:00,Wests Tigers,Knights,Campbelltown Sports Stadium,42,22,20,64,1,False,124,0.5847859155411035,BlueBet,0.5684754521963824,0.5949367088607596,True,0.5903614457831325,-3.5,49.5,False,0.34245157052999364,0.8847729619698086,-2.4524543906525906,1.26938993435175,2.705103516205128,33.310708517838066,43.07430566948972,-0.11223445277844046,3.762700506950729,0.4605979696895055,-0.21467909334228708,-8.212879555499523,-1.0,0,0,0,0,0,0,0,0,11.585131195691815,25.684819829529744,42.647627407571065,-37.66327937187748,-19.084036669531542,5.178295004536494,0,0,-1,1,40.95828233433218,0,2,-1,1,0,0.48285577416275594,-0.11922351199286448,0.16121434679014207,0,0,0.18882806047523182,-0.2940277136875241,-0.4915692692989013,0.2756337339356064,-2.5,49.5
20261110710,2026,7,Round 7,2026-04-16 09:50:00+00:00,Cowboys,Sea Eagles,Queensland Country Bank Stadium,6,38,-32,44,0,False,130,0.5778190679692279,BlueBet,0.6296296296296295,0.5949367088607596,True,0.5932203389830509,-4.5,54.5,False,0.31382681743522245,-0.3044450886710628,-1.9262379199803163,0.010095874861320908,1.58299062737224,229.43478151994464,77.95998447349314,2.081021373832333,4.0354511199619765,0.1484303252798682,1.0094267799084768,0.5029171413028948,-0.08333333333333393,0,1,0,0,0,1,0,0,26.34657386346771,40.6151813498345,-8.67253362350337,11.682535111067665,-17.278608973931043,24.889288465308937,1,0,0,1,25.36073614729171,0,1,-1,0,0,0.125705356098694,-0.052310045065467214,0.06417707395412901,0,0,-0.00588964484820842,-0.1315950009469026,0.9143696659289194,0.5306282510621699,-4.0,54.5
20261110720,2026,7,Round 7,2026-04-17 08:00:00+00:00,Raiders,Storm,GIO Stadium,26,22,4,48,1,False,131,0.48123793370967166,BlueBet,0.43152454780361754,0.45312499999999994,True,0.4416873449131513,1.5,48.5,False,-0.0750835191165022,1.8617692371777608,-0.9138345793275278,-8.567795262116391,-0.44580834452077767,197.0195350582817,10.954259399205739,-0.41270645593238164,8.551352355013972,3.6169197744505652,-0.3984540317741905,0.8456482610746789,0.19097222222222232,0,1,0,0,0,-1,0,0,12.093238033631678,-16.36878140884602,7.747096533831552,-4.467661734337696,25.182584642983883,18.751292599263735,0,0,0,-1,-3.4131573542657065,0,1,-2,-1,0,-0.7243168429050383,0.4645259643077918,-0.23992683929850628,0,0,-0.475201896112311,0.24911494679272717,0.38004576072656304,-0.2756337339356065,2.0,48.5
20261110730,2026,7,Round 7,2026-04-17 10:00:00+00:00,Dolphins,Panthers,TIO Stadium,22,23,-1,45,0,False,77,0.29873570606073496,BlueBet,0.21052631578947367,0.27521008403361347,True,0.2476547842401501,11.5,52.5,False,-0.8533255838640035,-9.086186318450473,14.084371210444704,-5.111573904915318,-3.750881347505185,11.967343846940594,-37.127188865659036,-1.3812173312296778,-1.9226853942262636,1.1224266890689805,0.6969610205169827,5.874092795325701,5.993055555555555,1,1,1,0,0,0,1,0,28.852032193321406,-5.7693160330361195,2.5629629064420953,27.522117435545994,4.536267884369323,-1.8891280390967324,0,0,0,-2,-59.293023806860695,0,-1,-1,-1,0,-3.7555440264736024,0.20223408494229622,-0.43669215516911647,0,0,-1.2519551936746982,2.503588832798904,0.14424454818957355,-1.3217558399823195,14.0,52.5
20261110740,2026,7,Round 7,2026-04-18 05:00:00+00:00,Warriors,Titans,Go Media Stadium,28,20,8,48,1,False,127,0.7181121580721208,BlueBet,0.712742980561555,0.7361963190184049,True,0.7651245551601423,-11.5,48.5,False,0.935116497697884,2.07363757223089,0.5694413721016574,5.533480810788902,2.794013892057734,-156.34625292133387,-26.313781027440655,-0.6769302039585003,-2.7044516784007833,-1.3759181373814098,-1.8694923346297578,4.903705645559661,0.7673611111111107,0,1,0,0,0,0,0,0,3.6005125964297804,-19.714319061682062,27.89760037035552,1.5687331188914584,-6.151501831135121,-11.876303070829351,1,0,0,2,50.809165764572455,1,-1,-1,1,0,2.039547963091512,-0.10402959689405455,0.27616888687248714,0,0,1.152991839554069,-0.8865561235374425,-0.2764102765641121,0.908743526238772,-8.0,48.5
20261110750,2026,7,Round 7,2026-04-18 07:30:00+00:00,Rabbitohs,Dragons,Accor Stadium,30,12,18,42,1,False,126,0.7101024191846925,BlueBet,0.7619047619047619,0.7429718875502008,True,0.7564575645756457,-11.5,51.5,False,0.895881521005734,13.695218797071693,-2.1300572883108586,1.732678168579909,2.1448907169898774,-39.71708322248264,-114.03128201658683,2.239369979414444,4.707136441227696,0.8306826076264962,-0.14744872208240167,3.5656550643047673,-0.875,0,0,0,0,0,0,0,0,-10.53624597908879,-11.418399637932936,-32.93537340919505,43.44494651079444,-9.627419442755127,7.089032260913882,1,0,-1,-3,-76.93491914045933,0,-1,-2,0,0,1.7067739601605936,-0.35887438084656986,0.6378347582919256,0,0,1.4555764635442112,-0.2511974966163828,-0.04119129459284565,1.1631508098056806,-14.0,52.5
20261110760,2026,7,Round 7,2026-04-18 09:35:00+00:00,Wests Tigers,Broncos,Campbelltown Sports Stadium,20,21,-1,41,0,False,125,0.4974371442541053,BlueBet,0.586734693877551,0.6125,True,0.6363636363636364,-6.5,50.5,False,-0.010251512763260431,4.55444726373776,-2.2840271340346554,-0.6394543335702423,6.649365869791474,163.02417056677336,47.79631022903254,1.6455235400497106,9.92832708443779,1.5648176827105775,-1.4266127109099243,-9.98439304698815,-1.8368055555555562,0,1,0,0,0,0,0,0,134.14600329390294,59.66926818301667,55.14809983882793,0.7741101321576593,18.554525139900605,39.144514580043875,-1,-1,-1,-1,-99.40913080587116,0,1,-3,-1,0,0.7209072135822445,0.0474024800249897,-0.021068157071311017,0,0,0.4725047740979132,-0.24840243948433177,-0.28957000150116846,0.35048297369081105,-4.0,51.5
20261110770,2026,7,Round 7,2026-04-19 04:00:00+00:00,Roosters,Knights,Allianz Stadium,38,24,14,62,1,False,130,0.7061977660469364,BlueBet,0.667447306791569,0.7931034482758621,True,0.8112094395280236,-13.5,53.5,False,0.876988452782717,1.9166314851897077,-4.261761800294526,-2.6168378662216867,4.581252323007568,172.11397703726698,105.85158619685444,0.5002004303610343,3.823750340091763,1.6306587963953927,-1.0398673771675249,-11.18185233697448,0.9409722222222223,0,0,0,0,0,0,0,0,49.14898216704853,21.22402890097183,1.6213442244032876,1.0788953104535608,25.224713731219865,-1.0312377017209258,-1,-1,-2,-1,-61.66770683792177,-1,0,-2,-1,0,0.6673160893091354,0.1426203160014578,-0.06810781973760419,0,0,0.3354907670478865,-0.33182532226124895,0.15819451155793637,0.6966621226673897,-8.0,53.5
20261110780,2026,7,Round 7,2026-04-19 06:05:00+00:00,Eels,Bulldogs,CommBank Stadium,38,20,18,58,1,False,128,0.45696359132358333,BlueBet,0.28725701943844495,0.22651933701657456,True,0.22535211267605632,12.5,49.5,False,-0.17257264981129355,-2.5783792291208805,14.523492753682163,-2.1237646651662487,-2.6569798242521827,-205.71398701361863,-41.63672095723757,-0.8775347932665243,-2.3353163583259686,0.5741962227572941,-0.06625133815312179,1.32945207460903,-2.7569444444444446,0,0,0,0,0,0,0,0,-61.13532175952366,-36.286628775611376,-29.158738717142995,28.155458354723905,-23.845412621493196,-17.29047407780351,0,0,2,5,147.44065709980987,0,-1,1,-1,-1,-1.9004131529328647,-0.061380555859110286,-0.6133757861398786,0,0,0.02009161314558283,1.9205047660784476,-0.6758129854000783,-0.9087435262387721,4.0,49.5
20261110810,2026,8,Round 8,2026-04-23 09:50:00+00:00,Wests Tigers,Raiders,Leichhardt Oval,33,14,19,47,1,False,126,0.574883563095966,BlueBet,0.6075949367088608,0.6416464891041161,True,0.6561085972850679,-6.5,48.5,False,0.3018044207404547,4.191423551335493,-7.5608774681395445,-0.5885608102314137,4.607823839948111,176.14056792190945,73.11353005193462,1.0063839213794852,0.8607120530663153,2.8415457831918776,0.0655530511857485,-5.498694809940549,-1.0659722222222223,0,1,0,0,0,1,0,0,88.49852144912745,23.46888759899352,48.039450823601896,22.764849761742198,-5.774666735210047,4.8062181852874915,0,0,-1,-1,-86.96396291193386,0,1,-1,1,1,1.6707679190558757,-0.4149956470461622,0.41768545012245223,0,0,0.62767838432399,-1.0430895347318856,-0.1842728451967784,0.4372138064227448,-4.5,48.5
20261110820,2026,8,Round 8,2026-04-24 08:00:00+00:00,Cowboys,Sharks,Queensland Country Bank Stadium,46,34,12,80,1,False,131,0.46837558173037286,BlueBet,0.4473684210526316,0.48684210526315796,True,0.4824120603015076,1.5,52.5,False,-0.12666676019224174,-3.214025423033771,0.4906623475724068,-6.979629266226539,2.2199276251158864,299.1131637965659,67.65199486421545,0.7446978853845749,2.664437067249853,1.2104831013508566,-1.3676382270802838,-2.891868466172461,-5.097222222222223,0,1,0,0,0,0,-1,0,14.979783028469797,-8.81478216015671,12.414388981767189,32.23275017950206,-20.85257397264283,-9.395300968893423,1,0,0,1,10.027756208577728,0,1,0,2,0,-0.8002697185308114,0.18525478060048095,-0.26196994891960645,0,0,-0.41459091236745105,0.38567880616336025,0.26371900981908203,-0.21130909366720677,1.5,52.5
20261110830,2026,8,Round 8,2026-04-24 10:00:00+00:00,Broncos,Bulldogs,Suncorp Stadium,32,12,20,44,1,False,129,0.6393199658811123,BlueBet,0.5,0.413265306122449,True,0.407673860911271,3.5,46.5,False,0.572413824905278,2.28280527474854,-4.218696272403662,2.3852982747122553,-4.262844703146563,-63.26097284116736,25.709515574272473,-0.9151313044712168,-2.1979259275055334,-1.6783028974328644,-0.5587503296522156,-0.3175102437196742,0.8541666666666661,0,1,0,0,0,-1,0,0,-54.63303820817009,-20.211758747452848,-11.908269555255345,11.48057693696606,-33.9935868424279,-1.553905787647409,1,0,0,2,112.31538389850084,0,-1,3,0,0,0.655644087567292,-0.05379354907439629,0.17283064243823754,0,0,0.5635787549659529,-0.09206533260133959,-1.3862596347900498,0.0,-1.5,48.5
20261110840,2026,8,Round 8,2026-04-25 06:00:00+00:00,Dragons,Roosters,Allianz Stadium,16,62,-46,78,0,False,127,0.2897633112053688,BlueBet,0.14586070959264127,0.18962722852512157,True,0.15873015873015872,18.5,52.5,False,-0.8965338575047203,-15.77609713359966,5.438182609760766,1.2615893741661068,-5.39880689683234,-171.24769226560375,-39.64460671671645,-1.362880484473532,-18.03084073036563,-3.344692283760299,1.3209897306146505,7.342660230391246,0.854166666666667,0,0,0,1,0,0,0,0,-55.52679680689903,-42.825897872601246,7.122972768913598,-28.424801177669963,8.60092947445844,-15.466607465912517,1,1,1,5,170.90475603899165,1,1,0,2,0,-2.5659948959768357,0.2654557608500845,-0.7947313582711208,0,0,-1.8362673032703465,0.7297275927064892,-0.20545292114117403,-1.7674421615773486,17.5,52.5
20261110850,2026,8,Round 8,2026-04-25 08:05:00+00:00,Warriors,Dolphins,Hnry Stadium,20,18,2,38,1,False,78,0.587717534768934,BlueBet,0.6506024096385543,0.6432038834951456,True,0.6436781609195402,-6.5,50.5,False,0.3545377397741742,5.801715852843586,-7.972906273774434,8.43206026679934,3.3302969793528163,-230.80435419792957,-43.2806827025463,0.35524541605204263,-0.8854775683050775,-3.531541790092284,-1.0632149449062034,-0.9032473342477907,-0.791666666666667,0,1,1,0,0,0,0,0,-61.286549446355366,-25.063495663284527,26.551704915890923,-63.32733462067955,0.5525759217178745,-18.162840534417313,0,0,-1,0,5.664212693662279,0,0,-2,0,0,2.0802449528570888,0.22281842180790506,0.08524187138043962,0,0,0.7321506835841939,-1.3480942692728946,0.5830626093931195,0.6216882165778008,-6.5,48.5
20261110860,2026,8,Round 8,2026-04-25 10:10:00+00:00,Storm,Rabbitohs,AAMI Park,6,48,-42,54,0,False,132,0.6334826406443981,BlueBet,0.5979643765903307,0.6125,True,0.6208530805687204,-5.5,52.5,False,0.5471867116562757,-7.792007216330223,7.436705442283618,-2.7841883200504327,-4.029101156106705,-217.15424907694546,-34.08631279530641,-0.9954646553543087,-1.070909222657864,-0.17489823421317396,0.08559961110341341,4.189651447270489,0.9791666666666679,0,1,0,0,0,0,0,0,-4.613339011315134,56.34985090739448,15.011514596114552,-47.46321632879892,-28.51148818602529,-1.7516031905045963,-1,0,0,-1,-56.469682093828425,0,0,0,0,0,-0.7646491444385392,-0.09604070869858544,-0.04779048374997699,0,0,-0.4309157824939493,0.33373336194458997,0.6199627460279951,0.396990481117192,-3.5,50.5
20261110870,2026,8,Round 8,2026-04-26 04:00:00+00:00,Knights,Panthers,McDonald Jones Stadium,12,44,-32,56,0,False,131,0.31265092878949474,BlueBet,0.2570281124497992,0.1809672386895476,True,0.2012578616352201,15.5,52.5,False,-0.7877549479458162,-5.960216890632378,12.009257772674587,4.602753771597349,-3.3824463583527162,-267.242344870672,-120.93016902951092,-1.3430502781619928,-0.6348451070911878,-1.8203468071803428,1.270243436737474,6.699443472449865,-1.75,0,0,0,0,0,0,0,0,-44.238958767636404,-25.281332491975746,-26.89357633222272,-0.32677686873350353,8.262726925295468,-4.015725620745599,-1,0,1,3,110.53713699730417,0,0,0,-1,0,-3.7789098370527214,0.15548785314191338,-0.4492111930551056,0,0,-1.4115903960331,2.367319441019621,-0.18617482168332722,-1.0614727417186531,10.5,50.5
20261110880,2026,8,Round 8,2026-04-26 06:05:00+00:00,Sea Eagles,Eels,4 Pines Park,33,18,15,51,1,False,131,0.6496919247787729,BlueBet,0.7032967032967032,0.6781609195402298,True,0.6810344827586208,-7.5,53.5,False,0.6176853064161636,6.7519159246481095,-12.515316231060705,1.9135686103928151,3.470762584020818,264.3213740605497,107.21385391224862,1.0005225231789767,0.04038175744981842,-0.5563484302761612,1.4691724862890458,-6.947837557115598,2.84375,0,0,0,0,0,0,0,0,74.196045429729,31.84340765908098,29.91221862621009,-11.061501732806107,23.501920877244018,12.626475551640596,1,0,-2,-4,-141.63770503495851,0,-1,1,0,0,2.213477941857243,0.005002455736113687,0.4176608199907363,0,0,0.8166768889748875,-1.3968010528823551,1.2897283870902707,0.8630462173553426,-8.5,52.5
20261110910,2026,9,Round 9,2026-05-01 08:00:00+00:00,Bulldogs,Cowboys,Accor Stadium,12,28,-16,40,0,False,130,0.5712358615226527,BlueBet,0.5979643765903307,0.5263157894736842,True,0.515,-1.5,50.5,False,0.28689521785545974,-10.209111212609905,-0.9162306684779828,-0.12516697155356837,0.5178171322708138,-132.74016234239593,-7.195234180307807,-3.0837847515389667,-4.161565929625393,0.8450312522191155,1.3265219782857054,2.2319404918622006,-0.08333333333333304,0,1,0,0,0,0,0,0,-58.90920903829522,-27.40440601747801,-23.536056690713764,-4.6164817025370155,-3.3522646275663277,-5.896287649643796,1,0,1,2,72.98171112192614,1,0,0,0,0,-0.6122755957923641,-0.09958022140569543,-0.038769028761685295,0,0,-1.1939407700550726,-0.5816651742627086,-0.31914154528878047,0.396990481117192,-2.5,50.5
20261110920,2026,9,Round 9,2026-05-01 10:00:00+00:00,Dolphins,Storm,Suncorp Stadium,28,10,18,38,1,False,79,0.5348660299257448,BlueBet,0.5305039787798408,0.586734693877551,True,0.5882352941176471,-3.5,52.5,False,0.13969083240522354,5.1844964979976,-8.592660130385951,-0.15287294044478017,0.7027917287274548,311.3634952707482,89.1316484246023,0.21488053274520968,3.4171739329667474,2.396427316460425,1.2942404234332416,-1.650085276612657,0.08680555555555536,0,1,0,0,0,-1,0,0,81.06296008031575,6.475439197578169,-4.575965803545472,58.04282306955247,21.120663616730525,20.745128943706703,0,-1,-1,-1,-26.489143111719244,0,0,0,1,0,0.5521986786373653,-0.4782155079188184,0.321894045545556,0,0,0.25775383061335577,-0.2944448480240095,0.21130627291797843,0.12216763397420737,-2.5,52.5
20261110930,2026,9,Round 9,2026-05-02 05:00:00+00:00,Titans,Raiders,Cbus Super Stadium,12,28,-16,40,0,False,128,0.4896167550507838,BlueBet,0.4386422976501305,0.6030150753768844,True,0.6162790697674418,-4.5,50.5,False,-0.04153895166788709,4.616541288195624,-6.486053380714566,-2.903438836943181,1.641970432977459,94.37578183927963,51.22014268967098,0.48381835013344965,-3.225454742711314,2.1692423413937334,0.7756083091096659,0.08758138474590282,5.201388888888889,0,1,0,0,0,0,1,0,53.87830758805205,17.67971270126324,-26.496228522991913,22.634108871957565,40.06071453782327,4.8886932956995395,-1,0,0,-5,-214.53781259798967,0,1,-2,0,0,0.4257578672022029,-0.18190581707087305,0.379663119826948,0,0,0.023995774227373756,-0.40176209297482884,-0.4539042062213503,-0.24667404872440402,2.5,52.5
20261110940,2026,9,Round 9,2026-05-02 07:30:00+00:00,Eels,Warriors,CommBank Stadium,14,36,-22,50,0,False,132,0.43053790308844286,BlueBet,0.3765586034912718,0.33962264150943394,True,0.3558558558558559,6.5,52.5,False,-0.2796568613120788,-3.1035749992425856,11.60118075163252,-7.408551899428986,-3.965870223281456,-131.56266342212643,-77.00929930969039,-2.920486173321992,-6.004178687722913,2.5720650169585113,-1.3532031800534217,3.45130020411753,-0.916666666666667,0,1,0,0,0,0,0,0,-43.70040536502154,-28.287449698754784,-38.69020023823242,13.021397654171238,10.255846917794358,-4.43882763752697,0,0,1,-3,-97.10023300593832,1,-1,-1,0,0,-2.8427135130106427,0.04515105153653942,-0.43896889941049855,0,0,-0.7451299454601055,2.097583567550537,0.3940162138640214,-0.5041810810473222,5.5,52.5
20261110950,2026,9,Round 9,2026-05-02 09:35:00+00:00,Roosters,Broncos,Allianz Stadium,38,24,14,62,1,False,134,0.5941713104000514,BlueBet,0.6635071090047394,0.6265356265356266,True,0.6292906178489702,-5.5,52.5,False,0.38123655537088147,12.104496095673703,2.4286989368045724,-4.881996725240683,6.172653773219224,189.2692048570766,53.7845296380292,1.240615164487421,10.269026198028662,4.48289690271824,0.4583115780006777,-7.736102034274115,-0.8333333333333339,0,1,0,0,0,0,0,0,37.20424795793133,34.288376429355196,-43.08134635954039,21.941994332140723,24.0552235559758,-5.620974381712784,-1,0,-1,-3,-130.2360411510447,-1,0,-1,-2,0,0.9065256261090239,0.16026653195502383,-0.1042187117764932,0,0,1.3076381374574917,0.40111251134846765,0.4014095568416255,0.6789625455679892,-7.5,50.5
20261110960,2026,9,Round 9,2026-05-03 04:00:00+00:00,Knights,Rabbitohs,McDonald Jones Stadium,42,38,4,80,1,False,132,0.45484977656762576,BlueBet,0.35523114355231145,0.45312499999999994,True,0.4364508393285372,2.5,50.5,False,-0.18109419296131596,-13.512915456745855,16.76447114027567,-4.6132986868320245,-6.799904787975613,-396.69904318517297,-141.26421162084927,-4.38343761811864,-0.8202600810242693,2.0312386700216987,-2.5418722059237684,12.845139260266315,-0.7430555555555554,0,0,0,0,0,0,0,0,-24.80652388529927,36.197411088778864,0.6077960987962001,-46.52705127061358,-15.084679802260666,13.874218763287786,1,0,0,-1,-14.425413725054938,1,2,-1,4,1,-2.487184238766588,0.03535201134596089,-0.24242138627592874,0,0,-1.300226432379954,1.186957806386633,0.56938306048438,-0.5961232042778858,6.5,52.5
20261110970,2026,9,Round 9,2026-05-03 06:05:00+00:00,Sharks,Wests Tigers,Ocean Protect Stadium,52,10,42,62,1,False,127,0.6024138587476225,BlueBet,0.5813953488372093,0.6474820143884892,True,0.6436781609195402,-7.5,52.5,False,0.41553306394035255,-0.673918918072971,13.111778948477173,0.9983902989465605,-5.512348744795574,-304.45230597614045,-87.18355400485325,-0.0421931838326719,-10.869782376537795,-1.3908832768087915,1.512027353518084,10.215775447340427,-0.9236111111111107,0,0,0,0,0,0,0,0,-19.546692574761323,8.57173844765822,-69.715762221837,14.108304427844786,27.489026771572668,6.1110539472651055,-2,0,-1,-4,-140.40808004728757,-1,-1,-1,-2,0,-0.8837362977634375,0.1984285457011144,-0.33436307093710316,0,0,0.1483202783318861,1.0320565760953238,0.39477551456087323,0.32850406697203616,-4.5,52.5
20261110980,2026,9,Round 9,2026-05-03 08:15:00+00:00,Panthers,Sea Eagles,CommBank Stadium,18,16,2,34,1,False,132,0.7238705498633097,BlueBet,0.7549019607843138,0.8190327613104526,True,0.8211143695014662,-15.5,50.5,False,0.9637427998730261,1.5480147084069174,-1.7852928453445074,-4.026298367486163,-0.8150491855031916,37.271249312632335,-23.755624582107657,0.7384158755190589,7.874494774163537,1.6935572378613077,-2.0270527273205383,4.58820288393504,0.08680555555555536,0,0,0,0,0,0,0,0,65.81563065575995,49.35573235222927,-8.33432996981469,29.609989192716995,-4.815760919371556,34.83672562631722,-1,-1,-1,-1,-66.06970645598393,0,0,-1,-1,-1,2.560944160742616,0.09218194350828623,0.12700898750288697,0,0,0.9383321126551379,-1.6226120480874786,-0.33268555535651656,1.1249295969854836,-12.5,50.5
20261111010,2026,10,Round 10,2026-05-07 09:50:00+00:00,Dolphins,Bulldogs,Suncorp Stadium,44,12,32,56,1,False,80,0.6034868481615148,BlueBet,0.5798969072164949,0.6547619047619047,False,0.7142857142857143,-6.5,50.5,True,0.42001503733581635,6.32879940794955,-6.0804492478984535,-3.0495216165468406,-0.08538263765105114,180.71535319637405,19.89739849610794,1.6608143308934844,4.041014017943894,0.2671673817958471,0.22541101225228388,-3.2225036652749424,-0.08333333333333393,0,1,0,0,0,1,0,0,100.56860346789006,33.51810598441995,-11.630559812266512,51.499061015972046,27.181996279764476,23.83241937040455,0,0,-1,-4,-117.07267570567609,0,0,-1,-1,-1,1.1750963971100108,0.07722912904189529,0.26436154591827,0,0,1.0868818583971724,-0.08821453871283852,-1.3281519488677218,0.32235020139765796,-5.5,50.5
20261111020,2026,10,Round 10,2026-05-08 08:00:00+00:00,Roosters,Titans,Polytec Stadium,28,12,16,40,1,False,129,0.7521543453367209,BlueBet,0.7926829268292683,0.8190327613104526,False,0.8634772462077014,-16.5,55.5,True,1.1101353571583217,17.07504997477732,-2.2318829369618065,5.300836639279581,5.752815908531247,21.70106911034327,6.170856509642135,0.44851884330005554,1.497759633274562,0.06563751966256781,-0.29136829825205623,-13.629810199784195,-0.19097222222222232,0,1,1,0,0,1,0,0,-20.3337342439213,21.35279560219638,-23.459854226512192,-12.332758581138108,-5.893917038467393,5.243461156047772,-2,-1,-2,-1,-28.759072271084918,0,-1,1,2,0,2.7065163085955573,-0.30474805059247334,0.42876481890673007,0,0,2.189891972690166,-0.5166243359053906,0.6926614429690017,1.3411739258394213,-15.5,55.5
20261111030,2026,10,Round 10,2026-05-08 10:00:00+00:00,Cowboys,Eels,Queensland Country Bank Stadium,30,33,-3,63,0,False,133,0.6730951015484001,BlueBet,0.6797235023041476,0.688487584650113,False,0.7545454545454545,-9.5,56.5,True,0.7222173313655371,8.383468369473864,-9.075685365694365,1.0266370005142988,2.481799651968423,287.21745816498355,76.2490451715164,3.5895600970418733,5.5087411007258495,-0.37553115054911146,0.050389307840065456,-6.784276763359664,0.9791666666666661,0,1,0,0,0,0,0,0,98.74074889374617,56.30623452848377,13.095209716714095,26.09524076664951,3.244063881898768,10.754800123984978,-1,0,0,0,11.966263871025731,0,-1,0,0,0,1.9775413102336004,-0.17322122640101847,0.21255603343163884,0,0,0.7831502708672345,-1.1943910393663664,1.171315743433279,0.7525014232091285,-8.5,56.5
20261111040,2026,10,Round 10,2026-05-09 05:00:00+00:00,Dragons,Knights,WIN Stadium,10,44,-34,54,0,False,128,0.433660555053678,BlueBet,0.33098591549295775,0.2887931034482759,True,0.2745098039215686,10.5,52.5,False,-0.26693152762946804,-12.436154037335273,3.031718706562401,0.975380622317914,-0.20645277044376797,26.690538343992557,94.4669552543308,-2.036500730756872,-6.237803433989395,-0.6085516433303475,0.8868500393667897,-8.045882069063097,7.916666666666667,0,0,0,0,0,0,1,0,-85.05615442506758,-40.61774850930507,0.4397746493228283,-24.053979643776046,-20.824200921309284,-30.647813945700022,2,0,1,5,217.4503913634851,1,0,-1,1,0,-1.3837585600036553,0.2461501699426928,-1.132357668833405,0,0,-1.260701174241957,0.12305738576169833,0.9953136781510583,-0.7037292898904823,9.5,52.5
20261111050,2026,10,Round 10,2026-05-09 07:30:00+00:00,Rabbitohs,Sharks,Accor Stadium,36,12,24,48,1,False,134,0.5145536283359287,BlueBet,0.6155778894472362,0.39698492462311563,True,0.37209302325581395,4.5,52.5,False,0.058230962113192494,0.118049917360743,-0.8758787622046071,-1.0478137541633714,-1.1516763385779356,3.1859104489808487,-76.79613619131669,1.4577689955572772,-0.24209287885267017,-1.072920962272418,0.8947764911348113,-0.14428113342705728,0.08680555555555536,0,0,0,0,0,0,0,0,-26.854010083944104,-72.93862637336014,42.11628097115508,-0.7803681648671557,4.748703483128111,-21.03684410824286,2,1,1,5,165.34839376551437,0,2,1,3,1,-0.41553525400397817,-0.3480242172289393,0.30947605306640225,0,0,-0.33060918521937777,0.08492606878460028,1.9137421011527267,0.47082028915229174,-3.5,52.5
20261111060,2026,10,Round 10,2026-05-09 09:35:00+00:00,Sea Eagles,Broncos,4 Pines Park,32,4,28,36,1,False,133,0.5355088700924083,BlueBet,0.450261780104712,0.48684210526315796,True,0.4836272040302267,1.5,50.5,False,0.14227499181141803,1.8827899711146188,-6.05385393164639,-0.6472981760982037,4.277722440882705,269.09814090699183,111.57629472154849,0.896640147756468,1.5445752188817572,2.221914167921529,-1.0244749984822725,4.8684379868275265,-0.9444444444444446,0,1,0,0,0,0,0,0,3.2433493954048345,-16.423624584437192,-11.764581300472969,35.17725837175169,-3.7457030914367095,-23.99466549917011,-1,-1,0,-3,-90.13845361496902,-1,-1,0,-2,0,0.8298044008286476,0.05362894761515491,-0.024805756610464608,0,0,0.3895020036946411,-0.4403023971340066,-0.5278004549609527,-0.1996130539040158,-1.5,50.5
20261111070,2026,10,Round 10,2026-05-10 04:00:00+00:00,Storm,Wests Tigers,AAMI Park,44,16,28,60,1,False,128,0.5668990894768433,BlueBet,0.5912596401028277,0.7158119658119658,True,0.72,-9.5,52.5,False,0.26921056462706633,-8.910263195717004,4.855343671546244,-0.1633453365742099,-3.4712627665475893,-250.62402702221425,-74.95087517198039,-2.019034633381522,-6.675054383858168,-2.278091789693585,0.22255093298620476,6.841299006137785,1.8368055555555554,0,1,0,0,0,0,0,0,76.52351919625619,61.29535074853308,8.03382542347768,-8.44472786012696,15.639070884372401,63.472071632295865,-1,0,2,-3,-212.02010912994484,-2,-1,-1,-5,0,-1.2378431969683847,0.7922311887954409,-0.8552598475458717,0,0,-0.6782061852303385,0.5596370117380467,-0.24136415924897284,0.3691751067029636,-4.5,54.5
20261111080,2026,10,Round 10,2026-05-10 06:05:00+00:00,Raiders,Panthers,GIO Stadium,18,30,-12,48,0,False,134,0.3474111355610507,BlueBet,0.26931106471816285,0.2841880341880342,True,0.2691552062868369,9.5,50.5,False,-0.630438413337307,-6.715025589412541,7.9286262706536625,2.809133307667665,-2.7835865453104205,-110.78337165650305,0.19571414771348827,-1.046315463317299,-3.3137733046017104,-2.9874821708246717,2.5370975797425785,4.181453425131629,1.135416666666667,0,1,0,0,0,0,0,0,-49.28308461903157,-37.667869944580644,48.52066203858891,-34.22010374069049,-25.91577297234933,-13.630706890797171,1,0,0,2,99.82200381200406,1,0,-1,1,0,-4.378289323888269,0.05050423744394439,-0.2227958673011158,0,0,-1.910910233259312,2.467379090628956,-1.2554989988691925,-0.9981207501217871,10.5,50.5
20261111110,2026,11,Round 11,2026-05-15 08:00:00+00:00,Sharks,Bulldogs,Suncorp Stadium,38,16,22,54,1,False,132,0.6046272099839185,BlueBet,0.6447688564476886,0.6125,True,0.634703196347032,-5.5,48.5,False,0.42478299424725857,12.794016443399288,-3.9212607185507373,3.8319471670559437,2.1454549525163955,85.70374033629332,17.42468403360624,1.6809769558199625,4.201805843376707,-0.2367080373387811,0.11315869441701842,-4.1140117428697565,-1.9027777777777777,1,1,1,0,0,0,0,0,25.911366941880942,4.252778831558373,-35.195013807711064,23.55369130954338,33.29991060849038,-29.563291799217836,0,0,-1,-1,8.783577070511939,-1,2,-1,-1,0,2.205206839008492,0.032730933390555106,0.2824924436249673,0,0,1.9565020272842717,-0.2487048117242202,-0.5369858507583545,0.5961232042778857,-6.5,49.5
20261111120,2026,11,Round 11,2026-05-15 10:05:00+00:00,Rabbitohs,Dolphins,Suncorp Stadium,10,32,-22,42,0,False,81,0.5231084349956786,BlueBet,0.5613577023498694,0.45312499999999994,True,0.4455445544554455,2.5,54.5,False,0.09249963725152491,6.072052521550141,2.082003914087725,3.833167068758428,-0.3304691195742464,-99.10300448327303,-59.356412171697116,0.6788017162941014,-7.714699082906552,-1.1939139973875452,-1.408723106381176,6.941861494164446,-1.9027777777777768,1,0,1,1,0,0,0,0,-75.3746692036068,-41.46573438118219,37.130607897826394,-48.63126358224309,-22.408279138007984,-0.8745465674971626,0,0,0,4,109.25431435241677,0,2,-1,0,0,0.41296805077481846,-0.30413104104905975,0.38883101548248133,0,0,0.5351291827319326,0.1221611319571142,0.7241324791408061,0.24667404872440363,-2.5,54.5
20261111130,2026,11,Round 11,2026-05-16 05:00:00+00:00,Wests Tigers,Sea Eagles,Suncorp Stadium,18,46,-28,64,0,False,129,0.3968571064853255,BlueBet,0.2796610169491525,0.28725701943844495,True,0.28,9.5,52.5,False,-0.4185778570474454,-7.546212103550797,18.411013133695086,-1.3292555545493627,-4.130129245103781,-118.2212432533347,-84.77578157197433,-0.6919140528410139,4.745630123861481,0.09805424977454713,-0.5042308712709733,5.807739774353678,-0.7673611111111107,1,1,1,0,0,0,0,0,-47.94673616145121,-40.428249697922695,-4.984123952385545,-4.173302346680401,1.638939835537471,-54.27896890262855,-2,-1,1,2,169.2738526332162,1,0,0,-2,0,-2.518419033850119,-0.46165421158699993,0.23807291731564917,0,0,-0.9107284572851702,1.6076905765649494,-0.32602867981746764,-0.9461436950238364,10.5,52.5
20261111140,2026,11,Round 11,2026-05-16 07:30:00+00:00,Roosters,Cowboys,Suncorp Stadium,12,18,-6,30,0,False,134,0.6443934651660421,BlueBet,0.7749077490774907,0.7931034482758621,True,0.8148148148148148,-15.5,56.5,False,0.5944846298981461,6.183798874284932,-7.232230574616047,6.273786114868912,5.282731255298657,26.049448498318498,72.22395379558395,-2.615003180154294,-2.495437883287515,-2.697960452084752,0.345487117036706,-7.62366486993308,0.08333333333333393,1,0,1,0,0,0,0,0,59.001491964732736,25.160448693726778,5.259761137427176,-9.817759202055498,38.39904133563428,20.377771504501055,-1,-1,-1,0,-43.45850306558863,1,0,0,1,0,1.9041639225715628,-0.18959372123639448,0.298978042441996,0,0,1.0838259763327478,-0.8203379462388152,1.3984374179500019,1.2362336665441571,-13.5,54.5
20261111150,2026,11,Round 11,2026-05-16 09:45:00+00:00,Eels,Storm,Suncorp Stadium,8,34,-26,42,0,False,136,0.41868958699693565,BlueBet,0.3452380952380952,0.31151241534988716,True,0.2946058091286307,8.5,54.5,False,-0.328155084976601,1.1410371541911886,3.9704892842459074,2.9001696395685457,3.0765259063328187,147.44781719757316,45.04176605624275,0.17762300264014108,-4.505570052829341,-0.19229319362455222,-0.17265408315395625,5.289523893680403,1.75,1,1,1,0,0,0,0,0,-55.71892274891866,-43.94598738291211,-35.452629225101305,15.439116860169918,8.240576998924823,-0.6052626810536879,0,0,-1,-1,-18.640154217070304,0,-1,0,0,0,-1.1001193466879269,-0.19166197858162243,0.06846206161599622,0,0,-0.06408054341750369,1.036038803270423,1.1981278543023373,-0.6400373552459971,6.5,52.5
20261111160,2026,11,Round 11,2026-05-17 04:00:00+00:00,Titans,Knights,Suncorp Stadium,12,36,-24,48,0,False,130,0.3984810955149724,BlueBet,0.3,0.316628701594533,True,0.3037974683544304,9.5,54.5,False,-0.41179790582787396,-12.910377354643707,-2.7688137810473066,-1.1988581852365883,-0.9032888718247989,93.42603170514508,133.60275820866207,-2.5008681996184716,-1.705461811123918,1.1989143696484046,-0.39492731329755326,1.5753714210832328,0.8750000000000009,0,1,1,0,0,0,0,0,-11.334525828009305,8.20117391100041,0.5884348790632146,-19.08067277454765,-1.043461843525236,-1.2039901485808855,-1,0,2,1,45.94552732153609,0,0,0,0,0,-1.137159018434824,-0.1350123730595978,-0.16431025331732127,0,0,-1.4952325565781224,-0.3580735381432988,0.30190194529591574,-0.8472978603872036,8.5,54.5
20261111170,2026,11,Round 11,2026-05-17 06:05:00+00:00,Warriors,Broncos,Suncorp Stadium,42,12,30,54,1,False,133,0.5452949252269943,BlueBet,0.5714285714285715,0.5468749999999999,True,0.5679012345679013,-2.5,50.5,False,0.18167777402673388,9.533831689362444,-8.166140510177406,10.456649264746332,7.7668403767650815,362.1168142938418,111.16970907685919,3.2320823955742632,14.32090966385612,-2.424384844065054,-1.4405154011861443,0.6835243400703135,6.145833333333333,1,0,1,1,0,0,1,0,84.69478009274599,9.083612090953068,0.5755491211391757,31.701895033078642,43.33372384757516,-2.7601553528662635,-1,-1,-1,-4,-121.73115123422917,0,0,1,1,-1,1.9537122472655613,0.10605826312482133,0.05662294205090421,0,0,1.0199326716022792,-0.9337795756632818,-1.0154798365345328,0.2876820724517812,-2.5,50.5
20261111180,2026,11,Round 11,2026-05-17 08:25:00+00:00,Panthers,Dragons,Suncorp Stadium,28,6,22,34,1,False,129,0.8691479327221475,BlueBet,0.9209516500383731,0.8996212121212122,True,0.9453781512605042,-27.5,54.5,False,1.8934459163708623,16.53610743579064,-23.125155407265634,2.069059842805956,4.31308082668459,387.5046974185302,65.44567665124737,3.8624605358766253,13.823957666804077,-0.35965450870705773,-0.7057104642479519,-2.484516988734036,-1.0451388888888884,1,1,1,0,0,0,0,0,71.02450028070416,76.08433159314887,-9.030851093353021,30.190852336051904,-26.21983255514361,34.838554992989486,-2,-1,0,-4,-112.21268451332156,0,-1,-1,-3,0,6.610204791259724,-0.13198316550015088,0.7450646760890478,0,0,2.9542742397962423,-3.655930551463482,-1.0808683975937803,2.4553478475464576,-25.5,56.5
20261111210,2026,12,Round 12,2026-05-21 09:50:00+00:00,Raiders,Dolphins,GIO Stadium,22,30,-8,52,0,False,82,0.5029126700467411,BlueBet,0.4960212201591513,0.5670103092783505,True,0.5762711864406779,-2.5,48.5,False,0.011650811976655465,-8.772764864145305,9.674339533804574,1.524353798741231,-1.0292015419168195,-79.85811809637698,8.81504594422961,-1.5632833148043837,0.8720384102904859,-1.7338562675837963,-1.921697863743265,3.8732167327557647,5.166666666666667,0,1,0,0,0,-1,1,1,-31.174530920761867,-16.44973399162319,34.715123017189654,-45.87175830698531,-3.5681616393430176,-4.443337122143532,-1,0,0,-1,-39.664815428021825,0,-1,1,-2,0,-1.7780131628456584,0.4521269298877748,-1.0137285398913858,0,-2,-1.0765245263025442,0.7014886365431141,-0.25796510727030436,-0.015915455305899117,1.5,49.5
20261111220,2026,12,Round 12,2026-05-22 10:00:00+00:00,Bulldogs,Storm,Accor Stadium,30,20,10,50,1,False,133,0.45699053497535824,BlueBet,0.5526315789473685,0.5584415584415584,True,0.55,-2.5,47.5,False,-0.17246407130055846,-10.389148204494083,11.632641697037855,1.2960850301460596,1.1218394392999045,-67.71064110939324,-11.774311031322554,-1.567878837647839,-8.851401491310028,-0.4932970182411669,1.0097175678863124,-2.2691618605057435,1.072916666666666,0,1,0,0,0,0,0,1,16.731647547278044,1.7892589337500908,4.34182090721842,-10.226601006460882,20.827168712770373,35.55913691018617,0,0,0,1,-26.770444263738796,0,2,-1,0,1,-1.7153356417096597,0.28607745378987504,-0.5638503857391675,0,-2,-1.2649409760546853,0.4503946656549744,-0.8414011098541544,0.21130909366720713,-1.5,48.5
20261111230,2026,12,Round 12,2026-05-23 07:30:00+00:00,Dragons,Warriors,St George Venues Jubilee Stadium,12,30,-18,42,0,False,130,0.23442430222856472,BlueBet,0.2465753424657534,0.23809523809523808,True,0.21926910299003324,12.5,48.5,False,-1.1834953661340213,-21.784679306608112,20.034348268417972,-9.106015183974534,-5.530205294106693,-175.96556719162845,-3.0739679296751774,-4.031921305854821,-6.94717197066181,1.296266109469677,-0.7896191796446397,1.0867207204353093,-0.09722222222222232,0,1,0,0,0,1,0,1,12.650208457663553,12.008102192285975,17.07966050542956,-28.49240731522127,12.054853075169234,30.135319036978558,-1,-1,0,1,-18.400302989291475,-1,-1,-1,-2,-1,-5.5500739734896705,0.12108471572516244,-0.8474986516458817,0,-2,-2.9335265950508593,2.6165473784388107,-0.7610874780834449,-1.1169614273363062,12.5,50.5
20261111240,2026,12,Round 12,2026-05-23 09:35:00+00:00,Sea Eagles,Titans,4 Pines Park,12,10,2,22,1,False,131,0.792195488953124,BlueBet,0.748502994011976,0.7429718875502008,True,0.7682709447415329,-11.5,49.5,False,1.3382104038147904,17.016209850063785,-13.112511134422757,8.66069627321231,4.8272958877406325,182.47000334081326,35.03406781546562,3.0096965827229276,3.3375519661042965,-1.5569695845847313,1.622269608808769,-7.545852428522313,0.958333333333333,0,1,0,0,0,0,0,1,-33.43201739489086,-15.223111710476275,2.3511661129489028,9.148234576161656,-29.70830637352519,8.766268927421606,1,0,-1,-1,6.797861441949664,1,0,-1,-1,0,3.433654031814368,-0.6103179697006416,1.131510904753972,0,0,2.022987787102152,-1.4106662447122156,-0.6457963944086269,1.0906441190189322,12.5,50.5
20261111250,2026,12,Round 12,2026-05-24 06:05:00+00:00,Cowboys,Rabbitohs,Queensland Country Bank Stadium,30,18,12,48,1,False,135,0.5834145050004848,BlueBet,0.5238095238095238,0.6030150753768844,True,0.6170212765957447,-3.5,53.5,False,0.3368062093494394,-2.0847051387601105,-1.811905268249319,0.8110385495454153,-1.8682805995604355,59.584750967451555,19.666707048936928,-0.0509499546823422,2.9537013509478065,0.3502207901407761,0.1920553546166932,3.639036483586157,-0.8923611111111116,0,1,0,0,0,0,0,1,1.8462690949825173,56.01835055103251,1.4635146225426752,-53.65840139915679,-1.9771946794358684,0.09720750774505404,-2,0,0,-1,-23.712966275087012,1,-2,-2,-2,-1,-0.5630935869899565,0.23891402272872977,-0.4220859758343496,0,0,-0.5086696427650002,0.05442394422495647,0.5495129042905119,0.09531017980432493,-2.5,52.5
20261111310,2026,13,Round 13,2026-05-29 10:00:00+00:00,Sharks,Sea Eagles,Ocean Protect Stadium,28,22,6,50,1,False,136,0.5417581583144463,BlueBet,0.5628272251308901,0.5263157894736842,True,0.5223880597014926,-1.5,45.5,False,0.16742261612427614,3.6111574812195038,11.143796202704447,0.10961972445707602,-2.823829367614536,-170.62450953718076,-46.49934094677576,-1.9795542090188452,-3.4931739478122985,0.33649852609775976,-0.4222272933354958,4.671387135758877,7.982638888888889,0,0,0,0,0,0,1,1,8.007081735758675,9.126565847401508,-6.217686409388648,-6.742807154304558,11.841009452050372,-11.531506682729997,1,1,-1,1,16.676362461299675,1,0,-1,2,1,-1.1367728824210532,0.11712441413725838,-0.18515105865599243,2,-1,0.12145381646574904,1.2582266988868027,0.1715320065008541,0.2526442157109079,-2.5,45.5
20261111320,2026,13,Round 13,2026-05-30 05:00:00+00:00,Knights,Eels,McDonald Jones Stadium,28,22,6,50,1,False,135,0.6390373171513694,BlueBet,0.7142857142857143,0.7894736842105263,True,0.7859531772575251,-15.5,53.5,False,0.5711882705910535,13.326665875100325,-9.08805405088204,-1.9859681727640606,0.3415366945969467,116.2393737576956,-48.495988528793475,3.194516469893707,2.829089268582777,-0.39632317379494886,1.2746621472245327,-9.282202740305255,-0.7604166666666679,0,0,0,0,0,0,0,1,109.49541285101714,39.76955130757227,18.1669050749299,53.31569239302104,-1.7567359245061596,14.594094858392708,-2,-1,0,-4,-153.61265024403946,-1,0,-1,-4,-1,2.310125188674419,-0.04083885112335783,0.513477617458888,1,0,1.292003444315588,-1.0181217443588308,1.955024531041543,0.9162907318741551,-10.5,53.5
20261111330,2026,13,Round 13,2026-05-30 07:30:00+00:00,Wests Tigers,Bulldogs,CommBank Stadium,22,16,6,38,1,False,130,0.5734585063025014,BlueBet,0.5092838196286471,0.5468749999999999,True,0.5772946859903382,-2.5,48.5,False,0.2959759311997377,0.5789452142987699,6.485443894617447,-0.31400048147934,-2.6463559151872005,-94.5767944761626,-35.72595428533623,-0.42017009350084944,-2.638326458760716,0.4074027799500559,-0.4046257990869879,2.5939990559549067,6.104166666666667,0,0,0,0,0,0,1,1,-48.07227363101606,-22.829806290739867,27.873079506971976,-36.49777649512694,-16.617770352121283,-20.24260361223105,2,0,-2,2,125.42759250129203,1,1,0,2,1,0.7954484306706601,-0.007306463927212126,0.3525483823636928,-1,0,0.8776991151172296,0.08225068444656969,-0.3519575949534053,0.037139546949456356,-1.5,48.5
20261111340,2026,13,Round 13,2026-05-30 09:35:00+00:00,Storm,Roosters,AAMI Park,18,4,14,22,1,False,139,0.4542341266695608,BlueBet,0.5172413793103448,0.423076923076923,True,0.43209876543209885,3.5,49.5,False,-0.18357731773319175,-4.366275891508831,5.647760760899551,-3.8091366421722057,-5.294497210692789,-280.1449940768307,-126.28738364744027,0.2348829289939296,-0.1373437037239995,-1.1264875402697712,-1.4364512842308468,13.358858968883698,-6.017361111111111,0,1,0,0,0,0,-1,1,-10.860778986186574,-29.6704427435713,26.675382496226575,-8.656511092338548,0.7907923534967267,-10.67084863927903,1,0,0,1,11.113944176339317,0,-1,2,1,0,-1.8881348110293268,0.05468214959327439,-0.27444827291942764,-3,0,-1.092738668913926,0.7953961421154009,0.5049906923613551,0.06899287148695121,1.5,49.5
20261111350,2026,13,Round 13,2026-05-31 04:00:00+00:00,Broncos,Dragons,Suncorp Stadium,26,30,-4,56,0,False,131,0.8035131326675179,BlueBet,0.8357558139534885,0.8641975308641975,True,0.8665906499429875,-20.5,54.5,False,1.4083979332096426,6.117712046974303,-3.7201064976278566,2.232925354323939,-4.512627130798251,-243.7179286063888,-112.76284224711685,1.3153944330984855,-3.852612439315518,-0.6564356986789992,4.059707949860581,0.22487573344244893,6.059027777777778,0,1,0,0,0,0,1,1,-54.70448758582313,-9.366835448322234,-42.335369098459836,-13.669475005308797,10.66719196626785,-15.21311102611827,0,0,0,0,14.05324141734529,2,-1,0,1,0,2.829680726746767,0.07958336688425816,0.34852669011791426,2,0,1.4452889077198736,-1.3843918190268927,-0.7509754042129724,1.626982222085011,-19.5,54.5
20261111360,2026,13,Round 13,2026-05-31 06:05:00+00:00,Raiders,Cowboys,GIO Stadium,26,12,14,38,1,False,136,0.48753693473307347,BlueBet,0.5628272251308901,0.5769230769230769,True,0.5647921760391198,-3.5,53.5,False,-0.04986258952069472,-5.671089865861948,6.080989188157002,0.9619766735284117,-0.783071530471787,-165.16174092147276,0.12453399240132512,-1.671463479829061,-3.5508311398029093,-0.7162213690953347,-1.2808833670014108,-5.088780176187242,2.84375,0,1,0,0,0,0,0,1,20.189652881762413,-21.48871130081639,53.62867871397816,-18.18450998759124,6.234195456191941,9.806872551136479,2,0,-1,-1,-79.5292453454579,1,0,-1,2,0,-1.5921340175364236,-0.12519527983887757,-0.16648166489133287,2,-1,-0.938200857660433,0.653933159875991,-0.018492482242216807,0.2526442157109079,-4.5,53.5
20261111370,2026,13,Round 13,2026-05-31 08:15:00+00:00,Panthers,Warriors,CommBank Stadium,20,18,2,38,1,False,135,0.6716496175397381,BlueBet,0.6447688564476886,0.5366492146596858,True,0.5346534653465347,-1.5,45.5,False,0.7156555246442192,-2.8917816749588248,-1.440720835656366,-0.7161655985236166,0.9212503674829122,172.35646457394273,66.69277396494476,-0.24322571161628836,4.627140847164387,-0.4228647629967739,-1.1126576905545855,0.5156879337145952,5.961805555555555,0,1,0,0,0,0,1,1,-3.42592480804592,-1.5258463272525375,-28.060029923016202,26.15608016009932,0.0038712821235975525,-41.98258045309976,1,1,1,-1,23.251747379778465,1,-1,1,0,0,0.43359248492133773,-0.7340540756004375,0.4530401592830591,1,1,-0.02813746163336428,-0.461729946554702,-1.087158824184718,0.5961232042778857,-7.5,46.5
20261111410,2026,14,Round 14,2026-06-04 09:50:00+00:00,Sea Eagles,Rabbitohs,4 Pines Park,28,14,14,42,1,False,137,0.6527207985994239,BlueBet,0.6234413965087281,0.586734693877551,True,0.60431654676259,-4.5,50.5,False,0.6310203992094361,0.7361812753094128,-7.978849050691004,3.545539028508557,0.868214977807007,-57.548787083129355,7.7255264019668175,-0.41175027182228163,-3.900614498336445,0.47134979997114,0.7451854970126677,-6.800159494409748,-5.163194444444445,0,0,0,0,0,1,-1,0,30.300534124955448,43.26524353124191,23.25683632815037,6.475488540255441,-42.69703427469226,12.228339961919318,-2,0,-1,-2,-102.61394746311768,-1,-1,-1,-5,-1,1.4739223199256548,0.29227049964137897,-0.10906238665653353,0,0,0.2887568365153209,-1.185165483410334,0.2808023926586817,0.5041810810473217,-5.5,50.5
20261111420,2026,14,Round 14,2026-06-05 08:00:00+00:00,Storm,Knights,AAMI Park,32,30,2,62,1,False,136,0.6187924111798851,BlueBet,0.5979643765903307,0.5769230769230769,True,0.586374695863747,-2.5,48.5,False,0.48442577556026123,-8.905750389606844,-4.442642543390999,3.07162075848791,1.5448239631992209,8.071911482127234,61.87006051486384,-1.7668826878052855,4.090714081050308,-0.7346202411656026,-1.5261337660208047,2.2124902947319143,-0.19097222222222232,0,1,0,0,0,1,0,0,-10.15961945829929,46.282036618632475,20.211683482915276,-47.39972474911053,-29.253614810736465,43.02316616556226,0,0,0,3,69.10640336330714,0,1,0,1,1,-0.4389715733066871,-0.18814476366190222,-0.032585359669047284,0,0,-0.9896206928185847,-0.5506491195118977,0.7694720598600717,0.396990481117192,-4.5,49.5
20261111430,2026,14,Round 14,2026-06-05 10:00:00+00:00,Raiders,Roosters,GIO Stadium,0,26,-26,26,0,False,137,0.45243424598858245,BlueBet,0.38596491228070173,0.413265306122449,True,0.41346153846153844,3.5,49.5,False,-0.19084011328173295,1.110367749665798,4.194369401411151,6.368353691678394,0.3848623737710213,-79.97221954231554,-65.37613020698939,1.061707431603101,4.7885753998664455,-3.674806036266485,-0.8395701508633868,5.493271786482712,-0.8541666666666661,0,1,0,0,0,1,0,0,24.891945050041613,13.567549825221278,59.3417596308081,-15.278747627115877,-32.73861677887189,52.472448789913585,-1,0,0,-1,-18.275417338532613,1,-1,0,0,0,-1.8708772347442617,0.028014576039531724,-0.2225909492083121,0,0,-1.0665193783261633,0.8043578564180985,-0.36150367598523725,-0.46430560813109784,2.5,49.5
20261111440,2026,14,Round 14,2026-06-06 07:30:00+00:00,Cowboys,Dolphins,Queensland Country Bank Stadium,14,40,-26,54,0,False,83,0.525051460078577,BlueBet,0.46194225721784776,0.3734643734643735,True,0.36073059360730597,5.5,54.5,False,0.10028981582711215,-7.217800610651729,4.500349554728924,-0.9910137521730604,-1.9860715859226943,-14.384702879284987,-24.03603637890933,-1.176804062608526,6.511130767650592,-0.40891594776737605,0.3231228189942028,13.093853392561343,-7.940972222222222,0,0,0,0,0,0,-1,0,-44.05078376707661,11.807440456027507,30.399746541067458,-52.078437209029744,-34.17953355514186,-8.380008973691531,-2,0,0,2,73.60761499595769,0,-2,0,-4,0,-1.2590277703326993,-0.10973633282170359,-0.07852317453103935,0,0,-0.7287175731300315,0.5303101972026676,0.21687073779525723,-0.15252598410025642,2.5,54.5
20261111450,2026,14,Round 14,2026-06-06 09:35:00+00:00,Broncos,Titans,Suncorp Stadium,23,28,-5,51,0,False,132,0.7287192889404897,BlueBet,0.7926829268292683,0.6818181818181818,True,0.7142857142857143,-8.5,50.5,False,0.9881344757294206,5.019308066694752,6.9625845875283545,3.4191920085985146,-1.8076612612649612,-137.02074867310398,-107.1827703364562,0.05042461894331929,-3.543357640421771,-2.0851219219051043,2.674972096117879,0.6084880660600369,-7.767361111111111,0,0,0,0,0,0,-1,0,-47.016700865493476,-38.445235862484026,-1.3981850002847978,-16.923490930700325,9.750210927975559,-8.374955300441115,1,0,0,3,125.65364081126236,-1,0,0,-1,0,0.9837157147237584,0.32177074518737814,-0.2676731447708526,0,0,1.029224593943918,0.04550887922015939,-1.1291436278992748,1.3411739258394213,-9.5,51.5
20261111460,2026,14,Round 14,2026-06-07 04:00:00+00:00,Wests Tigers,Panthers,CommBank Stadium,0,68,-68,68,0,False,131,0.293387823596649,BlueBet,0.26229508196721313,0.19407894736842105,True,0.2,14.5,49.5,False,-0.8789866033479513,-5.639158275553541,15.617367395717121,-2.9404004892311946,-3.2686391438203444,-230.01647388826768,-81.12330989664781,-1.6872572415367149,-0.844715673520156,0.33387887643086067,1.0284153008198231,6.331884390305646,1.03125,0,0,0,1,0,0,0,0,-122.68483571151478,-43.78555484207098,-2.0503512895270433,-46.81314956026884,-30.03578001964783,-17.021570013016174,-1,-1,0,4,182.43482779705002,1,-1,1,-2,0,-3.7888115130964093,0.48527857727447077,-0.5887570772696845,0,0,-1.3425030887496314,2.446308424346778,-0.8794317691862914,-1.0340737675305383,11.5,49.5
20261111470,2026,14,Round 14,2026-06-07 06:05:00+00:00,Sharks,Dragons,Ocean Protect Stadium,34,12,22,46,1,False,132,0.8214751330389289,BlueBet,0.7993197278911565,0.7291666666666667,True,0.7481343283582089,-11.5,52.5,False,1.5263737646060493,13.636821422174464,-8.126927072906149,9.688770079591123,1.9438672701807604,-28.80845001531111,-3.142469908851467,1.97938197726995,-3.585982549150515,-1.413910003471397,-0.6375186218322506,-0.26452061661852966,1.75,0,0,0,0,0,0,0,0,-43.430758889446565,0.18207537360157744,-57.9330329872933,9.164141878170796,5.156056846074421,-29.05409530836917,1,0,1,0,44.12679150269453,1,1,-1,0,1,3.958116669023458,-0.1662549293380533,0.6833841740788613,0,0,2.4651710734938646,-1.492945595529593,0.8290713456504878,1.3820480702384395,-12.5,52.5
20261111480,2026,14,Round 14,2026-06-08 06:05:00+00:00,Bulldogs,Eels,Accor Stadium,14,12,2,26,1,False,135,0.6042265447825987,BlueBet,0.6372549019607844,0.6728538283062646,True,0.6837606837606838,-7.5,50.5,False,0.42310723698712016,-1.5036156851954274,-3.6113333465527333,2.9265848341391347,1.095839683472505,151.00276972262805,46.85542022321408,1.021099057196424,12.86077708345126,-2.248982211346263,1.9403175472448364,-7.412124856764564,-0.10416666666666785,0,0,0,0,0,0,0,0,98.0558408782548,17.905843471662422,43.820805802276254,44.612815609757774,-8.28362400544168,-2.774562916426504,2,0,-1,-2,-69.78441306743854,0,0,1,3,-1,0.25210424715356994,-0.11589162871328984,-0.030464908864780538,0,0,-0.7387842057358689,-0.9908884528894379,0.047386754265190456,0.5634693572514129,-3.5,50.5
20261111510,2026,15,Round 15,2026-06-11 09:50:00+00:00,Rabbitohs,Broncos,Accor Stadium,48,6,42,54,1,False,138,0.5740468079877072,BlueBet,0.5994897959183673,0.6658878504672897,True,0.6696428571428572,-6.5,49.5,False,0.29838147768476564,1.2714421823557487,-3.485203538866223,-0.23572530982931994,1.2869233202734875,-9.786270388513003,-23.159699816965826,0.29170659420892076,2.5031995489735337,-0.5711359960399562,0.013639580148994135,3.6396079386257014,1.989583333333333,0,1,0,0,0,-1,0,1,-5.84457485022881,2.8741528070243874,-15.758098487928407,36.45240322487825,-29.413032394203086,21.889711546296752,-1,0,0,1,20.591396253248263,-2,-1,4,0,0,0.7082255042110359,-0.5641576856201618,0.5221226300981026,0,0,0.5070632517365568,-0.20116225247447936,0.2786935100313816,0.4033397087958505,-4.5,50.5
20261111520,2026,15,Round 15,2026-06-12 10:00:00+00:00,Dolphins,Roosters,Suncorp Stadium,48,10,38,58,1,False,84,0.5401406180836185,BlueBet,0.5526315789473685,0.7017543859649122,True,0.7113402061855669,-8.5,50.5,False,0.1609087582538258,9.984962025666572,3.5360401006112845,4.806702932583477,2.8277444255321456,41.49960081287236,-51.63299252638444,2.12519365904354,3.4383947065842335,-2.946951405511946,-0.21779938306082514,-4.832670445062675,-0.895833333333333,0,1,0,0,0,0,0,1,94.91622330463417,18.977554767998782,-24.66578276346567,70.19549780200333,30.40895349809773,40.72851424737658,-1,-1,-3,-2,-51.30886760515267,2,-2,-2,0,-1,0.6015511371446073,0.4911264741614302,-0.2944181710481356,0,-1,0.8150359365394976,0.21348479939489018,-0.154183919420127,0.21130909366720713,-2.5,50.5
20261111530,2026,15,Round 15,2026-06-13 07:30:00+00:00,Warriors,Sharks,Go Media Stadium,8,10,-2,18,0,False,136,0.610448928142902,BlueBet,0.7048458149779735,0.6781609195402298,True,0.6871035940803383,-7.5,47.5,False,0.44919965596638345,-3.343127344145582,-4.013670752172143,0.08773885014622351,-0.6679363906365836,-20.65879144500468,13.622802825161898,-0.08963340872337966,6.85268879196407,-1.1064618131966881,0.2232551849161375,2.249566609133403,6.909722222222222,0,1,0,0,0,0,1,1,-4.434948520652142,1.1172777500685527,9.433772807516505,-21.644850464532965,6.65885138629578,18.31504310316805,0,0,1,0,-53.05924394723999,0,-2,1,-4,0,0.6814164058120056,-0.34732776851767944,0.37383684255064514,0,-1,-0.16768818449283218,-0.8491045903048375,0.25285072011100196,0.8704811958428605,-8.5,48.5
20261111540,2026,15,Round 15,2026-06-13 09:35:00+00:00,Eels,Raiders,CommBank Stadium,15,12,3,27,1,False,138,0.5004672115904021,BlueBet,0.42010309278350516,0.44155844155844154,True,0.4416873449131513,2.5,47.5,False,0.001868846905534184,1.602343841483826,2.634386331914989,-1.9587411732862137,-0.21305855971840515,-96.51221252564437,-50.65453956615863,0.2589856213180006,-6.508897064076653,1.1444042969031134,-1.407718340723219,10.129078977290035,-2.8368055555555562,0,1,0,0,0,1,0,1,-11.364913242296325,-10.533320317661378,-41.16461098922784,6.378578566264238,33.954439498328796,11.50342193889827,-1,0,0,2,33.45704422483044,0,-1,-1,-1,1,-0.7409355964682993,0.09571125338025599,-0.06666492500655063,0,-1,0.13051530795306554,0.871450904421365,-0.5289377936617783,-0.32235020139765763,2.5,49.5
20261111550,2026,15,Round 15,2026-06-14 06:05:00+00:00,Wests Tigers,Titans,Leichhardt Oval,36,28,8,64,1,False,132,0.6532007799576398,BlueBet,0.7188841201716738,0.6125,True,0.633257403189066,-5.5,47.5,False,0.6331385592609406,-3.7009906390165828,17.774598230868527,7.631093013100553,-3.3454500737124278,-279.81167586596075,-115.30615401979685,-1.0547882059143276,-0.9233954532042645,-4.093915148922768,1.2736685791039735,8.826365296801178,-0.7673611111111116,0,1,0,0,0,0,0,1,-14.475919200692147,-38.451540594274036,25.063946098919956,-0.5234268201589316,-0.5648978851790645,-15.030220426185537,1,0,0,3,92.92768423177796,2,2,-1,4,0,-0.1822580351520684,-0.1199332484060005,-0.041970870586394926,0,-2,0.7119584095104432,0.8942164446625116,-0.2619994271289978,0.9389332086239148,-5.5,50.5
20261111610,2026,16,Round 16,2026-06-19 10:00:00+00:00,Knights,Dragons,McDonald Jones Stadium,22,20,2,42,1,False,133,0.7609373172918107,BlueBet,0.7263157894736842,0.7361963190184049,True,0.7692307692307692,-12.5,48.5,False,1.1578251973115428,15.739551898573621,-7.0750732897912805,-2.166422250569582,-1.0435032941739877,96.55741094941504,-43.65033071981475,4.980899472604754,3.9390617242379236,1.358933899101677,0.9050922502592282,2.7619599111729265,1.8368055555555554,0,0,0,0,0,0,0,1,-53.540781432521044,8.653393520825432,-84.6979926093004,51.76738435544836,-29.26356669949442,-14.586365283472446,1,0,0,2,130.69311606504624,1,0,0,0,1,3.4965128226840787,-0.26776015574238776,0.647938365004003,0,2,2.3874375319627275,-1.1090752907213517,1.1560720198413512,0.9760099665757774,-10.5,49.5
20261111620,2026,16,Round 16,2026-06-20 05:00:00+00:00,Wests Tigers,Dolphins,Campbelltown Sports Stadium,22,36,-14,58,0,False,85,0.3981195972481565,BlueBet,0.37810945273631846,0.3796526054590571,True,0.37939110070257615,5.5,52.5,False,-0.4133063033037749,-16.28627315467962,22.611681116900325,0.6467357897815589,-5.990286766085042,-453.37798045452587,-136.37069258767468,-4.061956546327831,-3.4584274244210107,-0.8494327951801299,-1.2171357875988535,12.886528289129608,-1.8368055555555562,0,1,0,0,0,1,0,1,-72.24531072492061,14.169197239368486,33.936142477124264,-77.26575097687854,-43.08489946453484,25.58207006848002,0,-1,1,0,-86.82636247512914,0,0,1,1,0,-3.2947520670126105,0.38567286258178624,-0.8835098750177415,-1,-4,-1.4392870904719488,1.8554649765406617,1.7675734036873103,-0.4975803970159699,8.5,52.5
20261111630,2026,16,Round 16,2026-06-20 07:30:00+00:00,Titans,Panthers,Cbus Super Stadium,19,18,1,37,1,False,134,0.19233400828923572,BlueBet,0.24271844660194178,0.23220973782771534,True,0.22535211267605632,12.5,48.5,False,-1.4349151093252308,-17.069914467192014,16.362163566354724,-11.547943832906384,-7.00725609770727,-296.0455064190662,-70.40600692125588,-3.726726430116422,-7.616910857213568,5.076853068115559,0.5682994497818856,8.835352639621878,-7.086805555555556,0,1,0,0,0,0,-1,1,-5.982819101817427,30.23337079844177,-8.681566482506668,-29.115714764642917,1.581091346890446,36.65774255640736,-1,-1,0,-2,-143.49936736144372,0,0,-2,-1,-1,-4.575325659619387,0.8254827857542226,-1.4979736292989267,1,-2,-2.3463109746087207,2.2290146850106662,-0.7409186838301486,-1.137833001821391,13.5,49.5
20261111640,2026,16,Round 16,2026-06-20 09:35:00+00:00,Bulldogs,Sea Eagles,Accor Stadium,13,12,1,25,1,False,136,0.4109753025494502,BlueBet,0.32558139534883723,0.30648769574944074,True,0.2946058091286307,8.5,47.5,False,-0.35993499235780113,-9.174795215813454,6.472723378821616,0.0318066033020159,-0.2438118062163639,125.49201520361817,24.591349773506522,0.3912735710662396,14.420286351404968,-2.0065147698432764,-0.8540499966040915,4.530808860080935,-1.854166666666666,0,0,0,0,0,0,0,1,33.24712500207909,15.79445368229031,0.34857037315458683,15.261180594940669,1.8429203516935218,18.133015198426875,-2,0,1,-1,-33.826931109214016,0,1,1,-1,0,-3.181135057981855,0.1543544996063746,-0.4901691486237557,-1,0,-2.0609423250181456,1.1201927329637102,-1.5268761192333402,-0.7282385003712153,7.5,48.5
20261111650,2026,16,Round 16,2026-06-21 04:00:00+00:00,Warriors,Cowboys,One NZ Stadium,38,20,18,58,1,False,137,0.6262565883777421,BlueBet,0.7263157894736842,0.6547619047619047,True,0.6768558951965066,-7.5,50.5,False,0.5161906759244048,1.9642809077578178,-12.770219341935508,4.438157420229686,0.7255090653163307,-48.07754870744225,-10.534117163134624,-0.3821924620938493,-1.0541055263052321,0.6229964657620517,-0.2731205501817877,-10.121983267528954,-6.145833333333333,0,1,1,0,0,0,-1,1,-50.96226222700648,3.7720620488427983,21.23808168980983,-38.08862137825156,-37.88378458740759,32.149792825228985,-1,0,1,0,6.074737557477576,0,0,-1,-1,0,1.9593323415511277,-0.49649593738620396,0.6610246347288198,0,0,0.23864878276071683,-1.7206835587904112,-0.6947113049524642,0.9760099665757774,-10.5,50.5
20261111660,2026,16,Round 16,2026-06-21 06:05:00+00:00,Storm,Raiders,AAMI Park,42,20,22,62,1,False,139,0.6636150260945344,BlueBet,0.6744186046511629,0.667447306791569,True,0.6837606837606838,-8.5,50.5,False,0.6794459416037804,10.20194563380894,0.6773914021576495,4.894690905074469,1.8832885791857237,49.16645971263483,-23.92571392799414,1.3074327213287313,3.0384101699820434,-2.158751930360607,-1.5928063941562258,-0.3126122396908926,6.145833333333333,0,1,0,0,0,0,1,1,-3.597543003685928,30.45477654929556,-22.22774933627602,3.574869491451807,-15.399439708157331,4.012266121927411,-1,0,0,1,27.514614962215813,-1,0,0,-1,1,1.414742462377675,0.057865478924419844,0.02943805973014546,1,0,1.2790330791550242,-0.13570938322265066,-1.1661282721300879,0.7282385003712157,-9.5,50.5
20261111670,2026,16,Round 16,2026-06-21 08:15:00+00:00,Roosters,Sharks,Allianz Stadium,27,8,19,35,1,False,142,0.5689242025729344,BlueBet,0.6447688564476886,0.5949367088607596,True,0.5952380952380952,-3.5,49.5,False,0.2774632748646175,-6.01450543869559,6.196462803363982,-7.0105903857466245,-3.433465698127698,96.47449913779064,96.77196721202802,-0.287569421936567,3.899883369355493,1.5295202805164578,1.0139835615433528,3.0854219143242894,0.8958333333333339,0,0,0,0,0,0,0,1,-57.190866721566294,-16.524771415279588,-31.255571350014833,5.850154425056672,-15.260678381328574,-25.713139668970115,1,0,0,-2,-45.39434426719639,0,2,0,3,0,-0.39103485302891294,0.09111370077554559,-0.15156720253309242,5,0,-0.4270491035897955,-0.0360142505608827,-0.09408266916878771,0.5961232042778857,-6.5,49.5
20261111710,2026,17,Round 17,2026-06-25 09:50:00+00:00,Eels,Rabbitohs,CommBank Stadium,12,32,-20,44,0,False,139,0.4633953907072855,BlueBet,0.3796526054590571,0.39698492462311563,True,0.38173302107728335,5.5,45.5,False,-0.1466808624996649,-12.390263439609182,1.6603556256183616,-3.253324776024357,-3.0249802216165165,-105.09323240851609,-16.807144968539887,-1.9209522089418218,-3.149485045826914,1.2608221089473552,-0.9748990027948445,12.446478452279656,-1.989583333333334,0,0,0,0,0,0,0,0,-40.89615242852494,25.350887212582194,-19.40382247524562,-38.46468406822953,-8.378533097631987,12.223153235762311,1,1,0,-3,-99.62965555159164,-1,0,-1,0,0,-2.592226978970897,-0.01328387904935957,-0.29062454538874494,0,0,-1.607301129237325,0.9849258497335721,0.43823645188767224,-0.4910229964698108,6.5,47.5
20261111720,2026,17,Round 17,2026-06-26 08:00:00+00:00,Titans,Bulldogs,Cbus Super Stadium,12,30,-18,42,0,False,135,0.47947692640566175,BlueBet,0.5039787798408488,0.5287958115183247,True,0.5172413793103449,-1.5,44.5,False,-0.08213844369225189,4.504640832499042,4.473385616132926,-3.8889977073805397,-3.992887414484315,-110.65412668147178,-28.847337461986626,-0.6131172588839782,-4.653378205528824,1.7268966350048665,-0.5577770767719552,5.116126852472995,0.08680555555555536,0,1,0,0,0,-1,0,0,24.828275429529413,29.115498923643827,14.721397789098262,-49.20710775275151,30.198486469538807,9.358185766189052,-1,0,0,1,5.950017047540776,2,1,-2,1,0,-0.2870229984157895,-0.18403196992611282,0.0014024978371403318,0,0,0.42399158910823886,0.7110145875240277,-2.3030997559804436,0.015915455305899582,1.5,46.5
20261111730,2026,17,Round 17,2026-06-26 10:00:00+00:00,Broncos,Roosters,Suncorp Stadium,18,24,-6,42,0,False,140,0.4021316935310654,BlueBet,0.44010416666666663,0.33962264150943394,True,0.3303964757709251,7.5,47.5,False,-0.39659087558218603,-4.905822863283198,16.22769433700823,-4.345192503942542,-4.528427927740935,-172.00768536726355,-111.20146073722572,0.4033319224227343,-4.750843221305036,0.178776376435966,-0.11776832056412978,4.100036330760709,8.927083333333332,0,1,0,0,0,-1,1,0,-39.15670630506952,-39.402557771564005,30.300048481432242,-35.59943662933034,5.545239614392557,-4.7512925186450445,2,1,0,3,89.6929659205874,1,0,2,4,1,-3.0454334355334756,-0.34688367285460964,-0.27104652490021136,0,0,-1.1036695684117137,1.9417638671217619,-0.4240185749966716,-0.2407393132045895,3.5,49.5
20261111740,2026,17,Round 17,2026-06-27 05:00:00+00:00,Dolphins,Warriors,Suncorp Stadium,26,24,2,50,1,False,86,0.5778969853861793,BlueBet,0.5798969072164949,0.6712962962962963,True,0.6783369803063457,-7.5,50.5,False,0.31414623210758025,10.095807018182821,0.6861014170882669,-0.3550318661265379,0.8820555299948794,210.46055665856352,70.48212180882285,1.0062397331916975,5.778338077407071,-0.9485516324450067,-0.6844273376613614,-3.287064476603099,0.958333333333333,0,1,0,0,0,0,0,0,111.46037529248053,15.756608114245466,-4.314840606594203,58.053397660248265,41.96521012458089,10.058234819733173,2,1,0,1,32.09762137431861,0,1,0,3,0,0.7147364932833817,0.33433656725186256,-0.14411641262848113,0,0,1.035759133286387,0.3210226400030044,0.14499502852953094,0.32235020139765796,-3.5,50.5
20261111750,2026,17,Round 17,2026-06-27 07:30:00+00:00,Cowboys,Panthers,Queensland Country Bank Stadium,26,12,14,38,1,False,139,0.2971159673926673,BlueBet,0.28571428571428575,0.23809523809523808,True,0.23172905525846704,12.5,50.5,False,-0.8610693922803017,-12.314216072976123,17.40756222516398,-6.121947137436791,-7.874361565416521,-452.86751789626646,-159.11876979781363,-1.4401155476238223,-7.119932221430801,-0.0051779555017663625,3.3352674813815195,6.4939501715168255,-0.854166666666667,0,1,0,0,0,0,0,0,-102.65821627690343,-39.082526611437316,-15.687054265156178,-27.091982511620813,-20.79665288868904,-33.894182366151256,-1,-1,0,2,51.62386990786507,-1,-1,0,-3,0,-4.322794321349934,-0.10777510549584701,-0.4911248575966882,0,0,-1.5737186381494412,2.749075683200493,0.26105531908020563,-0.9162907318741548,11.5,50.5
20261111760,2026,17,Round 17,2026-06-27 09:35:00+00:00,Sea Eagles,Storm,4 Pines Park,30,4,26,34,1,False,139,0.5989444327898765,BlueBet,0.5979643765903307,0.6341463414634148,True,0.6334841628959276,-5.5,45.5,False,0.4010688378817103,-7.646165694580898,-5.686097265318788,-3.66451277835138,0.2929141596099498,-4.503105692451072,41.09491492872121,0.09539423244127399,-8.081181601302909,3.603857640100161,1.6400538209516702,-7.253878949543896,0.854166666666667,0,1,0,0,0,0,0,0,21.272290236827303,-19.871466980247305,3.035523816387979,26.54521792649014,11.56301547419649,3.281818273976228,-1,-1,-1,0,11.526587518254956,0,0,1,0,1,1.0386360395811365,-0.06920210390019849,0.3790617183731573,0,0,-0.04856251835088782,-1.0871985579320242,-0.3168583797302284,0.396990481117192,-4.5,47.5
20261111770,2026,17,Round 17,2026-06-28 04:00:00+00:00,Raiders,Dragons,GIO Stadium,24,16,8,40,1,False,134,0.7243228407800311,BlueBet,0.7263157894736842,0.7112068965517242,True,0.7504690431519699,-10.5,51.5,False,0.9660067375779444,-0.18015388721239134,-2.4980066898568865,-3.884662071129469,0.003732316579402095,-57.826916727745356,-17.99204234371689,1.1918218183577278,1.6283807433717072,-0.47441840812163605,1.0055736408983833,4.712699645888399,-1.8368055555555554,0,1,0,0,0,0,0,0,20.88480971699255,-2.119868862589499,-21.292971706489027,29.315900208920908,14.981750077150224,-10.565904984958507,0,0,0,0,2.182741166182879,0,1,-1,0,0,1.5678711795203786,-0.013739236690323953,0.15824383561022803,0,0,0.5857248294442063,-0.9821463500761727,-0.8067164332757939,0.9760099665757774,-10.5,52.5
20261111780,2026,17,Round 17,2026-06-28 06:05:00+00:00,Knights,Wests Tigers,McDonald Jones Stadium,12,6,6,18,1,False,134,0.6223517999837517,BlueBet,0.6690140845070424,0.6984478935698448,True,0.7131313131313132,-9.5,49.5,False,0.4995424532067882,7.2290015614503496,-13.029006931338522,-3.0318175837636403,0.09893378508666473,172.0403666079883,21.083138768991716,2.9023597071707026,1.7163355620291867,0.6884580044199549,1.4116697773317943,-3.628568308871138,0.7916666666666661,0,0,0,0,0,0,0,0,57.59435491266049,8.78533653832946,1.9387963884624924,36.077469588500264,10.792752397368375,-1.6406787156902851,0,-1,0,-1,-43.85071737060791,2,-1,-2,-1,-1,1.4501594526326929,-0.22082260952931232,0.2334119970704291,0,0,0.8172953136957081,-0.6328641389369849,2.3501664415828585,0.7037292898904828,-7.5,50.5
20261111810,2026,18,Round 18,2026-07-03 10:00:00+00:00,Panthers,Rabbitohs,CommBank Stadium,36,14,22,50,1,False,140,0.741937381363022,BlueBet,0.5979643765903307,0.5949367088607596,False,0.6363636363636364,-4.5,45.5,True,1.056062584544076,-3.506397864818691,-1.370346029743743,0.7021698734455128,-0.03535799799378481,115.96270222046087,70.42749429633398,-0.3645262746279716,1.9908310170892918,1.6980146616028797,-1.499761952769946,2.4668687482069913,-1.9027777777777777,0,0,0,0,0,0,0,1,13.088981087754519,5.966700260211098,-26.208353986311494,47.28514327929349,-13.954508465438536,-50.65099550160801,1,1,0,3,164.27846524199595,1,0,2,1,1,0.9389976103584077,-0.6646272830062143,1.0432965043765532,0,2,0.019355294627257935,-0.9196423157311491,-0.046659419280340175,0.396990481117192,-3.5,45.5
20261111820,2026,18,Round 18,2026-07-04 07:30:00+00:00,Dragons,Wests Tigers,St George Venues Jubilee Stadium,24,10,14,34,1,False,135,0.4028161533165832,BlueBet,0.33649289099526064,0.3875,False,0.42260442260442255,4.5,48.5,True,-0.39374475426518907,-0.4178314859913961,-1.8599675582054331,-1.4276134523977078,-0.13162724831872197,6.764848113147309,5.085063773675074,-0.5906101441662095,0.44071839928721346,1.186177197492988,0.46492114183943034,-8.082630379383943,0.08680555555555536,0,0,0,0,0,0,0,1,-17.467645766844498,-14.21849736480948,13.184769756613946,9.370990572390554,-25.804908731039532,0.7201681168194511,-1,0,-1,-2,-85.84923870681014,-1,0,-1,-2,0,-2.432661645848648,-0.48369392889237295,0.3983957617771844,0,0,-1.4466864540157687,0.9859751918328793,0.07972147475072722,-0.678962545567989,6.5,48.5
20261111830,2026,18,Round 18,2026-07-04 09:35:00+00:00,Broncos,Sharks,Suncorp Stadium,16,28,-12,44,0,False,141,0.42928310208002984,BlueBet,0.35523114355231145,0.3658536585365854,False,0.3438914027149321,6.5,48.5,True,-0.28477667332532763,-3.356371809680848,12.04831096533756,-6.2624304344813595,-4.310402256625181,-89.24627722432137,-9.075016757269111,-0.498058188015265,-1.298687232013954,0.8125360022336938,-0.269410136290678,7.454395199059867,-5.072916666666666,0,1,0,0,0,0,-1,1,-71.53412510414057,-52.11343942004413,-16.12081132804039,-20.809012261917843,17.50913790586185,-17.751158376759747,0,0,2,1,42.6195686160346,1,2,-1,1,1,-1.755561342752674,0.6310647338263108,-1.0478715786815656,0,-1,-0.7449994239656887,1.0105619187869856,-0.0073430059073946174,-0.5961232042778858,6.5,48.5
20261111840,2026,18,Round 18,2026-07-05 04:00:00+00:00,Eels,Sea Eagles,CommBank Stadium,23,14,9,37,1,False,140,0.3404398542282693,BlueBet,0.2736842105263158,0.30155210643015523,False,0.25961538461538464,9.5,49.5,True,-0.6613346966239367,-8.955210501801535,12.705957025110422,-11.895792853322263,-5.445035062746129,-164.7120803343887,-120.20245282081089,-2.0791968140319566,-5.708591906517601,3.8016988096084834,0.29154972941305957,14.983694337054619,1.989583333333334,0,0,0,0,0,0,0,1,-60.53895447560876,-24.533709117125767,-0.20552504000880845,-29.096755763081106,-6.702964555393123,-10.135307307509834,1,1,0,-2,-120.77235145792771,-1,-2,0,-3,1,-3.6951992778483502,0.31197266816127023,-0.8946668809977222,0,-1,-1.507056888431571,2.188142389416779,-0.7987072300967549,-0.9760099665757773,9.5,49.5
20261111850,2026,18,Round 18,2026-07-05 06:05:00+00:00,Knights,Dolphins,McDonald Jones Stadium,13,12,1,25,1,False,87,0.41866658294086245,BlueBet,0.44010416666666663,0.47368421052631576,False,0.4810126582278481,1.5,50.5,True,-0.32824960144655274,-10.002893351351599,-0.055575809680409094,-4.4070453201467075,-3.271316054573319,-124.79666694048046,-54.88484607708483,-1.4687004879024732,-1.3956926722347731,0.6706165362284722,1.1220417860539076,2.8400676819949027,-1.0451388888888893,0,1,0,0,0,0,0,1,-49.442310503659996,-2.8348552329244967,32.616879532689836,-57.920188893209826,-21.304145910215567,-8.424231267436369,-1,-1,-1,-1,-25.83866916787882,-1,-1,-1,-3,1,-1.7821499566719843,0.277387022591644,-0.531366517016735,0,0,-1.0710470775448588,0.711102879127126,1.6404261580329815,-0.2407393132045895,2.5,50.5
20261111910,2026,19,Round 19,2026-07-10 10:00:00+00:00,Wests Tigers,Warriors,Campbelltown Sports Stadium,6,32,-26,38,0,False,136,0.3398190542679307,BlueBet,0.3765586034912718,0.30648769574944074,True,0.29278350515463913,8.5,45.5,False,-0.6641006750300792,-11.064221559457067,9.191643353202537,-0.7654709382591989,-1.265610983419144,-20.334023631861328,25.163351457377303,-3.035313663438446,-2.5334009389950296,0.766161576433257,-0.09339396351981932,-0.15965610035888744,-7.104166666666667,0,1,0,0,0,0,-1,1,41.32550382454042,-4.631276098286946,46.095898484263984,-23.33582450257917,23.196705941142625,-8.14729579391323,2,0,0,1,34.797024640660226,-1,-1,1,0,1,-2.8409018423246932,0.49428201509311553,-0.7027131680180447,0,0,-1.2411209431441141,1.5997808991805793,-0.2357785544645914,-0.5041810810473222,7.5,46.5
20261111920,2026,19,Round 19,2026-07-11 05:00:00+00:00,Dolphins,Sharks,Kayo Stadium,0,66,-66,66,0,False,88,0.6149316857176795,BlueBet,0.6234413965087281,0.5366492146596858,True,0.5523114355231143,-1.5,49.5,False,0.46809042326124606,5.0345925114372605,-1.5260504766343637,-3.249070406056333,-1.559215073999141,197.45576828122944,44.11724920258007,2.278215176796411,11.579979606334813,1.226427969284364,-3.9299861747024027,8.5469905177183,-0.854166666666667,0,1,0,0,0,1,0,1,73.33290385029625,-19.801146244827123,17.880680030570147,53.479168713419995,21.774201351133286,-17.646183947967984,-1,0,0,-2,-53.73151873188026,1,0,0,0,0,0.9845288628256599,-0.27469764354598114,0.3404922099986969,0,1,0.6899791973805045,-0.2945496654451549,0.4065590789684563,0.5041810810473217,-4.5,49.5
20261111930,2026,19,Round 19,2026-07-11 07:30:00+00:00,Bulldogs,Raiders,Accor Stadium,16,40,-24,56,0,False,138,0.5985205960910767,BlueBet,0.6075949367088608,0.5769230769230769,True,0.5853658536585367,-3.5,42.5,False,0.3993047030461847,1.4706726763174665,-6.250214995136247,2.753152866675805,1.7395696920527044,124.0174117075619,51.897202421286806,2.689927662149364,2.2372664691647586,-1.1836051041141111,-0.8932556333816217,-0.4169560760058246,0.8541666666666661,0,1,0,0,0,0,0,1,-5.191508214726355,15.815663459639154,-4.254562419539013,20.32660804087007,-37.07921729569662,5.532805658258411,0,0,0,-2,-15.939228427123226,-1,-1,1,-2,0,0.5837179035603384,-0.16608441259725848,0.12398836345704298,0,0,-0.0668690498645893,-0.6505869534249276,-1.766994217924478,0.4372138064227448,-4.5,45.5
20261111940,2026,19,Round 19,2026-07-11 09:35:00+00:00,Roosters,Eels,Allianz Stadium,28,12,16,40,1,False,142,0.771712261378284,BlueBet,0.7913043478260869,0.7429718875502008,True,0.7442748091603053,-10.5,48.5,False,1.2180049173400482,4.452298748505008,-3.266376058437146,4.968628683601182,0.3431433803193329,119.57718582835764,92.7833417325104,0.1498627391065428,-1.1168574318406748,-1.3663473499057357,1.5928716753113017,-10.616509359300487,7.767361111111111,0,0,0,0,0,0,1,1,-15.198214693480963,-13.242691591516603,-14.126644464429063,21.98257150463138,-9.811450142166649,-43.20682071186468,3,1,0,4,203.23113290427665,0,0,2,2,1,2.2953279847588126,-0.4003213872906629,0.8478079673266812,2,3,1.1260172605976528,-1.1693107241611598,-0.3955503552944015,1.3328056761689042,-13.5,48.5
20261111950,2026,19,Round 19,2026-07-12 04:00:00+00:00,Rabbitohs,Knights,Accor Stadium,26,24,2,50,1,False,140,0.5850287396964939,BlueBet,0.5,0.4591029023746703,True,0.4416873449131513,2.5,49.5,False,0.3434517081595055,4.870153991489275,6.330137408182836,2.81748143596694,1.956559958930562,-53.582410608066766,3.7207849263824073,0.9237401810708796,-4.318561890661947,-1.0999607107820797,0.7544737156475945,0.5709722636494234,1.8368055555555554,0,0,0,0,0,0,0,1,-37.974187100445306,-67.74910827306826,32.46853372063774,-16.02746410780057,13.3338515597858,-30.880463923745424,1,0,0,2,73.45920807273546,0,1,0,2,1,0.23239690778157895,-0.21882807152781786,0.35017721279065583,0,0,0.44869165297898755,0.21629474519740877,0.7752876635340904,0.0,1.5,48.5
20261111960,2026,19,Round 19,2026-07-12 06:05:00+00:00,Sea Eagles,Cowboys,4 Pines Park,18,19,-1,37,0,False,140,0.6451086798035384,BlueBet,0.6203473945409429,0.660377358490566,True,0.6666666666666666,-6.5,48.5,False,0.5976071961081325,-0.32656056178353765,-9.828836831885164,0.9944212401020565,2.845291688078298,79.03586063771195,67.1419479074599,0.41398293384660256,1.9565951596397966,0.22227139916009975,-0.4024505523738173,-3.8138089367078862,-6.913194444444445,0,1,0,0,0,0,-1,1,30.995930211756672,4.47717210386179,25.969517598330327,3.688995781930288,-3.13975527236569,13.760935515687464,0,0,0,2,40.613577260118845,1,1,0,2,0,1.9183060932032803,-0.16627724319142775,0.5893404478605972,-1,0,0.17458460538696247,-1.743721487816317,-0.21840334355730906,0.4910229964698108,-5.5,48.5
20261111970,2026,19,Round 19,2026-07-12 08:15:00+00:00,Storm,Titans,AAMI Park,22,18,4,40,1,False,136,0.7581623406187081,BlueBet,0.7032967032967032,0.7291666666666667,True,0.7361376673040153,-9.5,47.5,False,1.1426308603456854,4.435168378942883,-2.2321056479394947,5.052606161593189,1.8692726342043215,40.3510765917722,3.929613149522993,0.29262176834364517,1.4939272337548246,-3.1921128649508983,1.2137053850778012,-0.825487716419218,0.0,0,1,0,0,0,0,0,1,-72.1270113294214,-34.06527840839493,-20.469737238825076,-12.306465534065381,-5.285530148135962,-31.77973250589099,2,1,0,3,120.4073207814701,0,1,1,3,0,1.3342964010825227,-0.3185341912659392,0.44942419994274774,0,1,1.0162853908789304,-0.31801101020359235,0.032790070287040396,0.8630462173553426,-8.5,47.5
20261112010,2026,20,Round 20,2026-07-16 09:50:00+00:00,Panthers,Broncos,CommBank Stadium,12,14,-2,26,0,False,142,0.8260081647097439,BlueBet,0.8203125,0.7619047619047619,True,0.8,-12.5,44.5,False,1.5575962836142556,12.652661212576938,-14.820365071852756,3.9666645926107407,5.114293602115758,439.31072374766404,148.2792233979041,2.248263518927878,14.328435984864626,0.6665352553577559,-2.110019623644351,1.8697779464691706,0.9826388888888893,0,1,0,0,0,0,0,0,148.40883905183102,46.94832110911756,-9.65818697174285,60.82405298486452,50.29465192959189,1.2094515991941535,-2,0,0,-2,-55.341003134629986,1,0,0,-1,0,4.647746774463242,0.2801446145482722,0.6008578085665042,0,0,2.073407621571866,-2.5743391528913753,0.07780725464513916,1.5184661342283736,-14.5,44.5
20261112020,2026,20,Round 20,2026-07-17 08:00:00+00:00,Sharks,Knights,Ocean Protect Stadium,20,18,2,38,1,False,141,0.7073607072926318,BlueBet,0.5798969072164949,0.6781609195402298,True,0.6974248927038628,-8.5,44.5,False,0.8825999622802023,13.303297875173175,-6.1060987362405506,11.181501983992632,4.415416917434747,-63.04153502716372,12.367702649730973,1.040407775707906,-12.947081008486716,-3.912048823074789,3.0101728870048245,-7.594823676939043,0.958333333333333,0,0,0,0,0,-1,0,0,4.877058508991695,12.582111182768699,-9.333972494357567,-2.3658549541852096,3.994774774765915,10.825196672612066,-1,0,-1,-1,-49.74099372069108,0,0,-1,0,0,1.314919358802141,-0.20717549288124004,0.25666436351404665,0,0,0.8931653696309863,-0.42175398917115436,0.8023450475258669,0.32235020139765796,-5.5,46.5
20261112030,2026,20,Round 20,2026-07-17 10:00:00+00:00,Roosters,Storm,Allianz Stadium,14,6,8,20,1,False,145,0.6650513804236695,BlueBet,0.6635071090047394,0.7470119521912351,True,0.7602996254681649,-11.5,43.5,False,0.6858871558031555,1.41043516244509,-5.43692668040849,-3.6692501386372385,2.7294676345839832,70.94880825428982,79.17923512261598,-1.129997092990907,-3.8109454641353437,1.9170657724038485,1.6208482112009857,-7.099168463417133,0.9444444444444438,0,1,0,0,0,-1,0,0,15.506239264212013,-0.9500585712714837,-5.968899900275005,28.899379738826184,-6.474182003067739,7.075063320602936,1,0,0,-3,-99.8195095946141,1,0,-3,1,0,1.6376029361941884,0.349227180761997,0.09424184440150879,0,0,0.6055997940220269,-1.0320031421721614,-0.3564755303308502,0.6789625455679892,-6.5,44.5
20261112040,2026,20,Round 20,2026-07-18 05:00:00+00:00,Raiders,Rabbitohs,GIO Stadium,34,24,10,58,1,False,142,0.518828576404459,BlueBet,0.5598958333333334,0.513157894736842,True,0.5061728395061729,-1.5,49.5,False,0.07534993603555747,-0.953330033563276,-1.76246575803032,-3.6519974784329037,0.1875484822613771,-58.610764485182926,-20.19457085323745,-3.309745604393105,-3.2885209288007644,0.44063584330049466,-1.4532330964154418,-5.950856191195982,0.8541666666666661,0,1,0,0,0,0,0,0,45.31263654652241,15.498192066792313,8.416870826442505,-26.247824824459343,47.645398477746994,-5.989503712551624,0,0,-1,-2,-66.2317943240403,0,-1,-1,-2,-1,-1.4784556866614675,0.1264270985735788,-0.3952599731210159,0,0,-1.2753091146143334,0.20314657204713438,0.7620657760686969,0.24073931320458955,-1.5,49.5
20261112050,2026,20,Round 20,2026-07-18 07:35:00+00:00,Warriors,Dragons,Go Media Stadium,20,12,8,32,1,False,136,0.8537388480198511,BlueBet,0.8357558139534885,0.8190327613104526,True,0.8443271767810028,-16.5,45.5,False,1.764231612390466,9.082759854871284,-7.58844267009521,1.2100696754719706,1.9086728975207308,84.86956954474044,-43.83637133421303,4.438344315752633,2.5280415646677064,-1.1849497909923894,1.1195658244604494,9.284736706161539,-6.100694444444445,0,1,0,0,0,0,-1,0,-9.971293598704847,17.443880498729783,-34.57732369641252,-2.542787432656098,9.704937031633861,6.5919637724962,0,0,0,3,123.70739748158792,2,1,0,3,0,4.965101376445226,0.06924738326455904,0.3308174748742236,0,0,2.4581692396038224,-2.506932136841403,-0.8513611522447069,1.626982222085011,-15.5,46.5
20261112060,2026,20,Round 20,2026-07-18 09:35:00+00:00,Bulldogs,Wests Tigers,Accor Stadium,32,0,32,32,1,False,137,0.6283318014720257,BlueBet,0.6635071090047394,0.6341463414634148,True,0.6473214285714285,-6.5,44.5,False,0.5250668564179273,6.554330983328695,-5.205745277624786,-5.495063932727319,-0.37245592699012775,63.95955940803833,13.221753480007123,2.626533069033419,2.4450783918605623,0.40735195380465683,0.08745830977009117,-6.0844919714764885,-0.8958333333333339,0,0,0,0,0,0,0,0,-6.406015037596035,-26.91129500584566,-19.70772279644109,54.10272019246612,-13.889717427775338,-28.646682636627787,1,0,-2,0,0.5046905720081725,0,1,1,3,0,0.5007276419033038,-0.047855153495747205,-0.006633724335674718,0,0,-0.10973053235781138,-0.6104581742611148,-1.0149671215659786,0.6789625455679892,-6.5,44.5
20261112070,2026,20,Round 20,2026-07-19 04:00:00+00:00,Titans,Sea Eagles,Cbus Super Stadium,38,32,6,70,1,False,137,0.3232676354668502,BlueBet,0.3924050632911393,0.3875,True,0.38242280285035635,4.5,45.5,False,-0.7387952961920319,-2.416163725921905,8.486915685721605,-5.929403597337796,-4.516006419372303,-55.45673039876419,-50.142109002528514,-0.971563853419247,1.3192666690581447,1.571592661612332,-1.4869795705173323,4.607466441488981,-0.09027777777777768,0,1,0,0,0,0,0,0,8.977466188220433,21.810780122931305,14.014950426405989,-25.36680566183466,-1.4814586992822143,1.4645858834120133,0,0,0,0,-10.287283324045717,0,0,-1,1,0,-3.016322784722467,0.20402546055309378,-0.4390159126388674,0,0,-1.197794429954375,1.8185283547680924,-1.6079389918339562,-0.43721380642274443,6.5,47.5
20261112080,2026,20,Round 20,2026-07-19 06:05:00+00:00,Dolphins,Cowboys,Suncorp Stadium,36,16,20,52,1,False,89,0.6502509282284853,BlueBet,0.5949367088607596,0.5949367088607596,True,0.583941605839416,-3.5,50.5,False,0.6201423722575449,-1.3792059385697684,8.019752489998371,-2.9869241087159537,-1.8907843296996631,-26.982702150593923,-35.64869716828173,0.09443627835311919,2.5782558077341093,1.6976195369064584,-1.407930554600696,-0.04940681045786732,1.0451388888888893,0,0,0,0,0,0,0,0,36.04998670339273,-21.015217822904447,-0.4289361968561991,40.22140353853908,17.2727371846142,-17.893498131393983,0,-1,0,0,-4.905445751327335,0,1,-2,-1,-1,1.3016474868739905,-0.08990100855088462,0.3626503960188655,0,0,0.8514691173963198,-0.4501783694776703,1.338899716994501,0.38441169891033233,-3.5,50.5
20261112110,2026,21,Round 21,2026-07-23 09:50:00+00:00,Eels,Panthers,CommBank Stadium,18,24,-6,42,0,False,143,0.26545873132612896,BlueBet,0.17968749999999997,0.19407894736842105,True,0.16666666666666666,15.5,45.5,False,-1.017786789079028,-8.294936745212468,8.219693902062538,-7.7596073610962435,-1.5449996444698328,-298.9624692117934,-106.22654409016309,-1.52281903223858,-2.577495798014546,2.5086011598773066,-0.301469485756896,7.405562027984637,5.010416666666666,0,0,0,1,0,0,1,0,-106.36350894297391,-5.2315278722707035,-41.03601823606573,-45.39144869488746,-14.704514139750046,26.989709680179118,0,1,-1,-1,-45.870301750109256,1,1,0,3,1,-4.489582600392556,-0.07642364546684033,-0.569504776541628,0,0,-2.0068114347919153,2.4827711656006386,-0.6678385758176186,-1.5184661342283738,14.5,44.5
20261112120,2026,21,Round 21,2026-07-24 08:00:00+00:00,Knights,Roosters,McDonald Jones Stadium,22,23,-1,45,0,False,142,0.4076980658523904,BlueBet,0.44010416666666663,0.30309734513274333,True,0.2954545454545454,8.5,44.5,False,-0.3734896629961942,-0.4340233055965257,5.986326564160793,-4.854917497482603,-3.2463656610040843,-110.80063698023037,-114.91007478209349,0.6086761988218647,5.07822441637132,0.5677690779885349,0.38059715652733406,7.298098254684618,0.08333333333333304,0,0,0,0,0,0,0,0,-3.111225048028359,-1.5166905131284807,6.524698746369523,-34.581265401316415,26.46203212004707,-15.11045436551737,0,0,0,3,107.67485677722078,1,0,1,0,1,-1.6489052594588813,-0.5913254803459004,0.12782044113025393,0,0,-0.3757048044077556,1.273200455051126,-0.8763114781797401,-0.2407393132045895,2.5,45.5
20261112130,2026,21,Round 21,2026-07-24 10:00:00+00:00,Rabbitohs,Storm,Accor Stadium,28,26,2,54,1,False,143,0.5447567295190437,BlueBet,0.6075949367088608,0.48684210526315796,True,0.4747474747474747,1.5,45.5,False,0.17950739068778018,7.46636609180776,6.63859189865617,-2.5281158434648603,2.966805077438849,126.49830227892221,51.422432410786655,1.5381375513135023,3.4997113855287516,0.8452850833881822,1.8008324684298729,3.171637241860857,-0.791666666666667,0,1,0,0,0,0,0,0,-14.588652400002275,-19.798421037551094,-23.198166033485933,27.129892445954027,1.278042225080668,23.01466478725797,-1,-1,1,2,95.2501833658898,1,0,2,0,0,0.7133043176715128,0.021814202807401303,0.02681676688835946,0,0,1.10029061304363,0.3869862953721173,0.5394934489966672,0.4372138064227448,-5.5,46.5
20261112140,2026,21,Round 21,2026-07-25 05:00:00+00:00,Raiders,Wests Tigers,GIO Stadium,56,10,46,66,1,False,138,0.7013722288008187,BlueBet,0.7096069868995633,0.7913043478260869,True,0.8153846153846154,-15.5,50.5,False,0.8538408575022096,18.54356668384832,-7.713177751805329,-2.023593047190843,1.458669392939349,85.96223033861816,-10.217728341467705,1.442458486988481,2.849920040530627,-0.7786235513058024,-0.09403200660216893,-3.5210881041128843,0.19097222222222232,0,1,0,0,0,0,0,0,17.543084141321515,-6.918987107902922,-22.444581273111396,44.58627028619989,2.3203822361359983,4.030610528939434,-1,-1,-3,-4,-106.55795952286925,1,-3,1,0,-1,1.421112288891959,-0.36290786980183853,0.6882347954172944,0,0,0.6681271953984586,-0.7529850934935006,0.19355702516567885,0.8934760541079834,-13.5,50.5
20261112150,2026,21,Round 21,2026-07-25 07:30:00+00:00,Bulldogs,Warriors,Accor Stadium,18,6,12,24,1,False,140,0.37585743982918596,BlueBet,0.33649289099526064,0.39698492462311563,True,0.39759036144578314,3.5,40.5,False,-0.5071688819840758,-2.84089703203923,2.848775492106041,-5.703347165345647,-0.5035965720435343,-56.68910227582023,38.07847261703432,-1.999064983056969,2.1274024538825316,0.3145175059998859,-0.8423226172661691,-5.243849418584677,-0.08333333333333304,0,1,0,0,0,0,0,0,-1.7692526031502211,4.894755360342259,6.135673877453854,28.62596712478694,-41.42564896573326,9.433385145781301,1,0,0,1,28.957305425488826,0,0,-1,0,0,-2.75184205774021,-0.020475988779004306,-0.29282073639991335,0,0,-1.6367821334612458,1.1150599242789636,-1.9017453211452355,-0.678962545567989,4.5,42.5
20261112160,2026,21,Round 21,2026-07-25 09:35:00+00:00,Cowboys,Broncos,Queensland Country Bank Stadium,18,10,8,28,1,False,142,0.6295034388130362,BlueBet,0.5798969072164949,0.40506329113924056,True,0.3913043478260869,4.5,47.5,False,0.5300871530919912,3.6927842214557867,1.3905417945818428,-2.0332669591544317,-1.881321466934999,96.89996379342392,-18.190776945306652,0.39303241598936545,3.0626101708833318,1.1156090178569364,0.39053535679248963,14.15696608840977,-2.843750000000001,0,0,0,0,0,0,0,0,-54.25787708785731,6.706497777670023,-60.29260392813188,4.807994750348939,-5.4797656877444325,-31.091531938541436,1,1,0,-4,-103.41779240687359,0,0,-1,1,0,0.46610374360699947,-0.22402720832149903,0.4718542055230062,0,0,0.6156356814441153,0.14953193783711594,0.406314637645658,0.32235020139765796,1.5,48.5
20261112170,2026,21,Round 21,2026-07-26 04:00:00+00:00,Dragons,Titans,St George Venues Jubilee Stadium,18,38,-20,56,0,False,137,0.5020071069651538,BlueBet,0.4788359788359788,0.5263157894736842,True,0.5240506329113924,-1.5,47.5,False,0.00802847098416284,-7.0726780947999615,-4.866282045585024,6.256284899841077,-1.713645215367677,-71.02891143635907,-9.979848244933692,-2.1489079032371943,-0.9603409601579997,-0.41816001498668776,2.152609811446007,-11.019346935843014,0.8506944444444446,0,1,0,0,0,0,0,0,-9.5653055409839,-63.928963197971484,52.66249369067643,4.134025878213407,-2.4328619119022363,-19.098815743061436,0,0,0,-1,-47.08352618955791,0,-1,1,0,0,-1.2116687184658237,-0.01736144812861906,0.08511166703231389,0,0,-1.0674064593758916,0.14426225908993195,-0.32589715459354796,-0.0847066974721629,-1.5,46.5
20261112180,2026,21,Round 21,2026-07-26 06:05:00+00:00,Sea Eagles,Sharks,4 Pines Park,12,48,-36,60,0,False,143,0.4731341656319598,BlueBet,0.4986737400530504,0.39698492462311563,True,0.37354988399071926,3.5,46.5,False,-0.1075669358456651,-6.857693743035,7.866050615042221,-6.445385415179558,-2.11572720629659,37.07521016825149,3.207843441650084,1.0204016943615555,6.1668452220137056,2.628587763660928,-1.2455785462424727,4.490995467169096,-1.833333333333334,0,0,0,0,0,0,0,0,-15.04345135613596,-30.84863614884725,7.438415943416118,-8.72686167864859,17.093630527943816,-15.74105660398817,2,0,1,-1,-17.878153443325147,0,-1,-1,-2,0,-0.48126193241477955,0.044463127765967725,-0.1183688382933578,0,0,-0.5958758050483954,-0.11461387263361555,0.06068660817185767,-0.005305052229693341,3.5,46.5
20261112210,2026,22,Round 22,2026-07-30 09:50:00+00:00,Cowboys,Roosters,Queensland Country Bank Stadium,12,82,-70,94,0,False,143,0.4216421473250621,BlueBet,0.3765586034912718,0.3796526054590571,True,0.3883495145631068,5.5,44.5,False,-0.3160358372036328,-2.4419051852375375,5.970465696933783,-2.303539421038707,-2.864945343869884,36.2434962728787,-37.01295102955737,0.027543958740513297,-0.6742609622035545,0.019577134900927717,0.6797846466249631,11.445947333756013,-1.0659722222222223,0,1,0,0,0,1,0,0,-68.48479802170266,-38.489459705105816,-7.433255559345412,-1.5137234929510157,-21.04835926430043,-37.64445698837136,1,0,0,1,14.459227297868992,0,-1,0,-2,0,-2.0278457225681774,-0.06261347160557451,-0.22764528678607845,0,0,-0.5397094713950583,1.4881362511731193,-0.7686953076736056,-0.5041810810473222,6.5,45.5
20261112220,2026,22,Round 22,2026-07-31 08:00:00+00:00,Dragons,Dolphins,WIN Stadium,22,28,-6,50,0,False,90,0.23413194581051155,BlueBet,0.24509803921568626,0.17293233082706766,True,0.1726618705035971,15.5,50.5,False,-1.1851250744597177,-7.248754772420483,-0.22114582041380615,0.4987753285613934,-2.4587292818449455,-124.37778867301495,-2.2064853169943035,-2.937056068322276,-12.484928036275456,0.14177770272545231,0.14756307833165394,-3.5324394698754418,-6.913194444444444,0,1,0,0,0,1,-1,0,-73.2996645173389,-50.87499261021084,81.43862962027148,-62.76134739369161,-41.10195413370798,-27.96508883570253,0,-1,0,-1,-56.6415766571877,0,0,0,-1,0,-4.673472568530483,-0.36760272626350465,-0.580272900749447,0,0,-2.9799996164523987,1.6934729520780847,0.8182839773289785,-1.1249295969854831,12.5,48.5
20261112230,2026,22,Round 22,2026-07-31 10:00:00+00:00,Storm,Bulldogs,AAMI Park,22,36,-14,58,0,False,141,0.6123664382087852,BlueBet,0.582901554404145,0.252988047808765,True,0.26732673267326734,10.5,42.5,False,0.4572703935763915,-1.231081694341139,8.161088533167858,3.8027516969101356,-2.084940057944152,-65.11188553024522,-41.89969779588057,-0.04629497688537931,0.8233340071136865,-2.327275451875879,-1.3913446318364837,-2.0686057763728414,0.895833333333333,0,1,0,0,0,0,0,0,-16.901067497065924,12.728815910480023,12.27471921982638,-44.44591787740053,2.5413152500282052,-1.4304946687428242,1,1,3,3,129.67946871073178,0,1,2,0,0,-0.389790612436128,-0.2866026404658086,0.13895363713555567,0,0,0.5574607924346786,0.9472514048708066,-1.9564582989831354,0.33469603721995705,1.5,42.5
20261112240,2026,22,Round 22,2026-08-01 05:00:00+00:00,Titans,Warriors,Cbus Super Stadium,6,42,-36,48,0,False,139,0.3258713892098227,BlueBet,0.3765586034912718,0.39698492462311563,True,0.3913043478260869,4.5,49.5,False,-0.7269181180049181,7.928055856045237,8.980223231588896,-0.26983088533137334,-0.6477395897989737,-8.116884456039543,25.330693304653096,0.8623095657037947,-1.9916143981869965,-1.668176626544005,-2.8434793675943153,-4.621250508153736,-0.8541666666666661,0,1,0,0,0,0,0,0,63.793185906370695,46.1394567809144,4.081230358691727,9.578837611351545,3.9936611554129513,11.105496527021785,-1,0,0,-3,-94.4260393468495,0,1,-2,0,-1,-2.561798230566626,0.15632921127126576,-0.427379438040111,0,0,-0.5039863329433565,2.057811897623269,-0.5227756375977894,-0.5041810810473222,4.5,49.5
20261112250,2026,22,Round 22,2026-08-01 07:30:00+00:00,Panthers,Raiders,Glen Willow Oval,42,18,24,60,1,False,144,0.7029013062315304,BlueBet,0.7549019607843138,0.7158119658119658,True,0.749063670411985,-9.5,44.5,False,0.8611521066730389,-11.281897037270017,-2.670153264680579,-0.1324435761032987,-2.3054883542102047,78.8316207554567,73.44047331844558,0.009367466957891146,2.988372339099058,2.0388186873080407,-0.23034457344607162,1.8446315234851696,1.7986111111111116,0,1,1,0,0,0,0,0,74.50844008708793,-5.776704111746085,17.259263609092358,50.372290502276286,12.653590087465375,-35.04414885973924,0,0,1,0,-15.717981076374201,0,-1,1,0,0,2.1205876152152703,-0.11632490584159072,0.5087246043924655,0,0,0.5182958651792315,-1.6022917500360392,-0.13838146218674224,1.1249295969854836,-9.5,44.5
20261112260,2026,22,Round 22,2026-08-01 09:35:00+00:00,Broncos,Knights,Suncorp Stadium,6,30,-24,36,0,False,143,0.508246183510972,BlueBet,0.5798969072164949,0.6341463414634148,True,0.6516853932584269,-5.5,45.5,False,0.03298772512781037,-6.7695915537084375,2.701274012117615,4.045163762273461,-0.9165973953419737,-27.827451450830722,62.91622877572843,-1.545105051838937,-7.346285667385448,-2.039978647845837,0.4146899942536617,-3.021955768454262,-1.0659722222222214,0,1,0,0,0,0,0,0,-7.725081824525432,-20.37129806424207,33.899185589268626,-12.788030041959047,-8.464939307592871,18.66493070564735,-1,-1,0,0,-50.07318374370375,-1,0,0,-1,1,-1.3187540729798735,0.24887039567295266,-0.41622375568290637,0,0,-0.9764459052811415,0.34230816769873207,-0.5882324724862668,0.32235020139765796,-5.5,45.5
20261112270,2026,22,Round 22,2026-08-02 04:00:00+00:00,Sharks,Rabbitohs,Ocean Protect Stadium,32,16,16,48,1,False,144,0.7208331824198736,BlueBet,0.6635071090047394,0.8059210526315791,True,0.8184523809523809,-15.5,51.5,False,0.9485982251616967,9.618973408802173,-12.39601881884825,1.3544538416992538,1.2890028154074642,34.90242768587359,2.10276923587503,-0.13818122998535465,-3.259238892572686,-0.23648237664818694,0.4095365620113549,-12.427013633879039,-1.8368055555555554,0,0,0,0,0,0,0,0,106.40883523288892,56.12731554284167,10.312050305768281,19.072163654733686,20.89730572954531,2.0072261357053094,0,0,0,-3,-189.23649136015402,-1,0,-1,-2,0,2.0299586978260393,0.0350066653114276,-0.08346896927811648,0,0,0.8496298455531545,-1.180328852272885,1.8235519679076906,0.6789625455679892,-9.5,50.5
20261112280,2026,22,Round 22,2026-08-02 06:05:00+00:00,Wests Tigers,Eels,CommBank Stadium,13,16,-3,29,0,False,139,0.5208647515223188,BlueBet,0.4788359788359788,0.35251798561151076,True,0.3563218390804598,6.5,49.5,False,0.0835075005866545,-7.467124347469877,13.736927443068286,4.5490152963083546,-1.061418608982315,-146.97430727461733,-38.837421581566446,-2.523395648922106,-2.6115325123248283,-3.2745169791448294,0.5128456394168324,-5.190684326250704,-1.7986111111111107,0,0,0,1,0,0,0,0,-35.99585615254091,-3.6229899953879396,21.823694303528924,-33.65893525428308,-20.53762520639893,-8.663431805510243,1,1,0,2,39.45511105781557,0,1,1,2,0,-0.9471486213104725,0.08594187524784314,-0.2485353796495799,0,0,-0.23181496638693655,0.7153336549235358,0.15773332972690235,-0.0847066974721629,8.5,48.5
20261112310,2026,23,Round 23,2026-08-06 09:50:00+00:00,Titans,Cowboys,Cbus Super Stadium,8,30,-22,38,0,False,140,0.44245725463111135,BlueBet,0.42010309278350516,0.3875,True,0.3935643564356436,4.5,48.5,False,-0.23119531362422038,4.504688208539619,-9.740513034119875,0.4528467835873329,3.0873809613070335,123.096532194774,51.06845983546435,1.303049130325816,4.663569475302271,0.12247530336770218,-3.0889790584907537,-3.1154091833151014,-1.7986111111111107,0,0,0,0,0,1,0,0,59.087514786133966,15.733602752333837,30.679150752732824,-1.6791959255258035,14.353957206593122,-17.677401290683036,2,1,0,-1,-19.56219959201833,-2,1,-1,-1,0,-0.2840567538221328,0.08576170612678835,-0.09349057063527996,0,0,-0.45881745866567253,-0.17476070484353978,1.3901523971719725,-0.32235020139765763,3.5,48.5
20261112320,2026,23,Round 23,2026-08-07 08:00:00+00:00,Warriors,Panthers,Go Media Stadium,28,12,16,40,1,False,143,0.472699877324999,BlueBet,0.3844221105527638,0.423076923076923,True,0.4231738035264484,3.5,40.5,False,-0.10930920090447312,-3.103822279939795,-3.9686886717462997,-2.152244251462747,3.33862948178124,68.1644327403153,1.3182885532290811,1.2694686327594162,1.8788692110233214,0.7889999235091771,0.6099964093076036,1.846553489165153,0.10416666666666696,0,1,0,0,0,0,0,0,-49.04010546405004,-8.21844752854878,-21.89510139871183,-13.04402781689302,-5.882528719896442,6.463217107481029,0,1,1,-1,-17.27439768803785,0,0,0,-1,0,-0.3218848868779727,0.142667129660909,-0.3830352544731408,0,0,-0.46526685012147195,-0.1433819632434996,-1.2117588898829268,-0.47082028915229146,5.5,40.5
20261112330,2026,23,Round 23,2026-08-07 10:00:00+00:00,Roosters,Bulldogs,Allianz Stadium,20,18,2,38,1,False,142,0.7324526545337958,BlueBet,0.695067264573991,0.6474820143884892,True,0.6404761904761904,-5.5,44.5,False,1.007102160281739,13.331455918927283,-1.3998517330173073,4.358652765053435,4.059396909990319,126.22212558856017,46.48390212926029,-0.13583646052705944,-1.343006855026431,-0.9578695748078996,-0.9162490040810933,-8.461237531016,1.0069444444444446,0,0,0,0,0,0,0,0,-16.029595993340877,22.82172753815206,-27.23576793474996,16.589219283158826,-28.204774879901805,5.302536409445281,1,0,0,1,48.70211651742207,0,1,-1,0,0,2.0316707860264662,0.022583724807932082,0.299095378580207,0,0,1.709343268872384,-0.32232751715408214,-1.3959705508086768,0.8239174117431399,-8.5,45.5
20261112340,2026,23,Round 23,2026-08-08 05:00:00+00:00,Storm,Sea Eagles,HBF Park,42,20,22,62,1,False,144,0.47252753762248834,BlueBet,0.48684210526315796,0.44155844155844154,True,0.4438775510204082,2.5,44.5,False,-0.1100006340458101,0.20433556229935945,-3.727907779251428,4.641494760061164,0.07203208491812774,-2.4032721313196816,-27.04692147035496,0.24144065113470603,5.923703962876878,-1.1930775941758185,-0.3214832028603536,-1.2048330030746328,-5.163194444444444,1,1,1,0,0,0,-1,0,34.42596311046702,48.817226349223034,21.33791190303839,-28.927625131295144,-6.80155001049917,45.68591402404735,0,0,2,0,-6.1849846314519255,0,-1,0,-1,0,-0.8396965004271201,0.10393637033933395,-0.10037863663993393,0,0,-0.26875925193044425,0.5709372484966757,-0.01628442156560267,-0.05264373348542167,1.5,48.5
20261112350,2026,23,Round 23,2026-08-08 07:30:00+00:00,Dolphins,Broncos,Suncorp Stadium,40,32,8,72,1,False,91,0.7682946522071098,BlueBet,0.6490384615384616,0.6919642857142858,True,0.7133757961783439,-8.5,48.5,False,1.1987068094472357,13.508954947337832,0.23594813811284965,-0.5243305221776069,1.2135311206336823,238.89242836787844,-11.279267586192873,3.4438669917561016,8.36824726178746,0.8260264355384237,-1.5295112735039273,-1.5628406065842988,1.0659722222222223,0,0,0,1,0,0,0,0,103.19418592080353,20.721219161188145,-27.635601522565082,69.86334173550884,40.245226546671674,0.24872252523437055,-2,-1,0,-3,-59.87476875883593,0,0,-1,-2,0,3.321096595084751,0.2869881591184986,0.5212712695530739,0,0,2.5513211082272558,-0.7697754868574957,0.09329838163303722,0.6148153372900385,-7.5,48.5
20261112360,2026,23,Round 23,2026-08-08 09:35:00+00:00,Rabbitohs,Eels,Allianz Stadium,28,24,4,52,1,False,145,0.6706155822707415,BlueBet,0.6619385342789598,0.712742980561555,True,0.7267080745341615,-9.5,46.5,False,0.7109705584607773,6.690510083786435,7.282942672710163,5.343672446475992,1.7311254352217134,102.2945498181482,38.883529473510464,2.716957731155121,2.612173929076885,-4.337012425019125,0.5855560278532792,0.1456237485373748,0.08680555555555625,0,0,0,0,0,0,0,0,46.34816611254678,-0.6887857636658907,34.4901211225303,30.001687143233937,-17.45485638955148,16.125137838623772,-1,0,0,2,103.7600740513375,1,1,0,2,1,1.6981684351365391,-0.040767104006526084,0.23427907152822658,0,0,1.6454118946606502,-0.0527565404758889,0.3743572988363871,0.6719449729093422,-7.5,45.5
20261112370,2026,23,Round 23,2026-08-09 04:00:00+00:00,Raiders,Knights,GIO Stadium,24,30,-6,54,0,False,144,0.5524314219188495,BlueBet,0.5798969072164949,0.5949367088607596,True,0.595,-3.5,43.5,False,0.21049952938169367,6.971129723162399,9.012985565113599,1.601594378946487,-0.32779887700528576,-27.60825720723733,-34.36599705022661,-1.4513493505517143,-2.0610399809930797,-1.1661470559562126,-1.1303760462656252,0.24900395563698652,0.08680555555555625,0,1,0,0,0,0,0,0,22.99832205695634,-17.71930472535493,18.62663552947086,2.1568240041225977,19.93416724871784,6.293623357757838,0,0,0,-3,-150.2548280796508,0,0,1,-1,0,-0.4594710877115112,0.24559012412202702,-0.311919363327326,0,0,0.23363264898733213,0.6931037366988433,0.5226188747695577,0.32235020139765796,-3.5,45.5
20261112380,2026,23,Round 23,2026-08-09 06:05:00+00:00,Dragons,Sharks,St George Venues Jubilee Stadium,24,16,8,40,1,False,139,0.1790127844317645,BlueBet,0.2055267702936097,0.15848527349228608,True,0.1576011157601116,17.5,48.5,False,-1.523050312853845,-16.092814977729905,12.483451779504986,-5.464338308604823,-5.372131125984787,-51.5859738243862,8.539753743758865,-2.2767757091272376,-9.533391896626778,0.9774750399986392,-0.14910196765028605,4.4066233182745975,1.833333333333334,0,0,0,0,0,0,0,0,-141.63105115360236,-90.60442281717496,27.309652547695862,-27.852047384091122,-50.484233500032076,-32.22756025735197,1,0,1,1,85.80156939662194,0,0,0,-1,0,-4.888085783459638,0.6689627546052699,-1.1158654912951214,0,0,-2.8355552480171813,2.0525305354424566,0.31762294311325423,-1.3521029963716114,15.5,50.5
20261112410,2026,24,Round 24,2026-08-13 09:50:00+00:00,Panthers,Roosters,CommBank Stadium,6,12,-6,18,0,False,149,0.5903449469957804,BlueBet,0.5394736842105263,0.6265356265356266,True,0.6363636363636365,-5.5,42.5,False,0.36539155053802513,-9.080635896638572,4.137596101031569,0.455825976205503,-4.331098817721845,12.319040798550759,-6.5986757852455185,0.9450240253212661,2.7428233703948877,-0.921112605486293,-0.5180110411726639,9.143086785937442,0.08333333333333393,0,0,0,0,0,-1,0,0,38.39983147566511,18.623507444722605,28.753515060902743,-20.799070585543717,11.821879555583422,22.486532113229742,2,0,0,2,82.15903434913541,0,0,1,3,0,0.22315407702626988,-0.07617062519202555,0.36376092064274734,0,0,-0.044754487549080735,-0.2679085645753503,-0.8425385194503905,0.1582240052148942,-1.5,42.5
20261112420,2026,24,Round 24,2026-08-14 08:00:00+00:00,Sea Eagles,Dolphins,4 Pines Park,0,22,-22,22,0,False,92,0.4355000714121441,BlueBet,0.3703703703703704,0.2638036809815951,True,0.25697211155378485,10.5,50.5,False,-0.2594452968146691,-9.249185820435724,5.993208476186258,-1.026625626742927,-1.8605815936958976,-277.5946367012325,-40.59961371744737,-1.951641986632592,-8.016285654724058,-0.11266033749191529,0.11762084133359973,5.870720688758098,0.10416666666666696,0,1,0,0,0,0,0,0,-116.264459401404,-5.361283062118872,-22.492606973485636,-49.34681736846346,-39.063751997336,-6.035568796579923,1,0,1,3,69.94091641702616,0,0,0,0,0,-2.0079712392324085,-0.36921591391651887,0.028755333142429187,0,0,-1.6222514880637287,0.38571975116867996,1.6512609737817066,-0.5306282510621702,7.5,50.5
20261112430,2026,24,Round 24,2026-08-14 10:00:00+00:00,Bulldogs,Rabbitohs,Accor Stadium,6,22,-16,28,0,False,143,0.5682591902941134,BlueBet,0.5613577023498694,0.6125,True,0.6142506142506142,-4.5,43.5,False,0.2747522049258577,-1.15993138474132,-9.475260876490953,-4.464918561300777,2.635608966356763,-7.835882848607525,19.920242165978834,-2.2803661019220005,-0.8791468642448592,2.7685497628418574,0.4617529213342575,-3.6106374471351614,0.9826388888888893,0,0,0,1,0,0,0,0,0.8342886936794685,39.102749944685314,5.512131594471725,-25.308066573769565,-18.472526271707935,18.628130046633856,-1,-1,0,-5,-167.2138039274566,0,-1,0,-1,-1,-0.024030929879333918,-0.06294128643577995,-0.0049444406144686925,0,0,-1.3574502592379778,-1.333419329358644,-0.514228283683357,0.24667404872440363,-2.5,43.5
20261112440,2026,24,Round 24,2026-08-15 05:00:00+00:00,Sharks,Raiders,Ocean Protect Stadium,20,24,-4,44,0,False,146,0.7327896957710791,BlueBet,0.7234042553191489,0.7291666666666667,True,0.7642585551330798,-11.5,51.5,False,1.0088227471633737,0.6043622227237471,-9.51252892724705,2.3763866639325784,2.440570865248148,66.16126685482482,19.85485176893826,1.6931774244121742,-0.6344198512707493,-0.2028689352173405,-0.381527291243831,-5.867474628073445,-0.08680555555555625,0,1,0,0,0,1,0,0,75.06181124660327,20.693238975767088,-0.6777183054313412,36.84010691357386,18.206183662693732,-22.441385962796403,-1,0,0,0,-30.530692590512928,-1,0,2,1,0,2.47355775566694,0.07794100831235196,0.19410359309262543,0,0,1.0292228641556092,-1.4443348915113314,1.1097834344212814,0.9614111671546244,-10.5,52.5
20261112450,2026,24,Round 24,2026-08-15 07:30:00+00:00,Eels,Cowboys,CommBank Stadium,32,30,2,62,1,False,145,0.45569683801030986,BlueBet,0.41025641025641024,0.3734643734643735,True,0.401496259351621,5.5,49.5,False,-0.1776786152078052,-2.1813171961574938,-7.487388619684445,1.199757400534196,3.8328675951600815,-53.59617931581579,-23.441391765122603,-0.23040621319014054,-3.846655656911807,1.1667857804524857,-1.9193113294495756,1.8738578357647881,-1.989583333333334,0,1,0,0,0,0,0,0,-5.394577812907642,4.972747840383391,12.195067728601686,-0.10419219399770441,-22.45820118789503,12.30887433533016,1,0,1,2,66.19305117775568,0,0,3,2,0,-0.8936932872314471,-0.14881480950742532,-0.16259050352966417,0,0,-0.9266333489153915,-0.0329400616839437,0.1767383838685097,-0.3629054936893685,5.5,50.5
20261112460,2026,24,Round 24,2026-08-15 09:35:00+00:00,Broncos,Warriors,Suncorp Stadium,6,40,-34,46,0,False,144,0.30148191024030296,BlueBet,0.37810945273631846,0.32870370370370366,True,0.3227272727272727,7.5,46.5,False,-0.8402510612070159,-9.113227008647996,16.933373278614276,-3.720144306173708,-5.074628514192909,-381.1008765064271,-71.88645543210237,-3.4795099560651073,-4.571234147207569,1.372045229730599,1.5579418670617162,-6.836922303399199,-0.9791666666666661,0,1,0,0,0,0,0,0,-57.67593044529815,-8.688367531342237,4.709021601156024,-20.59142252954564,-33.1051619855662,8.79236930544846,0,0,0,3,55.532814629086914,0,0,1,1,0,-4.252643096943988,0.06272347919694221,-0.7555620475493985,0,0,-1.6337042411628335,2.6189388557811557,-1.2124982131372684,-0.4975803970159699,4.5,46.5
20261112470,2026,24,Round 24,2026-08-16 04:00:00+00:00,Knights,Titans,McDonald Jones Stadium,36,26,10,62,1,False,141,0.7531582525641609,BlueBet,0.7377049180327869,0.7495069033530573,True,0.7346938775510204,-11.5,50.5,False,1.1155279358340369,7.683474877914861,-10.985757968174763,-0.01368148828701976,1.7643189272055295,-64.10886839067689,-80.25733404454195,2.7055897817589454,5.131776090329396,-0.16461024251948153,2.6338548126436816,-5.590388488803278,-2.7569444444444446,0,1,0,0,0,0,0,0,27.22617097023476,20.98178424559819,-11.174695954998754,6.717598335618675,10.701484344016663,29.953364809691976,-1,-1,0,1,89.66783119699974,0,0,0,0,0,2.706565222385471,-0.09079379776203711,0.509652799078719,0,0,1.2690550408728092,-1.4375101815126616,-0.09461707077506454,1.0340737675305387,-11.5,50.5
20261112480,2026,24,Round 24,2026-08-16 06:05:00+00:00,Wests Tigers,Dragons,CommBank Stadium,22,24,-2,46,0,False,140,0.6146112803556776,BlueBet,0.5394736842105263,0.5291005291005291,True,0.5259067357512953,-1.5,46.5,False,0.4667375171708995,-9.804026691633066,7.476194360646872,1.4353121936540134,1.7163881210802572,-164.97329388668913,-45.64519689966892,-2.2923986017421676,2.5270872256933146,0.15107968452635312,0.5742322503571002,2.3640280797033846,7.0,0,0,0,0,0,0,1,0,-98.11798054890028,40.78751950836394,-41.00598612375893,-44.59307640297729,-53.3064375305279,14.195406508693281,-1,0,0,1,40.678613207147606,0,0,1,-1,0,-0.42561535363042835,-0.2324967872613104,-0.2567610603073148,0,0,-0.0604791737178787,0.3651361799125502,-0.6140400058603478,0.1582240052148942,-1.5,47.5
20261112510,2026,25,Round 25,2026-08-20 09:50:00+00:00,Storm,Panthers,AAMI Park,14,22,-8,36,0,False,153,0.40152513081480273,BlueBet,0.2903225806451613,0.30803571428571425,True,0.3061674008810572,7.5,43.5,False,-0.39911441070711406,7.61137808609962,6.717218412905019,1.735565644552608,0.051141114871036564,-212.64741674305333,-65.67646463627148,-0.47648449601360277,0.989359363049708,-1.6900022697839603,0.3805309728777946,-6.671053480569476,5.201388888888889,0,1,0,0,0,0,1,0,-40.365961916636934,18.058459610709093,-20.962301972296814,-26.13468121304507,-11.327438342004129,14.780161817252406,1,1,0,-2,-107.80663151347355,0,0,-1,1,0,-2.0123280258940746,0.4249431441317408,-0.5792679791928969,0,0,-0.28208321397075287,1.7302448119233218,-0.771263657171214,-0.8938178760220964,8.5,43.5
20261112520,2026,25,Round 25,2026-08-21 08:00:00+00:00,Raiders,Broncos,GIO Stadium,30,34,-4,64,0,False,147,0.6913663182126937,BlueBet,0.6506024096385543,0.7361963190184049,True,0.7480314960629921,-11.5,50.5,False,0.8065147331513743,13.032497509524708,-7.639611596559249,5.523712962190828,1.577871343853701,153.7929633238698,-12.578944841853456,0.516478119922207,4.51779507798657,-1.7699078828326744,0.12929429335803988,3.2749858988141582,0.19097222222222232,0,1,0,0,0,-1,0,0,112.50110178206785,48.35280243406575,-33.63930770680315,39.05492529650613,58.732681758299094,36.77725365488524,-2,-1,0,-4,-127.11350624149017,0,1,0,-1,-1,2.2966808719797442,0.11041241439370977,0.35506488488034216,0,0,1.6369259028822887,-0.659754969097456,0.7055762992071278,0.6216882165778008,-6.5,51.5
20261112530,2026,25,Round 25,2026-08-21 10:00:00+00:00,Dolphins,Eels,Suncorp Stadium,34,16,18,50,1,False,93,0.7875755952857917,BlueBet,0.7610789980732178,0.8043117744610282,True,0.8190327613104526,-15.5,51.5,False,1.3103731775546439,4.965197277588121,-5.314111066083541,-5.283255719330356,0.9716924672682623,149.95343394684915,37.45694280504608,1.629420433373162,3.4110728823370664,2.258887602623062,1.16946398249413,-8.784777066496655,0.9791666666666661,0,1,0,0,0,0,0,0,58.62959884901113,20.648346634746304,-19.29494663451237,50.841756862365315,6.434441986411841,9.922118241350262,-1,0,-1,-3,-81.23304347701375,1,0,-2,-1,0,3.5230223336812987,0.12701539882459123,0.466139757325275,0,0,2.028219075410113,-1.494803258271187,0.933798660801828,1.1586041992960854,-13.5,51.5
20261112540,2026,25,Round 25,2026-08-22 05:00:00+00:00,Knights,Sea Eagles,McDonald Jones Stadium,24,44,-20,68,0,False,146,0.6408481742051719,BlueBet,0.6797235023041476,0.6547619047619047,True,0.6721311475409837,-7.5,50.5,False,0.5790473589879469,13.924729896315412,-9.374012397522112,3.6665762380434757,1.1080152150505782,126.68496343666811,-34.73980002509529,3.5469787015963106,13.352281116669886,-1.679170590533456,0.6268545698389136,-0.5745918120603477,-1.833333333333333,0,0,0,0,0,0,0,0,71.45157782116212,39.21146138824059,-0.5746898688506121,26.506027466749572,6.308778835022565,21.907374762982215,-1,0,0,-2,-64.5659926732864,-1,1,0,0,0,1.1490175667107576,-0.33458246861155644,0.33725079686194637,0,0,0.9654021756145816,-0.18361539109617625,-0.19014669688931252,0.7525014232091285,-8.5,50.5
20261112550,2026,25,Round 25,2026-08-22 07:30:00+00:00,Rabbitohs,Warriors,Accor Stadium,26,45,-19,71,0,False,145,0.42546305552750463,BlueBet,0.4170984455958549,0.4329896907216495,True,0.42171717171717177,3.5,45.5,False,-0.30038628417547375,-6.719816043395735,10.225138311432014,-0.5477953543149567,-2.522622755030845,-82.01172421367164,-32.43488959975309,0.2937993545962616,-0.7066374819423018,-0.09058284132605365,-0.08927859053711273,-1.189155628812422,0.9826388888888884,0,1,0,0,0,0,0,0,26.74270088168862,-3.9232697684469997,29.64875791796382,39.6405879539648,-38.62337522179311,25.78543559440473,-2,-1,-1,1,-11.43449236068065,0,-1,-1,-2,1,-2.245233139326085,0.49658359654194895,-0.7585359142861435,0,0,-0.31557782477233376,1.9296553145537512,-0.2822222733885529,-0.3346960372199574,3.5,45.5
20261112560,2026,25,Round 25,2026-08-22 09:35:00+00:00,Dragons,Bulldogs,Allianz Stadium,14,44,-30,58,0,False,141,0.3826139249336352,BlueBet,0.33649289099526064,0.33411214953271023,True,0.3302540415704388,7.5,42.5,False,-0.4784681057774693,2.7822514409888086,4.654637387165085,3.8395118767500094,-1.6289265069353078,36.49285521683805,-8.609785046713341,0.5976130965756683,1.1068295576056002,-1.7924106617420286,-2.326618774968728,-5.905572737576406,-1.8368055555555562,0,0,0,0,0,0,0,0,40.52104247531838,-18.922277903364716,41.41320070480094,8.595309307211238,9.434810366670888,13.140842599071846,1,0,1,0,2.8179992664499878,0,-1,-1,0,0,-1.444684482029273,0.6174181334621465,-0.5455291387794718,0,0,-0.12984627438772045,1.3148382076415528,-1.8916587621137557,-0.678962545567989,5.5,43.5
20261112570,2026,25,Round 25,2026-08-23 04:00:00+00:00,Titans,Sharks,Cbus Super Stadium,22,30,-8,52,0,False,142,0.2725763811515244,BlueBet,0.3627450980392157,0.30803571428571425,True,0.3099547511312218,8.5,50.5,False,-0.9815901296291373,-6.537806971457371,12.247253106365783,-4.13743960451545,-3.4076769553213637,-2.563826858453922,39.943608283710205,-0.6872064990244153,-0.7322748743311323,-1.020092905720528,-0.5014706549460026,7.771430820403275,-0.958333333333333,0,1,0,0,0,0,0,0,-58.13552218894188,-10.109519035411239,-6.120441146394626,-14.444657297923754,-27.460904709212244,6.672038308502067,-1,0,1,2,52.537164462140936,-1,0,1,0,0,-3.74715137219021,0.3474384369334029,-0.8203999614133601,0,0,-1.8038350673492998,1.9433163048409106,0.8215935323621751,-0.5634693572514127,5.5,49.5
20261112580,2026,25,Round 25,2026-08-23 06:05:00+00:00,Roosters,Wests Tigers,Allianz Stadium,24,25,-1,49,0,False,141,0.8726218802060594,BlueBet,0.8203125,0.8810572687224669,True,0.9027777777777777,-23.5,52.5,False,1.924342350873563,13.716265542283422,-16.260006692227808,-2.5592997880062285,1.2087497418730493,80.72384734945035,68.8889573879361,1.2154081186855423,4.484533212293854,1.0325223285048892,1.5714278797743226,-4.46732361068927,2.84375,0,0,0,0,0,0,0,0,83.06171088520375,33.26665758357768,-0.7871861363210257,56.34427040283555,-5.762030964888439,16.014177468079993,-1,-1,-1,-3,-113.15041999412173,-1,-1,1,-2,-1,4.4749074309991705,-0.2787041348927062,0.49877464400306215,0,0,1.7977406306472186,-2.677166800351951,-0.8772392470227874,1.5184661342283736,-16.5,51.5
20261112610,2026,26,Round 26,2026-08-27 09:50:00+00:00,Broncos,Storm,Suncorp Stadium,20,46,-26,66,0,False,148,0.4529388155679276,BlueBet,0.5211640211640212,0.38118811881188125,True,0.37288135593220334,4.5,50.5,False,-0.1888035993148613,-3.1707875877559246,8.06278638083814,-2.67425471699309,-4.493471947243464,-162.58741164442336,-30.223352173696128,-0.6807345821957256,-5.666181831867604,0.10724041323198996,1.3517763543562413,2.4045652646947744,-0.9236111111111107,0,1,0,0,0,0,0,0,-87.23081813017632,-55.60149165224189,34.127623429963876,-34.377246707175786,-31.379703200722503,-11.364248493194054,-1,-1,0,1,30.252928659729065,0,0,0,-1,1,-1.845998097016051,-0.07156850512332927,-0.2292519404434277,0,0,-0.8398597382638597,1.0061383587521913,0.21133202785290606,0.08470669747216275,-1.5,49.5
20261112620,2026,26,Round 26,2026-08-28 08:00:00+00:00,Sea Eagles,Dragons,4 Pines Park,44,10,34,54,1,False,142,0.7771914540384715,BlueBet,0.6781609195402298,0.7158119658119658,True,0.7293388429752066,-9.5,49.5,False,1.2493738571937378,3.7985085808950636,-0.8913383918838811,-3.0476263944652118,2.8336082252709716,-87.92057977441732,4.958986471990215,-0.7618081594850077,-5.0757475653331205,-1.0015076958063318,2.393943609611152,4.243818205914543,0.19097222222222232,0,0,0,0,0,-1,0,0,-63.85250588300937,22.9220106415018,-82.63932476158789,-21.949997277911876,17.814805514988493,-2.7682906137386283,-1,0,1,-2,-59.15452148615131,0,0,-1,-2,0,2.95630283945254,0.5137872306993361,0.26059001689038264,0,0,1.5108311272723962,-1.4454717121801437,-0.1787719010068649,0.7453329337305153,-7.5,48.5
20261112630,2026,26,Round 26,2026-08-28 10:00:00+00:00,Panthers,Bulldogs,CommBank Stadium,24,10,14,34,1,False,145,0.7550781922425835,BlueBet,0.6935123042505593,0.7112068965517242,True,0.733739837398374,-9.5,40.5,False,1.1258823021763251,-5.768744291678832,-0.7314931456170228,1.0221607622963376,-1.593346003943239,11.637311481971892,-13.231138473062401,-0.16793105870163583,6.111131874462977,-0.81320234055711,-0.8372683898406796,3.318908152075956,1.989583333333334,0,0,0,0,0,0,0,0,2.294019941891861,-1.875272584548128,-11.107281358698032,9.58562899744797,5.690944887690009,-18.690260897796378,1,0,-1,1,64.69950592970963,0,-1,-1,0,0,1.7333330890673904,-0.04883575752360447,0.47766099077536595,0,0,0.9337050627124857,-0.7996280263549049,-2.9439882804287274,0.8165913716510672,-8.5,40.5
20261112640,2026,26,Round 26,2026-08-29 05:00:00+00:00,Titans,Rabbitohs,Cbus Super Stadium,22,42,-20,64,0,False,143,0.365849168385768,BlueBet,0.32558139534883723,0.23809523809523808,True,0.24853228962818005,11.5,55.5,False,-0.550065690670863,-3.8002834550387483,3.2430351168834477,0.042825793135378376,-0.6041396163042307,41.18244658118397,48.04478091586202,-2.508505795321832,-2.3452210401232065,-0.06633103653303607,-0.7038991345169925,6.298675691718955,-0.8541666666666661,0,1,0,0,0,0,0,0,-145.03248118511124,22.6271237804917,-41.963000870059034,-51.07512259401693,-74.62148150152689,-18.590048828910625,0,0,1,1,54.395259826031264,0,1,-1,-1,0,-2.071352499457757,0.20125739526519582,-0.40691061375994386,0,0,-1.4334955372294371,0.6378569622283206,1.4593140021225963,-0.7282385003712153,7.5,53.5
20261112650,2026,26,Round 26,2026-08-29 07:30:00+00:00,Roosters,Dolphins,Allianz Stadium,12,26,-14,38,0,False,94,0.6113486655079606,BlueBet,0.6125,0.6045340050377834,True,0.6142506142506142,-4.5,48.5,False,0.45298481439633004,-2.905876311952202,-2.095705757241525,3.5913339779868068,0.486828594120162,-126.46439180654761,-15.306063142401285,-1.2700638926655028,1.6008231103232475,-1.7107624026930122,-0.10218232217505463,0.3584755254612162,-1.8368055555555554,0,1,0,0,0,0,0,0,33.73288709042458,29.55681687163917,23.375955323222172,-28.09322379825187,8.893338693815082,17.839112864172847,1,0,0,0,14.693095161090838,0,0,0,1,0,-0.44101777145183796,-0.12202220654793106,0.03861936964282972,0,0,-0.8858691953946954,-0.4448514239428568,-0.0910512289463673,0.4578330936254806,-5.5,47.5
20261112660,2026,26,Round 26,2026-08-29 09:35:00+00:00,Cowboys,Wests Tigers,Queensland Country Bank Stadium,24,10,14,34,1,False,142,0.7272375370779367,BlueBet,0.7619047619047619,0.755813953488372,True,0.7769652650822669,-13.5,55.5,False,0.9806518429327383,6.553391418344958,3.00668886716954,-4.217397886791332,-4.176021092394841,43.56516717697423,34.48343638527933,0.8159591205447461,2.696420408116605,0.16749885184327695,2.3094039964665942,1.515278049617983,7.854166666666667,0,1,0,0,0,0,1,0,31.685928897584176,26.193833021140676,-39.586560031567075,35.743123278461,9.335532629549604,24.207664237888594,1,1,-1,-1,-79.05961852761664,1,0,-1,1,-1,1.3444117459417586,-0.14863011988733332,0.3999005519116835,0,0,1.1021158266077933,-0.24229591933396488,0.8959790724019276,1.1631508098056806,-12.5,52.5
20261112670,2026,26,Round 26,2026-08-30 04:00:00+00:00,Warriors,Knights,Go Media Stadium,46,32,14,78,1,False,146,0.7476106146274225,BlueBet,0.6864988558352403,0.6712962962962963,True,0.6596736596736597,-7.5,47.5,False,1.085909198752679,7.496338344242407,-12.329481886184496,6.967681851929925,3.465033968262219,182.26922805647814,84.60122902505452,-0.06134567314434847,-1.4417603964125973,-1.8257984428669864,-0.8210318786930704,2.2192867415160755,-0.10416666666666607,0,1,0,0,0,0,0,0,46.72261456962667,-8.533438035570839,25.076151441114547,-12.211531519596775,42.39143268367967,14.160510032289977,0,1,2,0,12.840749110986025,-1,1,-1,-1,1,2.5167506817967515,-0.5806451078005401,0.8373120949956552,0,0,0.7709059898270284,-1.7458446919697224,0.30374715018921394,0.7838015488280762,-7.5,48.5
20261112680,2026,26,Round 26,2026-08-30 06:05:00+00:00,Eels,Sharks,CommBank Stadium,38,18,20,56,1,False,148,0.32345863740959624,BlueBet,0.35523114355231145,0.30648769574944074,True,0.29912663755458513,8.5,54.5,False,-0.7379223416463419,-6.992942400589122,7.474775894693359,-4.75312246635923,-3.3354275366300357,-132.7129314429617,-21.96972888868936,-1.8121510812244406,-10.52337687633667,1.7695490867542052,-0.9289137341227462,10.552046122950514,1.75,0,0,0,0,0,0,0,0,-105.45755829831546,-25.797047953825313,-26.22307659033308,-33.9199623712296,-19.517471382927454,15.504352157971368,1,0,1,3,97.08808488901852,0,0,2,1,0,-3.500703819109283,0.13946540980403332,-0.6434848154632633,0,0,-1.8196830375688067,1.681020781540477,0.35584927726961224,-0.5961232042778858,6.5,52.5
20261112710,2026,27,Round 27,2026-09-03 09:50:00+00:00,Bulldogs,Broncos,Accor Stadium,20,34,-14,54,0,False,146,0.6880502445723927,BlueBet,0.7,0.6658878504672897,True,0.6817155756207675,-8.5,51.5,False,0.7910197306235528,1.2775339515862463,-16.582157623578873,2.8251866796035046,1.3012265391787494,142.92732498494138,36.46568956210888,0.5635797924846475,-1.14912725647104,-0.551862771408608,0.6628356514287841,-0.9294945423007945,-1.0069444444444446,0,1,0,0,0,1,0,0,90.41705009010661,30.06589010988401,-0.4296285895200356,28.414813996706243,32.36597457303641,5.252118658057782,0,0,0,-1,-34.457826765988024,0,0,0,0,0,2.5214606351228857,-0.02484480334381839,0.22045560837466083,0,0,0.015095159043483686,-2.5063654760794023,-1.3121315765619193,0.8472978603872034,-10.5,52.5
20261112720,2026,27,Round 27,2026-09-04 08:00:00+00:00,Titans,Dolphins,Cbus Super Stadium,20,24,-4,44,0,False,95,0.20984871939342256,BlueBet,0.25149700598802394,0.2570281124497992,True,0.2423076923076923,11.5,56.5,False,-1.325837534291551,-7.322900453173833,17.498305061162565,1.449075289651958,-1.0764137098508044,-13.79548815569251,-9.569241876107412,-1.2344976625935518,1.8517244235730317,-1.9573210356119795,-2.3522731681981064,10.460889446310816,0.10416666666666696,0,0,0,0,0,0,0,0,-43.34694541900626,-14.978925836105361,29.82404613945593,-23.441274315631574,-34.750791406725114,-23.345816969796772,0,0,-1,0,-23.457657207523823,-1,0,0,0,0,-4.279543408740962,0.7659033611830437,-1.1239654349194896,0,0,-2.0597804902196524,2.21976291852131,0.7910332684164288,-1.0906441190189329,13.5,56.5
20261112730,2026,27,Round 27,2026-09-04 10:00:00+00:00,Rabbitohs,Roosters,Allianz Stadium,50,20,30,70,1,False,149,0.4332938757580281,BlueBet,0.5225464190981433,0.8541392904073586,True,0.8783783783783784,-21.5,54.5,False,-0.2684246752746535,7.181499380391131,6.964498375704043,1.7103897388503952,-0.9926201225764757,-45.45124156614702,-55.52546885715083,1.464480685968831,-2.4737056265698527,-2.6879685790219447,-1.2050721277037857,10.56292429118212,0.10416666666666607,0,0,0,1,0,0,0,0,189.79108874317944,-8.962952093248362,79.84984409595069,55.83884786918706,63.06534887128993,35.390480257146635,-2,-1,-7,-10,-437.7037278291949,0,-3,-4,-2,-1,0.39423567217278804,1.4569419507972867,-1.4578029503602143,0,0,0.8037990544668446,0.4095633822940568,0.9356749664322392,0.09024687784777823,-16.5,54.5
20261112740,2026,27,Round 27,2026-09-05 05:00:00+00:00,Warriors,Sea Eagles,Go Media Stadium,31,30,1,61,1,False,147,0.7480698918736879,BlueBet,0.7234042553191489,0.7319587628865979,True,0.736842105263158,-10.5,50.5,False,1.0883447116051477,8.948777335844284,-3.222085223561436,6.1537402197680535,-0.42904960682771787,81.31728709986601,5.603020719378037,1.3577014077521552,10.721334980455225,-1.1812695972179785,-0.7156071736384613,5.7818416459500845,-1.833333333333333,0,1,0,0,0,0,0,0,53.11916957278197,-8.17825297270781,45.250633901762484,0.9808320765882002,15.065956567139096,-9.136686473508405,3,1,2,1,46.88104656893928,0,1,1,3,0,2.038495579765635,-0.797231835275843,1.2896749568313994,0,0,0.914223781196772,-1.1242717985688622,-0.18630053659168877,0.9614111671546244,-11.5,50.5
20261112750,2026,27,Round 27,2026-09-05 07:30:00+00:00,Cowboys,Raiders,Queensland Country Bank Stadium,30,50,-20,80,0,False,147,0.5974251983661252,BlueBet,0.6447688564476886,0.6341463414634148,True,0.6301703163017031,-5.5,56.5,False,0.3947481627889185,-4.510452901159919,-2.619683445899806,-8.520148352380474,-3.800885051891207,54.428622725732794,59.05896679195371,-0.09603698040693409,-4.802848404070829,2.9891130073308254,1.365874040472022,-0.33638880757919054,-7.086805555555555,0,1,0,0,0,0,-1,0,-3.959464029892274,1.9079142530620743,-22.124812542248435,9.035397423180598,7.222036836113617,3.114087912629998,-1,-1,-3,0,-64.64721061921085,0,1,-1,1,-1,-0.25993998079115105,0.017314135608879122,-0.16063107370525792,0,0,-0.3308462402659843,-0.07090625947483337,1.1888376885519134,0.5961232042778857,-5.5,55.5
20261112760,2026,27,Round 27,2026-09-05 09:35:00+00:00,Sharks,Storm,Ocean Protect Stadium,20,24,-4,44,0,False,152,0.6404829099777264,BlueBet,0.6218905472636816,0.2841880341880342,True,0.2928416485900217,11.5,51.5,False,0.5774607243258502,-4.7947831399210195,2.4880015102087327,6.100599695952354,0.9979539832529767,176.0758340689406,32.448454347630786,1.2106439545188206,-1.4836818996173662,-1.3901416768397912,0.8166787077243658,5.94404283858168,-2.843750000000001,0,1,0,0,0,0,0,0,-113.99672087686713,-46.57568584064214,-18.023041370212496,-10.570270891127848,-38.82772277488475,-48.488196574990354,2,1,2,7,305.5515468611395,1,2,-1,2,1,0.27851927511220054,-0.6398513771842715,0.6983111661196567,0,0,-0.040472109714531856,-0.3189913848267324,0.43041351516998394,0.49758039701597023,10.5,51.5
20261112770,2026,27,Round 27,2026-09-06 04:00:00+00:00,Dragons,Eels,WIN Stadium,24,22,2,46,1,False,143,0.40039599011812216,BlueBet,0.4788359788359788,0.40506329113924056,True,0.3886138613861386,3.5,54.5,False,-0.40381542110002666,-9.043362409025757,8.704255186502085,-6.158103462337323,-4.620293098050809,-107.33800758665643,-8.679120727217196,-0.18706610325056694,0.6135865920556647,1.675195841822445,0.5738851829400593,-10.808254696767392,1.9201388888888893,0,0,0,0,0,0,0,0,14.786197363390556,-28.8611416330794,28.821194181683694,-8.927462689414313,23.753607504200517,-6.754066304545631,-1,0,0,3,75.27463020829141,0,-1,0,-1,0,-2.297273384187392,-0.1790112977583873,-0.2037162945859166,0,0,-1.2295158496632073,1.0677575345241848,0.05791777530235265,-0.0847066974721629,3.5,56.5
20261112780,2026,27,Round 27,2026-09-06 06:05:00+00:00,Panthers,Wests Tigers,CommBank Stadium,38,10,28,48,1,False,143,0.8741030705615955,BlueBet,0.6744186046511629,0.8641975308641975,True,0.8725146198830409,-19.5,50.5,False,1.9377347465465662,6.201944556325884,-11.954232240556621,1.2743463094011673,-1.3173648611878974,102.95788159175686,-14.522644111565228,1.8799545887321516,6.308006511518318,-0.00713605888463853,0.05320262044875612,-1.3961976199079942,0.9826388888888884,0,0,0,1,0,0,0,0,96.9868353686553,23.998244318788807,13.744591343479101,30.90708182303628,28.33691788335105,0.6316588695889038,1,0,-1,1,36.58830170289305,0,0,0,2,-1,4.621484811694597,-0.11018390416543022,1.1039968696115228,0,0,1.779536282210123,-2.8419485294844735,-1.9117482102118184,0.7282385003712157,-19.5,48.5
20261112810,2026,28,Finals Week 1,2026-09-11 09:50:00+00:00,Rabbitohs,Knights,Allianz Stadium,10,20,-10,30,0,False,148,0.6411258528494336,BlueBet,0.6818181818181818,0.6818181818181818,True,0.6975717439293598,-7.5,47.5,False,0.5802540139616916,6.7761885259822705,-8.318294933432632,6.1179448402546655,4.811139604324126,239.79053918081718,121.05074091806421,0.6787670937635841,3.789842319927047,-1.8892579223195085,-1.8078843187786502,-4.757595978127021,-5.25,0,0,0,0,1,0,-1,0,76.96162721236908,-10.114900479963183,74.60080313997398,6.396472581974706,6.079251970383567,28.02655061548677,1,0,0,0,-10.815781959138377,0,-1,0,-1,0,1.0931211533134166,0.004744847272697028,0.16590741855646943,0,0,0.9721425259723017,-0.12097862734111477,2.3527314141185394,0.7621400520468965,-7.5,47.5
20261112820,2026,28,Finals Week 1,2026-09-12 06:05:00+00:00,Warriors,Dolphins,Go Media Stadium,16,26,-10,42,0,False,96,0.593748030230792,BlueBet,0.6030150753768844,0.5684754521963824,True,0.5904522613065327,-3.5,46.5,False,0.3794814555424553,8.824827985506293,5.164464447816972,4.064149712697983,5.280848158363398,-33.7590589596,-60.79865807566489,1.0431827041439306,5.3539820730021646,-2.829775122932645,-2.0931917021892805,2.5635397139850866,-0.875,0,1,0,0,1,0,0,0,-34.389553629096326,0.16809786921027126,18.508916666786234,-49.756135167300556,-3.3104329977922475,9.75731806693733,0,0,0,2,96.30480317871857,0,-1,1,0,0,0.5348462755334613,-0.16799479379451787,0.7561695874370613,0,0,0.2079375483377346,-0.3269087271957267,-0.02894825919670696,0.41804389031502426,-4.5,46.5
20261112830,2026,28,Finals Week 1,2026-09-12 09:50:00+00:00,Sharks,Cowboys,Allianz Stadium,26,16,10,42,1,False,148,0.613372992777856,BlueBet,0.6547619047619047,0.6712962962962963,True,0.6750572082379863,-7.5,50.5,False,0.46151279933927014,-1.9552964735531333,-7.2120839040139195,5.836303519152096,3.547931969195119,-7.176591871665551,1.1302159209277534,0.06659835276809645,1.4803378392902147,-0.7373050380409758,-1.2520653130306565,-0.025752959706352385,-0.08680555555555536,0,1,1,0,1,0,0,0,44.60169387112842,8.637987224297376,24.75682618324751,-2.588271066416212,13.795151529999586,-2.6631575310974256,3,1,1,-1,-11.154737243476362,1,0,0,4,0,2.062149209795253,0.22776817000373129,0.03176248009873516,0,0,0.6405701114281601,-1.4215790983670926,1.0140056297030728,0.6400373552459965,-6.5,47.5
20261112840,2026,28,Finals Week 1,2026-09-13 06:05:00+00:00,Panthers,Roosters,CommBank Stadium,19,12,7,31,1,False,153,0.6533364763141601,BlueBet,0.7158119658119658,0.6919642857142858,True,0.698901098901099,-8.5,41.5,False,0.6337376370944579,4.311787823657184,-14.595586187778117,8.909992184559954,2.0470900620257595,158.24548125743172,-8.638972247304537,0.9465389486987874,2.008440069344772,-1.8915849139645697,-0.371410620880015,-1.2817870715489832,-1.8368055555555554,0,0,0,0,1,0,0,0,6.738026741578437,-11.21291923697629,37.14997732168749,16.690590760286483,-35.889622103419185,-15.301147294169425,-4,-1,0,2,31.783165538589913,-4,-2,0,-10,-1,1.4658059646226436,-0.19848159893971373,0.19886765149330643,0,0,0.43098756637664687,-1.034818398245996,-2.503540242530464,0.9237814036033127,-9.5,43.5
20261112910,2026,29,Finals Week 2,2026-09-19 09:50:00+00:00,Roosters,Sharks,Allianz Stadium,46,10,36,56,1,False,154,0.595954268176698,BlueBet,0.6547619047619047,0.6416464891041161,True,0.65807962529274,-6.5,45.5,False,0.3886358637369884,-5.315376124523567,3.116770909607723,-7.1272801965461525,-4.697716069410042,-115.5273892655307,-40.39722148023759,0.31713855422928994,-2.8160408137447206,1.0725710538079802,0.03611242807091131,-2.0565511137859858,-0.84375,0,0,0,0,1,0,0,0,59.09053248247244,16.138631978958955,4.39966587755444,18.6582248270754,19.894009798883616,17.403737033419617,0,0,0,2,87.69113970328421,0,-1,0,0,1,-0.08915894752112519,0.2516915087471001,0.03992240995927815,0,0,-0.6743214894432245,-0.5851625419220993,-1.0998988279198094,0.6400373552459965,-6.5,45.5
20261112920,2026,29,Finals Week 2,2026-09-20 06:05:00+00:00,Warriors,Knights,Eden Park,10,12,-2,22,0,False,149,0.6645150915730846,BlueBet,0.6474820143884892,0.6818181818181818,True,0.6808988764044944,-6.5,45.5,False,0.6834806160004192,4.130382486123253,-2.51169814888879,3.866991877335934,5.455953204210807,96.6697635687824,79.30021935623733,-2.0631149649388236,3.635663475588842,-1.760709313181664,-1.685432106463844,6.977070039783385,-0.84375,0,1,1,0,1,0,0,0,-16.513014118635624,14.71742425756409,11.794092595418789,-35.987685194912615,-7.036845776705846,22.227368514502672,0,0,0,-1,-64.54613735808346,0,2,0,2,0,2.543870019501261,0.10138371824297238,0.2653028475762572,0,0,1.0812473039917074,-1.4626227155095537,0.11493448788159405,0.6079893722196383,-6.5,44.5
20261113010,2026,30,Finals Week 3,2026-09-25 09:50:00+00:00,Dolphins,Roosters,Suncorp Stadium,20,36,-16,56,0,False,97,0.6386149439890633,BlueBet,0.5949367088607596,0.5454545454545455,True,0.5524296675191815,-2.5,45.5,False,0.5693576541507835,0.16563809645263206,-3.8548545631909725,3.0740580821923373,0.6743279917054465,141.62645306049671,74.73545652730218,-0.7900062021015453,4.179646452636824,0.663831381306986,1.5275472945277855,5.0737272458692715,7.15625,0,1,0,0,1,0,1,0,-58.749113451457106,-30.50990540193112,-15.933569681347507,29.883961345726107,-42.189599713904556,-23.518979211332407,-1,-1,0,-2,-50.236013725490565,0,0,0,-1,0,0.5742171821879012,-0.4594238289923456,0.041577573432920484,0,0,0.7598907400936974,0.18567355790579576,-0.8161552128911187,0.38441169891033233,-3.5,44.5
20261113020,2026,30,Finals Week 3,2026-09-27 06:00:00+00:00,Panthers,Knights,Accor Stadium,14,22,-8,36,0,False,150,0.6905587663212907,BlueBet,0.7203389830508474,0.6712962962962963,True,0.6931567328918322,-6.5,41.5,False,0.8027328770701633,1.8778802168607633,-8.595804259909771,5.239383044739867,2.41898567549584,130.91171103327724,52.66186228361482,-1.9011775971145521,-5.194679159350528,-2.140564153054875,-0.3252635865531941,-10.29120926846555,7.000000000000001,0,0,1,0,1,0,1,0,45.69172426733826,-36.940022281127426,7.153948657714835,-4.398994403526018,79.87679229427694,-41.544958576029785,1,1,0,1,1.8510422439356091,0,0,0,1,0,2.0205523082391177,-0.14650797223671985,0.4125160137849174,0,0,0.41868075590364373,-1.6018715523354738,-1.9421194389112784,0.946143695023836,-9.5,41.5
20261113110,2026,31,Grand Final,2026-10-04 08:30:00+00:00,Roosters,Knights,Accor Stadium,19,18,1,37,1,False,151,0.6174449398274505,BlueBet,0.6643356643356644,0.6787330316742082,True,0.6911111111111111,-7.5,43.5,False,0.4787173071846729,7.248949540812173,1.305572864819414,0.2991287582013058,0.6056371221965478,50.74375167099379,80.35435915827799,0.6424909530664786,0.6214819019334996,-0.9025907205917765,-0.2501993748923166,-8.619210396855465,1.8402777777777777,0,0,1,0,1,0,0,0,58.35435168231891,37.87783740095196,12.465848620968472,6.118059789487376,1.892605870911197,22.103952483466372,-1,0,0,2,51.730848600208226,0,0,1,0,1,1.5451560439707575,0.519238263863268,-0.009323885500869322,0,0,0.6945621381653764,-0.8505939058053807,-0.9995410082349138,0.6826758806926501,-7.5,41.5
