match_id,season,round,round_title,is_final,start_time_utc,venue,venue_city,home_team,away_team,home_score,away_score,home_ht_score,away_ht_score,match_state,game_seconds,attendance,ground_conditions,weather,referee,url
20201110110,2020,1,Round 1,False,2020-03-12T09:05:00Z,CommBank Stadium,Sydney,Eels,Bulldogs,8,2,2,2,FullTime,4800,21363,Fair,,Grant Atkins,https://www.nrl.com/draw/nrl-premiership/2020/round-1/eels-v-bulldogs/
20201110120,2020,1,Round 1,False,2020-03-13T07:00:00Z,GIO Stadium,Canberra,Raiders,Titans,24,6,18,0,FullTime,4800,10610,Good,,Chris Sutton,https://www.nrl.com/draw/nrl-premiership/2020/round-1/raiders-v-titans/
20201110130,2020,1,Round 1,False,2020-03-13T09:05:00Z,Queensland Country Bank Stadium,Townsville,Cowboys,Broncos,21,28,9,12,FullTime,4800,22459,Good,,Gerard Sutton,https://www.nrl.com/draw/nrl-premiership/2020/round-1/cowboys-v-broncos/
20201110140,2020,1,Round 1,False,2020-03-14T04:00:00Z,McDonald Jones Stadium,Newcastle,Knights,Warriors,20,0,10,0,FullTime,4800,10239,Good,,Henry Perenara,https://www.nrl.com/draw/nrl-premiership/2020/round-1/knights-v-warriors/
20201110150,2020,1,Round 1,False,2020-03-14T06:30:00Z,Accor Stadium,Sydney,Rabbitohs,Sharks,22,18,16,8,FullTime,4800,0,Fair,Fine,Ben Cummins,https://www.nrl.com/draw/nrl-premiership/2020/round-1/rabbitohs-v-sharks/
20201110160,2020,1,Round 1,False,2020-03-14T08:35:00Z,BlueBet Stadium,Penrith,Panthers,Roosters,20,14,6,12,FullTime,4800,10160,Good,,Adam Gee,https://www.nrl.com/draw/nrl-premiership/2020/round-1/panthers-v-roosters/
20201110170,2020,1,Round 1,False,2020-03-15T05:05:00Z,4 Pines Park,Sydney,Sea Eagles,Storm,4,18,4,2,FullTime,4800,0,Fair,Rain,Matt Cecchin,https://www.nrl.com/draw/nrl-premiership/2020/round-1/sea-eagles-v-storm/
20201110180,2020,1,Round 1,False,2020-03-15T07:15:00Z,WIN Stadium,Wollongong,Dragons,Wests Tigers,14,24,12,8,FullTime,4800,9137,Good,,Ashley Klein,https://www.nrl.com/draw/nrl-premiership/2020/round-1/dragons-v-wests-tigers/
20201110210,2020,2,Round 2,False,2020-03-19T09:05:00Z,Accor Stadium,Sydney,Bulldogs,Cowboys,16,24,6,22,FullTime,4800,0,Good,Fine,Adam Gee,https://www.nrl.com/draw/nrl-premiership/2020/round-2/bulldogs-v-cowboys/
20201110220,2020,2,Round 2,False,2020-03-20T07:00:00Z,Netstrata Jubilee Stadium,Sydney,Dragons,Panthers,28,32,16,12,FullTime,4800,0,Good,Fine,Matt Cecchin,https://www.nrl.com/draw/nrl-premiership/2020/round-2/dragons-v-panthers/
20201110230,2020,2,Round 2,False,2020-03-20T09:05:00Z,Suncorp Stadium,Brisbane,Broncos,Rabbitohs,22,18,10,12,FullTime,4800,0,Good,Fine,Grant Atkins,https://www.nrl.com/draw/nrl-premiership/2020/round-2/broncos-v-rabbitohs/
20201110240,2020,2,Round 2,False,2020-03-21T04:00:00Z,Cbus Super Stadium,Gold Coast,Warriors,Raiders,6,20,0,6,FullTime,4800,0,Good,Fine,Chris Sutton,https://www.nrl.com/draw/nrl-premiership/2020/round-2/warriors-v-raiders/
20201110250,2020,2,Round 2,False,2020-03-21T06:30:00Z,Leichhardt Oval,Sydney,Roosters,Sea Eagles,8,9,6,6,FullTime,4800,0,Good,Fine,Ben Cummins,https://www.nrl.com/draw/nrl-premiership/2020/round-2/roosters-v-sea-eagles/
20201110260,2020,2,Round 2,False,2020-03-21T08:35:00Z,Netstrata Jubilee Stadium,Sydney,Sharks,Storm,10,12,4,2,FullTime,4800,0,Good,Fine,Ashley Klein,https://www.nrl.com/draw/nrl-premiership/2020/round-2/sharks-v-storm/
20201110270,2020,2,Round 2,False,2020-03-22T05:05:00Z,Leichhardt Oval,Sydney,Wests Tigers,Knights,24,42,12,18,FullTime,4800,0,Good,Fine,Gerard Sutton,https://www.nrl.com/draw/nrl-premiership/2020/round-2/wests-tigers-v-knights/
20201110280,2020,2,Round 2,False,2020-03-22T07:15:00Z,Cbus Super Stadium,Gold Coast,Titans,Eels,6,46,6,14,FullTime,4800,0,Good,Fine,Henry Perenara,https://www.nrl.com/draw/nrl-premiership/2020/round-2/titans-v-eels/
20201110310,2020,3,Round 3,False,2020-05-28T09:50:00Z,Suncorp Stadium,Brisbane,Broncos,Eels,6,34,6,12,FullTime,4800,0,Good,Fine,Gerard Sutton,https://www.nrl.com/draw/nrl-premiership/2020/round-3/broncos-v-eels/
20201110320,2020,3,Round 3,False,2020-05-29T08:00:00Z,Queensland Country Bank Stadium,Townsville,Cowboys,Titans,36,6,14,6,FullTime,4800,0,Good,Fine,Henry Perenara,https://www.nrl.com/draw/nrl-premiership/2020/round-3/cowboys-v-titans/
20201110330,2020,3,Round 3,False,2020-05-29T09:55:00Z,CommBank Stadium,Sydney,Roosters,Rabbitohs,28,12,12,6,FullTime,4800,0,,Fine,Ashley Klein,https://www.nrl.com/draw/nrl-premiership/2020/round-3/roosters-v-rabbitohs/
20201110340,2020,3,Round 3,False,2020-05-30T05:00:00Z,Industree Group Stadium,Gosford,Warriors,Dragons,18,0,12,0,FullTime,4800,0,Good,Fine,Chris Sutton,https://www.nrl.com/draw/nrl-premiership/2020/round-3/warriors-v-dragons/
20201110350,2020,3,Round 3,False,2020-05-30T07:30:00Z,CommBank Stadium,Sydney,Sharks,Wests Tigers,16,28,16,10,FullTime,4800,0,Good,Fine,Adam Gee,https://www.nrl.com/draw/nrl-premiership/2020/round-3/sharks-v-wests-tigers/
20201110360,2020,3,Round 3,False,2020-05-30T09:35:00Z,AAMI Park,Melbourne,Storm,Raiders,6,22,6,18,FullTime,4800,0,Good,Fine,Grant Atkins,https://www.nrl.com/draw/nrl-premiership/2020/round-3/storm-v-raiders/
20201110370,2020,3,Round 3,False,2020-05-31T06:05:00Z,Campbelltown Sports Stadium,Sydney,Panthers,Knights,14,14,14,6,FullTime,5400,0,Good,Fine,Ben Cummins,https://www.nrl.com/draw/nrl-premiership/2020/round-3/panthers-v-knights/
20201110380,2020,3,Round 3,False,2020-05-31T08:30:00Z,Industree Group Stadium,Gosford,Sea Eagles,Bulldogs,32,6,14,0,FullTime,4800,0,Good,Fine,Matt Cecchin,https://www.nrl.com/draw/nrl-premiership/2020/round-3/sea-eagles-v-bulldogs/
20201110410,2020,4,Round 4,False,2020-06-04T09:50:00Z,Suncorp Stadium,Brisbane,Broncos,Roosters,0,59,0,29,FullTime,4800,0,Good,Fine,Grant Atkins,https://www.nrl.com/draw/nrl-premiership/2020/round-4/broncos-v-roosters/
20201110420,2020,4,Round 4,False,2020-06-05T08:00:00Z,Campbelltown Sports Stadium,Sydney,Panthers,Warriors,26,0,16,0,FullTime,4800,0,Good,Fine,Matt Cecchin,https://www.nrl.com/draw/nrl-premiership/2020/round-4/panthers-v-warriors/
20201110430,2020,4,Round 4,False,2020-06-05T09:55:00Z,AAMI Park,Melbourne,Storm,Rabbitohs,22,8,8,6,FullTime,4800,0,Good,Fine,Gerard Sutton,https://www.nrl.com/draw/nrl-premiership/2020/round-4/storm-v-rabbitohs/
20201110440,2020,4,Round 4,False,2020-06-06T07:30:00Z,CommBank Stadium,Sydney,Eels,Sea Eagles,19,16,12,2,FullTime,4800,0,Good,Fine,Ben Cummins,https://www.nrl.com/draw/nrl-premiership/2020/round-4/eels-v-sea-eagles/
20201110450,2020,4,Round 4,False,2020-06-06T09:35:00Z,Queensland Country Bank Stadium,Townsville,Cowboys,Sharks,16,26,6,12,FullTime,4800,0,Good,Fine,Chris Sutton,https://www.nrl.com/draw/nrl-premiership/2020/round-4/cowboys-v-sharks/
20201110460,2020,4,Round 4,False,2020-06-07T06:05:00Z,Campbelltown Sports Stadium,Sydney,Raiders,Knights,18,34,6,16,FullTime,4800,0,Good,Fine,Ashley Klein,https://www.nrl.com/draw/nrl-premiership/2020/round-4/raiders-v-knights/
20201110470,2020,4,Round 4,False,2020-06-07T08:30:00Z,Suncorp Stadium,Brisbane,Titans,Wests Tigers,28,23,12,12,FullTime,4800,0,Good,Fine,Adam Gee,https://www.nrl.com/draw/nrl-premiership/2020/round-4/titans-v-wests-tigers/
20201110480,2020,4,Round 4,False,2020-06-08T06:05:00Z,CommBank Stadium,Sydney,Bulldogs,Dragons,22,2,10,2,FullTime,4800,0,Good,Fine,Henry Perenara,https://www.nrl.com/draw/nrl-premiership/2020/round-4/bulldogs-v-dragons/
20201110510,2020,5,Round 5,False,2020-06-11T09:50:00Z,Industree Group Stadium,Gosford,Sea Eagles,Broncos,20,18,4,18,FullTime,4800,166,Good,,Ashley Klein,https://www.nrl.com/draw/nrl-premiership/2020/round-5/sea-eagles-v-broncos/
20201110520,2020,5,Round 5,False,2020-06-12T08:00:00Z,Industree Group Stadium,Gosford,Warriors,Cowboys,37,26,17,12,FullTime,4800,21,Good,,Adam Gee,https://www.nrl.com/draw/nrl-premiership/2020/round-5/warriors-v-cowboys/
20201110530,2020,5,Round 5,False,2020-06-12T09:55:00Z,CommBank Stadium,Sydney,Eels,Panthers,16,10,0,10,FullTime,4800,507,Slippery,,Gerard Sutton,https://www.nrl.com/draw/nrl-premiership/2020/round-5/eels-v-panthers/
20201110540,2020,5,Round 5,False,2020-06-13T05:00:00Z,CommBank Stadium,Sydney,Rabbitohs,Titans,32,12,26,6,FullTime,4800,401,Good,,Matt Cecchin,https://www.nrl.com/draw/nrl-premiership/2020/round-5/rabbitohs-v-titans/
20201110550,2020,5,Round 5,False,2020-06-13T07:30:00Z,Industree Group Stadium,Gosford,Knights,Storm,12,26,2,18,FullTime,4800,194,Good,,Ben Cummins,https://www.nrl.com/draw/nrl-premiership/2020/round-5/knights-v-storm/
20201110560,2020,5,Round 5,False,2020-06-13T09:35:00Z,Campbelltown Sports Stadium,Sydney,Wests Tigers,Raiders,6,14,4,0,FullTime,4800,109,Good,,Chris Sutton,https://www.nrl.com/draw/nrl-premiership/2020/round-5/wests-tigers-v-raiders/
20201110570,2020,5,Round 5,False,2020-06-14T06:05:00Z,Campbelltown Sports Stadium,Sydney,Dragons,Sharks,30,16,18,10,FullTime,4800,103,Good,,Henry Perenara,https://www.nrl.com/draw/nrl-premiership/2020/round-5/dragons-v-sharks/
20201110580,2020,5,Round 5,False,2020-06-15T09:00:00Z,CommBank Stadium,Sydney,Bulldogs,Roosters,6,42,0,24,FullTime,4800,366,Good,,Grant Atkins,https://www.nrl.com/draw/nrl-premiership/2020/round-5/bulldogs-v-roosters/
20201110610,2020,6,Round 6,False,2020-06-18T09:50:00Z,Industree Group Stadium,Gosford,Knights,Broncos,27,6,13,6,FullTime,4800,177,Good,,Gerard Sutton,https://www.nrl.com/draw/nrl-premiership/2020/round-6/knights-v-broncos/
20201110620,2020,6,Round 6,False,2020-06-19T08:00:00Z,CommBank Stadium,Sydney,Rabbitohs,Warriors,40,12,22,6,FullTime,4800,437,Good,,Matt Cecchin,https://www.nrl.com/draw/nrl-premiership/2020/round-6/rabbitohs-v-warriors/
20201110630,2020,6,Round 6,False,2020-06-19T09:55:00Z,Campbelltown Sports Stadium,Sydney,Panthers,Storm,21,14,8,6,FullTime,4800,115,Good,,Ashley Klein,https://www.nrl.com/draw/nrl-premiership/2020/round-6/panthers-v-storm/
20201110640,2020,6,Round 6,False,2020-06-20T05:00:00Z,Suncorp Stadium,Brisbane,Titans,Dragons,8,20,2,14,FullTime,4800,1930,Good,,Chris Sutton,https://www.nrl.com/draw/nrl-premiership/2020/round-6/titans-v-dragons/
20201110650,2020,6,Round 6,False,2020-06-20T07:30:00Z,Campbelltown Sports Stadium,Sydney,Wests Tigers,Cowboys,36,20,34,0,FullTime,4800,104,Good,,Henry Perenara,https://www.nrl.com/draw/nrl-premiership/2020/round-6/wests-tigers-v-cowboys/
20201110660,2020,6,Round 6,False,2020-06-20T09:35:00Z,CommBank Stadium,Sydney,Roosters,Eels,24,10,8,0,FullTime,4800,566,Good,,Ben Cummins,https://www.nrl.com/draw/nrl-premiership/2020/round-6/roosters-v-eels/
20201110680,2020,6,Round 6,False,2020-06-21T06:05:00Z,Campbelltown Sports Stadium,Sydney,Raiders,Sea Eagles,6,14,0,12,FullTime,4800,0,Good,Fine,Grant Atkins,https://www.nrl.com/draw/nrl-premiership/2020/round-6/raiders-v-sea-eagles/
20201110670,2020,6,Round 6,False,2020-06-21T08:30:00Z,CommBank Stadium,Sydney,Sharks,Bulldogs,20,18,6,6,FullTime,4800,410,Slippery,,Adam Gee,https://www.nrl.com/draw/nrl-premiership/2020/round-6/sharks-v-bulldogs/
20201110710,2020,7,Round 7,False,2020-06-25T09:50:00Z,Netstrata Jubilee Stadium,Sydney,Panthers,Rabbitohs,20,12,8,0,FullTime,4800,106,Good,,Gerard Sutton,https://www.nrl.com/draw/nrl-premiership/2020/round-7/panthers-v-rabbitohs/
20201110720,2020,7,Round 7,False,2020-06-26T08:00:00Z,Netstrata Jubilee Stadium,Sydney,Storm,Warriors,50,6,22,0,FullTime,4800,90,Good,,Ben Cummins,https://www.nrl.com/draw/nrl-premiership/2020/round-7/storm-v-warriors/
20201110730,2020,7,Round 7,False,2020-06-26T09:55:00Z,CommBank Stadium,Sydney,Roosters,Dragons,26,12,10,10,FullTime,4800,494,Good,,Grant Atkins,https://www.nrl.com/draw/nrl-premiership/2020/round-7/roosters-v-dragons/
20201110740,2020,7,Round 7,False,2020-06-27T05:00:00Z,Queensland Country Bank Stadium,Townsville,Cowboys,Knights,32,20,26,0,FullTime,4800,1853,Good,,Matt Cecchin,https://www.nrl.com/draw/nrl-premiership/2020/round-7/cowboys-v-knights/
20201110750,2020,7,Round 7,False,2020-06-27T07:30:00Z,Suncorp Stadium,Brisbane,Broncos,Titans,12,30,0,22,FullTime,4800,6262,Good,,Peter Gough,https://www.nrl.com/draw/nrl-premiership/2020/round-7/broncos-v-titans/
20201110760,2020,7,Round 7,False,2020-06-27T09:35:00Z,CommBank Stadium,Sydney,Eels,Raiders,25,24,8,12,FullTime,5400,560,Good,,Ashley Klein,https://www.nrl.com/draw/nrl-premiership/2020/round-7/eels-v-raiders/
20201110780,2020,7,Round 7,False,2020-06-28T06:05:00Z,Industree Group Stadium,Gosford,Sea Eagles,Sharks,22,40,6,18,FullTime,4800,178,Good,,Adam Gee,https://www.nrl.com/draw/nrl-premiership/2020/round-7/sea-eagles-v-sharks/
20201110770,2020,7,Round 7,False,2020-06-28T08:30:00Z,CommBank Stadium,Sydney,Bulldogs,Wests Tigers,6,34,6,16,FullTime,4800,519,Fair,,Henry Perenara,https://www.nrl.com/draw/nrl-premiership/2020/round-7/bulldogs-v-wests-tigers/
20201110810,2020,8,Round 8,False,2020-07-02T09:50:00Z,Suncorp Stadium,Brisbane,Storm,Roosters,27,25,6,12,FullTime,5100,5268,Good,,Ashley Klein,https://www.nrl.com/draw/nrl-premiership/2020/round-8/storm-v-roosters/
20201110820,2020,8,Round 8,False,2020-07-03T08:00:00Z,GIO Stadium,Canberra,Raiders,Dragons,22,16,18,0,FullTime,4800,1420,Good,,Matt Cecchin,https://www.nrl.com/draw/nrl-premiership/2020/round-8/raiders-v-dragons/
20201110830,2020,8,Round 8,False,2020-07-03T09:55:00Z,CommBank Stadium,Sydney,Eels,Cowboys,42,4,16,4,FullTime,4800,6730,Good,,Ben Cummins,https://www.nrl.com/draw/nrl-premiership/2020/round-8/eels-v-cowboys/
20201110840,2020,8,Round 8,False,2020-07-04T05:00:00Z,Cbus Super Stadium,Gold Coast,Titans,Sharks,0,0,0,0,FullTime,4800,1995,Good,,Chris Sutton,https://www.nrl.com/draw/nrl-premiership/2020/round-8/titans-v-sharks/
20201110850,2020,8,Round 8,False,2020-07-04T07:30:00Z,Industree Group Stadium,Gosford,Warriors,Broncos,26,16,6,10,FullTime,4800,2513,Good,,Chris Butler,https://www.nrl.com/draw/nrl-premiership/2020/round-8/warriors-v-broncos/
20201110860,2020,8,Round 8,False,2020-07-04T09:35:00Z,CommBank Stadium,Sydney,Wests Tigers,Panthers,12,19,10,6,FullTime,4800,3960,Good,,Adam Gee,https://www.nrl.com/draw/nrl-premiership/2020/round-8/wests-tigers-v-panthers/
20201110880,2020,8,Round 8,False,2020-07-05T06:05:00Z,4 Pines Park,Sydney,Sea Eagles,Knights,12,14,6,14,FullTime,4800,2271,Good,,Grant Atkins,https://www.nrl.com/draw/nrl-premiership/2020/round-8/sea-eagles-v-knights/
20201110870,2020,8,Round 8,False,2020-07-05T08:30:00Z,CommBank Stadium,Sydney,Bulldogs,Rabbitohs,10,26,6,8,FullTime,4800,3585,Good,,Peter Gough,https://www.nrl.com/draw/nrl-premiership/2020/round-8/bulldogs-v-rabbitohs/
20201110910,2020,9,Round 9,False,2020-07-09T09:50:00Z,Queensland Country Bank Stadium,Townsville,Cowboys,Roosters,16,42,6,12,FullTime,4800,6478,Good,,Adam Gee,https://www.nrl.com/draw/nrl-premiership/2020/round-9/cowboys-v-roosters/
20201110920,2020,9,Round 9,False,2020-07-10T08:00:00Z,Cbus Super Stadium,Gold Coast,Titans,Warriors,16,12,6,12,FullTime,4800,5206,Good,,Chris Butler,https://www.nrl.com/draw/nrl-premiership/2020/round-9/titans-v-warriors/
20201110930,2020,9,Round 9,False,2020-07-10T09:55:00Z,CommBank Stadium,Sydney,Rabbitohs,Wests Tigers,18,10,10,0,FullTime,4800,4864,Good,,Ben Cummins,https://www.nrl.com/draw/nrl-premiership/2020/round-9/rabbitohs-v-wests-tigers/
20201110940,2020,9,Round 9,False,2020-07-11T05:00:00Z,Netstrata Jubilee Stadium,Sydney,Sharks,Panthers,24,56,12,26,FullTime,4800,3277,Fair,,Ashley Klein,https://www.nrl.com/draw/nrl-premiership/2020/round-9/sharks-v-panthers/
20201110950,2020,9,Round 9,False,2020-07-11T07:30:00Z,Suncorp Stadium,Brisbane,Broncos,Bulldogs,26,8,10,4,FullTime,4800,7134,Good,,Chris Sutton,https://www.nrl.com/draw/nrl-premiership/2020/round-9/broncos-v-bulldogs/
20201110960,2020,9,Round 9,False,2020-07-11T09:35:00Z,GIO Stadium,Canberra,Raiders,Storm,14,20,6,12,FullTime,4800,1577,Good,,Grant Atkins,https://www.nrl.com/draw/nrl-premiership/2020/round-9/raiders-v-storm/
20201110980,2020,9,Round 9,False,2020-07-12T06:05:00Z,McDonald Jones Stadium,Newcastle,Knights,Eels,4,10,4,4,FullTime,4800,6980,Good,,Gerard Sutton,https://www.nrl.com/draw/nrl-premiership/2020/round-9/knights-v-eels/
20201110970,2020,9,Round 9,False,2020-07-12T08:30:00Z,Netstrata Jubilee Stadium,Sydney,Dragons,Sea Eagles,34,4,10,4,FullTime,4800,1571,Fair,,Matt Cecchin,https://www.nrl.com/draw/nrl-premiership/2020/round-9/dragons-v-sea-eagles/
20201111010,2020,10,Round 10,False,2020-07-16T09:50:00Z,Sydney Cricket Ground,Sydney,Roosters,Raiders,20,24,12,6,FullTime,4800,3746,Good,,Gerard Sutton,https://www.nrl.com/draw/nrl-premiership/2020/round-10/roosters-v-raiders/
20201111020,2020,10,Round 10,False,2020-07-17T08:00:00Z,Sunshine Coast Stadium,Sunshine Coast,Storm,Titans,42,6,18,6,FullTime,4800,5043,Good,,Chris Sutton,https://www.nrl.com/draw/nrl-premiership/2020/round-10/storm-v-titans/
20201111030,2020,10,Round 10,False,2020-07-17T09:55:00Z,Leichhardt Oval,Sydney,Wests Tigers,Broncos,48,0,26,0,FullTime,4800,1989,Good,,Adam Gee,https://www.nrl.com/draw/nrl-premiership/2020/round-10/wests-tigers-v-broncos/
20201111040,2020,10,Round 10,False,2020-07-18T05:00:00Z,WIN Stadium,Wollongong,Dragons,Bulldogs,28,22,10,20,FullTime,4800,1619,Good,,Henry Perenara,https://www.nrl.com/draw/nrl-premiership/2020/round-10/dragons-v-bulldogs/
20201111050,2020,10,Round 10,False,2020-07-18T07:30:00Z,CommBank Stadium,Sydney,Rabbitohs,Knights,18,20,0,14,FullTime,4800,4249,Good,,Grant Atkins,https://www.nrl.com/draw/nrl-premiership/2020/round-10/rabbitohs-v-knights/
20201111060,2020,10,Round 10,False,2020-07-18T09:35:00Z,4 Pines Park,Sydney,Sea Eagles,Eels,22,18,22,4,FullTime,4800,2021,Good,,Ashley Klein,https://www.nrl.com/draw/nrl-premiership/2020/round-10/sea-eagles-v-eels/
20201111070,2020,10,Round 10,False,2020-07-19T04:00:00Z,Industree Group Stadium,Gosford,Warriors,Sharks,10,46,4,24,FullTime,4800,2513,Good,,Matt Cecchin,https://www.nrl.com/draw/nrl-premiership/2020/round-10/warriors-v-sharks/
20201111080,2020,10,Round 10,False,2020-07-19T06:05:00Z,BlueBet Stadium,Penrith,Panthers,Cowboys,22,10,4,4,FullTime,4800,2891,Good,,Ben Cummins,https://www.nrl.com/draw/nrl-premiership/2020/round-10/panthers-v-cowboys/
20201111110,2020,11,Round 11,False,2020-07-23T09:50:00Z,CommBank Stadium,Sydney,Eels,Wests Tigers,26,16,18,12,FullTime,4800,6403,Good,,Gerard Sutton,https://www.nrl.com/draw/nrl-premiership/2020/round-11/eels-v-wests-tigers/
20201111120,2020,11,Round 11,False,2020-07-24T08:00:00Z,Queensland Country Bank Stadium,Townsville,Cowboys,Sea Eagles,12,24,6,12,FullTime,4800,7127,Good,,Henry Perenara,https://www.nrl.com/draw/nrl-premiership/2020/round-11/cowboys-v-sea-eagles/
20201111130,2020,11,Round 11,False,2020-07-24T09:55:00Z,Suncorp Stadium,Brisbane,Broncos,Storm,8,46,8,14,FullTime,4800,9710,Good,,Ben Cummins,https://www.nrl.com/draw/nrl-premiership/2020/round-11/broncos-v-storm/
20201111140,2020,11,Round 11,False,2020-07-25T05:00:00Z,Industree Group Stadium,Gosford,Warriors,Roosters,10,18,10,6,FullTime,4800,2631,Good,,Chris Sutton,https://www.nrl.com/draw/nrl-premiership/2020/round-11/warriors-v-roosters/
20201111150,2020,11,Round 11,False,2020-07-25T07:30:00Z,Netstrata Jubilee Stadium,Sydney,Sharks,Dragons,28,24,22,14,FullTime,4800,3179,Good,,Grant Atkins,https://www.nrl.com/draw/nrl-premiership/2020/round-11/sharks-v-dragons/
20201111160,2020,11,Round 11,False,2020-07-25T09:35:00Z,GIO Stadium,Canberra,Raiders,Rabbitohs,18,12,10,12,FullTime,4800,1629,Good,,Ashley Klein,https://www.nrl.com/draw/nrl-premiership/2020/round-11/raiders-v-rabbitohs/
20201111170,2020,11,Round 11,False,2020-07-26T04:00:00Z,McDonald Jones Stadium,Newcastle,Knights,Bulldogs,12,18,0,6,FullTime,4800,3521,Fair,,Matt Cecchin,https://www.nrl.com/draw/nrl-premiership/2020/round-11/knights-v-bulldogs/
20201111180,2020,11,Round 11,False,2020-07-26T06:05:00Z,Cbus Super Stadium,Gold Coast,Titans,Panthers,14,22,14,16,FullTime,4800,5095,Good,,Adam Gee,https://www.nrl.com/draw/nrl-premiership/2020/round-11/titans-v-panthers/
20201111210,2020,12,Round 12,False,2020-07-30T09:50:00Z,Netstrata Jubilee Stadium,Sydney,Dragons,Rabbitohs,24,32,16,16,FullTime,4800,2719,Good,,Ashley Klein,https://www.nrl.com/draw/nrl-premiership/2020/round-12/dragons-v-rabbitohs/
20201111220,2020,12,Round 12,False,2020-07-31T08:00:00Z,Sydney Cricket Ground,Sydney,Wests Tigers,Warriors,20,26,14,8,FullTime,4800,1789,Good,,Peter Gough,https://www.nrl.com/draw/nrl-premiership/2020/round-12/wests-tigers-v-warriors/
20201111230,2020,12,Round 12,False,2020-07-31T09:55:00Z,Suncorp Stadium,Brisbane,Broncos,Sharks,26,36,14,18,FullTime,4800,7390,Good,,Matt Cecchin,https://www.nrl.com/draw/nrl-premiership/2020/round-12/broncos-v-sharks/
20201111240,2020,12,Round 12,False,2020-08-01T05:00:00Z,Sydney Cricket Ground,Sydney,Roosters,Titans,18,12,10,6,FullTime,4800,3149,Good,,Henry Perenara,https://www.nrl.com/draw/nrl-premiership/2020/round-12/roosters-v-titans/
20201111250,2020,12,Round 12,False,2020-08-01T07:30:00Z,Queensland Country Bank Stadium,Townsville,Cowboys,Raiders,12,14,6,8,FullTime,4800,7586,Good,,Ben Cummins,https://www.nrl.com/draw/nrl-premiership/2020/round-12/cowboys-v-raiders/
20201111260,2020,12,Round 12,False,2020-08-01T09:35:00Z,4 Pines Park,Sydney,Sea Eagles,Panthers,12,42,6,24,FullTime,4800,2730,Good,,Gerard Sutton,https://www.nrl.com/draw/nrl-premiership/2020/round-12/sea-eagles-v-panthers/
20201111270,2020,12,Round 12,False,2020-08-02T04:00:00Z,Accor Stadium,Sydney,Bulldogs,Eels,16,18,6,18,FullTime,4800,5775,Good,,Chris Sutton,https://www.nrl.com/draw/nrl-premiership/2020/round-12/bulldogs-v-eels/
20201111280,2020,12,Round 12,False,2020-08-02T06:05:00Z,Sunshine Coast Stadium,Sunshine Coast,Storm,Knights,26,16,18,6,FullTime,4800,5837,Good,,Adam Gee,https://www.nrl.com/draw/nrl-premiership/2020/round-12/storm-v-knights/
20201111310,2020,13,Round 13,False,2020-08-06T09:50:00Z,WIN Stadium,Wollongong,Dragons,Roosters,16,24,10,10,FullTime,4800,2141,Good,,Ashley Klein,https://www.nrl.com/draw/nrl-premiership/2020/round-13/dragons-v-roosters/
20201111320,2020,13,Round 13,False,2020-08-07T08:00:00Z,4 Pines Park,Sydney,Sea Eagles,Warriors,22,26,10,20,FullTime,4800,1382,Slippery,,Henry Perenara,https://www.nrl.com/draw/nrl-premiership/2020/round-13/sea-eagles-v-warriors/
20201111330,2020,13,Round 13,False,2020-08-07T09:55:00Z,Accor Stadium,Sydney,Rabbitohs,Broncos,28,10,20,6,FullTime,4800,2919,Slippery,,Grant Atkins,https://www.nrl.com/draw/nrl-premiership/2020/round-13/rabbitohs-v-broncos/
20201111340,2020,13,Round 13,False,2020-08-08T05:00:00Z,Sunshine Coast Stadium,Sunshine Coast,Storm,Bulldogs,41,10,23,4,FullTime,4800,3432,Good,,Peter Gough,https://www.nrl.com/draw/nrl-premiership/2020/round-13/storm-v-bulldogs/
20201111350,2020,13,Round 13,False,2020-08-08T07:30:00Z,McDonald Jones Stadium,Newcastle,Knights,Wests Tigers,44,4,24,4,FullTime,4800,2952,Good,,Matt Cecchin,https://www.nrl.com/draw/nrl-premiership/2020/round-13/knights-v-wests-tigers/
20201111360,2020,13,Round 13,False,2020-08-08T09:35:00Z,BlueBet Stadium,Penrith,Panthers,Raiders,28,12,24,0,FullTime,4800,3468,Good,,Gerard Sutton,https://www.nrl.com/draw/nrl-premiership/2020/round-13/panthers-v-raiders/
20201111370,2020,13,Round 13,False,2020-08-09T04:00:00Z,Cbus Super Stadium,Gold Coast,Titans,Cowboys,30,10,20,0,FullTime,4800,5646,Good,,Chris Sutton,https://www.nrl.com/draw/nrl-premiership/2020/round-13/titans-v-cowboys/
20201111380,2020,13,Round 13,False,2020-08-09T06:05:00Z,Netstrata Jubilee Stadium,Sydney,Sharks,Eels,12,14,4,6,FullTime,4800,1714,Heavy,,Ben Cummins,https://www.nrl.com/draw/nrl-premiership/2020/round-13/sharks-v-eels/
20201111410,2020,14,Round 14,False,2020-08-13T09:50:00Z,Sydney Cricket Ground,Sydney,Roosters,Storm,6,24,0,14,FullTime,4800,4110,Good,,Gerard Sutton,https://www.nrl.com/draw/nrl-premiership/2020/round-14/roosters-v-storm/
20201111420,2020,14,Round 14,False,2020-08-14T08:00:00Z,Industree Group Stadium,Gosford,Warriors,Panthers,12,18,6,16,FullTime,4800,2737,Good,,Adam Gee,https://www.nrl.com/draw/nrl-premiership/2020/round-14/warriors-v-panthers/
20201111430,2020,14,Round 14,False,2020-08-14T09:55:00Z,CommBank Stadium,Sydney,Eels,Dragons,12,14,6,10,FullTime,4800,6290,Good,,Grant Atkins,https://www.nrl.com/draw/nrl-premiership/2020/round-14/eels-v-dragons/
20201111440,2020,14,Round 14,False,2020-08-15T05:00:00Z,Netstrata Jubilee Stadium,Sydney,Sharks,Titans,30,18,12,12,FullTime,4800,1701,Good,,Henry Perenara,https://www.nrl.com/draw/nrl-premiership/2020/round-14/sharks-v-titans/
20201111450,2020,14,Round 14,False,2020-08-15T07:30:00Z,Queensland Country Bank Stadium,Townsville,Cowboys,Rabbitohs,30,31,14,12,FullTime,4800,7611,Good,,Chris Butler,https://www.nrl.com/draw/nrl-premiership/2020/round-14/cowboys-v-rabbitohs/
20201111460,2020,14,Round 14,False,2020-08-15T09:35:00Z,GIO Stadium,Canberra,Raiders,Broncos,36,8,6,8,FullTime,4800,1544,Good,,Chris Sutton,https://www.nrl.com/draw/nrl-premiership/2020/round-14/raiders-v-broncos/
20201111470,2020,14,Round 14,False,2020-08-16T04:00:00Z,McDonald Jones Stadium,Newcastle,Knights,Sea Eagles,26,24,16,12,FullTime,4800,5554,Good,,Ashley Klein,https://www.nrl.com/draw/nrl-premiership/2020/round-14/knights-v-sea-eagles/
20201111480,2020,14,Round 14,False,2020-08-16T06:05:00Z,CommBank Stadium,Sydney,Wests Tigers,Bulldogs,29,28,22,16,FullTime,4800,2758,Good,,Matt Cecchin,https://www.nrl.com/draw/nrl-premiership/2020/round-14/wests-tigers-v-bulldogs/
20201111510,2020,15,Round 15,False,2020-08-20T09:50:00Z,CommBank Stadium,Sydney,Eels,Storm,14,0,12,0,FullTime,4800,6282,Good,,Ben Cummins,https://www.nrl.com/draw/nrl-premiership/2020/round-15/eels-v-storm/
20201111520,2020,15,Round 15,False,2020-08-21T08:00:00Z,BlueBet Stadium,Penrith,Panthers,Sharks,38,12,22,6,FullTime,4800,3206,Good,,Ashley Klein,https://www.nrl.com/draw/nrl-premiership/2020/round-15/panthers-v-sharks/
20201111530,2020,15,Round 15,False,2020-08-21T09:55:00Z,Suncorp Stadium,Brisbane,Broncos,Dragons,24,28,12,18,FullTime,4800,7074,Good,,Henry Perenara,https://www.nrl.com/draw/nrl-premiership/2020/round-15/broncos-v-dragons/
20201111540,2020,15,Round 15,False,2020-08-22T05:00:00Z,Cbus Super Stadium,Gold Coast,Titans,Raiders,16,36,4,22,FullTime,4800,6561,Good,,Chris Butler,https://www.nrl.com/draw/nrl-premiership/2020/round-15/titans-v-raiders/
20201111550,2020,15,Round 15,False,2020-08-22T07:30:00Z,Leichhardt Oval,Sydney,Wests Tigers,Roosters,16,38,0,20,FullTime,4800,2613,Good,,Grant Atkins,https://www.nrl.com/draw/nrl-premiership/2020/round-15/wests-tigers-v-roosters/
20201111560,2020,15,Round 15,False,2020-08-22T09:35:00Z,Accor Stadium,Sydney,Rabbitohs,Sea Eagles,56,16,38,0,FullTime,4800,4712,Good,,Gerard Sutton,https://www.nrl.com/draw/nrl-premiership/2020/round-15/rabbitohs-v-sea-eagles/
20201111570,2020,15,Round 15,False,2020-08-23T04:00:00Z,Accor Stadium,Sydney,Bulldogs,Warriors,14,20,10,6,FullTime,4800,2631,Good,,Peter Gough,https://www.nrl.com/draw/nrl-premiership/2020/round-15/bulldogs-v-warriors/
20201111580,2020,15,Round 15,False,2020-08-23T06:05:00Z,McDonald Jones Stadium,Newcastle,Knights,Cowboys,12,0,6,0,FullTime,4800,5304,Good,,Adam Gee,https://www.nrl.com/draw/nrl-premiership/2020/round-15/knights-v-cowboys/
20201111610,2020,16,Round 16,False,2020-08-27T09:50:00Z,CommBank Stadium,Sydney,Eels,Rabbitohs,0,38,0,22,FullTime,4800,7014,Good,,Gerard Sutton,https://www.nrl.com/draw/nrl-premiership/2020/round-16/eels-v-rabbitohs/
20201111620,2020,16,Round 16,False,2020-08-28T08:00:00Z,Netstrata Jubilee Stadium,Sydney,Dragons,Titans,10,14,2,0,FullTime,4800,2097,Good,,Henry Perenara,https://www.nrl.com/draw/nrl-premiership/2020/round-16/dragons-v-titans/
20201111630,2020,16,Round 16,False,2020-08-28T09:55:00Z,Sydney Cricket Ground,Sydney,Roosters,Broncos,58,12,24,6,FullTime,4800,3841,Good,,Adam Gee,https://www.nrl.com/draw/nrl-premiership/2020/round-16/roosters-v-broncos/
20201111640,2020,16,Round 16,False,2020-08-29T05:00:00Z,Scully Park,Tamworth,Warriors,Knights,36,6,8,6,FullTime,4800,1853,Good,,Matt Cecchin,https://www.nrl.com/draw/nrl-premiership/2020/round-16/warriors-v-knights/
20201111650,2020,16,Round 16,False,2020-08-29T07:30:00Z,Netstrata Jubilee Stadium,Sydney,Sharks,Cowboys,28,12,16,6,FullTime,4800,2217,Good,,Chris Sutton,https://www.nrl.com/draw/nrl-premiership/2020/round-16/sharks-v-cowboys/
20201111660,2020,16,Round 16,False,2020-08-29T09:35:00Z,BlueBet Stadium,Penrith,Panthers,Wests Tigers,30,6,14,6,FullTime,4800,3699,Good,,Ben Cummins,https://www.nrl.com/draw/nrl-premiership/2020/round-16/panthers-v-wests-tigers/
20201111680,2020,16,Round 16,False,2020-08-30T06:05:00Z,Sunshine Coast Stadium,Sunshine Coast,Storm,Sea Eagles,30,6,14,6,FullTime,4800,2910,Good,,Grant Atkins,https://www.nrl.com/draw/nrl-premiership/2020/round-16/storm-v-sea-eagles/
20201111670,2020,16,Round 16,False,2020-08-30T08:30:00Z,GIO Stadium,Canberra,Raiders,Bulldogs,34,20,12,20,FullTime,4800,2685,Good,,Chris Butler,https://www.nrl.com/draw/nrl-premiership/2020/round-16/raiders-v-bulldogs/
20201111710,2020,17,Round 17,False,2020-09-03T09:50:00Z,Suncorp Stadium,Brisbane,Broncos,Panthers,12,25,6,14,FullTime,4800,5626,Good,,Matt Cecchin,https://www.nrl.com/draw/nrl-premiership/2020/round-17/broncos-v-panthers/
20201111720,2020,17,Round 17,False,2020-09-04T08:00:00Z,McDonald Jones Stadium,Newcastle,Knights,Sharks,38,10,22,4,FullTime,4800,5597,Good,,Ben Cummins,https://www.nrl.com/draw/nrl-premiership/2020/round-17/knights-v-sharks/
20201111730,2020,17,Round 17,False,2020-09-04T09:55:00Z,Accor Stadium,Sydney,Rabbitohs,Storm,16,22,14,10,FullTime,4800,4734,Good,,Ashley Klein,https://www.nrl.com/draw/nrl-premiership/2020/round-17/rabbitohs-v-storm/
20201111740,2020,17,Round 17,False,2020-09-05T05:00:00Z,Accor Stadium,Sydney,Bulldogs,Titans,14,18,6,14,FullTime,4800,2048,Good,,Chris Sutton,https://www.nrl.com/draw/nrl-premiership/2020/round-17/bulldogs-v-titans/
20201111750,2020,17,Round 17,False,2020-09-05T07:30:00Z,4 Pines Park,Sydney,Sea Eagles,Wests Tigers,32,34,20,12,FullTime,4800,2691,Good,,Henry Perenara,https://www.nrl.com/draw/nrl-premiership/2020/round-17/sea-eagles-v-wests-tigers/
20201111760,2020,17,Round 17,False,2020-09-05T09:35:00Z,GIO Stadium,Canberra,Raiders,Roosters,6,18,6,10,FullTime,4800,3154,Good,,Gerard Sutton,https://www.nrl.com/draw/nrl-premiership/2020/round-17/raiders-v-roosters/
20201111780,2020,17,Round 17,False,2020-09-06T06:05:00Z,Industree Group Stadium,Gosford,Warriors,Eels,18,24,12,16,FullTime,4800,4577,Good,,Grant Atkins,https://www.nrl.com/draw/nrl-premiership/2020/round-17/warriors-v-eels/
20201111770,2020,17,Round 17,False,2020-09-06T08:30:00Z,Queensland Country Bank Stadium,Townsville,Cowboys,Dragons,23,22,6,12,FullTime,5100,6755,Good,,Adam Gee,https://www.nrl.com/draw/nrl-premiership/2020/round-17/cowboys-v-dragons/
20201111810,2020,18,Round 18,False,2020-09-10T09:50:00Z,CommBank Stadium,Sydney,Wests Tigers,Rabbitohs,24,26,12,20,FullTime,4800,3801,Good,,Ben Cummins,https://www.nrl.com/draw/nrl-premiership/2020/round-18/wests-tigers-v-rabbitohs/
20201111820,2020,18,Round 18,False,2020-09-11T08:00:00Z,Accor Stadium,Sydney,Bulldogs,Sea Eagles,20,32,10,16,FullTime,4800,2151,Good,,Matt Noyen,https://www.nrl.com/draw/nrl-premiership/2020/round-18/bulldogs-v-sea-eagles/
20201111830,2020,18,Round 18,False,2020-09-11T09:55:00Z,BlueBet Stadium,Penrith,Panthers,Eels,20,2,6,2,FullTime,4800,3955,Good,,Gerard Sutton,https://www.nrl.com/draw/nrl-premiership/2020/round-18/panthers-v-eels/
20201111840,2020,18,Round 18,False,2020-09-12T05:00:00Z,WIN Stadium,Wollongong,Dragons,Raiders,8,37,8,14,FullTime,4800,2588,Good,,Adam Gee,https://www.nrl.com/draw/nrl-premiership/2020/round-18/dragons-v-raiders/
20201111850,2020,18,Round 18,False,2020-09-12T07:30:00Z,Cbus Super Stadium,Gold Coast,Titans,Broncos,18,6,12,6,FullTime,4800,9729,Good,,Henry Perenara,https://www.nrl.com/draw/nrl-premiership/2020/round-18/titans-v-broncos/
20201111860,2020,18,Round 18,False,2020-09-12T09:35:00Z,Sydney Cricket Ground,Sydney,Roosters,Knights,42,12,30,12,FullTime,4800,6375,Good,,Ashley Klein,https://www.nrl.com/draw/nrl-premiership/2020/round-18/roosters-v-knights/
20201111880,2020,18,Round 18,False,2020-09-13T06:05:00Z,Sunshine Coast Stadium,Sunshine Coast,Storm,Cowboys,36,20,24,4,FullTime,4800,4056,Good,,Grant Atkins,https://www.nrl.com/draw/nrl-premiership/2020/round-18/storm-v-cowboys/
20201111870,2020,18,Round 18,False,2020-09-13T08:30:00Z,Netstrata Jubilee Stadium,Sydney,Sharks,Warriors,22,14,12,6,FullTime,4800,2306,Good,,Matt Cecchin,https://www.nrl.com/draw/nrl-premiership/2020/round-18/sharks-v-warriors/
20201111910,2020,19,Round 19,False,2020-09-17T09:50:00Z,Accor Stadium,Sydney,Rabbitohs,Bulldogs,16,26,10,20,FullTime,4800,4859,Good,,Ashley Klein,https://www.nrl.com/draw/nrl-premiership/2020/round-19/rabbitohs-v-bulldogs/
20201111920,2020,19,Round 19,False,2020-09-18T08:00:00Z,Queensland Country Bank Stadium,Townsville,Cowboys,Panthers,12,32,0,20,FullTime,4800,7247,Good,,Matt Cecchin,https://www.nrl.com/draw/nrl-premiership/2020/round-19/cowboys-v-panthers/
20201111930,2020,19,Round 19,False,2020-09-18T09:55:00Z,CommBank Stadium,Sydney,Eels,Broncos,26,12,20,6,FullTime,4800,6318,Fair,,Henry Perenara,https://www.nrl.com/draw/nrl-premiership/2020/round-19/eels-v-broncos/
20201111940,2020,19,Round 19,False,2020-09-19T05:00:00Z,4 Pines Park,Sydney,Sea Eagles,Titans,24,42,12,22,FullTime,4800,2452,Good,,Dave Munro,https://www.nrl.com/draw/nrl-premiership/2020/round-19/sea-eagles-v-titans/
20201111950,2020,19,Round 19,False,2020-09-19T07:30:00Z,Sunshine Coast Stadium,Sunshine Coast,Storm,Wests Tigers,50,22,32,10,FullTime,4800,4121,Good,,Gerard Sutton,https://www.nrl.com/draw/nrl-premiership/2020/round-19/storm-v-wests-tigers/
20201111960,2020,19,Round 19,False,2020-09-19T09:35:00Z,Sydney Cricket Ground,Sydney,Roosters,Sharks,34,18,24,12,FullTime,4800,6398,Good,,Ben Cummins,https://www.nrl.com/draw/nrl-premiership/2020/round-19/roosters-v-sharks/
20201111970,2020,19,Round 19,False,2020-09-20T04:00:00Z,GIO Stadium,Canberra,Raiders,Warriors,26,14,16,14,FullTime,4800,3900,Good,,Chris Sutton,https://www.nrl.com/draw/nrl-premiership/2020/round-19/raiders-v-warriors/
20201111980,2020,19,Round 19,False,2020-09-20T06:05:00Z,McDonald Jones Stadium,Newcastle,Knights,Dragons,42,18,30,6,FullTime,4800,6659,Good,,Grant Atkins,https://www.nrl.com/draw/nrl-premiership/2020/round-19/knights-v-dragons/
20201112010,2020,20,Round 20,False,2020-09-24T09:50:00Z,Suncorp Stadium,Brisbane,Broncos,Cowboys,16,32,12,16,FullTime,4800,17174,Good,,Grant Atkins,https://www.nrl.com/draw/nrl-premiership/2020/round-20/broncos-v-cowboys/
20201112020,2020,20,Round 20,False,2020-09-25T08:00:00Z,Cbus Super Stadium,Gold Coast,Titans,Knights,36,6,16,6,FullTime,4800,9877,Good,,Chris Sutton,https://www.nrl.com/draw/nrl-premiership/2020/round-20/titans-v-knights/
20201112030,2020,20,Round 20,False,2020-09-25T09:55:00Z,Accor Stadium,Sydney,Rabbitohs,Roosters,60,8,26,4,FullTime,4800,7958,Good,,Gerard Sutton,https://www.nrl.com/draw/nrl-premiership/2020/round-20/rabbitohs-v-roosters/
20201112040,2020,20,Round 20,False,2020-09-26T05:00:00Z,Accor Stadium,Sydney,Bulldogs,Panthers,0,42,0,22,FullTime,4800,6755,Good,,Henry Perenara,https://www.nrl.com/draw/nrl-premiership/2020/round-20/bulldogs-v-panthers/
20201112050,2020,20,Round 20,False,2020-09-26T07:30:00Z,Netstrata Jubilee Stadium,Sydney,Sharks,Raiders,28,38,10,24,FullTime,4800,2783,Good,,Ashley Klein,https://www.nrl.com/draw/nrl-premiership/2020/round-20/sharks-v-raiders/
20201112060,2020,20,Round 20,False,2020-09-26T09:35:00Z,CommBank Stadium,Sydney,Wests Tigers,Eels,24,28,8,16,FullTime,4800,7359,Good,,Ben Cummins,https://www.nrl.com/draw/nrl-premiership/2020/round-20/wests-tigers-v-eels/
20201112070,2020,20,Round 20,False,2020-09-27T04:00:00Z,Industree Group Stadium,Gosford,Warriors,Sea Eagles,40,28,26,14,FullTime,4800,3323,Good,,Adam Gee,https://www.nrl.com/draw/nrl-premiership/2020/round-20/warriors-v-sea-eagles/
20201112080,2020,20,Round 20,False,2020-09-27T06:05:00Z,Netstrata Jubilee Stadium,Sydney,Dragons,Storm,30,22,12,16,FullTime,4800,2738,Good,,Matt Cecchin,https://www.nrl.com/draw/nrl-premiership/2020/round-20/dragons-v-storm/
20201112110,2020,21,Finals Week 1,True,2020-10-02T09:50:00Z,BlueBet Stadium,Penrith,Panthers,Roosters,29,28,22,10,FullTime,4800,7209,Good,,Gerard Sutton,https://www.nrl.com/draw/nrl-premiership/2020/finals-week-1/panthers-v-roosters/
20201112120,2020,21,Finals Week 1,True,2020-10-03T07:40:00Z,GIO Stadium,Canberra,Raiders,Sharks,32,20,10,14,FullTime,4800,9602,Good,,Grant Atkins,https://www.nrl.com/draw/nrl-premiership/2020/finals-week-1/raiders-v-sharks/
20201112130,2020,21,Finals Week 1,True,2020-10-03T09:50:00Z,Suncorp Stadium,Brisbane,Storm,Eels,36,24,12,12,FullTime,4800,16238,Good,,Ashley Klein,https://www.nrl.com/draw/nrl-premiership/2020/finals-week-1/storm-v-eels/
20201112140,2020,21,Finals Week 1,True,2020-10-04T05:05:00Z,Accor Stadium,Sydney,Rabbitohs,Knights,46,20,20,14,FullTime,4800,17212,Good,,Ben Cummins,https://www.nrl.com/draw/nrl-premiership/2020/finals-week-1/rabbitohs-v-knights/
20201112210,2020,22,Finals Week 2,True,2020-10-09T08:50:00Z,Sydney Cricket Ground,Sydney,Roosters,Raiders,18,22,6,16,FullTime,4800,18110,Good,,Ashley Klein,https://www.nrl.com/draw/nrl-premiership/2020/finals-week-2/roosters-v-raiders/
20201112220,2020,22,Finals Week 2,True,2020-10-10T08:50:00Z,CommBank Stadium,Sydney,Eels,Rabbitohs,24,38,18,8,FullTime,4800,14510,Good,,Gerard Sutton,https://www.nrl.com/draw/nrl-premiership/2020/finals-week-2/eels-v-rabbitohs/
20201112310,2020,23,Finals Week 3,True,2020-10-16T08:50:00Z,Suncorp Stadium,Brisbane,Storm,Raiders,30,10,24,6,FullTime,4800,37112,Good,,Ashley Klein,https://www.nrl.com/draw/nrl-premiership/2020/finals-week-3/storm-v-raiders/
20201112320,2020,23,Finals Week 3,True,2020-10-17T08:50:00Z,Accor Stadium,Sydney,Panthers,Rabbitohs,20,16,14,6,FullTime,4800,30116,Good,,Gerard Sutton,https://www.nrl.com/draw/nrl-premiership/2020/finals-week-3/panthers-v-rabbitohs/
20201112410,2020,24,Grand Final,True,2020-10-25T08:30:00Z,Accor Stadium,Sydney,Panthers,Storm,20,26,0,22,FullTime,4800,0,Fair,Showers,Gerard Sutton,https://www.nrl.com/draw/nrl-premiership/2020/grand-final/panthers-v-storm/
20211110110,2021,1,Round 1,False,2021-03-11T09:05:00Z,AAMI Park,Melbourne,Storm,Rabbitohs,26,18,22,6,FullTime,4800,11812,Good,,Grant Atkins,https://www.nrl.com/draw/nrl-premiership/2021/round-1/storm-v-rabbitohs/
20211110120,2021,1,Round 1,False,2021-03-12T07:00:00Z,McDonald Jones Stadium,Newcastle,Knights,Bulldogs,32,16,18,10,FullTime,4800,19555,Good,,Ben Cummins,https://www.nrl.com/draw/nrl-premiership/2021/round-1/knights-v-bulldogs/
20211110130,2021,1,Round 1,False,2021-03-12T09:05:00Z,Suncorp Stadium,Brisbane,Broncos,Eels,16,24,16,0,FullTime,4800,28313,Fair,,Adam Gee,https://www.nrl.com/draw/nrl-premiership/2021/round-1/broncos-v-eels/
20211110140,2021,1,Round 1,False,2021-03-13T04:00:00Z,Polytec Stadium,Gosford,Warriors,Titans,19,6,6,0,FullTime,4800,3771,Good,,Ashley Klein,https://www.nrl.com/draw/nrl-premiership/2021/round-1/warriors-v-titans/
20211110150,2021,1,Round 1,False,2021-03-13T06:30:00Z,Sydney Cricket Ground,Sydney,Roosters,Sea Eagles,46,4,26,4,FullTime,4800,15097,Good,,Chris Sutton,https://www.nrl.com/draw/nrl-premiership/2021/round-1/roosters-v-sea-eagles/
20211110160,2021,1,Round 1,False,2021-03-13T08:35:00Z,BlueBet Stadium,Penrith,Panthers,Cowboys,24,0,8,0,FullTime,4800,14077,Good,,Matt Cecchin,https://www.nrl.com/draw/nrl-premiership/2021/round-1/panthers-v-cowboys/
20211110170,2021,1,Round 1,False,2021-03-14T05:05:00Z,GIO Stadium,Canberra,Raiders,Wests Tigers,30,12,6,6,FullTime,4800,0,Fair,Fine,Gerard Sutton,https://www.nrl.com/draw/nrl-premiership/2021/round-1/raiders-v-wests-tigers/
20211110180,2021,1,Round 1,False,2021-03-14T07:15:00Z,Jubilee Stadium,Sydney,Dragons,Sharks,18,32,0,14,FullTime,4800,7636,Slippery,,Peter Gough,https://www.nrl.com/draw/nrl-premiership/2021/round-1/dragons-v-sharks/
20211110210,2021,2,Round 2,False,2021-03-18T09:05:00Z,CommBank Stadium,Sydney,Eels,Storm,16,12,6,6,FullTime,4800,10416,Good,Showers,Ashley Klein,https://www.nrl.com/draw/nrl-premiership/2021/round-2/eels-v-storm/
20211110220,2021,2,Round 2,False,2021-03-19T07:00:00Z,Industree Group Stadium,Gosford,Warriors,Knights,16,20,6,8,FullTime,4800,4595,Fair,,Grant Atkins,https://www.nrl.com/draw/nrl-premiership/2021/round-2/warriors-v-knights/
20211110230,2021,2,Round 2,False,2021-03-19T09:05:00Z,Cbus Super Stadium,Gold Coast,Titans,Broncos,28,16,22,4,FullTime,4800,17822,Good,,Matt Cecchin,https://www.nrl.com/draw/nrl-premiership/2021/round-2/titans-v-broncos/
20211110240,2021,2,Round 2,False,2021-03-20T04:00:00Z,CommBank Stadium,Sydney,Bulldogs,Panthers,0,26,0,10,FullTime,4800,5062,Slippery,Rain,Peter Gough,https://www.nrl.com/draw/nrl-premiership/2021/round-2/bulldogs-v-panthers/
20211110250,2021,2,Round 2,False,2021-03-20T06:30:00Z,4 Pines Park,Sydney,Sea Eagles,Rabbitohs,12,26,6,14,FullTime,4800,3218,Slippery,,Gerard Sutton,https://www.nrl.com/draw/nrl-premiership/2021/round-2/sea-eagles-v-rabbitohs/
20211110260,2021,2,Round 2,False,2021-03-20T08:35:00Z,Queensland Country Bank Stadium,Townsville,Cowboys,Dragons,18,25,6,13,FullTime,4800,15120,Fair,,Ben Cummins,https://www.nrl.com/draw/nrl-premiership/2021/round-2/cowboys-v-dragons/
20211110270,2021,2,Round 2,False,2021-03-21T05:05:00Z,Campbelltown Sports Stadium,Sydney,Wests Tigers,Roosters,6,40,6,18,FullTime,4800,6107,Fair,,Adam Gee,https://www.nrl.com/draw/nrl-premiership/2021/round-2/wests-tigers-v-roosters/
20211110280,2021,2,Round 2,False,2021-03-21T07:15:00Z,Jubilee Stadium,Sydney,Sharks,Raiders,10,12,0,12,FullTime,4800,3145,Fair,,Chris Sutton,https://www.nrl.com/draw/nrl-premiership/2021/round-2/sharks-v-raiders/
20211110310,2021,3,Round 3,False,2021-03-25T09:05:00Z,BlueBet Stadium,Penrith,Panthers,Storm,12,10,6,6,FullTime,4800,14077,Good,,Grant Atkins,https://www.nrl.com/draw/nrl-premiership/2021/round-3/panthers-v-storm/
20211110320,2021,3,Round 3,False,2021-03-26T07:00:00Z,WIN Stadium,Wollongong,Dragons,Sea Eagles,38,12,18,6,FullTime,4800,9253,Good,,Chris Sutton,https://www.nrl.com/draw/nrl-premiership/2021/round-3/dragons-v-sea-eagles/
20211110330,2021,3,Round 3,False,2021-03-26T09:05:00Z,Accor Stadium,Sydney,Rabbitohs,Roosters,26,16,18,0,FullTime,4800,22838,Good,,Ashley Klein,https://www.nrl.com/draw/nrl-premiership/2021/round-3/rabbitohs-v-roosters/
20211110340,2021,3,Round 3,False,2021-03-27T04:00:00Z,GIO Stadium,Canberra,Raiders,Warriors,31,34,25,6,FullTime,4800,13456,Good,Fine,Henry Perenara,https://www.nrl.com/draw/nrl-premiership/2021/round-3/raiders-v-warriors/
20211110350,2021,3,Round 3,False,2021-03-27T06:30:00Z,Suncorp Stadium,Brisbane,Broncos,Bulldogs,24,0,2,0,FullTime,4800,22509,Good,,Ben Cummins,https://www.nrl.com/draw/nrl-premiership/2021/round-3/broncos-v-bulldogs/
20211110360,2021,3,Round 3,False,2021-03-27T08:35:00Z,CommBank Stadium,Sydney,Eels,Sharks,28,4,10,4,FullTime,4800,19236,Good,Fine,Adam Gee,https://www.nrl.com/draw/nrl-premiership/2021/round-3/eels-v-sharks/
20211110370,2021,3,Round 3,False,2021-03-28T05:05:00Z,McDonald Jones Stadium,Newcastle,Knights,Wests Tigers,20,24,8,12,FullTime,4800,20239,Good,,Gerard Sutton,https://www.nrl.com/draw/nrl-premiership/2021/round-3/knights-v-wests-tigers/
20211110380,2021,3,Round 3,False,2021-03-28T07:15:00Z,Queensland Country Bank Stadium,Townsville,Cowboys,Titans,8,44,0,26,FullTime,4800,12627,Good,,Peter Gough,https://www.nrl.com/draw/nrl-premiership/2021/round-3/cowboys-v-titans/
20211110410,2021,4,Round 4,False,2021-04-01T09:05:00Z,4 Pines Park,Sydney,Sea Eagles,Panthers,6,42,6,22,FullTime,4800,6076,Good,Fine,Matt Cecchin,https://www.nrl.com/draw/nrl-premiership/2021/round-4/sea-eagles-v-panthers/
20211110420,2021,4,Round 4,False,2021-04-02T05:05:00Z,Accor Stadium,Sydney,Bulldogs,Rabbitohs,0,38,0,14,FullTime,4800,23340,Good,,Grant Atkins,https://www.nrl.com/draw/nrl-premiership/2021/round-4/bulldogs-v-rabbitohs/
20211110430,2021,4,Round 4,False,2021-04-02T09:05:00Z,AAMI Park,Melbourne,Storm,Broncos,40,6,24,6,FullTime,4800,14135,Good,,Gerard Sutton,https://www.nrl.com/draw/nrl-premiership/2021/round-4/storm-v-broncos/
20211110440,2021,4,Round 4,False,2021-04-03T06:15:00Z,Jubilee Stadium,Sydney,Sharks,Cowboys,48,10,36,6,FullTime,4800,5119,Good,Fine,Chris Sutton,https://www.nrl.com/draw/nrl-premiership/2021/round-4/sharks-v-cowboys/
20211110450,2021,4,Round 4,False,2021-04-03T08:45:00Z,Jubilee Stadium,Sydney,Titans,Raiders,4,20,4,8,FullTime,4800,5117,Good,,Adam Gee,https://www.nrl.com/draw/nrl-premiership/2021/round-4/titans-v-raiders/
20211110460,2021,4,Round 4,False,2021-04-04T06:05:00Z,McDonald Jones Stadium,Newcastle,Knights,Dragons,13,22,7,6,FullTime,4800,21770,Good,,Peter Gough,https://www.nrl.com/draw/nrl-premiership/2021/round-4/knights-v-dragons/
20211110470,2021,4,Round 4,False,2021-04-04T08:15:00Z,Sydney Cricket Ground,Sydney,Roosters,Warriors,32,12,16,12,FullTime,4800,12210,Good,,Ben Cummins,https://www.nrl.com/draw/nrl-premiership/2021/round-4/roosters-v-warriors/
20211110480,2021,4,Round 4,False,2021-04-05T06:00:00Z,Accor Stadium,Sydney,Wests Tigers,Eels,22,36,10,20,FullTime,4800,29056,Good,,Ashley Klein,https://www.nrl.com/draw/nrl-premiership/2021/round-4/wests-tigers-v-eels/
20211110510,2021,5,Round 5,False,2021-04-08T09:50:00Z,Accor Stadium,Sydney,Rabbitohs,Broncos,35,6,18,6,FullTime,4800,9142,Good,,Ben Cummins,https://www.nrl.com/draw/nrl-premiership/2021/round-5/rabbitohs-v-broncos/
20211110520,2021,5,Round 5,False,2021-04-09T08:00:00Z,Industree Group Stadium,Gosford,Warriors,Sea Eagles,12,13,6,6,FullTime,4800,4982,Good,,Chris Butler,https://www.nrl.com/draw/nrl-premiership/2021/round-5/warriors-v-sea-eagles/
20211110530,2021,5,Round 5,False,2021-04-09T09:55:00Z,BlueBet Stadium,Penrith,Panthers,Raiders,30,10,18,6,FullTime,4800,20890,Good,,Gerard Sutton,https://www.nrl.com/draw/nrl-premiership/2021/round-5/panthers-v-raiders/
20211110540,2021,5,Round 5,False,2021-04-10T05:00:00Z,Cbus Super Stadium,Gold Coast,Titans,Knights,42,16,26,12,FullTime,4800,12492,Good,Fine,Ashley Klein,https://www.nrl.com/draw/nrl-premiership/2021/round-5/titans-v-knights/
20211110550,2021,5,Round 5,False,2021-04-10T07:30:00Z,Accor Stadium,Sydney,Bulldogs,Storm,18,52,6,30,FullTime,4800,5104,Good,,Chris Sutton,https://www.nrl.com/draw/nrl-premiership/2021/round-5/bulldogs-v-storm/
20211110560,2021,5,Round 5,False,2021-04-10T09:35:00Z,Sydney Cricket Ground,Sydney,Roosters,Sharks,26,18,4,12,FullTime,4800,10736,Good,,Adam Gee,https://www.nrl.com/draw/nrl-premiership/2021/round-5/roosters-v-sharks/
20211110570,2021,5,Round 5,False,2021-04-11T06:05:00Z,Leichhardt Oval,Sydney,Wests Tigers,Cowboys,30,34,6,28,FullTime,4800,9433,Good,,Matt Cecchin,https://www.nrl.com/draw/nrl-premiership/2021/round-5/wests-tigers-v-cowboys/
20211110580,2021,5,Round 5,False,2021-04-11T08:15:00Z,CommBank Stadium,Sydney,Eels,Dragons,12,26,0,18,FullTime,4800,24384,Good,,Grant Atkins,https://www.nrl.com/draw/nrl-premiership/2021/round-5/eels-v-dragons/
20211110610,2021,6,Round 6,False,2021-04-15T09:50:00Z,Suncorp Stadium,Brisbane,Broncos,Panthers,12,20,12,10,FullTime,4800,21224,Good,Fine,Grant Atkins,https://www.nrl.com/draw/nrl-premiership/2021/round-6/broncos-v-panthers/
20211110620,2021,6,Round 6,False,2021-04-16T08:00:00Z,McDonald Jones Stadium,Newcastle,Knights,Sharks,26,22,14,6,FullTime,4800,17039,Good,Fine,Matt Cecchin,https://www.nrl.com/draw/nrl-premiership/2021/round-6/knights-v-sharks/
20211110630,2021,6,Round 6,False,2021-04-16T09:55:00Z,AAMI Park,Melbourne,Storm,Roosters,20,4,4,0,FullTime,4800,15087,Good,Fine,Adam Gee,https://www.nrl.com/draw/nrl-premiership/2021/round-6/storm-v-roosters/
20211110640,2021,6,Round 6,False,2021-04-17T05:00:00Z,Glen Willow Oval,Mudgee,Sea Eagles,Titans,36,0,26,0,FullTime,4800,6380,Good,,Chris Butler,https://www.nrl.com/draw/nrl-premiership/2021/round-6/sea-eagles-v-titans/
20211110650,2021,6,Round 6,False,2021-04-17T07:30:00Z,Accor Stadium,Sydney,Rabbitohs,Wests Tigers,18,14,6,6,FullTime,4920,16134,Good,Fine,Gerard Sutton,https://www.nrl.com/draw/nrl-premiership/2021/round-6/rabbitohs-v-wests-tigers/
20211110660,2021,6,Round 6,False,2021-04-17T09:35:00Z,GIO Stadium,Canberra,Raiders,Eels,10,35,10,12,FullTime,4800,20089,Good,Fine,Ben Cummins,https://www.nrl.com/draw/nrl-premiership/2021/round-6/raiders-v-eels/
20211110670,2021,6,Round 6,False,2021-04-18T04:00:00Z,Netstrata Jubilee Stadium,Sydney,Dragons,Warriors,14,20,8,12,FullTime,4800,11222,Good,Fine,Chris Sutton,https://www.nrl.com/draw/nrl-premiership/2021/round-6/dragons-v-warriors/
20211110680,2021,6,Round 6,False,2021-04-18T06:05:00Z,Queensland Country Bank Stadium,Townsville,Cowboys,Bulldogs,30,18,6,6,FullTime,4800,11965,Good,Fine,Ashley Klein,https://www.nrl.com/draw/nrl-premiership/2021/round-6/cowboys-v-bulldogs/
20211110710,2021,7,Round 7,False,2021-04-22T09:50:00Z,BlueBet Stadium,Penrith,Panthers,Knights,24,6,10,6,FullTime,4800,16110,Good,,Gerard Sutton,https://www.nrl.com/draw/nrl-premiership/2021/round-7/panthers-v-knights/
20211110720,2021,7,Round 7,False,2021-04-23T08:00:00Z,Cbus Super Stadium,Gold Coast,Titans,Rabbitohs,30,40,24,10,FullTime,4800,17383,Good,Fine,Chris Sutton,https://www.nrl.com/draw/nrl-premiership/2021/round-7/titans-v-rabbitohs/
20211110730,2021,7,Round 7,False,2021-04-23T09:55:00Z,TIO Stadium,Darwin,Eels,Broncos,46,6,24,6,FullTime,4800,12056,Good,,Grant Atkins,https://www.nrl.com/draw/nrl-premiership/2021/round-7/eels-v-broncos/
20211110740,2021,7,Round 7,False,2021-04-24T07:30:00Z,Jubilee Stadium,Sydney,Sharks,Bulldogs,12,18,0,18,FullTime,4800,7420,Good,Fine,Chris Butler,https://www.nrl.com/draw/nrl-premiership/2021/round-7/sharks-v-bulldogs/
20211110750,2021,7,Round 7,False,2021-04-24T09:35:00Z,Queensland Country Bank Stadium,Townsville,Cowboys,Raiders,26,24,12,24,FullTime,4800,13791,Good,Fine,Peter Gough,https://www.nrl.com/draw/nrl-premiership/2021/round-7/cowboys-v-raiders/
20211110760,2021,7,Round 7,False,2021-04-25T03:45:00Z,CommBank Stadium,Sydney,Wests Tigers,Sea Eagles,6,40,6,18,FullTime,4800,14095,Good,Fine,Adam Gee,https://www.nrl.com/draw/nrl-premiership/2021/round-7/wests-tigers-v-sea-eagles/
20211110770,2021,7,Round 7,False,2021-04-25T06:05:00Z,Sydney Cricket Ground,Sydney,Roosters,Dragons,34,10,16,6,FullTime,4800,37620,Good,Fine,Ashley Klein,https://www.nrl.com/draw/nrl-premiership/2021/round-7/roosters-v-dragons/
20211110780,2021,7,Round 7,False,2021-04-25T08:15:00Z,AAMI Park,Melbourne,Storm,Warriors,0,0,0,0,FullTime,4800,20320,Good,,Matt Cecchin,https://www.nrl.com/draw/nrl-premiership/2021/round-7/storm-v-warriors/
20211110810,2021,8,Round 8,False,2021-04-29T09:50:00Z,GIO Stadium,Canberra,Raiders,Rabbitohs,20,34,16,14,FullTime,4800,14260,Good,Fine,Ben Cummins,https://www.nrl.com/draw/nrl-premiership/2021/round-8/raiders-v-rabbitohs/
20211110820,2021,8,Round 8,False,2021-04-30T08:00:00Z,AAMI Park,Melbourne,Storm,Sharks,40,14,6,8,FullTime,4800,10069,Good,Fine,Gerard Sutton,https://www.nrl.com/draw/nrl-premiership/2021/round-8/storm-v-sharks/
20211110830,2021,8,Round 8,False,2021-04-30T09:55:00Z,Suncorp Stadium,Brisbane,Broncos,Titans,36,28,22,22,FullTime,4800,21322,Good,Fine,Adam Gee,https://www.nrl.com/draw/nrl-premiership/2021/round-8/broncos-v-titans/
20211110840,2021,8,Round 8,False,2021-05-01T05:00:00Z,Carrington Park,Bathurst,Panthers,Sea Eagles,28,16,16,6,FullTime,4800,5798,Good,,Ashley Klein,https://www.nrl.com/draw/nrl-premiership/2021/round-8/panthers-v-sea-eagles/
20211110850,2021,8,Round 8,False,2021-05-01T07:30:00Z,Accor Stadium,Sydney,Bulldogs,Eels,10,32,0,16,FullTime,4800,13273,Good,Fine,Peter Gough,https://www.nrl.com/draw/nrl-premiership/2021/round-8/bulldogs-v-eels/
20211110860,2021,8,Round 8,False,2021-05-01T09:35:00Z,McDonald Jones Stadium,Newcastle,Knights,Roosters,4,38,4,20,FullTime,4800,22172,Good,,Matt Cecchin,https://www.nrl.com/draw/nrl-premiership/2021/round-8/knights-v-roosters/
20211110870,2021,8,Round 8,False,2021-05-02T04:00:00Z,Polytec Stadium,Gosford,Warriors,Cowboys,24,20,24,4,FullTime,4800,3692,Good,Fine,Chris Butler,https://www.nrl.com/draw/nrl-premiership/2021/round-8/warriors-v-cowboys/
20211110880,2021,8,Round 8,False,2021-05-02T06:05:00Z,WIN Stadium,Wollongong,Dragons,Wests Tigers,8,16,8,6,FullTime,4800,12323,Good,Fine,Chris Sutton,https://www.nrl.com/draw/nrl-premiership/2021/round-8/dragons-v-wests-tigers/
20211110910,2021,9,Round 9,False,2021-05-06T09:50:00Z,Accor Stadium,Sydney,Rabbitohs,Storm,0,50,0,26,FullTime,4800,7501,Good,,Grant Atkins,https://www.nrl.com/draw/nrl-premiership/2021/round-9/rabbitohs-v-storm/
20211110920,2021,9,Round 9,False,2021-05-07T08:00:00Z,BlueBet Stadium,Penrith,Panthers,Sharks,48,0,24,0,FullTime,4800,16110,Good,Fine,Chris Butler,https://www.nrl.com/draw/nrl-premiership/2021/round-9/panthers-v-sharks/
20211110930,2021,9,Round 9,False,2021-05-07T09:55:00Z,CommBank Stadium,Sydney,Eels,Roosters,31,18,18,12,FullTime,4800,25711,Good,Fine,Matt Cecchin,https://www.nrl.com/draw/nrl-premiership/2021/round-9/eels-v-roosters/
20211110940,2021,9,Round 9,False,2021-05-08T05:00:00Z,Geohex Park,Wagga Wagga,Raiders,Knights,16,24,16,0,FullTime,4800,6642,Good,,Adam Gee,https://www.nrl.com/draw/nrl-premiership/2021/round-9/raiders-v-knights/
20211110950,2021,9,Round 9,False,2021-05-08T07:30:00Z,Campbelltown Sports Stadium,Sydney,Wests Tigers,Titans,28,36,12,24,FullTime,4800,0,Good,Fine,Ashley Klein,https://www.nrl.com/draw/nrl-premiership/2021/round-9/wests-tigers-v-titans/
20211110960,2021,9,Round 9,False,2021-05-08T09:35:00Z,Queensland Country Bank Stadium,Townsville,Cowboys,Broncos,19,18,8,12,FullTime,4800,22222,Good,Fine,Chris Sutton,https://www.nrl.com/draw/nrl-premiership/2021/round-9/cowboys-v-broncos/
20211110970,2021,9,Round 9,False,2021-05-09T04:00:00Z,4 Pines Park,Sydney,Sea Eagles,Warriors,38,32,12,20,FullTime,4800,6726,Good,Fine,Peter Gough,https://www.nrl.com/draw/nrl-premiership/2021/round-9/sea-eagles-v-warriors/
20211110980,2021,9,Round 9,False,2021-05-09T06:05:00Z,Netstrata Jubilee Stadium,Sydney,Dragons,Bulldogs,32,12,6,0,FullTime,4800,7253,Good,Fine,Ben Cummins,https://www.nrl.com/draw/nrl-premiership/2021/round-9/dragons-v-bulldogs/
20211111010,2021,10,Round 10,False,2021-05-14T08:00:00Z,Suncorp Stadium,Brisbane,Wests Tigers,Knights,36,18,24,4,FullTime,4800,31532,Good,Fine,Grant Atkins,https://www.nrl.com/draw/nrl-premiership/2021/round-10/wests-tigers-v-knights/
20211111020,2021,10,Round 10,False,2021-05-14T10:05:00Z,Suncorp Stadium,Brisbane,Sea Eagles,Broncos,50,6,20,6,FullTime,4800,41367,Good,Fine,Gerard Sutton,https://www.nrl.com/draw/nrl-premiership/2021/round-10/sea-eagles-v-broncos/
20211111030,2021,10,Round 10,False,2021-05-15T05:00:00Z,Suncorp Stadium,Brisbane,Bulldogs,Raiders,18,20,0,8,FullTime,4800,30214,Good,Fine,Chris Butler,https://www.nrl.com/draw/nrl-premiership/2021/round-10/bulldogs-v-raiders/
20211111040,2021,10,Round 10,False,2021-05-15T07:30:00Z,Suncorp Stadium,Brisbane,Sharks,Rabbitohs,22,32,6,20,FullTime,4800,42821,Good,Fine,Chris Sutton,https://www.nrl.com/draw/nrl-premiership/2021/round-10/sharks-v-rabbitohs/
20211111050,2021,10,Round 10,False,2021-05-15T09:45:00Z,Suncorp Stadium,Brisbane,Roosters,Cowboys,30,16,18,10,FullTime,4800,45122,Good,Fine,Ben Cummins,https://www.nrl.com/draw/nrl-premiership/2021/round-10/roosters-v-cowboys/
20211111060,2021,10,Round 10,False,2021-05-16T03:50:00Z,Suncorp Stadium,Brisbane,Warriors,Eels,18,34,6,24,FullTime,4800,33175,Good,Fine,Ashley Klein,https://www.nrl.com/draw/nrl-premiership/2021/round-10/warriors-v-eels/
20211111070,2021,10,Round 10,False,2021-05-16T06:05:00Z,Suncorp Stadium,Brisbane,Storm,Dragons,44,18,14,10,FullTime,4800,41983,Good,Fine,Peter Gough,https://www.nrl.com/draw/nrl-premiership/2021/round-10/storm-v-dragons/
20211111080,2021,10,Round 10,False,2021-05-16T08:25:00Z,Suncorp Stadium,Brisbane,Titans,Panthers,12,48,0,30,FullTime,4800,43537,Good,Fine,Adam Gee,https://www.nrl.com/draw/nrl-premiership/2021/round-10/titans-v-panthers/
20211111110,2021,11,Round 11,False,2021-05-20T09:50:00Z,Queensland Country Bank Stadium,Townsville,Cowboys,Knights,36,20,16,16,FullTime,4800,11208,Good,Fine,Ashley Klein,https://www.nrl.com/draw/nrl-premiership/2021/round-11/cowboys-v-knights/
20211111120,2021,11,Round 11,False,2021-05-21T08:00:00Z,Industree Group Stadium,Gosford,Warriors,Wests Tigers,30,26,18,10,FullTime,4800,7009,Good,Fine,Matt Noyen,https://www.nrl.com/draw/nrl-premiership/2021/round-11/warriors-v-wests-tigers/
20211111130,2021,11,Round 11,False,2021-05-21T09:55:00Z,Jubilee Stadium,Sydney,Sharks,Dragons,13,12,6,2,FullTime,5040,8947,Good,Fine,Ben Cummins,https://www.nrl.com/draw/nrl-premiership/2021/round-11/sharks-v-dragons/
20211111140,2021,11,Round 11,False,2021-05-22T05:00:00Z,Cbus Super Stadium,Gold Coast,Titans,Bulldogs,30,20,18,10,FullTime,4800,11315,Good,,Matt Cecchin,https://www.nrl.com/draw/nrl-premiership/2021/round-11/titans-v-bulldogs/
20211111150,2021,11,Round 11,False,2021-05-22T07:30:00Z,Sydney Cricket Ground,Sydney,Roosters,Broncos,16,34,14,16,FullTime,4800,13186,Good,Fine,Peter Gough,https://www.nrl.com/draw/nrl-premiership/2021/round-11/roosters-v-broncos/
20211111160,2021,11,Round 11,False,2021-05-22T09:35:00Z,GIO Stadium,Canberra,Raiders,Storm,10,34,10,12,FullTime,4800,14120,Good,Fine,Gerard Sutton,https://www.nrl.com/draw/nrl-premiership/2021/round-11/raiders-v-storm/
20211111170,2021,11,Round 11,False,2021-05-23T04:00:00Z,Apex Oval,Dubbo,Rabbitohs,Panthers,12,56,6,30,FullTime,4800,10824,Good,Fine,Grant Atkins,https://www.nrl.com/draw/nrl-premiership/2021/round-11/rabbitohs-v-panthers/
20211111180,2021,11,Round 11,False,2021-05-23T06:05:00Z,CommBank Stadium,Sydney,Eels,Sea Eagles,6,28,6,16,FullTime,4800,24411,Good,Fine,Adam Gee,https://www.nrl.com/draw/nrl-premiership/2021/round-11/eels-v-sea-eagles/
20211111210,2021,12,Round 12,False,2021-05-27T09:50:00Z,Suncorp Stadium,Brisbane,Broncos,Storm,12,40,0,16,FullTime,4800,23600,Good,Fine,Ashley Klein,https://www.nrl.com/draw/nrl-premiership/2021/round-12/broncos-v-storm/
20211111220,2021,12,Round 12,False,2021-05-28T08:00:00Z,Queensland Country Bank Stadium,Townsville,Cowboys,Warriors,29,28,22,6,FullTime,4800,14951,Good,Fine,Matt Cecchin,https://www.nrl.com/draw/nrl-premiership/2021/round-12/cowboys-v-warriors/
20211111230,2021,12,Round 12,False,2021-05-28T09:55:00Z,CommBank Stadium,Sydney,Wests Tigers,Dragons,34,18,18,0,FullTime,4800,9982,Good,Fine,Adam Gee,https://www.nrl.com/draw/nrl-premiership/2021/round-12/wests-tigers-v-dragons/
20211111240,2021,12,Round 12,False,2021-05-29T05:00:00Z,BlueBet Stadium,Penrith,Panthers,Bulldogs,30,4,10,0,FullTime,4800,16110,Good,Fine,Matt Noyen,https://www.nrl.com/draw/nrl-premiership/2021/round-12/panthers-v-bulldogs/
20211111250,2021,12,Round 12,False,2021-05-29T07:30:00Z,Accor Stadium,Sydney,Rabbitohs,Eels,38,20,20,6,FullTime,4800,20743,Good,Fine,Gerard Sutton,https://www.nrl.com/draw/nrl-premiership/2021/round-12/rabbitohs-v-eels/
20211111260,2021,12,Round 12,False,2021-05-29T09:35:00Z,Industree Group Stadium,Gosford,Roosters,Raiders,44,16,16,10,FullTime,4800,10113,Good,,Grant Atkins,https://www.nrl.com/draw/nrl-premiership/2021/round-12/roosters-v-raiders/
20211111270,2021,12,Round 12,False,2021-05-30T04:00:00Z,C.ex Coffs International Stadium,Coffs Harbour,Sharks,Titans,38,10,26,6,FullTime,4800,7362,Good,Fine,Chris Sutton,https://www.nrl.com/draw/nrl-premiership/2021/round-12/sharks-v-titans/
20211111280,2021,12,Round 12,False,2021-05-30T06:05:00Z,McDonald Jones Stadium,Newcastle,Knights,Sea Eagles,18,10,12,10,FullTime,4800,17348,Good,Fine,Ben Cummins,https://www.nrl.com/draw/nrl-premiership/2021/round-12/knights-v-sea-eagles/
20211111310,2021,13,Round 13,False,2021-06-03T09:50:00Z,Jubilee Stadium,Sydney,Dragons,Broncos,52,24,24,18,FullTime,4800,5107,Good,,Matt Cecchin,https://www.nrl.com/draw/nrl-premiership/2021/round-13/dragons-v-broncos/
20211111320,2021,13,Round 13,False,2021-06-04T09:55:00Z,Leichhardt Oval,Sydney,Wests Tigers,Panthers,26,6,10,0,FullTime,4800,9127,Good,,Grant Atkins,https://www.nrl.com/draw/nrl-premiership/2021/round-13/wests-tigers-v-panthers/
20211111330,2021,13,Round 13,False,2021-06-05T09:35:00Z,Sunshine Coast Stadium,Sunshine Coast,Storm,Titans,20,14,16,4,FullTime,4800,7630,Good,Fine,Chris Butler,https://www.nrl.com/draw/nrl-premiership/2021/round-13/storm-v-titans/
20211111340,2021,13,Round 13,False,2021-06-06T06:05:00Z,McDonald Jones Stadium,Newcastle,Knights,Eels,0,0,0,0,FullTime,4800,23015,Good,Fine,Adam Gee,https://www.nrl.com/draw/nrl-premiership/2021/round-13/knights-v-eels/
20211111410,2021,14,Round 14,False,2021-06-11T08:00:00Z,4 Pines Park,Sydney,Sea Eagles,Cowboys,50,18,28,12,FullTime,4800,6801,Good,Fine,Adam Gee,https://www.nrl.com/draw/nrl-premiership/2021/round-14/sea-eagles-v-cowboys/
20211111420,2021,14,Round 14,False,2021-06-11T09:55:00Z,Jubilee Stadium,Sydney,Sharks,Panthers,19,18,18,0,FullTime,4800,5217,Good,Fine,Ashley Klein,https://www.nrl.com/draw/nrl-premiership/2021/round-14/sharks-v-panthers/
20211111430,2021,14,Round 14,False,2021-06-12T05:00:00Z,Cbus Super Stadium,Gold Coast,Titans,Roosters,34,35,4,18,FullTime,4800,15111,Good,Fine,Ben Cummins,https://www.nrl.com/draw/nrl-premiership/2021/round-14/titans-v-roosters/
20211111440,2021,14,Round 14,False,2021-06-12T07:30:00Z,Accor Stadium,Sydney,Rabbitohs,Knights,24,10,12,10,FullTime,4800,12156,Good,,Chris Butler,https://www.nrl.com/draw/nrl-premiership/2021/round-14/rabbitohs-v-knights/
20211111450,2021,14,Round 14,False,2021-06-12T09:35:00Z,GIO Stadium,Canberra,Raiders,Broncos,38,16,22,10,FullTime,4800,9608,Good,,Chris Sutton,https://www.nrl.com/draw/nrl-premiership/2021/round-14/raiders-v-broncos/
20211111460,2021,14,Round 14,False,2021-06-13T04:00:00Z,Central Coast Stadium,Gosford,Warriors,Storm,16,42,2,18,FullTime,4800,8105,Good,Fine,Matt Cecchin,https://www.nrl.com/draw/nrl-premiership/2021/round-14/warriors-v-storm/
20211111470,2021,14,Round 14,False,2021-06-13T06:05:00Z,CommBank Stadium,Sydney,Eels,Wests Tigers,40,12,14,6,FullTime,4800,23421,Good,Fine,Grant Atkins,https://www.nrl.com/draw/nrl-premiership/2021/round-14/eels-v-wests-tigers/
20211111480,2021,14,Round 14,False,2021-06-14T06:00:00Z,Accor Stadium,Sydney,Bulldogs,Dragons,28,6,8,6,FullTime,4800,17382,Good,Fine,Gerard Sutton,https://www.nrl.com/draw/nrl-premiership/2021/round-14/bulldogs-v-dragons/
20211111510,2021,15,Round 15,False,2021-06-17T09:50:00Z,Suncorp Stadium,Brisbane,Broncos,Rabbitohs,0,46,0,18,FullTime,4800,19176,Good,,Adam Gee,https://www.nrl.com/draw/nrl-premiership/2021/round-15/broncos-v-rabbitohs/
20211111520,2021,15,Round 15,False,2021-06-18T08:00:00Z,Queensland Country Bank Stadium,Townsville,Cowboys,Sharks,24,26,12,20,FullTime,4800,13926,Good,Fine,Peter Gough,https://www.nrl.com/draw/nrl-premiership/2021/round-15/cowboys-v-sharks/
20211111530,2021,15,Round 15,False,2021-06-18T09:55:00Z,BlueBet Stadium,Penrith,Panthers,Roosters,38,12,22,12,FullTime,4800,14406,Fair,,Ashley Klein,https://www.nrl.com/draw/nrl-premiership/2021/round-15/panthers-v-roosters/
20211111540,2021,15,Round 15,False,2021-06-19T05:00:00Z,McDonald Jones Stadium,Newcastle,Knights,Warriors,10,6,4,6,FullTime,4800,9975,Fair,Rain,Chris Butler,https://www.nrl.com/draw/nrl-premiership/2021/round-15/knights-v-warriors/
20211111550,2021,15,Round 15,False,2021-06-19T07:30:00Z,WIN Stadium,Wollongong,Dragons,Raiders,22,20,6,14,FullTime,4800,9239,Fair,Fine,Chris Sutton,https://www.nrl.com/draw/nrl-premiership/2021/round-15/dragons-v-raiders/
20211111560,2021,15,Round 15,False,2021-06-19T09:35:00Z,Sunshine Coast Stadium,Sunshine Coast,Storm,Wests Tigers,66,16,40,0,FullTime,4800,5328,Good,,Gerard Sutton,https://www.nrl.com/draw/nrl-premiership/2021/round-15/storm-v-wests-tigers/
20211111570,2021,15,Round 15,False,2021-06-20T04:00:00Z,CommBank Stadium,Sydney,Eels,Bulldogs,36,10,6,10,FullTime,4800,17276,Good,Showers,Matt Cecchin,https://www.nrl.com/draw/nrl-premiership/2021/round-15/eels-v-bulldogs/
20211111580,2021,15,Round 15,False,2021-06-20T06:05:00Z,Cbus Super Stadium,Gold Coast,Titans,Sea Eagles,24,56,24,8,FullTime,4800,14408,Good,Fine,Grant Atkins,https://www.nrl.com/draw/nrl-premiership/2021/round-15/titans-v-sea-eagles/
20211111610,2021,16,Round 16,False,2021-07-01T09:50:00Z,McDonald Jones Stadium,Newcastle,Roosters,Storm,0,46,0,30,FullTime,4800,4289,Good,Rain,Adam Gee,https://www.nrl.com/draw/nrl-premiership/2021/round-16/roosters-v-storm/
20211111620,2021,16,Round 16,False,2021-07-02T08:00:00Z,Central Coast Stadium,Gosford,Warriors,Dragons,18,19,12,6,FullTime,5340,0,Good,Fine,Peter Gough,https://www.nrl.com/draw/nrl-premiership/2021/round-16/warriors-v-dragons/
20211111630,2021,16,Round 16,False,2021-07-02T09:55:00Z,BlueBet Stadium,Penrith,Panthers,Eels,13,12,6,4,FullTime,4800,0,Good,Fine,Ashley Klein,https://www.nrl.com/draw/nrl-premiership/2021/round-16/panthers-v-eels/
20211111640,2021,16,Round 16,False,2021-07-03T05:00:00Z,CommBank Stadium,Sydney,Bulldogs,Sea Eagles,0,66,0,36,FullTime,4800,0,Good,Fine,Gerard Sutton,https://www.nrl.com/draw/nrl-premiership/2021/round-16/bulldogs-v-sea-eagles/
20211111650,2021,16,Round 16,False,2021-07-03T07:30:00Z,GIO Stadium,Canberra,Raiders,Titans,6,44,0,22,FullTime,4800,7646,Good,,Matt Cecchin,https://www.nrl.com/draw/nrl-premiership/2021/round-16/raiders-v-titans/
20211111660,2021,16,Round 16,False,2021-07-03T09:35:00Z,McDonald Jones Stadium,Newcastle,Knights,Cowboys,38,0,22,0,FullTime,4800,7610,Good,Fine,Chris Sutton,https://www.nrl.com/draw/nrl-premiership/2021/round-16/knights-v-cowboys/
20211111670,2021,16,Round 16,False,2021-07-04T04:00:00Z,Suncorp Stadium,Brisbane,Broncos,Sharks,26,18,12,12,FullTime,4800,13840,Good,Fine,Ben Cummins,https://www.nrl.com/draw/nrl-premiership/2021/round-16/broncos-v-sharks/
20211111680,2021,16,Round 16,False,2021-07-04T06:05:00Z,Leichhardt Oval,Sydney,Wests Tigers,Rabbitohs,22,38,0,26,FullTime,4800,0,Good,Fine,Grant Atkins,https://www.nrl.com/draw/nrl-premiership/2021/round-16/wests-tigers-v-rabbitohs/
20211111710,2021,17,Round 17,False,2021-07-08T09:50:00Z,4 Pines Park,Sydney,Sea Eagles,Raiders,16,30,4,12,FullTime,4800,0,Good,Fine,Adam Gee,https://www.nrl.com/draw/nrl-premiership/2021/round-17/sea-eagles-v-raiders/
20211111720,2021,17,Round 17,False,2021-07-09T09:55:00Z,McDonald Jones Stadium,Newcastle,Rabbitohs,Cowboys,46,18,22,12,FullTime,4800,3127,Slippery,Showers,Matt Cecchin,https://www.nrl.com/draw/nrl-premiership/2021/round-17/rabbitohs-v-cowboys/
20211111730,2021,17,Round 17,False,2021-07-10T09:35:00Z,CommBank Stadium,Sydney,Bulldogs,Roosters,16,22,10,16,FullTime,4800,0,Slippery,Showers,Adam Gee,https://www.nrl.com/draw/nrl-premiership/2021/round-17/bulldogs-v-roosters/
20211111740,2021,17,Round 17,False,2021-07-11T06:05:00Z,Jubilee Stadium,Sydney,Sharks,Warriors,20,12,20,6,FullTime,4800,0,Fair,Fine,Chris Sutton,https://www.nrl.com/draw/nrl-premiership/2021/round-17/sharks-v-warriors/
20211111810,2021,18,Round 18,False,2021-07-16T08:00:00Z,Cbus Super Stadium,Gold Coast,Titans,Eels,8,26,0,20,FullTime,4800,15038,Good,Fine,Matt Cecchin,https://www.nrl.com/draw/nrl-premiership/2021/round-18/titans-v-eels/
20211111820,2021,18,Round 18,False,2021-07-16T10:05:00Z,Cbus Super Stadium,Gold Coast,Sea Eagles,Dragons,32,18,12,14,FullTime,4800,15038,Good,Fine,Adam Gee,https://www.nrl.com/draw/nrl-premiership/2021/round-18/sea-eagles-v-dragons/
20211111840,2021,18,Round 18,False,2021-07-17T05:00:00Z,Queensland Country Bank Stadium,Townsville,Cowboys,Roosters,18,34,12,14,FullTime,4800,15933,Good,Fine,Ashley Klein,https://www.nrl.com/draw/nrl-premiership/2021/round-18/cowboys-v-roosters/
20211111830,2021,18,Round 18,False,2021-07-17T07:30:00Z,Cbus Super Stadium,Gold Coast,Raiders,Sharks,34,18,12,12,FullTime,4800,3874,Good,Fine,Grant Atkins,https://www.nrl.com/draw/nrl-premiership/2021/round-18/raiders-v-sharks/
20211111850,2021,18,Round 18,False,2021-07-17T09:35:00Z,Cbus Super Stadium,Gold Coast,Storm,Knights,48,4,30,0,FullTime,4800,3874,Good,Fine,Chris Sutton,https://www.nrl.com/draw/nrl-premiership/2021/round-18/storm-v-knights/
20211111860,2021,18,Round 18,False,2021-07-18T03:50:00Z,Suncorp Stadium,Brisbane,Warriors,Panthers,16,30,10,16,FullTime,4800,24894,Good,Fine,Chris Butler,https://www.nrl.com/draw/nrl-premiership/2021/round-18/warriors-v-panthers/
20211111870,2021,18,Round 18,False,2021-07-18T06:05:00Z,Suncorp Stadium,Brisbane,Broncos,Wests Tigers,24,42,18,10,FullTime,4800,24894,Good,Fine,Gerard Sutton,https://www.nrl.com/draw/nrl-premiership/2021/round-18/broncos-v-wests-tigers/
20211111880,2021,18,Round 18,False,2021-07-18T08:15:00Z,Cbus Super Stadium,Gold Coast,Rabbitohs,Bulldogs,32,24,10,12,FullTime,4800,2979,Good,Fine,Ben Cummins,https://www.nrl.com/draw/nrl-premiership/2021/round-18/rabbitohs-v-bulldogs/
20211111910,2021,19,Round 19,False,2021-07-22T09:50:00Z,Cbus Super Stadium,Gold Coast,Eels,Raiders,10,12,0,0,FullTime,4800,2566,Good,Fine,Adam Gee,https://www.nrl.com/draw/nrl-premiership/2021/round-19/eels-v-raiders/
20211111920,2021,19,Round 19,False,2021-07-23T08:00:00Z,Sunshine Coast Stadium,Sunshine Coast,Roosters,Knights,28,8,10,8,FullTime,4800,2868,Good,Fine,Gerard Sutton,https://www.nrl.com/draw/nrl-premiership/2021/round-19/roosters-v-knights/
20211111930,2021,19,Round 19,False,2021-07-23T09:55:00Z,Queensland Country Bank Stadium,Townsville,Cowboys,Storm,0,0,0,0,FullTime,4800,14924,Good,Fine,Matt Cecchin,https://www.nrl.com/draw/nrl-premiership/2021/round-19/cowboys-v-storm/
20211111940,2021,19,Round 19,False,2021-07-24T05:00:00Z,Sunshine Coast Stadium,Sunshine Coast,Rabbitohs,Warriors,60,22,34,16,FullTime,4800,7569,Good,Fine,Chris Butler,https://www.nrl.com/draw/nrl-premiership/2021/round-19/rabbitohs-v-warriors/
20211111950,2021,19,Round 19,False,2021-07-24T07:30:00Z,Suncorp Stadium,Brisbane,Sea Eagles,Wests Tigers,44,24,20,12,FullTime,4800,5761,Good,,Ashley Klein,https://www.nrl.com/draw/nrl-premiership/2021/round-19/sea-eagles-v-wests-tigers/
20211111960,2021,19,Round 19,False,2021-07-24T09:35:00Z,Suncorp Stadium,Brisbane,Panthers,Broncos,18,12,4,0,FullTime,4800,8019,Good,,Ben Cummins,https://www.nrl.com/draw/nrl-premiership/2021/round-19/panthers-v-broncos/
20211111970,2021,19,Round 19,False,2021-07-25T03:50:00Z,Cbus Super Stadium,Gold Coast,Dragons,Titans,10,32,6,14,FullTime,4800,4424,Good,Fine,Grant Atkins,https://www.nrl.com/draw/nrl-premiership/2021/round-19/dragons-v-titans/
20211111980,2021,19,Round 19,False,2021-07-25T06:05:00Z,Cbus Super Stadium,Gold Coast,Bulldogs,Sharks,24,44,6,30,FullTime,4800,4424,Good,Fine,Chris Sutton,https://www.nrl.com/draw/nrl-premiership/2021/round-19/bulldogs-v-sharks/
20211112010,2021,20,Round 20,False,2021-07-29T09:50:00Z,BB Print Stadium,Mackay,Roosters,Eels,28,0,12,0,FullTime,4800,4926,Good,Fine,Grant Atkins,https://www.nrl.com/draw/nrl-premiership/2021/round-20/roosters-v-eels/
20211112020,2021,20,Round 20,False,2021-07-30T08:00:00Z,Suncorp Stadium,Brisbane,Wests Tigers,Warriors,16,18,10,0,FullTime,4800,12443,Good,Fine,Ben Cummins,https://www.nrl.com/draw/nrl-premiership/2021/round-20/wests-tigers-v-warriors/
20211112030,2021,20,Round 20,False,2021-07-30T10:05:00Z,Suncorp Stadium,Brisbane,Broncos,Cowboys,37,18,22,12,FullTime,4800,29136,Good,Fine,Chris Sutton,https://www.nrl.com/draw/nrl-premiership/2021/round-20/broncos-v-cowboys/
20211112050,2021,20,Round 20,False,2021-08-01T03:50:00Z,Suncorp Stadium,Brisbane,Knights,Raiders,34,24,22,6,FullTime,4800,0,Good,Fine,Adam Gee,https://www.nrl.com/draw/nrl-premiership/2021/round-20/knights-v-raiders/
20211112060,2021,20,Round 20,False,2021-08-01T06:05:00Z,Suncorp Stadium,Brisbane,Storm,Panthers,37,10,18,0,FullTime,4800,0,Good,Fine,Ashley Klein,https://www.nrl.com/draw/nrl-premiership/2021/round-20/storm-v-panthers/
20211112040,2021,20,Round 20,False,2021-08-01T08:25:00Z,Suncorp Stadium,Brisbane,Dragons,Rabbitohs,14,50,10,24,FullTime,4800,0,Good,Fine,Chris Butler,https://www.nrl.com/draw/nrl-premiership/2021/round-20/dragons-v-rabbitohs/
20211112070,2021,20,Round 20,False,2021-08-02T08:00:00Z,Suncorp Stadium,Brisbane,Bulldogs,Titans,6,34,0,16,FullTime,4800,0,Good,Fine,Matt Cecchin,https://www.nrl.com/draw/nrl-premiership/2021/round-20/bulldogs-v-titans/
20211112080,2021,20,Round 20,False,2021-08-02T10:05:00Z,Suncorp Stadium,Brisbane,Sharks,Sea Eagles,22,40,10,16,FullTime,4800,0,Good,Fine,Gerard Sutton,https://www.nrl.com/draw/nrl-premiership/2021/round-20/sharks-v-sea-eagles/
20211112110,2021,21,Round 21,False,2021-08-05T09:50:00Z,Suncorp Stadium,Brisbane,Knights,Broncos,28,20,12,8,FullTime,4800,0,Good,Fine,Grant Atkins,https://www.nrl.com/draw/nrl-premiership/2021/round-21/knights-v-broncos/
20211112120,2021,21,Round 21,False,2021-08-06T08:00:00Z,Cbus Super Stadium,Gold Coast,Raiders,Dragons,20,12,12,12,FullTime,4800,0,Good,Fine,Chris Sutton,https://www.nrl.com/draw/nrl-premiership/2021/round-21/raiders-v-dragons/
20211112130,2021,21,Round 21,False,2021-08-06T10:05:00Z,Cbus Super Stadium,Gold Coast,Eels,Rabbitohs,12,40,0,14,FullTime,4800,0,Good,Fine,Ashley Klein,https://www.nrl.com/draw/nrl-premiership/2021/round-21/eels-v-rabbitohs/
20211112140,2021,21,Round 21,False,2021-08-07T05:00:00Z,Cbus Super Stadium,Gold Coast,Warriors,Sharks,18,16,6,16,FullTime,4800,0,Good,Fine,Matt Cecchin,https://www.nrl.com/draw/nrl-premiership/2021/round-21/warriors-v-sharks/
20211112150,2021,21,Round 21,False,2021-08-07T07:30:00Z,Suncorp Stadium,Brisbane,Roosters,Panthers,14,20,6,14,FullTime,4800,0,Good,Fine,Gerard Sutton,https://www.nrl.com/draw/nrl-premiership/2021/round-21/roosters-v-panthers/
20211112160,2021,21,Round 21,False,2021-08-07T09:35:00Z,Suncorp Stadium,Brisbane,Sea Eagles,Storm,18,28,8,8,FullTime,4800,0,Good,Fine,Adam Gee,https://www.nrl.com/draw/nrl-premiership/2021/round-21/sea-eagles-v-storm/
20211112170,2021,21,Round 21,False,2021-08-08T03:50:00Z,Cbus Super Stadium,Gold Coast,Bulldogs,Wests Tigers,16,28,12,18,FullTime,4800,0,Good,Fine,Chris Butler,https://www.nrl.com/draw/nrl-premiership/2021/round-21/bulldogs-v-wests-tigers/
20211112180,2021,21,Round 21,False,2021-08-08T06:05:00Z,Cbus Super Stadium,Gold Coast,Titans,Cowboys,36,14,14,4,FullTime,4800,0,Good,Fine,Ben Cummins,https://www.nrl.com/draw/nrl-premiership/2021/round-21/titans-v-cowboys/
20211112210,2021,22,Round 22,False,2021-08-12T09:50:00Z,Sunshine Coast Stadium,Sunshine Coast,Storm,Raiders,26,16,20,4,FullTime,4800,2523,Good,Fine,Gerard Sutton,https://www.nrl.com/draw/nrl-premiership/2021/round-22/storm-v-raiders/
20211112220,2021,22,Round 22,False,2021-08-13T08:00:00Z,Suncorp Stadium,Brisbane,Dragons,Panthers,16,34,6,16,FullTime,4800,6653,Fair,Fine,Ben Cummins,https://www.nrl.com/draw/nrl-premiership/2021/round-22/dragons-v-panthers/
20211112230,2021,22,Round 22,False,2021-08-13T10:05:00Z,Suncorp Stadium,Brisbane,Broncos,Roosters,20,21,12,12,FullTime,4800,14314,Good,Fine,Ashley Klein,https://www.nrl.com/draw/nrl-premiership/2021/round-22/broncos-v-roosters/
20211112240,2021,22,Round 22,False,2021-08-14T05:00:00Z,Cbus Super Stadium,Gold Coast,Rabbitohs,Titans,36,6,24,0,FullTime,4800,4117,Good,Showers,Adam Gee,https://www.nrl.com/draw/nrl-premiership/2021/round-22/rabbitohs-v-titans/
20211112250,2021,22,Round 22,False,2021-08-14T07:30:00Z,Queensland Country Bank Stadium,Townsville,Cowboys,Wests Tigers,16,24,6,12,FullTime,4800,12663,Good,Fine,Chris Sutton,https://www.nrl.com/draw/nrl-premiership/2021/round-22/cowboys-v-wests-tigers/
20211112260,2021,22,Round 22,False,2021-08-14T09:35:00Z,Sunshine Coast Stadium,Sunshine Coast,Sea Eagles,Eels,56,10,26,4,FullTime,4800,3613,Good,Fine,Grant Atkins,https://www.nrl.com/draw/nrl-premiership/2021/round-22/sea-eagles-v-eels/
20211112270,2021,22,Round 22,False,2021-08-15T03:50:00Z,Moreton Daily Stadium,Redcliffe,Warriors,Bulldogs,24,10,16,10,FullTime,4800,3332,Good,Fine,Peter Gough,https://www.nrl.com/draw/nrl-premiership/2021/round-22/warriors-v-bulldogs/
20211112280,2021,22,Round 22,False,2021-08-15T06:00:00Z,Kayo Stadium,Redcliffe,Sharks,Knights,14,16,12,8,FullTime,4800,3954,Good,Fine,Matt Cecchin,https://www.nrl.com/draw/nrl-premiership/2021/round-22/sharks-v-knights/
20211112310,2021,23,Round 23,False,2021-08-19T09:50:00Z,Cbus Super Stadium,Gold Coast,Titans,Storm,20,34,16,12,FullTime,4800,8288,Good,Fine,Ben Cummins,https://www.nrl.com/draw/nrl-premiership/2021/round-23/titans-v-storm/
20211112320,2021,23,Round 23,False,2021-08-20T08:00:00Z,Suncorp Stadium,Brisbane,Raiders,Sea Eagles,18,19,12,0,FullTime,4800,6181,Good,Fine,Adam Gee,https://www.nrl.com/draw/nrl-premiership/2021/round-23/raiders-v-sea-eagles/
20211112330,2021,23,Round 23,False,2021-08-20T10:05:00Z,Suncorp Stadium,Brisbane,Panthers,Rabbitohs,25,12,10,12,FullTime,4800,8848,Good,Fine,Grant Atkins,https://www.nrl.com/draw/nrl-premiership/2021/round-23/panthers-v-rabbitohs/
20211112340,2021,23,Round 23,False,2021-08-21T05:00:00Z,Browne Park,Rockhampton,Wests Tigers,Sharks,20,50,4,16,FullTime,4800,2863,Good,Fine,Gerard Sutton,https://www.nrl.com/draw/nrl-premiership/2021/round-23/wests-tigers-v-sharks/
20211112350,2021,23,Round 23,False,2021-08-21T07:30:00Z,Cbus Super Stadium,Gold Coast,Bulldogs,Knights,16,22,0,10,FullTime,4800,2343,Good,Fine,Peter Gough,https://www.nrl.com/draw/nrl-premiership/2021/round-23/bulldogs-v-knights/
20211112360,2021,23,Round 23,False,2021-08-21T09:35:00Z,Cbus Super Stadium,Gold Coast,Eels,Cowboys,32,16,14,6,FullTime,4800,3013,Good,Fine,Ashley Klein,https://www.nrl.com/draw/nrl-premiership/2021/round-23/eels-v-cowboys/
20211112370,2021,23,Round 23,False,2021-08-22T04:00:00Z,Clive Berghofer Stadium,Toowoomba,Dragons,Roosters,22,40,6,14,FullTime,4800,7822,Good,Fine,Chris Sutton,https://www.nrl.com/draw/nrl-premiership/2021/round-23/dragons-v-roosters/
20211112380,2021,23,Round 23,False,2021-08-22T06:05:00Z,Suncorp Stadium,Brisbane,Broncos,Warriors,24,22,12,4,FullTime,4800,18252,Good,Fine,Matt Cecchin,https://www.nrl.com/draw/nrl-premiership/2021/round-23/broncos-v-warriors/
20211112410,2021,24,Round 24,False,2021-08-26T09:50:00Z,Sunshine Coast Stadium,Sunshine Coast,Knights,Titans,15,14,6,12,FullTime,4800,2107,Good,Fine,Grant Atkins,https://www.nrl.com/draw/nrl-premiership/2021/round-24/knights-v-titans/
20211112420,2021,24,Round 24,False,2021-08-27T08:00:00Z,BB Print Stadium,Mackay,Warriors,Raiders,16,28,16,6,FullTime,4800,4079,Good,Fine,Ben Cummins,https://www.nrl.com/draw/nrl-premiership/2021/round-24/warriors-v-raiders/
20211112430,2021,24,Round 24,False,2021-08-27T09:55:00Z,Suncorp Stadium,Brisbane,Roosters,Rabbitohs,12,54,6,24,FullTime,4800,5136,Good,Fine,Ashley Klein,https://www.nrl.com/draw/nrl-premiership/2021/round-24/roosters-v-rabbitohs/
20211112440,2021,24,Round 24,False,2021-08-28T05:00:00Z,Browne Park,Rockhampton,Dragons,Cowboys,26,38,20,10,FullTime,4800,4487,Good,Fine,Peter Gough,https://www.nrl.com/draw/nrl-premiership/2021/round-24/dragons-v-cowboys/
20211112450,2021,24,Round 24,False,2021-08-28T07:30:00Z,Suncorp Stadium,Brisbane,Sharks,Broncos,24,16,18,10,FullTime,4800,8618,Good,Fine,Adam Gee,https://www.nrl.com/draw/nrl-premiership/2021/round-24/sharks-v-broncos/
20211112460,2021,24,Round 24,False,2021-08-28T09:35:00Z,Suncorp Stadium,Brisbane,Storm,Eels,10,22,10,10,FullTime,4800,10246,Good,Fine,Gerard Sutton,https://www.nrl.com/draw/nrl-premiership/2021/round-24/storm-v-eels/
20211112470,2021,24,Round 24,False,2021-08-29T03:50:00Z,Moreton Daily Stadium,Redcliffe,Sea Eagles,Bulldogs,36,18,10,12,FullTime,4800,4910,Good,Fine,Chris Sutton,https://www.nrl.com/draw/nrl-premiership/2021/round-24/sea-eagles-v-bulldogs/
20211112480,2021,24,Round 24,False,2021-08-29T06:05:00Z,Kayo Stadium,Redcliffe,Panthers,Wests Tigers,30,16,12,6,FullTime,4800,5351,Good,Fine,Matt Cecchin,https://www.nrl.com/draw/nrl-premiership/2021/round-24/panthers-v-wests-tigers/
20211112510,2021,25,Round 25,False,2021-09-02T09:50:00Z,BB Print Stadium,Mackay,Raiders,Roosters,16,40,12,20,FullTime,4800,3473,Good,Fine,Gerard Sutton,https://www.nrl.com/draw/nrl-premiership/2021/round-25/raiders-v-roosters/
20211112520,2021,25,Round 25,False,2021-09-03T08:00:00Z,Cbus Super Stadium,Gold Coast,Sharks,Storm,16,28,12,12,FullTime,4800,8580,Good,Fine,Grant Atkins,https://www.nrl.com/draw/nrl-premiership/2021/round-25/sharks-v-storm/
20211112530,2021,25,Round 25,False,2021-09-03T10:05:00Z,Cbus Super Stadium,Gold Coast,Eels,Panthers,6,40,6,12,FullTime,4800,8580,Good,Fine,Adam Gee,https://www.nrl.com/draw/nrl-premiership/2021/round-25/eels-v-panthers/
20211112540,2021,25,Round 25,False,2021-09-04T05:00:00Z,Suncorp Stadium,Brisbane,Broncos,Knights,35,22,18,4,FullTime,4800,20747,Good,Fine,Ziggy Przeklasa-Adamski,https://www.nrl.com/draw/nrl-premiership/2021/round-25/broncos-v-knights/
20211112550,2021,25,Round 25,False,2021-09-04T07:30:00Z,Queensland Country Bank Stadium,Townsville,Cowboys,Sea Eagles,18,46,6,18,FullTime,4800,14336,Good,Fine,Ben Cummins,https://www.nrl.com/draw/nrl-premiership/2021/round-25/cowboys-v-sea-eagles/
20211112560,2021,25,Round 25,False,2021-09-04T09:35:00Z,Sunshine Coast Stadium,Sunshine Coast,Rabbitohs,Dragons,20,16,14,0,FullTime,4800,3295,Good,Fine,Matt Cecchin,https://www.nrl.com/draw/nrl-premiership/2021/round-25/rabbitohs-v-dragons/
20211112570,2021,25,Round 25,False,2021-09-05T04:00:00Z,Cbus Super Stadium,Gold Coast,Titans,Warriors,44,0,16,0,FullTime,4800,12532,Good,Fine,Ashley Klein,https://www.nrl.com/draw/nrl-premiership/2021/round-25/titans-v-warriors/
20211112580,2021,25,Round 25,False,2021-09-05T06:05:00Z,Moreton Daily Stadium,Redcliffe,Wests Tigers,Bulldogs,0,38,0,16,FullTime,4800,3104,Good,Showers,Chris Sutton,https://www.nrl.com/draw/nrl-premiership/2021/round-25/wests-tigers-v-bulldogs/
20211112610,2021,26,Finals Week 1,True,2021-09-10T09:50:00Z,Sunshine Coast Stadium,Sunshine Coast,Storm,Sea Eagles,40,12,24,6,FullTime,4800,9120,Good,Fine,Grant Atkins,https://www.nrl.com/draw/nrl-premiership/2021/finals-week-1/storm-v-sea-eagles/
20211112620,2021,26,Finals Week 1,True,2021-09-11T07:40:00Z,Queensland Country Bank Stadium,Townsville,Roosters,Titans,25,24,12,6,FullTime,4800,15237,Good,Fine,Adam Gee,https://www.nrl.com/draw/nrl-premiership/2021/finals-week-1/roosters-v-titans/
20211112630,2021,26,Finals Week 1,True,2021-09-11T09:50:00Z,Queensland Country Bank Stadium,Townsville,Panthers,Rabbitohs,10,16,10,10,FullTime,4800,18244,Good,Fine,Gerard Sutton,https://www.nrl.com/draw/nrl-premiership/2021/finals-week-1/panthers-v-rabbitohs/
20211112640,2021,26,Finals Week 1,True,2021-09-12T06:05:00Z,Browne Park,Rockhampton,Eels,Knights,28,20,16,10,FullTime,4800,5087,Good,Fine,Ashley Klein,https://www.nrl.com/draw/nrl-premiership/2021/finals-week-1/eels-v-knights/
20211112710,2021,27,Finals Week 2,True,2021-09-17T09:50:00Z,BB Print Stadium,Mackay,Sea Eagles,Roosters,42,6,24,6,FullTime,4800,5824,Good,Fine,Gerard Sutton,https://www.nrl.com/draw/nrl-premiership/2021/finals-week-2/sea-eagles-v-roosters/
20211112720,2021,27,Finals Week 2,True,2021-09-18T09:50:00Z,BB Print Stadium,Mackay,Panthers,Eels,8,6,8,6,FullTime,4800,6011,Good,Fine,Ashley Klein,https://www.nrl.com/draw/nrl-premiership/2021/finals-week-2/panthers-v-eels/
20211112810,2021,28,Finals Week 3,True,2021-09-24T10:05:00Z,Suncorp Stadium,Brisbane,Rabbitohs,Sea Eagles,36,16,22,0,FullTime,4800,26249,Good,Fine,Ashley Klein,https://www.nrl.com/draw/nrl-premiership/2021/finals-week-3/rabbitohs-v-sea-eagles/
20211112820,2021,28,Finals Week 3,True,2021-09-25T06:00:00Z,Suncorp Stadium,Brisbane,Storm,Panthers,6,10,0,6,FullTime,4800,29011,Good,Fine,Gerard Sutton,https://www.nrl.com/draw/nrl-premiership/2021/finals-week-3/storm-v-panthers/
20211112910,2021,29,Grand Final,True,2021-10-03T08:30:00Z,Suncorp Stadium,Brisbane,Panthers,Rabbitohs,14,12,8,6,FullTime,4800,39322,Good,Fine,Gerard Sutton,https://www.nrl.com/draw/nrl-premiership/2021/grand-final/panthers-v-rabbitohs/
20221110110,2022,1,Round 1,False,2022-03-10T09:05:00Z,BlueBet Stadium,Penrith,Panthers,Sea Eagles,28,6,12,6,FullTime,4800,16901,Good,Fine,Adam Gee,https://www.nrl.com/draw/nrl-premiership/2022/round-1/panthers-v-sea-eagles/
20221110120,2022,1,Round 1,False,2022-03-11T07:00:00Z,GIO Stadium,Canberra,Raiders,Sharks,24,19,18,6,FullTime,4800,15224,Good,Fine,Ben Cummins,https://www.nrl.com/draw/nrl-premiership/2022/round-1/raiders-v-sharks/
20221110130,2022,1,Round 1,False,2022-03-11T09:05:00Z,Suncorp Stadium,Brisbane,Broncos,Rabbitohs,11,4,6,4,FullTime,4800,32002,Good,Fine,Ashley Klein,https://www.nrl.com/draw/nrl-premiership/2022/round-1/broncos-v-rabbitohs/
20221110140,2022,1,Round 1,False,2022-03-12T04:00:00Z,Sydney Cricket Ground,Sydney,Roosters,Knights,6,20,2,10,FullTime,4800,14710,Good,Fine,Gerard Sutton,https://www.nrl.com/draw/nrl-premiership/2022/round-1/roosters-v-knights/
20221110150,2022,1,Round 1,False,2022-03-12T06:30:00Z,Sunshine Coast Stadium,Sunshine Coast,Warriors,Dragons,16,28,10,14,FullTime,4800,5382,Good,Fine,Peter Gough,https://www.nrl.com/draw/nrl-premiership/2022/round-1/warriors-v-dragons/
20221110160,2022,1,Round 1,False,2022-03-12T08:35:00Z,CommBank Stadium,Sydney,Wests Tigers,Storm,16,26,10,4,FullTime,4800,10025,Good,Fine,Chris Sutton,https://www.nrl.com/draw/nrl-premiership/2022/round-1/wests-tigers-v-storm/
20221110170,2022,1,Round 1,False,2022-03-13T05:05:00Z,CommBank Stadium,Sydney,Eels,Titans,32,28,26,22,FullTime,4800,18211,Good,Fine,Grant Atkins,https://www.nrl.com/draw/nrl-premiership/2022/round-1/eels-v-titans/
20221110180,2022,1,Round 1,False,2022-03-13T07:15:00Z,Queensland Country Bank Stadium,Townsville,Cowboys,Bulldogs,4,6,4,0,FullTime,4800,12640,Good,Fine,Ben Cummins,https://www.nrl.com/draw/nrl-premiership/2022/round-1/cowboys-v-bulldogs/
20221110210,2022,2,Round 2,False,2022-03-17T09:05:00Z,AAMI Park,Melbourne,Storm,Rabbitohs,15,14,14,0,FullTime,5040,13269,Good,Fine,Gerard Sutton,https://www.nrl.com/draw/nrl-premiership/2022/round-2/storm-v-rabbitohs/
20221110220,2022,2,Round 2,False,2022-03-18T07:00:00Z,Netstrata Jubilee Stadium,Sydney,Dragons,Panthers,16,20,6,20,FullTime,4800,10057,Good,Fine,Chris Sutton,https://www.nrl.com/draw/nrl-premiership/2022/round-2/dragons-v-panthers/
20221110230,2022,2,Round 2,False,2022-03-18T09:05:00Z,Sydney Cricket Ground,Sydney,Roosters,Sea Eagles,26,12,22,0,FullTime,4800,11872,Good,Fine,Ashley Klein,https://www.nrl.com/draw/nrl-premiership/2022/round-2/roosters-v-sea-eagles/
20221110240,2022,2,Round 2,False,2022-03-19T04:00:00Z,Cbus Super Stadium,Gold Coast,Titans,Warriors,20,18,16,18,FullTime,4800,13481,Good,Fine,Adam Gee,https://www.nrl.com/draw/nrl-premiership/2022/round-2/titans-v-warriors/
20221110250,2022,2,Round 2,False,2022-03-19T06:30:00Z,PointsBet Stadium,Sydney,Sharks,Eels,18,16,8,6,FullTime,4800,11459,Good,Fine,Peter Gough,https://www.nrl.com/draw/nrl-premiership/2022/round-2/sharks-v-eels/
20221110260,2022,2,Round 2,False,2022-03-19T08:35:00Z,Queensland Country Bank Stadium,Townsville,Cowboys,Raiders,26,6,8,6,FullTime,4800,13864,Good,Fine,Grant Atkins,https://www.nrl.com/draw/nrl-premiership/2022/round-2/cowboys-v-raiders/
20221110270,2022,2,Round 2,False,2022-03-20T05:05:00Z,McDonald Jones Stadium,Newcastle,Knights,Wests Tigers,26,4,14,0,FullTime,4800,23214,Good,Fine,Ben Cummins,https://www.nrl.com/draw/nrl-premiership/2022/round-2/knights-v-wests-tigers/
20221110280,2022,2,Round 2,False,2022-03-20T07:15:00Z,Accor Stadium,Sydney,Bulldogs,Broncos,10,16,4,4,FullTime,4800,13453,Good,Fine,Ziggy Przeklasa-Adamski,https://www.nrl.com/draw/nrl-premiership/2022/round-2/bulldogs-v-broncos/
20221110310,2022,3,Round 3,False,2022-03-24T09:05:00Z,WIN Stadium,Wollongong,Dragons,Sharks,12,36,0,18,FullTime,4800,10122,Good,Rain,Gerard Sutton,https://www.nrl.com/draw/nrl-premiership/2022/round-3/dragons-v-sharks/
20221110320,2022,3,Round 3,False,2022-03-25T07:00:00Z,Campbelltown Sports Stadium,Sydney,Wests Tigers,Warriors,12,16,12,14,FullTime,4800,7182,Good,Fine,Ziggy Przeklasa-Adamski,https://www.nrl.com/draw/nrl-premiership/2022/round-3/wests-tigers-v-warriors/
20221110330,2022,3,Round 3,False,2022-03-25T09:05:00Z,Accor Stadium,Sydney,Rabbitohs,Roosters,28,16,12,6,FullTime,4800,18245,Good,Fine,Grant Atkins,https://www.nrl.com/draw/nrl-premiership/2022/round-3/rabbitohs-v-roosters/
20221110340,2022,3,Round 3,False,2022-03-26T04:00:00Z,Carrington Park,Bathurst,Panthers,Knights,38,20,12,6,FullTime,4800,11253,Good,Fine,Peter Gough,https://www.nrl.com/draw/nrl-premiership/2022/round-3/panthers-v-knights/
20221110350,2022,3,Round 3,False,2022-03-26T06:30:00Z,AAMI Park,Melbourne,Storm,Eels,24,28,12,12,FullTime,4980,15691,Good,Fine,Ashley Klein,https://www.nrl.com/draw/nrl-premiership/2022/round-3/storm-v-eels/
20221110360,2022,3,Round 3,False,2022-03-26T08:35:00Z,GIO Stadium,Canberra,Raiders,Titans,24,22,4,22,FullTime,4800,11457,Good,Fine,Chris Sutton,https://www.nrl.com/draw/nrl-premiership/2022/round-3/raiders-v-titans/
20221110370,2022,3,Round 3,False,2022-03-27T05:05:00Z,Suncorp Stadium,Brisbane,Broncos,Cowboys,12,38,6,14,FullTime,4800,37761,Good,Fine,Adam Gee,https://www.nrl.com/draw/nrl-premiership/2022/round-3/broncos-v-cowboys/
20221110380,2022,3,Round 3,False,2022-03-27T07:15:00Z,4 Pines Park,Sydney,Sea Eagles,Bulldogs,13,12,12,10,FullTime,4800,13261,Good,Rain,Ben Cummins,https://www.nrl.com/draw/nrl-premiership/2022/round-3/sea-eagles-v-bulldogs/
20221110410,2022,4,Round 4,False,2022-03-31T09:05:00Z,Cbus Super Stadium,Gold Coast,Titans,Wests Tigers,8,6,2,2,FullTime,4800,8774,Good,Fine,Grant Atkins,https://www.nrl.com/draw/nrl-premiership/2022/round-4/titans-v-wests-tigers/
20221110420,2022,4,Round 4,False,2022-04-01T07:00:00Z,PointsBet Stadium,Sydney,Sharks,Knights,18,0,8,0,FullTime,4800,8927,Good,Fine,Ben Cummins,https://www.nrl.com/draw/nrl-premiership/2022/round-4/sharks-v-knights/
20221110430,2022,4,Round 4,False,2022-04-01T09:05:00Z,Penrith Park,Penrith,Panthers,Rabbitohs,26,12,12,6,FullTime,4800,20521,Good,Fine,Ashley Klein,https://www.nrl.com/draw/nrl-premiership/2022/round-4/panthers-v-rabbitohs/
20221110440,2022,4,Round 4,False,2022-04-02T04:00:00Z,Kayo Stadium,Redcliffe,Warriors,Broncos,20,6,16,6,FullTime,4800,9620,Good,Fine,Chris Sutton,https://www.nrl.com/draw/nrl-premiership/2022/round-4/warriors-v-broncos/
20221110450,2022,4,Round 4,False,2022-04-02T06:30:00Z,Glen Willow Oval,Mudgee,Sea Eagles,Raiders,25,6,10,6,FullTime,4800,6972,Good,Fine,Ziggy Przeklasa-Adamski,https://www.nrl.com/draw/nrl-premiership/2022/round-4/sea-eagles-v-raiders/
20221110460,2022,4,Round 4,False,2022-04-02T08:35:00Z,Queensland Country Bank Stadium,Townsville,Cowboys,Roosters,4,28,0,20,FullTime,4800,17929,Good,Fine,Gerard Sutton,https://www.nrl.com/draw/nrl-premiership/2022/round-4/cowboys-v-roosters/
20221110470,2022,4,Round 4,False,2022-04-03T06:05:00Z,AAMI Park,Melbourne,Storm,Bulldogs,44,0,16,0,FullTime,4800,13437,Good,Fine,Adam Gee,https://www.nrl.com/draw/nrl-premiership/2022/round-4/storm-v-bulldogs/
20221110480,2022,4,Round 4,False,2022-04-03T08:15:00Z,CommBank Stadium,Sydney,Eels,Dragons,48,14,12,8,FullTime,4800,19711,Good,Fine,Todd Smith,https://www.nrl.com/draw/nrl-premiership/2022/round-4/eels-v-dragons/
20221110510,2022,5,Round 5,False,2022-04-07T09:50:00Z,McDonald Jones Stadium,Newcastle,Knights,Sea Eagles,6,30,0,10,FullTime,4800,9472,Good,Fine,Ashley Klein,https://www.nrl.com/draw/nrl-premiership/2022/round-5/knights-v-sea-eagles/
20221110520,2022,5,Round 5,False,2022-04-08T08:00:00Z,Kayo Stadium,Redcliffe,Warriors,Cowboys,25,24,12,18,FullTime,5040,6254,Good,Fine,Todd Smith,https://www.nrl.com/draw/nrl-premiership/2022/round-5/warriors-v-cowboys/
20221110530,2022,5,Round 5,False,2022-04-08T09:55:00Z,Suncorp Stadium,Brisbane,Broncos,Roosters,20,24,10,0,FullTime,4800,23508,Good,Fine,Grant Atkins,https://www.nrl.com/draw/nrl-premiership/2022/round-5/broncos-v-roosters/
20221110540,2022,5,Round 5,False,2022-04-09T05:00:00Z,McDonalds Park,Wagga Wagga,Raiders,Storm,16,30,8,18,FullTime,4800,8133,Good,Fine,Gerard Sutton,https://www.nrl.com/draw/nrl-premiership/2022/round-5/raiders-v-storm/
20221110550,2022,5,Round 5,False,2022-04-09T07:30:00Z,Accor Stadium,Sydney,Rabbitohs,Dragons,24,12,10,0,FullTime,4800,11332,Good,Fine,Ben Cummins,https://www.nrl.com/draw/nrl-premiership/2022/round-5/rabbitohs-v-dragons/
20221110560,2022,5,Round 5,False,2022-04-09T09:35:00Z,Cbus Super Stadium,Gold Coast,Titans,Eels,20,26,0,14,FullTime,4800,14478,Good,Fine,Peter Gough,https://www.nrl.com/draw/nrl-premiership/2022/round-5/titans-v-eels/
20221110570,2022,5,Round 5,False,2022-04-10T06:05:00Z,PointsBet Stadium,Sydney,Sharks,Wests Tigers,30,4,14,0,FullTime,4800,11500,Good,Fine,Adam Gee,https://www.nrl.com/draw/nrl-premiership/2022/round-5/sharks-v-wests-tigers/
20221110580,2022,5,Round 5,False,2022-04-10T08:15:00Z,CommBank Stadium,Sydney,Bulldogs,Panthers,12,32,6,20,FullTime,4800,11157,Good,Fine,Chris Butler,https://www.nrl.com/draw/nrl-premiership/2022/round-5/bulldogs-v-panthers/
20221110610,2022,6,Round 6,False,2022-04-14T09:50:00Z,GIO Stadium,Canberra,Raiders,Cowboys,12,18,12,0,FullTime,4800,11854,Good,Fine,Ashley Klein,https://www.nrl.com/draw/nrl-premiership/2022/round-6/raiders-v-cowboys/
20221110620,2022,6,Round 6,False,2022-04-15T06:00:00Z,Accor Stadium,Sydney,Rabbitohs,Bulldogs,36,16,18,6,FullTime,4800,30194,Good,Fine,Gerard Sutton,https://www.nrl.com/draw/nrl-premiership/2022/round-6/rabbitohs-v-bulldogs/
20221110630,2022,6,Round 6,False,2022-04-15T09:55:00Z,Penrith Park,Penrith,Panthers,Broncos,40,12,12,6,FullTime,4800,19406,Good,Fine,Adam Gee,https://www.nrl.com/draw/nrl-premiership/2022/round-6/panthers-v-broncos/
20221110640,2022,6,Round 6,False,2022-04-16T07:30:00Z,4 Pines Park,Sydney,Sea Eagles,Titans,26,18,24,4,FullTime,4800,16220,Good,Fine,Todd Smith,https://www.nrl.com/draw/nrl-premiership/2022/round-6/sea-eagles-v-titans/
20221110650,2022,6,Round 6,False,2022-04-16T09:35:00Z,AAMI Park,Melbourne,Storm,Sharks,34,18,12,8,FullTime,4800,16286,Good,Fine,Grant Atkins,https://www.nrl.com/draw/nrl-premiership/2022/round-6/storm-v-sharks/
20221110660,2022,6,Round 6,False,2022-04-17T04:00:00Z,Sydney Cricket Ground,Sydney,Roosters,Warriors,22,14,6,8,FullTime,4800,11217,Good,Fine,Ziggy Przeklasa-Adamski,https://www.nrl.com/draw/nrl-premiership/2022/round-6/roosters-v-warriors/
20221110670,2022,6,Round 6,False,2022-04-17T06:05:00Z,WIN Stadium,Wollongong,Dragons,Knights,21,16,8,4,FullTime,4800,11113,Good,Fine,Ben Cummins,https://www.nrl.com/draw/nrl-premiership/2022/round-6/dragons-v-knights/
20221110680,2022,6,Round 6,False,2022-04-18T06:00:00Z,CommBank Stadium,Sydney,Eels,Wests Tigers,20,21,10,14,FullTime,4800,28366,Good,Fine,Chris Butler,https://www.nrl.com/draw/nrl-premiership/2022/round-6/eels-v-wests-tigers/
20221110710,2022,7,Round 7,False,2022-04-21T09:50:00Z,PointsBet Stadium,Sydney,Sharks,Sea Eagles,34,22,32,0,FullTime,4800,9611,Good,Fine,Gerard Sutton,https://www.nrl.com/draw/nrl-premiership/2022/round-7/sharks-v-sea-eagles/
20221110720,2022,7,Round 7,False,2022-04-22T09:55:00Z,Suncorp Stadium,Brisbane,Broncos,Bulldogs,34,14,6,10,FullTime,4800,23243,Good,Fine,Peter Gough,https://www.nrl.com/draw/nrl-premiership/2022/round-7/broncos-v-bulldogs/
20221110730,2022,7,Round 7,False,2022-04-23T07:30:00Z,Queensland Country Bank Stadium,Townsville,Cowboys,Titans,30,4,16,4,FullTime,4800,14547,Good,Fine,Chris Butler,https://www.nrl.com/draw/nrl-premiership/2022/round-7/cowboys-v-titans/
20221110740,2022,7,Round 7,False,2022-04-23T09:35:00Z,CommBank Stadium,Sydney,Wests Tigers,Rabbitohs,23,22,12,10,FullTime,4800,14251,Good,Fine,Ziggy Przeklasa-Adamski,https://www.nrl.com/draw/nrl-premiership/2022/round-7/wests-tigers-v-rabbitohs/
20221110750,2022,7,Round 7,False,2022-04-24T04:00:00Z,McDonald Jones Stadium,Newcastle,Knights,Eels,2,39,2,14,FullTime,4800,25169,Good,Fine,Ashley Klein,https://www.nrl.com/draw/nrl-premiership/2022/round-7/knights-v-eels/
20221110760,2022,7,Round 7,False,2022-04-24T06:05:00Z,BlueBet Stadium,Penrith,Panthers,Raiders,36,6,14,6,FullTime,4800,20612,Good,Fine,Grant Atkins,https://www.nrl.com/draw/nrl-premiership/2022/round-7/panthers-v-raiders/
20221110770,2022,7,Round 7,False,2022-04-25T06:00:00Z,Sydney Cricket Ground,Sydney,Dragons,Roosters,14,12,14,0,FullTime,4800,35273,Good,Fine,Adam Gee,https://www.nrl.com/draw/nrl-premiership/2022/round-7/dragons-v-roosters/
20221110780,2022,7,Round 7,False,2022-04-25T09:00:00Z,AAMI Park,Melbourne,Storm,Warriors,70,10,16,10,FullTime,4800,22696,Good,Fine,Chris Sutton,https://www.nrl.com/draw/nrl-premiership/2022/round-7/storm-v-warriors/
20221110810,2022,8,Round 8,False,2022-04-28T09:50:00Z,Suncorp Stadium,Brisbane,Broncos,Sharks,16,7,6,7,FullTime,4800,16740,Good,Fine,Ashley Klein,https://www.nrl.com/draw/nrl-premiership/2022/round-8/broncos-v-sharks/
20221110820,2022,8,Round 8,False,2022-04-29T08:00:00Z,Cbus Super Stadium,Gold Coast,Titans,Panthers,4,18,4,0,FullTime,4800,14102,Good,Fine,Peter Gough,https://www.nrl.com/draw/nrl-premiership/2022/round-8/titans-v-panthers/
20221110830,2022,8,Round 8,False,2022-04-29T09:55:00Z,Industree Group Stadium,Gosford,Rabbitohs,Sea Eagles,40,22,18,16,FullTime,4800,17284,Good,Fine,Grant Atkins,https://www.nrl.com/draw/nrl-premiership/2022/round-8/rabbitohs-v-sea-eagles/
20221110840,2022,8,Round 8,False,2022-04-30T05:00:00Z,Kayo Stadium,Redcliffe,Warriors,Raiders,21,20,12,20,FullTime,4980,6326,Good,Fine,Chris Butler,https://www.nrl.com/draw/nrl-premiership/2022/round-8/warriors-v-raiders/
20221110850,2022,8,Round 8,False,2022-04-30T07:30:00Z,Accor Stadium,Sydney,Bulldogs,Roosters,16,12,10,4,FullTime,4800,9544,Good,Fine,Ben Cummins,https://www.nrl.com/draw/nrl-premiership/2022/round-8/bulldogs-v-roosters/
20221110860,2022,8,Round 8,False,2022-04-30T09:35:00Z,TIO Stadium,Darwin,Eels,Cowboys,4,35,0,15,FullTime,4800,10017,Good,,Todd Smith,https://www.nrl.com/draw/nrl-premiership/2022/round-8/eels-v-cowboys/
20221110870,2022,8,Round 8,False,2022-05-01T04:00:00Z,McDonald Jones Stadium,Newcastle,Knights,Storm,2,50,2,26,FullTime,4800,15895,Good,Fine,Liam Kennedy,https://www.nrl.com/draw/nrl-premiership/2022/round-8/knights-v-storm/
20221110880,2022,8,Round 8,False,2022-05-01T06:05:00Z,WIN Stadium,Wollongong,Dragons,Wests Tigers,12,6,0,2,FullTime,4800,26110,Good,Fine,Gerard Sutton,https://www.nrl.com/draw/nrl-premiership/2022/round-8/dragons-v-wests-tigers/
20221110910,2022,9,Round 9,False,2022-05-05T09:50:00Z,Accor Stadium,Sydney,Rabbitohs,Broncos,12,32,6,12,FullTime,4800,9242,Good,Fine,Grant Atkins,https://www.nrl.com/draw/nrl-premiership/2022/round-9/rabbitohs-v-broncos/
20221110920,2022,9,Round 9,False,2022-05-06T08:00:00Z,GIO Stadium,Canberra,Raiders,Bulldogs,14,4,10,0,FullTime,4800,12890,Good,Fine,Ben Cummins,https://www.nrl.com/draw/nrl-premiership/2022/round-9/raiders-v-bulldogs/
20221110930,2022,9,Round 9,False,2022-05-06T09:55:00Z,BlueBet Stadium,Penrith,Panthers,Eels,20,22,10,10,FullTime,4800,21348,Good,Fine,Gerard Sutton,https://www.nrl.com/draw/nrl-premiership/2022/round-9/panthers-v-eels/
20221110940,2022,9,Round 9,False,2022-05-07T05:00:00Z,4 Pines Park,Sydney,Sea Eagles,Wests Tigers,36,22,14,0,FullTime,4800,17385,Good,Fine,Adam Gee,https://www.nrl.com/draw/nrl-premiership/2022/round-9/sea-eagles-v-wests-tigers/
20221110950,2022,9,Round 9,False,2022-05-07T07:30:00Z,BB Print Stadium,Mackay,Roosters,Titans,44,16,24,10,FullTime,4800,5527,Fair,,Chris Butler,https://www.nrl.com/draw/nrl-premiership/2022/round-9/roosters-v-titans/
20221110960,2022,9,Round 9,False,2022-05-07T09:35:00Z,Queensland Country Bank Stadium,Townsville,Cowboys,Knights,36,16,12,16,FullTime,4800,14463,Good,Fine,Liam Kennedy,https://www.nrl.com/draw/nrl-premiership/2022/round-9/cowboys-v-knights/
20221110970,2022,9,Round 9,False,2022-05-08T04:00:00Z,AAMI Park,Melbourne,Storm,Dragons,42,6,12,0,FullTime,4800,11723,Good,Fine,Peter Gough,https://www.nrl.com/draw/nrl-premiership/2022/round-9/storm-v-dragons/
20221110980,2022,9,Round 9,False,2022-05-08T06:05:00Z,PointsBet Stadium,Sydney,Sharks,Warriors,29,10,12,10,FullTime,4800,9915,Good,Fine,Todd Smith,https://www.nrl.com/draw/nrl-premiership/2022/round-9/sharks-v-warriors/
20221111010,2022,10,Round 10,False,2022-05-13T08:00:00Z,Suncorp Stadium,Brisbane,Bulldogs,Knights,6,16,6,6,FullTime,4800,30220,Good,Fine,Peter Gough,https://www.nrl.com/draw/nrl-premiership/2022/round-10/bulldogs-v-knights/
20221111020,2022,10,Round 10,False,2022-05-13T10:05:00Z,Suncorp Stadium,Brisbane,Sea Eagles,Broncos,0,38,0,14,FullTime,4800,40267,Good,Fine,Grant Atkins,https://www.nrl.com/draw/nrl-premiership/2022/round-10/sea-eagles-v-broncos/
20221111030,2022,10,Round 10,False,2022-05-14T05:00:00Z,Suncorp Stadium,Brisbane,Warriors,Rabbitohs,30,32,6,26,FullTime,4800,30503,Good,Rain,Ben Cummins,https://www.nrl.com/draw/nrl-premiership/2022/round-10/warriors-v-rabbitohs/
20221111040,2022,10,Round 10,False,2022-05-14T07:30:00Z,Suncorp Stadium,Brisbane,Titans,Dragons,20,16,10,4,FullTime,5400,41593,Fair,Rain,Todd Smith,https://www.nrl.com/draw/nrl-premiership/2022/round-10/titans-v-dragons/
20221111050,2022,10,Round 10,False,2022-05-14T09:45:00Z,Suncorp Stadium,Brisbane,Storm,Panthers,6,32,6,20,FullTime,4800,46454,Fair,Rain,Ashley Klein,https://www.nrl.com/draw/nrl-premiership/2022/round-10/storm-v-panthers/
20221111060,2022,10,Round 10,False,2022-05-15T03:50:00Z,Suncorp Stadium,Brisbane,Sharks,Raiders,10,30,0,20,FullTime,4800,30453,Fair,,Liam Kennedy,https://www.nrl.com/draw/nrl-premiership/2022/round-10/sharks-v-raiders/
20221111070,2022,10,Round 10,False,2022-05-15T06:05:00Z,Suncorp Stadium,Brisbane,Roosters,Eels,31,24,21,6,FullTime,4800,43401,Fair,,Adam Gee,https://www.nrl.com/draw/nrl-premiership/2022/round-10/roosters-v-eels/
20221111080,2022,10,Round 10,False,2022-05-15T08:25:00Z,Suncorp Stadium,Brisbane,Wests Tigers,Cowboys,12,36,12,20,FullTime,4800,43401,Fair,,Gerard Sutton,https://www.nrl.com/draw/nrl-premiership/2022/round-10/wests-tigers-v-cowboys/
20221111110,2022,11,Round 11,False,2022-05-19T09:50:00Z,McDonald Jones Stadium,Newcastle,Knights,Broncos,12,36,6,6,FullTime,4800,13312,Good,Fine,Adam Gee,https://www.nrl.com/draw/nrl-premiership/2022/round-11/knights-v-broncos/
20221111120,2022,11,Round 11,False,2022-05-20T08:00:00Z,Leichhardt Oval,Sydney,Wests Tigers,Bulldogs,36,22,18,0,FullTime,4800,15124,Slippery,,Ziggy Przeklasa-Adamski,https://www.nrl.com/draw/nrl-premiership/2022/round-11/wests-tigers-v-bulldogs/
20221111130,2022,11,Round 11,False,2022-05-20T09:55:00Z,CommBank Stadium,Sydney,Eels,Sea Eagles,22,20,10,12,FullTime,4800,18878,Slippery,Rain,Ben Cummins,https://www.nrl.com/draw/nrl-premiership/2022/round-11/eels-v-sea-eagles/
20221111140,2022,11,Round 11,False,2022-05-21T05:00:00Z,Netstrata Jubilee Stadium,Sydney,Dragons,Warriors,24,18,12,14,FullTime,4800,7147,Good,Fine,Chris Sutton,https://www.nrl.com/draw/nrl-premiership/2022/round-11/dragons-v-warriors/
20221111150,2022,11,Round 11,False,2022-05-21T07:30:00Z,Queensland Country Bank Stadium,Townsville,Cowboys,Storm,36,6,12,6,FullTime,4800,22728,Good,Fine,Grant Atkins,https://www.nrl.com/draw/nrl-premiership/2022/round-11/cowboys-v-storm/
20221111160,2022,11,Round 11,False,2022-05-21T09:35:00Z,Sydney Cricket Ground,Sydney,Roosters,Panthers,12,32,0,18,FullTime,4800,14482,Good,Fine,Gerard Sutton,https://www.nrl.com/draw/nrl-premiership/2022/round-11/roosters-v-panthers/
20221111170,2022,11,Round 11,False,2022-05-22T04:00:00Z,Apex Oval,Dubbo,Rabbitohs,Raiders,12,32,0,20,FullTime,4800,11124,Good,Fine,Peter Gough,https://www.nrl.com/draw/nrl-premiership/2022/round-11/rabbitohs-v-raiders/
20221111180,2022,11,Round 11,False,2022-05-22T06:05:00Z,Cbus Super Stadium,Gold Coast,Titans,Sharks,18,25,6,6,FullTime,4800,9882,Good,Rain,Ashley Klein,https://www.nrl.com/draw/nrl-premiership/2022/round-11/titans-v-sharks/
20221111210,2022,12,Round 12,False,2022-05-26T09:50:00Z,AAMI Park,Melbourne,Storm,Sea Eagles,28,8,12,4,FullTime,4800,10168,Good,Fine,Adam Gee,https://www.nrl.com/draw/nrl-premiership/2022/round-12/storm-v-sea-eagles/
20221111220,2022,12,Round 12,False,2022-05-27T08:00:00Z,BlueBet Stadium,Penrith,Panthers,Cowboys,22,0,16,0,FullTime,4800,17125,Good,Fine,Ashley Klein,https://www.nrl.com/draw/nrl-premiership/2022/round-12/panthers-v-cowboys/
20221111230,2022,12,Round 12,False,2022-05-27T09:55:00Z,Suncorp Stadium,Brisbane,Broncos,Titans,35,24,4,24,FullTime,4800,32864,Good,Fine,Gerard Sutton,https://www.nrl.com/draw/nrl-premiership/2022/round-12/broncos-v-titans/
20221111240,2022,12,Round 12,False,2022-05-28T05:00:00Z,Kayo Stadium,Redcliffe,Warriors,Knights,16,24,12,12,FullTime,4800,4265,Good,Fine,Peter Gough,https://www.nrl.com/draw/nrl-premiership/2022/round-12/warriors-v-knights/
20221111250,2022,12,Round 12,False,2022-05-28T07:30:00Z,Accor Stadium,Sydney,Rabbitohs,Wests Tigers,44,18,12,18,FullTime,4800,13585,Good,Fine,Chris Sutton,https://www.nrl.com/draw/nrl-premiership/2022/round-12/rabbitohs-v-wests-tigers/
20221111260,2022,12,Round 12,False,2022-05-28T09:35:00Z,PointsBet Stadium,Sydney,Sharks,Roosters,16,36,0,20,FullTime,4800,11500,Good,Fine,Grant Atkins,https://www.nrl.com/draw/nrl-premiership/2022/round-12/sharks-v-roosters/
20221111270,2022,12,Round 12,False,2022-05-29T04:00:00Z,Belmore Sports Ground,Sydney,Bulldogs,Dragons,24,34,6,16,FullTime,4800,16991,Good,Fine,Ben Cummins,https://www.nrl.com/draw/nrl-premiership/2022/round-12/bulldogs-v-dragons/
20221111280,2022,12,Round 12,False,2022-05-29T06:05:00Z,GIO Stadium,Canberra,Raiders,Eels,20,28,18,16,FullTime,4800,16244,Good,Fine,Todd Smith,https://www.nrl.com/draw/nrl-premiership/2022/round-12/raiders-v-eels/
20221111310,2022,13,Round 13,False,2022-06-02T09:50:00Z,Cbus Super Stadium,Gold Coast,Titans,Cowboys,6,32,6,16,FullTime,4800,10334,Good,Fine,Gerard Sutton,https://www.nrl.com/draw/nrl-premiership/2022/round-13/titans-v-cowboys/
20221111320,2022,13,Round 13,False,2022-06-03T09:55:00Z,BlueBet Stadium,Penrith,Panthers,Bulldogs,30,18,22,6,FullTime,4800,16906,Good,Fine,Todd Smith,https://www.nrl.com/draw/nrl-premiership/2022/round-13/panthers-v-bulldogs/
20221111330,2022,13,Round 13,False,2022-06-04T09:35:00Z,4 Pines Park,Sydney,Sea Eagles,Warriors,44,12,24,0,FullTime,4800,9248,Good,Fine,Grant Atkins,https://www.nrl.com/draw/nrl-premiership/2022/round-13/sea-eagles-v-warriors/
20221111340,2022,13,Round 13,False,2022-06-05T06:05:00Z,GIO Stadium,Canberra,Raiders,Roosters,22,16,12,6,FullTime,4800,6492,Good,Fine,Adam Gee,https://www.nrl.com/draw/nrl-premiership/2022/round-13/raiders-v-roosters/
20221111410,2022,14,Round 14,False,2022-06-10T09:55:00Z,Queensland Country Bank Stadium,Townsville,Cowboys,Dragons,31,12,20,6,FullTime,4800,14683,Good,Fine,Todd Smith,https://www.nrl.com/draw/nrl-premiership/2022/round-14/cowboys-v-dragons/
20221111420,2022,14,Round 14,False,2022-06-11T05:00:00Z,Cbus Super Stadium,Gold Coast,Titans,Rabbitohs,16,30,4,12,FullTime,4800,14290,Good,Fine,Adam Gee,https://www.nrl.com/draw/nrl-premiership/2022/round-14/titans-v-rabbitohs/
20221111430,2022,14,Round 14,False,2022-06-11T07:30:00Z,Sydney Cricket Ground,Sydney,Roosters,Storm,18,26,12,10,FullTime,4800,12925,Good,Fine,Gerard Sutton,https://www.nrl.com/draw/nrl-premiership/2022/round-14/roosters-v-storm/
20221111440,2022,14,Round 14,False,2022-06-11T09:35:00Z,Suncorp Stadium,Brisbane,Broncos,Raiders,24,18,16,18,FullTime,4800,28142,Good,Fine,Grant Atkins,https://www.nrl.com/draw/nrl-premiership/2022/round-14/broncos-v-raiders/
20221111450,2022,14,Round 14,False,2022-06-12T04:00:00Z,Campbelltown Sports Stadium,Sydney,Wests Tigers,Sea Eagles,4,30,4,6,FullTime,4800,10231,Good,Fine,Peter Gough,https://www.nrl.com/draw/nrl-premiership/2022/round-14/wests-tigers-v-sea-eagles/
20221111460,2022,14,Round 14,False,2022-06-12T06:05:00Z,McDonald Jones Stadium,Newcastle,Knights,Panthers,6,42,0,26,FullTime,4800,21332,Good,Fine,Ben Cummins,https://www.nrl.com/draw/nrl-premiership/2022/round-14/knights-v-panthers/
20221111470,2022,14,Round 14,False,2022-06-12T08:15:00Z,Kayo Stadium,Redcliffe,Warriors,Sharks,16,38,12,24,FullTime,4800,3560,Good,Fine,Chris Sutton,https://www.nrl.com/draw/nrl-premiership/2022/round-14/warriors-v-sharks/
20221111480,2022,14,Round 14,False,2022-06-13T06:00:00Z,Accor Stadium,Sydney,Bulldogs,Eels,34,4,16,0,FullTime,4800,20184,Good,Fine,Ashley Klein,https://www.nrl.com/draw/nrl-premiership/2022/round-14/bulldogs-v-eels/
20221111510,2022,15,Round 15,False,2022-06-16T09:50:00Z,WIN Stadium,Wollongong,Dragons,Rabbitohs,32,12,32,0,FullTime,4800,11257,Good,Fine,Grant Atkins,https://www.nrl.com/draw/nrl-premiership/2022/round-15/dragons-v-rabbitohs/
20221111520,2022,15,Round 15,False,2022-06-17T08:00:00Z,4 Pines Park,Sydney,Sea Eagles,Cowboys,26,28,10,6,FullTime,4800,9226,Good,Fine,Gerard Sutton,https://www.nrl.com/draw/nrl-premiership/2022/round-15/sea-eagles-v-cowboys/
20221111530,2022,15,Round 15,False,2022-06-17T09:55:00Z,AAMI Park,Melbourne,Storm,Broncos,32,20,16,16,FullTime,4800,18586,Good,Fine,Adam Gee,https://www.nrl.com/draw/nrl-premiership/2022/round-15/storm-v-broncos/
20221111540,2022,15,Round 15,False,2022-06-18T05:00:00Z,C.ex Coffs International Stadium,Coffs Harbour,Sharks,Titans,18,10,10,10,FullTime,4800,9058,Good,Fine,Chris Sutton,https://www.nrl.com/draw/nrl-premiership/2022/round-15/sharks-v-titans/
20221111550,2022,15,Round 15,False,2022-06-18T07:30:00Z,Kayo Stadium,Redcliffe,Warriors,Panthers,6,40,0,18,FullTime,4800,8127,Good,Fine,Peter Gough,https://www.nrl.com/draw/nrl-premiership/2022/round-15/warriors-v-panthers/
20221111560,2022,15,Round 15,False,2022-06-18T09:35:00Z,CommBank Stadium,Sydney,Eels,Roosters,26,16,26,12,FullTime,4800,21757,Good,Fine,Todd Smith,https://www.nrl.com/draw/nrl-premiership/2022/round-15/eels-v-roosters/
20221111570,2022,15,Round 15,False,2022-06-19T04:00:00Z,GIO Stadium,Canberra,Raiders,Knights,20,18,14,6,FullTime,4800,12457,Good,Fine,Ashley Klein,https://www.nrl.com/draw/nrl-premiership/2022/round-15/raiders-v-knights/
20221111580,2022,15,Round 15,False,2022-06-19T06:05:00Z,CommBank Stadium,Sydney,Bulldogs,Wests Tigers,36,12,12,6,FullTime,4800,14806,Good,Fine,Ben Cummins,https://www.nrl.com/draw/nrl-premiership/2022/round-15/bulldogs-v-wests-tigers/
20221111610,2022,16,Round 16,False,2022-06-30T09:50:00Z,4 Pines Park,Sydney,Sea Eagles,Storm,36,30,18,6,FullTime,4800,8168,Good,,Grant Atkins,https://www.nrl.com/draw/nrl-premiership/2022/round-16/sea-eagles-v-storm/
20221111620,2022,16,Round 16,False,2022-07-01T08:00:00Z,McDonald Jones Stadium,Newcastle,Knights,Titans,38,12,22,0,FullTime,4800,8578,Good,,Chris Butler,https://www.nrl.com/draw/nrl-premiership/2022/round-16/knights-v-titans/
20221111630,2022,16,Round 16,False,2022-07-01T09:55:00Z,BlueBet Stadium,Penrith,Panthers,Roosters,26,18,14,6,FullTime,4800,16725,Good,,Gerard Sutton,https://www.nrl.com/draw/nrl-premiership/2022/round-16/panthers-v-roosters/
20221111640,2022,16,Round 16,False,2022-07-02T05:00:00Z,CommBank Stadium,Sydney,Bulldogs,Sharks,6,18,6,6,FullTime,4800,8837,Heavy,,Ashley Klein,https://www.nrl.com/draw/nrl-premiership/2022/round-16/bulldogs-v-sharks/
20221111650,2022,16,Round 16,False,2022-07-02T07:30:00Z,Queensland Country Bank Stadium,Townsville,Cowboys,Broncos,40,26,10,8,FullTime,4800,23531,Good,,Adam Gee,https://www.nrl.com/draw/nrl-premiership/2022/round-16/cowboys-v-broncos/
20221111660,2022,16,Round 16,False,2022-07-02T09:35:00Z,Accor Stadium,Sydney,Rabbitohs,Eels,30,12,18,6,FullTime,4800,10102,Muddy,,Ben Cummins,https://www.nrl.com/draw/nrl-premiership/2022/round-16/rabbitohs-v-eels/
20221111670,2022,16,Round 16,False,2022-07-03T04:00:00Z,Go Media Stadium,Auckland,Warriors,Wests Tigers,22,2,14,2,FullTime,4800,26009,Good,,Chris Sutton,https://www.nrl.com/draw/nrl-premiership/2022/round-16/warriors-v-wests-tigers/
20221111680,2022,16,Round 16,False,2022-07-03T06:05:00Z,WIN Stadium,Wollongong,Dragons,Raiders,12,10,12,4,FullTime,4800,7069,Slippery,,Peter Gough,https://www.nrl.com/draw/nrl-premiership/2022/round-16/dragons-v-raiders/
20221111710,2022,17,Round 17,False,2022-07-07T09:50:00Z,PointsBet Stadium,Sydney,Sharks,Storm,28,6,20,0,FullTime,4800,7868,Good,,Adam Gee,https://www.nrl.com/draw/nrl-premiership/2022/round-17/sharks-v-storm/
20221111720,2022,17,Round 17,False,2022-07-08T09:55:00Z,McDonald Jones Stadium,Newcastle,Knights,Rabbitohs,28,40,16,24,FullTime,4800,18621,Good,,Todd Smith,https://www.nrl.com/draw/nrl-premiership/2022/round-17/knights-v-rabbitohs/
20221111730,2022,17,Round 17,False,2022-07-09T09:35:00Z,Leichhardt Oval,Sydney,Wests Tigers,Eels,20,28,12,16,FullTime,4800,13214,Good,,Chris Butler,https://www.nrl.com/draw/nrl-premiership/2022/round-17/wests-tigers-v-eels/
20221111740,2022,17,Round 17,False,2022-07-10T06:05:00Z,Suncorp Stadium,Brisbane,Broncos,Dragons,32,18,16,12,FullTime,4800,29234,Good,,Grant Atkins,https://www.nrl.com/draw/nrl-premiership/2022/round-17/broncos-v-dragons/
20221111810,2022,18,Round 18,False,2022-07-15T08:00:00Z,Queensland Country Bank Stadium,Townsville,Cowboys,Sharks,12,26,12,14,FullTime,4800,15982,Good,,Adam Gee,https://www.nrl.com/draw/nrl-premiership/2022/round-18/cowboys-v-sharks/
20221111820,2022,18,Round 18,False,2022-07-15T09:55:00Z,CommBank Stadium,Sydney,Eels,Warriors,28,18,10,6,FullTime,4800,12279,Good,,Todd Smith,https://www.nrl.com/draw/nrl-premiership/2022/round-18/eels-v-warriors/
20221111830,2022,18,Round 18,False,2022-07-16T05:00:00Z,Industree Group Stadium,Gosford,Roosters,Dragons,54,26,12,14,FullTime,4800,15721,Good,,Grant Atkins,https://www.nrl.com/draw/nrl-premiership/2022/round-18/roosters-v-dragons/
20221111840,2022,18,Round 18,False,2022-07-16T07:30:00Z,4 Pines Park,Sydney,Sea Eagles,Knights,42,12,14,6,FullTime,4800,15896,Good,,Gerard Sutton,https://www.nrl.com/draw/nrl-premiership/2022/round-18/sea-eagles-v-knights/
20221111850,2022,18,Round 18,False,2022-07-16T09:35:00Z,Cbus Super Stadium,Gold Coast,Titans,Broncos,12,16,6,6,FullTime,4800,19245,Good,,Chris Sutton,https://www.nrl.com/draw/nrl-premiership/2022/round-18/titans-v-broncos/
20221111860,2022,18,Round 18,False,2022-07-17T04:00:00Z,CommBank Stadium,Sydney,Wests Tigers,Panthers,16,18,10,12,FullTime,4800,11464,Good,,Peter Gough,https://www.nrl.com/draw/nrl-premiership/2022/round-18/wests-tigers-v-panthers/
20221111870,2022,18,Round 18,False,2022-07-17T06:05:00Z,AAMI Park,Melbourne,Storm,Raiders,16,20,6,14,FullTime,4800,16106,Good,,Ashley Klein,https://www.nrl.com/draw/nrl-premiership/2022/round-18/storm-v-raiders/
20221111880,2022,18,Round 18,False,2022-07-17T08:15:00Z,Accor Stadium,Sydney,Bulldogs,Rabbitohs,28,36,10,16,FullTime,4800,19126,Good,,Chris Butler,https://www.nrl.com/draw/nrl-premiership/2022/round-18/bulldogs-v-rabbitohs/
20221111910,2022,19,Round 19,False,2022-07-21T09:50:00Z,CommBank Stadium,Sydney,Eels,Broncos,14,36,10,24,FullTime,4800,11107,Fair,,Gerard Sutton,https://www.nrl.com/draw/nrl-premiership/2022/round-19/eels-v-broncos/
20221111920,2022,19,Round 19,False,2022-07-22T08:00:00Z,Netstrata Jubilee Stadium,Sydney,Dragons,Sea Eagles,20,6,14,0,FullTime,4800,7137,Good,,Adam Gee,https://www.nrl.com/draw/nrl-premiership/2022/round-19/dragons-v-sea-eagles/
20221111930,2022,19,Round 19,False,2022-07-22T09:55:00Z,McDonald Jones Stadium,Newcastle,Knights,Roosters,12,42,2,16,FullTime,4800,13701,Good,,Peter Gough,https://www.nrl.com/draw/nrl-premiership/2022/round-19/knights-v-roosters/
20221111940,2022,19,Round 19,False,2022-07-23T05:00:00Z,GIO Stadium,Canberra,Raiders,Warriors,26,14,0,14,FullTime,4800,11915,Good,,Chris Sutton,https://www.nrl.com/draw/nrl-premiership/2022/round-19/raiders-v-warriors/
20221111950,2022,19,Round 19,False,2022-07-23T07:30:00Z,BlueBet Stadium,Penrith,Panthers,Sharks,20,10,8,10,FullTime,4800,17426,Good,,Ashley Klein,https://www.nrl.com/draw/nrl-premiership/2022/round-19/panthers-v-sharks/
20221111960,2022,19,Round 19,False,2022-07-23T09:35:00Z,Accor Stadium,Sydney,Rabbitohs,Storm,24,12,10,6,FullTime,4800,11217,Good,,Todd Smith,https://www.nrl.com/draw/nrl-premiership/2022/round-19/rabbitohs-v-storm/
20221111970,2022,19,Round 19,False,2022-07-24T04:00:00Z,CommBank Stadium,Sydney,Bulldogs,Titans,36,26,26,10,FullTime,4800,11726,Good,,Ben Cummins,https://www.nrl.com/draw/nrl-premiership/2022/round-19/bulldogs-v-titans/
20221111980,2022,19,Round 19,False,2022-07-24T06:05:00Z,Queensland Country Bank Stadium,Townsville,Cowboys,Wests Tigers,27,26,6,16,FullTime,4800,14910,Good,,Chris Butler,https://www.nrl.com/draw/nrl-premiership/2022/round-19/cowboys-v-wests-tigers/
20221112010,2022,20,Round 20,False,2022-07-28T09:50:00Z,4 Pines Park,Sydney,Sea Eagles,Roosters,10,20,6,18,FullTime,4800,12187,,,Grant Atkins,https://www.nrl.com/draw/nrl-premiership/2022/round-20/sea-eagles-v-roosters/
20221112020,2022,20,Round 20,False,2022-07-29T08:00:00Z,Go Media Stadium,Auckland,Warriors,Storm,12,24,8,10,FullTime,4800,18395,,,Peter Gough,https://www.nrl.com/draw/nrl-premiership/2022/round-20/warriors-v-storm/
20221112030,2022,20,Round 20,False,2022-07-29T09:55:00Z,CommBank Stadium,Sydney,Eels,Panthers,34,10,30,4,FullTime,4800,26912,,,Todd Smith,https://www.nrl.com/draw/nrl-premiership/2022/round-20/eels-v-panthers/
20221112040,2022,20,Round 20,False,2022-07-30T05:00:00Z,Cbus Super Stadium,Gold Coast,Titans,Raiders,24,36,12,16,FullTime,4800,12461,Good,,Ben Cummins,https://www.nrl.com/draw/nrl-premiership/2022/round-20/titans-v-raiders/
20221112050,2022,20,Round 20,False,2022-07-30T07:30:00Z,PointsBet Stadium,Sydney,Sharks,Rabbitohs,21,20,14,8,FullTime,5280,11492,Good,,Gerard Sutton,https://www.nrl.com/draw/nrl-premiership/2022/round-20/sharks-v-rabbitohs/
20221112060,2022,20,Round 20,False,2022-07-30T09:35:00Z,Suncorp Stadium,Brisbane,Broncos,Wests Tigers,18,32,12,12,FullTime,4800,32909,Good,,Adam Gee,https://www.nrl.com/draw/nrl-premiership/2022/round-20/broncos-v-wests-tigers/
20221112070,2022,20,Round 20,False,2022-07-31T04:00:00Z,McDonald Jones Stadium,Newcastle,Knights,Bulldogs,10,24,4,18,FullTime,4800,19813,Good,,Chris Butler,https://www.nrl.com/draw/nrl-premiership/2022/round-20/knights-v-bulldogs/
20221112080,2022,20,Round 20,False,2022-07-31T06:05:00Z,Netstrata Jubilee Stadium,Sydney,Dragons,Cowboys,8,34,8,10,FullTime,4800,9517,Good,,Chris Sutton,https://www.nrl.com/draw/nrl-premiership/2022/round-20/dragons-v-cowboys/
20221112110,2022,21,Round 21,False,2022-08-04T09:50:00Z,Sydney Cricket Ground,Sydney,Roosters,Broncos,34,16,18,4,FullTime,4800,10495,Good,,Todd Smith,https://www.nrl.com/draw/nrl-premiership/2022/round-21/roosters-v-broncos/
20221112120,2022,21,Round 21,False,2022-08-05T08:00:00Z,AAMI Park,Melbourne,Storm,Titans,32,14,22,10,FullTime,4800,10869,Good,,Peter Gough,https://www.nrl.com/draw/nrl-premiership/2022/round-21/storm-v-titans/
20221112130,2022,21,Round 21,False,2022-08-05T09:55:00Z,4 Pines Park,Sydney,Sea Eagles,Eels,20,36,14,14,FullTime,4800,17134,Good,,Gerard Sutton,https://www.nrl.com/draw/nrl-premiership/2022/round-21/sea-eagles-v-eels/
20221112140,2022,21,Round 21,False,2022-08-06T05:00:00Z,Sunshine Coast Stadium,Sunshine Coast,Rabbitohs,Warriors,48,10,36,6,FullTime,4800,8911,Good,,Ben Cummins,https://www.nrl.com/draw/nrl-premiership/2022/round-21/rabbitohs-v-warriors/
20221112150,2022,21,Round 21,False,2022-08-06T07:30:00Z,GIO Stadium,Canberra,Raiders,Panthers,6,26,6,14,FullTime,4800,16912,Good,,Grant Atkins,https://www.nrl.com/draw/nrl-premiership/2022/round-21/raiders-v-panthers/
20221112160,2022,21,Round 21,False,2022-08-06T09:35:00Z,PointsBet Stadium,Sydney,Sharks,Dragons,24,18,18,6,FullTime,4800,11427,Good,,Ashley Klein,https://www.nrl.com/draw/nrl-premiership/2022/round-21/sharks-v-dragons/
20221112170,2022,21,Round 21,False,2022-08-07T04:00:00Z,Salter Oval,Bundaberg,Bulldogs,Cowboys,14,28,10,10,FullTime,4800,8521,Good,,Adam Gee,https://www.nrl.com/draw/nrl-premiership/2022/round-21/bulldogs-v-cowboys/
20221112180,2022,21,Round 21,False,2022-08-07T06:05:00Z,Campbelltown Sports Stadium,Sydney,Wests Tigers,Knights,10,14,0,14,FullTime,4800,9621,Good,,Chris Sutton,https://www.nrl.com/draw/nrl-premiership/2022/round-21/wests-tigers-v-knights/
20221112210,2022,22,Round 22,False,2022-08-11T09:50:00Z,BlueBet Stadium,Penrith,Panthers,Storm,0,16,0,16,FullTime,4800,15612,Good,,Gerard Sutton,https://www.nrl.com/draw/nrl-premiership/2022/round-22/panthers-v-storm/
20221112220,2022,22,Round 22,False,2022-08-12T08:00:00Z,Go Media Stadium,Auckland,Warriors,Bulldogs,42,18,18,6,FullTime,4800,16212,Good,,Chris Butler,https://www.nrl.com/draw/nrl-premiership/2022/round-22/warriors-v-bulldogs/
20221112230,2022,22,Round 22,False,2022-08-12T09:55:00Z,CommBank Stadium,Sydney,Eels,Rabbitohs,0,26,0,14,FullTime,4800,22958,Good,,Grant Atkins,https://www.nrl.com/draw/nrl-premiership/2022/round-22/eels-v-rabbitohs/
20221112240,2022,22,Round 22,False,2022-08-13T05:00:00Z,Sydney Cricket Ground,Sydney,Roosters,Cowboys,32,18,14,6,FullTime,4800,15219,Good,,Ashley Klein,https://www.nrl.com/draw/nrl-premiership/2022/round-22/roosters-v-cowboys/
20221112250,2022,22,Round 22,False,2022-08-13T07:30:00Z,Scully Park,Tamworth,Wests Tigers,Sharks,12,36,6,26,FullTime,4800,10048,Good,,Ben Cummins,https://www.nrl.com/draw/nrl-premiership/2022/round-22/wests-tigers-v-sharks/
20221112260,2022,22,Round 22,False,2022-08-13T09:35:00Z,Suncorp Stadium,Brisbane,Broncos,Knights,28,10,18,0,FullTime,4800,25742,Good,,Peter Gough,https://www.nrl.com/draw/nrl-premiership/2022/round-22/broncos-v-knights/
20221112270,2022,22,Round 22,False,2022-08-14T04:00:00Z,GIO Stadium,Canberra,Raiders,Dragons,24,22,18,12,FullTime,4800,11216,Good,,Adam Gee,https://www.nrl.com/draw/nrl-premiership/2022/round-22/raiders-v-dragons/
20221112280,2022,22,Round 22,False,2022-08-14T06:05:00Z,Cbus Super Stadium,Gold Coast,Titans,Sea Eagles,44,24,20,12,FullTime,4800,11753,Good,,Chris Sutton,https://www.nrl.com/draw/nrl-premiership/2022/round-22/titans-v-sea-eagles/
20221112310,2022,23,Round 23,False,2022-08-18T09:50:00Z,Accor Stadium,Sydney,Rabbitohs,Panthers,22,26,12,12,FullTime,4800,15208,Good,,Adam Gee,https://www.nrl.com/draw/nrl-premiership/2022/round-23/rabbitohs-v-panthers/
20221112320,2022,23,Round 23,False,2022-08-19T08:00:00Z,Queensland Country Bank Stadium,Townsville,Cowboys,Warriors,48,4,24,4,FullTime,4800,17404,Good,,Chris Butler,https://www.nrl.com/draw/nrl-premiership/2022/round-23/cowboys-v-warriors/
20221112330,2022,23,Round 23,False,2022-08-19T09:55:00Z,Suncorp Stadium,Brisbane,Broncos,Storm,12,60,6,24,FullTime,4800,42612,Good,,Todd Smith,https://www.nrl.com/draw/nrl-premiership/2022/round-23/broncos-v-storm/
20221112340,2022,23,Round 23,False,2022-08-20T05:00:00Z,CommBank Stadium,Sydney,Eels,Bulldogs,42,6,16,6,FullTime,4800,26451,Good,,Ashley Klein,https://www.nrl.com/draw/nrl-premiership/2022/round-23/eels-v-bulldogs/
20221112350,2022,23,Round 23,False,2022-08-20T07:30:00Z,4 Pines Park,Sydney,Sea Eagles,Sharks,6,40,0,22,FullTime,4800,12243,Good,,Gerard Sutton,https://www.nrl.com/draw/nrl-premiership/2022/round-23/sea-eagles-v-sharks/
20221112360,2022,23,Round 23,False,2022-08-20T09:35:00Z,Sydney Cricket Ground,Sydney,Roosters,Wests Tigers,72,6,30,0,FullTime,4800,14939,Good,,Ben Cummins,https://www.nrl.com/draw/nrl-premiership/2022/round-23/roosters-v-wests-tigers/
20221112370,2022,23,Round 23,False,2022-08-21T04:00:00Z,WIN Stadium,Wollongong,Dragons,Titans,46,26,22,14,FullTime,4800,12348,Good,,Liam Kennedy,https://www.nrl.com/draw/nrl-premiership/2022/round-23/dragons-v-titans/
20221112380,2022,23,Round 23,False,2022-08-21T06:05:00Z,McDonald Jones Stadium,Newcastle,Knights,Raiders,22,28,22,8,FullTime,4800,16768,Good,,Grant Atkins,https://www.nrl.com/draw/nrl-premiership/2022/round-23/knights-v-raiders/
20221112410,2022,24,Round 24,False,2022-08-25T09:50:00Z,Suncorp Stadium,Brisbane,Broncos,Eels,6,53,6,31,FullTime,4800,30371,Good,,Grant Atkins,https://www.nrl.com/draw/nrl-premiership/2022/round-24/broncos-v-eels/
20221112420,2022,24,Round 24,False,2022-08-26T08:00:00Z,BlueBet Stadium,Penrith,Panthers,Warriors,46,12,22,6,FullTime,4800,17025,Good,,Chris Butler,https://www.nrl.com/draw/nrl-premiership/2022/round-24/panthers-v-warriors/
20221112430,2022,24,Round 24,False,2022-08-26T09:55:00Z,AAMI Park,Melbourne,Storm,Roosters,14,18,8,14,FullTime,4800,25308,Good,,Adam Gee,https://www.nrl.com/draw/nrl-premiership/2022/round-24/storm-v-roosters/
20221112440,2022,24,Round 24,False,2022-08-27T05:00:00Z,GIO Stadium,Canberra,Raiders,Sea Eagles,48,6,28,0,FullTime,4800,16647,Good,,Ashley Klein,https://www.nrl.com/draw/nrl-premiership/2022/round-24/raiders-v-sea-eagles/
20221112450,2022,24,Round 24,False,2022-08-27T07:30:00Z,PointsBet Stadium,Sydney,Sharks,Bulldogs,16,0,10,0,FullTime,4800,11500,Good,,Todd Smith,https://www.nrl.com/draw/nrl-premiership/2022/round-24/sharks-v-bulldogs/
20221112460,2022,24,Round 24,False,2022-08-27T09:35:00Z,Accor Stadium,Sydney,Rabbitohs,Cowboys,20,10,14,6,FullTime,4800,15264,Good,,Gerard Sutton,https://www.nrl.com/draw/nrl-premiership/2022/round-24/rabbitohs-v-cowboys/
20221112470,2022,24,Round 24,False,2022-08-28T04:00:00Z,CommBank Stadium,Sydney,Wests Tigers,Dragons,22,24,16,6,FullTime,4800,9789,Good,,Liam Kennedy,https://www.nrl.com/draw/nrl-premiership/2022/round-24/wests-tigers-v-dragons/
20221112480,2022,24,Round 24,False,2022-08-28T06:05:00Z,Cbus Super Stadium,Gold Coast,Titans,Knights,36,26,24,10,FullTime,4800,11816,Good,,Ben Cummins,https://www.nrl.com/draw/nrl-premiership/2022/round-24/titans-v-knights/
20221112510,2022,25,Round 25,False,2022-09-01T09:50:00Z,CommBank Stadium,Sydney,Eels,Storm,22,14,8,0,FullTime,4800,23758,Good,,Ashley Klein,https://www.nrl.com/draw/nrl-premiership/2022/round-25/eels-v-storm/
20221112520,2022,25,Round 25,False,2022-09-02T08:00:00Z,Accor Stadium,Sydney,Bulldogs,Sea Eagles,21,20,12,16,FullTime,4800,13648,Good,,Peter Gough,https://www.nrl.com/draw/nrl-premiership/2022/round-25/bulldogs-v-sea-eagles/
20221112530,2022,25,Round 25,False,2022-09-02T09:55:00Z,Allianz Stadium,Sydney,Roosters,Rabbitohs,26,16,20,6,FullTime,4800,41906,Good,,Grant Atkins,https://www.nrl.com/draw/nrl-premiership/2022/round-25/roosters-v-rabbitohs/
20221112540,2022,25,Round 25,False,2022-09-03T05:00:00Z,Go Media Stadium,Auckland,Warriors,Titans,26,27,20,6,FullTime,5040,20512,Good,,Ziggy Przeklasa-Adamski,https://www.nrl.com/draw/nrl-premiership/2022/round-25/warriors-v-titans/
20221112550,2022,25,Round 25,False,2022-09-03T07:30:00Z,Netstrata Jubilee Stadium,Sydney,Dragons,Broncos,22,12,10,6,FullTime,4800,8247,Good,,Ben Cummins,https://www.nrl.com/draw/nrl-premiership/2022/round-25/dragons-v-broncos/
20221112560,2022,25,Round 25,False,2022-09-03T09:35:00Z,Queensland Country Bank Stadium,Townsville,Cowboys,Panthers,38,8,20,0,FullTime,4800,23840,Good,,Todd Smith,https://www.nrl.com/draw/nrl-premiership/2022/round-25/cowboys-v-panthers/
20221112570,2022,25,Round 25,False,2022-09-04T04:00:00Z,McDonald Jones Stadium,Newcastle,Knights,Sharks,16,38,12,12,FullTime,4800,16808,Good,,Chris Sutton,https://www.nrl.com/draw/nrl-premiership/2022/round-25/knights-v-sharks/
20221112580,2022,25,Round 25,False,2022-09-04T06:05:00Z,Leichhardt Oval,Sydney,Wests Tigers,Raiders,10,56,0,42,FullTime,4800,10041,Good,,Gerard Sutton,https://www.nrl.com/draw/nrl-premiership/2022/round-25/wests-tigers-v-raiders/
20221112610,2022,26,Finals Week 1,True,2022-09-09T09:50:00Z,BlueBet Stadium,Penrith,Panthers,Eels,27,8,7,6,FullTime,4800,21863,Good,,Gerard Sutton,https://www.nrl.com/draw/nrl-premiership/2022/finals-week-1/panthers-v-eels/
20221112620,2022,26,Finals Week 1,True,2022-09-10T07:40:00Z,AAMI Park,Melbourne,Storm,Raiders,20,28,8,16,FullTime,4800,20838,Good,,Grant Atkins,https://www.nrl.com/draw/nrl-premiership/2022/finals-week-1/storm-v-raiders/
20221112630,2022,26,Finals Week 1,True,2022-09-10T09:50:00Z,PointsBet Stadium,Sydney,Sharks,Cowboys,30,32,18,18,FullTime,5580,12447,Good,,Adam Gee,https://www.nrl.com/draw/nrl-premiership/2022/finals-week-1/sharks-v-cowboys/
20221112640,2022,26,Finals Week 1,True,2022-09-11T06:05:00Z,Allianz Stadium,Sydney,Roosters,Rabbitohs,14,30,8,12,FullTime,4800,39498,Good,,Ashley Klein,https://www.nrl.com/draw/nrl-premiership/2022/finals-week-1/roosters-v-rabbitohs/
20221112710,2022,27,Finals Week 2,True,2022-09-16T09:50:00Z,CommBank Stadium,Sydney,Eels,Raiders,40,4,22,4,FullTime,4800,29134,Good,,Ashley Klein,https://www.nrl.com/draw/nrl-premiership/2022/finals-week-2/eels-v-raiders/
20221112720,2022,27,Finals Week 2,True,2022-09-17T10:00:00Z,Allianz Stadium,Sydney,Sharks,Rabbitohs,12,38,0,18,FullTime,4800,39733,Good,,Grant Atkins,https://www.nrl.com/draw/nrl-premiership/2022/finals-week-2/sharks-v-rabbitohs/
20221112810,2022,28,Finals Week 3,True,2022-09-23T09:50:00Z,Queensland Country Bank Stadium,Townsville,Cowboys,Eels,20,24,12,12,FullTime,4800,25372,Good,,Grant Atkins,https://www.nrl.com/draw/nrl-premiership/2022/finals-week-3/cowboys-v-eels/
20221112820,2022,28,Finals Week 3,True,2022-09-24T09:50:00Z,Accor Stadium,Sydney,Panthers,Rabbitohs,32,12,12,12,FullTime,4800,50035,Good,,Ashley Klein,https://www.nrl.com/draw/nrl-premiership/2022/finals-week-3/panthers-v-rabbitohs/
20221112910,2022,29,Grand Final,True,2022-10-02T08:30:00Z,Accor Stadium,Sydney,Panthers,Eels,28,12,18,0,FullTime,4800,82415,Good,,Ashley Klein,https://www.nrl.com/draw/nrl-premiership/2022/grand-final/panthers-v-eels/
20231110110,2023,1,Round 1,False,2023-03-02T09:00:00Z,CommBank Stadium,Sydney,Eels,Storm,12,16,6,0,FullTime,5040,17301,,,Ashley Klein,https://www.nrl.com/draw/nrl-premiership/2023/round-1/eels-v-storm/
20231110120,2023,1,Round 1,False,2023-03-03T07:00:00Z,Sky Stadium,Wellington,Warriors,Knights,20,12,10,6,FullTime,4800,16676,,,Chris Sutton,https://www.nrl.com/draw/nrl-premiership/2023/round-1/warriors-v-knights/
20231110130,2023,1,Round 1,False,2023-03-03T09:05:00Z,BlueBet Stadium,Penrith,Panthers,Broncos,12,13,6,12,FullTime,4800,17125,,,Gerard Sutton,https://www.nrl.com/draw/nrl-premiership/2023/round-1/panthers-v-broncos/
20231110140,2023,1,Round 1,False,2023-03-04T04:00:00Z,4 Pines Park,Sydney,Sea Eagles,Bulldogs,31,6,12,6,FullTime,4800,17278,,,Grant Atkins,https://www.nrl.com/draw/nrl-premiership/2023/round-1/sea-eagles-v-bulldogs/
20231110150,2023,1,Round 1,False,2023-03-04T06:30:00Z,Queensland Country Bank Stadium,Townsville,Cowboys,Raiders,19,18,18,6,FullTime,4800,19855,,,Adam Gee,https://www.nrl.com/draw/nrl-premiership/2023/round-1/cowboys-v-raiders/
20231110160,2023,1,Round 1,False,2023-03-04T08:35:00Z,PointsBet Stadium,Sydney,Sharks,Rabbitohs,18,27,12,12,FullTime,4800,12757,,,Todd Smith,https://www.nrl.com/draw/nrl-premiership/2023/round-1/sharks-v-rabbitohs/
20231110170,2023,1,Round 1,False,2023-03-05T05:05:00Z,Suncorp Stadium,Brisbane,Dolphins,Roosters,28,18,12,12,FullTime,4800,32177,,,Chris Butler,https://www.nrl.com/draw/nrl-premiership/2023/round-1/dolphins-v-roosters/
20231110180,2023,1,Round 1,False,2023-03-05T07:15:00Z,Leichhardt Oval,Sydney,Wests Tigers,Titans,10,22,2,12,FullTime,4800,14667,,,Peter Gough,https://www.nrl.com/draw/nrl-premiership/2023/round-1/wests-tigers-v-titans/
20231110210,2023,2,Round 2,False,2023-03-09T09:00:00Z,BlueBet Stadium,Penrith,Panthers,Rabbitohs,16,10,10,0,FullTime,4800,16906,Good,,Grant Atkins,https://www.nrl.com/draw/nrl-premiership/2023/round-2/panthers-v-rabbitohs/
20231110220,2023,2,Round 2,False,2023-03-10T07:00:00Z,CommBank Stadium,Sydney,Eels,Sharks,26,30,14,18,FullTime,4800,16663,,,Gerard Sutton,https://www.nrl.com/draw/nrl-premiership/2023/round-2/eels-v-sharks/
20231110230,2023,2,Round 2,False,2023-03-10T09:00:00Z,Suncorp Stadium,Brisbane,Broncos,Cowboys,28,16,10,10,FullTime,4800,43162,,,Ashley Klein,https://www.nrl.com/draw/nrl-premiership/2023/round-2/broncos-v-cowboys/
20231110240,2023,2,Round 2,False,2023-03-11T04:00:00Z,Allianz Stadium,Sydney,Roosters,Warriors,20,12,8,6,FullTime,4800,16267,,,Adam Gee,https://www.nrl.com/draw/nrl-premiership/2023/round-2/roosters-v-warriors/
20231110250,2023,2,Round 2,False,2023-03-11T06:30:00Z,Kayo Stadium,Redcliffe,Dolphins,Raiders,20,14,6,12,FullTime,4800,10023,,,Todd Smith,https://www.nrl.com/draw/nrl-premiership/2023/round-2/dolphins-v-raiders/
20231110260,2023,2,Round 2,False,2023-03-11T08:35:00Z,AAMI Park,Melbourne,Storm,Bulldogs,12,26,0,16,FullTime,4800,17248,,,Chris Butler,https://www.nrl.com/draw/nrl-premiership/2023/round-2/storm-v-bulldogs/
20231110270,2023,2,Round 2,False,2023-03-12T05:05:00Z,Leichhardt Oval,Sydney,Wests Tigers,Knights,12,14,6,10,FullTime,4800,13214,,,Peter Gough,https://www.nrl.com/draw/nrl-premiership/2023/round-2/wests-tigers-v-knights/
20231110280,2023,2,Round 2,False,2023-03-12T07:15:00Z,Netstrata Jubilee Stadium,Sydney,Dragons,Titans,32,18,16,12,FullTime,4800,8538,,,Chris Sutton,https://www.nrl.com/draw/nrl-premiership/2023/round-2/dragons-v-titans/
20231110310,2023,3,Round 3,False,2023-03-16T09:00:00Z,4 Pines Park,Sydney,Sea Eagles,Eels,34,30,14,10,FullTime,4800,13363,,,Adam Gee,https://www.nrl.com/draw/nrl-premiership/2023/round-3/sea-eagles-v-eels/
20231110320,2023,3,Round 3,False,2023-03-17T07:00:00Z,McDonald Jones Stadium,Newcastle,Knights,Dolphins,20,36,12,16,FullTime,4800,20093,,,Chris Butler,https://www.nrl.com/draw/nrl-premiership/2023/round-3/knights-v-dolphins/
20231110330,2023,3,Round 3,False,2023-03-17T09:00:00Z,Allianz Stadium,Sydney,Roosters,Rabbitohs,20,18,10,12,FullTime,4800,36639,,,Gerard Sutton,https://www.nrl.com/draw/nrl-premiership/2023/round-3/roosters-v-rabbitohs/
20231110340,2023,3,Round 3,False,2023-03-18T04:00:00Z,Cbus Super Stadium,Gold Coast,Titans,Storm,38,34,18,24,FullTime,4800,14483,,,Grant Atkins,https://www.nrl.com/draw/nrl-premiership/2023/round-3/titans-v-storm/
20231110350,2023,3,Round 3,False,2023-03-18T06:30:00Z,Queensland Country Bank Stadium,Townsville,Cowboys,Warriors,12,26,12,16,FullTime,4800,17818,,,Chris Sutton,https://www.nrl.com/draw/nrl-premiership/2023/round-3/cowboys-v-warriors/
20231110360,2023,3,Round 3,False,2023-03-18T08:35:00Z,Suncorp Stadium,Brisbane,Broncos,Dragons,40,18,8,16,FullTime,4800,26612,,,Peter Gough,https://www.nrl.com/draw/nrl-premiership/2023/round-3/broncos-v-dragons/
20231110370,2023,3,Round 3,False,2023-03-19T05:05:00Z,Belmore Sports Ground,Sydney,Bulldogs,Wests Tigers,26,22,20,6,FullTime,4800,16404,,,Todd Smith,https://www.nrl.com/draw/nrl-premiership/2023/round-3/bulldogs-v-wests-tigers/
20231110380,2023,3,Round 3,False,2023-03-19T07:15:00Z,GIO Stadium,Canberra,Raiders,Sharks,24,20,12,10,FullTime,4800,14134,,,Ashley Klein,https://www.nrl.com/draw/nrl-premiership/2023/round-3/raiders-v-sharks/
20231110410,2023,4,Round 4,False,2023-03-23T09:00:00Z,CommBank Stadium,Sydney,Eels,Panthers,17,16,8,8,FullTime,4980,16342,,,Ashley Klein,https://www.nrl.com/draw/nrl-premiership/2023/round-4/eels-v-panthers/
20231110420,2023,4,Round 4,False,2023-03-24T07:00:00Z,AAMI Park,Melbourne,Storm,Wests Tigers,24,12,22,6,FullTime,4800,11669,,,Ben Cummins,https://www.nrl.com/draw/nrl-premiership/2023/round-4/storm-v-wests-tigers/
20231110430,2023,4,Round 4,False,2023-03-24T09:00:00Z,Suncorp Stadium,Brisbane,Dolphins,Broncos,12,18,0,4,FullTime,4800,51047,,,Adam Gee,https://www.nrl.com/draw/nrl-premiership/2023/round-4/dolphins-v-broncos/
20231110440,2023,4,Round 4,False,2023-03-25T06:30:00Z,Queensland Country Bank Stadium,Townsville,Cowboys,Titans,24,12,6,8,FullTime,4800,16426,,,Chris Butler,https://www.nrl.com/draw/nrl-premiership/2023/round-4/cowboys-v-titans/
20231110450,2023,4,Round 4,False,2023-03-25T08:35:00Z,Accor Stadium,Sydney,Rabbitohs,Sea Eagles,13,12,6,12,FullTime,4920,18379,,,Chris Sutton,https://www.nrl.com/draw/nrl-premiership/2023/round-4/rabbitohs-v-sea-eagles/
20231110460,2023,4,Round 4,False,2023-03-26T03:00:00Z,Go Media Stadium,Auckland,Warriors,Bulldogs,16,14,6,8,FullTime,4800,18595,,,Peter Gough,https://www.nrl.com/draw/nrl-premiership/2023/round-4/warriors-v-bulldogs/
20231110470,2023,4,Round 4,False,2023-03-26T05:05:00Z,McDonald Jones Stadium,Newcastle,Knights,Raiders,24,14,8,14,FullTime,4800,15106,,,Gerard Sutton,https://www.nrl.com/draw/nrl-premiership/2023/round-4/knights-v-raiders/
20231110480,2023,4,Round 4,False,2023-03-26T07:15:00Z,Netstrata Jubilee Stadium,Sydney,Dragons,Sharks,8,40,8,12,FullTime,4800,15126,,,Todd Smith,https://www.nrl.com/draw/nrl-premiership/2023/round-4/dragons-v-sharks/
20231110510,2023,5,Round 5,False,2023-03-30T09:00:00Z,Allianz Stadium,Sydney,Roosters,Eels,28,20,16,2,FullTime,4800,20886,,,Grant Atkins,https://www.nrl.com/draw/nrl-premiership/2023/round-5/roosters-v-eels/
20231110520,2023,5,Round 5,False,2023-03-31T07:00:00Z,GIO Stadium,Canberra,Raiders,Panthers,12,53,6,13,FullTime,4800,15334,,,Adam Gee,https://www.nrl.com/draw/nrl-premiership/2023/round-5/raiders-v-panthers/
20231110530,2023,5,Round 5,False,2023-03-31T09:00:00Z,Accor Stadium,Sydney,Rabbitohs,Storm,10,18,6,12,FullTime,4800,11239,,,Todd Smith,https://www.nrl.com/draw/nrl-premiership/2023/round-5/rabbitohs-v-storm/
20231110540,2023,5,Round 5,False,2023-04-01T04:00:00Z,Glen Willow Oval,Mudgee,Sea Eagles,Knights,32,32,16,22,FullTime,5400,9024,,,Chris Butler,https://www.nrl.com/draw/nrl-premiership/2023/round-5/sea-eagles-v-knights/
20231110550,2023,5,Round 5,False,2023-04-01T06:30:00Z,WIN Stadium,Wollongong,Dragons,Dolphins,38,12,12,8,FullTime,4800,16472,,,Gerard Sutton,https://www.nrl.com/draw/nrl-premiership/2023/round-5/dragons-v-dolphins/
20231110560,2023,5,Round 5,False,2023-04-01T08:35:00Z,Suncorp Stadium,Brisbane,Broncos,Wests Tigers,46,12,28,0,FullTime,4800,27553,,,Chris Sutton,https://www.nrl.com/draw/nrl-premiership/2023/round-5/broncos-v-wests-tigers/
20231110570,2023,5,Round 5,False,2023-04-02T06:05:00Z,PointsBet Stadium,Sydney,Sharks,Warriors,30,32,26,12,FullTime,4800,10878,,,Ben Cummins,https://www.nrl.com/draw/nrl-premiership/2023/round-5/sharks-v-warriors/
20231110580,2023,5,Round 5,False,2023-04-02T08:15:00Z,Accor Stadium,Sydney,Bulldogs,Cowboys,15,14,6,8,FullTime,5100,9626,,,Liam Kennedy,https://www.nrl.com/draw/nrl-premiership/2023/round-5/bulldogs-v-cowboys/
20231110610,2023,6,Round 6,False,2023-04-06T09:50:00Z,AAMI Park,Melbourne,Storm,Roosters,28,8,18,8,FullTime,4800,16323,Good,,Ashley Klein,https://www.nrl.com/draw/nrl-premiership/2023/round-6/storm-v-roosters/
20231110620,2023,6,Round 6,False,2023-04-07T06:05:00Z,Accor Stadium,Sydney,Bulldogs,Rabbitohs,16,50,6,26,FullTime,4800,35211,,,Gerard Sutton,https://www.nrl.com/draw/nrl-premiership/2023/round-6/bulldogs-v-rabbitohs/
20231110630,2023,6,Round 6,False,2023-04-07T10:00:00Z,Queensland Country Bank Stadium,Townsville,Cowboys,Dolphins,22,32,12,26,FullTime,4800,22811,,,Adam Gee,https://www.nrl.com/draw/nrl-premiership/2023/round-6/cowboys-v-dolphins/
20231110640,2023,6,Round 6,False,2023-04-08T07:30:00Z,BlueBet Stadium,Penrith,Panthers,Sea Eagles,44,12,32,0,FullTime,4800,20312,,,Todd Smith,https://www.nrl.com/draw/nrl-premiership/2023/round-6/panthers-v-sea-eagles/
20231110650,2023,6,Round 6,False,2023-04-08T09:35:00Z,Suncorp Stadium,Brisbane,Broncos,Raiders,14,20,4,14,FullTime,4800,31962,,,Grant Atkins,https://www.nrl.com/draw/nrl-premiership/2023/round-6/broncos-v-raiders/
20231110660,2023,6,Round 6,False,2023-04-09T06:05:00Z,Cbus Super Stadium,Gold Coast,Titans,Dragons,20,18,8,8,FullTime,4800,12452,,,Peter Gough,https://www.nrl.com/draw/nrl-premiership/2023/round-6/titans-v-dragons/
20231110670,2023,6,Round 6,False,2023-04-09T08:15:00Z,McDonald Jones Stadium,Newcastle,Knights,Warriors,34,24,22,6,FullTime,4800,18007,,,Liam Kennedy,https://www.nrl.com/draw/nrl-premiership/2023/round-6/knights-v-warriors/
20231110680,2023,6,Round 6,False,2023-04-10T06:00:00Z,Accor Stadium,Sydney,Wests Tigers,Eels,22,28,6,18,FullTime,4800,28611,,,Ben Cummins,https://www.nrl.com/draw/nrl-premiership/2023/round-6/wests-tigers-v-eels/
20231110710,2023,7,Round 7,False,2023-04-13T09:50:00Z,Suncorp Stadium,Brisbane,Dolphins,Rabbitohs,14,36,14,6,FullTime,4800,23280,Good,,Ashley Klein,https://www.nrl.com/draw/nrl-premiership/2023/round-7/dolphins-v-rabbitohs/
20231110720,2023,7,Round 7,False,2023-04-14T08:00:00Z,PointsBet Stadium,Sydney,Sharks,Roosters,22,12,8,12,FullTime,4800,11489,,,Grant Atkins,https://www.nrl.com/draw/nrl-premiership/2023/round-7/sharks-v-roosters/
20231110730,2023,7,Round 7,False,2023-04-14T10:00:00Z,4 Pines Park,Sydney,Sea Eagles,Storm,18,8,10,6,FullTime,4800,13572,,,Adam Gee,https://www.nrl.com/draw/nrl-premiership/2023/round-7/sea-eagles-v-storm/
20231110740,2023,7,Round 7,False,2023-04-15T05:00:00Z,Go Media Stadium,Auckland,Warriors,Cowboys,22,14,10,8,FullTime,4800,23695,,,Chris Sutton,https://www.nrl.com/draw/nrl-premiership/2023/round-7/warriors-v-cowboys/
20231110750,2023,7,Round 7,False,2023-04-15T07:30:00Z,McDonald Jones Stadium,Newcastle,Knights,Panthers,15,16,14,6,FullTime,4860,26084,,,Peter Gough,https://www.nrl.com/draw/nrl-premiership/2023/round-7/knights-v-panthers/
20231110760,2023,7,Round 7,False,2023-04-15T09:35:00Z,Cbus Super Stadium,Gold Coast,Titans,Broncos,26,43,14,10,FullTime,4800,26563,,,Todd Smith,https://www.nrl.com/draw/nrl-premiership/2023/round-7/titans-v-broncos/
20231110770,2023,7,Round 7,False,2023-04-16T04:00:00Z,GIO Stadium,Canberra,Raiders,Dragons,20,14,0,4,FullTime,4800,13817,,,Gerard Sutton,https://www.nrl.com/draw/nrl-premiership/2023/round-7/raiders-v-dragons/
20231110780,2023,7,Round 7,False,2023-04-16T06:05:00Z,CommBank Stadium,Sydney,Eels,Bulldogs,30,4,16,0,FullTime,4800,26755,,,Chris Butler,https://www.nrl.com/draw/nrl-premiership/2023/round-7/eels-v-bulldogs/
20231110810,2023,8,Round 8,False,2023-04-20T09:50:00Z,Accor Stadium,Sydney,Rabbitohs,Panthers,20,18,6,6,FullTime,4800,19574,,,Gerard Sutton,https://www.nrl.com/draw/nrl-premiership/2023/round-8/rabbitohs-v-panthers/
20231110820,2023,8,Round 8,False,2023-04-21T10:00:00Z,TIO Stadium,Darwin,Eels,Broncos,16,26,6,22,FullTime,4800,11864,,,Ashley Klein,https://www.nrl.com/draw/nrl-premiership/2023/round-8/eels-v-broncos/
20231110830,2023,8,Round 8,False,2023-04-22T07:30:00Z,Accor Stadium,Sydney,Bulldogs,Sharks,20,33,14,18,FullTime,4800,12184,,,Chris Sutton,https://www.nrl.com/draw/nrl-premiership/2023/round-8/bulldogs-v-sharks/
20231110840,2023,8,Round 8,False,2023-04-22T09:35:00Z,Queensland Country Bank Stadium,Townsville,Cowboys,Knights,18,16,12,6,FullTime,4800,17970,,,Ben Cummins,https://www.nrl.com/draw/nrl-premiership/2023/round-8/cowboys-v-knights/
20231110850,2023,8,Round 8,False,2023-04-23T04:00:00Z,Suncorp Stadium,Brisbane,Dolphins,Titans,28,26,6,26,FullTime,4800,22034,,,Chris Butler,https://www.nrl.com/draw/nrl-premiership/2023/round-8/dolphins-v-titans/
20231110860,2023,8,Round 8,False,2023-04-23T06:05:00Z,Campbelltown Sports Stadium,Sydney,Wests Tigers,Sea Eagles,16,22,6,12,FullTime,4800,10033,,,Todd Smith,https://www.nrl.com/draw/nrl-premiership/2023/round-8/wests-tigers-v-sea-eagles/
20231110870,2023,8,Round 8,False,2023-04-25T06:05:00Z,Allianz Stadium,Sydney,Roosters,Dragons,27,26,20,12,FullTime,4800,40191,,,Adam Gee,https://www.nrl.com/draw/nrl-premiership/2023/round-8/roosters-v-dragons/
20231110880,2023,8,Round 8,False,2023-04-25T09:00:00Z,AAMI Park,Melbourne,Storm,Warriors,30,22,12,18,FullTime,4800,23469,,,Grant Atkins,https://www.nrl.com/draw/nrl-premiership/2023/round-8/storm-v-warriors/
20231110910,2023,9,Round 9,False,2023-04-27T09:50:00Z,PointsBet Stadium,Sydney,Sharks,Cowboys,44,6,20,6,FullTime,4800,8148,Good,,Gerard Sutton,https://www.nrl.com/draw/nrl-premiership/2023/round-9/sharks-v-cowboys/
20231110920,2023,9,Round 9,False,2023-04-28T08:00:00Z,CommBank Stadium,Sydney,Eels,Knights,43,12,30,6,FullTime,4800,15875,Good,,Chris Sutton,https://www.nrl.com/draw/nrl-premiership/2023/round-9/eels-v-knights/
20231110930,2023,9,Round 9,False,2023-04-28T10:00:00Z,Suncorp Stadium,Brisbane,Broncos,Rabbitohs,6,32,6,12,FullTime,4800,40102,,,Ashley Klein,https://www.nrl.com/draw/nrl-premiership/2023/round-9/broncos-v-rabbitohs/
20231110940,2023,9,Round 9,False,2023-04-29T05:00:00Z,McDonalds Park,Wagga Wagga,Raiders,Dolphins,31,30,22,12,FullTime,5040,10445,Good,,Peter Gough,https://www.nrl.com/draw/nrl-premiership/2023/round-9/raiders-v-dolphins/
20231110950,2023,9,Round 9,False,2023-04-29T07:30:00Z,4 Pines Park,Sydney,Sea Eagles,Titans,10,26,2,16,FullTime,4800,10107,Slippery,,Ben Cummins,https://www.nrl.com/draw/nrl-premiership/2023/round-9/sea-eagles-v-titans/
20231110960,2023,9,Round 9,False,2023-04-29T09:35:00Z,Carrington Park,Bathurst,Panthers,Wests Tigers,8,12,8,8,FullTime,4800,11055,Slippery,,Adam Gee,https://www.nrl.com/draw/nrl-premiership/2023/round-9/panthers-v-wests-tigers/
20231110970,2023,9,Round 9,False,2023-04-30T04:00:00Z,Go Media Stadium,Auckland,Warriors,Roosters,0,14,0,8,FullTime,4800,20395,,,Chris Butler,https://www.nrl.com/draw/nrl-premiership/2023/round-9/warriors-v-roosters/
20231110980,2023,9,Round 9,False,2023-04-30T06:05:00Z,WIN Stadium,Wollongong,Dragons,Bulldogs,16,18,4,10,FullTime,4800,16678,Good,,Grant Atkins,https://www.nrl.com/draw/nrl-premiership/2023/round-9/dragons-v-bulldogs/
20231111010,2023,10,Round 10,False,2023-05-05T08:00:00Z,Suncorp Stadium,Brisbane,Bulldogs,Raiders,30,34,18,22,FullTime,4800,41462,Good,,Chris Sutton,https://www.nrl.com/draw/nrl-premiership/2023/round-10/bulldogs-v-raiders/
20231111020,2023,10,Round 10,False,2023-05-05T10:05:00Z,Suncorp Stadium,Brisbane,Sea Eagles,Broncos,6,32,0,20,FullTime,4800,50077,Good,,Gerard Sutton,https://www.nrl.com/draw/nrl-premiership/2023/round-10/sea-eagles-v-broncos/
20231111030,2023,10,Round 10,False,2023-05-06T05:00:00Z,Suncorp Stadium,Brisbane,Warriors,Panthers,6,18,6,12,FullTime,4800,38035,Good,,Todd Smith,https://www.nrl.com/draw/nrl-premiership/2023/round-10/warriors-v-panthers/
20231111040,2023,10,Round 10,False,2023-05-06T07:30:00Z,Suncorp Stadium,Brisbane,Sharks,Dolphins,16,36,10,30,FullTime,4800,48068,Good,,Grant Atkins,https://www.nrl.com/draw/nrl-premiership/2023/round-10/sharks-v-dolphins/
20231111050,2023,10,Round 10,False,2023-05-06T09:45:00Z,Suncorp Stadium,Brisbane,Storm,Rabbitohs,12,28,6,12,FullTime,4800,50183,Good,,Adam Gee,https://www.nrl.com/draw/nrl-premiership/2023/round-10/storm-v-rabbitohs/
20231111060,2023,10,Round 10,False,2023-05-07T03:50:00Z,Suncorp Stadium,Brisbane,Wests Tigers,Dragons,18,16,14,10,FullTime,4800,34568,Good,,Peter Gough,https://www.nrl.com/draw/nrl-premiership/2023/round-10/wests-tigers-v-dragons/
20231111070,2023,10,Round 10,False,2023-05-07T06:00:00Z,Suncorp Stadium,Brisbane,Roosters,Cowboys,6,20,0,6,FullTime,4800,45085,Slippery,,Ashley Klein,https://www.nrl.com/draw/nrl-premiership/2023/round-10/roosters-v-cowboys/
20231111080,2023,10,Round 10,False,2023-05-07T08:25:00Z,Suncorp Stadium,Brisbane,Titans,Eels,26,24,16,4,FullTime,4800,46835,Good,,Chris Butler,https://www.nrl.com/draw/nrl-premiership/2023/round-10/titans-v-eels/
20231111110,2023,11,Round 11,False,2023-05-11T09:50:00Z,AAMI Park,Melbourne,Storm,Broncos,24,16,10,10,FullTime,4800,16043,Good,,Todd Smith,https://www.nrl.com/draw/nrl-premiership/2023/round-11/storm-v-broncos/
20231111120,2023,11,Round 11,False,2023-05-12T08:00:00Z,Accor Stadium,Sydney,Bulldogs,Warriors,12,24,0,18,FullTime,4800,14294,Good,,Ben Cummins,https://www.nrl.com/draw/nrl-premiership/2023/round-11/bulldogs-v-warriors/
20231111130,2023,11,Round 11,False,2023-05-12T10:00:00Z,BlueBet Stadium,Penrith,Panthers,Roosters,48,4,24,0,FullTime,4800,20255,Good,,Gerard Sutton,https://www.nrl.com/draw/nrl-premiership/2023/round-11/panthers-v-roosters/
20231111140,2023,11,Round 11,False,2023-05-13T05:00:00Z,Accor Stadium,Sydney,Rabbitohs,Wests Tigers,20,0,6,0,FullTime,4800,21013,Good,,Liam Kennedy,https://www.nrl.com/draw/nrl-premiership/2023/round-11/rabbitohs-v-wests-tigers/
20231111150,2023,11,Round 11,False,2023-05-13T07:30:00Z,Queensland Country Bank Stadium,Townsville,Cowboys,Dragons,42,22,24,6,FullTime,4800,17852,Good,,Chris Butler,https://www.nrl.com/draw/nrl-premiership/2023/round-11/cowboys-v-dragons/
20231111160,2023,11,Round 11,False,2023-05-13T09:35:00Z,GIO Stadium,Canberra,Raiders,Eels,26,18,8,8,FullTime,4800,17414,Good,,Grant Atkins,https://www.nrl.com/draw/nrl-premiership/2023/round-11/raiders-v-eels/
20231111170,2023,11,Round 11,False,2023-05-14T04:00:00Z,McDonald Jones Stadium,Newcastle,Knights,Titans,46,26,12,12,FullTime,4800,13064,Good,,Peter Gough,https://www.nrl.com/draw/nrl-premiership/2023/round-11/knights-v-titans/
20231111180,2023,11,Round 11,False,2023-05-14T06:05:00Z,4 Pines Park,Sydney,Sea Eagles,Sharks,14,20,2,14,FullTime,4800,10358,Good,,Ashley Klein,https://www.nrl.com/draw/nrl-premiership/2023/round-11/sea-eagles-v-sharks/
20231111210,2023,12,Round 12,False,2023-05-18T09:50:00Z,Suncorp Stadium,Brisbane,Broncos,Panthers,4,15,0,8,FullTime,4800,33343,Good,,Adam Gee,https://www.nrl.com/draw/nrl-premiership/2023/round-12/broncos-v-panthers/
20231111220,2023,12,Round 12,False,2023-05-19T08:00:00Z,Netstrata Jubilee Stadium,Sydney,Dragons,Roosters,24,22,12,0,FullTime,4800,9007,Good,,Peter Gough,https://www.nrl.com/draw/nrl-premiership/2023/round-12/dragons-v-roosters/
20231111230,2023,12,Round 12,False,2023-05-19T10:00:00Z,Allianz Stadium,Sydney,Rabbitohs,Eels,16,36,10,12,FullTime,4800,27432,Good,,Ashley Klein,https://www.nrl.com/draw/nrl-premiership/2023/round-12/rabbitohs-v-eels/
20231111240,2023,12,Round 12,False,2023-05-20T05:00:00Z,C.ex Coffs International Stadium,Coffs Harbour,Sharks,Knights,26,6,12,6,FullTime,4800,10156,Good,,Liam Kennedy,https://www.nrl.com/draw/nrl-premiership/2023/round-12/sharks-v-knights/
20231111250,2023,12,Round 12,False,2023-05-20T07:30:00Z,Leichhardt Oval,Sydney,Wests Tigers,Cowboys,66,18,24,6,FullTime,4800,12247,Good,,Ben Cummins,https://www.nrl.com/draw/nrl-premiership/2023/round-12/wests-tigers-v-cowboys/
20231111260,2023,12,Round 12,False,2023-05-20T09:35:00Z,Suncorp Stadium,Brisbane,Dolphins,Storm,16,24,4,24,FullTime,4800,28325,Good,,Grant Atkins,https://www.nrl.com/draw/nrl-premiership/2023/round-12/dolphins-v-storm/
20231111270,2023,12,Round 12,False,2023-05-21T04:00:00Z,Accor Stadium,Sydney,Bulldogs,Titans,20,18,0,14,FullTime,4800,10815,Good,,Chris Butler,https://www.nrl.com/draw/nrl-premiership/2023/round-12/bulldogs-v-titans/
20231111280,2023,12,Round 12,False,2023-05-21T06:05:00Z,GIO Stadium,Canberra,Raiders,Sea Eagles,14,42,8,16,FullTime,4800,14730,Good,,Gerard Sutton,https://www.nrl.com/draw/nrl-premiership/2023/round-12/raiders-v-sea-eagles/
20231111310,2023,13,Round 13,False,2023-05-25T09:50:00Z,Kayo Stadium,Redcliffe,Dolphins,Dragons,26,12,18,12,FullTime,4800,10047,Good,,Adam Gee,https://www.nrl.com/draw/nrl-premiership/2023/round-13/dolphins-v-dragons/
20231111320,2023,13,Round 13,False,2023-05-26T10:00:00Z,CommBank Stadium,Sydney,Eels,Cowboys,24,16,6,6,FullTime,4800,14810,Good,,Liam Kennedy,https://www.nrl.com/draw/nrl-premiership/2023/round-13/eels-v-cowboys/
20231111330,2023,13,Round 13,False,2023-05-27T07:30:00Z,McLean Park,Napier,Warriors,Broncos,22,26,6,12,FullTime,4800,15600,Good,,Gerard Sutton,https://www.nrl.com/draw/nrl-premiership/2023/round-13/warriors-v-broncos/
20231111340,2023,13,Round 13,False,2023-05-27T09:35:00Z,Accor Stadium,Sydney,Rabbitohs,Raiders,26,33,8,18,FullTime,4800,12382,Good,,Grant Atkins,https://www.nrl.com/draw/nrl-premiership/2023/round-13/rabbitohs-v-raiders/
20231111350,2023,13,Round 13,False,2023-05-28T06:05:00Z,McDonald Jones Stadium,Newcastle,Knights,Sea Eagles,28,18,10,14,FullTime,4800,20661,Good,,Peter Gough,https://www.nrl.com/draw/nrl-premiership/2023/round-13/knights-v-sea-eagles/
20231111410,2023,14,Round 14,False,2023-06-02T10:00:00Z,Campbelltown Sports Stadium,Sydney,Wests Tigers,Raiders,19,20,0,12,FullTime,4800,11201,,,Gerard Sutton,https://www.nrl.com/draw/nrl-premiership/2023/round-14/wests-tigers-v-raiders/
20231111420,2023,14,Round 14,False,2023-06-03T05:00:00Z,Go Media Stadium,Auckland,Warriors,Dolphins,30,8,6,4,FullTime,4800,23686,Good,,Grant Atkins,https://www.nrl.com/draw/nrl-premiership/2023/round-14/warriors-v-dolphins/
20231111430,2023,14,Round 14,False,2023-06-03T07:30:00Z,Cbus Super Stadium,Gold Coast,Titans,Rabbitohs,28,46,22,16,FullTime,4800,18736,Good,,Liam Kennedy,https://www.nrl.com/draw/nrl-premiership/2023/round-14/titans-v-rabbitohs/
20231111440,2023,14,Round 14,False,2023-06-03T09:35:00Z,PointsBet Stadium,Sydney,Sharks,Broncos,12,20,6,14,FullTime,4800,12318,Good,,Todd Smith,https://www.nrl.com/draw/nrl-premiership/2023/round-14/sharks-v-broncos/
20231111450,2023,14,Round 14,False,2023-06-04T04:00:00Z,Industree Group Stadium,Gosford,Roosters,Bulldogs,25,24,12,12,FullTime,4800,18338,Good,,Ashley Klein,https://www.nrl.com/draw/nrl-premiership/2023/round-14/roosters-v-bulldogs/
20231111460,2023,14,Round 14,False,2023-06-04T06:05:00Z,Queensland Country Bank Stadium,Townsville,Cowboys,Storm,45,20,14,14,FullTime,4800,18867,Good,,Peter Gough,https://www.nrl.com/draw/nrl-premiership/2023/round-14/cowboys-v-storm/
20231111470,2023,14,Round 14,False,2023-06-04T08:15:00Z,BlueBet Stadium,Penrith,Panthers,Dragons,26,18,12,12,FullTime,4800,16912,Good,,Chris Sutton,https://www.nrl.com/draw/nrl-premiership/2023/round-14/panthers-v-dragons/
20231111510,2023,15,Round 15,False,2023-06-08T09:50:00Z,Cbus Super Stadium,Gold Coast,Titans,Wests Tigers,28,12,16,6,FullTime,4800,10232,Good,,Todd Smith,https://www.nrl.com/draw/nrl-premiership/2023/round-15/titans-v-wests-tigers/
20231111520,2023,15,Round 15,False,2023-06-09T08:00:00Z,GIO Stadium,Canberra,Raiders,Warriors,14,36,8,6,FullTime,4800,21082,Good,,Grant Atkins,https://www.nrl.com/draw/nrl-premiership/2023/round-15/raiders-v-warriors/
20231111530,2023,15,Round 15,False,2023-06-09T10:00:00Z,4 Pines Park,Sydney,Sea Eagles,Dolphins,58,18,28,6,FullTime,4800,14598,Good,,Gerard Sutton,https://www.nrl.com/draw/nrl-premiership/2023/round-15/sea-eagles-v-dolphins/
20231111540,2023,15,Round 15,False,2023-06-10T05:00:00Z,Netstrata Jubilee Stadium,Sydney,Dragons,Rabbitohs,36,30,12,8,FullTime,4800,17357,Good,,Ben Cummins,https://www.nrl.com/draw/nrl-premiership/2023/round-15/dragons-v-rabbitohs/
20231111550,2023,15,Round 15,False,2023-06-10T07:30:00Z,Suncorp Stadium,Brisbane,Broncos,Knights,24,20,6,10,FullTime,4800,35814,Good,,Chris Butler,https://www.nrl.com/draw/nrl-premiership/2023/round-15/broncos-v-knights/
20231111560,2023,15,Round 15,False,2023-06-10T09:35:00Z,Allianz Stadium,Sydney,Roosters,Panthers,6,30,0,10,FullTime,4800,23610,Good,,Adam Gee,https://www.nrl.com/draw/nrl-premiership/2023/round-15/roosters-v-panthers/
20231111570,2023,15,Round 15,False,2023-06-11T06:05:00Z,AAMI Park,Melbourne,Storm,Sharks,54,10,34,6,FullTime,4800,20253,Good,,Ashley Klein,https://www.nrl.com/draw/nrl-premiership/2023/round-15/storm-v-sharks/
20231111580,2023,15,Round 15,False,2023-06-12T06:00:00Z,Accor Stadium,Sydney,Bulldogs,Eels,12,34,6,24,FullTime,4800,33866,Good,,Liam Kennedy,https://www.nrl.com/draw/nrl-premiership/2023/round-15/bulldogs-v-eels/
20231111610,2023,16,Round 16,False,2023-06-16T10:00:00Z,Queensland Country Bank Stadium,Townsville,Cowboys,Panthers,27,23,12,20,FullTime,5340,17277,Good,,Peter Gough,https://www.nrl.com/draw/nrl-premiership/2023/round-16/cowboys-v-panthers/
20231111620,2023,16,Round 16,False,2023-06-17T05:00:00Z,McDonald Jones Stadium,Newcastle,Knights,Roosters,16,18,6,18,FullTime,4800,21966,Good,,Grant Atkins,https://www.nrl.com/draw/nrl-premiership/2023/round-16/knights-v-roosters/
20231111630,2023,16,Round 16,False,2023-06-17T07:30:00Z,CommBank Stadium,Sydney,Eels,Sea Eagles,34,4,24,4,FullTime,4800,21296,Good,,Chris Butler,https://www.nrl.com/draw/nrl-premiership/2023/round-16/eels-v-sea-eagles/
20231111640,2023,16,Round 16,False,2023-06-17T09:35:00Z,Campbelltown Sports Stadium,Sydney,Wests Tigers,Storm,6,28,6,14,FullTime,4800,8517,Good,,Ziggy Przeklasa-Adamski,https://www.nrl.com/draw/nrl-premiership/2023/round-16/wests-tigers-v-storm/
20231111650,2023,16,Round 16,False,2023-06-18T06:05:00Z,PointsBet Stadium,Sydney,Sharks,Bulldogs,48,10,30,4,FullTime,4800,11901,Good,,Adam Gee,https://www.nrl.com/draw/nrl-premiership/2023/round-16/sharks-v-bulldogs/
20231111710,2023,17,Round 17,False,2023-06-23T10:00:00Z,WIN Stadium,Wollongong,Dragons,Warriors,18,48,6,20,FullTime,4800,9275,Good,,Adam Gee,https://www.nrl.com/draw/nrl-premiership/2023/round-17/dragons-v-warriors/
20231111720,2023,17,Round 17,False,2023-06-24T05:00:00Z,Sunshine Coast Stadium,Sunshine Coast,Dolphins,Eels,20,48,4,42,FullTime,4800,8821,Good,,Peter Gough,https://www.nrl.com/draw/nrl-premiership/2023/round-17/dolphins-v-eels/
20231111730,2023,17,Round 17,False,2023-06-24T07:30:00Z,BlueBet Stadium,Penrith,Panthers,Knights,20,12,16,6,FullTime,4800,18589,Good,,Ben Cummins,https://www.nrl.com/draw/nrl-premiership/2023/round-17/panthers-v-knights/
20231111740,2023,17,Round 17,False,2023-06-24T09:35:00Z,AAMI Park,Melbourne,Storm,Sea Eagles,24,6,10,6,FullTime,4800,13198,Good,,Todd Smith,https://www.nrl.com/draw/nrl-premiership/2023/round-17/storm-v-sea-eagles/
20231111750,2023,17,Round 17,False,2023-06-25T04:00:00Z,Suncorp Stadium,Brisbane,Broncos,Titans,12,18,6,6,FullTime,4800,42249,Good,,Chris Butler,https://www.nrl.com/draw/nrl-premiership/2023/round-17/broncos-v-titans/
20231111760,2023,17,Round 17,False,2023-06-25T06:05:00Z,Accor Stadium,Sydney,Rabbitohs,Cowboys,6,31,0,5,FullTime,4800,11262,Good,,Gerard Sutton,https://www.nrl.com/draw/nrl-premiership/2023/round-17/rabbitohs-v-cowboys/
20231111770,2023,17,Round 17,False,2023-06-25T08:15:00Z,Allianz Stadium,Sydney,Roosters,Raiders,18,20,6,18,FullTime,4800,13326,Good,,Ashley Klein,https://www.nrl.com/draw/nrl-premiership/2023/round-17/roosters-v-raiders/
20231111810,2023,18,Round 18,False,2023-06-29T09:50:00Z,PointsBet Stadium,Sydney,Sharks,Dragons,52,16,24,10,FullTime,4800,10267,Good,,Grant Atkins,https://www.nrl.com/draw/nrl-premiership/2023/round-18/sharks-v-dragons/
20231111820,2023,18,Round 18,False,2023-06-30T08:00:00Z,Go Media Stadium,Auckland,Warriors,Rabbitohs,6,28,6,12,FullTime,4800,22612,Wet,,Ashley Klein,https://www.nrl.com/draw/nrl-premiership/2023/round-18/warriors-v-rabbitohs/
20231111830,2023,18,Round 18,False,2023-06-30T10:00:00Z,Marvel Stadium,Melbourne,Storm,Panthers,16,34,14,16,FullTime,4800,26829,Good,,Adam Gee,https://www.nrl.com/draw/nrl-premiership/2023/round-18/storm-v-panthers/
20231111840,2023,18,Round 18,False,2023-07-01T05:00:00Z,GIO Stadium,Canberra,Raiders,Titans,26,22,12,6,FullTime,4800,11659,Good,,Todd Smith,https://www.nrl.com/draw/nrl-premiership/2023/round-18/raiders-v-titans/
20231111850,2023,18,Round 18,False,2023-07-01T07:30:00Z,Queensland Country Bank Stadium,Townsville,Cowboys,Wests Tigers,74,0,42,0,FullTime,4800,20535,Good,,Liam Kennedy,https://www.nrl.com/draw/nrl-premiership/2023/round-18/cowboys-v-wests-tigers/
20231111860,2023,18,Round 18,False,2023-07-01T09:35:00Z,The Gabba,Brisbane,Broncos,Dolphins,24,16,14,6,FullTime,4800,30606,Good,,Peter Gough,https://www.nrl.com/draw/nrl-premiership/2023/round-18/broncos-v-dolphins/
20231111870,2023,18,Round 18,False,2023-07-02T04:00:00Z,Accor Stadium,Sydney,Bulldogs,Knights,0,66,0,30,FullTime,4800,11004,Good,,Ziggy Przeklasa-Adamski,https://www.nrl.com/draw/nrl-premiership/2023/round-18/bulldogs-v-knights/
20231111880,2023,18,Round 18,False,2023-07-02T06:05:00Z,4 Pines Park,Sydney,Sea Eagles,Roosters,18,16,12,10,FullTime,4800,17385,Good,,Gerard Sutton,https://www.nrl.com/draw/nrl-premiership/2023/round-18/sea-eagles-v-roosters/
20231111910,2023,19,Round 19,False,2023-07-06T09:50:00Z,CommBank Stadium,Sydney,Wests Tigers,Sharks,12,36,12,12,FullTime,4800,9215,Good,,Todd Smith,https://www.nrl.com/draw/nrl-premiership/2023/round-19/wests-tigers-v-sharks/
20231111920,2023,19,Round 19,False,2023-07-07T10:00:00Z,WIN Stadium,Wollongong,Dragons,Raiders,26,36,6,24,FullTime,4800,9319,Good,,Peter Gough,https://www.nrl.com/draw/nrl-premiership/2023/round-19/dragons-v-raiders/
20231111930,2023,19,Round 19,False,2023-07-08T07:30:00Z,CommBank Stadium,Sydney,Eels,Warriors,10,46,4,30,FullTime,4800,21696,Good,,Adam Gee,https://www.nrl.com/draw/nrl-premiership/2023/round-19/eels-v-warriors/
20231111940,2023,19,Round 19,False,2023-07-08T09:35:00Z,Accor Stadium,Sydney,Rabbitohs,Bulldogs,32,36,12,24,FullTime,4800,16166,Good,,Liam Kennedy,https://www.nrl.com/draw/nrl-premiership/2023/round-19/rabbitohs-v-bulldogs/
20231111950,2023,19,Round 19,False,2023-07-09T06:05:00Z,Cbus Super Stadium,Gold Coast,Titans,Dolphins,21,23,14,6,FullTime,5100,18335,Good,,Grant Atkins,https://www.nrl.com/draw/nrl-premiership/2023/round-19/titans-v-dolphins/
20231112010,2023,20,Round 20,False,2023-07-14T10:00:00Z,McDonald Jones Stadium,Newcastle,Knights,Wests Tigers,34,18,18,12,FullTime,4800,18470,Good,,Peter Gough,https://www.nrl.com/draw/nrl-premiership/2023/round-20/knights-v-wests-tigers/
20231112020,2023,20,Round 20,False,2023-07-15T05:00:00Z,Belmore Sports Ground,Sydney,Bulldogs,Broncos,24,44,18,22,FullTime,4800,17103,Good,,Ziggy Przeklasa-Adamski,https://www.nrl.com/draw/nrl-premiership/2023/round-20/bulldogs-v-broncos/
20231112030,2023,20,Round 20,False,2023-07-15T07:30:00Z,4 Pines Park,Sydney,Sea Eagles,Cowboys,8,19,4,13,FullTime,4800,13240,Good,,Adam Gee,https://www.nrl.com/draw/nrl-premiership/2023/round-20/sea-eagles-v-cowboys/
20231112040,2023,20,Round 20,False,2023-07-15T09:35:00Z,Sydney Cricket Ground,Sydney,Roosters,Storm,16,30,4,6,FullTime,4800,12021,Good,,Grant Atkins,https://www.nrl.com/draw/nrl-premiership/2023/round-20/roosters-v-storm/
20231112050,2023,20,Round 20,False,2023-07-16T04:00:00Z,Go Media Stadium,Auckland,Warriors,Sharks,44,12,22,6,FullTime,4800,24012,Good,,Gerard Sutton,https://www.nrl.com/draw/nrl-premiership/2023/round-20/warriors-v-sharks/
20231112060,2023,20,Round 20,False,2023-07-16T06:05:00Z,Kayo Stadium,Redcliffe,Dolphins,Panthers,14,24,4,12,FullTime,4800,10065,Good,,Todd Smith,https://www.nrl.com/draw/nrl-premiership/2023/round-20/dolphins-v-panthers/
20231112070,2023,20,Round 20,False,2023-07-16T08:15:00Z,CommBank Stadium,Sydney,Eels,Titans,25,24,14,16,FullTime,4800,12599,Good,,Chris Butler,https://www.nrl.com/draw/nrl-premiership/2023/round-20/eels-v-titans/
20231112110,2023,21,Round 21,False,2023-07-20T09:50:00Z,WIN Stadium,Wollongong,Dragons,Wests Tigers,18,14,12,14,FullTime,4800,7246,Good,,Ben Cummins,https://www.nrl.com/draw/nrl-premiership/2023/round-21/dragons-v-wests-tigers/
20231112120,2023,21,Round 21,False,2023-07-21T08:00:00Z,Go Media Stadium,Auckland,Warriors,Raiders,21,20,14,6,FullTime,4920,19112,Good,,Todd Smith,https://www.nrl.com/draw/nrl-premiership/2023/round-21/warriors-v-raiders/
20231112130,2023,21,Round 21,False,2023-07-21T10:00:00Z,Sunshine Coast Stadium,Sunshine Coast,Rabbitohs,Broncos,20,36,14,12,FullTime,4800,8931,Good,,Ashley Klein,https://www.nrl.com/draw/nrl-premiership/2023/round-21/rabbitohs-v-broncos/
20231112140,2023,21,Round 21,False,2023-07-22T05:00:00Z,Cbus Super Stadium,Gold Coast,Titans,Roosters,18,36,0,30,FullTime,4800,15362,Good,,Adam Gee,https://www.nrl.com/draw/nrl-premiership/2023/round-21/titans-v-roosters/
20231112150,2023,21,Round 21,False,2023-07-22T07:30:00Z,McDonald Jones Stadium,Newcastle,Knights,Storm,26,18,18,12,FullTime,4800,20392,Good,,Gerard Sutton,https://www.nrl.com/draw/nrl-premiership/2023/round-21/knights-v-storm/
20231112160,2023,21,Round 21,False,2023-07-22T09:35:00Z,Queensland Country Bank Stadium,Townsville,Cowboys,Eels,24,16,16,4,FullTime,4800,20710,Good,,Grant Atkins,https://www.nrl.com/draw/nrl-premiership/2023/round-21/cowboys-v-eels/
20231112170,2023,21,Round 21,False,2023-07-23T04:00:00Z,BlueBet Stadium,Penrith,Panthers,Bulldogs,44,18,28,6,FullTime,4800,21525,Good,,Chris Butler,https://www.nrl.com/draw/nrl-premiership/2023/round-21/panthers-v-bulldogs/
20231112180,2023,21,Round 21,False,2023-07-23T06:05:00Z,PointsBet Stadium,Sydney,Sharks,Sea Eagles,26,30,0,24,FullTime,4800,10634,Good,,Peter Gough,https://www.nrl.com/draw/nrl-premiership/2023/round-21/sharks-v-sea-eagles/
20231112210,2023,22,Round 22,False,2023-07-27T09:50:00Z,The Gabba,Brisbane,Broncos,Roosters,32,10,20,0,FullTime,4800,21841,Good,,Grant Atkins,https://www.nrl.com/draw/nrl-premiership/2023/round-22/broncos-v-roosters/
20231112220,2023,22,Round 22,False,2023-07-28T08:00:00Z,Scully Park,Tamworth,Wests Tigers,Rabbitohs,18,32,6,20,FullTime,4800,10453,Good,,Ziggy Przeklasa-Adamski,https://www.nrl.com/draw/nrl-premiership/2023/round-22/wests-tigers-v-rabbitohs/
20231112230,2023,22,Round 22,False,2023-07-28T10:00:00Z,Marvel Stadium,Melbourne,Storm,Eels,46,16,24,10,FullTime,4800,20429,Good,,Ashley Klein,https://www.nrl.com/draw/nrl-premiership/2023/round-22/storm-v-eels/
20231112240,2023,22,Round 22,False,2023-07-29T05:00:00Z,GIO Stadium,Canberra,Raiders,Knights,6,28,0,20,FullTime,4800,15487,Good,,Adam Gee,https://www.nrl.com/draw/nrl-premiership/2023/round-22/raiders-v-knights/
20231112250,2023,22,Round 22,False,2023-07-29T07:30:00Z,WIN Stadium,Wollongong,Dragons,Sea Eagles,18,24,8,12,FullTime,4800,14872,Good,,Chris Butler,https://www.nrl.com/draw/nrl-premiership/2023/round-22/dragons-v-sea-eagles/
20231112260,2023,22,Round 22,False,2023-07-29T09:35:00Z,BlueBet Stadium,Penrith,Panthers,Sharks,28,0,18,0,FullTime,4800,20694,Good,,Gerard Sutton,https://www.nrl.com/draw/nrl-premiership/2023/round-22/panthers-v-sharks/
20231112270,2023,22,Round 22,False,2023-07-30T04:00:00Z,Salter Oval,Bundaberg,Bulldogs,Dolphins,23,22,11,8,FullTime,4800,5130,Good,,Peter Gough,https://www.nrl.com/draw/nrl-premiership/2023/round-22/bulldogs-v-dolphins/
20231112280,2023,22,Round 22,False,2023-07-30T06:05:00Z,Cbus Super Stadium,Gold Coast,Titans,Cowboys,22,13,10,13,FullTime,4800,16516,Good,,Todd Smith,https://www.nrl.com/draw/nrl-premiership/2023/round-22/titans-v-cowboys/
20231112310,2023,23,Round 23,False,2023-08-03T09:50:00Z,Sydney Cricket Ground,Sydney,Roosters,Sea Eagles,26,16,18,2,FullTime,4800,12197,Good,,Ashley Klein,https://www.nrl.com/draw/nrl-premiership/2023/round-23/roosters-v-sea-eagles/
20231112320,2023,23,Round 23,False,2023-08-04T08:00:00Z,Cbus Super Stadium,Gold Coast,Titans,Warriors,18,28,6,12,FullTime,4800,20877,Good,,Ben Cummins,https://www.nrl.com/draw/nrl-premiership/2023/round-23/titans-v-warriors/
20231112330,2023,23,Round 23,False,2023-08-04T10:00:00Z,BlueBet Stadium,Penrith,Panthers,Storm,26,6,20,6,FullTime,4800,19953,Good,,Adam Gee,https://www.nrl.com/draw/nrl-premiership/2023/round-23/panthers-v-storm/
20231112340,2023,23,Round 23,False,2023-08-05T05:00:00Z,Queensland Country Bank Stadium,Townsville,Cowboys,Broncos,14,30,6,12,FullTime,4800,22659,Good,,Gerard Sutton,https://www.nrl.com/draw/nrl-premiership/2023/round-23/cowboys-v-broncos/
20231112350,2023,23,Round 23,False,2023-08-05T07:30:00Z,Optus Stadium,Perth,Dolphins,Knights,28,30,14,12,FullTime,4800,42042,Good,,Grant Atkins,https://www.nrl.com/draw/nrl-premiership/2023/round-23/dolphins-v-knights/
20231112360,2023,23,Round 23,False,2023-08-05T09:35:00Z,Optus Stadium,Perth,Rabbitohs,Sharks,16,26,0,14,FullTime,4800,45814,Good,,Todd Smith,https://www.nrl.com/draw/nrl-premiership/2023/round-23/rabbitohs-v-sharks/
20231112370,2023,23,Round 23,False,2023-08-06T04:00:00Z,CommBank Stadium,Sydney,Eels,Dragons,26,20,10,16,FullTime,4800,23596,Good,,Ziggy Przeklasa-Adamski,https://www.nrl.com/draw/nrl-premiership/2023/round-23/eels-v-dragons/
20231112380,2023,23,Round 23,False,2023-08-06T06:05:00Z,GIO Stadium,Canberra,Raiders,Wests Tigers,22,18,10,6,FullTime,4800,12841,Good,,Peter Gough,https://www.nrl.com/draw/nrl-premiership/2023/round-23/raiders-v-wests-tigers/
20231112410,2023,24,Round 24,False,2023-08-10T09:50:00Z,4 Pines Park,Sydney,Sea Eagles,Panthers,12,24,12,12,FullTime,4800,10102,Good,,Gerard Sutton,https://www.nrl.com/draw/nrl-premiership/2023/round-24/sea-eagles-v-panthers/
20231112420,2023,24,Round 24,False,2023-08-11T08:00:00Z,PointsBet Stadium,Sydney,Sharks,Titans,36,6,20,6,FullTime,4800,9753,Good,,Ashley Klein,https://www.nrl.com/draw/nrl-premiership/2023/round-24/sharks-v-titans/
20231112430,2023,24,Round 24,False,2023-08-11T10:00:00Z,The Gabba,Brisbane,Broncos,Eels,54,10,24,0,FullTime,4800,29005,Good,,Adam Gee,https://www.nrl.com/draw/nrl-premiership/2023/round-24/broncos-v-eels/
20231112440,2023,24,Round 24,False,2023-08-12T05:00:00Z,Barlow Park,Cairns,Rabbitohs,Dragons,26,14,8,4,FullTime,4800,8378,Good,,Ben Cummins,https://www.nrl.com/draw/nrl-premiership/2023/round-24/rabbitohs-v-dragons/
20231112450,2023,24,Round 24,False,2023-08-12T07:30:00Z,FMG Stadium Waikato,Hamilton,Wests Tigers,Warriors,22,30,12,16,FullTime,4800,25118,Good,,Chris Butler,https://www.nrl.com/draw/nrl-premiership/2023/round-24/wests-tigers-v-warriors/
20231112460,2023,24,Round 24,False,2023-08-12T09:35:00Z,Allianz Stadium,Sydney,Roosters,Dolphins,30,14,6,8,FullTime,4800,13704,Good,,Todd Smith,https://www.nrl.com/draw/nrl-premiership/2023/round-24/roosters-v-dolphins/
20231112470,2023,24,Round 24,False,2023-08-13T04:00:00Z,AAMI Park,Melbourne,Storm,Raiders,48,2,20,2,FullTime,4800,17369,Good,,Grant Atkins,https://www.nrl.com/draw/nrl-premiership/2023/round-24/storm-v-raiders/
20231112480,2023,24,Round 24,False,2023-08-13T06:05:00Z,McDonald Jones Stadium,Newcastle,Knights,Bulldogs,42,6,30,0,FullTime,4800,23464,Good,,Peter Gough,https://www.nrl.com/draw/nrl-premiership/2023/round-24/knights-v-bulldogs/
20231112510,2023,25,Round 25,False,2023-08-17T09:50:00Z,Queensland Country Bank Stadium,Townsville,Cowboys,Sharks,12,32,12,18,FullTime,4800,17318,Good,,Adam Gee,https://www.nrl.com/draw/nrl-premiership/2023/round-25/cowboys-v-sharks/
20231112520,2023,25,Round 25,False,2023-08-18T08:00:00Z,Go Media Stadium,Auckland,Warriors,Sea Eagles,29,22,16,22,FullTime,4800,24112,Good,,Todd Smith,https://www.nrl.com/draw/nrl-premiership/2023/round-25/warriors-v-sea-eagles/
20231112530,2023,25,Round 25,False,2023-08-18T10:00:00Z,CommBank Stadium,Sydney,Eels,Roosters,12,34,6,18,FullTime,4800,20076,Good,,Ashley Klein,https://www.nrl.com/draw/nrl-premiership/2023/round-25/eels-v-roosters/
20231112540,2023,25,Round 25,False,2023-08-19T05:00:00Z,CommBank Stadium,Sydney,Wests Tigers,Dolphins,24,23,12,10,FullTime,4800,9245,Good,,Ben Cummins,https://www.nrl.com/draw/nrl-premiership/2023/round-25/wests-tigers-v-dolphins/
20231112550,2023,25,Round 25,False,2023-08-19T07:30:00Z,Cbus Super Stadium,Gold Coast,Titans,Panthers,14,40,6,22,FullTime,4800,19106,Good,,Chris Butler,https://www.nrl.com/draw/nrl-premiership/2023/round-25/titans-v-panthers/
20231112560,2023,25,Round 25,False,2023-08-19T09:35:00Z,WIN Stadium,Wollongong,Dragons,Storm,28,38,18,18,FullTime,4800,8326,Good,,Peter Gough,https://www.nrl.com/draw/nrl-premiership/2023/round-25/dragons-v-storm/
20231112570,2023,25,Round 25,False,2023-08-20T04:05:00Z,McDonald Jones Stadium,Newcastle,Knights,Rabbitohs,29,10,12,0,FullTime,4800,29018,Good,,Grant Atkins,https://www.nrl.com/draw/nrl-premiership/2023/round-25/knights-v-rabbitohs/
20231112580,2023,25,Round 25,False,2023-08-20T06:05:00Z,GIO Stadium,Canberra,Raiders,Bulldogs,36,24,12,12,FullTime,4800,12402,Good,,Gerard Sutton,https://www.nrl.com/draw/nrl-premiership/2023/round-25/raiders-v-bulldogs/
20231112610,2023,26,Round 26,False,2023-08-24T09:50:00Z,BlueBet Stadium,Penrith,Panthers,Eels,18,32,4,22,FullTime,4800,21525,Good,,Ben Cummins,https://www.nrl.com/draw/nrl-premiership/2023/round-26/panthers-v-eels/
20231112620,2023,26,Round 26,False,2023-08-25T08:00:00Z,Go Media Stadium,Auckland,Warriors,Dragons,18,6,10,0,FullTime,4800,25095,Good,,Peter Gough,https://www.nrl.com/draw/nrl-premiership/2023/round-26/warriors-v-dragons/
20231112630,2023,26,Round 26,False,2023-08-25T10:00:00Z,Suncorp Stadium,Brisbane,Dolphins,Cowboys,10,34,0,24,FullTime,4800,33449,Good,,Gerard Sutton,https://www.nrl.com/draw/nrl-premiership/2023/round-26/dolphins-v-cowboys/
20231112640,2023,26,Round 26,False,2023-08-26T05:00:00Z,AAMI Park,Melbourne,Storm,Titans,37,16,18,10,FullTime,4800,18072,Good,,Chris Butler,https://www.nrl.com/draw/nrl-premiership/2023/round-26/storm-v-titans/
20231112650,2023,26,Round 26,False,2023-08-26T07:30:00Z,Allianz Stadium,Sydney,Roosters,Wests Tigers,32,8,14,8,FullTime,4800,22511,Good,,Todd Smith,https://www.nrl.com/draw/nrl-premiership/2023/round-26/roosters-v-wests-tigers/
20231112660,2023,26,Round 26,False,2023-08-26T09:35:00Z,GIO Stadium,Canberra,Raiders,Broncos,18,29,16,16,FullTime,4800,19400,Good,,Adam Gee,https://www.nrl.com/draw/nrl-premiership/2023/round-26/raiders-v-broncos/
20231112670,2023,26,Round 26,False,2023-08-27T04:00:00Z,Accor Stadium,Sydney,Bulldogs,Sea Eagles,24,42,6,16,FullTime,4800,13074,Good,,Liam Kennedy,https://www.nrl.com/draw/nrl-premiership/2023/round-26/bulldogs-v-sea-eagles/
20231112680,2023,26,Round 26,False,2023-08-27T06:05:00Z,McDonald Jones Stadium,Newcastle,Knights,Sharks,32,6,6,6,FullTime,4800,29423,Good,,Ashley Klein,https://www.nrl.com/draw/nrl-premiership/2023/round-26/knights-v-sharks/
20231112710,2023,27,Round 27,False,2023-08-31T09:50:00Z,Suncorp Stadium,Brisbane,Broncos,Storm,22,32,12,14,FullTime,4800,43271,Good,,Ashley Klein,https://www.nrl.com/draw/nrl-premiership/2023/round-27/broncos-v-storm/
20231112720,2023,27,Round 27,False,2023-09-01T08:00:00Z,4 Pines Park,Sydney,Sea Eagles,Wests Tigers,54,12,26,6,FullTime,4800,16503,Good,,Belinda Sharpe,https://www.nrl.com/draw/nrl-premiership/2023/round-27/sea-eagles-v-wests-tigers/
20231112730,2023,27,Round 27,False,2023-09-01T10:00:00Z,Accor Stadium,Sydney,Rabbitohs,Roosters,12,26,6,10,FullTime,4800,35263,Good,,Adam Gee,https://www.nrl.com/draw/nrl-premiership/2023/round-27/rabbitohs-v-roosters/
20231112740,2023,27,Round 27,False,2023-09-02T05:00:00Z,Suncorp Stadium,Brisbane,Dolphins,Warriors,34,10,22,0,FullTime,4800,35438,Good,,Gerard Sutton,https://www.nrl.com/draw/nrl-premiership/2023/round-27/dolphins-v-warriors/
20231112750,2023,27,Round 27,False,2023-09-02T07:30:00Z,BlueBet Stadium,Penrith,Panthers,Cowboys,44,12,26,0,FullTime,4800,21525,Good,,Todd Smith,https://www.nrl.com/draw/nrl-premiership/2023/round-27/panthers-v-cowboys/
20231112760,2023,27,Round 27,False,2023-09-02T09:35:00Z,Netstrata Jubilee Stadium,Sydney,Dragons,Knights,12,32,6,16,FullTime,4800,10137,Good,,Ben Cummins,https://www.nrl.com/draw/nrl-premiership/2023/round-27/dragons-v-knights/
20231112770,2023,27,Round 27,False,2023-09-03T04:00:00Z,Cbus Super Stadium,Gold Coast,Titans,Bulldogs,34,30,18,6,FullTime,4800,14942,Good,,Kasey Badger,https://www.nrl.com/draw/nrl-premiership/2023/round-27/titans-v-bulldogs/
20231112780,2023,27,Round 27,False,2023-09-03T06:05:00Z,PointsBet Stadium,Sydney,Sharks,Raiders,24,6,4,6,FullTime,4800,12750,Good,,Grant Atkins,https://www.nrl.com/draw/nrl-premiership/2023/round-27/sharks-v-raiders/
20231112810,2023,28,Finals Week 1,True,2023-09-08T09:50:00Z,Suncorp Stadium,Brisbane,Broncos,Storm,26,0,8,0,FullTime,4800,50197,Wet,,Grant Atkins,https://www.nrl.com/draw/nrl-premiership/2023/finals-week-1/broncos-v-storm/
20231112820,2023,28,Finals Week 1,True,2023-09-09T06:05:00Z,BlueBet Stadium,Penrith,Panthers,Warriors,32,6,20,0,FullTime,4800,21525,Good,,Adam Gee,https://www.nrl.com/draw/nrl-premiership/2023/finals-week-1/panthers-v-warriors/
20231112830,2023,28,Finals Week 1,True,2023-09-09T09:50:00Z,PointsBet Stadium,Sydney,Sharks,Roosters,12,13,6,0,FullTime,4800,12570,Good,,Gerard Sutton,https://www.nrl.com/draw/nrl-premiership/2023/finals-week-1/sharks-v-roosters/
20231112840,2023,28,Finals Week 1,True,2023-09-10T06:05:00Z,McDonald Jones Stadium,Newcastle,Knights,Raiders,30,28,6,16,FullTime,5400,29548,Good,,Ashley Klein,https://www.nrl.com/draw/nrl-premiership/2023/finals-week-1/knights-v-raiders/
20231112910,2023,29,Finals Week 2,True,2023-09-15T09:50:00Z,AAMI Park,Melbourne,Storm,Roosters,18,13,10,6,FullTime,4800,19534,Good,,Ashley Klein,https://www.nrl.com/draw/nrl-premiership/2023/finals-week-2/storm-v-roosters/
20231112920,2023,29,Finals Week 2,True,2023-09-16T06:05:00Z,Go Media Stadium,Auckland,Warriors,Knights,40,10,16,4,FullTime,4800,26083,Good,,Adam Gee,https://www.nrl.com/draw/nrl-premiership/2023/finals-week-2/warriors-v-knights/
20231113010,2023,30,Finals Week 3,True,2023-09-22T09:50:00Z,Accor Stadium,Sydney,Panthers,Storm,38,4,18,4,FullTime,4800,35578,Good,,Adam Gee,https://www.nrl.com/draw/nrl-premiership/2023/finals-week-3/panthers-v-storm/
20231113020,2023,30,Finals Week 3,True,2023-09-23T09:50:00Z,Suncorp Stadium,Brisbane,Broncos,Warriors,42,12,24,12,FullTime,4800,52273,Good,,Gerard Sutton,https://www.nrl.com/draw/nrl-premiership/2023/finals-week-3/broncos-v-warriors/
20231113110,2023,31,Grand Final,True,2023-10-01T08:30:00Z,Accor Stadium,Sydney,Panthers,Broncos,26,24,8,6,FullTime,4800,81947,Good,,Adam Gee,https://www.nrl.com/draw/nrl-premiership/2023/grand-final/panthers-v-broncos/
20241110110,2024,1,Round 1,False,2024-03-03T02:30:00Z,Allegiant Stadium,Las Vegas,Sea Eagles,Rabbitohs,36,24,12,10,FullTime,4800,40746,Good,,Ashley Klein,https://www.nrl.com/draw/nrl-premiership/2024/round-1/sea-eagles-v-rabbitohs/
20241110120,2024,1,Round 1,False,2024-03-03T04:30:00Z,Allegiant Stadium,Las Vegas,Roosters,Broncos,20,10,8,4,FullTime,4800,40746,Good,,Adam Gee,https://www.nrl.com/draw/nrl-premiership/2024/round-1/roosters-v-broncos/
20241110130,2024,1,Round 1,False,2024-03-07T09:00:00Z,McDonald Jones Stadium,Newcastle,Knights,Raiders,12,28,6,8,FullTime,4800,22378,Good,,Todd Smith,https://www.nrl.com/draw/nrl-premiership/2024/round-1/knights-v-raiders/
20241110140,2024,1,Round 1,False,2024-03-08T07:00:00Z,Go Media Stadium,Auckland,Warriors,Sharks,12,16,12,6,FullTime,4800,24076,Good,,Peter Gough,https://www.nrl.com/draw/nrl-premiership/2024/round-1/warriors-v-sharks/
20241110150,2024,1,Round 1,False,2024-03-08T09:05:00Z,AAMI Park,Melbourne,Storm,Panthers,8,0,2,0,FullTime,4800,20169,Good,,Gerard Sutton,https://www.nrl.com/draw/nrl-premiership/2024/round-1/storm-v-panthers/
20241110160,2024,1,Round 1,False,2024-03-09T06:30:00Z,CommBank Stadium,Sydney,Eels,Bulldogs,26,8,14,0,FullTime,4800,29171,Good,,Grant Atkins,https://www.nrl.com/draw/nrl-premiership/2024/round-1/eels-v-bulldogs/
20241110170,2024,1,Round 1,False,2024-03-09T08:35:00Z,Cbus Super Stadium,Gold Coast,Titans,Dragons,4,28,4,6,FullTime,4800,14537,Good,,Ziggy Przeklasa-Adamski,https://www.nrl.com/draw/nrl-premiership/2024/round-1/titans-v-dragons/
20241110180,2024,1,Round 1,False,2024-03-10T05:05:00Z,Suncorp Stadium,Brisbane,Dolphins,Cowboys,18,43,12,31,FullTime,4800,32477,Good,,Chris Butler,https://www.nrl.com/draw/nrl-premiership/2024/round-1/dolphins-v-cowboys/
20241110210,2024,2,Round 2,False,2024-03-14T09:00:00Z,Suncorp Stadium,Brisbane,Broncos,Rabbitohs,28,18,12,0,FullTime,4800,35507,Good,,Gerard Sutton,https://www.nrl.com/draw/nrl-premiership/2024/round-2/broncos-v-rabbitohs/
20241110220,2024,2,Round 2,False,2024-03-15T07:00:00Z,Ocean Protect Stadium,Sydney,Sharks,Bulldogs,25,6,6,6,FullTime,4800,12928,Good,,Ziggy Przeklasa-Adamski,https://www.nrl.com/draw/nrl-premiership/2024/round-2/sharks-v-bulldogs/
20241110230,2024,2,Round 2,False,2024-03-15T09:00:00Z,BlueBet Stadium,Penrith,Panthers,Eels,26,18,16,18,FullTime,4800,21522,Good,,Ashley Klein,https://www.nrl.com/draw/nrl-premiership/2024/round-2/panthers-v-eels/
20241110240,2024,2,Round 2,False,2024-03-16T04:00:00Z,GIO Stadium,Canberra,Raiders,Wests Tigers,32,12,24,12,FullTime,4800,16968,Good,,Peter Gough,https://www.nrl.com/draw/nrl-premiership/2024/round-2/raiders-v-wests-tigers/
20241110250,2024,2,Round 2,False,2024-03-16T06:30:00Z,Queensland Country Bank Stadium,Townsville,Cowboys,Knights,21,20,0,12,FullTime,4920,18986,Good,,Adam Gee,https://www.nrl.com/draw/nrl-premiership/2024/round-2/cowboys-v-knights/
20241110260,2024,2,Round 2,False,2024-03-16T08:35:00Z,AAMI Park,Melbourne,Storm,Warriors,30,26,18,6,FullTime,4800,21927,Good,,Chris Butler,https://www.nrl.com/draw/nrl-premiership/2024/round-2/storm-v-warriors/
20241110270,2024,2,Round 2,False,2024-03-17T05:05:00Z,4 Pines Park,Sydney,Sea Eagles,Roosters,21,14,12,10,FullTime,4800,17284,Good,,Todd Smith,https://www.nrl.com/draw/nrl-premiership/2024/round-2/sea-eagles-v-roosters/
20241110280,2024,2,Round 2,False,2024-03-17T07:15:00Z,Kayo Stadium,Redcliffe,Dolphins,Dragons,38,0,10,0,FullTime,4800,10011,Good,,Grant Atkins,https://www.nrl.com/draw/nrl-premiership/2024/round-2/dolphins-v-dragons/
20241110310,2024,3,Round 3,False,2024-03-21T09:00:00Z,BlueBet Stadium,Penrith,Panthers,Broncos,34,12,22,2,FullTime,4800,20089,Good,,Gerard Sutton,https://www.nrl.com/draw/nrl-premiership/2024/round-3/panthers-v-broncos/
20241110320,2024,3,Round 3,False,2024-03-22T07:00:00Z,Apollo Projects Stadium,Christchurch,Warriors,Raiders,18,10,6,4,FullTime,4800,17249,Good,,Liam Kennedy,https://www.nrl.com/draw/nrl-premiership/2024/round-3/warriors-v-raiders/
20241110330,2024,3,Round 3,False,2024-03-22T09:00:00Z,Allianz Stadium,Sydney,Roosters,Rabbitohs,48,6,18,0,FullTime,4800,37594,Good,,Ashley Klein,https://www.nrl.com/draw/nrl-premiership/2024/round-3/roosters-v-rabbitohs/
20241110340,2024,3,Round 3,False,2024-03-23T04:00:00Z,Belmore Sports Ground,Sydney,Bulldogs,Titans,32,0,12,0,FullTime,4800,12037,Good,,Todd Smith,https://www.nrl.com/draw/nrl-premiership/2024/round-3/bulldogs-v-titans/
20241110350,2024,3,Round 3,False,2024-03-23T06:30:00Z,Jubilee Stadium,Sydney,Dragons,Cowboys,24,46,18,22,FullTime,4800,9252,Good,,Belinda Sharpe,https://www.nrl.com/draw/nrl-premiership/2024/round-3/dragons-v-cowboys/
20241110360,2024,3,Round 3,False,2024-03-23T08:35:00Z,Leichhardt Oval,Sydney,Wests Tigers,Sharks,32,6,18,6,FullTime,4800,15990,Good,,Chris Butler,https://www.nrl.com/draw/nrl-premiership/2024/round-3/wests-tigers-v-sharks/
20241110370,2024,3,Round 3,False,2024-03-24T05:05:00Z,CommBank Stadium,Sydney,Eels,Sea Eagles,28,24,16,18,FullTime,4800,20354,Good,,Peter Gough,https://www.nrl.com/draw/nrl-premiership/2024/round-3/eels-v-sea-eagles/
20241110380,2024,3,Round 3,False,2024-03-24T07:15:00Z,McDonald Jones Stadium,Newcastle,Knights,Storm,14,12,14,0,FullTime,4800,21889,Good,,Grant Atkins,https://www.nrl.com/draw/nrl-premiership/2024/round-3/knights-v-storm/
20241110410,2024,4,Round 4,False,2024-03-28T09:00:00Z,Allianz Stadium,Sydney,Roosters,Panthers,16,22,6,14,FullTime,4800,25898,Good,,Adam Gee,https://www.nrl.com/draw/nrl-premiership/2024/round-4/roosters-v-panthers/
20241110420,2024,4,Round 4,False,2024-03-29T05:05:00Z,Accor Stadium,Sydney,Rabbitohs,Bulldogs,20,16,10,12,FullTime,4800,35275,Good,,Gerard Sutton,https://www.nrl.com/draw/nrl-premiership/2024/round-4/rabbitohs-v-bulldogs/
20241110430,2024,4,Round 4,False,2024-03-29T09:00:00Z,Suncorp Stadium,Brisbane,Broncos,Cowboys,38,12,20,12,FullTime,4800,45793,Slippery,,Grant Atkins,https://www.nrl.com/draw/nrl-premiership/2024/round-4/broncos-v-cowboys/
20241110440,2024,4,Round 4,False,2024-03-30T06:30:00Z,WIN Stadium,Wollongong,Dragons,Sea Eagles,20,12,14,6,FullTime,4800,16215,Good,,Ashley Klein,https://www.nrl.com/draw/nrl-premiership/2024/round-4/dragons-v-sea-eagles/
20241110450,2024,4,Round 4,False,2024-03-30T08:35:00Z,Cbus Super Stadium,Gold Coast,Titans,Dolphins,14,30,10,12,FullTime,4800,13898,,,Belinda Sharpe,https://www.nrl.com/draw/nrl-premiership/2024/round-4/titans-v-dolphins/
20241110460,2024,4,Round 4,False,2024-03-31T05:05:00Z,Go Media Stadium,Auckland,Warriors,Knights,20,12,12,6,FullTime,4800,24112,Good,,Peter Gough,https://www.nrl.com/draw/nrl-premiership/2024/round-4/warriors-v-knights/
20241110470,2024,4,Round 4,False,2024-03-31T07:15:00Z,Ocean Protect Stadium,Sydney,Sharks,Raiders,36,22,18,18,FullTime,4800,12692,Good,,Todd Smith,https://www.nrl.com/draw/nrl-premiership/2024/round-4/sharks-v-raiders/
20241110480,2024,4,Round 4,False,2024-04-01T05:00:00Z,CommBank Stadium,Sydney,Eels,Wests Tigers,16,17,6,6,FullTime,4800,28608,Good,,Liam Kennedy,https://www.nrl.com/draw/nrl-premiership/2024/round-4/eels-v-wests-tigers/
20241110510,2024,5,Round 5,False,2024-04-04T09:00:00Z,AAMI Park,Melbourne,Storm,Broncos,34,32,16,18,FullTime,4800,20698,Good,,Ashley Klein,https://www.nrl.com/draw/nrl-premiership/2024/round-5/storm-v-broncos/
20241110520,2024,5,Round 5,False,2024-04-05T07:00:00Z,Accor Stadium,Sydney,Bulldogs,Roosters,30,26,26,0,FullTime,4800,7169,Slippery,,Grant Atkins,https://www.nrl.com/draw/nrl-premiership/2024/round-5/bulldogs-v-roosters/
20241110530,2024,5,Round 5,False,2024-04-05T09:00:00Z,McDonald Jones Stadium,Newcastle,Knights,Dragons,30,10,24,10,FullTime,4800,9448,Slippery,,Belinda Sharpe,https://www.nrl.com/draw/nrl-premiership/2024/round-5/knights-v-dragons/
20241110540,2024,5,Round 5,False,2024-04-06T04:00:00Z,Accor Stadium,Sydney,Rabbitohs,Warriors,4,34,4,18,FullTime,4800,13184,Good,,Liam Kennedy,https://www.nrl.com/draw/nrl-premiership/2024/round-5/rabbitohs-v-warriors/
20241110550,2024,5,Round 5,False,2024-04-06T06:30:00Z,4 Pines Park,Sydney,Sea Eagles,Panthers,32,18,14,6,FullTime,4800,17381,Good,,Todd Smith,https://www.nrl.com/draw/nrl-premiership/2024/round-5/sea-eagles-v-panthers/
20241110560,2024,5,Round 5,False,2024-04-06T08:35:00Z,Suncorp Stadium,Brisbane,Dolphins,Wests Tigers,26,16,14,0,FullTime,4800,22051,Good,,Gerard Sutton,https://www.nrl.com/draw/nrl-premiership/2024/round-5/dolphins-v-wests-tigers/
20241110570,2024,5,Round 5,False,2024-04-07T06:05:00Z,Queensland Country Bank Stadium,Townsville,Cowboys,Titans,35,22,16,0,FullTime,4800,18870,Good,,Chris Butler,https://www.nrl.com/draw/nrl-premiership/2024/round-5/cowboys-v-titans/
20241110580,2024,5,Round 5,False,2024-04-07T08:15:00Z,GIO Stadium,Canberra,Raiders,Eels,41,8,13,0,FullTime,4800,13907,Good,,Adam Gee,https://www.nrl.com/draw/nrl-premiership/2024/round-5/raiders-v-eels/
20241110610,2024,6,Round 6,False,2024-04-11T09:50:00Z,McDonald Jones Stadium,Newcastle,Knights,Roosters,20,22,14,16,FullTime,4800,21940,Good,,Gerard Sutton,https://www.nrl.com/draw/nrl-premiership/2024/round-6/knights-v-roosters/
20241110620,2024,6,Round 6,False,2024-04-12T08:00:00Z,AAMI Park,Melbourne,Storm,Bulldogs,16,14,10,0,FullTime,4800,16065,Good,,Wyatt Raymond,https://www.nrl.com/draw/nrl-premiership/2024/round-6/storm-v-bulldogs/
20241110630,2024,6,Round 6,False,2024-04-12T10:00:00Z,Suncorp Stadium,Brisbane,Broncos,Dolphins,28,14,6,4,FullTime,4800,46224,Good,,Adam Gee,https://www.nrl.com/draw/nrl-premiership/2024/round-6/broncos-v-dolphins/
20241110640,2024,6,Round 6,False,2024-04-13T05:00:00Z,Go Media Stadium,Auckland,Warriors,Sea Eagles,22,22,10,16,FullTime,5400,23076,Good,,Chris Butler,https://www.nrl.com/draw/nrl-premiership/2024/round-6/warriors-v-sea-eagles/
20241110650,2024,6,Round 6,False,2024-04-13T07:30:00Z,CommBank Stadium,Sydney,Eels,Cowboys,27,20,14,10,FullTime,4800,14443,Good,,Peter Gough,https://www.nrl.com/draw/nrl-premiership/2024/round-6/eels-v-cowboys/
20241110660,2024,6,Round 6,False,2024-04-13T09:35:00Z,Accor Stadium,Sydney,Rabbitohs,Sharks,22,34,6,16,FullTime,4800,12207,Good,,Ashley Klein,https://www.nrl.com/draw/nrl-premiership/2024/round-6/rabbitohs-v-sharks/
20241110670,2024,6,Round 6,False,2024-04-14T06:05:00Z,Campbelltown Sports Stadium,Sydney,Wests Tigers,Dragons,12,24,6,16,FullTime,4800,17141,Good,,Grant Atkins,https://www.nrl.com/draw/nrl-premiership/2024/round-6/wests-tigers-v-dragons/
20241110680,2024,6,Round 6,False,2024-04-14T08:15:00Z,GIO Stadium,Canberra,Raiders,Titans,21,20,12,6,FullTime,5400,11738,Good,,Kasey Badger,https://www.nrl.com/draw/nrl-premiership/2024/round-6/raiders-v-titans/
20241110710,2024,7,Round 7,False,2024-04-18T09:50:00Z,Allianz Stadium,Sydney,Roosters,Storm,12,18,6,12,FullTime,4800,17714,Good,,Ashley Klein,https://www.nrl.com/draw/nrl-premiership/2024/round-7/roosters-v-storm/
20241110720,2024,7,Round 7,False,2024-04-19T08:00:00Z,WIN Stadium,Wollongong,Dragons,Warriors,30,12,16,6,FullTime,4800,13111,Good,,Gerard Sutton,https://www.nrl.com/draw/nrl-premiership/2024/round-7/dragons-v-warriors/
20241110730,2024,7,Round 7,False,2024-04-19T10:00:00Z,TIO Stadium,Darwin,Eels,Dolphins,16,44,8,4,FullTime,4800,0,Good,Fine,Todd Smith,https://www.nrl.com/draw/nrl-premiership/2024/round-7/eels-v-dolphins/
20241110740,2024,7,Round 7,False,2024-04-20T05:00:00Z,Carrington Park,Bathurst,Panthers,Wests Tigers,22,6,10,6,FullTime,4800,12000,Good,,Wyatt Raymond,https://www.nrl.com/draw/nrl-premiership/2024/round-7/panthers-v-wests-tigers/
20241110750,2024,7,Round 7,False,2024-04-20T07:30:00Z,Cbus Super Stadium,Gold Coast,Titans,Sea Eagles,30,34,24,22,FullTime,4800,13336,Wet,,Liam Kennedy,https://www.nrl.com/draw/nrl-premiership/2024/round-7/titans-v-sea-eagles/
20241110760,2024,7,Round 7,False,2024-04-20T09:35:00Z,Suncorp Stadium,Brisbane,Broncos,Raiders,34,10,28,0,FullTime,4800,37286,Wet,,Chris Butler,https://www.nrl.com/draw/nrl-premiership/2024/round-7/broncos-v-raiders/
20241110770,2024,7,Round 7,False,2024-04-21T04:00:00Z,Accor Stadium,Sydney,Bulldogs,Knights,36,12,18,6,FullTime,4800,17784,Good,,Peter Gough,https://www.nrl.com/draw/nrl-premiership/2024/round-7/bulldogs-v-knights/
20241110780,2024,7,Round 7,False,2024-04-21T06:05:00Z,Ocean Protect Stadium,Sydney,Sharks,Cowboys,42,6,24,0,FullTime,4800,12415,Good,,Adam Gee,https://www.nrl.com/draw/nrl-premiership/2024/round-7/sharks-v-cowboys/
20241110810,2024,8,Round 8,False,2024-04-25T04:00:00Z,Go Media Stadium,Auckland,Warriors,Titans,24,27,12,19,FullTime,4800,23912,Good,,Wyatt Raymond,https://www.nrl.com/draw/nrl-premiership/2024/round-8/warriors-v-titans/
20241110820,2024,8,Round 8,False,2024-04-25T06:05:00Z,Allianz Stadium,Sydney,Dragons,Roosters,18,60,6,30,FullTime,4800,40727,Good,,Adam Gee,https://www.nrl.com/draw/nrl-premiership/2024/round-8/dragons-v-roosters/
20241110830,2024,8,Round 8,False,2024-04-25T09:50:00Z,AAMI Park,Melbourne,Storm,Rabbitohs,54,20,32,4,FullTime,4800,25149,Good,,Todd Smith,https://www.nrl.com/draw/nrl-premiership/2024/round-8/storm-v-rabbitohs/
20241110840,2024,8,Round 8,False,2024-04-26T10:00:00Z,4 Pines Park,Sydney,Sea Eagles,Eels,32,18,6,14,FullTime,4800,17385,Good,,Gerard Sutton,https://www.nrl.com/draw/nrl-premiership/2024/round-8/sea-eagles-v-eels/
20241110850,2024,8,Round 8,False,2024-04-27T07:30:00Z,Campbelltown Sports Stadium,Sydney,Wests Tigers,Broncos,10,34,0,16,FullTime,4800,17351,Good,,Grant Atkins,https://www.nrl.com/draw/nrl-premiership/2024/round-8/wests-tigers-v-broncos/
20241110860,2024,8,Round 8,False,2024-04-27T09:35:00Z,Queensland Country Bank Stadium,Townsville,Cowboys,Panthers,20,26,4,18,FullTime,4800,20960,Good,,Kasey Badger,https://www.nrl.com/draw/nrl-premiership/2024/round-8/cowboys-v-panthers/
20241110870,2024,8,Round 8,False,2024-04-28T04:00:00Z,Suncorp Stadium,Brisbane,Dolphins,Knights,14,18,6,10,FullTime,4800,18033,Good,,Liam Kennedy,https://www.nrl.com/draw/nrl-premiership/2024/round-8/dolphins-v-knights/
20241110880,2024,8,Round 8,False,2024-04-28T06:05:00Z,GIO Stadium,Canberra,Raiders,Sharks,0,40,0,18,FullTime,4800,15820,Good,,Peter Gough,https://www.nrl.com/draw/nrl-premiership/2024/round-8/raiders-v-sharks/
20241110910,2024,9,Round 9,False,2024-05-02T09:50:00Z,Accor Stadium,Sydney,Rabbitohs,Panthers,12,42,12,18,FullTime,4800,8155,Good,,Adam Gee,https://www.nrl.com/draw/nrl-premiership/2024/round-9/rabbitohs-v-panthers/
20241110920,2024,9,Round 9,False,2024-05-03T08:00:00Z,4 Pines Park,Sydney,Sea Eagles,Raiders,24,26,20,6,FullTime,4800,10215,Slippery,,Grant Atkins,https://www.nrl.com/draw/nrl-premiership/2024/round-9/sea-eagles-v-raiders/
20241110930,2024,9,Round 9,False,2024-05-03T10:00:00Z,Suncorp Stadium,Brisbane,Broncos,Roosters,18,40,6,18,FullTime,4800,40190,Good,,Ashley Klein,https://www.nrl.com/draw/nrl-premiership/2024/round-9/broncos-v-roosters/
20241110940,2024,9,Round 9,False,2024-05-04T05:00:00Z,Accor Stadium,Sydney,Bulldogs,Wests Tigers,22,14,6,14,FullTime,4800,17068,Good,,Kasey Badger,https://www.nrl.com/draw/nrl-premiership/2024/round-9/bulldogs-v-wests-tigers/
20241110950,2024,9,Round 9,False,2024-05-04T07:30:00Z,Cbus Super Stadium,Gold Coast,Titans,Storm,20,22,12,20,FullTime,4800,13096,Good,,Belinda Sharpe,https://www.nrl.com/draw/nrl-premiership/2024/round-9/titans-v-storm/
20241110960,2024,9,Round 9,False,2024-05-04T09:35:00Z,Queensland Country Bank Stadium,Townsville,Cowboys,Dolphins,26,28,22,18,FullTime,4800,20967,Good,,Peter Gough,https://www.nrl.com/draw/nrl-premiership/2024/round-9/cowboys-v-dolphins/
20241110970,2024,9,Round 9,False,2024-05-05T04:00:00Z,McDonald Jones Stadium,Newcastle,Knights,Warriors,14,8,8,6,FullTime,4800,16094,Wet,,Chris Butler,https://www.nrl.com/draw/nrl-premiership/2024/round-9/knights-v-warriors/
20241110980,2024,9,Round 9,False,2024-05-05T06:05:00Z,Ocean Protect Stadium,Sydney,Sharks,Dragons,20,10,6,10,FullTime,4800,9731,Slippery,,Todd Smith,https://www.nrl.com/draw/nrl-premiership/2024/round-9/sharks-v-dragons/
20241111010,2024,10,Round 10,False,2024-05-09T09:50:00Z,Suncorp Stadium,Brisbane,Dolphins,Sea Eagles,30,24,20,16,FullTime,4800,14059,Slippery,,Ashley Klein,https://www.nrl.com/draw/nrl-premiership/2024/round-10/dolphins-v-sea-eagles/
20241111020,2024,10,Round 10,False,2024-05-10T08:00:00Z,BlueBet Stadium,Penrith,Panthers,Bulldogs,16,10,12,0,FullTime,4800,21525,Slippery,,Liam Kennedy,https://www.nrl.com/draw/nrl-premiership/2024/round-10/panthers-v-bulldogs/
20241111030,2024,10,Round 10,False,2024-05-10T10:00:00Z,CommBank Stadium,Sydney,Eels,Broncos,14,30,8,18,FullTime,4800,17393,Good,,Gerard Sutton,https://www.nrl.com/draw/nrl-premiership/2024/round-10/eels-v-broncos/
20241111040,2024,10,Round 10,False,2024-05-11T05:00:00Z,Scully Park,Tamworth,Wests Tigers,Knights,14,20,6,8,FullTime,4800,10107,Wet,,Ziggy Przeklasa-Adamski,https://www.nrl.com/draw/nrl-premiership/2024/round-10/wests-tigers-v-knights/
20241111050,2024,10,Round 10,False,2024-05-11T07:30:00Z,Jubilee Stadium,Sydney,Dragons,Rabbitohs,28,14,12,6,FullTime,4800,7517,Slippery,,Belinda Sharpe,https://www.nrl.com/draw/nrl-premiership/2024/round-10/dragons-v-rabbitohs/
20241111060,2024,10,Round 10,False,2024-05-11T09:35:00Z,AAMI Park,Melbourne,Storm,Sharks,18,25,12,12,FullTime,4800,18670,Fair,,Grant Atkins,https://www.nrl.com/draw/nrl-premiership/2024/round-10/storm-v-sharks/
20241111070,2024,10,Round 10,False,2024-05-12T04:00:00Z,Allianz Stadium,Sydney,Roosters,Warriors,38,18,22,0,FullTime,4800,16517,Good,,Kasey Badger,https://www.nrl.com/draw/nrl-premiership/2024/round-10/roosters-v-warriors/
20241111080,2024,10,Round 10,False,2024-05-12T06:05:00Z,Cbus Super Stadium,Gold Coast,Titans,Cowboys,20,18,20,0,FullTime,4800,12125,Good,,Wyatt Raymond,https://www.nrl.com/draw/nrl-premiership/2024/round-10/titans-v-cowboys/
20241111110,2024,11,Round 11,False,2024-05-17T08:00:00Z,Suncorp Stadium,Brisbane,Raiders,Bulldogs,24,20,12,14,FullTime,4800,45204,Good,,Ashley Klein,https://www.nrl.com/draw/nrl-premiership/2024/round-11/raiders-v-bulldogs/
20241111120,2024,11,Round 11,False,2024-05-17T10:05:00Z,Suncorp Stadium,Brisbane,Sea Eagles,Broncos,12,13,0,12,FullTime,4800,50971,Slippery,,Todd Smith,https://www.nrl.com/draw/nrl-premiership/2024/round-11/sea-eagles-v-broncos/
20241111130,2024,11,Round 11,False,2024-05-18T05:00:00Z,Suncorp Stadium,Brisbane,Titans,Knights,24,28,24,10,FullTime,4800,38154,Good,,Gerard Sutton,https://www.nrl.com/draw/nrl-premiership/2024/round-11/titans-v-knights/
20241111140,2024,11,Round 11,False,2024-05-18T07:30:00Z,Suncorp Stadium,Brisbane,Sharks,Roosters,38,30,18,24,FullTime,4800,48934,Good,,Adam Gee,https://www.nrl.com/draw/nrl-premiership/2024/round-11/sharks-v-roosters/
20241111150,2024,11,Round 11,False,2024-05-18T09:45:00Z,Suncorp Stadium,Brisbane,Rabbitohs,Cowboys,22,28,12,16,FullTime,4800,50708,Good,,Peter Gough,https://www.nrl.com/draw/nrl-premiership/2024/round-11/rabbitohs-v-cowboys/
20241111160,2024,11,Round 11,False,2024-05-19T03:50:00Z,Suncorp Stadium,Brisbane,Warriors,Panthers,22,20,4,10,FullTime,4800,40472,Slippery,,Grant Atkins,https://www.nrl.com/draw/nrl-premiership/2024/round-11/warriors-v-panthers/
20241111170,2024,11,Round 11,False,2024-05-19T06:05:00Z,Suncorp Stadium,Brisbane,Storm,Eels,48,16,16,10,FullTime,4800,47517,Good,,Wyatt Raymond,https://www.nrl.com/draw/nrl-premiership/2024/round-11/storm-v-eels/
20241111180,2024,11,Round 11,False,2024-05-19T08:25:00Z,Suncorp Stadium,Brisbane,Wests Tigers,Dolphins,12,24,6,12,FullTime,4800,46692,Good,,Chris Butler,https://www.nrl.com/draw/nrl-premiership/2024/round-11/wests-tigers-v-dolphins/
20241111210,2024,12,Round 12,False,2024-05-23T09:50:00Z,Accor Stadium,Sydney,Bulldogs,Dragons,44,12,6,12,FullTime,4800,15442,,,Adam Gee,https://www.nrl.com/draw/nrl-premiership/2024/round-12/bulldogs-v-dragons/
20241111220,2024,12,Round 12,False,2024-05-24T08:00:00Z,Queensland Country Bank Stadium,Townsville,Cowboys,Wests Tigers,42,28,20,10,FullTime,4800,15957,Good,,Belinda Sharpe,https://www.nrl.com/draw/nrl-premiership/2024/round-12/cowboys-v-wests-tigers/
20241111230,2024,12,Round 12,False,2024-05-24T10:00:00Z,4 Pines Park,Sydney,Sea Eagles,Storm,26,20,12,6,FullTime,4800,17211,Good,,Ashley Klein,https://www.nrl.com/draw/nrl-premiership/2024/round-12/sea-eagles-v-storm/
20241111240,2024,12,Round 12,False,2024-05-25T05:00:00Z,GIO Stadium,Canberra,Raiders,Roosters,16,44,6,18,FullTime,4800,18049,Good,,Todd Smith,https://www.nrl.com/draw/nrl-premiership/2024/round-12/raiders-v-roosters/
20241111250,2024,12,Round 12,False,2024-05-25T07:30:00Z,Ocean Protect Stadium,Sydney,Sharks,Panthers,0,42,0,28,FullTime,4800,13500,,,Gerard Sutton,https://www.nrl.com/draw/nrl-premiership/2024/round-12/sharks-v-panthers/
20241111260,2024,12,Round 12,False,2024-05-25T09:35:00Z,Accor Stadium,Sydney,Rabbitohs,Eels,42,26,22,12,FullTime,4800,15202,,,Chris Butler,https://www.nrl.com/draw/nrl-premiership/2024/round-12/rabbitohs-v-eels/
20241111270,2024,12,Round 12,False,2024-05-26T04:00:00Z,Suncorp Stadium,Brisbane,Broncos,Titans,34,36,24,16,FullTime,4800,42221,Good,,Peter Gough,https://www.nrl.com/draw/nrl-premiership/2024/round-12/broncos-v-titans/
20241111280,2024,12,Round 12,False,2024-05-26T06:05:00Z,Go Media Stadium,Auckland,Warriors,Dolphins,24,20,12,16,FullTime,4800,23116,Good,,Liam Kennedy,https://www.nrl.com/draw/nrl-premiership/2024/round-12/warriors-v-dolphins/
20241111310,2024,13,Round 13,False,2024-05-30T09:50:00Z,CommBank Stadium,Sydney,Eels,Sharks,34,22,16,10,FullTime,4800,11665,Good,,Ashley Klein,https://www.nrl.com/draw/nrl-premiership/2024/round-13/eels-v-sharks/
20241111320,2024,13,Round 13,False,2024-05-31T10:00:00Z,McDonald Jones Stadium,Newcastle,Knights,Bulldogs,2,32,2,10,FullTime,4800,21204,Slippery,,Grant Atkins,https://www.nrl.com/draw/nrl-premiership/2024/round-13/knights-v-bulldogs/
20241111330,2024,13,Round 13,False,2024-06-01T07:30:00Z,BlueBet Stadium,Penrith,Panthers,Dragons,10,22,10,0,FullTime,4800,12025,Slippery,,Todd Smith,https://www.nrl.com/draw/nrl-premiership/2024/round-13/panthers-v-dragons/
20241111340,2024,13,Round 13,False,2024-06-01T09:35:00Z,Kayo Stadium,Redcliffe,Dolphins,Raiders,25,26,12,18,FullTime,5280,10024,Wet,,Adam Gee,https://www.nrl.com/draw/nrl-premiership/2024/round-13/dolphins-v-raiders/
20241111350,2024,13,Round 13,False,2024-06-02T06:05:00Z,Allianz Stadium,Sydney,Roosters,Cowboys,16,18,14,4,FullTime,4800,13811,Fair,,Gerard Sutton,https://www.nrl.com/draw/nrl-premiership/2024/round-13/roosters-v-cowboys/
20241111410,2024,14,Round 14,False,2024-06-07T10:00:00Z,WIN Stadium,Wollongong,Dragons,Wests Tigers,56,14,12,14,FullTime,4800,9969,Good,,Chris Butler,https://www.nrl.com/draw/nrl-premiership/2024/round-14/dragons-v-wests-tigers/
20241111420,2024,14,Round 14,False,2024-06-08T05:00:00Z,Cbus Super Stadium,Gold Coast,Titans,Rabbitohs,12,46,6,22,FullTime,4800,14434,Good,,Chris Sutton,https://www.nrl.com/draw/nrl-premiership/2024/round-14/titans-v-rabbitohs/
20241111430,2024,14,Round 14,False,2024-06-08T07:30:00Z,Queensland Country Bank Stadium,Townsville,Cowboys,Warriors,12,42,6,22,FullTime,4800,19623,Good,,Ziggy Przeklasa-Adamski,https://www.nrl.com/draw/nrl-premiership/2024/round-14/cowboys-v-warriors/
20241111440,2024,14,Round 14,False,2024-06-08T09:35:00Z,Suncorp Stadium,Brisbane,Broncos,Sharks,12,22,12,4,FullTime,4800,41004,Good,,Grant Atkins,https://www.nrl.com/draw/nrl-premiership/2024/round-14/broncos-v-sharks/
20241111450,2024,14,Round 14,False,2024-06-09T04:00:00Z,AAMI Park,Melbourne,Storm,Knights,36,28,18,12,FullTime,4800,20269,Good,,Adam Gee,https://www.nrl.com/draw/nrl-premiership/2024/round-14/storm-v-knights/
20241111460,2024,14,Round 14,False,2024-06-09T06:05:00Z,BlueBet Stadium,Penrith,Panthers,Sea Eagles,32,22,16,12,FullTime,4800,0,Good,Fine,Gerard Sutton,https://www.nrl.com/draw/nrl-premiership/2024/round-14/panthers-v-sea-eagles/
20241111470,2024,14,Round 14,False,2024-06-10T06:00:00Z,Accor Stadium,Sydney,Bulldogs,Eels,22,18,10,12,FullTime,4800,45496,Good,,Peter Gough,https://www.nrl.com/draw/nrl-premiership/2024/round-14/bulldogs-v-eels/
20241111510,2024,15,Round 15,False,2024-06-13T09:50:00Z,Ocean Protect Stadium,Sydney,Sharks,Dolphins,28,30,12,22,FullTime,4800,8035,Slippery,,Todd Smith,https://www.nrl.com/draw/nrl-premiership/2024/round-15/sharks-v-dolphins/
20241111520,2024,15,Round 15,False,2024-06-14T08:00:00Z,GIO Stadium,Canberra,Raiders,Cowboys,16,34,0,22,FullTime,4800,9671,Slippery,,Chris Sutton,https://www.nrl.com/draw/nrl-premiership/2024/round-15/raiders-v-cowboys/
20241111530,2024,15,Round 15,False,2024-06-14T10:00:00Z,Accor Stadium,Sydney,Rabbitohs,Broncos,22,12,18,0,FullTime,4800,12207,Slippery,,Adam Gee,https://www.nrl.com/draw/nrl-premiership/2024/round-15/rabbitohs-v-broncos/
20241111540,2024,15,Round 15,False,2024-06-15T05:00:00Z,Leichhardt Oval,Sydney,Wests Tigers,Titans,18,10,6,10,FullTime,4800,8147,Slippery,,Ashley Klein,https://www.nrl.com/draw/nrl-premiership/2024/round-15/wests-tigers-v-titans/
20241111550,2024,15,Round 15,False,2024-06-15T07:30:00Z,Go Media Stadium,Auckland,Warriors,Storm,24,38,14,20,FullTime,4800,24495,Wet,,Gerard Sutton,https://www.nrl.com/draw/nrl-premiership/2024/round-15/warriors-v-storm/
20241111560,2024,15,Round 15,False,2024-06-15T09:35:00Z,CommBank Stadium,Sydney,Eels,Roosters,18,28,6,16,FullTime,4800,20072,Good,,Chris Butler,https://www.nrl.com/draw/nrl-premiership/2024/round-15/eels-v-roosters/
20241111570,2024,15,Round 15,False,2024-06-16T04:00:00Z,4 Pines Park,Sydney,Sea Eagles,Dragons,30,14,8,10,FullTime,4800,17187,Good,,Peter Gough,https://www.nrl.com/draw/nrl-premiership/2024/round-15/sea-eagles-v-dragons/
20241111580,2024,15,Round 15,False,2024-06-16T06:05:00Z,McDonald Jones Stadium,Newcastle,Knights,Panthers,18,26,6,20,FullTime,4800,27966,Good,,Grant Atkins,https://www.nrl.com/draw/nrl-premiership/2024/round-15/knights-v-panthers/
20241111610,2024,16,Round 16,False,2024-06-21T10:00:00Z,Suncorp Stadium,Brisbane,Dolphins,Storm,24,30,18,18,FullTime,4800,25167,Good,,Liam Kennedy,https://www.nrl.com/draw/nrl-premiership/2024/round-16/dolphins-v-storm/
20241111620,2024,16,Round 16,False,2024-06-22T05:00:00Z,Cbus Super Stadium,Gold Coast,Titans,Warriors,66,6,30,0,FullTime,4800,22702,Good,,Adam Gee,https://www.nrl.com/draw/nrl-premiership/2024/round-16/titans-v-warriors/
20241111630,2024,16,Round 16,False,2024-06-22T07:30:00Z,Polytec Stadium,Gosford,Roosters,Bulldogs,26,8,14,4,FullTime,4800,16868,Slippery,,Grant Atkins,https://www.nrl.com/draw/nrl-premiership/2024/round-16/roosters-v-bulldogs/
20241111640,2024,16,Round 16,False,2024-06-22T09:35:00Z,Accor Stadium,Sydney,Rabbitohs,Sea Eagles,14,0,8,0,FullTime,4800,10576,Slippery,,Chris Butler,https://www.nrl.com/draw/nrl-premiership/2024/round-16/rabbitohs-v-sea-eagles/
20241111650,2024,16,Round 16,False,2024-06-23T06:05:00Z,Campbelltown Sports Stadium,Sydney,Wests Tigers,Raiders,48,24,18,2,FullTime,4800,10106,Good,,Todd Smith,https://www.nrl.com/draw/nrl-premiership/2024/round-16/wests-tigers-v-raiders/
20241111710,2024,17,Round 17,False,2024-06-28T10:00:00Z,Accor Stadium,Sydney,Bulldogs,Sharks,15,14,12,6,FullTime,5040,15765,Good,,Gerard Sutton,https://www.nrl.com/draw/nrl-premiership/2024/round-17/bulldogs-v-sharks/
20241111720,2024,17,Round 17,False,2024-06-29T05:00:00Z,Go Media Stadium,Auckland,Warriors,Broncos,32,16,16,6,FullTime,4800,22711,Good,,Todd Smith,https://www.nrl.com/draw/nrl-premiership/2024/round-17/warriors-v-broncos/
20241111730,2024,17,Round 17,False,2024-06-29T07:30:00Z,McDonald Jones Stadium,Newcastle,Knights,Eels,34,26,10,12,FullTime,4800,27424,Good,,Peter Gough,https://www.nrl.com/draw/nrl-premiership/2024/round-17/knights-v-eels/
20241111740,2024,17,Round 17,False,2024-06-29T09:35:00Z,AAMI Park,Melbourne,Storm,Raiders,16,6,6,0,FullTime,4800,14127,Good,,Grant Atkins,https://www.nrl.com/draw/nrl-premiership/2024/round-17/storm-v-raiders/
20241111750,2024,17,Round 17,False,2024-06-30T04:00:00Z,Jubilee Stadium,Sydney,Dragons,Dolphins,26,6,2,6,FullTime,4800,8052,Slippery,,Adam Gee,https://www.nrl.com/draw/nrl-premiership/2024/round-17/dragons-v-dolphins/
20241111760,2024,17,Round 17,False,2024-06-30T06:05:00Z,BlueBet Stadium,Penrith,Panthers,Cowboys,6,16,6,12,FullTime,4800,15777,Good,,Liam Kennedy,https://www.nrl.com/draw/nrl-premiership/2024/round-17/panthers-v-cowboys/
20241111770,2024,17,Round 17,False,2024-06-30T08:15:00Z,Allianz Stadium,Sydney,Roosters,Wests Tigers,40,6,20,0,FullTime,4800,14711,Slippery,,Ziggy Przeklasa-Adamski,https://www.nrl.com/draw/nrl-premiership/2024/round-17/roosters-v-wests-tigers/
20241111810,2024,18,Round 18,False,2024-07-04T09:50:00Z,CommBank Stadium,Sydney,Eels,Rabbitohs,16,32,4,16,FullTime,4800,0,Wet,Rain,Liam Kennedy,https://www.nrl.com/draw/nrl-premiership/2024/round-18/eels-v-rabbitohs/
20241111820,2024,18,Round 18,False,2024-07-05T08:00:00Z,C.ex Coffs International Stadium,Coffs Harbour,Sharks,Titans,16,20,0,12,FullTime,4800,8673,Good,,Ziggy Przeklasa-Adamski,https://www.nrl.com/draw/nrl-premiership/2024/round-18/sharks-v-titans/
20241111830,2024,18,Round 18,False,2024-07-05T10:00:00Z,Suncorp Stadium,Brisbane,Broncos,Panthers,6,14,6,4,FullTime,4800,42433,Slippery,,Grant Atkins,https://www.nrl.com/draw/nrl-premiership/2024/round-18/broncos-v-panthers/
20241111840,2024,18,Round 18,False,2024-07-06T05:00:00Z,Accor Stadium,Sydney,Bulldogs,Warriors,13,12,6,12,FullTime,5340,27223,Good,,Chris Butler,https://www.nrl.com/draw/nrl-premiership/2024/round-18/bulldogs-v-warriors/
20241111850,2024,18,Round 18,False,2024-07-06T07:30:00Z,Leichhardt Oval,Sydney,Wests Tigers,Storm,28,40,12,16,FullTime,4800,10311,Good,,Peter Gough,https://www.nrl.com/draw/nrl-premiership/2024/round-18/wests-tigers-v-storm/
20241111860,2024,18,Round 18,False,2024-07-06T09:35:00Z,Queensland Country Bank Stadium,Townsville,Cowboys,Sea Eagles,20,21,6,12,FullTime,5040,18787,Good,,Todd Smith,https://www.nrl.com/draw/nrl-premiership/2024/round-18/cowboys-v-sea-eagles/
20241111870,2024,18,Round 18,False,2024-07-07T04:00:00Z,Allianz Stadium,Sydney,Roosters,Dragons,42,12,14,6,FullTime,4800,23388,Slippery,,Ashley Klein,https://www.nrl.com/draw/nrl-premiership/2024/round-18/roosters-v-dragons/
20241111880,2024,18,Round 18,False,2024-07-07T06:05:00Z,GIO Stadium,Canberra,Raiders,Knights,12,16,6,10,FullTime,4800,12553,Good,,Gerard Sutton,https://www.nrl.com/draw/nrl-premiership/2024/round-18/raiders-v-knights/
20241111910,2024,19,Round 19,False,2024-07-11T09:50:00Z,Kayo Stadium,Redcliffe,Dolphins,Rabbitohs,36,28,18,10,FullTime,4800,10023,Good,,Gerard Sutton,https://www.nrl.com/draw/nrl-premiership/2024/round-19/dolphins-v-rabbitohs/
20241111920,2024,19,Round 19,False,2024-07-12T10:00:00Z,Ocean Protect Stadium,Sydney,Sharks,Wests Tigers,58,6,24,6,FullTime,4800,10912,Good,,Adam Gee,https://www.nrl.com/draw/nrl-premiership/2024/round-19/sharks-v-wests-tigers/
20241111930,2024,19,Round 19,False,2024-07-13T07:30:00Z,Cbus Super Stadium,Gold Coast,Titans,Eels,24,16,18,6,FullTime,4800,16670,Good,,Todd Smith,https://www.nrl.com/draw/nrl-premiership/2024/round-19/titans-v-eels/
20241111940,2024,19,Round 19,False,2024-07-13T09:35:00Z,Suncorp Stadium,Brisbane,Broncos,Dragons,26,30,6,22,FullTime,4800,34224,Good,,Liam Kennedy,https://www.nrl.com/draw/nrl-premiership/2024/round-19/broncos-v-dragons/
20241111950,2024,19,Round 19,False,2024-07-14T06:05:00Z,4 Pines Park,Sydney,Sea Eagles,Knights,44,6,20,0,FullTime,4800,17298,Good,,Grant Atkins,https://www.nrl.com/draw/nrl-premiership/2024/round-19/sea-eagles-v-knights/
20241112010,2024,20,Round 20,False,2024-07-19T10:00:00Z,GIO Stadium,Canberra,Raiders,Warriors,20,18,14,6,FullTime,4800,8509,Good,,Todd Smith,https://www.nrl.com/draw/nrl-premiership/2024/round-20/raiders-v-warriors/
20241112020,2024,20,Round 20,False,2024-07-20T05:00:00Z,Polytec Stadium,Gosford,Rabbitohs,Wests Tigers,42,28,22,18,FullTime,4800,16284,Good,,Wyatt Raymond,https://www.nrl.com/draw/nrl-premiership/2024/round-20/rabbitohs-v-wests-tigers/
20241112030,2024,20,Round 20,False,2024-07-20T07:30:00Z,McDonald Jones Stadium,Newcastle,Knights,Broncos,14,30,0,18,FullTime,4800,26952,Good,,Chris Butler,https://www.nrl.com/draw/nrl-premiership/2024/round-20/knights-v-broncos/
20241112040,2024,20,Round 20,False,2024-07-20T09:35:00Z,AAMI Park,Melbourne,Storm,Roosters,24,8,14,4,FullTime,4800,17055,Slippery,,Grant Atkins,https://www.nrl.com/draw/nrl-premiership/2024/round-20/storm-v-roosters/
20241112050,2024,20,Round 20,False,2024-07-21T04:00:00Z,BlueBet Stadium,Penrith,Panthers,Dolphins,28,26,12,18,FullTime,4920,20955,Good,,Adam Gee,https://www.nrl.com/draw/nrl-premiership/2024/round-20/panthers-v-dolphins/
20241112060,2024,20,Round 20,False,2024-07-21T06:05:00Z,4 Pines Park,Sydney,Sea Eagles,Titans,38,8,12,8,FullTime,4800,16050,Good,,Liam Kennedy,https://www.nrl.com/draw/nrl-premiership/2024/round-20/sea-eagles-v-titans/
20241112070,2024,20,Round 20,False,2024-07-21T08:15:00Z,Queensland Country Bank Stadium,Townsville,Cowboys,Bulldogs,20,18,8,12,FullTime,4800,16376,Good,,Gerard Sutton,https://www.nrl.com/draw/nrl-premiership/2024/round-20/cowboys-v-bulldogs/
20241112110,2024,21,Round 21,False,2024-07-26T08:00:00Z,Go Media Stadium,Auckland,Warriors,Wests Tigers,28,16,14,0,FullTime,4800,23976,Good,,Peter Gough,https://www.nrl.com/draw/nrl-premiership/2024/round-21/warriors-v-wests-tigers/
20241112120,2024,21,Round 21,False,2024-07-26T10:00:00Z,CommBank Stadium,Sydney,Eels,Storm,14,32,8,14,FullTime,4800,11082,Good,,Liam Kennedy,https://www.nrl.com/draw/nrl-premiership/2024/round-21/eels-v-storm/
20241112130,2024,21,Round 21,False,2024-07-27T05:00:00Z,Suncorp Stadium,Brisbane,Broncos,Bulldogs,16,41,10,16,FullTime,4800,42213,Good,,Grant Atkins,https://www.nrl.com/draw/nrl-premiership/2024/round-21/broncos-v-bulldogs/
20241112140,2024,21,Round 21,False,2024-07-27T07:30:00Z,Queensland Country Bank Stadium,Townsville,Cowboys,Sharks,30,22,18,10,FullTime,4800,17907,Good,,Adam Gee,https://www.nrl.com/draw/nrl-premiership/2024/round-21/cowboys-v-sharks/
20241112150,2024,21,Round 21,False,2024-07-27T09:35:00Z,Allianz Stadium,Sydney,Roosters,Sea Eagles,34,30,28,12,FullTime,4800,25155,Good,,Ashley Klein,https://www.nrl.com/draw/nrl-premiership/2024/round-21/roosters-v-sea-eagles/
20241112160,2024,21,Round 21,False,2024-07-28T04:00:00Z,WIN Stadium,Wollongong,Dragons,Panthers,10,46,4,22,FullTime,4800,18988,Good,,Gerard Sutton,https://www.nrl.com/draw/nrl-premiership/2024/round-21/dragons-v-panthers/
20241112170,2024,21,Round 21,False,2024-07-28T06:05:00Z,Suncorp Stadium,Brisbane,Dolphins,Titans,14,21,14,6,FullTime,4800,19533,Good,,Todd Smith,https://www.nrl.com/draw/nrl-premiership/2024/round-21/dolphins-v-titans/
20241112180,2024,21,Round 21,False,2024-07-28T08:15:00Z,GIO Stadium,Canberra,Raiders,Rabbitohs,32,12,24,8,FullTime,4800,12114,Good,,Wyatt Raymond,https://www.nrl.com/draw/nrl-premiership/2024/round-21/raiders-v-rabbitohs/
20241112210,2024,22,Round 22,False,2024-08-01T09:50:00Z,Leichhardt Oval,Sydney,Wests Tigers,Cowboys,30,48,10,18,FullTime,4800,7231,Good,,Chris Butler,https://www.nrl.com/draw/nrl-premiership/2024/round-22/wests-tigers-v-cowboys/
20241112220,2024,22,Round 22,False,2024-08-02T08:00:00Z,Go Media Stadium,Auckland,Warriors,Eels,20,30,4,18,FullTime,4800,23812,Good,,Todd Smith,https://www.nrl.com/draw/nrl-premiership/2024/round-22/warriors-v-eels/
20241112230,2024,22,Round 22,False,2024-08-02T10:00:00Z,HBF Park,Perth,Dolphins,Roosters,34,40,20,20,FullTime,4800,20027,Good,,Gerard Sutton,https://www.nrl.com/draw/nrl-premiership/2024/round-22/dolphins-v-roosters/
20241112240,2024,22,Round 22,False,2024-08-03T05:00:00Z,Cbus Super Stadium,Gold Coast,Titans,Broncos,46,18,10,18,FullTime,4800,25278,Good,,Peter Gough,https://www.nrl.com/draw/nrl-premiership/2024/round-22/titans-v-broncos/
20241112250,2024,22,Round 22,False,2024-08-03T07:30:00Z,AAMI Park,Melbourne,Storm,Dragons,16,18,10,12,FullTime,4800,18103,Good,,Grant Atkins,https://www.nrl.com/draw/nrl-premiership/2024/round-22/storm-v-dragons/
20241112260,2024,22,Round 22,False,2024-08-03T09:35:00Z,Ocean Protect Stadium,Sydney,Sharks,Rabbitohs,20,6,4,6,FullTime,4800,12763,Good,,Liam Kennedy,https://www.nrl.com/draw/nrl-premiership/2024/round-22/sharks-v-rabbitohs/
20241112270,2024,22,Round 22,False,2024-08-04T04:00:00Z,BlueBet Stadium,Penrith,Panthers,Knights,22,14,14,6,FullTime,4800,20261,Good,,Adam Gee,https://www.nrl.com/draw/nrl-premiership/2024/round-22/panthers-v-knights/
20241112280,2024,22,Round 22,False,2024-08-04T06:05:00Z,Belmore Sports Ground,Sydney,Bulldogs,Raiders,22,18,6,6,FullTime,4800,18110,Good,,Ashley Klein,https://www.nrl.com/draw/nrl-premiership/2024/round-22/bulldogs-v-raiders/
20241112310,2024,23,Round 23,False,2024-08-08T09:50:00Z,Accor Stadium,Sydney,Rabbitohs,Storm,16,28,4,22,FullTime,4800,8973,Good,,Todd Smith,https://www.nrl.com/draw/nrl-premiership/2024/round-23/rabbitohs-v-storm/
20241112320,2024,23,Round 23,False,2024-08-09T08:00:00Z,Cbus Super Stadium,Gold Coast,Titans,Sharks,0,44,0,30,FullTime,4800,13287,Good,,Adam Gee,https://www.nrl.com/draw/nrl-premiership/2024/round-23/titans-v-sharks/
20241112330,2024,23,Round 23,False,2024-08-09T10:00:00Z,CommBank Stadium,Sydney,Eels,Panthers,34,36,16,14,FullTime,4800,18852,Good,,Peter Gough,https://www.nrl.com/draw/nrl-premiership/2024/round-23/eels-v-panthers/
20241112340,2024,23,Round 23,False,2024-08-10T05:00:00Z,GIO Stadium,Canberra,Raiders,Sea Eagles,24,46,12,18,FullTime,4800,16690,Good,,Grant Atkins,https://www.nrl.com/draw/nrl-premiership/2024/round-23/raiders-v-sea-eagles/
20241112350,2024,23,Round 23,False,2024-08-10T07:30:00Z,Queensland Country Bank Stadium,Townsville,Cowboys,Broncos,18,42,18,12,FullTime,4800,24230,Good,,Ashley Klein,https://www.nrl.com/draw/nrl-premiership/2024/round-23/cowboys-v-broncos/
20241112360,2024,23,Round 23,False,2024-08-10T09:35:00Z,Jubilee Stadium,Sydney,Dragons,Bulldogs,10,28,10,20,FullTime,4800,18416,Good,,Gerard Sutton,https://www.nrl.com/draw/nrl-premiership/2024/round-23/dragons-v-bulldogs/
20241112370,2024,23,Round 23,False,2024-08-11T04:00:00Z,Suncorp Stadium,Brisbane,Dolphins,Warriors,34,32,20,6,FullTime,4980,28056,Good,,Wyatt Raymond,https://www.nrl.com/draw/nrl-premiership/2024/round-23/dolphins-v-warriors/
20241112380,2024,23,Round 23,False,2024-08-11T06:05:00Z,McDonald Jones Stadium,Newcastle,Knights,Wests Tigers,34,18,22,12,FullTime,4800,22183,Good,,Belinda Sharpe,https://www.nrl.com/draw/nrl-premiership/2024/round-23/knights-v-wests-tigers/
20241112410,2024,24,Round 24,False,2024-08-15T09:50:00Z,BlueBet Stadium,Penrith,Panthers,Storm,22,24,12,16,FullTime,4800,20516,Good,,Ashley Klein,https://www.nrl.com/draw/nrl-premiership/2024/round-24/panthers-v-storm/
20241112420,2024,24,Round 24,False,2024-08-16T08:00:00Z,4 Pines Park,Sydney,Sea Eagles,Warriors,24,10,10,10,FullTime,4800,17333,Good,,Chris Butler,https://www.nrl.com/draw/nrl-premiership/2024/round-24/sea-eagles-v-warriors/
20241112430,2024,24,Round 24,False,2024-08-16T10:00:00Z,Allianz Stadium,Sydney,Roosters,Eels,38,14,24,4,FullTime,4800,20724,Slippery,,Grant Atkins,https://www.nrl.com/draw/nrl-premiership/2024/round-24/roosters-v-eels/
20241112440,2024,24,Round 24,False,2024-08-17T05:00:00Z,Salter Oval,Bundaberg,Bulldogs,Dolphins,30,10,16,10,FullTime,4800,6148,Good,,Adam Gee,https://www.nrl.com/draw/nrl-premiership/2024/round-24/bulldogs-v-dolphins/
20241112450,2024,24,Round 24,False,2024-08-17T07:30:00Z,Queensland Country Bank Stadium,Townsville,Cowboys,Raiders,42,4,24,4,FullTime,4800,17920,Good,,Todd Smith,https://www.nrl.com/draw/nrl-premiership/2024/round-24/cowboys-v-raiders/
20241112460,2024,24,Round 24,False,2024-08-17T09:35:00Z,Campbelltown Sports Stadium,Sydney,Wests Tigers,Rabbitohs,18,16,16,4,FullTime,4800,11420,Good,,Belinda Sharpe,https://www.nrl.com/draw/nrl-premiership/2024/round-24/wests-tigers-v-rabbitohs/
20241112470,2024,24,Round 24,False,2024-08-18T04:00:00Z,WIN Stadium,Wollongong,Dragons,Titans,32,16,26,6,FullTime,4800,9240,Good,,Wyatt Raymond,https://www.nrl.com/draw/nrl-premiership/2024/round-24/dragons-v-titans/
20241112480,2024,24,Round 24,False,2024-08-18T06:05:00Z,Ocean Protect Stadium,Sydney,Sharks,Knights,19,18,10,12,FullTime,5100,11503,Good,,Gerard Sutton,https://www.nrl.com/draw/nrl-premiership/2024/round-24/sharks-v-knights/
20241112510,2024,25,Round 25,False,2024-08-22T09:50:00Z,Leichhardt Oval,Sydney,Wests Tigers,Sea Eagles,34,26,12,16,FullTime,4800,11520,Good,,Peter Gough,https://www.nrl.com/draw/nrl-premiership/2024/round-25/wests-tigers-v-sea-eagles/
20241112520,2024,25,Round 25,False,2024-08-23T08:00:00Z,Go Media Stadium,Auckland,Warriors,Bulldogs,18,34,18,16,FullTime,4800,24295,Slippery,,Wyatt Raymond,https://www.nrl.com/draw/nrl-premiership/2024/round-25/warriors-v-bulldogs/
20241112530,2024,25,Round 25,False,2024-08-23T10:00:00Z,Suncorp Stadium,Brisbane,Broncos,Eels,30,24,12,16,FullTime,4800,36289,Good,,Todd Smith,https://www.nrl.com/draw/nrl-premiership/2024/round-25/broncos-v-eels/
20241112540,2024,25,Round 25,False,2024-08-24T05:00:00Z,GIO Stadium,Canberra,Raiders,Panthers,22,18,10,12,FullTime,4800,17523,Good,,Grant Atkins,https://www.nrl.com/draw/nrl-premiership/2024/round-25/raiders-v-panthers/
20241112550,2024,25,Round 25,False,2024-08-24T07:30:00Z,AAMI Park,Melbourne,Storm,Dolphins,48,6,22,0,FullTime,4800,26106,Good,,Gerard Sutton,https://www.nrl.com/draw/nrl-premiership/2024/round-25/storm-v-dolphins/
20241112560,2024,25,Round 25,False,2024-08-24T09:35:00Z,Accor Stadium,Sydney,Rabbitohs,Knights,16,36,12,20,FullTime,4800,9659,Good,,Chris Butler,https://www.nrl.com/draw/nrl-premiership/2024/round-25/rabbitohs-v-knights/
20241112570,2024,25,Round 25,False,2024-08-25T04:00:00Z,Cbus Super Stadium,Gold Coast,Titans,Roosters,22,48,10,26,FullTime,4800,19286,Good,,Adam Gee,https://www.nrl.com/draw/nrl-premiership/2024/round-25/titans-v-roosters/
20241112580,2024,25,Round 25,False,2024-08-25T06:05:00Z,WIN Stadium,Wollongong,Dragons,Sharks,10,38,6,14,FullTime,4800,17754,Good,,Ashley Klein,https://www.nrl.com/draw/nrl-premiership/2024/round-25/dragons-v-sharks/
20241112610,2024,26,Round 26,False,2024-08-29T09:50:00Z,Queensland Country Bank Stadium,Townsville,Cowboys,Storm,38,30,18,16,FullTime,4800,20787,Good,,Grant Atkins,https://www.nrl.com/draw/nrl-premiership/2024/round-26/cowboys-v-storm/
20241112620,2024,26,Round 26,False,2024-08-30T08:00:00Z,Accor Stadium,Sydney,Bulldogs,Sea Eagles,22,34,12,24,FullTime,4800,35502,Good,,Ashley Klein,https://www.nrl.com/draw/nrl-premiership/2024/round-26/bulldogs-v-sea-eagles/
20241112630,2024,26,Round 26,False,2024-08-30T10:00:00Z,Penrith Park,Penrith,Panthers,Rabbitohs,34,12,18,6,FullTime,4800,20176,Good,,Peter Gough,https://www.nrl.com/draw/nrl-premiership/2024/round-26/panthers-v-rabbitohs/
20241112640,2024,26,Round 26,False,2024-08-31T05:00:00Z,CommBank Stadium,Sydney,Eels,Dragons,44,40,26,6,FullTime,4800,21623,Good,,Wyatt Raymond,https://www.nrl.com/draw/nrl-premiership/2024/round-26/eels-v-dragons/
20241112650,2024,26,Round 26,False,2024-08-31T07:30:00Z,Suncorp Stadium,Brisbane,Dolphins,Broncos,40,6,24,6,FullTime,4800,50049,Good,,Adam Gee,https://www.nrl.com/draw/nrl-premiership/2024/round-26/dolphins-v-broncos/
20241112660,2024,26,Round 26,False,2024-08-31T09:35:00Z,Ocean Protect Stadium,Sydney,Sharks,Warriors,28,30,22,4,FullTime,4800,12637,Good,,Chris Butler,https://www.nrl.com/draw/nrl-premiership/2024/round-26/sharks-v-warriors/
20241112670,2024,26,Round 26,False,2024-09-01T04:00:00Z,McDonald Jones Stadium,Newcastle,Knights,Titans,36,14,12,4,FullTime,4800,24712,Good,,Gerard Sutton,https://www.nrl.com/draw/nrl-premiership/2024/round-26/knights-v-titans/
20241112680,2024,26,Round 26,False,2024-09-01T06:05:00Z,Allianz Stadium,Sydney,Roosters,Raiders,12,14,2,10,FullTime,4800,27239,Good,,Todd Smith,https://www.nrl.com/draw/nrl-premiership/2024/round-26/roosters-v-raiders/
20241112710,2024,27,Round 27,False,2024-09-05T09:50:00Z,Suncorp Stadium,Brisbane,Broncos,Storm,12,50,6,28,FullTime,4800,35086,Good,,Todd Smith,https://www.nrl.com/draw/nrl-premiership/2024/round-27/broncos-v-storm/
20241112720,2024,27,Round 27,False,2024-09-06T08:00:00Z,Campbelltown Sports Stadium,Sydney,Wests Tigers,Eels,26,60,10,22,FullTime,4800,17311,Good,,Peter Gough,https://www.nrl.com/draw/nrl-premiership/2024/round-27/wests-tigers-v-eels/
20241112730,2024,27,Round 27,False,2024-09-06T10:00:00Z,Accor Stadium,Sydney,Rabbitohs,Roosters,28,36,10,14,FullTime,4800,19674,Good,,Grant Atkins,https://www.nrl.com/draw/nrl-premiership/2024/round-27/rabbitohs-v-roosters/
20241112740,2024,27,Round 27,False,2024-09-07T05:00:00Z,Jubilee Stadium,Sydney,Dragons,Raiders,24,26,24,10,FullTime,4800,11189,Good,,Wyatt Raymond,https://www.nrl.com/draw/nrl-premiership/2024/round-27/dragons-v-raiders/
20241112750,2024,27,Round 27,False,2024-09-07T07:30:00Z,Accor Stadium,Sydney,Bulldogs,Cowboys,6,44,0,20,FullTime,4800,32437,Good,,Gerard Sutton,https://www.nrl.com/draw/nrl-premiership/2024/round-27/bulldogs-v-cowboys/
20241112760,2024,27,Round 27,False,2024-09-07T09:35:00Z,BlueBet Stadium,Penrith,Panthers,Titans,18,12,4,6,FullTime,4800,21525,Good,,Chris Butler,https://www.nrl.com/draw/nrl-premiership/2024/round-27/panthers-v-titans/
20241112770,2024,27,Round 27,False,2024-09-08T04:00:00Z,4 Pines Park,Sydney,Sea Eagles,Sharks,20,40,8,16,FullTime,4800,17384,Good,,Adam Gee,https://www.nrl.com/draw/nrl-premiership/2024/round-27/sea-eagles-v-sharks/
20241112780,2024,27,Round 27,False,2024-09-08T06:05:00Z,McDonald Jones Stadium,Newcastle,Knights,Dolphins,14,6,6,0,FullTime,4800,29433,Good,,Ashley Klein,https://www.nrl.com/draw/nrl-premiership/2024/round-27/knights-v-dolphins/
20241112810,2024,28,Finals Week 1,True,2024-09-13T09:50:00Z,BlueBet Stadium,Penrith,Panthers,Roosters,30,10,24,0,FullTime,4800,21483,Good,,Ashley Klein,https://www.nrl.com/draw/nrl-premiership/2024/finals-week-1/game-1/
20241112820,2024,28,Finals Week 1,True,2024-09-14T06:05:00Z,AAMI Park,Melbourne,Storm,Sharks,37,10,14,10,FullTime,4800,26326,Good,,Gerard Sutton,https://www.nrl.com/draw/nrl-premiership/2024/finals-week-1/game-2/
20241112830,2024,28,Finals Week 1,True,2024-09-14T09:50:00Z,Queensland Country Bank Stadium,Townsville,Cowboys,Knights,28,16,4,12,FullTime,4800,24861,Good,,Todd Smith,https://www.nrl.com/draw/nrl-premiership/2024/finals-week-1/game-3/
20241112840,2024,28,Finals Week 1,True,2024-09-15T06:05:00Z,Accor Stadium,Sydney,Bulldogs,Sea Eagles,22,24,16,12,FullTime,4800,50714,Good,,Grant Atkins,https://www.nrl.com/draw/nrl-premiership/2024/finals-week-1/game-4/
20241112910,2024,29,Finals Week 2,True,2024-09-20T09:50:00Z,Allianz Stadium,Sydney,Sharks,Cowboys,26,18,24,0,FullTime,4800,19124,Good,,Ashley Klein,https://www.nrl.com/draw/nrl-premiership/2024/finals-week-2/game-1/
20241112920,2024,29,Finals Week 2,True,2024-09-21T09:50:00Z,Allianz Stadium,Sydney,Roosters,Sea Eagles,40,16,20,4,FullTime,4800,40818,Good,,Grant Atkins,https://www.nrl.com/draw/nrl-premiership/2024/finals-week-2/game-2/
20241113010,2024,30,Finals Week 3,True,2024-09-27T09:50:00Z,AAMI Park,Melbourne,Storm,Roosters,48,18,22,6,FullTime,4800,29213,Good,,Grant Atkins,https://www.nrl.com/draw/nrl-premiership/2024/finals-week-3/game-1/
20241113020,2024,30,Finals Week 3,True,2024-09-28T09:50:00Z,Accor Stadium,Sydney,Panthers,Sharks,26,6,10,2,FullTime,4800,33753,Slippery,,Ashley Klein,https://www.nrl.com/draw/nrl-premiership/2024/finals-week-3/game-2/
20241113110,2024,31,Grand Final,True,2024-10-06T08:30:00Z,Accor Stadium,Sydney,Storm,Panthers,6,14,6,10,FullTime,4800,80156,Good,,Ashley Klein,https://www.nrl.com/draw/nrl-premiership/2024/grand-final/storm-v-panthers/
20251110110,2025,1,Round 1,False,2025-03-02T00:00:00Z,Allegiant Stadium,Las Vegas,Raiders,Warriors,30,8,16,4,FullTime,4800,0,Good,Fine,Grant Atkins,https://www.nrl.com/draw/nrl-premiership/2025/round-1/raiders-v-warriors/
20251110120,2025,1,Round 1,False,2025-03-02T04:30:00Z,Allegiant Stadium,Las Vegas,Panthers,Sharks,28,22,12,10,FullTime,4800,0,Good,Fine,Ashley Klein,https://www.nrl.com/draw/nrl-premiership/2025/round-1/panthers-v-sharks/
20251110130,2025,1,Round 1,False,2025-03-06T09:00:00Z,Allianz Stadium,Sydney,Roosters,Broncos,14,50,4,20,FullTime,4800,23226,Heavy,Showers,Gerard Sutton,https://www.nrl.com/draw/nrl-premiership/2025/round-1/roosters-v-broncos/
20251110140,2025,1,Round 1,False,2025-03-07T07:00:00Z,Campbelltown Sports Stadium,Sydney,Wests Tigers,Knights,8,10,8,0,FullTime,4800,13160,Good,Rain,Liam Kennedy,https://www.nrl.com/draw/nrl-premiership/2025/round-1/wests-tigers-v-knights/
20251110150,2025,1,Round 1,False,2025-03-07T09:00:00Z,CommBank Stadium,Sydney,Rabbitohs,Dolphins,16,14,12,4,FullTime,4800,6738,Good,Fine,Adam Gee,https://www.nrl.com/draw/nrl-premiership/2025/round-1/dolphins-v-rabbitohs/
20251110160,2025,1,Round 1,False,2025-03-08T06:30:00Z,Netstrata Jubilee Stadium,Sydney,Dragons,Bulldogs,20,28,6,16,FullTime,4800,16211,Good,Fine,Todd Smith,https://www.nrl.com/draw/nrl-premiership/2025/round-1/dragons-v-bulldogs/
20251110170,2025,1,Round 1,False,2025-03-08T08:35:00Z,4 Pines Park,Sydney,Sea Eagles,Cowboys,42,12,24,0,FullTime,4800,17335,Good,Fine,Peter Gough,https://www.nrl.com/draw/nrl-premiership/2025/round-1/sea-eagles-v-cowboys/
20251110180,2025,1,Round 1,False,2025-03-09T05:05:00Z,AAMI Park,Melbourne,Storm,Eels,56,18,46,6,FullTime,4800,23369,Good,Fine,Wyatt Raymond,https://www.nrl.com/draw/nrl-premiership/2025/round-1/storm-v-eels/
20251110210,2025,2,Round 2,False,2025-03-13T09:00:00Z,McDonald Jones Stadium,Newcastle,Knights,Dolphins,26,12,20,6,FullTime,4800,18531,Good,Fine,Gerard Sutton,https://www.nrl.com/draw/nrl-premiership/2025/round-2/knights-v-dolphins/
20251110220,2025,2,Round 2,False,2025-03-14T07:00:00Z,Go Media Stadium,Auckland,Warriors,Sea Eagles,36,16,18,6,FullTime,4800,21212,Good,Fine,Adam Gee,https://www.nrl.com/draw/nrl-premiership/2025/round-2/warriors-v-sea-eagles/
20251110230,2025,2,Round 2,False,2025-03-14T09:00:00Z,CommBank Stadium,Sydney,Panthers,Roosters,32,38,18,18,FullTime,4800,12180,Good,Fine,Todd Smith,https://www.nrl.com/draw/nrl-premiership/2025/round-2/panthers-v-roosters/
20251110240,2025,2,Round 2,False,2025-03-15T04:00:00Z,WIN Stadium,Wollongong,Dragons,Rabbitohs,24,25,14,12,FullTime,4800,16111,Good,Fine,Ashley Klein,https://www.nrl.com/draw/nrl-premiership/2025/round-2/dragons-v-rabbitohs/
20251110250,2025,2,Round 2,False,2025-03-15T06:30:00Z,Queensland Country Bank Stadium,Townsville,Cowboys,Sharks,12,36,6,16,FullTime,4800,18714,Good,Fine,Liam Kennedy,https://www.nrl.com/draw/nrl-premiership/2025/round-2/cowboys-v-sharks/
20251110260,2025,2,Round 2,False,2025-03-15T08:35:00Z,GIO Stadium,Canberra,Raiders,Broncos,32,22,16,10,FullTime,4800,18884,Good,Fine,Wyatt Raymond,https://www.nrl.com/draw/nrl-premiership/2025/round-2/raiders-v-broncos/
20251110270,2025,2,Round 2,False,2025-03-16T05:05:00Z,CommBank Stadium,Sydney,Eels,Wests Tigers,6,32,0,16,FullTime,4800,18362,Good,Fine,Grant Atkins,https://www.nrl.com/draw/nrl-premiership/2025/round-2/eels-v-wests-tigers/
20251110280,2025,2,Round 2,False,2025-03-16T07:15:00Z,Belmore Sports Ground,Sydney,Bulldogs,Titans,40,24,22,12,FullTime,4800,17892,Good,Fine,Peter Gough,https://www.nrl.com/draw/nrl-premiership/2025/round-2/bulldogs-v-titans/
20251110310,2025,3,Round 3,False,2025-03-20T09:00:00Z,AAMI Park,Melbourne,Storm,Panthers,30,24,14,10,FullTime,4800,17586,Slippery,Showers,Adam Gee,https://www.nrl.com/draw/nrl-premiership/2025/round-3/storm-v-panthers/
20251110320,2025,3,Round 3,False,2025-03-21T07:00:00Z,Go Media Stadium,Auckland,Warriors,Roosters,14,6,4,6,FullTime,4800,23219,,,Ashley Klein,https://www.nrl.com/draw/nrl-premiership/2025/round-3/warriors-v-roosters/
20251110330,2025,3,Round 3,False,2025-03-21T09:00:00Z,Suncorp Stadium,Brisbane,Broncos,Cowboys,26,16,12,0,FullTime,4800,45317,,Fine,Todd Smith,https://www.nrl.com/draw/nrl-premiership/2025/round-3/broncos-v-cowboys/
20251110340,2025,3,Round 3,False,2025-03-22T04:00:00Z,Sharks Stadium,Sydney,Sharks,Rabbitohs,27,12,20,0,FullTime,4800,14320,Good,Fine,Gerard Sutton,https://www.nrl.com/draw/nrl-premiership/2025/round-3/sharks-v-rabbitohs/
20251110350,2025,3,Round 3,False,2025-03-22T06:30:00Z,Kayo Stadium,Redcliffe,Dolphins,Wests Tigers,18,30,18,12,FullTime,4800,10023,Good,Fine,Peter Gough,https://www.nrl.com/draw/nrl-premiership/2025/round-3/dolphins-v-wests-tigers/
20251110360,2025,3,Round 3,False,2025-03-22T08:35:00Z,Cbus Super Stadium,Gold Coast,Titans,Knights,26,6,12,0,FullTime,4800,14602,Muddy,Rain,Liam Kennedy,https://www.nrl.com/draw/nrl-premiership/2025/round-3/titans-v-knights/
20251110370,2025,3,Round 3,False,2025-03-23T05:05:00Z,CommBank Stadium,Sydney,Eels,Bulldogs,8,16,4,14,FullTime,4800,24059,Good,Fine,Wyatt Raymond,https://www.nrl.com/draw/nrl-premiership/2025/round-3/eels-v-bulldogs/
20251110380,2025,3,Round 3,False,2025-03-23T07:15:00Z,4 Pines Park,Sydney,Sea Eagles,Raiders,40,12,30,0,FullTime,4800,16125,Fair,Fine,Grant Atkins,https://www.nrl.com/draw/nrl-premiership/2025/round-3/sea-eagles-v-raiders/
20251110410,2025,4,Round 4,False,2025-03-27T09:00:00Z,Accor Stadium,Sydney,Rabbitohs,Panthers,28,18,28,0,FullTime,4800,10029,Good,Fine,Ashley Klein,https://www.nrl.com/draw/nrl-premiership/2025/round-4/rabbitohs-v-panthers/
20251110420,2025,4,Round 4,False,2025-03-28T07:00:00Z,Allianz Stadium,Sydney,Roosters,Titans,12,30,6,6,FullTime,4800,14101,Heavy,Fine,Grant Atkins,https://www.nrl.com/draw/nrl-premiership/2025/round-4/roosters-v-titans/
20251110430,2025,4,Round 4,False,2025-03-28T09:00:00Z,Suncorp Stadium,Brisbane,Dolphins,Broncos,12,20,6,16,FullTime,4800,44278,Slippery,Rain,Gerard Sutton,https://www.nrl.com/draw/nrl-premiership/2025/round-4/dolphins-v-broncos/
20251110440,2025,4,Round 4,False,2025-03-29T04:00:00Z,Jubilee Stadium,Sydney,Dragons,Storm,14,8,6,8,FullTime,4800,6211,Slippery,Rain,Peter Gough,https://www.nrl.com/draw/nrl-premiership/2025/round-4/dragons-v-storm/
20251110450,2025,4,Round 4,False,2025-03-29T06:30:00Z,Queensland Country Bank Stadium,Townsville,Cowboys,Raiders,30,20,16,8,FullTime,4800,15897,Good,Fine,Adam Gee,https://www.nrl.com/draw/nrl-premiership/2025/round-4/cowboys-v-raiders/
20251110460,2025,4,Round 4,False,2025-03-29T08:35:00Z,Sharks Stadium,Sydney,Sharks,Bulldogs,6,20,6,8,FullTime,4800,11703,Good,Fine,Chris Butler,https://www.nrl.com/draw/nrl-premiership/2025/round-4/sharks-v-bulldogs/
20251110470,2025,4,Round 4,False,2025-03-30T05:05:00Z,4 Pines Park,Sydney,Sea Eagles,Eels,26,12,12,0,FullTime,4800,17286,Good,Rain,Todd Smith,https://www.nrl.com/draw/nrl-premiership/2025/round-4/sea-eagles-v-eels/
20251110480,2025,4,Round 4,False,2025-03-30T07:15:00Z,Campbelltown Sports Stadium,Sydney,Wests Tigers,Warriors,24,26,12,12,FullTime,4800,12020,Slippery,Rain,Wyatt Raymond,https://www.nrl.com/draw/nrl-premiership/2025/round-4/wests-tigers-v-warriors/
20251110510,2025,5,Round 5,False,2025-04-03T09:00:00Z,GIO Stadium,Canberra,Raiders,Sharks,24,20,18,18,FullTime,4800,10914,Good,Fine,Todd Smith,https://www.nrl.com/draw/nrl-premiership/2025/round-5/raiders-v-sharks/
20251110520,2025,5,Round 5,False,2025-04-04T07:00:00Z,CommBank Stadium,Sydney,Panthers,Cowboys,18,22,18,12,FullTime,4800,10320,Good,Fine,Peter Gough,https://www.nrl.com/draw/nrl-premiership/2025/round-5/panthers-v-cowboys/
20251110530,2025,5,Round 5,False,2025-04-04T09:00:00Z,Accor Stadium,Sydney,Rabbitohs,Roosters,20,14,8,6,FullTime,4800,22114,Good,Fine,Adam Gee,https://www.nrl.com/draw/nrl-premiership/2025/round-5/rabbitohs-v-roosters/
20251110540,2025,5,Round 5,False,2025-04-05T04:00:00Z,CommBank Stadium,Sydney,Eels,Dragons,23,22,8,14,FullTime,5040,19302,Good,Fine,Gerard Sutton,https://www.nrl.com/draw/nrl-premiership/2025/round-5/eels-v-dragons/
20251110550,2025,5,Round 5,False,2025-04-05T06:30:00Z,Cbus Super Stadium,Gold Coast,Titans,Dolphins,10,36,0,16,FullTime,4800,15798,Good,Fine,Wyatt Raymond,https://www.nrl.com/draw/nrl-premiership/2025/round-5/titans-v-dolphins/
20251110560,2025,5,Round 5,False,2025-04-05T08:35:00Z,Suncorp Stadium,Brisbane,Broncos,Wests Tigers,46,24,14,12,FullTime,4800,41012,Good,Fine,Liam Kennedy,https://www.nrl.com/draw/nrl-premiership/2025/round-5/broncos-v-wests-tigers/
20251110570,2025,5,Round 5,False,2025-04-06T06:05:00Z,4 Pines Park,Sydney,Sea Eagles,Storm,24,48,10,18,FullTime,4800,17346,Good,Fine,Grant Atkins,https://www.nrl.com/draw/nrl-premiership/2025/round-5/sea-eagles-v-storm/
20251110580,2025,5,Round 5,False,2025-04-06T08:15:00Z,Accor Stadium,Sydney,Bulldogs,Knights,20,0,2,0,FullTime,4800,24113,Good,Fine,Ashley Klein,https://www.nrl.com/draw/nrl-premiership/2025/round-5/bulldogs-v-knights/
20251110610,2025,6,Round 6,False,2025-04-10T09:50:00Z,Suncorp Stadium,Brisbane,Dolphins,Panthers,30,12,18,6,FullTime,4800,19103,Good,Fine,Grant Atkins,https://www.nrl.com/draw/nrl-premiership/2025/round-6/dolphins-v-panthers/
20251110620,2025,6,Round 6,False,2025-04-11T08:00:00Z,WIN Stadium,Wollongong,Dragons,Titans,38,16,24,4,FullTime,4800,8510,Good,Fine,Chris Butler,https://www.nrl.com/draw/nrl-premiership/2025/round-6/dragons-v-titans/
20251110630,2025,6,Round 6,False,2025-04-11T10:00:00Z,Suncorp Stadium,Brisbane,Broncos,Roosters,16,26,12,20,FullTime,4800,40814,Good,Cloudy,Peter Gough,https://www.nrl.com/draw/nrl-premiership/2025/round-6/broncos-v-roosters/
20251110640,2025,6,Round 6,False,2025-04-12T05:00:00Z,Optus Stadium,,Sharks,Sea Eagles,24,18,8,0,FullTime,4800,26497,Good,Fine,Adam Gee,https://www.nrl.com/draw/nrl-premiership/2025/round-6/sharks-v-sea-eagles/
20251110650,2025,6,Round 6,False,2025-04-12T07:30:00Z,Optus Stadium,,Rabbitohs,Cowboys,16,24,4,6,FullTime,4800,31347,Good,Fine,Todd Smith,https://www.nrl.com/draw/nrl-premiership/2025/round-6/rabbitohs-v-cowboys/
20251110660,2025,6,Round 6,False,2025-04-12T09:35:00Z,TIO Stadium,Darwin,Eels,Raiders,12,50,6,24,FullTime,4800,9559,Good,Fine,Wyatt Raymond,https://www.nrl.com/draw/nrl-premiership/2025/round-6/eels-v-raiders/
20251110670,2025,6,Round 6,False,2025-04-13T04:00:00Z,AAMI Park,Melbourne,Storm,Warriors,42,14,36,0,FullTime,4800,26427,Good,Fine,Ashley Klein,https://www.nrl.com/draw/nrl-premiership/2025/round-6/storm-v-warriors/
20251110680,2025,6,Round 6,False,2025-04-13T06:05:00Z,McDonald Jones Stadium,Newcastle,Knights,Wests Tigers,4,20,0,14,FullTime,4800,25960,Good,Fine,Gerard Sutton,https://www.nrl.com/draw/nrl-premiership/2025/round-6/knights-v-wests-tigers/
20251110710,2025,7,Round 7,False,2025-04-17T09:50:00Z,4 Pines Park,Sydney,Sea Eagles,Dragons,18,20,0,8,FullTime,4800,17254,Good,Fine,Peter Gough,https://www.nrl.com/draw/nrl-premiership/2025/round-7/sea-eagles-v-dragons/
20251110720,2025,7,Round 7,False,2025-04-18T06:05:00Z,Accor Stadium,Sydney,Bulldogs,Rabbitohs,32,0,20,0,FullTime,4800,65305,Good,Fine,Grant Atkins,https://www.nrl.com/draw/nrl-premiership/2025/round-7/bulldogs-v-rabbitohs/
20251110730,2025,7,Round 7,False,2025-04-18T10:00:00Z,Suncorp Stadium,Brisbane,Dolphins,Storm,42,22,12,16,FullTime,4800,28024,Good,Fine,Todd Smith,https://www.nrl.com/draw/nrl-premiership/2025/round-7/dolphins-v-storm/
20251110740,2025,7,Round 7,False,2025-04-19T07:30:00Z,Go Media Stadium,Auckland,Warriors,Broncos,20,18,6,6,FullTime,4920,22395,Slippery,Showers,Chris Butler,https://www.nrl.com/draw/nrl-premiership/2025/round-7/warriors-v-broncos/
20251110750,2025,7,Round 7,False,2025-04-19T09:35:00Z,Allianz Stadium,Sydney,Roosters,Panthers,12,40,6,12,FullTime,4800,20373,Good,Fine,Gerard Sutton,https://www.nrl.com/draw/nrl-premiership/2025/round-7/roosters-v-panthers/
20251110760,2025,7,Round 7,False,2025-04-20T04:00:00Z,Cbus Super Stadium,Gold Coast,Titans,Raiders,20,30,16,16,FullTime,4800,15089,Good,Fine,Adam Gee,https://www.nrl.com/draw/nrl-premiership/2025/round-7/titans-v-raiders/
20251110770,2025,7,Round 7,False,2025-04-20T06:05:00Z,McDonald Jones Stadium,Newcastle,Knights,Sharks,14,34,4,16,FullTime,4800,24248,Good,Fine,Ashley Klein,https://www.nrl.com/draw/nrl-premiership/2025/round-7/knights-v-sharks/
20251110780,2025,7,Round 7,False,2025-04-21T06:00:00Z,CommBank Stadium,Sydney,Wests Tigers,Eels,22,38,10,10,FullTime,4800,26145,Good,Fine,Liam Kennedy,https://www.nrl.com/draw/nrl-premiership/2025/round-7/wests-tigers-v-eels/
20251110810,2025,8,Round 8,False,2025-04-24T09:50:00Z,Suncorp Stadium,Brisbane,Broncos,Bulldogs,42,18,34,0,FullTime,4800,40233,Muddy,Rain,Gerard Sutton,https://www.nrl.com/draw/nrl-premiership/2025/round-8/broncos-v-bulldogs/
20251110820,2025,8,Round 8,False,2025-04-25T06:00:00Z,Allianz Stadium,Sydney,Roosters,Dragons,46,18,20,6,FullTime,4800,41021,Good,Fine,Todd Smith,https://www.nrl.com/draw/nrl-premiership/2025/round-8/roosters-v-dragons/
20251110830,2025,8,Round 8,False,2025-04-25T08:05:00Z,Apollo Projects Stadium,Christchurch,Warriors,Knights,26,12,16,0,FullTime,4800,17095,Good,Fine,Wyatt Raymond,https://www.nrl.com/draw/nrl-premiership/2025/round-8/warriors-v-knights/
20251110840,2025,8,Round 8,False,2025-04-25T10:10:00Z,AAMI Park,Melbourne,Storm,Rabbitohs,24,16,10,10,FullTime,4800,26010,Slippery,Fine,Peter Gough,https://www.nrl.com/draw/nrl-premiership/2025/round-8/storm-v-rabbitohs/
20251110850,2025,8,Round 8,False,2025-04-26T07:30:00Z,Queensland Country Bank Stadium,Townsville,Cowboys,Titans,50,18,12,18,FullTime,4800,20489,Good,Fine,Chris Butler,https://www.nrl.com/draw/nrl-premiership/2025/round-8/cowboys-v-titans/
20251110860,2025,8,Round 8,False,2025-04-26T09:35:00Z,CommBank Stadium,Sydney,Panthers,Sea Eagles,10,26,0,14,FullTime,4800,14534,Good,Fine,Belinda Sharpe,https://www.nrl.com/draw/nrl-premiership/2025/round-8/panthers-v-sea-eagles/
20251110870,2025,8,Round 8,False,2025-04-27T04:00:00Z,GIO Stadium,Canberra,Raiders,Dolphins,40,28,10,28,FullTime,4800,15686,Good,Fine,Ashley Klein,https://www.nrl.com/draw/nrl-premiership/2025/round-8/raiders-v-dolphins/
20251110880,2025,8,Round 8,False,2025-04-27T06:05:00Z,Leichhardt Oval,Sydney,Wests Tigers,Sharks,20,18,10,6,FullTime,5340,14812,Good,Fine,Grant Atkins,https://www.nrl.com/draw/nrl-premiership/2025/round-8/wests-tigers-v-sharks/
20251110910,2025,9,Round 9,False,2025-05-02T08:00:00Z,Suncorp Stadium,Brisbane,Sharks,Eels,28,18,12,6,FullTime,4800,44613,Good,Fine,Peter Gough,https://www.nrl.com/draw/nrl-premiership/2025/round-9/sharks-v-eels/
20251110920,2025,9,Round 9,False,2025-05-02T10:05:00Z,Suncorp Stadium,Brisbane,Roosters,Dolphins,36,26,14,8,FullTime,4800,48359,Good,Fine,Grant Atkins,https://www.nrl.com/draw/nrl-premiership/2025/round-9/roosters-v-dolphins/
20251110930,2025,9,Round 9,False,2025-05-03T05:00:00Z,Suncorp Stadium,Brisbane,Rabbitohs,Knights,4,30,0,18,FullTime,4800,39682,Slippery,Showers,Liam Kennedy,https://www.nrl.com/draw/nrl-premiership/2025/round-9/rabbitohs-v-knights/
20251110940,2025,9,Round 9,False,2025-05-03T07:30:00Z,Suncorp Stadium,Brisbane,Warriors,Cowboys,30,26,28,12,FullTime,4800,49512,Slippery,Showers,Adam Gee,https://www.nrl.com/draw/nrl-premiership/2025/round-9/warriors-v-cowboys/
20251110950,2025,9,Round 9,False,2025-05-03T09:45:00Z,Suncorp Stadium,Brisbane,Wests Tigers,Dragons,34,28,26,10,FullTime,4800,50638,Slippery,Showers,Wyatt Raymond,https://www.nrl.com/draw/nrl-premiership/2025/round-9/wests-tigers-v-dragons/
20251110960,2025,9,Round 9,False,2025-05-04T03:50:00Z,Suncorp Stadium,Brisbane,Titans,Bulldogs,18,38,8,14,FullTime,4800,39581,Good,Fine,Todd Smith,https://www.nrl.com/draw/nrl-premiership/2025/round-9/titans-v-bulldogs/
20251110970,2025,9,Round 9,False,2025-05-04T06:05:00Z,Suncorp Stadium,Brisbane,Panthers,Broncos,32,8,20,8,FullTime,4800,50309,Good,Showers,Ashley Klein,https://www.nrl.com/draw/nrl-premiership/2025/round-9/panthers-v-broncos/
20251110980,2025,9,Round 9,False,2025-05-04T08:25:00Z,Suncorp Stadium,Brisbane,Storm,Raiders,18,20,14,12,FullTime,5100,49057,Slippery,Showers,Gerard Sutton,https://www.nrl.com/draw/nrl-premiership/2025/round-9/storm-v-raiders/
20251111010,2025,10,Round 10,False,2025-05-08T09:50:00Z,CommBank Stadium,Sydney,Eels,Dolphins,16,20,6,6,FullTime,4800,11214,Good,Fine,Wyatt Raymond,https://www.nrl.com/draw/nrl-premiership/2025/round-10/eels-v-dolphins/
20251111020,2025,10,Round 10,False,2025-05-09T08:00:00Z,McDonald Jones Stadium,Newcastle,Knights,Titans,20,24,20,6,FullTime,4800,15193,Good,Fine,Belinda Sharpe,https://www.nrl.com/draw/nrl-premiership/2025/round-10/knights-v-titans/
20251111030,2025,10,Round 10,False,2025-05-09T10:00:00Z,Accor Stadium,Sydney,Rabbitohs,Broncos,22,14,0,14,FullTime,4800,13747,Slippery,Showers,Peter Gough,https://www.nrl.com/draw/nrl-premiership/2025/round-10/rabbitohs-v-broncos/
20251111040,2025,10,Round 10,False,2025-05-10T05:00:00Z,GIO Stadium,Canberra,Raiders,Bulldogs,20,32,20,0,FullTime,4800,23867,Good,Fine,Adam Gee,https://www.nrl.com/draw/nrl-premiership/2025/round-10/raiders-v-bulldogs/
20251111050,2025,10,Round 10,False,2025-05-10T07:30:00Z,WIN Stadium,Wollongong,Dragons,Warriors,14,15,4,14,FullTime,4800,12919,Good,Fine,Liam Kennedy,https://www.nrl.com/draw/nrl-premiership/2025/round-10/dragons-v-warriors/
20251111060,2025,10,Round 10,False,2025-05-10T09:35:00Z,Queensland Country Bank Stadium,Townsville,Cowboys,Panthers,30,30,12,18,FullTime,5400,19324,Good,Fine,Todd Smith,https://www.nrl.com/draw/nrl-premiership/2025/round-10/cowboys-v-panthers/
20251111070,2025,10,Round 10,False,2025-05-11T04:00:00Z,AAMI Park,Melbourne,Storm,Wests Tigers,64,0,34,0,FullTime,4800,17376,Good,Fine,Grant Atkins,https://www.nrl.com/draw/nrl-premiership/2025/round-10/storm-v-wests-tigers/
20251111080,2025,10,Round 10,False,2025-05-11T06:05:00Z,4 Pines Park,Sydney,Sea Eagles,Sharks,14,30,0,14,FullTime,4800,15823,Good,Partly Cloudy,Gerard Sutton,https://www.nrl.com/draw/nrl-premiership/2025/round-10/sea-eagles-v-sharks/
20251111110,2025,11,Round 11,False,2025-05-16T08:00:00Z,McDonald Jones Stadium,Newcastle,Knights,Eels,6,28,0,10,FullTime,4800,20125,Good,Fine,Todd Smith,https://www.nrl.com/draw/nrl-premiership/2025/round-11/knights-v-eels/
20251111120,2025,11,Round 11,False,2025-05-16T10:00:00Z,Accor Stadium,Sydney,Bulldogs,Roosters,24,20,0,14,FullTime,4800,30166,Fair,Showers,Ashley Klein,https://www.nrl.com/draw/nrl-premiership/2025/round-11/bulldogs-v-roosters/
20251111130,2025,11,Round 11,False,2025-05-17T05:00:00Z,Suncorp Stadium,Brisbane,Dolphins,Warriors,12,16,0,10,FullTime,4800,32165,Good,Fine,Peter Gough,https://www.nrl.com/draw/nrl-premiership/2025/round-11/dolphins-v-warriors/
20251111140,2025,11,Round 11,False,2025-05-17T07:30:00Z,Queensland Country Bank Stadium,Townsville,Cowboys,Sea Eagles,6,24,6,6,FullTime,4800,18965,Good,Fine,Grant Atkins,https://www.nrl.com/draw/nrl-premiership/2025/round-11/cowboys-v-sea-eagles/
20251111150,2025,11,Round 11,False,2025-05-17T09:35:00Z,Sharks Stadium,Sydney,Sharks,Storm,31,26,25,12,FullTime,4800,11570,Good,Fine,Adam Gee,https://www.nrl.com/draw/nrl-premiership/2025/round-11/sharks-v-storm/
20251111160,2025,11,Round 11,False,2025-05-18T04:00:00Z,Suncorp Stadium,Brisbane,Broncos,Dragons,26,30,12,4,FullTime,4800,38016,Good,Fine,Gerard Sutton,https://www.nrl.com/draw/nrl-premiership/2025/round-11/broncos-v-dragons/
20251111170,2025,11,Round 11,False,2025-05-18T06:05:00Z,GIO Stadium,Canberra,Raiders,Titans,40,24,18,12,FullTime,4800,9650,Good,Fine,Liam Kennedy,https://www.nrl.com/draw/nrl-premiership/2025/round-11/raiders-v-titans/
20251111180,2025,11,Round 11,False,2025-05-18T08:15:00Z,Campbelltown Sports Stadium,Sydney,Wests Tigers,Rabbitohs,12,22,6,12,FullTime,4800,11102,Slippery,Showers,Wyatt Raymond,https://www.nrl.com/draw/nrl-premiership/2025/round-11/wests-tigers-v-rabbitohs/
20251111210,2025,12,Round 12,False,2025-05-22T09:50:00Z,Accor Stadium,Sydney,Bulldogs,Dolphins,8,44,8,14,FullTime,4800,10412,Slippery,Rain,Todd Smith,https://www.nrl.com/draw/nrl-premiership/2025/round-12/bulldogs-v-dolphins/
20251111220,2025,12,Round 12,False,2025-05-23T10:00:00Z,CommBank Stadium,Sydney,Eels,Sea Eagles,30,10,16,10,FullTime,4800,13425,Good,Fine,Liam Kennedy,https://www.nrl.com/draw/nrl-premiership/2025/round-12/eels-v-sea-eagles/
20251111230,2025,12,Round 12,False,2025-05-24T07:30:00Z,Carrington Park,Bathurst,Panthers,Knights,6,25,0,24,FullTime,4800,12000,Good,Fine,Belinda Sharpe,https://www.nrl.com/draw/nrl-premiership/2025/round-12/panthers-v-knights/
20251111240,2025,12,Round 12,False,2025-05-24T09:35:00Z,Industree Group Stadium,Gosford,Roosters,Sharks,42,16,20,6,FullTime,4800,13399,Good,Fine,Grant Atkins,https://www.nrl.com/draw/nrl-premiership/2025/round-12/roosters-v-sharks/
20251111250,2025,12,Round 12,False,2025-05-25T06:05:00Z,Go Media Stadium,Auckland,Warriors,Raiders,10,16,8,8,FullTime,4800,26512,Good,Rain,Adam Gee,https://www.nrl.com/draw/nrl-premiership/2025/round-12/warriors-v-raiders/
20251111310,2025,13,Round 13,False,2025-05-30T10:00:00Z,Jubilee Stadium,Sydney,Dragons,Knights,20,6,18,0,FullTime,4800,10411,Slippery,Fine,Grant Atkins,https://www.nrl.com/draw/nrl-premiership/2025/round-13/dragons-v-knights/
20251111320,2025,13,Round 13,False,2025-05-31T05:00:00Z,Cbus Super Stadium,Gold Coast,Titans,Storm,16,28,6,16,FullTime,4800,13509,Good,Rain,Ziggy Przeklasa-Adamski,https://www.nrl.com/draw/nrl-premiership/2025/round-13/titans-v-storm/
20251111330,2025,13,Round 13,False,2025-05-31T07:30:00Z,Queensland Country Bank Stadium,Townsville,Cowboys,Wests Tigers,32,28,18,6,FullTime,4800,17470,Good,Fine,Gerard Sutton,https://www.nrl.com/draw/nrl-premiership/2025/round-13/cowboys-v-wests-tigers/
20251111340,2025,13,Round 13,False,2025-05-31T09:35:00Z,4 Pines Park,Sydney,Sea Eagles,Broncos,34,6,22,6,FullTime,4800,17375,Good,Fine,Adam Gee,https://www.nrl.com/draw/nrl-premiership/2025/round-13/sea-eagles-v-broncos/
20251111350,2025,13,Round 13,False,2025-06-01T04:00:00Z,Accor Stadium,Sydney,Rabbitohs,Warriors,30,36,12,14,FullTime,4800,16237,Good,Fine,Wyatt Raymond,https://www.nrl.com/draw/nrl-premiership/2025/round-13/rabbitohs-v-warriors/
20251111360,2025,13,Round 13,False,2025-06-01T06:05:00Z,CommBank Stadium,Sydney,Panthers,Eels,18,10,6,4,FullTime,4800,21282,Good,Fine,Peter Gough,https://www.nrl.com/draw/nrl-premiership/2025/round-13/panthers-v-eels/
20251111370,2025,13,Round 13,False,2025-06-01T08:15:00Z,Allianz Stadium,Sydney,Roosters,Raiders,24,26,12,4,FullTime,4800,17223,Good,Fine,Ashley Klein,https://www.nrl.com/draw/nrl-premiership/2025/round-13/roosters-v-raiders/
20251111410,2025,14,Round 14,False,2025-06-05T09:50:00Z,McDonald Jones Stadium,Newcastle,Knights,Sea Eagles,26,22,0,16,FullTime,4920,16027,Good,Fine,Wyatt Raymond,https://www.nrl.com/draw/nrl-premiership/2025/round-14/knights-v-sea-eagles/
20251111420,2025,14,Round 14,False,2025-06-06T08:00:00Z,AAMI Park,Melbourne,Storm,Cowboys,38,14,18,4,FullTime,4800,19096,Good,Light Rain,Grant Atkins,https://www.nrl.com/draw/nrl-premiership/2025/round-14/storm-v-cowboys/
20251111430,2025,14,Round 14,False,2025-06-06T10:00:00Z,Suncorp Stadium,Brisbane,Dolphins,Dragons,56,6,28,2,FullTime,4800,19513,Good,Fine,Adam Gee,https://www.nrl.com/draw/nrl-premiership/2025/round-14/dolphins-v-dragons/
20251111440,2025,14,Round 14,False,2025-06-07T07:30:00Z,Sharks Stadium,Sydney,Sharks,Warriors,10,40,10,12,FullTime,4800,13727,Good,Fine,Peter Gough,https://www.nrl.com/draw/nrl-premiership/2025/round-14/sharks-v-warriors/
20251111450,2025,14,Round 14,False,2025-06-07T09:35:00Z,Suncorp Stadium,Brisbane,Broncos,Titans,44,14,28,0,FullTime,4800,39884,Slippery,Fine,Ashley Klein,https://www.nrl.com/draw/nrl-premiership/2025/round-14/broncos-v-titans/
20251111460,2025,14,Round 14,False,2025-06-08T04:00:00Z,GIO Stadium,Canberra,Raiders,Rabbitohs,36,12,6,12,FullTime,4800,19438,Good,Light Rain,Todd Smith,https://www.nrl.com/draw/nrl-premiership/2025/round-14/raiders-v-rabbitohs/
20251111470,2025,14,Round 14,False,2025-06-08T06:05:00Z,CommBank Stadium,Sydney,Wests Tigers,Panthers,14,18,10,10,FullTime,4800,17708,Good,Fine,Ziggy Przeklasa-Adamski,https://www.nrl.com/draw/nrl-premiership/2025/round-14/wests-tigers-v-panthers/
20251111480,2025,14,Round 14,False,2025-06-09T06:00:00Z,Accor Stadium,Sydney,Bulldogs,Eels,30,12,12,12,FullTime,4800,59878,Good,Rain,Gerard Sutton,https://www.nrl.com/draw/nrl-premiership/2025/round-14/bulldogs-v-eels/
20251111510,2025,15,Round 15,False,2025-06-12T09:50:00Z,Sharks Stadium,Sydney,Sharks,Dragons,30,18,6,18,FullTime,4800,8573,Good,Fine,Grant Atkins,https://www.nrl.com/draw/nrl-premiership/2025/round-15/sharks-v-dragons/
20251111520,2025,15,Round 15,False,2025-06-13T10:00:00Z,Cbus Super Stadium,Gold Coast,Titans,Sea Eagles,28,8,22,8,FullTime,4800,13708,Good,Fine,Peter Gough,https://www.nrl.com/draw/nrl-premiership/2025/round-15/titans-v-sea-eagles/
20251111530,2025,15,Round 15,False,2025-06-14T07:30:00Z,McDonald Jones Stadium,Newcastle,Knights,Roosters,8,12,6,0,FullTime,4800,24849,Good,Showers,Gerard Sutton,https://www.nrl.com/draw/nrl-premiership/2025/round-15/knights-v-roosters/
20251111540,2025,15,Round 15,False,2025-06-14T09:35:00Z,Queensland Country Bank Stadium,Townsville,Cowboys,Dolphins,4,58,4,22,FullTime,4800,18343,Good,Fine,Todd Smith,https://www.nrl.com/draw/nrl-premiership/2025/round-15/cowboys-v-dolphins/
20251111550,2025,15,Round 15,False,2025-06-15T06:05:00Z,Accor Stadium,Sydney,Rabbitohs,Bulldogs,18,24,4,18,FullTime,4800,23871,Good,Rain,Adam Gee,https://www.nrl.com/draw/nrl-premiership/2025/round-15/rabbitohs-v-bulldogs/
20251111610,2025,16,Round 16,False,2025-06-20T10:00:00Z,Campbelltown Sports Stadium,Sydney,Wests Tigers,Raiders,12,16,0,16,FullTime,4800,9328,Good,Fine,Adam Gee,https://www.nrl.com/draw/nrl-premiership/2025/round-16/wests-tigers-v-raiders/
20251111620,2025,16,Round 16,False,2025-06-21T05:00:00Z,Go Media Stadium,Auckland,Warriors,Panthers,18,28,6,8,FullTime,4800,25012,Good,Fine,Todd Smith,https://www.nrl.com/draw/nrl-premiership/2025/round-16/warriors-v-panthers/
20251111630,2025,16,Round 16,False,2025-06-21T07:30:00Z,HBF Park,Perth,Dolphins,Knights,20,26,10,16,FullTime,4800,10077,Good,Light Rain,Grant Atkins,https://www.nrl.com/draw/nrl-premiership/2025/round-16/dolphins-v-knights/
20251111640,2025,16,Round 16,False,2025-06-21T09:35:00Z,Accor Stadium,Sydney,Rabbitohs,Storm,24,25,4,12,FullTime,5040,10093,Good,Fine,Peter Gough,https://www.nrl.com/draw/nrl-premiership/2025/round-16/rabbitohs-v-storm/
20251111650,2025,16,Round 16,False,2025-06-22T04:00:00Z,Suncorp Stadium,Brisbane,Broncos,Sharks,34,28,12,22,FullTime,4800,39042,Good,Fine,Wyatt Raymond,https://www.nrl.com/draw/nrl-premiership/2025/round-16/broncos-v-sharks/
20251111660,2025,16,Round 16,False,2025-06-22T06:05:00Z,Allianz Stadium,Sydney,Roosters,Cowboys,42,8,18,4,FullTime,4800,21143,Good,Fine,Ashley Klein,https://www.nrl.com/draw/nrl-premiership/2025/round-16/roosters-v-cowboys/
20251111670,2025,16,Round 16,False,2025-06-22T08:15:00Z,CommBank Stadium,Sydney,Eels,Titans,36,20,18,16,FullTime,4800,8074,Good,Fine,Gerard Sutton,https://www.nrl.com/draw/nrl-premiership/2025/round-16/eels-v-titans/
20251111710,2025,17,Round 17,False,2025-06-26T09:50:00Z,CommBank Stadium,Sydney,Panthers,Bulldogs,8,6,2,6,FullTime,4800,16738,Good,Fine,Grant Atkins,https://www.nrl.com/draw/nrl-premiership/2025/round-17/panthers-v-bulldogs/
20251111720,2025,17,Round 17,False,2025-06-27T08:00:00Z,4 Pines Park,Sydney,Sea Eagles,Wests Tigers,28,10,6,0,FullTime,4800,17055,Good,Showers,Gerard Sutton,https://www.nrl.com/draw/nrl-premiership/2025/round-17/sea-eagles-v-wests-tigers/
20251111730,2025,17,Round 17,False,2025-06-27T10:00:00Z,McDonald Jones Stadium,Newcastle,Knights,Raiders,18,22,0,16,FullTime,4800,17527,Slippery,Showers,Peter Gough,https://www.nrl.com/draw/nrl-premiership/2025/round-17/knights-v-raiders/
20251111740,2025,17,Round 17,False,2025-06-28T05:00:00Z,Suncorp Stadium,Brisbane,Broncos,Warriors,26,12,18,0,FullTime,4800,43424,Good,Fine,Adam Gee,https://www.nrl.com/draw/nrl-premiership/2025/round-17/broncos-v-warriors/
20251111750,2025,17,Round 17,False,2025-06-28T07:30:00Z,WIN Stadium,Wollongong,Dragons,Eels,34,20,26,4,FullTime,4800,18191,Good,Fine,Liam Kennedy,https://www.nrl.com/draw/nrl-premiership/2025/round-17/dragons-v-eels/
20251111760,2025,17,Round 17,False,2025-06-28T09:50:00Z,Suncorp Stadium,Brisbane,Dolphins,Rabbitohs,50,28,30,6,FullTime,4800,22041,Good,Fine,Todd Smith,https://www.nrl.com/draw/nrl-premiership/2025/round-17/rabbitohs-v-dolphins/
20251111770,2025,17,Round 17,False,2025-06-29T04:00:00Z,AAMI Park,Melbourne,Storm,Sharks,30,6,10,6,FullTime,4800,21399,Good,Fine,Ashley Klein,https://www.nrl.com/draw/nrl-premiership/2025/round-17/storm-v-sharks/
20251111780,2025,17,Round 17,False,2025-06-29T06:05:00Z,Cbus Super Stadium,Gold Coast,Titans,Cowboys,24,30,6,12,FullTime,4800,13882,Slippery,Rain,Wyatt Raymond,https://www.nrl.com/draw/nrl-premiership/2025/round-17/titans-v-cowboys/
20251111810,2025,18,Round 18,False,2025-07-04T10:00:00Z,Accor Stadium,Sydney,Bulldogs,Broncos,18,22,16,0,FullTime,4800,25234,Good,Fine,Todd Smith,https://www.nrl.com/draw/nrl-premiership/2025/round-18/bulldogs-v-broncos/
20251111820,2025,18,Round 18,False,2025-07-05T07:30:00Z,GIO Stadium,Canberra,Raiders,Dragons,28,24,12,6,FullTime,4800,15932,Good,Fine,Gerard Sutton,https://www.nrl.com/draw/nrl-premiership/2025/round-18/raiders-v-dragons/
20251111830,2025,18,Round 18,False,2025-07-05T09:35:00Z,Queensland Country Bank Stadium,Townsville,Cowboys,Storm,20,26,12,12,FullTime,4800,20383,Good,Fine,Liam Kennedy,https://www.nrl.com/draw/nrl-premiership/2025/round-18/cowboys-v-storm/
20251111840,2025,18,Round 18,False,2025-07-06T04:00:00Z,Allianz Stadium,Sydney,Roosters,Wests Tigers,28,30,10,20,FullTime,4800,24311,Good,Fine,Peter Gough,https://www.nrl.com/draw/nrl-premiership/2025/round-18/roosters-v-wests-tigers/
20251111850,2025,18,Round 18,False,2025-07-06T06:05:00Z,4 Pines Park,Sydney,Sea Eagles,Rabbitohs,30,12,14,0,FullTime,4800,17298,Good,Fine,Wyatt Raymond,https://www.nrl.com/draw/nrl-premiership/2025/round-18/sea-eagles-v-rabbitohs/
20251111910,2025,19,Round 19,False,2025-07-11T10:00:00Z,Sharks Stadium,Sydney,Sharks,Dolphins,24,12,6,0,FullTime,4800,9658,Good,Fine,Adam Gee,https://www.nrl.com/draw/nrl-premiership/2025/round-19/sharks-v-dolphins/
20251111920,2025,19,Round 19,False,2025-07-12T05:00:00Z,McDonald Jones Stadium,Newcastle,Knights,Storm,14,32,8,6,FullTime,4800,21017,Good,Fine,Todd Smith,https://www.nrl.com/draw/nrl-premiership/2025/round-19/knights-v-storm/
20251111930,2025,19,Round 19,False,2025-07-12T07:30:00Z,Jubilee Stadium,Sydney,Dragons,Roosters,24,31,18,19,FullTime,4800,13856,Good,Fine,Grant Atkins,https://www.nrl.com/draw/nrl-premiership/2025/round-19/dragons-v-roosters/
20251111940,2025,19,Round 19,False,2025-07-12T09:35:00Z,Queensland Country Bank Stadium,Townsville,Cowboys,Bulldogs,8,12,8,12,FullTime,4800,18778,Good,Fine,Wyatt Raymond,https://www.nrl.com/draw/nrl-premiership/2025/round-19/cowboys-v-bulldogs/
20251111950,2025,19,Round 19,False,2025-07-13T04:00:00Z,Go Media Stadium,Auckland,Warriors,Wests Tigers,34,14,16,8,FullTime,4800,24112,Slippery,Fine,Gerard Sutton,https://www.nrl.com/draw/nrl-premiership/2025/round-19/warriors-v-wests-tigers/
20251111960,2025,19,Round 19,False,2025-07-13T06:05:00Z,CommBank Stadium,Sydney,Eels,Panthers,10,32,10,12,FullTime,4800,22792,Good,Fine,Peter Gough,https://www.nrl.com/draw/nrl-premiership/2025/round-19/eels-v-panthers/
20251111970,2025,19,Round 19,False,2025-07-13T08:15:00Z,Cbus Super Stadium,Gold Coast,Titans,Broncos,14,26,2,14,FullTime,4800,24553,Good,Fine,Liam Kennedy,https://www.nrl.com/draw/nrl-premiership/2025/round-19/titans-v-broncos/
20251112010,2025,20,Round 20,False,2025-07-17T09:50:00Z,Suncorp Stadium,Brisbane,Dolphins,Cowboys,43,24,24,6,FullTime,4800,23172,Good,Fine,Peter Gough,https://www.nrl.com/draw/nrl-premiership/2025/round-20/dolphins-v-cowboys/
20251112020,2025,20,Round 20,False,2025-07-18T08:00:00Z,Sharks Stadium,Sydney,Sharks,Roosters,31,18,20,12,FullTime,4800,11846,Good,Fine,Todd Smith,https://www.nrl.com/draw/nrl-premiership/2025/round-20/sharks-v-roosters/
20251112030,2025,20,Round 20,False,2025-07-18T10:00:00Z,CommBank Stadium,Sydney,Panthers,Rabbitohs,30,10,18,0,FullTime,4800,11836,Good,Fine,Gerard Sutton,https://www.nrl.com/draw/nrl-premiership/2025/round-20/panthers-v-rabbitohs/
20251112040,2025,20,Round 20,False,2025-07-19T05:00:00Z,GIO Stadium,Canberra,Raiders,Eels,40,16,12,16,FullTime,4800,20751,Good,Fine,Ashley Klein,https://www.nrl.com/draw/nrl-premiership/2025/round-20/raiders-v-eels/
20251112050,2025,20,Round 20,False,2025-07-19T07:30:00Z,Accor Stadium,Sydney,Bulldogs,Dragons,20,18,16,8,FullTime,4800,30115,Good,Fine,Adam Gee,https://www.nrl.com/draw/nrl-premiership/2025/round-20/bulldogs-v-dragons/
20251112060,2025,20,Round 20,False,2025-07-19T09:35:00Z,AAMI Park,Melbourne,Storm,Sea Eagles,16,18,6,16,FullTime,4800,19011,Good,Fine,Wyatt Raymond,https://www.nrl.com/draw/nrl-premiership/2025/round-20/storm-v-sea-eagles/
20251112070,2025,20,Round 20,False,2025-07-20T04:00:00Z,Leichhardt Oval,Sydney,Wests Tigers,Titans,21,20,12,14,FullTime,4800,16073,Good,Fine,Belinda Sharpe,https://www.nrl.com/draw/nrl-premiership/2025/round-20/wests-tigers-v-titans/
20251112080,2025,20,Round 20,False,2025-07-20T06:05:00Z,McDonald Jones Stadium,Newcastle,Knights,Warriors,15,20,12,6,FullTime,4800,21117,Good,Fine,Grant Atkins,https://www.nrl.com/draw/nrl-premiership/2025/round-20/knights-v-warriors/
20251112110,2025,21,Round 21,False,2025-07-24T09:50:00Z,Allianz Stadium,Sydney,Roosters,Storm,30,34,18,16,FullTime,4800,13991,Good,Fine,Adam Gee,https://www.nrl.com/draw/nrl-premiership/2025/round-21/roosters-v-storm/
20251112120,2025,21,Round 21,False,2025-07-25T08:00:00Z,Queensland Country Bank Stadium,Townsville,Cowboys,Dragons,38,32,28,12,FullTime,4800,0,Good,Fine,Grant Atkins,https://www.nrl.com/draw/nrl-premiership/2025/round-21/cowboys-v-dragons/
20251112130,2025,21,Round 21,False,2025-07-25T10:00:00Z,Suncorp Stadium,Brisbane,Broncos,Eels,20,22,14,12,FullTime,4800,39057,Good,Fine,Todd Smith,https://www.nrl.com/draw/nrl-premiership/2025/round-21/broncos-v-eels/
20251112140,2025,21,Round 21,False,2025-07-26T05:00:00Z,Go Media Stadium,Auckland,Warriors,Titans,16,24,10,12,FullTime,4800,24212,Good,Fine,Gerard Sutton,https://www.nrl.com/draw/nrl-premiership/2025/round-21/warriors-v-titans/
20251112150,2025,21,Round 21,False,2025-07-26T07:30:00Z,CommBank Stadium,Sydney,Panthers,Wests Tigers,36,2,18,2,FullTime,4800,16753,Good,Fine,Peter Gough,https://www.nrl.com/draw/nrl-premiership/2025/round-21/panthers-v-wests-tigers/
20251112160,2025,21,Round 21,False,2025-07-26T09:35:00Z,Polytec Stadium,Gosford,Rabbitohs,Sharks,12,14,6,2,FullTime,4800,13896,Good,Fine,Belinda Sharpe,https://www.nrl.com/draw/nrl-premiership/2025/round-21/rabbitohs-v-sharks/
20251112170,2025,21,Round 21,False,2025-07-27T04:00:00Z,GIO Stadium,Canberra,Raiders,Knights,44,18,18,18,FullTime,4800,11068,Good,Showers,Wyatt Raymond,https://www.nrl.com/draw/nrl-premiership/2025/round-21/raiders-v-knights/
20251112180,2025,21,Round 21,False,2025-07-27T06:05:00Z,Allianz Stadium,Sydney,Bulldogs,Sea Eagles,42,4,12,4,FullTime,4800,25801,Good,Fine,Ashley Klein,https://www.nrl.com/draw/nrl-premiership/2025/round-21/bulldogs-v-sea-eagles/
20251112210,2025,22,Round 22,False,2025-07-31T09:50:00Z,CommBank Stadium,Sydney,Eels,Storm,10,16,4,10,FullTime,4800,9402,Slippery,Fine,Gerard Sutton,https://www.nrl.com/draw/nrl-premiership/2025/round-22/eels-v-storm/
20251112220,2025,22,Round 22,False,2025-08-01T08:00:00Z,Go Media Stadium,Auckland,Warriors,Dolphins,18,20,12,16,FullTime,4800,23012,Good,Fine,Ashley Klein,https://www.nrl.com/draw/nrl-premiership/2025/round-22/warriors-v-dolphins/
20251112230,2025,22,Round 22,False,2025-08-01T10:00:00Z,Suncorp Stadium,Brisbane,Broncos,Rabbitohs,60,14,18,8,FullTime,4800,38430,Good,Fine,Peter Gough,https://www.nrl.com/draw/nrl-premiership/2025/round-22/broncos-v-rabbitohs/
20251112240,2025,22,Round 22,False,2025-08-02T05:00:00Z,Cbus Super Stadium,Gold Coast,Titans,Panthers,26,30,0,24,FullTime,5040,18174,Good,Fine,Liam Kennedy,https://www.nrl.com/draw/nrl-premiership/2025/round-22/titans-v-panthers/
20251112250,2025,22,Round 22,False,2025-08-02T07:30:00Z,WIN Stadium,Wollongong,Dragons,Raiders,18,12,10,10,FullTime,4800,8567,Slippery,Showers,Todd Smith,https://www.nrl.com/draw/nrl-premiership/2025/round-22/dragons-v-raiders/
20251112260,2025,22,Round 22,False,2025-08-02T09:35:00Z,4 Pines Park,Sydney,Sea Eagles,Roosters,4,20,4,12,FullTime,4800,12478,Slippery,Rain,Grant Atkins,https://www.nrl.com/draw/nrl-premiership/2025/round-22/sea-eagles-v-roosters/
20251112270,2025,22,Round 22,False,2025-08-03T04:00:00Z,CommBank Stadium,Sydney,Wests Tigers,Bulldogs,28,14,20,4,FullTime,4800,17423,Slippery,Rain,Wyatt Raymond,https://www.nrl.com/draw/nrl-premiership/2025/round-22/wests-tigers-v-bulldogs/
20251112280,2025,22,Round 22,False,2025-08-03T06:05:00Z,Sharks Stadium,Sydney,Sharks,Cowboys,32,12,26,0,FullTime,4800,6321,Wet,Rain,Adam Gee,https://www.nrl.com/draw/nrl-premiership/2025/round-22/sharks-v-cowboys/
20251112310,2025,23,Round 23,False,2025-08-07T09:50:00Z,AAMI Park,Melbourne,Storm,Broncos,22,2,12,2,FullTime,4800,21324,Good,Fine,Grant Atkins,https://www.nrl.com/draw/nrl-premiership/2025/round-23/storm-v-broncos/
20251112320,2025,23,Round 23,False,2025-08-08T08:00:00Z,McDonald Jones Stadium,Newcastle,Knights,Panthers,12,48,0,26,FullTime,4800,20197,Heavy,Rain,Wyatt Raymond,https://www.nrl.com/draw/nrl-premiership/2025/round-23/knights-v-panthers/
20251112330,2025,23,Round 23,False,2025-08-08T10:00:00Z,GIO Stadium,Canberra,Raiders,Sea Eagles,28,12,10,6,FullTime,4800,14527,Good,Fine,Peter Gough,https://www.nrl.com/draw/nrl-premiership/2025/round-23/raiders-v-sea-eagles/
20251112340,2025,23,Round 23,False,2025-08-09T05:00:00Z,Jubilee Stadium,Sydney,Dragons,Sharks,22,14,16,14,FullTime,4800,11861,Good,Showers,Ashley Klein,https://www.nrl.com/draw/nrl-premiership/2025/round-23/dragons-v-sharks/
20251112350,2025,23,Round 23,False,2025-08-09T07:30:00Z,Suncorp Stadium,Brisbane,Dolphins,Roosters,12,64,6,36,FullTime,4800,24117,Good,Fine,Gerard Sutton,https://www.nrl.com/draw/nrl-premiership/2025/round-23/dolphins-v-roosters/
20251112360,2025,23,Round 23,False,2025-08-09T09:35:00Z,Accor Stadium,Sydney,Bulldogs,Warriors,32,14,20,2,FullTime,4800,25377,Slippery,Rain,Adam Gee,https://www.nrl.com/draw/nrl-premiership/2025/round-23/bulldogs-v-warriors/
20251112370,2025,23,Round 23,False,2025-08-10T04:00:00Z,Cbus Super Stadium,Gold Coast,Titans,Rabbitohs,18,20,12,14,FullTime,4800,14957,Good,Fine,Todd Smith,https://www.nrl.com/draw/nrl-premiership/2025/round-23/titans-v-rabbitohs/
20251112380,2025,23,Round 23,False,2025-08-10T06:05:00Z,CommBank Stadium,Sydney,Eels,Cowboys,19,18,12,8,FullTime,4800,11562,Good,Fine,Liam Kennedy,https://www.nrl.com/draw/nrl-premiership/2025/round-23/eels-v-cowboys/
20251112410,2025,24,Round 24,False,2025-08-14T09:50:00Z,CommBank Stadium,Sydney,Panthers,Storm,18,22,12,4,FullTime,4920,12869,Heavy,Fine,Ashley Klein,https://www.nrl.com/draw/nrl-premiership/2025/round-24/panthers-v-storm/
20251112420,2025,24,Round 24,False,2025-08-15T08:00:00Z,Go Media Stadium,Auckland,Warriors,Dragons,14,10,4,10,FullTime,4800,23276,Good,Fine,Todd Smith,https://www.nrl.com/draw/nrl-premiership/2025/round-24/warriors-v-dragons/
20251112430,2025,24,Round 24,False,2025-08-15T10:00:00Z,Allianz Stadium,Sydney,Roosters,Bulldogs,32,12,14,6,FullTime,4800,31399,Good,Fine,Grant Atkins,https://www.nrl.com/draw/nrl-premiership/2025/round-24/roosters-v-bulldogs/
20251112440,2025,24,Round 24,False,2025-08-16T05:00:00Z,Sharks Stadium,Sydney,Sharks,Titans,54,22,28,10,FullTime,4800,10112,Good,Fine,Peter Gough,https://www.nrl.com/draw/nrl-premiership/2025/round-24/sharks-v-titans/
20251112450,2025,24,Round 24,False,2025-08-16T07:30:00Z,Suncorp Stadium,Brisbane,Broncos,Dolphins,38,28,14,14,FullTime,4800,44350,Good,Fine,Wyatt Raymond,https://www.nrl.com/draw/nrl-premiership/2025/round-24/broncos-v-dolphins/
20251112460,2025,24,Round 24,False,2025-08-16T09:35:00Z,Allianz Stadium,Sydney,Rabbitohs,Eels,20,16,10,12,FullTime,4800,21395,Good,Fine,Gerard Sutton,https://www.nrl.com/draw/nrl-premiership/2025/round-24/rabbitohs-v-eels/
20251112470,2025,24,Round 24,False,2025-08-17T04:00:00Z,Allianz Stadium,Sydney,Wests Tigers,Sea Eagles,26,12,12,6,FullTime,4800,13105,Good,Fine,Adam Gee,https://www.nrl.com/draw/nrl-premiership/2025/round-24/wests-tigers-v-sea-eagles/
20251112480,2025,24,Round 24,False,2025-08-17T06:05:00Z,Queensland Country Bank Stadium,Townsville,Cowboys,Knights,38,4,20,0,FullTime,4800,16640,Good,Fine,,https://www.nrl.com/draw/nrl-premiership/2025/round-24/cowboys-v-knights/
20251112510,2025,25,Round 25,False,2025-08-21T09:50:00Z,Accor Stadium,Sydney,Rabbitohs,Dragons,40,0,16,0,FullTime,4800,7213,Slippery,Rain,Gerard Sutton,https://www.nrl.com/draw/nrl-premiership/2025/round-25/rabbitohs-v-dragons/
20251112520,2025,25,Round 25,False,2025-08-22T08:00:00Z,Glen Willow Oval,Mudgee,Panthers,Raiders,16,20,10,6,FullTime,5040,9925,Good,Fine,Grant Atkins,https://www.nrl.com/draw/nrl-premiership/2025/round-25/panthers-v-raiders/
20251112530,2025,25,Round 25,False,2025-08-22T10:00:00Z,AAMI Park,Melbourne,Storm,Bulldogs,20,14,12,0,FullTime,4800,25693,Good,Fine,Adam Gee,https://www.nrl.com/draw/nrl-premiership/2025/round-25/storm-v-bulldogs/
20251112540,2025,25,Round 25,False,2025-08-23T05:00:00Z,4 Pines Park,Sydney,Sea Eagles,Dolphins,58,30,22,12,FullTime,4800,14172,Good,Fine,Ashley Klein,https://www.nrl.com/draw/nrl-premiership/2025/round-25/sea-eagles-v-dolphins/
20251112550,2025,25,Round 25,False,2025-08-23T07:30:00Z,Cbus Super Stadium,Gold Coast,Titans,Warriors,18,32,6,18,FullTime,4800,23271,Good,Fine,,https://www.nrl.com/draw/nrl-premiership/2025/round-25/titans-v-warriors/
20251112560,2025,25,Round 25,False,2025-08-23T09:35:00Z,CommBank Stadium,Sydney,Eels,Roosters,30,10,14,4,FullTime,4800,19741,Good,Fine,Wyatt Raymond,https://www.nrl.com/draw/nrl-premiership/2025/round-25/eels-v-roosters/
20251112570,2025,25,Round 25,False,2025-08-24T04:00:00Z,McDonald Jones Stadium,Newcastle,Knights,Broncos,12,46,6,14,FullTime,4800,25813,Good,Fine,Todd Smith,https://www.nrl.com/draw/nrl-premiership/2025/round-25/knights-v-broncos/
20251112580,2025,25,Round 25,False,2025-08-24T06:05:00Z,Leichhardt Oval,Sydney,Wests Tigers,Cowboys,28,34,16,10,FullTime,4800,16055,Good,Fine,Peter Gough,https://www.nrl.com/draw/nrl-premiership/2025/round-25/wests-tigers-v-cowboys/
20251112610,2025,26,Round 26,False,2025-08-28T09:50:00Z,Accor Stadium,Sydney,Bulldogs,Panthers,28,4,10,0,FullTime,4800,23597,Good,Fine,Wyatt Raymond,https://www.nrl.com/draw/nrl-premiership/2025/round-26/bulldogs-v-panthers/
20251112620,2025,26,Round 26,False,2025-08-29T08:00:00Z,Go Media Stadium,Auckland,Warriors,Eels,22,26,4,12,FullTime,4800,25012,Slippery,Fine,Peter Gough,https://www.nrl.com/draw/nrl-premiership/2025/round-26/warriors-v-eels/
20251112630,2025,26,Round 26,False,2025-08-29T10:00:00Z,AAMI Park,Melbourne,Storm,Roosters,10,40,10,0,FullTime,4800,21155,Good,Fine,Todd Smith,https://www.nrl.com/draw/nrl-premiership/2025/round-26/storm-v-roosters/
20251112640,2025,26,Round 26,False,2025-08-30T05:00:00Z,GIO Stadium,Canberra,Raiders,Wests Tigers,24,10,12,10,FullTime,4800,23746,Good,Fine,,https://www.nrl.com/draw/nrl-premiership/2025/round-26/raiders-v-wests-tigers/
20251112650,2025,26,Round 26,False,2025-08-30T07:30:00Z,Jubilee Stadium,Sydney,Dragons,Sea Eagles,24,40,6,22,FullTime,4800,9769,Good,Fine,Adam Gee,https://www.nrl.com/draw/nrl-premiership/2025/round-26/dragons-v-sea-eagles/
20251112660,2025,26,Round 26,False,2025-08-30T09:35:00Z,Queensland Country Bank Stadium,Townsville,Cowboys,Broncos,30,38,18,22,FullTime,4800,22903,Good,Fine,Ashley Klein,https://www.nrl.com/draw/nrl-premiership/2025/round-26/cowboys-v-broncos/
20251112670,2025,26,Round 26,False,2025-08-31T04:00:00Z,Sharks Stadium,Sydney,Sharks,Knights,40,16,18,10,FullTime,4800,12234,Good,Fine,Gerard Sutton,https://www.nrl.com/draw/nrl-premiership/2025/round-26/sharks-v-knights/
20251112680,2025,26,Round 26,False,2025-08-31T06:05:00Z,Suncorp Stadium,Brisbane,Dolphins,Titans,36,30,18,18,FullTime,4800,19305,Good,Fine,Grant Atkins,https://www.nrl.com/draw/nrl-premiership/2025/round-26/dolphins-v-titans/
20251112710,2025,27,Round 27,False,2025-09-04T09:50:00Z,Suncorp Stadium,Brisbane,Broncos,Storm,30,14,12,4,FullTime,4800,44645,Good,Fine,Grant Atkins,https://www.nrl.com/draw/nrl-premiership/2025/round-27/broncos-v-storm/
20251112720,2025,27,Round 27,False,2025-09-05T08:00:00Z,4 Pines Park,Sydney,Sea Eagles,Warriors,27,26,14,10,FullTime,4800,17172,Good,Fine,Todd Smith,https://www.nrl.com/draw/nrl-premiership/2025/round-27/sea-eagles-v-warriors/
20251112730,2025,27,Round 27,False,2025-09-05T10:00:00Z,Allianz Stadium,Sydney,Roosters,Rabbitohs,36,6,10,6,FullTime,4800,41604,Good,Fine,Adam Gee,https://www.nrl.com/draw/nrl-premiership/2025/round-27/roosters-v-rabbitohs/
20251112740,2025,27,Round 27,False,2025-09-06T05:00:00Z,WIN Stadium,Wollongong,Dragons,Panthers,20,40,6,22,FullTime,4800,17442,Good,Fine,Peter Gough,https://www.nrl.com/draw/nrl-premiership/2025/round-27/dragons-v-panthers/
20251112750,2025,27,Round 27,False,2025-09-06T07:30:00Z,Cbus Super Stadium,Gold Coast,Titans,Wests Tigers,36,28,12,28,FullTime,4800,16093,Good,Fine,Chris Butler,https://www.nrl.com/draw/nrl-premiership/2025/round-27/titans-v-wests-tigers/
20251112760,2025,27,Round 27,False,2025-09-06T09:35:00Z,Accor Stadium,Sydney,Bulldogs,Sharks,6,24,0,18,FullTime,4800,30368,Good,Fine,Ashley Klein,https://www.nrl.com/draw/nrl-premiership/2025/round-27/bulldogs-v-sharks/
20251112770,2025,27,Round 27,False,2025-09-07T04:00:00Z,Kayo Stadium,Redcliffe,Dolphins,Raiders,62,24,30,0,FullTime,4800,10023,Good,Fine,Gerard Sutton,https://www.nrl.com/draw/nrl-premiership/2025/round-27/dolphins-v-raiders/
20251112780,2025,27,Round 27,False,2025-09-07T06:05:00Z,CommBank Stadium,Sydney,Eels,Knights,66,10,34,4,FullTime,4800,23359,Good,Fine,Wyatt Raymond,https://www.nrl.com/draw/nrl-premiership/2025/round-27/eels-v-knights/
20251112810,2025,28,Finals Week 1,True,2025-09-12T09:50:00Z,AAMI Park,Melbourne,Storm,Bulldogs,26,18,14,12,FullTime,4800,22117,Good,Fine,Adam Gee,https://www.nrl.com/draw/nrl-premiership/2025/finals-week-1/storm-v-bulldogs/
20251112820,2025,28,Finals Week 1,True,2025-09-13T06:05:00Z,Go Media Stadium,Auckland,Warriors,Panthers,8,24,2,6,FullTime,4800,24524,Slippery,Rain,Grant Atkins,https://www.nrl.com/draw/nrl-premiership/2025/finals-week-1/warriors-v-panthers/
20251112830,2025,28,Finals Week 1,True,2025-09-13T09:50:00Z,Sharks Stadium,Sydney,Sharks,Roosters,20,10,12,4,FullTime,4800,12842,Good,Fine,Todd Smith,https://www.nrl.com/draw/nrl-premiership/2025/finals-week-1/sharks-v-roosters/
20251112840,2025,28,Finals Week 1,True,2025-09-14T06:05:00Z,GIO Stadium,Canberra,Raiders,Broncos,28,29,18,12,FullTime,5640,25523,Good,Fine,Ashley Klein,https://www.nrl.com/draw/nrl-premiership/2025/finals-week-1/raiders-v-broncos/
20251112910,2025,29,Finals Week 2,True,2025-09-20T09:50:00Z,GIO Stadium,Canberra,Raiders,Sharks,12,32,6,12,FullTime,4800,24322,Good,Fine,Grant Atkins,https://www.nrl.com/draw/nrl-premiership/2025/finals-week-2/raiders-v-sharks/
20251112920,2025,29,Finals Week 2,True,2025-09-21T06:05:00Z,Accor Stadium,Sydney,Bulldogs,Panthers,26,46,8,36,FullTime,4800,56872,Good,Fine,Ashley Klein,https://www.nrl.com/draw/nrl-premiership/2025/finals-week-2/bulldogs-v-panthers2/
20251113010,2025,30,Finals Week 3,True,2025-09-26T09:50:00Z,AAMI Park,Melbourne,Storm,Sharks,22,14,16,8,FullTime,4800,29233,Good,Fine,Ashley Klein,https://www.nrl.com/draw/nrl-premiership/2025/finals-week-3/storm-v-sharks/
20251113020,2025,30,Finals Week 3,True,2025-09-28T06:05:00Z,Suncorp Stadium,Brisbane,Broncos,Panthers,16,14,0,14,FullTime,4800,52492,Good,Fine,Grant Atkins,https://www.nrl.com/draw/nrl-premiership/2025/finals-week-3/broncos-v-panthers/
20251113110,2025,31,Grand Final,True,2025-10-05T08:30:00Z,Accor Stadium,Sydney,Storm,Broncos,22,26,22,12,FullTime,4800,80223,Good,Fine,Grant Atkins,https://www.nrl.com/draw/nrl-premiership/2025/grand-final/storm-v-broncos/
20261110110,2026,1,Round 1,False,2026-03-01T02:15:00Z,Allegiant Stadium,Las Vegas,Knights,Cowboys,28,18,12,12,FullTime,4800,45719,Good,Indoor,Ashley Klein,https://www.nrl.com/draw/nrl-premiership/2026/round-1/knights-v-cowboys/
20261110120,2026,1,Round 1,False,2026-03-01T04:30:00Z,Allegiant Stadium,Las Vegas,Bulldogs,Dragons,15,14,10,8,FullTime,5400,45719,Good,Indoor,Grant Atkins,https://www.nrl.com/draw/nrl-premiership/2026/round-1/bulldogs-v-dragons/
20261110130,2026,1,Round 1,False,2026-03-05T09:00:00Z,AAMI Park,Melbourne,Storm,Eels,52,4,18,4,FullTime,4800,18264,Good,Fine,Todd Smith,https://www.nrl.com/draw/nrl-premiership/2026/round-1/storm-v-eels/
20261110140,2026,1,Round 1,False,2026-03-06T07:00:00Z,Go Media Stadium,Auckland,Warriors,Roosters,42,18,22,6,FullTime,4800,24112,Good,Fine,Wyatt Raymond,https://www.nrl.com/draw/nrl-premiership/2026/round-1/warriors-v-roosters/
20261110150,2026,1,Round 1,False,2026-03-06T09:00:00Z,Suncorp Stadium,Brisbane,Broncos,Panthers,0,26,0,18,FullTime,4800,45566,Good,Fine,Adam Gee,https://www.nrl.com/draw/nrl-premiership/2026/round-1/broncos-v-panthers/
20261110160,2026,1,Round 1,False,2026-03-07T06:30:00Z,Ocean Protect Stadium,Sydney,Sharks,Titans,50,10,34,0,FullTime,4800,11548,Good,Rain,Ziggy Przeklasa-Adamski,https://www.nrl.com/draw/nrl-premiership/2026/round-1/sharks-v-titans/
20261110170,2026,1,Round 1,False,2026-03-07T08:35:00Z,4 Pines Park,Sydney,Sea Eagles,Raiders,28,29,14,6,FullTime,4920,17253,Slippery,Rain,Liam Kennedy,https://www.nrl.com/draw/nrl-premiership/2026/round-1/sea-eagles-v-raiders/
20261110180,2026,1,Round 1,False,2026-03-08T05:05:00Z,Suncorp Stadium,Brisbane,Dolphins,Rabbitohs,30,40,10,28,FullTime,4800,20114,Wet,Rain,Peter Gough,https://www.nrl.com/draw/nrl-premiership/2026/round-1/dolphins-v-rabbitohs/
20261110210,2026,2,Round 2,False,2026-03-12T09:00:00Z,Suncorp Stadium,Brisbane,Broncos,Eels,32,40,20,22,FullTime,4800,39015,Good,Fine,Wyatt Raymond,https://www.nrl.com/draw/nrl-premiership/2026/round-2/broncos-v-eels/
20261110220,2026,2,Round 2,False,2026-03-13T07:00:00Z,Go Media Stadium,Auckland,Warriors,Raiders,40,6,6,6,FullTime,4800,23067,Good,Rain,Peter Gough,https://www.nrl.com/draw/nrl-premiership/2026/round-2/warriors-v-raiders/
20261110230,2026,2,Round 2,False,2026-03-13T09:00:00Z,Allianz Stadium,Sydney,Roosters,Rabbitohs,26,18,12,6,FullTime,4800,41424,Good,Fine,Adam Gee,https://www.nrl.com/draw/nrl-premiership/2026/round-2/roosters-v-rabbitohs/
20261110240,2026,2,Round 2,False,2026-03-14T04:00:00Z,Leichhardt Oval,Sydney,Wests Tigers,Cowboys,44,16,28,2,FullTime,4800,17367,Good,Fine,Grant Atkins,https://www.nrl.com/draw/nrl-premiership/2026/round-2/wests-tigers-v-cowboys/
20261110250,2026,2,Round 2,False,2026-03-14T06:30:00Z,WIN Stadium,Wollongong,Dragons,Storm,20,46,14,18,FullTime,4800,11511,Good,Fine,Gerard Sutton,https://www.nrl.com/draw/nrl-premiership/2026/round-2/dragons-v-storm/
20261110260,2026,2,Round 2,False,2026-03-14T08:35:00Z,Carrington Park,Bathurst,Panthers,Sharks,26,6,18,0,FullTime,4800,12000,Good,Fine,Ashley Klein,https://www.nrl.com/draw/nrl-premiership/2026/round-2/panthers-v-sharks/
20261110270,2026,2,Round 2,False,2026-03-15T05:05:00Z,4 Pines Park,Sydney,Sea Eagles,Knights,16,36,10,30,FullTime,4800,17107,Good,Fine,Todd Smith,https://www.nrl.com/draw/nrl-premiership/2026/round-2/sea-eagles-v-knights/
20261110280,2026,2,Round 2,False,2026-03-15T07:15:00Z,Suncorp Stadium,Brisbane,Dolphins,Titans,18,14,0,8,FullTime,4800,16073,Good,Fine,Liam Kennedy,https://www.nrl.com/draw/nrl-premiership/2026/round-2/dolphins-v-titans/
20261110310,2026,3,Round 3,False,2026-03-19T09:00:00Z,GIO Stadium,Canberra,Raiders,Bulldogs,10,14,6,8,FullTime,4800,13723,Good,Rain,Adam Gee,https://www.nrl.com/draw/nrl-premiership/2026/round-3/raiders-v-bulldogs/
20261110320,2026,3,Round 3,False,2026-03-20T07:00:00Z,Allianz Stadium,Sydney,Roosters,Panthers,4,40,4,24,FullTime,4800,22128,Good,Fine,Grant Atkins,https://www.nrl.com/draw/nrl-premiership/2026/round-3/roosters-v-panthers/
20261110330,2026,3,Round 3,False,2026-03-20T09:00:00Z,AAMI Park,Melbourne,Storm,Broncos,14,18,14,0,FullTime,4800,28245,Good,Fine,Todd Smith,https://www.nrl.com/draw/nrl-premiership/2026/round-3/storm-v-broncos/
20261110340,2026,3,Round 3,False,2026-03-21T04:00:00Z,McDonald Jones Stadium,Newcastle,Knights,Warriors,12,38,6,18,FullTime,4800,21682,Good,Fine,Liam Kennedy,https://www.nrl.com/draw/nrl-premiership/2026/round-3/knights-v-warriors/
20261110350,2026,3,Round 3,False,2026-03-21T06:30:00Z,Ocean Protect Stadium,Sydney,Sharks,Dolphins,10,38,4,16,FullTime,4800,11096,Good,Fine,Gerard Sutton,https://www.nrl.com/draw/nrl-premiership/2026/round-3/sharks-v-dolphins/
20261110360,2026,3,Round 3,False,2026-03-21T08:35:00Z,Polytec Stadium,Gosford,Rabbitohs,Wests Tigers,20,16,12,14,FullTime,4800,19940,Good,Fine,Wyatt Raymond,https://www.nrl.com/draw/nrl-premiership/2026/round-3/rabbitohs-v-wests-tigers/
20261110370,2026,3,Round 3,False,2026-03-22T05:05:00Z,CommBank Stadium,Sydney,Eels,Dragons,30,20,18,14,FullTime,4800,25573,Good,Fine,Ashley Klein,https://www.nrl.com/draw/nrl-premiership/2026/round-3/eels-v-dragons/
20261110380,2026,3,Round 3,False,2026-03-22T07:15:00Z,Queensland Country Bank Stadium,Townsville,Cowboys,Titans,30,16,22,10,FullTime,4800,16999,Good,Fine,Peter Gough,https://www.nrl.com/draw/nrl-premiership/2026/round-3/cowboys-v-titans/
20261110410,2026,4,Round 4,False,2026-03-26T09:00:00Z,4 Pines Park,Sydney,Sea Eagles,Roosters,16,33,10,8,FullTime,4800,16082,Good,Rain and Thunder,Wyatt Raymond,https://www.nrl.com/draw/nrl-premiership/2026/round-4/sea-eagles-v-roosters/
20261110420,2026,4,Round 4,False,2026-03-27T07:00:00Z,Go Media Stadium,Auckland,Warriors,Wests Tigers,14,32,10,16,FullTime,4800,24246,Good,Fine,Adam Gee,https://www.nrl.com/draw/nrl-premiership/2026/round-4/warriors-v-wests-tigers/
20261110430,2026,4,Round 4,False,2026-03-27T09:00:00Z,Suncorp Stadium,Brisbane,Broncos,Dolphins,26,12,10,6,FullTime,4800,45882,Good,Fine,Ashley Klein,https://www.nrl.com/draw/nrl-premiership/2026/round-4/broncos-v-dolphins/
20261110440,2026,4,Round 4,False,2026-03-28T04:00:00Z,Accor Stadium,Sydney,Bulldogs,Knights,16,24,0,16,FullTime,4800,20572,Good,Fine,Peter Gough,https://www.nrl.com/draw/nrl-premiership/2026/round-4/bulldogs-v-knights/
20261110450,2026,4,Round 4,False,2026-03-28T06:30:00Z,CommBank Stadium,Sydney,Panthers,Eels,48,20,30,4,FullTime,4800,22813,Good,Fine,Todd Smith,https://www.nrl.com/draw/nrl-premiership/2026/round-4/panthers-v-eels/
20261110460,2026,4,Round 4,False,2026-03-28T08:35:00Z,Queensland Country Bank Stadium,Townsville,Cowboys,Storm,28,24,10,16,FullTime,4800,20931,Good,Fine,Gerard Sutton,https://www.nrl.com/draw/nrl-premiership/2026/round-4/cowboys-v-storm/
20261110470,2026,4,Round 4,False,2026-03-29T05:05:00Z,GIO Stadium,Canberra,Raiders,Sharks,22,34,12,18,FullTime,4800,17457,Good,Fine,Grant Atkins,https://www.nrl.com/draw/nrl-premiership/2026/round-4/raiders-v-sharks/
20261110480,2026,4,Round 4,False,2026-03-29T07:15:00Z,Cbus Super Stadium,Gold Coast,Titans,Dragons,22,14,6,12,FullTime,4800,12241,Good,Fine,Liam Kennedy,https://www.nrl.com/draw/nrl-premiership/2026/round-4/titans-v-dragons/
20261110510,2026,5,Round 5,False,2026-04-02T09:00:00Z,Kayo Stadium,Redcliffe,Dolphins,Sea Eagles,18,52,0,28,FullTime,4800,10023,Good,Fine,Grant Atkins,https://www.nrl.com/draw/nrl-premiership/2026/round-5/dolphins-v-sea-eagles/
20261110520,2026,5,Round 5,False,2026-04-03T05:05:00Z,Accor Stadium,Sydney,Rabbitohs,Bulldogs,32,24,12,18,FullTime,4800,49813,Good,Fine,Todd Smith,https://www.nrl.com/draw/nrl-premiership/2026/round-5/rabbitohs-v-bulldogs/
20261110530,2026,5,Round 5,False,2026-04-03T09:00:00Z,CommBank Stadium,Sydney,Panthers,Storm,50,10,26,6,FullTime,4800,20204,Good,Fine,Ashley Klein,https://www.nrl.com/draw/nrl-premiership/2026/round-5/panthers-v-storm/
20261110540,2026,5,Round 5,False,2026-04-04T06:30:00Z,St George Venues Jubilee Stadium,"Kogarah, NSW",Dragons,Cowboys,0,32,0,16,FullTime,4800,8491,Good,Fine,Wyatt Raymond,https://www.nrl.com/draw/nrl-premiership/2026/round-5/dragons-v-cowboys/
20261110550,2026,5,Round 5,False,2026-04-04T08:35:00Z,Cbus Super Stadium,Gold Coast,Titans,Broncos,12,26,6,8,FullTime,4800,26223,Good,Showers,Gerard Sutton,https://www.nrl.com/draw/nrl-premiership/2026/round-5/titans-v-broncos/
20261110560,2026,5,Round 5,False,2026-04-05T04:00:00Z,Ocean Protect Stadium,Sydney,Sharks,Warriors,36,22,24,10,FullTime,4800,13112,Good,Fine,Ziggy Przeklasa-Adamski,https://www.nrl.com/draw/nrl-premiership/2026/round-5/sharks-v-warriors/
20261110570,2026,5,Round 5,False,2026-04-05T06:05:00Z,McDonald Jones Stadium,Newcastle,Knights,Raiders,32,12,10,6,FullTime,4800,23002,Good,Fine,Adam Gee,https://www.nrl.com/draw/nrl-premiership/2026/round-5/knights-v-raiders/
20261110580,2026,5,Round 5,False,2026-04-06T06:05:00Z,CommBank Stadium,Sydney,Eels,Wests Tigers,20,22,10,12,FullTime,5100,29397,Good,Fine,Peter Gough,https://www.nrl.com/draw/nrl-premiership/2026/round-5/eels-v-wests-tigers/
20261110610,2026,6,Round 6,False,2026-04-09T09:50:00Z,Accor Stadium,Sydney,Bulldogs,Panthers,32,16,16,12,FullTime,4800,23984,Good,Fine,Gerard Sutton,https://www.nrl.com/draw/nrl-premiership/2026/round-6/bulldogs-v-panthers/
20261110620,2026,6,Round 6,False,2026-04-10T08:00:00Z,WIN Stadium,Wollongong,Dragons,Sea Eagles,18,28,12,16,FullTime,4800,11381,Good,Fine,Adam Gee,https://www.nrl.com/draw/nrl-premiership/2026/round-6/dragons-v-sea-eagles/
20261110630,2026,6,Round 6,False,2026-04-10T10:00:00Z,Suncorp Stadium,Brisbane,Broncos,Cowboys,31,35,18,24,FullTime,4800,45582,Good,Fine,Ashley Klein,https://www.nrl.com/draw/nrl-premiership/2026/round-6/broncos-v-cowboys/
20261110640,2026,6,Round 6,False,2026-04-11T05:00:00Z,Optus Stadium,Perth,Rabbitohs,Raiders,34,36,4,24,FullTime,4800,27235,Good,Fine,Liam Kennedy,https://www.nrl.com/draw/nrl-premiership/2026/round-6/rabbitohs-v-raiders/
20261110650,2026,6,Round 6,False,2026-04-11T07:30:00Z,Optus Stadium,Perth,Sharks,Roosters,22,34,22,12,FullTime,4800,33404,Good,Fine,Todd Smith,https://www.nrl.com/draw/nrl-premiership/2026/round-6/sharks-v-roosters/
20261110660,2026,6,Round 6,False,2026-04-11T09:35:00Z,AAMI Park,Melbourne,Storm,Warriors,14,38,14,18,FullTime,4800,26467,Good,Fine,Grant Atkins,https://www.nrl.com/draw/nrl-premiership/2026/round-6/storm-v-warriors/
20261110670,2026,6,Round 6,False,2026-04-12T04:00:00Z,CommBank Stadium,Sydney,Eels,Titans,10,52,6,18,FullTime,4800,14382,Good,Fine,Ziggy Przeklasa-Adamski,https://www.nrl.com/draw/nrl-premiership/2026/round-6/eels-v-titans/
20261110680,2026,6,Round 6,False,2026-04-12T06:05:00Z,Campbelltown Sports Stadium,Sydney,Wests Tigers,Knights,42,22,28,4,FullTime,4800,15221,Good,Fine,Wyatt Raymond,https://www.nrl.com/draw/nrl-premiership/2026/round-6/wests-tigers-v-knights/
20261110710,2026,7,Round 7,False,2026-04-16T09:50:00Z,Queensland Country Bank Stadium,Townsville,Cowboys,Sea Eagles,6,38,6,22,FullTime,4800,17476,Good,Fine,Gerard Sutton,https://www.nrl.com/draw/nrl-premiership/2026/round-7/cowboys-v-sea-eagles/
20261110720,2026,7,Round 7,False,2026-04-17T08:00:00Z,GIO Stadium,Canberra,Raiders,Storm,26,22,12,16,FullTime,4800,17321,Good,Fine,Peter Gough,https://www.nrl.com/draw/nrl-premiership/2026/round-7/raiders-v-storm/
20261110730,2026,7,Round 7,False,2026-04-17T10:00:00Z,TIO Stadium,Darwin,Dolphins,Panthers,22,23,0,18,FullTime,5100,12570,Good,Fine,Adam Gee,https://www.nrl.com/draw/nrl-premiership/2026/round-7/dolphins-v-panthers/
20261110740,2026,7,Round 7,False,2026-04-18T05:00:00Z,Go Media Stadium,Auckland,Warriors,Titans,28,20,22,0,FullTime,4800,24112,Good,Fine,Wyatt Raymond,https://www.nrl.com/draw/nrl-premiership/2026/round-7/warriors-v-titans/
20261110750,2026,7,Round 7,False,2026-04-18T07:30:00Z,Accor Stadium,Sydney,Rabbitohs,Dragons,30,12,16,12,FullTime,4800,15115,Good,Fine,Ziggy Przeklasa-Adamski,https://www.nrl.com/draw/nrl-premiership/2026/round-7/rabbitohs-v-dragons/
20261110760,2026,7,Round 7,False,2026-04-18T09:35:00Z,Campbelltown Sports Stadium,Sydney,Wests Tigers,Broncos,20,21,14,18,FullTime,4800,17315,Good,Fine,Todd Smith,https://www.nrl.com/draw/nrl-premiership/2026/round-7/wests-tigers-v-broncos/
20261110770,2026,7,Round 7,False,2026-04-19T04:00:00Z,Allianz Stadium,Sydney,Roosters,Knights,38,24,12,24,FullTime,4800,22409,Good,Fine,Ashley Klein,https://www.nrl.com/draw/nrl-premiership/2026/round-7/roosters-v-knights/
20261110780,2026,7,Round 7,False,2026-04-19T06:05:00Z,CommBank Stadium,Sydney,Eels,Bulldogs,38,20,18,4,FullTime,4800,25938,Good,Fine,Liam Kennedy,https://www.nrl.com/draw/nrl-premiership/2026/round-7/eels-v-bulldogs/
20261110810,2026,8,Round 8,False,2026-04-23T09:50:00Z,Leichhardt Oval,Sydney,Wests Tigers,Raiders,33,14,10,14,FullTime,4800,17153,Good,Fine,Ashley Klein,https://www.nrl.com/draw/nrl-premiership/2026/round-8/wests-tigers-v-raiders/
20261110820,2026,8,Round 8,False,2026-04-24T08:00:00Z,Queensland Country Bank Stadium,Townsville,Cowboys,Sharks,46,34,26,12,FullTime,4800,17886,Good,Fine,Belinda Sharpe,https://www.nrl.com/draw/nrl-premiership/2026/round-8/cowboys-v-sharks/
20261110830,2026,8,Round 8,False,2026-04-24T10:00:00Z,Suncorp Stadium,Brisbane,Broncos,Bulldogs,32,12,20,0,FullTime,4800,42775,Good,Fine,Wyatt Raymond,https://www.nrl.com/draw/nrl-premiership/2026/round-8/broncos-v-bulldogs/
20261110840,2026,8,Round 8,False,2026-04-25T06:00:00Z,Allianz Stadium,Sydney,Dragons,Roosters,16,62,4,34,FullTime,4800,40381,Good,Fine,Grant Atkins,https://www.nrl.com/draw/nrl-premiership/2026/round-8/dragons-v-roosters/
20261110850,2026,8,Round 8,False,2026-04-25T08:05:00Z,Hnry Stadium,Wellington,Warriors,Dolphins,20,18,14,18,FullTime,4800,34812,Good,Fine,Liam Kennedy,https://www.nrl.com/draw/nrl-premiership/2026/round-8/warriors-v-dolphins/
20261110860,2026,8,Round 8,False,2026-04-25T10:10:00Z,AAMI Park,Melbourne,Storm,Rabbitohs,6,48,0,24,FullTime,4800,25694,Good,Fine,Adam Gee,https://www.nrl.com/draw/nrl-premiership/2026/round-8/storm-v-rabbitohs/
20261110870,2026,8,Round 8,False,2026-04-26T04:00:00Z,McDonald Jones Stadium,Newcastle,Knights,Panthers,12,44,6,24,FullTime,4800,23986,Good,Fine,Gerard Sutton,https://www.nrl.com/draw/nrl-premiership/2026/round-8/knights-v-panthers/
20261110880,2026,8,Round 8,False,2026-04-26T06:05:00Z,4 Pines Park,Sydney,Sea Eagles,Eels,33,18,7,6,FullTime,4800,17389,Good,Fine,Peter Gough,https://www.nrl.com/draw/nrl-premiership/2026/round-8/sea-eagles-v-eels/
20261110910,2026,9,Round 9,False,2026-05-01T08:00:00Z,Accor Stadium,Sydney,Bulldogs,Cowboys,12,28,6,12,FullTime,4800,15132,Good,Fine,Peter Gough,https://www.nrl.com/draw/nrl-premiership/2026/round-9/bulldogs-v-cowboys/
20261110920,2026,9,Round 9,False,2026-05-01T10:00:00Z,Suncorp Stadium,Brisbane,Dolphins,Storm,28,10,4,10,FullTime,4800,24070,Slippery,Showers,Ashley Klein,https://www.nrl.com/draw/nrl-premiership/2026/round-9/dolphins-v-storm/
20261110930,2026,9,Round 9,False,2026-05-02T05:00:00Z,Cbus Super Stadium,Gold Coast,Titans,Raiders,12,28,6,16,FullTime,4800,14913,Good,Fine,Grant Atkins,https://www.nrl.com/draw/nrl-premiership/2026/round-9/titans-v-raiders/
20261110940,2026,9,Round 9,False,2026-05-02T07:30:00Z,CommBank Stadium,Sydney,Eels,Warriors,14,36,6,16,FullTime,4800,16656,Good,Fine,Gerard Sutton,https://www.nrl.com/draw/nrl-premiership/2026/round-9/eels-v-warriors/
20261110950,2026,9,Round 9,False,2026-05-02T09:35:00Z,Allianz Stadium,Sydney,Roosters,Broncos,38,24,24,0,FullTime,4800,25239,Good,Fine,Adam Gee,https://www.nrl.com/draw/nrl-premiership/2026/round-9/roosters-v-broncos/
20261110960,2026,9,Round 9,False,2026-05-03T04:00:00Z,McDonald Jones Stadium,Newcastle,Knights,Rabbitohs,42,38,28,10,FullTime,4800,23413,Good,Fine,Liam Kennedy,https://www.nrl.com/draw/nrl-premiership/2026/round-9/knights-v-rabbitohs/
20261110970,2026,9,Round 9,False,2026-05-03T06:05:00Z,Ocean Protect Stadium,Sydney,Sharks,Wests Tigers,52,10,18,10,FullTime,4800,14479,Good,Fine,Todd Smith,https://www.nrl.com/draw/nrl-premiership/2026/round-9/sharks-v-wests-tigers/
20261110980,2026,9,Round 9,False,2026-05-03T08:15:00Z,CommBank Stadium,Sydney,Panthers,Sea Eagles,18,16,12,6,FullTime,4800,14960,Good,Fine,Wyatt Raymond,https://www.nrl.com/draw/nrl-premiership/2026/round-9/panthers-v-sea-eagles/
20261111010,2026,10,Round 10,False,2026-05-07T09:50:00Z,Suncorp Stadium,Brisbane,Dolphins,Bulldogs,44,12,14,12,FullTime,4800,16143,Good,Fine,Grant Atkins,https://www.nrl.com/draw/nrl-premiership/2026/round-10/dolphins-v-bulldogs/
20261111020,2026,10,Round 10,False,2026-05-08T08:00:00Z,Polytec Stadium,Gosford,Roosters,Titans,28,12,10,6,FullTime,4800,12226,Good,Fine,Peter Gough,https://www.nrl.com/draw/nrl-premiership/2026/round-10/roosters-v-titans/
20261111030,2026,10,Round 10,False,2026-05-08T10:00:00Z,Queensland Country Bank Stadium,Townsville,Cowboys,Eels,30,33,12,10,FullTime,4920,17626,Slippery,Fine,Liam Kennedy,https://www.nrl.com/draw/nrl-premiership/2026/round-10/cowboys-v-eels/
20261111040,2026,10,Round 10,False,2026-05-09T05:00:00Z,WIN Stadium,Wollongong,Dragons,Knights,10,44,0,32,FullTime,4800,10916,Good,Fine,Todd Smith,https://www.nrl.com/draw/nrl-premiership/2026/round-10/dragons-v-knights/
20261111050,2026,10,Round 10,False,2026-05-09T07:30:00Z,Accor Stadium,Sydney,Rabbitohs,Sharks,36,12,18,0,FullTime,4800,16714,Good,Fine,,https://www.nrl.com/draw/nrl-premiership/2026/round-10/rabbitohs-v-sharks/
20261111060,2026,10,Round 10,False,2026-05-09T09:35:00Z,4 Pines Park,Sydney,Sea Eagles,Broncos,32,4,16,4,FullTime,4800,17269,Good,Fine,Gerard Sutton,https://www.nrl.com/draw/nrl-premiership/2026/round-10/sea-eagles-v-broncos/
20261111070,2026,10,Round 10,False,2026-05-10T04:00:00Z,AAMI Park,Melbourne,Storm,Wests Tigers,44,16,26,4,FullTime,4800,15684,Good,Fine,Adam Gee,https://www.nrl.com/draw/nrl-premiership/2026/round-10/storm-v-wests-tigers/
20261111080,2026,10,Round 10,False,2026-05-10T06:05:00Z,GIO Stadium,Canberra,Raiders,Panthers,18,30,12,18,FullTime,4800,18018,Good,Fine,Ashley Klein,https://www.nrl.com/draw/nrl-premiership/2026/round-10/raiders-v-panthers/
20261111110,2026,11,Round 11,False,2026-05-15T08:00:00Z,Suncorp Stadium,Brisbane,Sharks,Bulldogs,38,16,30,6,FullTime,4800,45236,Good,Fine,Gerard Sutton,https://www.nrl.com/draw/nrl-premiership/2026/round-11/sharks-v-bulldogs/
20261111120,2026,11,Round 11,False,2026-05-15T10:05:00Z,Suncorp Stadium,Brisbane,Rabbitohs,Dolphins,10,32,0,20,FullTime,4800,48673,Good,Rain,Adam Gee,https://www.nrl.com/draw/nrl-premiership/2026/round-11/rabbitohs-v-dolphins/
20261111130,2026,11,Round 11,False,2026-05-16T05:00:00Z,Suncorp Stadium,Brisbane,Wests Tigers,Sea Eagles,18,46,8,24,FullTime,4800,41396,Good,Fine,Grant Atkins,https://www.nrl.com/draw/nrl-premiership/2026/round-11/wests-tigers-v-sea-eagles/
20261111140,2026,11,Round 11,False,2026-05-16T07:30:00Z,Suncorp Stadium,Brisbane,Roosters,Cowboys,12,18,6,18,FullTime,4800,49601,Good,Fine,Todd Smith,https://www.nrl.com/draw/nrl-premiership/2026/round-11/roosters-v-cowboys/
20261111150,2026,11,Round 11,False,2026-05-16T09:45:00Z,Suncorp Stadium,Brisbane,Eels,Storm,8,34,4,10,FullTime,4800,48692,Good,Fine,Peter Gough,https://www.nrl.com/draw/nrl-premiership/2026/round-11/eels-v-storm/
20261111160,2026,11,Round 11,False,2026-05-17T04:00:00Z,Suncorp Stadium,Brisbane,Titans,Knights,12,36,6,6,FullTime,4800,42098,Good,Fine,Wyatt Raymond,https://www.nrl.com/draw/nrl-premiership/2026/round-11/titans-v-knights/
20261111170,2026,11,Round 11,False,2026-05-17T06:05:00Z,Suncorp Stadium,Brisbane,Warriors,Broncos,42,12,22,0,FullTime,4800,50386,Good,Fine,Ashley Klein,https://www.nrl.com/draw/nrl-premiership/2026/round-11/warriors-v-broncos/
20261111180,2026,11,Round 11,False,2026-05-17T08:25:00Z,Suncorp Stadium,Brisbane,Panthers,Dragons,28,6,12,0,FullTime,4800,46752,Good,Rain,,https://www.nrl.com/draw/nrl-premiership/2026/round-11/panthers-v-dragons/
20261111210,2026,12,Round 12,False,2026-05-21T09:50:00Z,GIO Stadium,Canberra,Raiders,Dolphins,22,30,16,22,FullTime,4800,9543,Slippery,Fine,Todd Smith,https://www.nrl.com/draw/nrl-premiership/2026/round-12/raiders-v-dolphins/
20261111220,2026,12,Round 12,False,2026-05-22T10:00:00Z,Accor Stadium,Sydney,Bulldogs,Storm,30,20,6,18,FullTime,4800,14372,Good,Rain,Wyatt Raymond,https://www.nrl.com/draw/nrl-premiership/2026/round-12/bulldogs-v-storm/
20261111230,2026,12,Round 12,False,2026-05-23T07:30:00Z,St George Venues Jubilee Stadium,Kogarah,Dragons,Warriors,12,30,6,14,FullTime,4800,8741,Good,Rain,Adam Gee,https://www.nrl.com/draw/nrl-premiership/2026/round-12/dragons-v-warriors/
20261111240,2026,12,Round 12,False,2026-05-23T09:35:00Z,4 Pines Park,Sydney,Sea Eagles,Titans,12,10,4,0,FullTime,4800,13173,Slippery,Light Rain,Gerard Sutton,https://www.nrl.com/draw/nrl-premiership/2026/round-12/sea-eagles-v-titans/
20261111250,2026,12,Round 12,False,2026-05-24T06:05:00Z,Queensland Country Bank Stadium,Townsville,Cowboys,Rabbitohs,30,18,18,6,FullTime,4800,18888,Good,Fine,Grant Atkins,https://www.nrl.com/draw/nrl-premiership/2026/round-12/cowboys-v-rabbitohs/
20261111310,2026,13,Round 13,False,2026-05-29T10:00:00Z,Ocean Protect Stadium,Sydney,Sharks,Sea Eagles,28,22,22,4,FullTime,4800,10793,Good,Fine,Todd Smith,https://www.nrl.com/draw/nrl-premiership/2026/round-13/sharks-v-sea-eagles/
20261111320,2026,13,Round 13,False,2026-05-30T05:00:00Z,McDonald Jones Stadium,Newcastle,Knights,Eels,28,22,12,10,FullTime,4800,23001,Good,Fine,,https://www.nrl.com/draw/nrl-premiership/2026/round-13/knights-v-eels/
20261111330,2026,13,Round 13,False,2026-05-30T07:30:00Z,CommBank Stadium,Sydney,Wests Tigers,Bulldogs,22,16,16,6,FullTime,4800,17505,Good,Fine,Peter Gough,https://www.nrl.com/draw/nrl-premiership/2026/round-13/wests-tigers-v-bulldogs/
20261111340,2026,13,Round 13,False,2026-05-30T09:35:00Z,AAMI Park,Melbourne,Storm,Roosters,18,4,6,4,FullTime,4800,16268,Good,Rain,Grant Atkins,https://www.nrl.com/draw/nrl-premiership/2026/round-13/storm-v-roosters/
20261111350,2026,13,Round 13,False,2026-05-31T04:00:00Z,Suncorp Stadium,Brisbane,Broncos,Dragons,26,30,2,14,FullTime,4800,42275,Good,Fine,Wyatt Raymond,https://www.nrl.com/draw/nrl-premiership/2026/round-13/broncos-v-dragons/
20261111360,2026,13,Round 13,False,2026-05-31T06:05:00Z,GIO Stadium,Canberra,Raiders,Cowboys,26,12,18,6,FullTime,4800,12258,Good,Fine,Ashley Klein,https://www.nrl.com/draw/nrl-premiership/2026/round-13/raiders-v-cowboys/
20261111370,2026,13,Round 13,False,2026-05-31T08:15:00Z,CommBank Stadium,Sydney,Panthers,Warriors,20,18,16,6,FullTime,4800,17640,Good,Fine,Gerard Sutton,https://www.nrl.com/draw/nrl-premiership/2026/round-13/panthers-v-warriors/
20261111410,2026,14,Round 14,False,2026-06-04T09:50:00Z,4 Pines Park,Sydney,Sea Eagles,Rabbitohs,28,14,10,8,FullTime,4800,15451,Good,Fine,Adam Gee,https://www.nrl.com/draw/nrl-premiership/2026/round-14/sea-eagles-v-rabbitohs/
20261111420,2026,14,Round 14,False,2026-06-05T08:00:00Z,AAMI Park,Melbourne,Storm,Knights,32,30,14,12,FullTime,4800,14268,Good,Fine,Ashley Klein,https://www.nrl.com/draw/nrl-premiership/2026/round-14/storm-v-knights/
20261111430,2026,14,Round 14,False,2026-06-05T10:00:00Z,GIO Stadium,Canberra,Raiders,Roosters,0,26,0,22,FullTime,4800,13836,Good,Fine,Gerard Sutton,https://www.nrl.com/draw/nrl-premiership/2026/round-14/raiders-v-roosters/
20261111440,2026,14,Round 14,False,2026-06-06T07:30:00Z,Queensland Country Bank Stadium,Townsville,Cowboys,Dolphins,14,40,10,16,FullTime,4800,21911,Good,Fine,Wyatt Raymond,https://www.nrl.com/draw/nrl-premiership/2026/round-14/cowboys-v-dolphins/
20261111450,2026,14,Round 14,False,2026-06-06T09:35:00Z,Suncorp Stadium,Brisbane,Broncos,Titans,23,28,12,10,FullTime,4800,41087,Good,Fine,,https://www.nrl.com/draw/nrl-premiership/2026/round-14/broncos-v-titans/
20261111460,2026,14,Round 14,False,2026-06-07T04:00:00Z,CommBank Stadium,Sydney,Wests Tigers,Panthers,0,68,0,36,FullTime,4800,21803,Good,Fine,Grant Atkins,https://www.nrl.com/draw/nrl-premiership/2026/round-14/wests-tigers-v-panthers/
20261111470,2026,14,Round 14,False,2026-06-07T06:05:00Z,Ocean Protect Stadium,Sydney,Sharks,Dragons,34,12,6,12,FullTime,4800,14989,Good,Fine,Liam Kennedy,https://www.nrl.com/draw/nrl-premiership/2026/round-14/sharks-v-dragons/
20261111480,2026,14,Round 14,False,2026-06-08T06:05:00Z,Accor Stadium,Sydney,Bulldogs,Eels,14,12,0,0,FullTime,4800,37638,Good,Fine,Todd Smith,https://www.nrl.com/draw/nrl-premiership/2026/round-14/bulldogs-v-eels/
20261111510,2026,15,Round 15,False,2026-06-11T09:50:00Z,Accor Stadium,Sydney,Rabbitohs,Broncos,48,6,30,0,FullTime,4800,12784,Good,Fine,Grant Atkins,https://www.nrl.com/draw/nrl-premiership/2026/round-15/rabbitohs-v-broncos/
20261111520,2026,15,Round 15,False,2026-06-12T10:00:00Z,Suncorp Stadium,Brisbane,Dolphins,Roosters,48,10,12,0,FullTime,4800,20687,Good,Rain,Todd Smith,https://www.nrl.com/draw/nrl-premiership/2026/round-15/dolphins-v-roosters/
20261111530,2026,15,Round 15,False,2026-06-13T07:30:00Z,Go Media Stadium,Auckland,Warriors,Sharks,8,10,6,8,FullTime,4800,24938,Good,Fine,Gerard Sutton,https://www.nrl.com/draw/nrl-premiership/2026/round-15/warriors-v-sharks/
20261111540,2026,15,Round 15,False,2026-06-13T09:35:00Z,CommBank Stadium,Sydney,Eels,Raiders,15,12,9,0,FullTime,4800,16657,Good,Fine,Ziggy Przeklasa-Adamski,https://www.nrl.com/draw/nrl-premiership/2026/round-15/eels-v-raiders/
20261111550,2026,15,Round 15,False,2026-06-14T06:05:00Z,Leichhardt Oval,Sydney,Wests Tigers,Titans,36,28,12,18,FullTime,4800,17773,Good,Showers,Wyatt Raymond,https://www.nrl.com/draw/nrl-premiership/2026/round-15/wests-tigers-v-titans/
20261111610,2026,16,Round 16,False,2026-06-19T10:00:00Z,McDonald Jones Stadium,Newcastle,Knights,Dragons,22,20,16,12,FullTime,4800,19092,Good,Fine,Gerard Sutton,https://www.nrl.com/draw/nrl-premiership/2026/round-16/knights-v-dragons/
20261111620,2026,16,Round 16,False,2026-06-20T05:00:00Z,Campbelltown Sports Stadium,Sydney,Wests Tigers,Dolphins,22,36,10,12,FullTime,4800,12281,Good,Fine,Ziggy Przeklasa-Adamski,https://www.nrl.com/draw/nrl-premiership/2026/round-16/wests-tigers-v-dolphins/
20261111630,2026,16,Round 16,False,2026-06-20T07:30:00Z,Cbus Super Stadium,Gold Coast,Titans,Panthers,19,18,6,12,FullTime,4800,20049,Good,Fine,Peter Gough,https://www.nrl.com/draw/nrl-premiership/2026/round-16/titans-v-panthers/
20261111640,2026,16,Round 16,False,2026-06-20T09:35:00Z,Accor Stadium,Sydney,Bulldogs,Sea Eagles,13,12,6,8,FullTime,4980,18243,Good,Fine,Adam Gee,https://www.nrl.com/draw/nrl-premiership/2026/round-16/bulldogs-v-sea-eagles/
20261111650,2026,16,Round 16,False,2026-06-21T04:00:00Z,One NZ Stadium,Christchurch,Warriors,Cowboys,38,20,14,10,FullTime,4800,24365,Good,Indoor,Grant Atkins,https://www.nrl.com/draw/nrl-premiership/2026/round-16/warriors-v-cowboys/
20261111660,2026,16,Round 16,False,2026-06-21T06:05:00Z,AAMI Park,Melbourne,Storm,Raiders,42,20,20,20,FullTime,4800,19326,Good,Fine,Todd Smith,https://www.nrl.com/draw/nrl-premiership/2026/round-16/storm-v-raiders/
20261111670,2026,16,Round 16,False,2026-06-21T08:15:00Z,Allianz Stadium,Sydney,Roosters,Sharks,27,8,14,4,FullTime,4800,20021,Good,Fine,Ashley Klein,https://www.nrl.com/draw/nrl-premiership/2026/round-16/roosters-v-sharks/
20261111710,2026,17,Round 17,False,2026-06-25T09:50:00Z,CommBank Stadium,Sydney,Eels,Rabbitohs,12,32,6,12,FullTime,4800,14365,Slippery,Showers,Gerard Sutton,https://www.nrl.com/draw/nrl-premiership/2026/round-17/eels-v-rabbitohs/
20261111720,2026,17,Round 17,False,2026-06-26T08:00:00Z,Cbus Super Stadium,Gold Coast,Titans,Bulldogs,12,30,0,12,FullTime,4800,13820,Good,Rain,Todd Smith,https://www.nrl.com/draw/nrl-premiership/2026/round-17/titans-v-bulldogs/
20261111730,2026,17,Round 17,False,2026-06-26T10:00:00Z,Suncorp Stadium,Brisbane,Broncos,Roosters,18,24,16,12,FullTime,4800,39826,Good,Rain,Grant Atkins,https://www.nrl.com/draw/nrl-premiership/2026/round-17/broncos-v-roosters/
20261111740,2026,17,Round 17,False,2026-06-27T05:00:00Z,Suncorp Stadium,Brisbane,Dolphins,Warriors,26,24,16,12,FullTime,4800,40465,Good,Fine,Adam Gee,https://www.nrl.com/draw/nrl-premiership/2026/round-17/dolphins-v-warriors/
20261111750,2026,17,Round 17,False,2026-06-27T07:30:00Z,Queensland Country Bank Stadium,Townsville,Cowboys,Panthers,26,12,10,10,FullTime,4800,22888,Good,Fine,Wyatt Raymond,https://www.nrl.com/draw/nrl-premiership/2026/round-17/cowboys-v-panthers/
20261111760,2026,17,Round 17,False,2026-06-27T09:35:00Z,4 Pines Park,Sydney,Sea Eagles,Storm,30,4,24,0,FullTime,4800,17211,Good,Fine,Ashley Klein,https://www.nrl.com/draw/nrl-premiership/2026/round-17/sea-eagles-v-storm/
20261111770,2026,17,Round 17,False,2026-06-28T04:00:00Z,GIO Stadium,Canberra,Raiders,Dragons,24,16,6,10,FullTime,4800,12513,Good,Rain,Ziggy Przeklasa-Adamski,https://www.nrl.com/draw/nrl-premiership/2026/round-17/raiders-v-dragons/
20261111780,2026,17,Round 17,False,2026-06-28T06:05:00Z,McDonald Jones Stadium,Newcastle,Knights,Wests Tigers,12,6,0,6,FullTime,4800,22968,Wet,Rain,Peter Gough,https://www.nrl.com/draw/nrl-premiership/2026/round-17/knights-v-wests-tigers/
20261111810,2026,18,Round 18,False,2026-07-03T10:00:00Z,CommBank Stadium,Sydney,Panthers,Rabbitohs,36,14,12,10,FullTime,4800,15163,Good,Fine,Adam Gee,https://www.nrl.com/draw/nrl-premiership/2026/round-18/panthers-v-rabbitohs/
20261111820,2026,18,Round 18,False,2026-07-04T07:30:00Z,St George Venues Jubilee Stadium,Kogarah,Dragons,Wests Tigers,24,10,6,4,FullTime,4800,12431,Good,Fine,Todd Smith,https://www.nrl.com/draw/nrl-premiership/2026/round-18/dragons-v-wests-tigers/
20261111830,2026,18,Round 18,False,2026-07-04T09:35:00Z,Suncorp Stadium,Brisbane,Broncos,Sharks,16,28,6,10,FullTime,4800,38998,Good,Fine,Gerard Sutton,https://www.nrl.com/draw/nrl-premiership/2026/round-18/broncos-v-sharks/
20261111840,2026,18,Round 18,False,2026-07-05T04:00:00Z,CommBank Stadium,Sydney,Eels,Sea Eagles,23,14,6,8,FullTime,4800,18778,Good,Fine,Grant Atkins,https://www.nrl.com/draw/nrl-premiership/2026/round-18/eels-v-sea-eagles/
20261111850,2026,18,Round 18,False,2026-07-05T06:05:00Z,McDonald Jones Stadium,Newcastle,Knights,Dolphins,13,12,12,0,FullTime,4800,16896,Good,Showers,Wyatt Raymond,https://www.nrl.com/draw/nrl-premiership/2026/round-18/knights-v-dolphins/
20261111910,2026,19,Round 19,False,2026-07-10T10:00:00Z,Campbelltown Sports Stadium,Sydney,Wests Tigers,Warriors,6,32,6,14,FullTime,4800,10445,Good,Fine,Wyatt Raymond,https://www.nrl.com/draw/nrl-premiership/2026/round-19/wests-tigers-v-warriors/
20261111920,2026,19,Round 19,False,2026-07-11T05:00:00Z,Kayo Stadium,Redcliffe,Dolphins,Sharks,0,66,0,24,FullTime,4800,10023,Good,Fine,Todd Smith,https://www.nrl.com/draw/nrl-premiership/2026/round-19/dolphins-v-sharks/
20261111930,2026,19,Round 19,False,2026-07-11T07:30:00Z,Accor Stadium,Sydney,Bulldogs,Raiders,16,40,0,22,FullTime,4800,19801,Good,Fine,Gerard Sutton,https://www.nrl.com/draw/nrl-premiership/2026/round-19/bulldogs-v-raiders/
20261111940,2026,19,Round 19,False,2026-07-11T09:35:00Z,Allianz Stadium,Sydney,Roosters,Eels,28,12,4,0,FullTime,4800,23222,Good,Fine,Adam Gee,https://www.nrl.com/draw/nrl-premiership/2026/round-19/roosters-v-eels/
20261111950,2026,19,Round 19,False,2026-07-12T04:00:00Z,Accor Stadium,Sydney,Rabbitohs,Knights,26,24,20,6,FullTime,4800,30113,Good,Fine,Grant Atkins,https://www.nrl.com/draw/nrl-premiership/2026/round-19/rabbitohs-v-knights/
20261111960,2026,19,Round 19,False,2026-07-12T06:05:00Z,4 Pines Park,Sydney,Sea Eagles,Cowboys,18,19,14,6,FullTime,4920,16892,Good,Fine,Peter Gough,https://www.nrl.com/draw/nrl-premiership/2026/round-19/sea-eagles-v-cowboys/
20261111970,2026,19,Round 19,False,2026-07-12T08:15:00Z,AAMI Park,Melbourne,Storm,Titans,22,18,12,6,FullTime,4800,12386,Good,Fine,,https://www.nrl.com/draw/nrl-premiership/2026/round-19/storm-v-titans/
20261112010,2026,20,Round 20,False,2026-07-16T09:50:00Z,CommBank Stadium,Sydney,Panthers,Broncos,12,14,12,8,FullTime,4800,15437,Good,Rain,Todd Smith,https://www.nrl.com/draw/nrl-premiership/2026/round-20/panthers-v-broncos/
20261112020,2026,20,Round 20,False,2026-07-17T08:00:00Z,Ocean Protect Stadium,Sydney,Sharks,Knights,20,18,14,12,FullTime,4800,11123,Good,Fine,Ashley Klein,https://www.nrl.com/draw/nrl-premiership/2026/round-20/sharks-v-knights/
20261112030,2026,20,Round 20,False,2026-07-17T10:00:00Z,Allianz Stadium,Sydney,Roosters,Storm,14,6,8,0,FullTime,4800,16010,Good,Fine,Gerard Sutton,https://www.nrl.com/draw/nrl-premiership/2026/round-20/roosters-v-storm/
20261112040,2026,20,Round 20,False,2026-07-18T05:00:00Z,GIO Stadium,Canberra,Raiders,Rabbitohs,34,24,28,6,FullTime,4800,19659,Good,Fine,Wyatt Raymond,https://www.nrl.com/draw/nrl-premiership/2026/round-20/raiders-v-rabbitohs/
20261112050,2026,20,Round 20,False,2026-07-18T07:35:00Z,Go Media Stadium,Auckland,Warriors,Dragons,20,12,10,12,FullTime,4800,23895,Good,Fine,,https://www.nrl.com/draw/nrl-premiership/2026/round-20/warriors-v-dragons/
20261112060,2026,20,Round 20,False,2026-07-18T09:35:00Z,Accor Stadium,Sydney,Bulldogs,Wests Tigers,32,0,18,0,FullTime,4800,20050,Good,Fine,,https://www.nrl.com/draw/nrl-premiership/2026/round-20/bulldogs-v-wests-tigers/
20261112070,2026,20,Round 20,False,2026-07-19T04:00:00Z,Cbus Super Stadium,Gold Coast,Titans,Sea Eagles,38,32,28,14,FullTime,4800,15252,Good,Light Rain,Adam Gee,https://www.nrl.com/draw/nrl-premiership/2026/round-20/titans-v-sea-eagles/
20261112080,2026,20,Round 20,False,2026-07-19T06:05:00Z,Suncorp Stadium,Brisbane,Dolphins,Cowboys,36,16,12,10,FullTime,4800,35213,Good,Fine,Grant Atkins,https://www.nrl.com/draw/nrl-premiership/2026/round-20/dolphins-v-cowboys/
20261112110,2026,21,Round 21,False,2026-07-23T09:50:00Z,CommBank Stadium,Sydney,Eels,Panthers,18,24,12,6,FullTime,4800,15562,Good,Fine,Gerard Sutton,https://www.nrl.com/draw/nrl-premiership/2026/round-21/eels-v-panthers/
20261112120,2026,21,Round 21,False,2026-07-24T08:00:00Z,McDonald Jones Stadium,Newcastle,Knights,Roosters,22,23,10,6,FullTime,4800,21313,Good,Fine,Wyatt Raymond,https://www.nrl.com/draw/nrl-premiership/2026/round-21/knights-v-roosters/
20261112130,2026,21,Round 21,False,2026-07-24T10:00:00Z,Accor Stadium,Sydney,Rabbitohs,Storm,28,26,8,16,FullTime,4800,10009,Good,Fine,Ashley Klein,https://www.nrl.com/draw/nrl-premiership/2026/round-21/rabbitohs-v-storm/
20261112140,2026,21,Round 21,False,2026-07-25T05:00:00Z,GIO Stadium,Canberra,Raiders,Wests Tigers,56,10,28,10,FullTime,4800,16223,Good,Fine,,https://www.nrl.com/draw/nrl-premiership/2026/round-21/raiders-v-wests-tigers/
20261112150,2026,21,Round 21,False,2026-07-25T07:30:00Z,Accor Stadium,Sydney,Bulldogs,Warriors,18,6,12,0,FullTime,4800,22135,Good,Fine,Adam Gee,https://www.nrl.com/draw/nrl-premiership/2026/round-21/bulldogs-v-warriors/
20261112160,2026,21,Round 21,False,2026-07-25T09:35:00Z,Queensland Country Bank Stadium,Townsville,Cowboys,Broncos,18,10,14,4,FullTime,4800,25461,Good,Fine,,https://www.nrl.com/draw/nrl-premiership/2026/round-21/cowboys-v-broncos/
20261112170,2026,21,Round 21,False,2026-07-26T04:00:00Z,St George Venues Jubilee Stadium,Kogarah,Dragons,Titans,18,38,12,18,FullTime,4800,9031,Good,Fine,Todd Smith,https://www.nrl.com/draw/nrl-premiership/2026/round-21/dragons-v-titans/
20261112180,2026,21,Round 21,False,2026-07-26T06:05:00Z,4 Pines Park,Sydney,Sea Eagles,Sharks,12,48,6,30,FullTime,4800,17126,Good,Fine,Grant Atkins,https://www.nrl.com/draw/nrl-premiership/2026/round-21/sea-eagles-v-sharks/
20261112210,2026,22,Round 22,False,2026-07-30T09:50:00Z,Queensland Country Bank Stadium,Townsville,Cowboys,Roosters,12,82,6,48,FullTime,4800,15835,Good,Fine,Ashley Klein,https://www.nrl.com/draw/nrl-premiership/2026/round-22/cowboys-v-roosters/
20261112220,2026,22,Round 22,False,2026-07-31T08:00:00Z,WIN Stadium,Wollongong,Dragons,Dolphins,22,28,10,16,FullTime,4800,9218,Good,Fine,,https://www.nrl.com/draw/nrl-premiership/2026/round-22/dragons-v-dolphins/
20261112230,2026,22,Round 22,False,2026-07-31T10:00:00Z,AAMI Park,Melbourne,Storm,Bulldogs,22,36,16,16,FullTime,4800,19243,Good,Fine,Gerard Sutton,https://www.nrl.com/draw/nrl-premiership/2026/round-22/storm-v-bulldogs/
20261112240,2026,22,Round 22,False,2026-08-01T05:00:00Z,Cbus Super Stadium,Gold Coast,Titans,Warriors,6,42,6,26,FullTime,4800,25181,Good,Fine,,https://www.nrl.com/draw/nrl-premiership/2026/round-22/titans-v-warriors/
20261112250,2026,22,Round 22,False,2026-08-01T07:30:00Z,Glen Willow Oval,Mudgee,Panthers,Raiders,42,18,30,6,FullTime,4800,10000,Good,Fine,Adam Gee,https://www.nrl.com/draw/nrl-premiership/2026/round-22/panthers-v-raiders/
20261112260,2026,22,Round 22,False,2026-08-01T09:35:00Z,Suncorp Stadium,Brisbane,Broncos,Knights,6,30,0,14,FullTime,4800,37538,Good,Fine,Grant Atkins,https://www.nrl.com/draw/nrl-premiership/2026/round-22/broncos-v-knights/
20261112270,2026,22,Round 22,False,2026-08-02T04:00:00Z,Ocean Protect Stadium,Sydney,Sharks,Rabbitohs,32,16,18,6,FullTime,4800,14125,Good,Fine,Todd Smith,https://www.nrl.com/draw/nrl-premiership/2026/round-22/sharks-v-rabbitohs/
20261112280,2026,22,Round 22,False,2026-08-02T06:05:00Z,CommBank Stadium,Sydney,Wests Tigers,Eels,13,16,0,12,FullTime,4800,13125,Good,Fine,Liam Kennedy,https://www.nrl.com/draw/nrl-premiership/2026/round-22/wests-tigers-v-eels/
20261112310,2026,23,Round 23,False,2026-08-06T09:50:00Z,Cbus Super Stadium,Gold Coast,Titans,Cowboys,8,30,4,18,FullTime,4800,11740,Good,Fine,Adam Gee,https://www.nrl.com/draw/nrl-premiership/2026/round-23/titans-v-cowboys/
20261112320,2026,23,Round 23,False,2026-08-07T08:00:00Z,Go Media Stadium,Auckland,Warriors,Panthers,28,12,18,0,FullTime,4800,25987,Good,Fine,Gerard Sutton,https://www.nrl.com/draw/nrl-premiership/2026/round-23/warriors-v-panthers/
20261112330,2026,23,Round 23,False,2026-08-07T10:00:00Z,Allianz Stadium,Sydney,Roosters,Bulldogs,20,18,8,2,FullTime,4800,30306,Good,Fine,Grant Atkins,https://www.nrl.com/draw/nrl-premiership/2026/round-23/roosters-v-bulldogs/
20261112340,2026,23,Round 23,False,2026-08-08T05:00:00Z,HBF Park,Perth,Storm,Sea Eagles,42,20,12,14,FullTime,4800,15169,Good,Showers,,https://www.nrl.com/draw/nrl-premiership/2026/round-23/storm-v-sea-eagles/
20261112350,2026,23,Round 23,False,2026-08-08T07:30:00Z,Suncorp Stadium,Brisbane,Dolphins,Broncos,40,32,24,30,FullTime,4800,50188,Good,Fine,Todd Smith,https://www.nrl.com/draw/nrl-premiership/2026/round-23/dolphins-v-broncos/
20261112360,2026,23,Round 23,False,2026-08-08T09:35:00Z,Allianz Stadium,Sydney,Rabbitohs,Eels,28,24,28,0,FullTime,4800,19077,Good,Fine,Wyatt Raymond,https://www.nrl.com/draw/nrl-premiership/2026/round-23/rabbitohs-v-eels/
20261112370,2026,23,Round 23,False,2026-08-09T04:00:00Z,GIO Stadium,Canberra,Raiders,Knights,24,30,18,18,FullTime,4800,8507,Slippery,Light Rain,Ashley Klein,https://www.nrl.com/draw/nrl-premiership/2026/round-23/raiders-v-knights/
20261112380,2026,23,Round 23,False,2026-08-09T06:05:00Z,St George Venues Jubilee Stadium,Kogarah,Dragons,Sharks,24,16,12,10,FullTime,4800,11018,Good,Light Rain,Liam Kennedy,https://www.nrl.com/draw/nrl-premiership/2026/round-23/dragons-v-sharks/
20261112410,2026,24,Round 24,False,2026-08-13T09:50:00Z,CommBank Stadium,Sydney,Panthers,Roosters,6,12,0,8,FullTime,4800,16768,Good,Fine,Adam Gee,https://www.nrl.com/draw/nrl-premiership/2026/round-24/panthers-v-roosters/
20261112420,2026,24,Round 24,False,2026-08-14T08:00:00Z,4 Pines Park,Sydney,Sea Eagles,Dolphins,0,22,0,8,FullTime,4800,11108,Good,Fine,Grant Atkins,https://www.nrl.com/draw/nrl-premiership/2026/round-24/sea-eagles-v-dolphins/
20261112430,2026,24,Round 24,False,2026-08-14T10:00:00Z,Accor Stadium,Sydney,Bulldogs,Rabbitohs,6,22,0,10,FullTime,4800,26582,Good,Fine,Ashley Klein,https://www.nrl.com/draw/nrl-premiership/2026/round-24/bulldogs-v-rabbitohs/
20261112440,2026,24,Round 24,False,2026-08-15T05:00:00Z,Ocean Protect Stadium,Sydney,Sharks,Raiders,20,24,14,18,FullTime,4800,12358,Good,Fine,Gerard Sutton,https://www.nrl.com/draw/nrl-premiership/2026/round-24/sharks-v-raiders/
20261112450,2026,24,Round 24,False,2026-08-15T07:30:00Z,CommBank Stadium,Sydney,Eels,Cowboys,32,30,14,12,FullTime,4800,12804,Good,Fine,Todd Smith,https://www.nrl.com/draw/nrl-premiership/2026/round-24/eels-v-cowboys/
20261112460,2026,24,Round 24,False,2026-08-15T09:35:00Z,Suncorp Stadium,Brisbane,Broncos,Warriors,6,40,0,20,FullTime,4800,38916,Good,Fine,Wyatt Raymond,https://www.nrl.com/draw/nrl-premiership/2026/round-24/broncos-v-warriors/
20261112470,2026,24,Round 24,False,2026-08-16T04:00:00Z,McDonald Jones Stadium,Newcastle,Knights,Titans,36,26,16,10,FullTime,4800,20003,Good,Fine,Liam Kennedy,https://www.nrl.com/draw/nrl-premiership/2026/round-24/knights-v-titans/
20261112480,2026,24,Round 24,False,2026-08-16T06:05:00Z,CommBank Stadium,Sydney,Wests Tigers,Dragons,22,24,6,18,FullTime,4800,9773,Good,Fine,Peter Gough,https://www.nrl.com/draw/nrl-premiership/2026/round-24/wests-tigers-v-dragons/
20261112510,2026,25,Round 25,False,2026-08-20T09:50:00Z,AAMI Park,Melbourne,Storm,Panthers,14,22,0,22,FullTime,4800,17880,Good,Rain,Grant Atkins,https://www.nrl.com/draw/nrl-premiership/2026/round-25/storm-v-panthers/
20261112520,2026,25,Round 25,False,2026-08-21T08:00:00Z,GIO Stadium,Canberra,Raiders,Broncos,30,34,18,16,FullTime,4800,20512,Good,Fine,Adam Gee,https://www.nrl.com/draw/nrl-premiership/2026/round-25/raiders-v-broncos/
20261112530,2026,25,Round 25,False,2026-08-21T10:00:00Z,Suncorp Stadium,Brisbane,Dolphins,Eels,34,16,16,10,FullTime,4800,24728,Good,Fine,Gerard Sutton,https://www.nrl.com/draw/nrl-premiership/2026/round-25/dolphins-v-eels/
20261112540,2026,25,Round 25,False,2026-08-22T05:00:00Z,McDonald Jones Stadium,Newcastle,Knights,Sea Eagles,24,44,18,24,FullTime,4800,24537,Good,Fine,Wyatt Raymond,https://www.nrl.com/draw/nrl-premiership/2026/round-25/knights-v-sea-eagles/
20261112550,2026,25,Round 25,False,2026-08-22T07:30:00Z,Accor Stadium,Sydney,Rabbitohs,Warriors,26,45,8,26,FullTime,4800,19531,Good,Fine,Todd Smith,https://www.nrl.com/draw/nrl-premiership/2026/round-25/rabbitohs-v-warriors/
20261112560,2026,25,Round 25,False,2026-08-22T09:35:00Z,Allianz Stadium,Sydney,Dragons,Bulldogs,14,44,0,24,FullTime,4800,14711,Good,Fine,Liam Kennedy,https://www.nrl.com/draw/nrl-premiership/2026/round-25/dragons-v-bulldogs/
20261112570,2026,25,Round 25,False,2026-08-23T04:00:00Z,Cbus Super Stadium,Gold Coast,Titans,Sharks,22,30,16,8,FullTime,4800,16074,Good,Fine,Peter Gough,https://www.nrl.com/draw/nrl-premiership/2026/round-25/titans-v-sharks/
20261112580,2026,25,Round 25,False,2026-08-23T06:05:00Z,Allianz Stadium,Sydney,Roosters,Wests Tigers,24,25,12,12,FullTime,4800,26240,Good,Fine,Ashley Klein,https://www.nrl.com/draw/nrl-premiership/2026/round-25/roosters-v-wests-tigers/
20261112610,2026,26,Round 26,False,2026-08-27T09:50:00Z,Suncorp Stadium,Brisbane,Broncos,Storm,20,46,10,30,FullTime,4800,36476,Good,Fine,Wyatt Raymond,https://www.nrl.com/draw/nrl-premiership/2026/round-26/broncos-v-storm/
20261112620,2026,26,Round 26,False,2026-08-28T08:00:00Z,4 Pines Park,Sydney,Sea Eagles,Dragons,44,10,26,0,FullTime,4800,13597,Good,Fine,,https://www.nrl.com/draw/nrl-premiership/2026/round-26/sea-eagles-v-dragons/
20261112630,2026,26,Round 26,False,2026-08-28T10:00:00Z,CommBank Stadium,Sydney,Panthers,Bulldogs,24,10,8,4,FullTime,4800,19979,Good,Fine,Gerard Sutton,https://www.nrl.com/draw/nrl-premiership/2026/round-26/panthers-v-bulldogs/
20261112640,2026,26,Round 26,False,2026-08-29T05:00:00Z,Cbus Super Stadium,Gold Coast,Titans,Rabbitohs,22,42,6,28,FullTime,4800,22108,Good,Fine,Liam Kennedy,https://www.nrl.com/draw/nrl-premiership/2026/round-26/titans-v-rabbitohs/
20261112650,2026,26,Round 26,False,2026-08-29T07:30:00Z,Allianz Stadium,Sydney,Roosters,Dolphins,12,26,6,20,FullTime,4800,23216,Good,Fine,Todd Smith,https://www.nrl.com/draw/nrl-premiership/2026/round-26/roosters-v-dolphins/
20261112660,2026,26,Round 26,False,2026-08-29T09:35:00Z,Queensland Country Bank Stadium,Townsville,Cowboys,Wests Tigers,24,10,8,10,FullTime,4800,17888,Good,Fine,Grant Atkins,https://www.nrl.com/draw/nrl-premiership/2026/round-26/cowboys-v-wests-tigers/
20261112670,2026,26,Round 26,False,2026-08-30T04:00:00Z,Go Media Stadium,Auckland,Warriors,Knights,46,32,22,20,FullTime,4800,25853,Good,Showers,Adam Gee,https://www.nrl.com/draw/nrl-premiership/2026/round-26/warriors-v-knights/
20261112680,2026,26,Round 26,False,2026-08-30T06:05:00Z,CommBank Stadium,Sydney,Eels,Sharks,38,18,26,8,FullTime,4800,18074,Good,Fine,Ashley Klein,https://www.nrl.com/draw/nrl-premiership/2026/round-26/eels-v-sharks/
20261112710,2026,27,Round 27,False,2026-09-03T09:50:00Z,Accor Stadium,Sydney,Bulldogs,Broncos,20,34,10,10,FullTime,4800,13802,Good,Fine,Grant Atkins,https://www.nrl.com/draw/nrl-premiership/2026/round-27/bulldogs-v-broncos/
20261112720,2026,27,Round 27,False,2026-09-04T08:00:00Z,Cbus Super Stadium,Gold Coast,Titans,Dolphins,20,24,14,12,FullTime,4800,17053,Good,Fine,Wyatt Raymond,https://www.nrl.com/draw/nrl-premiership/2026/round-27/titans-v-dolphins/
20261112730,2026,27,Round 27,False,2026-09-04T10:00:00Z,Allianz Stadium,Sydney,Rabbitohs,Roosters,50,20,20,4,FullTime,4800,41513,Good,Fine,Adam Gee,https://www.nrl.com/draw/nrl-premiership/2026/round-27/rabbitohs-v-roosters/
20261112740,2026,27,Round 27,False,2026-09-05T05:00:00Z,Go Media Stadium,Auckland,Warriors,Sea Eagles,31,30,20,12,FullTime,4800,26206,Good,Fine,Gerard Sutton,https://www.nrl.com/draw/nrl-premiership/2026/round-27/warriors-v-sea-eagles/
20261112750,2026,27,Round 27,False,2026-09-05T07:30:00Z,Queensland Country Bank Stadium,Townsville,Cowboys,Raiders,30,50,12,30,FullTime,4800,18982,Good,Fine,,https://www.nrl.com/draw/nrl-premiership/2026/round-27/cowboys-v-raiders/
20261112760,2026,27,Round 27,False,2026-09-05T09:35:00Z,Ocean Protect Stadium,Sydney,Sharks,Storm,20,24,18,12,FullTime,4800,12184,Good,Fine,Todd Smith,https://www.nrl.com/draw/nrl-premiership/2026/round-27/sharks-v-storm/
20261112770,2026,27,Round 27,False,2026-09-06T04:00:00Z,WIN Stadium,Wollongong,Dragons,Eels,24,22,10,16,FullTime,4800,17013,Good,Fine,Liam Kennedy,https://www.nrl.com/draw/nrl-premiership/2026/round-27/dragons-v-eels/
20261112780,2026,27,Round 27,False,2026-09-06T06:05:00Z,CommBank Stadium,Sydney,Panthers,Wests Tigers,38,10,26,0,FullTime,4800,18332,Good,Fine,Ashley Klein,https://www.nrl.com/draw/nrl-premiership/2026/round-27/panthers-v-wests-tigers/
20261112810,2026,28,Finals Week 1,True,2026-09-11T09:50:00Z,Allianz Stadium,Sydney,Rabbitohs,Knights,10,20,6,10,FullTime,4800,28152,Good,Fine,Ashley Klein,https://www.nrl.com/draw/nrl-premiership/2026/finals-week-1/rabbitohs-v-knights/
20261112820,2026,28,Finals Week 1,True,2026-09-12T06:05:00Z,Go Media Stadium,Auckland,Warriors,Dolphins,16,26,12,8,FullTime,4800,26131,Good,Fine,Adam Gee,https://www.nrl.com/draw/nrl-premiership/2026/finals-week-1/warriors-v-dolphins/
20261112830,2026,28,Finals Week 1,True,2026-09-12T09:50:00Z,Allianz Stadium,Sydney,Sharks,Cowboys,26,16,12,6,FullTime,4800,17429,Good,Fine,Grant Atkins,https://www.nrl.com/draw/nrl-premiership/2026/finals-week-1/sharks-v-cowboys/
20261112840,2026,28,Finals Week 1,True,2026-09-13T06:05:00Z,CommBank Stadium,Sydney,Panthers,Roosters,19,12,12,12,FullTime,4800,22148,Good,Fine,Gerard Sutton,https://www.nrl.com/draw/nrl-premiership/2026/finals-week-1/panthers-v-roosters/
20261112910,2026,29,Finals Week 2,True,2026-09-19T09:50:00Z,Allianz Stadium,Sydney,Roosters,Sharks,46,10,18,10,FullTime,4800,39147,Good,Fine,Adam Gee,https://www.nrl.com/draw/nrl-premiership/2026/finals-week-2/roosters-v-sharks/
20261112920,2026,29,Finals Week 2,True,2026-09-20T06:05:00Z,Eden Park,Auckland,Warriors,Knights,10,12,6,6,FullTime,4800,48511,Good,Fine,Ashley Klein,https://www.nrl.com/draw/nrl-premiership/2026/finals-week-2/warriors-v-knights/
20261113010,2026,30,Finals Week 3,True,2026-09-25T09:50:00Z,Suncorp Stadium,Brisbane,Dolphins,Roosters,20,36,6,16,FullTime,4800,52286,Good,Fine,Adam Gee,https://www.nrl.com/draw/nrl-premiership/2026/finals-week-3/dolphins-v-roosters/
20261113020,2026,30,Finals Week 3,True,2026-09-27T06:00:00Z,Accor Stadium,Sydney,Panthers,Knights,14,22,14,6,FullTime,4800,57102,Good,Showers,Gerard Sutton,https://www.nrl.com/draw/nrl-premiership/2026/finals-week-3/panthers-v-knights/
20261113110,2026,31,Grand Final,True,2026-10-04T08:30:00Z,Accor Stadium,Sydney,Roosters,Knights,19,18,6,12,FullTime,4800,80814,Good,Fine,Adam Gee,https://www.nrl.com/draw/nrl-premiership/2026/grand-final/game-1/
