match_id,season,round,team,opponent,is_home,points_for,points_against,possession_pct,time_in_possession,completion_rate,completion_rate_made,completion_rate_attempts,all_runs,all_run_metres,post_contact_metres,line_breaks,tackle_breaks,average_set_distance,kick_return_metres,average_play_the_ball_speed,offloads,receipts,total_passes,dummy_passes,kicks,kicking_metres,forced_drop_outs,kick_defusal_pct,kick_defusal_pct_made,kick_defusal_pct_attempts,bombs,grubbers,effective_tackle_pct,tackles_made,missed_tackles,intercepts,ineffective_tackles,errors,penalties_conceded,ruck_infringements,on_reports,interchanges_used,head_injury_assessment,sin_bins,forty_twenty,send_offs,inside_10_metres
20201110110,2020,1,Bulldogs,Eels,False,2,8,51.0,1648.0,70.0,26.0,37.0,164.0,1345.0,395.0,1.0,26.0,36.38,111.0,3.48,5.0,398.0,215.0,11.0,21.0,606.0,2.0,50.0,9.0,18.0,5.0,4.0,87.04,309.0,28.0,,18.0,13.0,10.0,,1.0,8.0,0.0,,,,
20201110110,2020,1,Eels,Bulldogs,True,8,2,49.0,1539.0,71.0,28.0,39.0,167.0,1479.0,436.0,0.0,28.0,37.94,206.0,3.54,8.0,384.0,210.0,15.0,24.0,550.0,1.0,60.0,6.0,10.0,8.0,4.0,90.96,332.0,26.0,,7.0,13.0,6.0,,0.0,8.0,1.0,,,,
20201110120,2020,1,Titans,Raiders,False,6,24,49.0,1617.0,69.0,25.0,36.0,165.0,1547.0,463.0,2.0,30.0,42.99,141.0,3.51,12.0,409.0,234.0,20.0,15.0,342.0,,83.0,5.0,6.0,2.0,4.0,86.62,369.0,44.0,,13.0,12.0,7.0,,0.0,8.0,1.0,,0.0,,
20201110120,2020,1,Raiders,Titans,True,24,6,51.0,1696.0,76.0,33.0,43.0,171.0,1575.0,481.0,6.0,44.0,36.63,149.0,3.76,10.0,375.0,184.0,15.0,23.0,681.0,,80.0,8.0,10.0,4.0,3.0,85.54,284.0,30.0,,18.0,11.0,6.0,,1.0,5.0,0.0,,1.0,,
20201110130,2020,1,Broncos,Cowboys,False,28,21,45.0,1503.0,77.0,24.0,31.0,154.0,1641.0,570.0,5.0,49.0,52.94,127.0,3.54,8.0,343.0,181.0,13.0,19.0,560.0,0.0,62.0,8.0,13.0,0.0,5.0,88.2,299.0,24.0,,16.0,8.0,4.0,,1.0,5.0,,,,,
20201110130,2020,1,Cowboys,Broncos,True,21,28,55.0,1855.0,72.0,27.0,37.0,176.0,1749.0,517.0,4.0,24.0,47.28,228.0,3.77,9.0,392.0,219.0,29.0,18.0,419.0,1.0,62.0,5.0,8.0,6.0,1.0,82.64,300.0,49.0,,14.0,11.0,3.0,,0.0,8.0,,,,,
20201110140,2020,1,Warriors,Knights,False,0,20,46.0,1667.0,78.0,33.0,42.0,161.0,1306.0,398.0,0.0,30.0,31.11,109.0,3.44,6.0,386.0,211.0,17.0,23.0,659.0,1.0,53.0,9.0,17.0,0.0,8.0,90.13,356.0,27.0,,12.0,10.0,13.0,,,8.0,0.0,1.0,1.0,,
20201110140,2020,1,Knights,Warriors,True,20,0,54.0,1967.0,80.0,37.0,46.0,190.0,1652.0,478.0,2.0,27.0,35.91,251.0,3.91,6.0,436.0,237.0,18.0,22.0,516.0,1.0,78.0,7.0,9.0,4.0,6.0,89.54,351.0,30.0,,11.0,13.0,10.0,,,7.0,1.0,0.0,0.0,,
20201110150,2020,1,Sharks,Rabbitohs,False,18,22,50.0,1546.0,67.0,29.0,43.0,189.0,1696.0,385.0,3.0,26.0,39.46,178.0,3.27,7.0,388.0,227.0,13.0,12.0,361.0,2.0,67.0,4.0,6.0,5.0,3.0,86.85,317.0,27.0,1.0,21.0,14.0,6.0,,,7.0,1.0,0.0,,,
20201110150,2020,1,Rabbitohs,Sharks,True,22,18,50.0,1534.0,75.0,27.0,36.0,161.0,1479.0,386.0,3.0,27.0,41.08,165.0,3.67,9.0,391.0,216.0,15.0,20.0,645.0,3.0,100.0,7.0,7.0,1.0,6.0,89.54,334.0,26.0,0.0,13.0,9.0,13.0,,,8.0,0.0,1.0,,,
20201110160,2020,1,Roosters,Panthers,False,14,20,48.0,1458.0,69.0,25.0,36.0,171.0,1453.0,457.0,0.0,28.0,40.36,247.0,3.63,5.0,374.0,203.0,7.0,21.0,521.0,1.0,62.0,5.0,8.0,4.0,3.0,90.75,373.0,22.0,0.0,16.0,15.0,6.0,,,7.0,1.0,,0.0,,
20201110160,2020,1,Panthers,Roosters,True,20,14,52.0,1608.0,71.0,30.0,42.0,179.0,1503.0,420.0,3.0,22.0,35.81,146.0,3.28,9.0,392.0,205.0,10.0,20.0,693.0,1.0,71.0,10.0,14.0,3.0,3.0,89.14,312.0,28.0,1.0,10.0,13.0,6.0,,,6.0,0.0,,1.0,,
20201110170,2020,1,Storm,Sea Eagles,False,18,4,55.0,1846.0,73.0,30.0,41.0,189.0,1635.0,490.0,1.0,24.0,39.89,197.0,3.81,12.0,431.0,221.0,21.0,27.0,579.0,4.0,64.0,7.0,11.0,4.0,9.0,93.18,314.0,15.0,,8.0,12.0,9.0,,0.0,8.0,1.0,,,,
20201110170,2020,1,Sea Eagles,Storm,True,4,18,45.0,1527.0,66.0,24.0,36.0,159.0,1265.0,370.0,0.0,15.0,35.15,106.0,3.98,5.0,366.0,202.0,23.0,17.0,379.0,0.0,47.0,8.0,17.0,5.0,5.0,88.83,326.0,24.0,,17.0,15.0,4.0,,1.0,8.0,0.0,,,,
20201110180,2020,1,Wests Tigers,Dragons,False,24,14,59.0,1889.0,72.0,31.0,43.0,209.0,1954.0,555.0,3.0,36.0,45.46,201.0,3.48,11.0,449.0,247.0,34.0,22.0,430.0,4.0,43.0,3.0,7.0,6.0,10.0,84.89,264.0,29.0,,18.0,11.0,2.0,,0.0,7.0,1.0,,,,
20201110180,2020,1,Dragons,Wests Tigers,True,14,24,41.0,1350.0,59.0,19.0,32.0,143.0,1353.0,396.0,1.0,29.0,42.31,158.0,3.55,10.0,327.0,168.0,27.0,18.0,489.0,2.0,65.0,11.0,17.0,2.0,6.0,87.67,377.0,36.0,,17.0,14.0,7.0,,1.0,8.0,0.0,,,,
20201110210,2020,2,Cowboys,Bulldogs,False,24,16,57.0,1883.0,80.0,36.0,45.0,208.0,1921.0,621.0,4.0,38.0,42.69,181.0,3.36,11.0,428.0,226.0,26.0,23.0,648.0,1.0,71.0,5.0,7.0,7.0,4.0,92.63,314.0,16.0,0.0,9.0,8.0,6.0,,,8.0,,0.0,0.0,,
20201110210,2020,2,Bulldogs,Cowboys,True,16,24,43.0,1396.0,60.0,25.0,41.0,168.0,1553.0,507.0,2.0,16.0,37.89,138.0,3.28,5.0,348.0,179.0,18.0,18.0,610.0,0.0,83.0,10.0,12.0,5.0,2.0,87.87,384.0,38.0,1.0,15.0,17.0,7.0,,,8.0,,1.0,1.0,,
20201110220,2020,2,Panthers,Dragons,False,32,28,54.0,1713.0,81.0,30.0,37.0,190.0,2039.0,558.0,6.0,26.0,55.13,209.0,3.5,11.0,418.0,231.0,15.0,22.0,517.0,2.0,62.0,5.0,8.0,8.0,3.0,87.68,299.0,35.0,0.0,7.0,8.0,6.0,,,8.0,0.0,,,,
20201110220,2020,2,Dragons,Panthers,True,28,32,46.0,1469.0,82.0,29.0,35.0,172.0,1688.0,444.0,2.0,35.0,48.25,126.0,3.87,7.0,349.0,187.0,17.0,17.0,549.0,0.0,56.0,9.0,16.0,2.0,2.0,89.34,352.0,26.0,1.0,16.0,7.0,5.0,,,8.0,2.0,,,,
20201110230,2020,2,Rabbitohs,Broncos,False,18,22,47.0,1374.0,70.0,24.0,34.0,157.0,1442.0,391.0,2.0,21.0,42.43,162.0,3.87,6.0,356.0,213.0,18.0,12.0,300.0,1.0,56.0,5.0,9.0,1.0,4.0,85.31,331.0,44.0,,13.0,12.0,5.0,,,8.0,0.0,,,,
20201110230,2020,2,Broncos,Rabbitohs,True,22,18,53.0,1558.0,84.0,28.0,33.0,163.0,1612.0,486.0,3.0,45.0,48.87,182.0,3.49,10.0,345.0,175.0,6.0,18.0,453.0,3.0,75.0,3.0,4.0,3.0,4.0,88.78,269.0,22.0,,12.0,7.0,10.0,,,8.0,1.0,,,,
20201110240,2020,2,Raiders,Warriors,False,20,6,51.0,1645.0,67.0,25.0,37.0,168.0,1711.0,482.0,4.0,46.0,46.25,226.0,3.97,3.0,354.0,187.0,3.0,15.0,484.0,2.0,55.0,6.0,11.0,3.0,4.0,90.88,329.0,26.0,,7.0,11.0,10.0,,1.0,7.0,2.0,,,,
20201110240,2020,2,Warriors,Raiders,True,6,20,49.0,1614.0,70.0,26.0,37.0,182.0,1605.0,458.0,0.0,26.0,43.4,117.0,3.69,5.0,396.0,229.0,24.0,17.0,523.0,1.0,62.0,5.0,8.0,2.0,4.0,85.55,296.0,46.0,,4.0,13.0,4.0,,0.0,6.0,3.0,,,,
20201110250,2020,2,Sea Eagles,Roosters,False,9,8,52.0,1939.0,86.0,33.0,38.0,196.0,1628.0,600.0,1.0,41.0,42.85,91.0,4.03,12.0,445.0,236.0,7.0,25.0,802.0,0.0,60.0,9.0,15.0,7.0,1.0,86.89,318.0,34.0,,14.0,9.0,7.0,,,6.0,2.0,,,,
20201110250,2020,2,Roosters,Sea Eagles,True,8,9,48.0,1808.0,70.0,31.0,44.0,201.0,1933.0,613.0,5.0,34.0,43.93,255.0,3.76,10.0,445.0,241.0,28.0,20.0,491.0,2.0,62.0,5.0,8.0,7.0,4.0,85.47,353.0,41.0,,19.0,15.0,5.0,,,7.0,0.0,,,,
20201110260,2020,2,Storm,Sharks,False,12,10,49.0,1620.0,76.0,32.0,42.0,170.0,1473.0,438.0,3.0,24.0,35.07,148.0,4.02,6.0,367.0,196.0,5.0,22.0,506.0,0.0,83.0,5.0,6.0,4.0,7.0,86.39,311.0,30.0,1.0,19.0,13.0,6.0,,,8.0,0.0,,,,
20201110260,2020,2,Sharks,Storm,True,10,12,51.0,1646.0,65.0,25.0,38.0,189.0,1472.0,377.0,1.0,30.0,38.74,146.0,3.76,13.0,431.0,254.0,27.0,18.0,572.0,1.0,69.0,9.0,13.0,0.0,5.0,90.29,316.0,24.0,0.0,10.0,14.0,11.0,,,8.0,1.0,,,,
20201110270,2020,2,Knights,Wests Tigers,False,42,24,57.0,1728.0,85.0,36.0,42.0,185.0,1708.0,504.0,4.0,43.0,40.68,255.0,3.57,4.0,410.0,211.0,17.0,25.0,594.0,2.0,100.0,11.0,11.0,7.0,6.0,85.84,291.0,33.0,,15.0,6.0,7.0,,,8.0,1.0,,,,
20201110270,2020,2,Wests Tigers,Knights,True,24,42,43.0,1328.0,76.0,26.0,34.0,166.0,1409.0,383.0,3.0,33.0,41.45,117.0,3.72,10.0,315.0,161.0,30.0,16.0,441.0,1.0,50.0,7.0,14.0,6.0,4.0,87.78,359.0,43.0,,7.0,7.0,7.0,,,7.0,1.0,,,,
20201110280,2020,2,Eels,Titans,False,46,6,65.0,1964.0,86.0,40.0,46.0,208.0,2031.0,641.0,7.0,56.0,44.17,244.0,4.01,19.0,459.0,250.0,29.0,23.0,543.0,3.0,80.0,4.0,5.0,1.0,8.0,85.54,213.0,27.0,,9.0,8.0,2.0,,1.0,8.0,0.0,,,,
20201110280,2020,2,Titans,Eels,True,6,46,35.0,1117.0,54.0,13.0,24.0,121.0,1002.0,284.0,2.0,27.0,41.75,109.0,3.46,4.0,259.0,135.0,11.0,12.0,420.0,0.0,62.0,8.0,13.0,3.0,1.0,81.86,388.0,56.0,,30.0,11.0,14.0,,0.0,8.0,1.0,,,,
20201110310,2020,3,Eels,Broncos,False,34,6,64.0,2094.0,73.0,36.0,49.0,232.0,2303.0,726.0,7.0,38.0,47.01,331.0,4.02,23.0,507.0,285.0,26.0,22.0,561.0,5.0,60.0,3.0,5.0,7.0,7.0,87.99,249.0,23.0,0.0,11.0,12.0,1.0,2.0,,8.0,1.0,,,,
20201110310,2020,3,Broncos,Eels,True,6,34,36.0,1232.0,62.0,20.0,32.0,136.0,1310.0,482.0,2.0,23.0,40.95,130.0,3.4,5.0,299.0,149.0,3.0,16.0,512.0,1.0,79.0,11.0,14.0,1.0,2.0,84.24,401.0,38.0,1.0,37.0,15.0,6.0,3.0,,6.0,0.0,,,,
20201110320,2020,3,Titans,Cowboys,False,6,36,35.0,1111.0,76.0,23.0,30.0,128.0,1281.0,458.0,3.0,17.0,42.71,106.0,3.22,12.0,297.0,155.0,6.0,13.0,307.0,0.0,85.0,11.0,13.0,1.0,4.0,89.68,426.0,33.0,2.0,16.0,9.0,8.0,5.0,,8.0,1.0,0.0,,,
20201110320,2020,3,Cowboys,Titans,True,36,6,65.0,2052.0,84.0,39.0,46.0,209.0,2054.0,744.0,8.0,33.0,44.67,289.0,3.76,9.0,491.0,280.0,29.0,21.0,455.0,5.0,100.0,6.0,6.0,4.0,5.0,86.69,241.0,17.0,0.0,20.0,9.0,5.0,4.0,,7.0,0.0,2.0,,,
20201110330,2020,3,Rabbitohs,Roosters,False,12,28,51.0,1664.0,85.0,35.0,41.0,185.0,1619.0,536.0,3.0,36.0,39.5,173.0,3.71,6.0,417.0,233.0,15.0,21.0,619.0,4.0,57.0,4.0,7.0,4.0,8.0,90.02,370.0,31.0,1.0,10.0,6.0,4.0,2.0,0.0,7.0,3.0,,,,
20201110330,2020,3,Roosters,Rabbitohs,True,28,12,49.0,1630.0,86.0,33.0,38.0,185.0,1790.0,557.0,6.0,31.0,47.12,254.0,3.31,7.0,400.0,212.0,11.0,23.0,615.0,2.0,100.0,9.0,9.0,0.0,4.0,90.48,399.0,36.0,0.0,6.0,7.0,9.0,2.0,1.0,6.0,2.0,,,,
20201110340,2020,3,Dragons,Warriors,False,0,18,47.0,1838.0,82.0,34.0,41.0,198.0,2067.0,612.0,2.0,35.0,50.42,218.0,3.39,9.0,434.0,224.0,24.0,24.0,695.0,1.0,69.0,9.0,13.0,7.0,2.0,92.16,470.0,33.0,,7.0,9.0,4.0,4.0,0.0,7.0,0.0,,,,
20201110340,2020,3,Warriors,Dragons,True,18,0,53.0,2058.0,95.0,46.0,48.0,219.0,2240.0,667.0,3.0,33.0,46.69,192.0,3.45,6.0,498.0,257.0,18.0,32.0,827.0,1.0,88.0,7.0,8.0,7.0,4.0,89.02,389.0,35.0,,13.0,4.0,3.0,3.0,1.0,5.0,3.0,,,,
20201110350,2020,3,Wests Tigers,Sharks,False,28,16,50.0,1474.0,79.0,31.0,39.0,169.0,1633.0,513.0,5.0,53.0,41.89,224.0,3.04,10.0,377.0,187.0,8.0,23.0,532.0,3.0,89.0,8.0,9.0,3.0,5.0,91.5,323.0,22.0,,8.0,13.0,3.0,5.0,,7.0,,,,,
20201110350,2020,3,Sharks,Wests Tigers,True,16,28,50.0,1493.0,78.0,33.0,42.0,164.0,1460.0,401.0,2.0,22.0,34.76,137.0,3.56,4.0,366.0,198.0,25.0,20.0,561.0,2.0,82.0,9.0,11.0,4.0,7.0,82.89,315.0,53.0,,12.0,10.0,5.0,2.0,,8.0,,,,,
20201110360,2020,3,Raiders,Storm,False,22,6,46.0,1559.0,77.0,31.0,40.0,169.0,1546.0,427.0,3.0,22.0,38.66,89.0,3.46,9.0,364.0,188.0,17.0,20.0,546.0,2.0,62.0,10.0,16.0,3.0,5.0,86.15,342.0,35.0,,20.0,10.0,5.0,3.0,0.0,7.0,,,1.0,,
20201110360,2020,3,Storm,Raiders,True,6,22,54.0,1824.0,67.0,27.0,40.0,181.0,1738.0,473.0,3.0,35.0,43.47,133.0,3.41,12.0,407.0,224.0,20.0,18.0,322.0,4.0,73.0,8.0,11.0,6.0,6.0,90.56,355.0,22.0,,15.0,13.0,5.0,3.0,1.0,8.0,,,0.0,,
20201110370,2020,3,Knights,Panthers,False,14,14,44.0,1911.0,80.0,38.0,47.0,231.0,2083.0,711.0,3.0,24.0,44.33,146.0,3.2,10.0,492.0,248.0,12.0,26.0,726.0,0.0,61.0,11.0,18.0,10.0,1.0,91.0,526.0,33.0,,19.0,12.0,2.0,0.0,,10.0,2.0,,,,
20201110370,2020,3,Panthers,Knights,True,14,14,56.0,2376.0,84.0,37.0,44.0,247.0,2423.0,860.0,6.0,33.0,55.09,251.0,3.21,14.0,572.0,306.0,9.0,30.0,702.0,3.0,92.0,11.0,12.0,8.0,3.0,91.26,449.0,24.0,,19.0,9.0,4.0,4.0,,9.0,1.0,,,,
20201110380,2020,3,Bulldogs,Sea Eagles,False,6,32,44.0,1429.0,70.0,26.0,37.0,165.0,1418.0,465.0,0.0,11.0,38.35,92.0,3.63,6.0,352.0,178.0,10.0,15.0,375.0,2.0,73.0,8.0,11.0,4.0,5.0,85.89,359.0,43.0,0.0,16.0,14.0,4.0,4.0,,7.0,1.0,0.0,,,
20201110380,2020,3,Sea Eagles,Bulldogs,True,32,6,56.0,1837.0,81.0,36.0,44.0,208.0,1931.0,671.0,8.0,43.0,43.9,256.0,3.56,12.0,476.0,273.0,9.0,21.0,423.0,5.0,50.0,6.0,12.0,4.0,9.0,93.69,297.0,11.0,1.0,9.0,10.0,4.0,7.0,,7.0,0.0,1.0,,,
20201110410,2020,4,Roosters,Broncos,False,59,0,63.0,2072.0,81.0,40.0,49.0,224.0,2361.0,884.0,10.0,44.0,48.19,315.0,3.35,14.0,508.0,296.0,20.0,16.0,311.0,2.0,67.0,4.0,6.0,3.0,3.0,87.35,283.0,20.0,,21.0,10.0,4.0,1.0,,7.0,1.0,0.0,,,
20201110410,2020,4,Broncos,Roosters,True,0,59,37.0,1178.0,68.0,20.0,29.0,136.0,1120.0,478.0,1.0,20.0,38.62,60.0,3.4,15.0,292.0,149.0,9.0,13.0,357.0,0.0,83.0,5.0,6.0,1.0,1.0,85.71,414.0,44.0,,25.0,11.0,8.0,5.0,,8.0,1.0,1.0,,,
20201110420,2020,4,Warriors,Panthers,False,0,26,44.0,1670.0,80.0,34.0,42.0,190.0,1605.0,581.0,1.0,17.0,38.24,106.0,3.29,6.0,418.0,227.0,20.0,21.0,580.0,,45.0,9.0,20.0,7.0,2.0,88.84,438.0,26.0,,29.0,13.0,7.0,2.0,,8.0,,,,,
20201110420,2020,4,Panthers,Warriors,True,26,0,56.0,2169.0,85.0,40.0,47.0,225.0,2224.0,848.0,3.0,26.0,47.32,237.0,3.23,18.0,527.0,286.0,17.0,27.0,496.0,,67.0,6.0,9.0,5.0,10.0,93.08,363.0,17.0,,10.0,11.0,5.0,7.0,,8.0,,,,,
20201110430,2020,4,Rabbitohs,Storm,False,8,22,46.0,1402.0,63.0,26.0,41.0,165.0,1469.0,478.0,2.0,45.0,35.84,154.0,3.69,9.0,372.0,213.0,5.0,13.0,375.0,3.0,58.0,7.0,12.0,2.0,4.0,90.36,356.0,18.0,1.0,20.0,18.0,6.0,2.0,,8.0,,,,,
20201110430,2020,4,Storm,Rabbitohs,True,22,8,54.0,1626.0,73.0,30.0,41.0,173.0,1736.0,621.0,3.0,18.0,42.36,148.0,3.55,9.0,400.0,208.0,16.0,18.0,443.0,2.0,57.0,4.0,7.0,2.0,6.0,83.24,308.0,45.0,1.0,17.0,13.0,7.0,3.0,,8.0,,,,,
20201110440,2020,4,Sea Eagles,Eels,False,16,19,49.0,1689.0,79.0,31.0,39.0,179.0,1735.0,494.0,4.0,45.0,44.49,195.0,3.42,11.0,438.0,245.0,15.0,19.0,519.0,0.0,78.0,7.0,9.0,3.0,4.0,85.52,313.0,34.0,,19.0,10.0,4.0,2.0,,8.0,,,,,
20201110440,2020,4,Eels,Sea Eagles,True,19,16,51.0,1766.0,81.0,35.0,43.0,192.0,1998.0,554.0,5.0,34.0,46.47,235.0,3.61,14.0,425.0,216.0,6.0,23.0,748.0,3.0,100.0,7.0,7.0,2.0,5.0,84.54,339.0,45.0,,17.0,12.0,4.0,2.0,,8.0,,,,,
20201110450,2020,4,Sharks,Cowboys,False,26,16,49.0,1576.0,73.0,28.0,38.0,162.0,1633.0,418.0,2.0,28.0,42.98,113.0,3.36,5.0,411.0,233.0,13.0,18.0,491.0,1.0,89.0,8.0,9.0,5.0,6.0,90.76,324.0,19.0,1.0,14.0,9.0,9.0,1.0,,8.0,0.0,,,,
20201110450,2020,4,Cowboys,Sharks,True,16,26,51.0,1611.0,60.0,25.0,41.0,169.0,1501.0,408.0,1.0,19.0,36.63,139.0,3.81,7.0,380.0,207.0,16.0,15.0,333.0,2.0,67.0,8.0,12.0,0.0,7.0,90.2,313.0,28.0,0.0,6.0,17.0,7.0,2.0,,7.0,2.0,,,,
20201110460,2020,4,Knights,Raiders,False,34,18,49.0,1725.0,84.0,37.0,44.0,200.0,2066.0,643.0,5.0,33.0,46.97,203.0,3.4,10.0,424.0,219.0,14.0,23.0,607.0,0.0,67.0,8.0,12.0,13.0,3.0,93.92,417.0,21.0,1.0,6.0,7.0,3.0,4.0,,7.0,2.0,,,,
20201110460,2020,4,Raiders,Knights,True,18,34,51.0,1776.0,77.0,31.0,40.0,173.0,1730.0,677.0,2.0,21.0,43.27,138.0,3.07,3.0,403.0,203.0,23.0,23.0,668.0,1.0,69.0,11.0,16.0,5.0,1.0,87.36,380.0,33.0,0.0,22.0,13.0,3.0,3.0,,6.0,1.0,,,,
20201110470,2020,4,Wests Tigers,Titans,False,23,28,46.0,1455.0,78.0,26.0,33.0,163.0,1523.0,517.0,2.0,38.0,46.15,221.0,3.34,13.0,349.0,169.0,9.0,22.0,478.0,2.0,42.0,5.0,12.0,7.0,5.0,90.84,367.0,22.0,1.0,15.0,11.0,4.0,4.0,,7.0,1.0,,,,
20201110470,2020,4,Titans,Wests Tigers,True,28,23,54.0,1682.0,80.0,33.0,41.0,182.0,1525.0,545.0,4.0,22.0,37.22,135.0,3.54,8.0,420.0,227.0,19.0,20.0,510.0,1.0,73.0,8.0,11.0,4.0,4.0,84.97,311.0,38.0,0.0,17.0,11.0,1.0,2.0,,8.0,0.0,,,,
20201110480,2020,4,Dragons,Bulldogs,False,2,22,44.0,1617.0,71.0,30.0,42.0,201.0,2013.0,388.0,1.0,25.0,47.95,228.0,3.14,13.0,411.0,220.0,17.0,20.0,596.0,1.0,61.0,11.0,18.0,7.0,3.0,90.97,423.0,19.0,0.0,23.0,15.0,3.0,4.0,0.0,7.0,0.0,,,,
20201110480,2020,4,Bulldogs,Dragons,True,22,2,56.0,2077.0,86.0,38.0,44.0,226.0,2202.0,462.0,3.0,19.0,50.05,213.0,3.66,13.0,516.0,283.0,36.0,27.0,853.0,2.0,69.0,9.0,13.0,10.0,2.0,88.71,330.0,25.0,1.0,17.0,8.0,4.0,6.0,1.0,7.0,1.0,,,,
20201110510,2020,5,Broncos,Sea Eagles,False,18,20,48.0,1555.0,85.0,29.0,34.0,169.0,1613.0,641.0,2.0,25.0,47.46,170.0,3.17,9.0,390.0,200.0,8.0,22.0,503.0,0.0,100.0,5.0,5.0,9.0,3.0,92.93,355.0,11.0,,16.0,10.0,12.0,3.0,,7.0,1.0,,,,
20201110510,2020,5,Sea Eagles,Broncos,True,20,18,52.0,1713.0,85.0,40.0,47.0,185.0,1696.0,693.0,3.0,11.0,36.1,188.0,3.48,7.0,412.0,228.0,20.0,22.0,557.0,2.0,36.0,5.0,14.0,4.0,6.0,86.87,291.0,25.0,,19.0,8.0,2.0,5.0,,8.0,0.0,,,,
20201110520,2020,5,Cowboys,Warriors,False,26,37,44.0,1362.0,75.0,28.0,37.0,155.0,1358.0,498.0,4.0,12.0,36.71,148.0,3.71,9.0,350.0,196.0,11.0,15.0,376.0,1.0,53.0,8.0,15.0,3.0,5.0,90.93,371.0,25.0,0.0,12.0,8.0,7.0,6.0,,6.0,,1.0,,,
20201110520,2020,5,Warriors,Cowboys,True,37,26,56.0,1709.0,86.0,40.0,46.0,196.0,1881.0,701.0,4.0,25.0,40.89,260.0,3.42,9.0,419.0,223.0,20.0,19.0,483.0,4.0,73.0,8.0,11.0,4.0,4.0,89.23,290.0,12.0,1.0,23.0,6.0,6.0,5.0,,7.0,,0.0,,,
20201110530,2020,5,Panthers,Eels,False,10,16,47.0,1584.0,83.0,35.0,42.0,186.0,1596.0,578.0,3.0,20.0,38.02,212.0,3.46,3.0,433.0,248.0,24.0,24.0,502.0,5.0,55.0,6.0,11.0,1.0,7.0,84.74,361.0,38.0,1.0,27.0,9.0,7.0,4.0,,7.0,,0.0,,,
20201110530,2020,5,Eels,Panthers,True,16,10,53.0,1767.0,80.0,33.0,41.0,196.0,1723.0,603.0,3.0,38.0,42.05,188.0,3.69,15.0,452.0,247.0,9.0,21.0,532.0,3.0,50.0,5.0,10.0,10.0,4.0,92.27,346.0,20.0,0.0,9.0,11.0,6.0,5.0,,8.0,,1.0,,,
20201110540,2020,5,Titans,Rabbitohs,False,12,32,52.0,1729.0,76.0,30.0,39.0,165.0,1354.0,519.0,1.0,18.0,34.74,150.0,3.46,12.0,425.0,239.0,20.0,22.0,434.0,4.0,58.0,7.0,12.0,5.0,6.0,88.37,357.0,36.0,0.0,11.0,16.0,2.0,6.0,0.0,7.0,1.0,,,,
20201110540,2020,5,Rabbitohs,Titans,True,32,12,48.0,1524.0,85.0,34.0,40.0,172.0,1588.0,599.0,3.0,36.0,39.71,180.0,3.61,7.0,383.0,198.0,10.0,21.0,640.0,2.0,43.0,3.0,7.0,6.0,5.0,89.69,322.0,18.0,1.0,19.0,6.0,9.0,4.0,1.0,8.0,0.0,,,,
20201110550,2020,5,Storm,Knights,False,26,12,53.0,1917.0,90.0,36.0,40.0,205.0,1932.0,846.0,4.0,23.0,48.32,196.0,3.43,9.0,448.0,231.0,24.0,26.0,627.0,2.0,73.0,8.0,11.0,4.0,7.0,90.89,359.0,23.0,,13.0,6.0,3.0,5.0,,7.0,1.0,,,,
20201110550,2020,5,Knights,Storm,True,12,26,47.0,1652.0,81.0,31.0,38.0,178.0,1697.0,694.0,4.0,23.0,44.68,173.0,3.21,10.0,421.0,225.0,12.0,22.0,608.0,1.0,67.0,8.0,12.0,5.0,3.0,92.71,445.0,23.0,,12.0,12.0,5.0,1.0,,8.0,0.0,,,,
20201110560,2020,5,Raiders,Wests Tigers,False,14,6,52.0,1804.0,85.0,41.0,48.0,182.0,1654.0,785.0,1.0,28.0,34.47,170.0,3.58,6.0,408.0,205.0,17.0,24.0,746.0,2.0,90.0,9.0,10.0,3.0,3.0,89.58,344.0,32.0,,8.0,10.0,6.0,4.0,0.0,6.0,2.0,0.0,,,
20201110560,2020,5,Wests Tigers,Raiders,True,6,14,48.0,1622.0,77.0,34.0,44.0,176.0,1506.0,579.0,0.0,32.0,34.24,222.0,3.57,5.0,369.0,189.0,25.0,20.0,602.0,0.0,64.0,7.0,11.0,5.0,3.0,92.49,431.0,28.0,,7.0,10.0,10.0,5.0,1.0,8.0,0.0,1.0,,,
20201110570,2020,5,Sharks,Dragons,False,16,30,47.0,1707.0,74.0,35.0,47.0,210.0,1942.0,485.0,3.0,35.0,41.33,220.0,3.54,8.0,448.0,247.0,17.0,20.0,723.0,3.0,57.0,8.0,14.0,5.0,3.0,85.91,372.0,46.0,0.0,15.0,15.0,3.0,7.0,0.0,8.0,0.0,,,,
20201110570,2020,5,Dragons,Sharks,True,30,16,53.0,1906.0,87.0,42.0,48.0,215.0,1952.0,557.0,5.0,46.0,40.68,246.0,3.83,9.0,475.0,248.0,30.0,28.0,864.0,2.0,64.0,7.0,11.0,7.0,4.0,86.82,349.0,35.0,1.0,18.0,10.0,5.0,5.0,1.0,8.0,1.0,,,,
20201110580,2020,5,Roosters,Bulldogs,False,42,6,50.0,1549.0,71.0,30.0,42.0,187.0,1912.0,740.0,9.0,39.0,45.52,214.0,3.25,15.0,395.0,206.0,5.0,18.0,413.0,0.0,58.0,7.0,12.0,6.0,6.0,87.38,353.0,25.0,1.0,26.0,14.0,8.0,5.0,1.0,8.0,,,,,
20201110580,2020,5,Bulldogs,Roosters,True,6,42,50.0,1568.0,73.0,31.0,42.0,168.0,1438.0,576.0,2.0,25.0,34.24,142.0,3.82,12.0,396.0,226.0,14.0,16.0,396.0,2.0,58.0,7.0,12.0,7.0,1.0,84.75,328.0,39.0,0.0,20.0,15.0,4.0,4.0,0.0,7.0,,,,,
20201110610,2020,6,Broncos,Knights,False,6,27,43.0,1518.0,77.0,27.0,35.0,165.0,1545.0,635.0,1.0,23.0,44.17,129.0,3.37,9.0,376.0,199.0,13.0,19.0,530.0,0.0,64.0,9.0,14.0,6.0,4.0,89.95,394.0,31.0,1.0,13.0,10.0,8.0,8.0,,8.0,0.0,2.0,,,
20201110610,2020,6,Knights,Broncos,True,27,6,57.0,2032.0,83.0,41.0,49.0,225.0,2150.0,851.0,4.0,31.0,43.89,187.0,3.63,9.0,482.0,259.0,18.0,21.0,435.0,1.0,58.0,7.0,12.0,4.0,6.0,89.87,346.0,23.0,1.0,16.0,11.0,4.0,3.0,,8.0,2.0,0.0,,,
20201110620,2020,6,Warriors,Rabbitohs,False,12,40,49.0,1524.0,76.0,29.0,38.0,171.0,1571.0,597.0,3.0,16.0,41.35,99.0,3.38,9.0,385.0,205.0,13.0,18.0,622.0,,50.0,4.0,8.0,3.0,2.0,87.66,348.0,41.0,0.0,8.0,11.0,4.0,4.0,,7.0,,1.0,,,
20201110620,2020,6,Rabbitohs,Warriors,True,40,12,51.0,1597.0,69.0,29.0,42.0,196.0,1922.0,599.0,6.0,41.0,45.78,214.0,3.39,7.0,405.0,213.0,17.0,18.0,457.0,,38.0,3.0,8.0,1.0,6.0,90.63,358.0,16.0,1.0,21.0,17.0,4.0,3.0,,8.0,,1.0,,,
20201110630,2020,6,Storm,Panthers,False,14,21,47.0,1521.0,81.0,35.0,43.0,177.0,1531.0,560.0,2.0,26.0,35.62,171.0,3.51,7.0,389.0,202.0,9.0,20.0,608.0,2.0,56.0,9.0,16.0,1.0,4.0,90.95,362.0,23.0,,13.0,11.0,4.0,0.0,,8.0,,0.0,,,
20201110630,2020,6,Panthers,Storm,True,21,14,53.0,1695.0,83.0,30.0,36.0,184.0,1730.0,591.0,2.0,23.0,48.07,229.0,3.71,10.0,443.0,252.0,12.0,25.0,645.0,3.0,80.0,4.0,5.0,6.0,7.0,89.92,348.0,26.0,,13.0,7.0,6.0,7.0,,7.0,,1.0,,,
20201110640,2020,6,Dragons,Titans,False,20,8,51.0,1745.0,73.0,34.0,46.0,203.0,1868.0,685.0,4.0,30.0,40.62,237.0,3.75,4.0,462.0,261.0,13.0,18.0,563.0,4.0,82.0,9.0,11.0,5.0,3.0,91.92,364.0,22.0,,10.0,12.0,4.0,5.0,1.0,7.0,1.0,,,,
20201110640,2020,6,Titans,Dragons,True,8,20,49.0,1688.0,76.0,30.0,39.0,182.0,1599.0,604.0,0.0,22.0,41.02,165.0,3.36,5.0,433.0,236.0,22.0,24.0,631.0,3.0,50.0,4.0,8.0,3.0,6.0,91.32,368.0,30.0,,5.0,13.0,3.0,7.0,0.0,8.0,1.0,,,,
20201110650,2020,6,Cowboys,Wests Tigers,False,20,36,52.0,1627.0,88.0,38.0,43.0,177.0,1732.0,608.0,3.0,29.0,40.29,203.0,3.53,12.0,409.0,220.0,23.0,23.0,574.0,3.0,79.0,11.0,14.0,2.0,6.0,89.11,319.0,27.0,1.0,12.0,8.0,4.0,6.0,0.0,5.0,2.0,,,,
20201110650,2020,6,Wests Tigers,Cowboys,True,36,20,48.0,1516.0,83.0,35.0,42.0,175.0,1794.0,624.0,6.0,27.0,42.72,218.0,3.29,8.0,380.0,199.0,12.0,20.0,405.0,2.0,71.0,12.0,17.0,5.0,6.0,88.28,339.0,29.0,0.0,16.0,9.0,8.0,5.0,1.0,8.0,0.0,,,,
20201110660,2020,6,Eels,Roosters,False,10,24,48.0,1636.0,73.0,28.0,38.0,197.0,1840.0,619.0,3.0,25.0,48.44,263.0,3.6,21.0,423.0,228.0,15.0,17.0,612.0,2.0,89.0,8.0,9.0,2.0,1.0,85.81,369.0,37.0,,24.0,11.0,7.0,4.0,,7.0,2.0,1.0,,,
20201110660,2020,6,Roosters,Eels,True,24,10,52.0,1766.0,90.0,37.0,41.0,209.0,2030.0,668.0,6.0,37.0,49.51,223.0,3.38,14.0,458.0,249.0,9.0,26.0,691.0,2.0,100.0,6.0,6.0,3.0,6.0,85.29,342.0,25.0,,34.0,4.0,3.0,5.0,,8.0,1.0,0.0,,,
20201110670,2020,6,Bulldogs,Sharks,False,18,20,49.0,1787.0,85.0,34.0,40.0,201.0,1604.0,443.0,2.0,29.0,40.12,108.0,3.64,16.0,451.0,254.0,21.0,18.0,580.0,0.0,88.0,7.0,8.0,3.0,3.0,87.09,371.0,35.0,2.0,20.0,8.0,1.0,8.0,1.0,7.0,0.0,1.0,,,
20201110670,2020,6,Sharks,Bulldogs,True,20,18,51.0,1860.0,85.0,35.0,41.0,209.0,1718.0,463.0,3.0,35.0,41.92,227.0,3.15,14.0,443.0,239.0,23.0,24.0,710.0,2.0,67.0,4.0,6.0,6.0,4.0,84.75,339.0,29.0,0.0,32.0,8.0,3.0,8.0,0.0,7.0,1.0,1.0,,,
20201110680,2020,6,Sea Eagles,Raiders,False,14,6,56.0,2103.0,89.0,43.0,48.0,219.0,1866.0,504.0,2.0,24.0,38.89,139.0,3.65,4.0,494.0,275.0,15.0,24.0,761.0,1.0,50.0,7.0,14.0,2.0,6.0,88.66,305.0,19.0,,20.0,8.0,2.0,5.0,0.0,7.0,0.0,,,,
20201110680,2020,6,Raiders,Sea Eagles,True,6,14,44.0,1570.0,75.0,31.0,41.0,178.0,1703.0,465.0,3.0,19.0,41.56,229.0,3.22,13.0,395.0,205.0,24.0,21.0,531.0,0.0,100.0,8.0,8.0,7.0,2.0,93.61,425.0,24.0,,5.0,15.0,7.0,5.0,1.0,8.0,1.0,,,,
20201110710,2020,7,Rabbitohs,Panthers,False,12,20,47.0,1548.0,77.0,34.0,44.0,174.0,1614.0,678.0,3.0,26.0,36.69,175.0,3.54,12.0,412.0,229.0,20.0,20.0,521.0,2.0,38.0,5.0,13.0,4.0,7.0,91.3,399.0,26.0,,12.0,12.0,8.0,2.0,,8.0,,2.0,,,
20201110710,2020,7,Panthers,Rabbitohs,True,20,12,53.0,1803.0,86.0,38.0,44.0,196.0,1811.0,787.0,4.0,26.0,41.17,193.0,3.3,7.0,466.0,267.0,20.0,26.0,686.0,2.0,82.0,9.0,11.0,8.0,6.0,87.89,341.0,26.0,,21.0,9.0,6.0,7.0,,8.0,,0.0,,,
20201110720,2020,7,Warriors,Storm,False,6,50,50.0,1630.0,70.0,29.0,41.0,185.0,1665.0,563.0,2.0,28.0,40.62,203.0,3.82,13.0,403.0,227.0,18.0,15.0,278.0,2.0,33.0,3.0,9.0,4.0,5.0,87.44,355.0,31.0,1.0,20.0,13.0,3.0,2.0,,8.0,0.0,,,,
20201110720,2020,7,Storm,Warriors,True,50,6,50.0,1610.0,76.0,30.0,39.0,180.0,1855.0,576.0,8.0,31.0,47.58,257.0,3.73,10.0,427.0,242.0,20.0,19.0,574.0,0.0,88.0,7.0,8.0,3.0,2.0,87.86,340.0,28.0,2.0,19.0,11.0,7.0,6.0,,6.0,3.0,,,,
20201110730,2020,7,Dragons,Roosters,False,12,26,48.0,1638.0,82.0,34.0,41.0,178.0,1595.0,586.0,2.0,21.0,38.91,166.0,3.46,9.0,418.0,228.0,24.0,23.0,813.0,1.0,50.0,7.0,14.0,1.0,3.0,88.17,395.0,27.0,0.0,26.0,9.0,3.0,4.0,,8.0,,,,,
20201110730,2020,7,Roosters,Dragons,True,26,12,52.0,1747.0,76.0,33.0,43.0,206.0,2023.0,787.0,3.0,27.0,47.07,291.0,3.38,16.0,458.0,240.0,9.0,23.0,606.0,2.0,67.0,4.0,6.0,6.0,6.0,90.65,378.0,21.0,1.0,18.0,13.0,5.0,3.0,,7.0,,,,,
20201110740,2020,7,Knights,Cowboys,False,20,32,52.0,1616.0,74.0,32.0,43.0,189.0,1736.0,484.0,6.0,36.0,40.38,95.0,3.25,12.0,418.0,232.0,17.0,17.0,347.0,1.0,57.0,4.0,7.0,1.0,5.0,90.41,349.0,26.0,0.0,11.0,12.0,2.0,4.0,,7.0,,0.0,,,
20201110740,2020,7,Cowboys,Knights,True,32,20,48.0,1540.0,76.0,29.0,38.0,171.0,1719.0,530.0,4.0,26.0,45.26,192.0,3.35,8.0,387.0,206.0,12.0,20.0,484.0,3.0,80.0,4.0,5.0,3.0,6.0,86.01,338.0,36.0,1.0,19.0,9.0,7.0,8.0,,8.0,,1.0,,,
20201110750,2020,7,Titans,Broncos,False,30,12,53.0,1742.0,80.0,34.0,42.0,201.0,1773.0,467.0,3.0,37.0,42.22,175.0,3.6,14.0,452.0,260.0,16.0,25.0,593.0,5.0,43.0,3.0,7.0,6.0,6.0,83.46,318.0,38.0,1.0,25.0,8.0,8.0,7.0,,8.0,,1.0,,,
20201110750,2020,7,Broncos,Titans,True,12,30,47.0,1497.0,70.0,31.0,44.0,161.0,1230.0,394.0,2.0,38.0,27.96,65.0,3.55,17.0,357.0,176.0,18.0,15.0,447.0,0.0,85.0,11.0,13.0,6.0,3.0,83.83,311.0,37.0,0.0,23.0,14.0,6.0,2.0,,8.0,,1.0,,,
20201110760,2020,7,Raiders,Eels,False,24,25,48.0,1773.0,80.0,34.0,42.0,205.0,1740.0,577.0,3.0,26.0,41.45,166.0,3.17,14.0,447.0,230.0,22.0,22.0,515.0,,44.0,4.0,9.0,4.0,3.0,84.82,408.0,54.0,,19.0,15.0,3.0,6.0,2.0,11.0,1.0,,,,
20201110760,2020,7,Eels,Raiders,True,25,24,52.0,1958.0,82.0,39.0,47.0,218.0,1975.0,750.0,5.0,54.0,42.02,167.0,3.59,12.0,474.0,246.0,11.0,21.0,485.0,,60.0,6.0,10.0,7.0,3.0,89.63,389.0,26.0,,19.0,12.0,4.0,5.0,0.0,8.0,2.0,,,,
20201110770,2020,7,Wests Tigers,Bulldogs,False,34,6,58.0,1918.0,81.0,39.0,48.0,244.0,2102.0,649.0,5.0,32.0,43.8,247.0,2.99,19.0,462.0,243.0,17.0,23.0,583.0,3.0,50.0,8.0,16.0,6.0,6.0,91.72,299.0,16.0,1.0,11.0,9.0,3.0,4.0,,6.0,,,,,
20201110770,2020,7,Bulldogs,Wests Tigers,True,6,34,42.0,1365.0,78.0,29.0,37.0,154.0,1302.0,428.0,1.0,16.0,35.19,97.0,3.33,6.0,363.0,194.0,12.0,23.0,652.0,0.0,53.0,9.0,17.0,3.0,2.0,87.83,404.0,32.0,0.0,24.0,13.0,5.0,3.0,,6.0,,,,,
20201110780,2020,7,Sharks,Sea Eagles,False,40,22,49.0,1519.0,74.0,29.0,39.0,163.0,1550.0,439.0,5.0,40.0,39.76,161.0,3.4,0.0,381.0,206.0,15.0,21.0,518.0,3.0,64.0,9.0,14.0,2.0,9.0,85.19,322.0,37.0,,19.0,11.0,6.0,9.0,,8.0,,,,,
20201110780,2020,7,Sea Eagles,Sharks,True,22,40,51.0,1598.0,80.0,33.0,41.0,190.0,1544.0,434.0,4.0,37.0,37.68,136.0,3.33,13.0,422.0,237.0,24.0,15.0,309.0,2.0,38.0,3.0,8.0,6.0,6.0,87.99,293.0,40.0,,0.0,11.0,4.0,4.0,,7.0,,,,,
20201110810,2020,8,Roosters,Storm,False,25,27,47.0,1658.0,64.0,27.0,42.0,201.0,1727.0,563.0,6.0,36.0,41.13,214.0,3.57,14.0,419.0,218.0,14.0,20.0,509.0,,75.0,12.0,16.0,4.0,3.0,93.85,427.0,17.0,0.0,11.0,18.0,6.0,4.0,,6.0,3.0,,,,
20201110810,2020,8,Storm,Roosters,True,27,25,53.0,1862.0,85.0,41.0,48.0,207.0,1764.0,682.0,1.0,17.0,36.76,177.0,3.46,8.0,467.0,243.0,14.0,24.0,604.0,,64.0,9.0,14.0,6.0,3.0,86.3,359.0,36.0,1.0,21.0,10.0,3.0,2.0,,9.0,1.0,,,,
20201110820,2020,8,Dragons,Raiders,False,16,22,54.0,1962.0,79.0,35.0,44.0,211.0,1926.0,782.0,3.0,43.0,43.78,172.0,3.52,10.0,504.0,291.0,14.0,25.0,555.0,2.0,73.0,8.0,11.0,6.0,5.0,92.68,405.0,24.0,,8.0,13.0,2.0,2.0,,7.0,0.0,,,,
20201110820,2020,8,Raiders,Dragons,True,22,16,46.0,1699.0,76.0,29.0,38.0,204.0,1774.0,675.0,4.0,24.0,46.69,157.0,3.01,6.0,444.0,231.0,31.0,23.0,768.0,1.0,62.0,8.0,13.0,5.0,2.0,87.25,397.0,43.0,,15.0,11.0,3.0,5.0,,6.0,1.0,,,,
20201110830,2020,8,Cowboys,Eels,False,4,42,41.0,1405.0,75.0,25.0,33.0,165.0,1553.0,573.0,3.0,19.0,47.08,159.0,3.21,7.0,356.0,185.0,8.0,18.0,378.0,1.0,77.0,10.0,13.0,2.0,5.0,83.94,413.0,39.0,,40.0,12.0,3.0,3.0,,7.0,,,,,
20201110830,2020,8,Eels,Cowboys,True,42,4,59.0,1960.0,84.0,37.0,44.0,220.0,2332.0,987.0,7.0,39.0,53.0,238.0,3.47,23.0,500.0,256.0,18.0,25.0,656.0,2.0,57.0,8.0,14.0,4.0,4.0,91.32,326.0,19.0,,12.0,8.0,3.0,2.0,,8.0,,,,,
20201110840,2020,8,Sharks,Titans,False,0,0,,,,,,,,,,,,,,,,,,,,,,,,,,,,,,,,,,,,,,,,
20201110840,2020,8,Titans,Sharks,True,0,0,,,,,,,,,,,,,,,,,,,,,,,,,,,,,,,,,,,,,,,,
20201110850,2020,8,Broncos,Warriors,False,16,26,47.0,1554.0,69.0,25.0,36.0,174.0,1635.0,463.0,2.0,33.0,45.43,201.0,3.41,9.0,365.0,188.0,14.0,15.0,492.0,1.0,100.0,9.0,9.0,3.0,2.0,91.28,398.0,25.0,1.0,13.0,12.0,6.0,6.0,,7.0,1.0,,0.0,,
20201110850,2020,8,Warriors,Broncos,True,26,16,53.0,1696.0,81.0,36.0,44.0,196.0,1727.0,520.0,5.0,25.0,39.27,119.0,2.78,7.0,431.0,239.0,13.0,17.0,522.0,1.0,70.0,7.0,10.0,6.0,1.0,86.46,332.0,33.0,0.0,19.0,8.0,1.0,6.0,,7.0,0.0,,1.0,,
20201110860,2020,8,Panthers,Wests Tigers,False,19,12,53.0,1939.0,87.0,43.0,49.0,191.0,1764.0,611.0,2.0,45.0,36.01,235.0,3.44,2.0,444.0,253.0,14.0,26.0,681.0,3.0,91.0,10.0,11.0,6.0,6.0,85.99,356.0,37.0,2.0,21.0,6.0,5.0,7.0,2.0,7.0,,0.0,1.0,,
20201110860,2020,8,Wests Tigers,Panthers,True,12,19,47.0,1626.0,85.0,34.0,40.0,189.0,1591.0,560.0,3.0,37.0,39.8,198.0,3.17,11.0,399.0,206.0,20.0,22.0,628.0,1.0,77.0,10.0,13.0,3.0,5.0,89.47,408.0,45.0,0.0,3.0,7.0,10.0,5.0,1.0,6.0,,1.0,0.0,,
20201110870,2020,8,Rabbitohs,Bulldogs,False,26,10,49.0,1751.0,73.0,28.0,38.0,209.0,2002.0,537.0,2.0,30.0,52.69,169.0,3.34,11.0,445.0,243.0,12.0,22.0,626.0,2.0,69.0,9.0,13.0,4.0,6.0,90.59,385.0,20.0,4.0,20.0,12.0,6.0,4.0,,8.0,0.0,,,,
20201110870,2020,8,Bulldogs,Rabbitohs,True,10,26,51.0,1772.0,77.0,34.0,44.0,200.0,1666.0,532.0,3.0,20.0,37.87,184.0,2.89,8.0,470.0,259.0,17.0,23.0,594.0,3.0,83.0,5.0,6.0,3.0,6.0,89.72,358.0,30.0,0.0,11.0,12.0,2.0,1.0,,7.0,1.0,,,,
20201110880,2020,8,Knights,Sea Eagles,False,14,12,48.0,1712.0,88.0,37.0,42.0,200.0,1808.0,765.0,1.0,17.0,43.06,193.0,3.52,5.0,446.0,235.0,11.0,29.0,805.0,3.0,67.0,10.0,15.0,4.0,5.0,89.54,411.0,34.0,,14.0,6.0,4.0,6.0,,8.0,0.0,0.0,,0.0,
20201110880,2020,8,Sea Eagles,Knights,True,12,14,52.0,1922.0,88.0,37.0,42.0,202.0,1827.0,780.0,3.0,34.0,43.51,192.0,3.24,11.0,485.0,273.0,14.0,25.0,603.0,2.0,71.0,10.0,14.0,7.0,7.0,93.63,353.0,17.0,,7.0,7.0,5.0,4.0,,7.0,1.0,1.0,,1.0,
20201110910,2020,9,Roosters,Cowboys,False,42,16,50.0,1553.0,71.0,28.0,39.0,199.0,1818.0,657.0,8.0,37.0,46.62,204.0,3.0,11.0,426.0,246.0,12.0,14.0,320.0,1.0,80.0,8.0,10.0,7.0,3.0,92.82,375.0,17.0,,12.0,10.0,7.0,7.0,,6.0,1.0,,,,
20201110910,2020,9,Cowboys,Roosters,True,16,42,50.0,1585.0,74.0,29.0,39.0,159.0,1385.0,594.0,3.0,17.0,35.53,113.0,3.54,5.0,368.0,193.0,13.0,15.0,397.0,1.0,67.0,8.0,12.0,5.0,3.0,85.05,330.0,37.0,,21.0,11.0,5.0,3.0,,6.0,1.0,,,,
20201110920,2020,9,Warriors,Titans,False,12,16,48.0,1609.0,72.0,31.0,43.0,176.0,1636.0,644.0,2.0,15.0,38.06,143.0,3.53,17.0,410.0,217.0,13.0,17.0,442.0,1.0,40.0,6.0,15.0,3.0,3.0,88.95,346.0,29.0,2.0,14.0,11.0,5.0,3.0,,7.0,,,,,
20201110920,2020,9,Titans,Warriors,True,16,12,52.0,1773.0,65.0,28.0,43.0,194.0,1615.0,575.0,1.0,29.0,37.58,117.0,3.39,7.0,457.0,257.0,21.0,22.0,527.0,1.0,80.0,8.0,10.0,7.0,6.0,89.7,357.0,15.0,0.0,26.0,20.0,0.0,6.0,,8.0,,,,,
20201110930,2020,9,Wests Tigers,Rabbitohs,False,10,18,50.0,1838.0,82.0,34.0,41.0,189.0,1581.0,560.0,4.0,32.0,38.58,141.0,3.1,6.0,431.0,231.0,14.0,25.0,655.0,,91.0,10.0,11.0,2.0,2.0,91.59,425.0,36.0,1.0,3.0,8.0,6.0,5.0,2.0,8.0,,,,,
20201110930,2020,9,Rabbitohs,Wests Tigers,True,18,10,50.0,1842.0,80.0,38.0,47.0,199.0,1873.0,666.0,7.0,36.0,39.86,184.0,3.63,2.0,462.0,251.0,17.0,22.0,613.0,,45.0,5.0,11.0,5.0,4.0,90.2,359.0,32.0,0.0,7.0,10.0,5.0,1.0,1.0,8.0,,,,,
20201110940,2020,9,Panthers,Sharks,False,56,24,57.0,1612.0,77.0,35.0,45.0,187.0,1763.0,449.0,12.0,47.0,39.2,200.0,3.54,10.0,438.0,263.0,17.0,15.0,458.0,2.0,100.0,5.0,5.0,2.0,1.0,85.08,268.0,33.0,0.0,14.0,10.0,4.0,8.0,,8.0,1.0,1.0,,,
20201110940,2020,9,Sharks,Panthers,True,24,56,43.0,1259.0,72.0,26.0,36.0,138.0,1176.0,344.0,3.0,33.0,32.68,147.0,3.17,8.0,334.0,184.0,24.0,13.0,413.0,1.0,83.0,5.0,6.0,2.0,3.0,82.97,307.0,47.0,1.0,16.0,14.0,5.0,5.0,,7.0,1.0,1.0,,,
20201110950,2020,9,Bulldogs,Broncos,False,8,26,50.0,1593.0,80.0,36.0,45.0,172.0,1413.0,410.0,2.0,12.0,31.41,154.0,3.34,3.0,399.0,214.0,14.0,23.0,648.0,1.0,64.0,7.0,11.0,3.0,2.0,87.24,335.0,32.0,1.0,17.0,12.0,6.0,2.0,2.0,7.0,,,,,
20201110950,2020,9,Broncos,Bulldogs,True,26,8,50.0,1604.0,73.0,34.0,46.0,165.0,1597.0,534.0,3.0,32.0,34.73,229.0,2.85,10.0,392.0,199.0,9.0,23.0,627.0,2.0,55.0,6.0,11.0,6.0,6.0,94.43,339.0,12.0,0.0,8.0,17.0,4.0,4.0,1.0,8.0,,,,,
20201110960,2020,9,Storm,Raiders,False,20,14,46.0,1438.0,70.0,29.0,41.0,160.0,1506.0,479.0,1.0,26.0,36.75,257.0,3.5,7.0,362.0,198.0,15.0,16.0,410.0,1.0,85.0,11.0,13.0,5.0,5.0,86.8,355.0,45.0,,9.0,12.0,5.0,8.0,,7.0,,0.0,,,
20201110960,2020,9,Raiders,Storm,True,14,20,54.0,1706.0,79.0,35.0,44.0,196.0,1660.0,524.0,5.0,45.0,37.74,140.0,3.52,6.0,419.0,232.0,15.0,22.0,554.0,3.0,78.0,7.0,9.0,4.0,8.0,87.91,298.0,26.0,,15.0,11.0,9.0,4.0,,7.0,,1.0,,,
20201110970,2020,9,Sea Eagles,Dragons,False,4,34,48.0,1661.0,71.0,27.0,38.0,201.0,1464.0,543.0,2.0,16.0,38.54,125.0,3.07,13.0,415.0,228.0,12.0,18.0,603.0,1.0,59.0,13.0,22.0,4.0,1.0,93.79,332.0,17.0,0.0,5.0,13.0,3.0,2.0,0.0,8.0,,1.0,,,
20201110970,2020,9,Dragons,Sea Eagles,True,34,4,52.0,1765.0,93.0,40.0,43.0,196.0,1986.0,631.0,2.0,17.0,46.2,262.0,3.49,4.0,444.0,238.0,19.0,31.0,820.0,5.0,75.0,6.0,8.0,5.0,9.0,91.26,355.0,16.0,2.0,18.0,6.0,5.0,1.0,1.0,8.0,,0.0,,,
20201110980,2020,9,Eels,Knights,False,10,4,49.0,1739.0,78.0,32.0,41.0,194.0,1828.0,616.0,4.0,30.0,44.59,114.0,3.57,8.0,414.0,209.0,16.0,26.0,572.0,2.0,57.0,8.0,14.0,8.0,6.0,89.89,427.0,25.0,1.0,23.0,14.0,6.0,8.0,1.0,7.0,1.0,,,,
20201110980,2020,9,Knights,Eels,True,4,10,51.0,1885.0,73.0,36.0,49.0,236.0,1956.0,649.0,3.0,25.0,39.92,167.0,2.94,13.0,501.0,284.0,12.0,20.0,427.0,2.0,57.0,8.0,14.0,4.0,10.0,89.69,374.0,30.0,0.0,13.0,14.0,4.0,4.0,0.0,8.0,2.0,,,,
20201111010,2020,10,Raiders,Roosters,False,24,20,53.0,1601.0,84.0,33.0,39.0,166.0,1483.0,405.0,4.0,23.0,38.04,75.0,3.51,5.0,370.0,194.0,11.0,20.0,643.0,1.0,83.0,5.0,6.0,0.0,2.0,89.74,341.0,20.0,,19.0,7.0,7.0,5.0,1.0,8.0,1.0,,,,
20201111010,2020,10,Roosters,Raiders,True,20,24,47.0,1418.0,65.0,27.0,41.0,171.0,1699.0,381.0,3.0,20.0,41.45,266.0,3.28,6.0,377.0,218.0,22.0,11.0,353.0,2.0,33.0,1.0,3.0,2.0,2.0,92.97,397.0,23.0,,7.0,14.0,7.0,4.0,0.0,7.0,0.0,,,,
20201111020,2020,10,Titans,Storm,False,6,42,42.0,1211.0,72.0,26.0,36.0,135.0,964.0,346.0,0.0,16.0,26.79,60.0,3.79,5.0,329.0,190.0,15.0,13.0,306.0,1.0,56.0,5.0,9.0,4.0,3.0,82.2,314.0,41.0,0.0,27.0,13.0,8.0,2.0,,8.0,,,,,
20201111020,2020,10,Storm,Titans,True,42,6,58.0,1670.0,80.0,32.0,40.0,184.0,1723.0,603.0,8.0,41.0,43.1,165.0,3.74,14.0,416.0,237.0,28.0,14.0,254.0,1.0,22.0,2.0,9.0,2.0,8.0,90.51,267.0,16.0,1.0,12.0,13.0,7.0,6.0,,8.0,,,,,
20201111030,2020,10,Broncos,Wests Tigers,False,0,48,43.0,1439.0,80.0,28.0,35.0,149.0,1185.0,504.0,1.0,19.0,33.88,76.0,3.4,8.0,346.0,176.0,6.0,19.0,596.0,0.0,50.0,9.0,18.0,2.0,4.0,88.64,390.0,30.0,,20.0,10.0,4.0,5.0,1.0,8.0,,,0.0,,
20201111030,2020,10,Wests Tigers,Broncos,True,48,0,57.0,1928.0,87.0,43.0,49.0,216.0,1958.0,657.0,7.0,30.0,39.98,277.0,3.33,14.0,458.0,238.0,18.0,27.0,691.0,2.0,57.0,4.0,7.0,5.0,7.0,89.92,330.0,19.0,,18.0,8.0,3.0,6.0,0.0,7.0,,,1.0,,
20201111040,2020,10,Bulldogs,Dragons,False,22,28,48.0,1554.0,83.0,35.0,42.0,176.0,1555.0,587.0,3.0,18.0,37.04,230.0,3.36,1.0,406.0,219.0,9.0,24.0,758.0,2.0,36.0,4.0,11.0,6.0,1.0,89.97,341.0,28.0,1.0,10.0,6.0,3.0,3.0,0.0,7.0,,,,,
20201111040,2020,10,Dragons,Bulldogs,True,28,22,52.0,1678.0,76.0,32.0,42.0,196.0,1934.0,644.0,3.0,28.0,46.07,203.0,3.24,7.0,418.0,224.0,8.0,21.0,598.0,3.0,64.0,7.0,11.0,5.0,3.0,94.83,385.0,18.0,0.0,3.0,11.0,6.0,3.0,1.0,7.0,,,,,
20201111050,2020,10,Knights,Rabbitohs,False,20,18,50.0,1715.0,81.0,35.0,43.0,201.0,1791.0,703.0,5.0,35.0,41.67,176.0,3.14,9.0,441.0,232.0,4.0,22.0,722.0,1.0,100.0,14.0,14.0,2.0,3.0,89.82,397.0,36.0,,9.0,8.0,4.0,5.0,,8.0,1.0,,1.0,,
20201111050,2020,10,Rabbitohs,Knights,True,18,20,50.0,1738.0,72.0,31.0,43.0,203.0,1816.0,764.0,5.0,36.0,42.24,175.0,3.35,7.0,439.0,240.0,17.0,20.0,466.0,0.0,80.0,4.0,5.0,5.0,8.0,89.34,394.0,35.0,,12.0,12.0,2.0,4.0,,8.0,0.0,,1.0,,
20201111060,2020,10,Eels,Sea Eagles,False,18,22,56.0,2001.0,76.0,39.0,51.0,214.0,2229.0,782.0,3.0,37.0,43.72,313.0,3.57,9.0,470.0,239.0,9.0,28.0,615.0,3.0,80.0,8.0,10.0,11.0,8.0,91.53,378.0,28.0,0.0,7.0,15.0,4.0,3.0,,8.0,0.0,,0.0,,
20201111060,2020,10,Sea Eagles,Eels,True,22,18,44.0,1636.0,75.0,33.0,44.0,180.0,1475.0,538.0,4.0,28.0,33.53,126.0,3.53,4.0,409.0,214.0,19.0,23.0,814.0,0.0,61.0,11.0,18.0,5.0,3.0,88.26,391.0,37.0,1.0,15.0,11.0,5.0,7.0,,7.0,3.0,,1.0,,
20201111070,2020,10,Sharks,Warriors,False,46,10,50.0,1554.0,68.0,30.0,44.0,188.0,1841.0,589.0,9.0,37.0,41.85,245.0,3.48,17.0,385.0,208.0,17.0,14.0,378.0,1.0,42.0,5.0,12.0,4.0,4.0,82.79,303.0,40.0,1.0,23.0,15.0,6.0,1.0,1.0,5.0,0.0,0.0,,,
20201111070,2020,10,Warriors,Sharks,True,10,46,50.0,1532.0,63.0,24.0,38.0,173.0,1517.0,492.0,3.0,40.0,39.93,109.0,3.24,14.0,399.0,225.0,24.0,17.0,401.0,3.0,70.0,7.0,10.0,4.0,5.0,84.24,326.0,37.0,0.0,24.0,14.0,7.0,2.0,1.0,8.0,2.0,1.0,,,
20201111080,2020,10,Cowboys,Panthers,False,10,22,45.0,1560.0,81.0,30.0,37.0,162.0,1457.0,563.0,4.0,21.0,39.39,127.0,3.43,7.0,388.0,199.0,3.0,24.0,595.0,0.0,75.0,12.0,16.0,6.0,4.0,87.47,398.0,38.0,,19.0,12.0,5.0,1.0,1.0,8.0,,,,,
20201111080,2020,10,Panthers,Cowboys,True,22,10,55.0,1874.0,81.0,35.0,43.0,223.0,2026.0,731.0,9.0,38.0,47.13,194.0,3.11,14.0,494.0,276.0,25.0,24.0,703.0,3.0,65.0,11.0,17.0,4.0,4.0,91.57,380.0,21.0,,14.0,9.0,8.0,0.0,0.0,7.0,,,,,
20201111110,2020,11,Wests Tigers,Eels,False,16,26,46.0,1550.0,72.0,26.0,36.0,170.0,1375.0,437.0,4.0,31.0,38.21,168.0,3.26,3.0,390.0,214.0,36.0,20.0,549.0,2.0,50.0,8.0,16.0,6.0,3.0,90.66,398.0,25.0,0.0,16.0,14.0,8.0,3.0,2.0,8.0,1.0,,,,
20201111110,2020,11,Eels,Wests Tigers,True,26,16,54.0,1787.0,82.0,38.0,46.0,206.0,1765.0,645.0,4.0,25.0,38.38,153.0,3.68,11.0,460.0,248.0,14.0,21.0,546.0,3.0,67.0,8.0,12.0,5.0,5.0,90.31,317.0,31.0,1.0,3.0,11.0,2.0,2.0,0.0,7.0,1.0,,,,
20201111120,2020,11,Sea Eagles,Cowboys,False,24,12,51.0,1705.0,82.0,38.0,46.0,185.0,1768.0,717.0,4.0,33.0,38.44,135.0,3.37,10.0,453.0,239.0,6.0,24.0,677.0,2.0,69.0,9.0,13.0,2.0,7.0,90.11,337.0,26.0,,11.0,9.0,4.0,7.0,,8.0,,,,,
20201111120,2020,11,Cowboys,Sea Eagles,True,12,24,49.0,1635.0,77.0,35.0,45.0,179.0,1847.0,692.0,2.0,26.0,41.05,318.0,3.35,7.0,392.0,200.0,18.0,22.0,536.0,2.0,90.0,9.0,10.0,7.0,4.0,89.67,382.0,33.0,,11.0,12.0,5.0,4.0,,8.0,,,,,
20201111130,2020,11,Storm,Broncos,False,46,8,55.0,1673.0,75.0,31.0,41.0,201.0,1949.0,574.0,12.0,25.0,47.55,294.0,3.7,11.0,401.0,215.0,29.0,22.0,419.0,1.0,67.0,4.0,6.0,4.0,9.0,91.79,302.0,18.0,,9.0,11.0,4.0,5.0,,8.0,1.0,0.0,1.0,,
20201111130,2020,11,Broncos,Storm,True,8,46,45.0,1377.0,81.0,27.0,33.0,132.0,1191.0,454.0,3.0,18.0,36.11,75.0,3.4,6.0,346.0,192.0,12.0,18.0,632.0,1.0,69.0,11.0,16.0,1.0,2.0,89.66,347.0,25.0,,15.0,8.0,5.0,3.0,,7.0,0.0,1.0,0.0,,
20201111140,2020,11,Roosters,Warriors,False,18,10,54.0,1897.0,84.0,38.0,45.0,212.0,1725.0,625.0,1.0,33.0,38.35,214.0,3.5,2.0,470.0,251.0,8.0,25.0,658.0,3.0,64.0,9.0,14.0,5.0,8.0,88.31,340.0,25.0,1.0,20.0,7.0,7.0,1.0,,8.0,,,,,
20201111140,2020,11,Warriors,Roosters,True,10,18,46.0,1553.0,81.0,31.0,38.0,168.0,1475.0,565.0,2.0,25.0,38.83,201.0,3.73,10.0,380.0,195.0,37.0,24.0,677.0,2.0,69.0,9.0,13.0,8.0,2.0,92.49,431.0,33.0,0.0,2.0,14.0,6.0,3.0,,8.0,,,,,
20201111150,2020,11,Dragons,Sharks,False,24,28,46.0,1461.0,84.0,28.0,33.0,179.0,1426.0,412.0,5.0,28.0,43.23,131.0,3.53,8.0,390.0,211.0,17.0,24.0,677.0,0.0,68.0,13.0,19.0,5.0,5.0,92.73,408.0,18.0,,14.0,8.0,5.0,6.0,,8.0,0.0,,,,
20201111150,2020,11,Sharks,Dragons,True,28,24,54.0,1777.0,83.0,36.0,43.0,210.0,1760.0,486.0,6.0,18.0,40.95,237.0,3.02,6.0,439.0,244.0,24.0,25.0,575.0,4.0,41.0,7.0,17.0,5.0,12.0,87.89,283.0,28.0,,11.0,6.0,4.0,2.0,,8.0,1.0,,,,
20201111160,2020,11,Rabbitohs,Raiders,False,12,18,50.0,1721.0,76.0,35.0,46.0,202.0,1643.0,481.0,2.0,15.0,35.73,207.0,3.18,6.0,447.0,251.0,7.0,20.0,439.0,1.0,44.0,4.0,9.0,8.0,5.0,90.34,393.0,28.0,,14.0,11.0,7.0,5.0,,8.0,1.0,,,,
20201111160,2020,11,Raiders,Rabbitohs,True,18,12,50.0,1719.0,75.0,37.0,49.0,202.0,1446.0,445.0,2.0,28.0,29.51,109.0,3.26,8.0,412.0,206.0,8.0,23.0,764.0,0.0,79.0,15.0,19.0,4.0,2.0,95.13,430.0,15.0,,7.0,14.0,6.0,5.0,,8.0,1.0,,,,
20201111170,2020,11,Bulldogs,Knights,False,18,12,51.0,1998.0,91.0,41.0,45.0,223.0,1647.0,530.0,3.0,15.0,36.6,159.0,3.41,5.0,491.0,244.0,10.0,36.0,1163.0,0.0,71.0,15.0,21.0,3.0,4.0,88.43,405.0,35.0,,18.0,6.0,3.0,7.0,,8.0,,,,,
20201111170,2020,11,Knights,Bulldogs,True,12,18,49.0,2010.0,78.0,41.0,52.0,207.0,1982.0,635.0,6.0,35.0,38.13,369.0,3.33,10.0,478.0,243.0,17.0,26.0,670.0,2.0,65.0,11.0,17.0,8.0,9.0,95.59,477.0,15.0,,7.0,13.0,4.0,1.0,,8.0,,,,,
20201111180,2020,11,Panthers,Titans,False,22,14,57.0,1987.0,85.0,42.0,49.0,219.0,1734.0,610.0,4.0,21.0,35.4,199.0,3.69,7.0,496.0,278.0,18.0,24.0,754.0,2.0,50.0,6.0,12.0,2.0,6.0,90.88,309.0,26.0,1.0,5.0,8.0,3.0,2.0,,7.0,,,,,
20201111180,2020,11,Titans,Panthers,True,14,22,43.0,1465.0,80.0,29.0,36.0,165.0,1285.0,420.0,1.0,26.0,35.7,258.0,3.16,3.0,367.0,196.0,21.0,23.0,699.0,0.0,71.0,5.0,7.0,8.0,4.0,93.35,435.0,21.0,0.0,10.0,12.0,6.0,5.0,,8.0,,,,,
20201111210,2020,12,Rabbitohs,Dragons,False,32,24,51.0,1656.0,81.0,36.0,44.0,192.0,1887.0,603.0,5.0,29.0,42.89,192.0,3.4,5.0,415.0,222.0,19.0,22.0,534.0,1.0,73.0,8.0,11.0,7.0,4.0,89.87,346.0,30.0,2.0,9.0,10.0,4.0,3.0,1.0,8.0,1.0,,,,
20201111210,2020,12,Dragons,Rabbitohs,True,24,32,49.0,1641.0,78.0,33.0,42.0,181.0,1715.0,584.0,3.0,30.0,40.84,169.0,3.39,5.0,431.0,244.0,10.0,24.0,723.0,1.0,73.0,11.0,15.0,3.0,6.0,90.98,373.0,29.0,1.0,8.0,10.0,5.0,3.0,0.0,8.0,1.0,,,,
20201111220,2020,12,Warriors,Wests Tigers,False,26,20,53.0,1839.0,80.0,38.0,47.0,207.0,2029.0,753.0,4.0,31.0,43.19,302.0,3.35,18.0,457.0,246.0,28.0,23.0,498.0,3.0,62.0,5.0,8.0,9.0,4.0,89.76,368.0,35.0,1.0,7.0,9.0,9.0,6.0,1.0,7.0,1.0,,,,
20201111220,2020,12,Wests Tigers,Warriors,True,20,26,47.0,1609.0,86.0,39.0,45.0,191.0,1665.0,610.0,5.0,35.0,37.01,127.0,3.37,4.0,396.0,210.0,17.0,20.0,699.0,0.0,92.0,11.0,12.0,6.0,2.0,86.58,400.0,31.0,1.0,31.0,10.0,5.0,5.0,0.0,8.0,0.0,,,,
20201111230,2020,12,Sharks,Broncos,False,36,26,52.0,1658.0,79.0,31.0,39.0,185.0,1879.0,598.0,6.0,29.0,48.2,217.0,3.67,8.0,422.0,237.0,28.0,18.0,469.0,5.0,100.0,9.0,9.0,4.0,4.0,81.32,309.0,46.0,,25.0,9.0,3.0,2.0,1.0,8.0,0.0,,,,
20201111230,2020,12,Broncos,Sharks,True,26,36,48.0,1547.0,85.0,29.0,34.0,183.0,1763.0,645.0,10.0,46.0,51.86,155.0,3.1,13.0,384.0,204.0,22.0,18.0,553.0,2.0,80.0,8.0,10.0,4.0,4.0,88.6,342.0,29.0,,15.0,7.0,3.0,3.0,0.0,6.0,2.0,,,,
20201111240,2020,12,Titans,Roosters,False,12,18,51.0,1704.0,80.0,33.0,41.0,195.0,1617.0,611.0,4.0,25.0,39.45,111.0,3.43,15.0,437.0,247.0,43.0,21.0,655.0,,64.0,7.0,11.0,7.0,1.0,89.56,369.0,26.0,,17.0,11.0,7.0,3.0,,7.0,1.0,2.0,,,
20201111240,2020,12,Roosters,Titans,True,18,12,49.0,1637.0,79.0,31.0,39.0,187.0,1734.0,713.0,3.0,26.0,44.48,205.0,3.34,10.0,424.0,228.0,12.0,20.0,573.0,,58.0,7.0,12.0,3.0,6.0,89.42,355.0,25.0,,17.0,10.0,5.0,6.0,,8.0,0.0,0.0,,,
20201111250,2020,12,Raiders,Cowboys,False,14,12,50.0,1772.0,83.0,35.0,42.0,196.0,1824.0,771.0,2.0,21.0,43.45,92.0,3.35,9.0,442.0,222.0,12.0,22.0,710.0,1.0,94.0,17.0,18.0,5.0,2.0,92.47,393.0,13.0,,19.0,12.0,3.0,4.0,1.0,8.0,0.0,,,,
20201111250,2020,12,Cowboys,Raiders,True,12,14,50.0,1816.0,79.0,35.0,44.0,189.0,1778.0,742.0,2.0,13.0,40.42,214.0,3.2,11.0,430.0,222.0,19.0,25.0,603.0,2.0,67.0,4.0,6.0,5.0,6.0,92.1,408.0,21.0,,14.0,12.0,3.0,6.0,0.0,8.0,1.0,,,,
20201111260,2020,12,Panthers,Sea Eagles,False,42,12,57.0,1940.0,90.0,40.0,44.0,189.0,1880.0,727.0,9.0,23.0,42.73,173.0,3.48,6.0,496.0,277.0,20.0,28.0,897.0,3.0,56.0,5.0,9.0,8.0,3.0,90.55,345.0,26.0,2.0,10.0,8.0,4.0,2.0,,7.0,1.0,,1.0,,
20201111260,2020,12,Sea Eagles,Panthers,True,12,42,43.0,1463.0,72.0,27.0,37.0,171.0,1312.0,528.0,2.0,26.0,35.46,137.0,3.23,8.0,385.0,210.0,17.0,20.0,584.0,1.0,54.0,7.0,13.0,4.0,2.0,91.71,354.0,23.0,0.0,9.0,11.0,2.0,6.0,,8.0,0.0,,1.0,,
20201111270,2020,12,Eels,Bulldogs,False,18,16,47.0,1697.0,77.0,31.0,40.0,182.0,1613.0,697.0,2.0,17.0,40.33,189.0,3.67,20.0,432.0,224.0,11.0,25.0,557.0,2.0,76.0,13.0,17.0,6.0,8.0,88.49,392.0,20.0,1.0,31.0,12.0,3.0,4.0,,7.0,1.0,,,,
20201111270,2020,12,Bulldogs,Eels,True,16,18,53.0,1885.0,80.0,34.0,42.0,215.0,1731.0,677.0,4.0,20.0,41.24,199.0,3.44,18.0,473.0,251.0,25.0,23.0,580.0,4.0,56.0,9.0,16.0,7.0,3.0,88.34,341.0,17.0,0.0,28.0,8.0,8.0,1.0,,8.0,0.0,,,,
20201111280,2020,12,Knights,Storm,False,16,26,50.0,1618.0,71.0,28.0,39.0,187.0,1670.0,630.0,2.0,29.0,42.82,144.0,3.39,10.0,420.0,230.0,15.0,18.0,460.0,2.0,86.0,6.0,7.0,3.0,4.0,87.28,343.0,40.0,0.0,10.0,12.0,5.0,2.0,1.0,7.0,1.0,1.0,,,
20201111280,2020,12,Storm,Knights,True,26,16,50.0,1595.0,81.0,31.0,38.0,180.0,1768.0,617.0,7.0,40.0,46.53,313.0,3.53,8.0,404.0,214.0,22.0,22.0,534.0,1.0,83.0,10.0,12.0,3.0,6.0,89.24,340.0,29.0,1.0,12.0,9.0,5.0,4.0,0.0,8.0,1.0,0.0,,,
20201111310,2020,13,Roosters,Dragons,False,24,16,49.0,1762.0,91.0,34.0,37.0,205.0,1878.0,735.0,5.0,29.0,50.77,133.0,3.15,9.0,449.0,238.0,23.0,24.0,660.0,2.0,47.0,8.0,17.0,11.0,3.0,90.31,373.0,27.0,,13.0,8.0,4.0,2.0,,7.0,1.0,,0.0,,
20201111310,2020,13,Dragons,Roosters,True,16,24,51.0,1808.0,89.0,35.0,39.0,203.0,1898.0,751.0,3.0,27.0,48.67,238.0,3.36,9.0,477.0,269.0,32.0,28.0,755.0,5.0,50.0,6.0,12.0,8.0,8.0,90.51,391.0,29.0,,12.0,7.0,1.0,3.0,,7.0,0.0,,1.0,,
20201111320,2020,13,Warriors,Sea Eagles,False,26,22,48.0,1552.0,85.0,35.0,41.0,166.0,1616.0,630.0,3.0,14.0,39.43,183.0,3.37,6.0,394.0,199.0,10.0,24.0,723.0,1.0,82.0,9.0,11.0,2.0,4.0,88.84,374.0,31.0,,16.0,8.0,6.0,7.0,1.0,8.0,,2.0,,,
20201111320,2020,13,Sea Eagles,Warriors,True,22,26,52.0,1653.0,80.0,37.0,46.0,186.0,1763.0,629.0,7.0,31.0,38.35,214.0,3.5,10.0,424.0,232.0,25.0,22.0,631.0,1.0,40.0,4.0,10.0,4.0,6.0,93.81,318.0,14.0,,7.0,11.0,3.0,4.0,0.0,6.0,,0.0,,,
20201111330,2020,13,Broncos,Rabbitohs,False,10,28,44.0,1421.0,82.0,29.0,35.0,149.0,1422.0,609.0,4.0,24.0,40.65,90.0,3.29,6.0,352.0,189.0,13.0,18.0,491.0,0.0,69.0,9.0,13.0,5.0,4.0,91.48,376.0,20.0,0.0,15.0,7.0,11.0,6.0,,7.0,0.0,,,,
20201111330,2020,13,Rabbitohs,Broncos,True,28,10,56.0,1809.0,89.0,41.0,46.0,186.0,1853.0,666.0,6.0,20.0,40.29,276.0,3.65,10.0,424.0,225.0,10.0,25.0,557.0,5.0,100.0,7.0,7.0,5.0,7.0,89.89,338.0,24.0,1.0,14.0,9.0,4.0,7.0,,8.0,1.0,,,,
20201111340,2020,13,Bulldogs,Storm,False,10,41,49.0,1384.0,69.0,27.0,39.0,181.0,1405.0,490.0,2.0,17.0,36.05,110.0,3.21,11.0,385.0,218.0,24.0,18.0,412.0,1.0,100.0,4.0,4.0,3.0,4.0,85.67,281.0,33.0,0.0,14.0,11.0,5.0,2.0,1.0,8.0,0.0,1.0,,,
20201111340,2020,13,Storm,Bulldogs,True,41,10,51.0,1499.0,69.0,27.0,39.0,169.0,1700.0,551.0,4.0,33.0,43.6,151.0,3.19,8.0,363.0,193.0,10.0,16.0,504.0,0.0,88.0,7.0,8.0,2.0,3.0,89.47,306.0,17.0,1.0,19.0,12.0,8.0,1.0,0.0,8.0,1.0,0.0,,,
20201111350,2020,13,Wests Tigers,Knights,False,4,44,45.0,1509.0,64.0,24.0,37.0,178.0,1555.0,637.0,1.0,32.0,42.05,229.0,3.35,7.0,386.0,218.0,20.0,20.0,434.0,1.0,50.0,5.0,10.0,5.0,7.0,90.26,417.0,31.0,,14.0,15.0,3.0,4.0,,8.0,,,,,
20201111350,2020,13,Knights,Wests Tigers,True,44,4,55.0,1848.0,88.0,39.0,44.0,210.0,1871.0,821.0,8.0,31.0,42.53,164.0,3.79,9.0,460.0,247.0,12.0,23.0,641.0,0.0,60.0,6.0,10.0,8.0,2.0,88.71,338.0,32.0,,11.0,6.0,4.0,2.0,,8.0,,,,,
20201111360,2020,13,Raiders,Panthers,False,12,28,49.0,1605.0,80.0,32.0,40.0,199.0,1370.0,405.0,2.0,26.0,34.26,135.0,3.23,6.0,395.0,215.0,33.0,24.0,709.0,2.0,67.0,8.0,12.0,1.0,6.0,94.56,365.0,19.0,,2.0,9.0,7.0,5.0,1.0,8.0,,,1.0,,
20201111360,2020,13,Panthers,Raiders,True,28,12,51.0,1673.0,76.0,35.0,46.0,186.0,1571.0,461.0,4.0,19.0,34.16,244.0,3.63,2.0,435.0,249.0,18.0,21.0,719.0,4.0,75.0,6.0,8.0,8.0,3.0,90.86,338.0,26.0,,8.0,11.0,6.0,3.0,0.0,7.0,,,0.0,,
20201111370,2020,13,Cowboys,Titans,False,10,30,45.0,1476.0,66.0,26.0,39.0,156.0,1360.0,540.0,5.0,19.0,34.87,102.0,3.29,7.0,342.0,177.0,21.0,16.0,394.0,1.0,73.0,8.0,11.0,4.0,3.0,87.89,341.0,34.0,,13.0,15.0,6.0,2.0,,7.0,,,,,
20201111370,2020,13,Titans,Cowboys,True,30,10,55.0,1832.0,78.0,33.0,42.0,211.0,1804.0,615.0,6.0,34.0,42.96,141.0,3.35,6.0,457.0,269.0,15.0,19.0,509.0,1.0,88.0,7.0,8.0,4.0,6.0,91.41,330.0,19.0,,12.0,12.0,7.0,1.0,,8.0,,,,,
20201111380,2020,13,Eels,Sharks,False,14,12,49.0,1567.0,75.0,33.0,44.0,160.0,1396.0,573.0,5.0,25.0,31.73,197.0,4.04,9.0,378.0,196.0,4.0,21.0,476.0,6.0,83.0,15.0,18.0,3.0,5.0,91.48,333.0,22.0,0.0,9.0,15.0,2.0,2.0,,7.0,0.0,,0.0,,
20201111380,2020,13,Sharks,Eels,True,12,14,51.0,1629.0,75.0,31.0,41.0,189.0,1493.0,546.0,2.0,22.0,36.42,172.0,3.28,8.0,442.0,254.0,30.0,25.0,595.0,3.0,92.0,11.0,12.0,4.0,10.0,88.1,311.0,25.0,1.0,17.0,10.0,7.0,4.0,,6.0,2.0,,1.0,,
20201111410,2020,14,Storm,Roosters,False,24,6,53.0,1894.0,86.0,37.0,43.0,193.0,1768.0,724.0,6.0,32.0,41.12,218.0,3.95,14.0,452.0,236.0,21.0,27.0,723.0,1.0,57.0,8.0,14.0,6.0,1.0,87.79,345.0,34.0,1.0,14.0,10.0,2.0,5.0,,8.0,1.0,,1.0,,
20201111410,2020,14,Roosters,Storm,True,6,24,47.0,1702.0,65.0,27.0,41.0,184.0,1542.0,643.0,1.0,34.0,37.61,184.0,3.48,8.0,413.0,225.0,19.0,19.0,462.0,0.0,50.0,6.0,12.0,7.0,3.0,87.39,402.0,32.0,0.0,26.0,17.0,4.0,2.0,,8.0,0.0,,0.0,,
20201111420,2020,14,Panthers,Warriors,False,18,12,59.0,1995.0,87.0,42.0,48.0,203.0,1862.0,783.0,2.0,42.0,38.79,289.0,3.55,8.0,523.0,297.0,20.0,31.0,658.0,10.0,60.0,6.0,10.0,4.0,11.0,93.26,318.0,10.0,2.0,13.0,5.0,6.0,6.0,,6.0,1.0,,,,
20201111420,2020,14,Warriors,Panthers,True,12,18,41.0,1388.0,72.0,27.0,37.0,153.0,1260.0,485.0,2.0,10.0,34.07,112.0,3.21,8.0,342.0,172.0,14.0,20.0,446.0,1.0,60.0,9.0,15.0,2.0,3.0,90.04,443.0,42.0,0.0,7.0,12.0,7.0,6.0,,8.0,0.0,,,,
20201111430,2020,14,Dragons,Eels,False,14,12,49.0,1849.0,81.0,36.0,44.0,191.0,1867.0,687.0,4.0,30.0,42.45,184.0,3.34,6.0,455.0,242.0,6.0,26.0,930.0,1.0,85.0,11.0,13.0,5.0,3.0,91.94,388.0,16.0,0.0,18.0,12.0,2.0,5.0,,7.0,1.0,,,,
20201111430,2020,14,Eels,Dragons,True,12,14,51.0,1895.0,79.0,35.0,44.0,210.0,2038.0,744.0,2.0,16.0,46.33,260.0,3.67,9.0,468.0,248.0,12.0,27.0,811.0,2.0,50.0,3.0,6.0,6.0,6.0,90.49,390.0,30.0,1.0,11.0,14.0,4.0,3.0,,8.0,0.0,,,,
20201111440,2020,14,Titans,Sharks,False,18,30,49.0,1651.0,72.0,29.0,40.0,184.0,1669.0,448.0,9.0,42.0,41.75,103.0,3.62,7.0,409.0,232.0,18.0,17.0,394.0,3.0,100.0,9.0,9.0,0.0,8.0,85.93,342.0,29.0,1.0,27.0,14.0,9.0,6.0,0.0,8.0,0.0,,,1.0,
20201111440,2020,14,Sharks,Titans,True,30,18,51.0,1745.0,78.0,37.0,47.0,199.0,1791.0,523.0,5.0,29.0,38.12,194.0,3.69,16.0,452.0,261.0,41.0,18.0,469.0,1.0,57.0,4.0,7.0,2.0,4.0,85.99,307.0,42.0,0.0,8.0,10.0,6.0,3.0,1.0,7.0,1.0,,,0.0,
20201111450,2020,14,Rabbitohs,Cowboys,False,31,30,45.0,1258.0,73.0,25.0,34.0,153.0,1520.0,482.0,4.0,14.0,44.72,148.0,3.11,8.0,351.0,185.0,9.0,16.0,413.0,1.0,43.0,3.0,7.0,7.0,2.0,92.39,340.0,18.0,,10.0,12.0,5.0,3.0,1.0,7.0,1.0,,,,
20201111450,2020,14,Cowboys,Rabbitohs,True,30,31,55.0,1599.0,78.0,33.0,42.0,174.0,1556.0,480.0,3.0,18.0,37.05,159.0,3.21,5.0,411.0,216.0,16.0,22.0,622.0,3.0,69.0,9.0,13.0,3.0,1.0,91.02,294.0,14.0,,15.0,10.0,2.0,2.0,0.0,7.0,0.0,,,,
20201111460,2020,14,Broncos,Raiders,False,8,36,49.0,1618.0,77.0,31.0,40.0,166.0,1414.0,460.0,3.0,28.0,35.35,145.0,3.35,11.0,394.0,210.0,10.0,20.0,587.0,1.0,79.0,11.0,14.0,2.0,7.0,88.05,361.0,28.0,,21.0,12.0,5.0,1.0,2.0,7.0,,,,,
20201111460,2020,14,Raiders,Broncos,True,36,8,51.0,1637.0,76.0,32.0,42.0,176.0,1687.0,458.0,7.0,28.0,40.18,177.0,3.36,12.0,401.0,210.0,6.0,22.0,673.0,3.0,45.0,5.0,11.0,4.0,4.0,88.43,344.0,28.0,,17.0,10.0,2.0,7.0,0.0,6.0,,,,,
20201111470,2020,14,Sea Eagles,Knights,False,24,26,47.0,1621.0,80.0,32.0,40.0,175.0,1528.0,464.0,3.0,25.0,38.22,169.0,3.32,9.0,417.0,231.0,14.0,25.0,622.0,1.0,75.0,6.0,8.0,8.0,7.0,86.63,337.0,32.0,0.0,20.0,9.0,11.0,3.0,1.0,8.0,,,,,
20201111470,2020,14,Knights,Sea Eagles,True,26,24,53.0,1794.0,80.0,36.0,45.0,189.0,1729.0,492.0,3.0,32.0,38.43,146.0,3.59,12.0,449.0,252.0,21.0,15.0,376.0,0.0,56.0,9.0,16.0,5.0,3.0,89.5,358.0,25.0,1.0,17.0,10.0,4.0,3.0,0.0,8.0,,,,,
20201111480,2020,14,Bulldogs,Wests Tigers,False,28,29,50.0,1697.0,82.0,33.0,40.0,193.0,1682.0,424.0,5.0,30.0,42.06,157.0,3.29,7.0,433.0,229.0,23.0,21.0,638.0,1.0,69.0,9.0,13.0,7.0,3.0,88.7,361.0,31.0,,15.0,9.0,2.0,2.0,1.0,8.0,0.0,,0.0,,
20201111480,2020,14,Wests Tigers,Bulldogs,True,29,28,50.0,1698.0,87.0,34.0,39.0,183.0,1788.0,503.0,6.0,31.0,45.87,208.0,3.13,8.0,414.0,217.0,22.0,23.0,592.0,0.0,69.0,9.0,13.0,7.0,6.0,90.68,389.0,30.0,,10.0,8.0,1.0,3.0,0.0,8.0,1.0,,1.0,,
20201111510,2020,15,Storm,Eels,False,0,14,50.0,1742.0,72.0,27.0,37.0,188.0,1570.0,638.0,1.0,23.0,42.44,155.0,3.56,18.0,442.0,236.0,24.0,19.0,468.0,3.0,54.0,7.0,13.0,5.0,2.0,89.45,356.0,16.0,1.0,26.0,11.0,8.0,3.0,3.0,7.0,2.0,1.0,,,
20201111510,2020,15,Eels,Storm,True,14,0,50.0,1779.0,75.0,34.0,45.0,194.0,1786.0,696.0,5.0,16.0,39.71,209.0,3.81,15.0,465.0,270.0,16.0,21.0,528.0,2.0,92.0,11.0,12.0,7.0,5.0,86.12,360.0,23.0,0.0,35.0,14.0,1.0,3.0,0.0,7.0,0.0,0.0,,,
20201111520,2020,15,Sharks,Panthers,False,12,38,48.0,1694.0,71.0,28.0,39.0,182.0,1644.0,594.0,6.0,37.0,42.16,113.0,3.11,18.0,421.0,228.0,29.0,18.0,470.0,,82.0,9.0,11.0,4.0,5.0,86.8,355.0,43.0,,11.0,13.0,5.0,6.0,0.0,8.0,,,,,
20201111520,2020,15,Panthers,Sharks,True,38,12,52.0,1793.0,82.0,37.0,45.0,202.0,1994.0,657.0,7.0,43.0,44.32,170.0,3.53,8.0,470.0,267.0,18.0,20.0,492.0,,70.0,7.0,10.0,5.0,5.0,83.17,336.0,37.0,,31.0,9.0,5.0,3.0,1.0,8.0,,,,,
20201111530,2020,15,Dragons,Broncos,False,28,24,49.0,1552.0,90.0,39.0,43.0,185.0,1672.0,525.0,6.0,16.0,38.9,233.0,3.39,9.0,425.0,237.0,6.0,23.0,818.0,3.0,83.0,10.0,12.0,6.0,3.0,89.74,350.0,27.0,,13.0,5.0,4.0,2.0,1.0,7.0,,,,,
20201111530,2020,15,Broncos,Dragons,True,24,28,51.0,1583.0,86.0,32.0,37.0,171.0,1780.0,658.0,5.0,27.0,48.13,216.0,2.96,9.0,421.0,229.0,21.0,21.0,609.0,2.0,67.0,8.0,12.0,6.0,3.0,90.8,316.0,16.0,,16.0,8.0,7.0,4.0,0.0,7.0,,,,,
20201111540,2020,15,Raiders,Titans,False,36,16,57.0,1872.0,84.0,38.0,45.0,212.0,1987.0,772.0,5.0,51.0,44.17,256.0,3.38,18.0,468.0,245.0,37.0,27.0,519.0,2.0,78.0,7.0,9.0,8.0,8.0,89.94,277.0,22.0,1.0,9.0,9.0,5.0,2.0,1.0,7.0,1.0,,,,
20201111540,2020,15,Titans,Raiders,True,16,36,43.0,1427.0,75.0,31.0,41.0,171.0,1485.0,570.0,8.0,22.0,36.22,147.0,3.49,9.0,375.0,206.0,25.0,18.0,524.0,1.0,81.0,13.0,16.0,3.0,5.0,82.76,408.0,51.0,2.0,34.0,12.0,5.0,6.0,1.0,7.0,0.0,,,,
20201111550,2020,15,Roosters,Wests Tigers,False,38,16,45.0,1442.0,81.0,30.0,37.0,166.0,1595.0,637.0,10.0,34.0,43.12,125.0,3.42,6.0,373.0,197.0,29.0,19.0,544.0,0.0,53.0,8.0,15.0,5.0,2.0,86.21,369.0,35.0,0.0,24.0,12.0,4.0,6.0,,6.0,,,,,
20201111550,2020,15,Wests Tigers,Roosters,True,16,38,55.0,1799.0,80.0,33.0,41.0,206.0,1815.0,677.0,5.0,35.0,44.28,199.0,3.48,15.0,428.0,240.0,26.0,19.0,340.0,1.0,78.0,7.0,9.0,4.0,3.0,88.33,333.0,34.0,1.0,10.0,12.0,3.0,2.0,,6.0,,,,,
20201111560,2020,15,Sea Eagles,Rabbitohs,False,16,56,37.0,1236.0,68.0,22.0,32.0,148.0,1308.0,526.0,2.0,20.0,40.88,134.0,3.38,12.0,308.0,154.0,26.0,16.0,452.0,0.0,38.0,5.0,13.0,5.0,1.0,88.55,379.0,36.0,0.0,13.0,13.0,3.0,6.0,1.0,7.0,,1.0,,,
20201111560,2020,15,Rabbitohs,Sea Eagles,True,56,16,63.0,1991.0,91.0,45.0,49.0,224.0,1953.0,840.0,8.0,36.0,39.87,233.0,3.64,8.0,501.0,272.0,23.0,26.0,659.0,2.0,60.0,6.0,10.0,2.0,9.0,86.71,274.0,20.0,1.0,22.0,5.0,1.0,2.0,1.0,8.0,,0.0,,,
20201111570,2020,15,Warriors,Bulldogs,False,20,14,53.0,1897.0,82.0,32.0,39.0,204.0,2044.0,831.0,5.0,28.0,52.42,237.0,3.23,9.0,443.0,230.0,26.0,22.0,449.0,2.0,70.0,7.0,10.0,7.0,5.0,91.92,398.0,17.0,0.0,18.0,12.0,4.0,1.0,0.0,8.0,1.0,,,,
20201111570,2020,15,Bulldogs,Warriors,True,14,20,47.0,1698.0,76.0,29.0,38.0,188.0,1677.0,712.0,5.0,17.0,44.14,114.0,3.23,13.0,439.0,245.0,15.0,22.0,587.0,1.0,57.0,8.0,14.0,2.0,2.0,89.51,367.0,28.0,2.0,15.0,11.0,3.0,2.0,1.0,8.0,1.0,,,,
20201111580,2020,15,Cowboys,Knights,False,0,12,46.0,1635.0,73.0,30.0,41.0,167.0,1363.0,617.0,1.0,15.0,33.27,101.0,3.13,9.0,401.0,213.0,10.0,19.0,489.0,1.0,64.0,9.0,14.0,4.0,2.0,91.8,414.0,23.0,0.0,14.0,13.0,9.0,3.0,1.0,8.0,,1.0,0.0,,
20201111580,2020,15,Knights,Cowboys,True,12,0,54.0,1882.0,78.0,37.0,47.0,205.0,2036.0,899.0,3.0,23.0,43.33,219.0,3.1,10.0,491.0,267.0,16.0,23.0,620.0,4.0,100.0,4.0,4.0,6.0,5.0,91.93,353.0,15.0,3.0,16.0,11.0,5.0,5.0,0.0,8.0,,1.0,1.0,,
20201111610,2020,16,Rabbitohs,Eels,False,38,0,57.0,2006.0,82.0,39.0,47.0,216.0,2109.0,774.0,10.0,41.0,44.88,321.0,3.76,10.0,484.0,264.0,24.0,23.0,776.0,4.0,77.0,10.0,13.0,3.0,5.0,88.33,318.0,19.0,,23.0,8.0,2.0,5.0,,8.0,,,,,
20201111610,2020,16,Eels,Rabbitohs,True,0,38,43.0,1529.0,70.0,26.0,37.0,169.0,1583.0,706.0,0.0,19.0,42.81,196.0,3.28,16.0,398.0,218.0,23.0,18.0,558.0,2.0,56.0,5.0,9.0,3.0,3.0,87.45,432.0,41.0,,21.0,12.0,4.0,4.0,,8.0,,,,,
20201111620,2020,16,Titans,Dragons,False,14,10,44.0,1498.0,78.0,29.0,37.0,169.0,1651.0,590.0,4.0,33.0,44.63,191.0,3.24,6.0,396.0,221.0,34.0,21.0,471.0,2.0,69.0,9.0,13.0,4.0,8.0,91.3,399.0,30.0,,8.0,9.0,7.0,5.0,0.0,8.0,1.0,,,,
20201111620,2020,16,Dragons,Titans,True,10,14,56.0,1919.0,90.0,40.0,44.0,197.0,1730.0,709.0,1.0,30.0,39.34,190.0,3.22,6.0,487.0,282.0,8.0,27.0,636.0,4.0,73.0,11.0,15.0,6.0,9.0,87.36,304.0,33.0,,11.0,6.0,4.0,2.0,2.0,7.0,0.0,,,,
20201111630,2020,16,Broncos,Roosters,False,12,58,49.0,1498.0,74.0,29.0,39.0,141.0,1260.0,498.0,2.0,19.0,32.31,78.0,3.37,11.0,353.0,196.0,23.0,15.0,311.0,1.0,67.0,8.0,12.0,1.0,3.0,86.67,325.0,39.0,,11.0,11.0,4.0,7.0,1.0,7.0,,,,,
20201111630,2020,16,Roosters,Broncos,True,58,12,51.0,1575.0,80.0,36.0,45.0,185.0,1792.0,612.0,11.0,39.0,39.84,176.0,3.43,8.0,414.0,234.0,13.0,15.0,326.0,2.0,60.0,3.0,5.0,3.0,6.0,91.06,326.0,19.0,,13.0,13.0,4.0,6.0,0.0,5.0,,,,,
20201111640,2020,16,Knights,Warriors,False,6,36,37.0,1208.0,75.0,25.0,33.0,142.0,1247.0,536.0,3.0,20.0,37.81,119.0,3.36,3.0,302.0,151.0,5.0,16.0,512.0,0.0,92.0,12.0,13.0,7.0,0.0,88.16,454.0,30.0,,31.0,11.0,8.0,4.0,1.0,8.0,0.0,1.0,,,
20201111640,2020,16,Warriors,Knights,True,36,6,63.0,2050.0,89.0,42.0,47.0,214.0,2060.0,884.0,9.0,30.0,43.84,280.0,3.34,18.0,523.0,293.0,24.0,26.0,637.0,4.0,62.0,5.0,8.0,5.0,4.0,92.17,306.0,20.0,,6.0,7.0,2.0,5.0,0.0,7.0,1.0,0.0,,,
20201111650,2020,16,Cowboys,Sharks,False,12,28,45.0,1460.0,67.0,25.0,37.0,175.0,1531.0,635.0,3.0,17.0,41.39,103.0,3.45,2.0,405.0,235.0,18.0,19.0,510.0,1.0,78.0,7.0,9.0,4.0,4.0,84.6,357.0,44.0,0.0,21.0,16.0,6.0,1.0,,8.0,0.0,,0.0,,
20201111650,2020,16,Sharks,Cowboys,True,28,12,55.0,1778.0,81.0,35.0,43.0,182.0,1849.0,737.0,9.0,44.0,43.01,176.0,3.23,11.0,442.0,253.0,26.0,21.0,468.0,2.0,50.0,5.0,10.0,3.0,9.0,93.7,327.0,17.0,1.0,5.0,9.0,4.0,2.0,,8.0,1.0,,1.0,,
20201111660,2020,16,Wests Tigers,Panthers,False,6,30,43.0,1500.0,77.0,27.0,35.0,154.0,1078.0,341.0,1.0,18.0,30.82,91.0,3.73,9.0,390.0,210.0,26.0,24.0,860.0,0.0,80.0,12.0,15.0,5.0,2.0,92.0,437.0,33.0,,5.0,10.0,6.0,6.0,,8.0,,1.0,,,
20201111660,2020,16,Panthers,Wests Tigers,True,30,6,57.0,2046.0,82.0,41.0,50.0,225.0,1818.0,572.0,5.0,33.0,36.36,239.0,3.58,5.0,484.0,270.0,12.0,25.0,695.0,2.0,86.0,6.0,7.0,6.0,5.0,91.32,347.0,18.0,,15.0,8.0,3.0,1.0,,8.0,,0.0,,,
20201111670,2020,16,Bulldogs,Raiders,False,20,34,48.0,1530.0,80.0,32.0,40.0,181.0,1539.0,447.0,3.0,11.0,38.48,163.0,3.53,6.0,390.0,220.0,11.0,21.0,534.0,1.0,50.0,6.0,12.0,4.0,5.0,86.05,327.0,38.0,1.0,15.0,9.0,6.0,2.0,0.0,7.0,,0.0,,,
20201111670,2020,16,Raiders,Bulldogs,True,34,20,52.0,1617.0,80.0,33.0,41.0,170.0,1777.0,538.0,6.0,38.0,43.35,248.0,3.34,11.0,402.0,216.0,18.0,22.0,576.0,3.0,50.0,6.0,12.0,5.0,6.0,93.19,342.0,11.0,0.0,14.0,12.0,4.0,7.0,1.0,7.0,,1.0,,,
20201111680,2020,16,Sea Eagles,Storm,False,6,30,44.0,1477.0,76.0,29.0,38.0,145.0,1110.0,369.0,1.0,20.0,29.21,73.0,3.5,11.0,383.0,209.0,11.0,21.0,760.0,0.0,80.0,12.0,15.0,3.0,2.0,86.51,327.0,31.0,,20.0,11.0,2.0,4.0,1.0,8.0,,,,,
20201111680,2020,16,Storm,Sea Eagles,True,30,6,56.0,1871.0,79.0,35.0,44.0,200.0,1936.0,485.0,7.0,31.0,44.01,314.0,3.62,13.0,479.0,273.0,31.0,23.0,567.0,4.0,57.0,4.0,7.0,6.0,2.0,89.52,299.0,20.0,,15.0,11.0,5.0,2.0,1.0,8.0,,,,,
20201111710,2020,17,Panthers,Broncos,False,25,12,59.0,2077.0,84.0,37.0,44.0,215.0,2109.0,886.0,2.0,29.0,47.93,346.0,3.53,3.0,524.0,299.0,43.0,27.0,590.0,3.0,33.0,1.0,3.0,11.0,7.0,90.98,333.0,26.0,,7.0,10.0,3.0,4.0,0.0,7.0,,,,,
20201111710,2020,17,Broncos,Panthers,True,12,25,41.0,1408.0,83.0,31.0,37.0,158.0,1271.0,496.0,3.0,26.0,34.36,133.0,3.13,5.0,339.0,163.0,12.0,23.0,842.0,1.0,74.0,14.0,19.0,2.0,2.0,93.05,442.0,29.0,,4.0,7.0,7.0,2.0,1.0,8.0,,,,,
20201111720,2020,17,Sharks,Knights,False,10,38,43.0,1351.0,71.0,28.0,39.0,170.0,1459.0,546.0,3.0,19.0,37.42,176.0,3.31,11.0,366.0,201.0,15.0,21.0,573.0,3.0,47.0,9.0,19.0,8.0,2.0,88.91,385.0,40.0,,8.0,11.0,6.0,5.0,3.0,8.0,0.0,,,1.0,
20201111720,2020,17,Knights,Sharks,True,38,10,57.0,1826.0,88.0,37.0,42.0,193.0,1820.0,666.0,6.0,40.0,43.34,201.0,3.36,6.0,450.0,233.0,18.0,24.0,620.0,2.0,73.0,11.0,15.0,10.0,4.0,88.86,303.0,19.0,,19.0,10.0,3.0,4.0,0.0,7.0,1.0,,,0.0,
20201111730,2020,17,Storm,Rabbitohs,False,22,16,48.0,1590.0,83.0,36.0,43.0,163.0,1526.0,579.0,4.0,25.0,35.5,160.0,3.33,5.0,394.0,220.0,13.0,19.0,564.0,1.0,60.0,6.0,10.0,1.0,3.0,90.75,363.0,24.0,,13.0,9.0,6.0,4.0,1.0,7.0,3.0,,,,
20201111730,2020,17,Rabbitohs,Storm,True,16,22,52.0,1658.0,65.0,27.0,41.0,191.0,1676.0,594.0,3.0,24.0,40.89,141.0,3.49,9.0,413.0,225.0,15.0,17.0,514.0,1.0,75.0,6.0,8.0,3.0,4.0,89.97,323.0,25.0,,11.0,15.0,6.0,4.0,0.0,7.0,2.0,,,,
20201111740,2020,17,Titans,Bulldogs,False,18,14,50.0,1794.0,78.0,30.0,38.0,200.0,1752.0,500.0,5.0,29.0,46.11,187.0,3.32,10.0,448.0,249.0,26.0,25.0,624.0,0.0,80.0,8.0,10.0,8.0,8.0,93.49,388.0,17.0,,10.0,8.0,6.0,2.0,,7.0,,,,,
20201111740,2020,17,Bulldogs,Titans,True,14,18,50.0,1809.0,82.0,34.0,41.0,198.0,1618.0,502.0,4.0,17.0,39.48,210.0,3.15,8.0,441.0,234.0,29.0,24.0,759.0,3.0,65.0,11.0,17.0,2.0,3.0,89.27,341.0,29.0,,12.0,8.0,3.0,1.0,,8.0,,,,,
20201111750,2020,17,Wests Tigers,Sea Eagles,False,34,32,48.0,1311.0,77.0,28.0,36.0,145.0,1201.0,366.0,7.0,29.0,33.36,128.0,3.4,11.0,359.0,201.0,30.0,15.0,359.0,1.0,53.0,9.0,17.0,2.0,4.0,87.2,286.0,16.0,0.0,26.0,10.0,8.0,4.0,,7.0,0.0,,,,
20201111750,2020,17,Sea Eagles,Wests Tigers,True,32,34,52.0,1456.0,84.0,37.0,44.0,173.0,1266.0,440.0,5.0,16.0,28.78,156.0,3.52,14.0,389.0,226.0,12.0,18.0,414.0,3.0,50.0,4.0,8.0,4.0,7.0,84.75,250.0,29.0,1.0,16.0,9.0,1.0,6.0,,7.0,1.0,,,,
20201111760,2020,17,Roosters,Raiders,False,18,6,52.0,1932.0,85.0,36.0,42.0,200.0,1749.0,564.0,2.0,33.0,41.66,189.0,3.46,9.0,455.0,240.0,22.0,28.0,636.0,2.0,50.0,6.0,12.0,12.0,8.0,91.34,422.0,28.0,2.0,12.0,8.0,6.0,5.0,1.0,7.0,,,,,
20201111760,2020,17,Raiders,Roosters,True,6,18,48.0,1777.0,73.0,34.0,46.0,179.0,1521.0,509.0,1.0,28.0,33.07,173.0,3.3,6.0,430.0,228.0,29.0,23.0,554.0,4.0,58.0,11.0,19.0,2.0,8.0,88.84,390.0,33.0,1.0,16.0,15.0,3.0,4.0,0.0,7.0,,,,,
20201111770,2020,17,Dragons,Cowboys,False,22,23,49.0,1586.0,80.0,32.0,40.0,191.0,1853.0,724.0,6.0,28.0,46.34,179.0,3.26,8.0,437.0,242.0,12.0,19.0,631.0,0.0,42.0,5.0,12.0,4.0,1.0,90.29,372.0,26.0,,14.0,9.0,2.0,2.0,,7.0,,,,,
20201111770,2020,17,Cowboys,Dragons,True,23,22,51.0,1668.0,80.0,33.0,41.0,191.0,1843.0,752.0,3.0,26.0,44.95,212.0,3.06,8.0,412.0,211.0,16.0,23.0,701.0,2.0,86.0,6.0,7.0,6.0,2.0,89.66,338.0,28.0,,11.0,14.0,4.0,1.0,,9.0,,,,,
20201111780,2020,17,Eels,Warriors,False,24,18,52.0,1786.0,86.0,39.0,45.0,189.0,1747.0,724.0,3.0,22.0,38.82,191.0,3.6,8.0,435.0,222.0,6.0,28.0,715.0,2.0,55.0,11.0,20.0,8.0,8.0,88.92,353.0,26.0,,18.0,10.0,3.0,4.0,,7.0,0.0,0.0,1.0,,
20201111780,2020,17,Warriors,Eels,True,18,24,48.0,1718.0,74.0,29.0,39.0,175.0,1593.0,678.0,3.0,26.0,40.85,196.0,3.25,12.0,423.0,230.0,13.0,23.0,574.0,2.0,44.0,8.0,18.0,9.0,4.0,92.06,406.0,22.0,,13.0,9.0,8.0,3.0,,7.0,1.0,1.0,0.0,,
20201111810,2020,18,Rabbitohs,Wests Tigers,False,26,24,51.0,1719.0,75.0,30.0,40.0,190.0,1851.0,709.0,5.0,19.0,46.29,212.0,3.61,6.0,433.0,239.0,15.0,20.0,487.0,2.0,64.0,7.0,11.0,4.0,5.0,91.32,347.0,19.0,1.0,14.0,10.0,4.0,2.0,,7.0,0.0,1.0,,,
20201111810,2020,18,Wests Tigers,Rabbitohs,True,24,26,49.0,1656.0,72.0,26.0,36.0,184.0,1640.0,687.0,4.0,19.0,45.58,147.0,3.11,10.0,439.0,246.0,26.0,20.0,482.0,1.0,90.0,9.0,10.0,5.0,6.0,92.39,364.0,19.0,0.0,11.0,14.0,3.0,2.0,,7.0,1.0,2.0,,,
20201111820,2020,18,Sea Eagles,Bulldogs,False,32,20,49.0,1562.0,78.0,29.0,37.0,185.0,1746.0,615.0,8.0,38.0,47.21,199.0,3.24,16.0,409.0,232.0,4.0,17.0,451.0,0.0,44.0,4.0,9.0,4.0,6.0,91.18,331.0,20.0,,12.0,8.0,11.0,5.0,,8.0,1.0,,,,
20201111820,2020,18,Bulldogs,Sea Eagles,True,20,32,51.0,1684.0,80.0,33.0,41.0,171.0,1627.0,629.0,1.0,20.0,39.7,135.0,3.16,6.0,416.0,230.0,35.0,19.0,493.0,1.0,40.0,4.0,10.0,3.0,0.0,82.25,292.0,38.0,,25.0,11.0,4.0,4.0,,7.0,0.0,,,,
20201111830,2020,18,Eels,Panthers,False,2,20,38.0,1446.0,83.0,31.0,37.0,159.0,1353.0,509.0,0.0,17.0,36.57,118.0,3.43,9.0,367.0,180.0,14.0,25.0,910.0,0.0,59.0,10.0,17.0,6.0,3.0,89.56,463.0,41.0,1.0,13.0,11.0,4.0,8.0,,8.0,0.0,,0.0,,
20201111830,2020,18,Panthers,Eels,True,20,2,62.0,2300.0,79.0,43.0,54.0,238.0,2275.0,847.0,7.0,41.0,42.14,315.0,3.37,7.0,559.0,313.0,21.0,27.0,649.0,5.0,89.0,8.0,9.0,7.0,5.0,90.21,341.0,17.0,0.0,20.0,13.0,4.0,3.0,,7.0,1.0,,1.0,,
20201111840,2020,18,Raiders,Dragons,False,37,8,56.0,1769.0,80.0,34.0,42.0,192.0,1712.0,510.0,7.0,31.0,40.77,199.0,3.27,6.0,443.0,235.0,24.0,21.0,581.0,4.0,75.0,9.0,12.0,3.0,7.0,93.31,335.0,18.0,2.0,6.0,10.0,5.0,5.0,,8.0,0.0,,,,
20201111840,2020,18,Dragons,Raiders,True,8,37,44.0,1411.0,73.0,28.0,38.0,176.0,1519.0,408.0,3.0,18.0,39.98,188.0,3.35,5.0,383.0,218.0,11.0,15.0,385.0,2.0,50.0,3.0,6.0,7.0,4.0,90.99,404.0,31.0,0.0,9.0,13.0,4.0,3.0,,7.0,1.0,,,,
20201111850,2020,18,Broncos,Titans,False,6,18,46.0,1568.0,79.0,31.0,39.0,174.0,1436.0,489.0,0.0,25.0,36.84,183.0,3.44,7.0,410.0,223.0,14.0,19.0,517.0,0.0,54.0,7.0,13.0,4.0,5.0,91.37,360.0,19.0,,15.0,15.0,4.0,3.0,,8.0,0.0,,,,
20201111850,2020,18,Titans,Broncos,True,18,6,54.0,1873.0,81.0,36.0,44.0,190.0,1715.0,467.0,4.0,19.0,38.98,148.0,3.4,11.0,454.0,250.0,22.0,24.0,637.0,2.0,55.0,6.0,11.0,4.0,5.0,90.31,345.0,25.0,,12.0,13.0,5.0,2.0,,7.0,1.0,,,,
20201111860,2020,18,Knights,Roosters,False,12,42,47.0,1625.0,76.0,29.0,38.0,173.0,1419.0,421.0,1.0,18.0,37.35,106.0,3.31,6.0,399.0,208.0,9.0,24.0,655.0,1.0,60.0,6.0,10.0,6.0,3.0,85.19,374.0,36.0,1.0,29.0,11.0,6.0,3.0,,8.0,,,,,
20201111860,2020,18,Roosters,Knights,True,42,12,53.0,1815.0,72.0,31.0,43.0,205.0,1911.0,545.0,8.0,36.0,44.46,163.0,3.27,20.0,430.0,227.0,18.0,18.0,439.0,1.0,50.0,6.0,12.0,5.0,5.0,93.4,382.0,18.0,0.0,9.0,12.0,5.0,5.0,,8.0,,,,,
20201111870,2020,18,Warriors,Sharks,False,14,22,49.0,1557.0,78.0,30.0,38.0,181.0,1500.0,531.0,3.0,34.0,39.49,114.0,3.57,12.0,382.0,207.0,15.0,17.0,438.0,2.0,64.0,7.0,11.0,6.0,4.0,87.25,356.0,35.0,,17.0,10.0,9.0,4.0,,6.0,2.0,,,,
20201111870,2020,18,Sharks,Warriors,True,22,14,51.0,1566.0,76.0,33.0,43.0,160.0,1438.0,466.0,7.0,35.0,33.45,199.0,3.48,11.0,370.0,195.0,19.0,19.0,456.0,0.0,83.0,10.0,12.0,8.0,8.0,84.01,310.0,34.0,,25.0,10.0,6.0,6.0,,8.0,0.0,,,,
20201111880,2020,18,Cowboys,Storm,False,20,36,48.0,1393.0,69.0,25.0,36.0,160.0,1367.0,355.0,3.0,17.0,37.98,90.0,3.41,11.0,367.0,211.0,12.0,15.0,429.0,,71.0,5.0,7.0,3.0,3.0,83.11,305.0,39.0,,23.0,13.0,4.0,4.0,1.0,8.0,,1.0,1.0,,
20201111880,2020,18,Storm,Cowboys,True,36,20,52.0,1543.0,75.0,28.0,37.0,177.0,1718.0,516.0,9.0,39.0,46.44,125.0,3.29,15.0,404.0,231.0,23.0,15.0,331.0,,50.0,4.0,8.0,5.0,4.0,89.87,284.0,17.0,,15.0,11.0,4.0,4.0,0.0,8.0,,0.0,0.0,,
20201111910,2020,19,Bulldogs,Rabbitohs,False,26,16,54.0,1779.0,91.0,34.0,37.0,196.0,1779.0,767.0,6.0,24.0,48.08,116.0,3.07,10.0,459.0,247.0,24.0,26.0,801.0,2.0,78.0,7.0,9.0,3.0,1.0,86.99,321.0,32.0,,16.0,4.0,6.0,7.0,0.0,7.0,2.0,0.0,,,
20201111910,2020,19,Rabbitohs,Bulldogs,True,16,26,46.0,1543.0,73.0,31.0,42.0,193.0,1922.0,641.0,7.0,32.0,45.77,314.0,3.01,11.0,412.0,233.0,16.0,15.0,368.0,1.0,56.0,5.0,9.0,5.0,4.0,90.5,381.0,24.0,,16.0,13.0,4.0,4.0,1.0,8.0,0.0,1.0,,,
20201111920,2020,19,Panthers,Cowboys,False,32,12,53.0,1824.0,75.0,34.0,45.0,192.0,1960.0,652.0,4.0,33.0,43.57,261.0,3.31,13.0,448.0,233.0,38.0,25.0,508.0,1.0,40.0,2.0,5.0,12.0,4.0,90.48,361.0,24.0,1.0,14.0,16.0,6.0,1.0,1.0,8.0,,,,,
20201111920,2020,19,Cowboys,Panthers,True,12,32,47.0,1583.0,70.0,31.0,44.0,163.0,1402.0,503.0,2.0,24.0,31.87,131.0,3.27,6.0,412.0,227.0,15.0,24.0,750.0,3.0,50.0,11.0,22.0,0.0,3.0,87.62,368.0,33.0,0.0,19.0,14.0,1.0,4.0,0.0,8.0,,,,,
20201111930,2020,19,Broncos,Eels,False,12,26,44.0,1470.0,79.0,31.0,39.0,150.0,1315.0,459.0,3.0,14.0,33.74,165.0,3.36,5.0,355.0,183.0,7.0,21.0,536.0,2.0,56.0,10.0,18.0,4.0,4.0,88.67,360.0,28.0,0.0,18.0,12.0,3.0,7.0,0.0,6.0,,,,,
20201111930,2020,19,Eels,Broncos,True,26,12,56.0,1828.0,86.0,38.0,44.0,196.0,1923.0,535.0,6.0,28.0,43.71,240.0,3.65,12.0,457.0,257.0,35.0,24.0,563.0,3.0,50.0,3.0,6.0,4.0,6.0,94.43,339.0,14.0,1.0,6.0,8.0,6.0,2.0,1.0,8.0,,,,,
20201111940,2020,19,Titans,Sea Eagles,False,42,24,50.0,1496.0,81.0,36.0,44.0,160.0,1669.0,412.0,7.0,21.0,37.95,118.0,3.53,9.0,393.0,221.0,11.0,21.0,561.0,2.0,88.0,7.0,8.0,3.0,6.0,85.76,295.0,33.0,2.0,16.0,12.0,6.0,10.0,,8.0,,,,,
20201111940,2020,19,Sea Eagles,Titans,True,24,42,50.0,1502.0,70.0,33.0,47.0,198.0,1625.0,477.0,5.0,33.0,34.58,170.0,3.1,13.0,403.0,232.0,21.0,10.0,229.0,1.0,45.0,5.0,11.0,4.0,2.0,86.67,247.0,21.0,0.0,17.0,14.0,7.0,4.0,,6.0,,,,,
20201111950,2020,19,Wests Tigers,Storm,False,22,50,45.0,1357.0,72.0,26.0,36.0,160.0,1239.0,384.0,5.0,16.0,34.42,80.0,3.24,9.0,357.0,203.0,34.0,16.0,393.0,1.0,42.0,5.0,12.0,4.0,6.0,82.85,314.0,47.0,0.0,18.0,12.0,3.0,6.0,,8.0,2.0,1.0,,,
20201111950,2020,19,Storm,Wests Tigers,True,50,22,55.0,1588.0,76.0,32.0,42.0,171.0,1744.0,460.0,8.0,47.0,41.53,183.0,3.43,10.0,404.0,234.0,10.0,21.0,406.0,1.0,75.0,6.0,8.0,4.0,7.0,90.58,298.0,16.0,1.0,15.0,13.0,4.0,3.0,,7.0,2.0,0.0,,,
20201111960,2020,19,Sharks,Roosters,False,18,34,51.0,1541.0,75.0,31.0,41.0,176.0,1497.0,445.0,4.0,27.0,36.52,138.0,3.44,12.0,364.0,203.0,32.0,15.0,396.0,3.0,38.0,3.0,8.0,3.0,5.0,89.52,299.0,31.0,,4.0,12.0,3.0,1.0,,8.0,,0.0,,,
20201111960,2020,19,Roosters,Sharks,True,34,18,49.0,1482.0,81.0,26.0,32.0,162.0,1630.0,449.0,5.0,31.0,50.94,163.0,3.02,4.0,382.0,217.0,6.0,17.0,543.0,1.0,89.0,8.0,9.0,5.0,2.0,87.9,327.0,27.0,,18.0,9.0,5.0,9.0,,7.0,,1.0,,,
20201111970,2020,19,Warriors,Raiders,False,14,26,53.0,1693.0,78.0,30.0,38.0,176.0,1676.0,690.0,3.0,18.0,44.13,164.0,3.3,9.0,414.0,234.0,31.0,18.0,403.0,2.0,67.0,4.0,6.0,5.0,6.0,84.02,305.0,29.0,,29.0,8.0,8.0,2.0,1.0,8.0,0.0,0.0,,,
20201111970,2020,19,Raiders,Warriors,True,26,14,47.0,1547.0,67.0,25.0,37.0,167.0,1695.0,619.0,4.0,29.0,45.84,135.0,3.44,18.0,350.0,179.0,15.0,14.0,353.0,0.0,77.0,10.0,13.0,4.0,4.0,90.63,348.0,18.0,,18.0,12.0,8.0,3.0,0.0,7.0,1.0,1.0,,,
20201111980,2020,19,Dragons,Knights,False,18,42,44.0,1323.0,67.0,23.0,34.0,19.0,136.0,0.0,4.0,25.0,4.02,0.0,,7.0,344.0,191.0,13.0,18.0,453.0,3.0,55.0,6.0,11.0,2.0,6.0,21.82,12.0,24.0,,19.0,15.0,5.0,3.0,1.0,7.0,1.0,,,,
20201111980,2020,19,Knights,Dragons,True,42,18,56.0,1687.0,78.0,32.0,41.0,15.0,171.0,3.0,8.0,24.0,4.19,17.0,,9.0,462.0,265.0,13.0,19.0,446.0,1.0,50.0,3.0,6.0,3.0,3.0,14.29,6.0,25.0,,11.0,11.0,4.0,1.0,0.0,8.0,0.0,,,,
20201112010,2020,20,Cowboys,Broncos,False,32,16,54.0,1754.0,80.0,37.0,46.0,194.0,1950.0,734.0,4.0,15.0,42.41,267.0,3.45,6.0,436.0,238.0,23.0,22.0,635.0,2.0,73.0,8.0,11.0,8.0,3.0,93.73,344.0,19.0,,4.0,11.0,4.0,3.0,,8.0,,,,,2.0
20201112010,2020,20,Broncos,Cowboys,True,16,32,46.0,1484.0,75.0,30.0,40.0,161.0,1547.0,621.0,6.0,19.0,38.68,213.0,3.01,3.0,375.0,198.0,5.0,21.0,596.0,2.0,86.0,12.0,14.0,6.0,6.0,93.35,365.0,15.0,,11.0,13.0,6.0,1.0,,7.0,,,,,2.0
20201112020,2020,20,Knights,Titans,False,6,36,43.0,1380.0,74.0,23.0,31.0,152.0,1394.0,506.0,2.0,20.0,44.99,111.0,3.38,9.0,353.0,187.0,2.0,21.0,544.0,2.0,90.0,9.0,10.0,5.0,3.0,87.82,375.0,34.0,,18.0,10.0,6.0,4.0,1.0,8.0,,,,,
20201112020,2020,20,Titans,Knights,True,36,6,57.0,1906.0,80.0,36.0,45.0,194.0,2075.0,626.0,9.0,34.0,46.12,319.0,3.48,10.0,445.0,247.0,32.0,17.0,446.0,2.0,62.0,8.0,13.0,6.0,4.0,88.82,294.0,20.0,,17.0,10.0,2.0,1.0,0.0,8.0,,,,,
20201112030,2020,20,Roosters,Rabbitohs,False,8,60,38.0,1151.0,65.0,19.0,29.0,144.0,1335.0,422.0,5.0,13.0,46.07,151.0,3.21,14.0,307.0,163.0,10.0,16.0,400.0,2.0,62.0,5.0,8.0,6.0,4.0,92.52,445.0,22.0,,14.0,11.0,6.0,6.0,,8.0,1.0,,,,
20201112030,2020,20,Rabbitohs,Roosters,True,60,8,62.0,1836.0,84.0,38.0,45.0,206.0,2090.0,694.0,11.0,22.0,46.45,225.0,3.63,8.0,462.0,246.0,33.0,18.0,519.0,3.0,75.0,9.0,12.0,1.0,6.0,86.27,245.0,13.0,,26.0,10.0,1.0,1.0,,8.0,0.0,,,,
20201112040,2020,20,Panthers,Bulldogs,False,42,0,55.0,1879.0,75.0,31.0,41.0,218.0,1995.0,590.0,6.0,37.0,48.67,220.0,3.29,6.0,503.0,296.0,16.0,23.0,416.0,1.0,91.0,10.0,11.0,6.0,8.0,93.06,362.0,16.0,0.0,11.0,9.0,3.0,6.0,0.0,7.0,0.0,,0.0,,
20201112040,2020,20,Bulldogs,Panthers,True,0,42,45.0,1532.0,83.0,30.0,36.0,159.0,1229.0,462.0,0.0,16.0,34.16,56.0,3.4,9.0,387.0,209.0,23.0,21.0,574.0,1.0,53.0,9.0,17.0,5.0,2.0,88.52,370.0,37.0,1.0,11.0,10.0,4.0,3.0,1.0,6.0,1.0,,1.0,,
20201112050,2020,20,Raiders,Sharks,False,38,28,51.0,1596.0,82.0,33.0,40.0,165.0,1578.0,510.0,7.0,31.0,39.47,236.0,3.54,5.0,378.0,189.0,13.0,22.0,568.0,2.0,46.0,6.0,13.0,5.0,7.0,84.94,327.0,41.0,0.0,17.0,11.0,4.0,6.0,,8.0,,1.0,,,
20201112050,2020,20,Sharks,Raiders,True,28,38,49.0,1527.0,70.0,31.0,44.0,194.0,1608.0,450.0,7.0,41.0,36.56,165.0,3.51,11.0,387.0,209.0,34.0,17.0,349.0,1.0,62.0,8.0,13.0,3.0,7.0,89.77,386.0,31.0,2.0,13.0,15.0,2.0,3.0,,8.0,,0.0,,,
20201112060,2020,20,Eels,Wests Tigers,False,28,24,52.0,1541.0,81.0,31.0,38.0,165.0,1619.0,704.0,5.0,26.0,42.61,211.0,3.63,15.0,409.0,224.0,6.0,21.0,586.0,2.0,67.0,4.0,6.0,6.0,5.0,90.49,333.0,17.0,,18.0,8.0,5.0,6.0,1.0,6.0,,,,,
20201112060,2020,20,Wests Tigers,Eels,True,24,28,48.0,1443.0,77.0,31.0,40.0,156.0,1404.0,568.0,7.0,17.0,35.12,173.0,3.39,9.0,368.0,208.0,24.0,14.0,471.0,1.0,55.0,6.0,11.0,4.0,2.0,87.06,343.0,26.0,,25.0,13.0,5.0,1.0,1.0,7.0,,,,,
20201112070,2020,20,Sea Eagles,Warriors,False,28,40,48.0,1411.0,72.0,26.0,36.0,150.0,1481.0,576.0,7.0,28.0,41.16,182.0,3.28,11.0,355.0,197.0,19.0,14.0,380.0,1.0,57.0,8.0,14.0,4.0,2.0,86.02,283.0,14.0,,32.0,15.0,5.0,3.0,,7.0,0.0,,1.0,,2.0
20201112070,2020,20,Warriors,Sea Eagles,True,40,28,52.0,1543.0,88.0,38.0,43.0,175.0,1621.0,665.0,5.0,14.0,37.71,128.0,3.38,20.0,412.0,225.0,18.0,21.0,423.0,2.0,56.0,5.0,9.0,4.0,6.0,85.85,279.0,28.0,,18.0,10.0,1.0,3.0,,7.0,2.0,,0.0,,2.0
20201112080,2020,20,Storm,Dragons,False,22,30,48.0,1654.0,76.0,29.0,38.0,200.0,1862.0,762.0,5.0,17.0,49.01,228.0,3.22,9.0,445.0,250.0,48.0,21.0,474.0,0.0,38.0,6.0,16.0,9.0,2.0,89.91,401.0,27.0,,18.0,10.0,6.0,3.0,1.0,8.0,1.0,,,,
20201112080,2020,20,Dragons,Storm,True,30,22,52.0,1766.0,80.0,36.0,45.0,202.0,1736.0,680.0,3.0,27.0,38.58,178.0,3.49,11.0,444.0,226.0,12.0,27.0,651.0,3.0,67.0,12.0,18.0,3.0,7.0,91.01,344.0,17.0,,17.0,10.0,3.0,2.0,0.0,6.0,2.0,,,,
20201112110,2020,21,Roosters,Panthers,False,28,29,49.0,1654.0,80.0,32.0,40.0,181.0,1613.0,695.0,5.0,42.0,40.35,222.0,3.22,7.0,406.0,217.0,13.0,18.0,501.0,1.0,62.0,8.0,13.0,6.0,1.0,91.11,379.0,25.0,1.0,12.0,11.0,4.0,2.0,1.0,8.0,1.0,,,,
20201112110,2020,21,Panthers,Roosters,True,29,28,51.0,1662.0,94.0,36.0,38.0,182.0,1575.0,639.0,4.0,25.0,41.47,182.0,3.17,7.0,429.0,229.0,18.0,25.0,660.0,1.0,40.0,4.0,10.0,8.0,4.0,86.59,355.0,42.0,0.0,13.0,5.0,7.0,3.0,0.0,8.0,0.0,,,,
20201112120,2020,21,Sharks,Raiders,False,20,32,52.0,1667.0,79.0,31.0,39.0,166.0,1752.0,551.0,4.0,16.0,44.93,261.0,3.54,6.0,398.0,215.0,24.0,22.0,503.0,4.0,0.0,0.0,2.0,9.0,4.0,85.59,303.0,39.0,1.0,12.0,14.0,4.0,5.0,,7.0,1.0,,,,
20201112120,2020,21,Raiders,Sharks,True,32,20,48.0,1542.0,68.0,30.0,44.0,155.0,1557.0,478.0,7.0,38.0,35.41,116.0,3.43,9.0,335.0,159.0,10.0,15.0,508.0,0.0,61.0,11.0,18.0,0.0,3.0,92.66,341.0,16.0,1.0,11.0,14.0,5.0,2.0,,8.0,0.0,,,,
20201112130,2020,21,Eels,Storm,False,24,36,46.0,1392.0,78.0,33.0,42.0,161.0,1500.0,469.0,5.0,18.0,35.74,98.0,3.66,12.0,395.0,229.0,13.0,22.0,549.0,0.0,50.0,3.0,6.0,6.0,3.0,85.04,324.0,34.0,,23.0,11.0,6.0,5.0,,8.0,1.0,,,,
20201112130,2020,21,Storm,Eels,True,36,24,54.0,1685.0,73.0,30.0,41.0,198.0,1930.0,523.0,11.0,34.0,47.08,259.0,3.36,10.0,432.0,248.0,19.0,15.0,337.0,1.0,50.0,7.0,14.0,2.0,2.0,88.89,280.0,18.0,,17.0,14.0,5.0,5.0,,8.0,0.0,,,,
20201112140,2020,21,Knights,Rabbitohs,False,20,46,49.0,1434.0,72.0,27.0,37.0,163.0,1489.0,654.0,5.0,16.0,40.25,157.0,3.2,7.0,394.0,218.0,8.0,19.0,584.0,2.0,67.0,4.0,6.0,4.0,4.0,91.79,358.0,28.0,0.0,4.0,11.0,4.0,0.0,1.0,8.0,1.0,,,,
20201112140,2020,21,Rabbitohs,Knights,True,46,20,51.0,1514.0,77.0,31.0,40.0,179.0,1716.0,651.0,8.0,28.0,42.91,220.0,3.41,3.0,373.0,186.0,14.0,20.0,642.0,0.0,75.0,6.0,8.0,4.0,1.0,92.66,341.0,16.0,1.0,11.0,12.0,1.0,1.0,0.0,8.0,0.0,,,,
20201112210,2020,22,Raiders,Roosters,False,22,18,52.0,1922.0,90.0,38.0,42.0,212.0,1973.0,659.0,6.0,42.0,46.99,207.0,3.6,8.0,455.0,232.0,20.0,30.0,758.0,1.0,60.0,6.0,10.0,6.0,7.0,83.41,357.0,42.0,1.0,29.0,6.0,4.0,5.0,,7.0,0.0,,,,
20201112210,2020,22,Roosters,Raiders,True,18,22,48.0,1735.0,75.0,33.0,44.0,201.0,1923.0,605.0,5.0,42.0,43.72,216.0,3.15,20.0,473.0,263.0,20.0,23.0,641.0,1.0,67.0,10.0,15.0,7.0,2.0,88.84,438.0,42.0,0.0,13.0,12.0,5.0,3.0,,7.0,1.0,,,,
20201112220,2020,22,Rabbitohs,Eels,False,38,24,53.0,1600.0,71.0,30.0,42.0,193.0,1860.0,541.0,8.0,29.0,44.31,307.0,3.55,13.0,403.0,219.0,13.0,18.0,468.0,3.0,75.0,6.0,8.0,2.0,6.0,87.21,334.0,22.0,1.0,27.0,16.0,3.0,4.0,,8.0,,,,,
20201112220,2020,22,Eels,Rabbitohs,True,24,38,47.0,1436.0,72.0,29.0,40.0,166.0,1521.0,481.0,5.0,22.0,38.04,160.0,3.5,15.0,415.0,233.0,21.0,16.0,474.0,0.0,70.0,7.0,10.0,3.0,5.0,85.55,302.0,29.0,0.0,22.0,12.0,2.0,5.0,,7.0,,,,,
20201112310,2020,23,Raiders,Storm,False,10,30,49.0,1446.0,71.0,25.0,35.0,180.0,1298.0,372.0,4.0,29.0,37.09,139.0,3.47,20.0,375.0,196.0,9.0,18.0,497.0,3.0,33.0,4.0,12.0,1.0,5.0,88.48,315.0,34.0,,7.0,13.0,1.0,1.0,0.0,6.0,1.0,,,,
20201112310,2020,23,Storm,Raiders,True,30,10,51.0,1525.0,87.0,29.0,33.0,148.0,1366.0,404.0,3.0,34.0,41.42,159.0,3.64,3.0,363.0,196.0,11.0,23.0,666.0,2.0,38.0,3.0,8.0,5.0,5.0,84.79,301.0,29.0,,25.0,4.0,6.0,2.0,1.0,8.0,1.0,,,,
20201112320,2020,23,Rabbitohs,Panthers,False,16,20,53.0,1727.0,75.0,30.0,40.0,198.0,1602.0,489.0,3.0,27.0,40.07,145.0,3.67,14.0,444.0,234.0,10.0,25.0,711.0,1.0,64.0,7.0,11.0,9.0,4.0,88.28,339.0,40.0,,5.0,12.0,2.0,2.0,0.0,8.0,,,,,
20201112320,2020,23,Panthers,Rabbitohs,True,20,16,47.0,1552.0,71.0,28.0,39.0,176.0,1695.0,541.0,5.0,40.0,43.48,193.0,3.36,4.0,368.0,187.0,14.0,21.0,710.0,1.0,73.0,11.0,15.0,7.0,2.0,88.5,377.0,27.0,,22.0,13.0,3.0,2.0,1.0,7.0,,,,,
20201112410,2020,24,Storm,Panthers,False,26,20,49.0,1558.0,79.0,31.0,39.0,163.0,1416.0,541.0,5.0,29.0,36.33,81.0,3.69,7.0,411.0,223.0,18.0,20.0,537.0,1.0,44.0,4.0,9.0,3.0,5.0,85.09,331.0,33.0,1.0,25.0,12.0,8.0,5.0,0.0,7.0,2.0,2.0,,,
20201112410,2020,24,Panthers,Storm,True,20,26,51.0,1724.0,68.0,33.0,48.0,195.0,1539.0,597.0,4.0,33.0,32.07,192.0,3.51,20.0,453.0,265.0,29.0,17.0,361.0,1.0,30.0,3.0,10.0,2.0,5.0,88.27,331.0,29.0,0.0,15.0,18.0,7.0,2.0,1.0,7.0,1.0,0.0,,,
20211110110,2021,1,Rabbitohs,Storm,False,18,26,44.0,1315.0,62.0,25.0,40.0,173.0,1330.0,406.0,3.0,34.0,33.27,112.0,3.57,10.0,409.0,235.0,22.0,15.0,492.0,,64.0,7.0,11.0,2.0,4.0,91.6,338.0,22.0,1.0,9.0,16.0,3.0,3.0,,8.0,1.0,,,,0.0
20211110110,2021,1,Storm,Rabbitohs,True,26,18,56.0,1691.0,78.0,32.0,41.0,169.0,1430.0,433.0,5.0,22.0,34.88,176.0,3.66,4.0,383.0,194.0,9.0,21.0,548.0,,100.0,6.0,6.0,4.0,5.0,85.2,305.0,34.0,2.0,19.0,11.0,2.0,4.0,,8.0,1.0,,,,1.0
20211110120,2021,1,Bulldogs,Knights,False,16,32,44.0,1395.0,72.0,26.0,36.0,146.0,1371.0,472.0,4.0,19.0,38.09,155.0,3.05,2.0,353.0,189.0,5.0,20.0,691.0,2.0,80.0,4.0,5.0,2.0,4.0,85.57,332.0,30.0,,26.0,13.0,5.0,4.0,,7.0,1.0,,,,1.0
20211110120,2021,1,Knights,Bulldogs,True,32,16,56.0,1770.0,83.0,36.0,43.0,188.0,1721.0,619.0,7.0,30.0,40.03,207.0,3.46,17.0,412.0,213.0,7.0,19.0,594.0,1.0,44.0,4.0,9.0,4.0,2.0,92.73,306.0,19.0,,5.0,7.0,0.0,3.0,,6.0,1.0,,,,0.0
20211110130,2021,1,Eels,Broncos,False,24,16,50.0,1719.0,73.0,33.0,45.0,189.0,1914.0,618.0,5.0,38.0,42.53,232.0,3.55,18.0,437.0,231.0,15.0,20.0,527.0,1.0,50.0,5.0,10.0,6.0,6.0,88.78,364.0,23.0,,23.0,15.0,1.0,1.0,,8.0,,,,,3.0
20211110130,2021,1,Broncos,Eels,True,16,24,50.0,1681.0,84.0,33.0,39.0,186.0,1660.0,587.0,5.0,23.0,42.57,162.0,3.41,14.0,431.0,220.0,10.0,25.0,754.0,1.0,53.0,8.0,15.0,5.0,4.0,84.84,347.0,38.0,,24.0,13.0,3.0,2.0,,7.0,,,,,2.0
20211110140,2021,1,Titans,Warriors,False,6,19,51.0,1754.0,79.0,35.0,44.0,214.0,1971.0,624.0,4.0,24.0,44.81,188.0,3.36,15.0,467.0,252.0,21.0,26.0,545.0,5.0,83.0,10.0,12.0,8.0,10.0,88.43,367.0,25.0,,23.0,15.0,6.0,4.0,0.0,8.0,,,,,1.0
20211110140,2021,1,Warriors,Titans,True,19,6,49.0,1691.0,90.0,40.0,44.0,198.0,1789.0,685.0,3.0,25.0,40.68,133.0,3.49,15.0,441.0,222.0,3.0,23.0,561.0,2.0,81.0,13.0,16.0,9.0,4.0,88.19,351.0,24.0,,23.0,6.0,5.0,6.0,1.0,8.0,,,,,0.0
20211110150,2021,1,Sea Eagles,Roosters,False,4,46,45.0,1432.0,68.0,26.0,38.0,160.0,1359.0,558.0,1.0,18.0,35.77,131.0,3.64,8.0,376.0,207.0,9.0,17.0,542.0,1.0,60.0,6.0,10.0,4.0,1.0,84.9,326.0,39.0,1.0,19.0,14.0,1.0,2.0,0.0,7.0,,,,,0.0
20211110150,2021,1,Roosters,Sea Eagles,True,46,4,55.0,1759.0,75.0,31.0,41.0,204.0,2079.0,685.0,7.0,39.0,50.71,227.0,3.2,8.0,460.0,258.0,19.0,22.0,600.0,1.0,60.0,3.0,5.0,6.0,3.0,90.76,324.0,18.0,2.0,15.0,13.0,4.0,1.0,1.0,8.0,,,,,1.0
20211110160,2021,1,Cowboys,Panthers,False,0,24,40.0,1330.0,59.0,22.0,37.0,143.0,1302.0,584.0,1.0,16.0,35.21,106.0,3.51,5.0,313.0,161.0,14.0,14.0,366.0,3.0,55.0,6.0,11.0,2.0,5.0,87.64,383.0,42.0,,12.0,18.0,7.0,1.0,,8.0,0.0,,0.0,,1.0
20211110160,2021,1,Panthers,Cowboys,True,24,0,60.0,1914.0,67.0,31.0,46.0,218.0,1956.0,726.0,7.0,42.0,42.53,194.0,3.34,7.0,522.0,320.0,19.0,21.0,508.0,4.0,50.0,2.0,4.0,5.0,4.0,92.64,302.0,16.0,,8.0,17.0,3.0,0.0,,6.0,1.0,,1.0,,2.0
20211110170,2021,1,Wests Tigers,Raiders,False,12,30,51.0,1611.0,75.0,33.0,44.0,186.0,1464.0,576.0,3.0,29.0,33.28,172.0,3.92,13.0,392.0,217.0,17.0,16.0,393.0,4.0,55.0,6.0,11.0,0.0,4.0,88.65,367.0,35.0,1.0,12.0,13.0,6.0,3.0,,6.0,2.0,0.0,,,
20211110170,2021,1,Raiders,Wests Tigers,True,30,12,49.0,1599.0,68.0,28.0,41.0,167.0,1524.0,590.0,5.0,35.0,37.18,147.0,3.78,6.0,380.0,198.0,27.0,17.0,467.0,1.0,100.0,6.0,6.0,4.0,4.0,87.03,322.0,29.0,1.0,19.0,14.0,5.0,7.0,,6.0,0.0,1.0,,,
20211110180,2021,1,Sharks,Dragons,False,32,18,55.0,1802.0,87.0,35.0,40.0,181.0,1550.0,658.0,2.0,42.0,38.76,214.0,3.97,4.0,441.0,240.0,9.0,28.0,811.0,3.0,73.0,8.0,11.0,3.0,7.0,84.76,267.0,34.0,,14.0,5.0,1.0,3.0,,8.0,,1.0,,,0.0
20211110180,2021,1,Dragons,Sharks,True,18,32,45.0,1434.0,70.0,24.0,34.0,159.0,1530.0,560.0,1.0,34.0,45.01,233.0,3.74,9.0,357.0,185.0,24.0,18.0,442.0,1.0,40.0,6.0,15.0,5.0,7.0,89.24,398.0,42.0,,6.0,15.0,3.0,0.0,,7.0,,0.0,,,1.0
20211110210,2021,2,Storm,Eels,False,12,16,53.0,1938.0,78.0,37.0,47.0,213.0,1835.0,557.0,4.0,31.0,39.06,262.0,3.46,10.0,487.0,254.0,18.0,27.0,649.0,2.0,67.0,8.0,12.0,7.0,6.0,88.84,382.0,32.0,0.0,16.0,9.0,3.0,4.0,1.0,8.0,,,,,1.0
20211110210,2021,2,Eels,Storm,True,16,12,47.0,1718.0,88.0,37.0,42.0,194.0,1531.0,485.0,2.0,32.0,36.47,136.0,3.84,10.0,444.0,227.0,11.0,26.0,902.0,1.0,79.0,11.0,14.0,6.0,1.0,89.11,450.0,31.0,1.0,24.0,10.0,3.0,5.0,0.0,7.0,,,,,0.0
20211110220,2021,2,Knights,Warriors,False,20,16,45.0,1529.0,92.0,35.0,38.0,183.0,1544.0,504.0,3.0,22.0,40.64,164.0,3.28,7.0,410.0,213.0,5.0,25.0,649.0,0.0,83.0,15.0,18.0,13.0,2.0,93.84,457.0,16.0,,14.0,4.0,4.0,1.0,0.0,8.0,,,,,5.0
20211110220,2021,2,Warriors,Knights,True,16,20,55.0,1902.0,87.0,41.0,47.0,192.0,1611.0,622.0,3.0,16.0,34.29,126.0,3.45,7.0,466.0,244.0,9.0,28.0,812.0,3.0,79.0,15.0,19.0,5.0,5.0,91.64,340.0,22.0,,9.0,8.0,6.0,0.0,2.0,8.0,,,,,0.0
20211110230,2021,2,Broncos,Titans,False,16,28,53.0,1679.0,65.0,26.0,40.0,201.0,1767.0,536.0,4.0,31.0,44.19,208.0,3.8,12.0,423.0,226.0,7.0,19.0,365.0,4.0,57.0,8.0,14.0,4.0,4.0,86.42,299.0,31.0,0.0,16.0,17.0,1.0,2.0,,7.0,0.0,,,,1.0
20211110230,2021,2,Titans,Broncos,True,28,16,47.0,1504.0,73.0,28.0,38.0,154.0,1500.0,438.0,5.0,31.0,39.5,167.0,3.25,9.0,390.0,210.0,14.0,19.0,443.0,2.0,64.0,9.0,14.0,4.0,5.0,86.29,321.0,31.0,1.0,20.0,15.0,2.0,1.0,,8.0,1.0,,,,0.0
20211110240,2021,2,Panthers,Bulldogs,False,26,0,60.0,2041.0,88.0,37.0,42.0,182.0,1700.0,645.0,5.0,39.0,40.48,362.0,3.63,4.0,470.0,272.0,14.0,26.0,668.0,5.0,67.0,2.0,3.0,4.0,10.0,90.18,303.0,21.0,,12.0,7.0,1.0,1.0,0.0,8.0,2.0,0.0,,,1.0
20211110240,2021,2,Bulldogs,Panthers,True,0,26,40.0,1434.0,82.0,24.0,29.0,133.0,1010.0,380.0,1.0,21.0,34.83,96.0,3.25,6.0,338.0,181.0,4.0,21.0,698.0,1.0,50.0,8.0,16.0,1.0,2.0,90.6,424.0,40.0,,4.0,9.0,5.0,4.0,1.0,6.0,0.0,1.0,,,0.0
20211110250,2021,2,Rabbitohs,Sea Eagles,False,26,12,50.0,1666.0,72.0,29.0,40.0,175.0,1534.0,481.0,5.0,35.0,38.36,160.0,3.69,6.0,410.0,217.0,13.0,26.0,691.0,2.0,73.0,8.0,11.0,2.0,7.0,89.88,364.0,17.0,,24.0,13.0,5.0,1.0,1.0,8.0,0.0,2.0,1.0,,2.0
20211110250,2021,2,Sea Eagles,Rabbitohs,True,12,26,50.0,1624.0,69.0,29.0,42.0,175.0,1456.0,474.0,3.0,17.0,34.68,176.0,3.22,12.0,421.0,224.0,8.0,21.0,560.0,0.0,38.0,5.0,13.0,3.0,6.0,88.34,341.0,35.0,,10.0,13.0,4.0,2.0,0.0,7.0,1.0,0.0,0.0,,0.0
20211110260,2021,2,Dragons,Cowboys,False,25,18,49.0,1558.0,70.0,29.0,41.0,183.0,1434.0,428.0,6.0,32.0,34.99,140.0,3.69,15.0,383.0,187.0,8.0,18.0,630.0,0.0,60.0,9.0,15.0,3.0,0.0,89.92,348.0,27.0,0.0,12.0,12.0,2.0,6.0,0.0,8.0,2.0,,,,0.0
20211110260,2021,2,Cowboys,Dragons,True,18,25,51.0,1620.0,76.0,32.0,42.0,196.0,1624.0,527.0,1.0,27.0,38.67,262.0,3.69,10.0,397.0,197.0,8.0,24.0,502.0,3.0,50.0,2.0,4.0,5.0,6.0,86.53,347.0,32.0,1.0,22.0,13.0,3.0,2.0,1.0,8.0,0.0,,,,1.0
20211110270,2021,2,Roosters,Wests Tigers,False,40,6,55.0,1847.0,84.0,38.0,45.0,211.0,1860.0,543.0,7.0,34.0,41.34,158.0,3.73,13.0,483.0,276.0,16.0,25.0,606.0,2.0,83.0,5.0,6.0,9.0,4.0,87.13,325.0,31.0,1.0,17.0,8.0,3.0,5.0,1.0,7.0,,,,,2.0
20211110270,2021,2,Wests Tigers,Roosters,True,6,40,45.0,1550.0,81.0,30.0,37.0,154.0,1311.0,424.0,2.0,31.0,35.44,118.0,3.6,8.0,352.0,179.0,3.0,17.0,443.0,0.0,57.0,8.0,14.0,2.0,2.0,88.34,379.0,34.0,0.0,16.0,11.0,3.0,1.0,0.0,7.0,,,,,2.0
20211110280,2021,2,Raiders,Sharks,False,12,10,49.0,1619.0,75.0,31.0,41.0,171.0,1569.0,649.0,6.0,49.0,38.29,150.0,3.34,5.0,401.0,206.0,5.0,20.0,607.0,3.0,78.0,7.0,9.0,5.0,3.0,90.93,331.0,20.0,1.0,13.0,13.0,5.0,2.0,,7.0,,,,,
20211110280,2021,2,Sharks,Raiders,True,10,12,51.0,1644.0,62.0,27.0,43.0,191.0,1750.0,684.0,1.0,20.0,40.71,256.0,3.51,7.0,441.0,248.0,9.0,21.0,485.0,3.0,64.0,7.0,11.0,4.0,7.0,84.83,330.0,49.0,0.0,10.0,18.0,2.0,3.0,,8.0,,,,,
20211110310,2021,3,Storm,Panthers,False,10,12,53.0,1979.0,75.0,31.0,41.0,204.0,1712.0,521.0,4.0,25.0,41.76,227.0,3.9,8.0,442.0,240.0,9.0,25.0,708.0,3.0,67.0,8.0,12.0,6.0,2.0,87.47,328.0,36.0,1.0,11.0,11.0,3.0,5.0,,8.0,0.0,,,,
20211110310,2021,3,Panthers,Storm,True,12,10,47.0,1709.0,77.0,35.0,45.0,200.0,1674.0,480.0,4.0,36.0,37.22,198.0,3.44,10.0,456.0,257.0,3.0,26.0,800.0,3.0,69.0,9.0,13.0,5.0,7.0,90.48,380.0,25.0,0.0,15.0,11.0,1.0,3.0,,7.0,1.0,,,,
20211110320,2021,3,Sea Eagles,Dragons,False,12,38,52.0,1772.0,65.0,25.0,38.0,198.0,1692.0,530.0,4.0,34.0,44.53,223.0,4.1,18.0,480.0,277.0,22.0,21.0,490.0,3.0,38.0,5.0,13.0,5.0,6.0,90.98,353.0,28.0,0.0,7.0,13.0,2.0,1.0,,7.0,,,,,1.0
20211110320,2021,3,Dragons,Sea Eagles,True,38,12,48.0,1662.0,87.0,34.0,39.0,172.0,1553.0,501.0,5.0,28.0,39.82,167.0,3.86,6.0,395.0,187.0,4.0,26.0,811.0,0.0,50.0,6.0,12.0,8.0,4.0,84.62,330.0,34.0,1.0,26.0,8.0,2.0,1.0,,8.0,,,,,0.0
20211110330,2021,3,Roosters,Rabbitohs,False,16,26,48.0,1512.0,75.0,25.0,33.0,150.0,1264.0,417.0,2.0,20.0,38.32,137.0,3.47,11.0,397.0,219.0,7.0,21.0,503.0,2.0,83.0,5.0,6.0,5.0,5.0,90.97,403.0,27.0,,13.0,12.0,6.0,6.0,2.0,8.0,,1.0,,,0.0
20211110330,2021,3,Rabbitohs,Roosters,True,26,16,52.0,1715.0,76.0,35.0,46.0,184.0,1597.0,523.0,4.0,27.0,34.72,226.0,3.31,7.0,418.0,224.0,12.0,18.0,475.0,3.0,62.0,8.0,13.0,4.0,4.0,89.5,324.0,20.0,,18.0,11.0,1.0,1.0,0.0,8.0,,0.0,,,1.0
20211110340,2021,3,Warriors,Raiders,False,34,31,51.0,1595.0,75.0,31.0,41.0,188.0,1903.0,801.0,8.0,32.0,46.43,231.0,3.26,20.0,413.0,217.0,25.0,16.0,381.0,1.0,57.0,4.0,7.0,7.0,3.0,91.76,334.0,24.0,,6.0,10.0,5.0,2.0,,8.0,,,,,
20211110340,2021,3,Raiders,Warriors,True,31,34,49.0,1545.0,84.0,33.0,39.0,179.0,1612.0,657.0,5.0,24.0,41.34,114.0,3.52,3.0,381.0,198.0,14.0,22.0,684.0,2.0,91.0,10.0,11.0,4.0,3.0,84.94,344.0,32.0,,29.0,8.0,1.0,5.0,,7.0,,,,,
20211110350,2021,3,Bulldogs,Broncos,False,0,24,46.0,1589.0,75.0,27.0,36.0,178.0,1647.0,572.0,1.0,14.0,45.76,205.0,3.14,8.0,427.0,242.0,12.0,21.0,560.0,0.0,62.0,8.0,13.0,3.0,3.0,86.08,365.0,39.0,,20.0,9.0,5.0,2.0,2.0,8.0,,,,,3.0
20211110350,2021,3,Broncos,Bulldogs,True,24,0,54.0,1896.0,82.0,37.0,45.0,196.0,2070.0,720.0,6.0,39.0,46.0,276.0,3.59,14.0,465.0,252.0,18.0,24.0,745.0,1.0,86.0,6.0,7.0,5.0,6.0,91.53,346.0,14.0,,18.0,10.0,2.0,3.0,0.0,8.0,,,,,0.0
20211110360,2021,3,Sharks,Eels,False,4,28,42.0,1381.0,81.0,27.0,33.0,155.0,1437.0,581.0,5.0,18.0,43.55,127.0,3.45,6.0,377.0,215.0,9.0,23.0,530.0,2.0,75.0,9.0,12.0,3.0,4.0,88.0,374.0,32.0,,19.0,10.0,6.0,0.0,,4.0,0.0,,,,1.0
20211110360,2021,3,Eels,Sharks,True,28,4,58.0,1906.0,76.0,36.0,47.0,237.0,2399.0,880.0,7.0,32.0,51.05,352.0,3.39,15.0,516.0,287.0,17.0,22.0,453.0,4.0,89.0,8.0,9.0,5.0,9.0,91.69,298.0,18.0,,9.0,14.0,2.0,1.0,,8.0,1.0,,,,0.0
20211110370,2021,3,Wests Tigers,Knights,False,24,20,51.0,1733.0,87.0,34.0,39.0,175.0,1564.0,495.0,4.0,30.0,40.12,145.0,3.82,5.0,421.0,229.0,17.0,25.0,656.0,1.0,82.0,9.0,11.0,9.0,5.0,86.99,361.0,27.0,,27.0,8.0,3.0,3.0,,8.0,,,,,2.0
20211110370,2021,3,Knights,Wests Tigers,True,20,24,49.0,1652.0,66.0,28.0,42.0,201.0,1738.0,545.0,4.0,27.0,41.4,156.0,3.65,14.0,437.0,242.0,1.0,18.0,422.0,1.0,43.0,6.0,14.0,8.0,5.0,90.46,351.0,30.0,,7.0,18.0,0.0,3.0,,6.0,,,,,0.0
20211110380,2021,3,Titans,Cowboys,False,44,8,55.0,1592.0,68.0,28.0,41.0,186.0,1820.0,583.0,11.0,42.0,44.41,133.0,3.64,13.0,393.0,214.0,18.0,17.0,472.0,1.0,57.0,4.0,7.0,5.0,4.0,88.44,283.0,23.0,,14.0,13.0,3.0,0.0,0.0,7.0,1.0,,,,1.0
20211110380,2021,3,Cowboys,Titans,True,8,44,45.0,1293.0,71.0,23.0,32.0,170.0,1438.0,448.0,3.0,23.0,44.94,132.0,3.48,9.0,342.0,183.0,4.0,16.0,364.0,0.0,62.0,5.0,8.0,2.0,4.0,82.67,310.0,42.0,,23.0,12.0,5.0,1.0,1.0,7.0,0.0,,,,1.0
20211110410,2021,4,Panthers,Sea Eagles,False,42,6,54.0,1771.0,86.0,33.0,38.0,168.0,1709.0,484.0,9.0,32.0,44.97,208.0,3.57,11.0,418.0,234.0,38.0,23.0,614.0,0.0,58.0,7.0,12.0,3.0,5.0,89.46,280.0,22.0,,11.0,8.0,3.0,3.0,1.0,8.0,1.0,,0.0,,1.0
20211110410,2021,4,Sea Eagles,Panthers,True,6,42,46.0,1443.0,77.0,28.0,36.0,148.0,1248.0,414.0,1.0,22.0,34.68,158.0,3.66,7.0,363.0,202.0,7.0,21.0,550.0,2.0,29.0,2.0,7.0,4.0,3.0,85.67,305.0,32.0,,19.0,10.0,2.0,3.0,0.0,8.0,0.0,,1.0,,1.0
20211110420,2021,4,Rabbitohs,Bulldogs,False,38,0,51.0,1742.0,76.0,39.0,51.0,200.0,1974.0,670.0,3.0,22.0,38.71,211.0,3.29,9.0,442.0,243.0,13.0,19.0,414.0,1.0,78.0,7.0,9.0,1.0,7.0,92.62,364.0,17.0,0.0,12.0,13.0,3.0,4.0,1.0,8.0,,,,,2.0
20211110420,2021,4,Bulldogs,Rabbitohs,True,0,38,49.0,1674.0,78.0,32.0,41.0,174.0,1449.0,539.0,1.0,17.0,35.36,109.0,3.27,6.0,419.0,231.0,22.0,22.0,581.0,4.0,85.0,11.0,13.0,3.0,4.0,90.63,358.0,22.0,2.0,15.0,11.0,6.0,7.0,1.0,8.0,,,,,1.0
20211110430,2021,4,Broncos,Storm,False,6,40,44.0,1578.0,77.0,27.0,35.0,165.0,1377.0,191.0,1.0,16.0,39.37,79.0,3.33,9.0,370.0,196.0,19.0,21.0,866.0,0.0,79.0,11.0,14.0,0.0,1.0,85.45,370.0,34.0,,29.0,8.0,2.0,0.0,,7.0,,,1.0,,2.0
20211110430,2021,4,Storm,Broncos,True,40,6,56.0,1970.0,79.0,35.0,44.0,212.0,2158.0,276.0,6.0,34.0,49.05,339.0,3.63,14.0,466.0,255.0,19.0,26.0,720.0,2.0,100.0,6.0,6.0,6.0,6.0,89.64,303.0,16.0,,19.0,9.0,1.0,1.0,,8.0,,,0.0,,1.0
20211110440,2021,4,Cowboys,Sharks,False,10,48,41.0,1351.0,69.0,25.0,36.0,163.0,1529.0,458.0,2.0,21.0,42.48,207.0,3.27,10.0,338.0,170.0,11.0,17.0,497.0,0.0,70.0,14.0,20.0,4.0,1.0,88.97,387.0,28.0,1.0,20.0,13.0,4.0,2.0,,8.0,1.0,,0.0,,2.0
20211110440,2021,4,Sharks,Cowboys,True,48,10,59.0,1894.0,84.0,42.0,50.0,201.0,1791.0,574.0,5.0,28.0,35.83,147.0,3.31,11.0,498.0,280.0,7.0,27.0,672.0,3.0,90.0,9.0,10.0,9.0,6.0,86.67,273.0,21.0,0.0,21.0,9.0,1.0,1.0,,6.0,0.0,,1.0,,3.0
20211110450,2021,4,Raiders,Titans,False,20,4,47.0,1712.0,76.0,33.0,43.0,188.0,1619.0,535.0,3.0,26.0,37.66,154.0,3.47,6.0,411.0,219.0,2.0,22.0,552.0,0.0,62.0,5.0,8.0,8.0,1.0,86.38,387.0,39.0,,22.0,12.0,3.0,3.0,,7.0,,,,,2.0
20211110450,2021,4,Titans,Raiders,True,4,20,53.0,1850.0,68.0,30.0,44.0,210.0,1785.0,573.0,3.0,39.0,40.58,154.0,3.42,14.0,463.0,250.0,32.0,23.0,517.0,2.0,83.0,10.0,12.0,4.0,7.0,90.44,350.0,26.0,,11.0,14.0,6.0,4.0,,8.0,,,,,1.0
20211110460,2021,4,Dragons,Knights,False,22,13,48.0,1679.0,78.0,32.0,41.0,181.0,1610.0,500.0,2.0,14.0,39.29,210.0,3.57,11.0,410.0,209.0,12.0,21.0,657.0,0.0,77.0,10.0,13.0,5.0,3.0,90.67,408.0,28.0,,14.0,16.0,1.0,4.0,0.0,7.0,,,,,4.0
20211110460,2021,4,Knights,Dragons,True,13,22,52.0,1754.0,82.0,39.0,47.0,188.0,1622.0,496.0,3.0,28.0,34.52,153.0,3.45,10.0,427.0,220.0,15.0,25.0,773.0,2.0,60.0,6.0,10.0,5.0,3.0,91.29,346.0,14.0,,19.0,7.0,5.0,0.0,3.0,7.0,,,,,0.0
20211110470,2021,4,Warriors,Roosters,False,12,32,47.0,1505.0,72.0,27.0,37.0,159.0,1386.0,625.0,2.0,29.0,37.46,130.0,3.6,3.0,397.0,224.0,21.0,18.0,560.0,2.0,64.0,9.0,14.0,5.0,3.0,88.22,352.0,33.0,1.0,14.0,13.0,5.0,5.0,,8.0,,,,,1.0
20211110470,2021,4,Roosters,Warriors,True,32,12,53.0,1693.0,74.0,32.0,43.0,197.0,1979.0,833.0,6.0,33.0,46.03,217.0,3.27,10.0,458.0,262.0,23.0,15.0,351.0,1.0,25.0,3.0,12.0,6.0,1.0,90.37,338.0,29.0,0.0,7.0,12.0,4.0,3.0,,7.0,,,,,0.0
20211110480,2021,4,Eels,Wests Tigers,False,36,22,48.0,1566.0,75.0,31.0,41.0,167.0,1618.0,510.0,5.0,31.0,39.47,203.0,3.59,9.0,395.0,203.0,13.0,24.0,610.0,0.0,73.0,8.0,11.0,6.0,7.0,87.28,350.0,25.0,,26.0,11.0,2.0,5.0,,8.0,,,1.0,,
20211110480,2021,4,Wests Tigers,Eels,True,22,36,52.0,1685.0,82.0,33.0,40.0,202.0,1623.0,524.0,3.0,25.0,40.58,174.0,3.46,23.0,438.0,231.0,30.0,24.0,620.0,1.0,65.0,11.0,17.0,5.0,2.0,88.3,332.0,31.0,,13.0,8.0,3.0,2.0,,7.0,,,0.0,,
20211110510,2021,5,Broncos,Rabbitohs,False,6,35,45.0,1485.0,71.0,25.0,35.0,166.0,1390.0,451.0,2.0,23.0,39.74,119.0,3.57,13.0,357.0,181.0,4.0,20.0,696.0,1.0,62.0,10.0,16.0,3.0,2.0,88.33,371.0,37.0,,12.0,11.0,6.0,2.0,,8.0,,,,,2.0
20211110510,2021,5,Rabbitohs,Broncos,True,35,6,55.0,1868.0,86.0,37.0,43.0,195.0,2050.0,612.0,8.0,37.0,47.68,278.0,3.82,7.0,437.0,238.0,14.0,22.0,528.0,0.0,50.0,2.0,4.0,6.0,5.0,87.77,323.0,23.0,,22.0,8.0,3.0,2.0,,8.0,,,,,0.0
20211110520,2021,5,Sea Eagles,Warriors,False,13,12,47.0,1730.0,72.0,32.0,44.0,188.0,1597.0,535.0,3.0,27.0,36.3,193.0,3.62,9.0,441.0,225.0,10.0,28.0,872.0,2.0,85.0,11.0,13.0,6.0,5.0,89.04,382.0,24.0,1.0,23.0,16.0,2.0,2.0,,8.0,,,,,2.0
20211110520,2021,5,Warriors,Sea Eagles,True,12,13,53.0,1931.0,75.0,33.0,44.0,212.0,1868.0,602.0,2.0,24.0,42.46,249.0,3.8,14.0,489.0,264.0,34.0,21.0,611.0,3.0,38.0,5.0,13.0,4.0,5.0,90.1,373.0,27.0,0.0,14.0,12.0,1.0,3.0,,8.0,,,,,0.0
20211110530,2021,5,Raiders,Panthers,False,10,30,47.0,1554.0,68.0,28.0,41.0,170.0,1394.0,353.0,3.0,28.0,34.02,140.0,3.55,14.0,402.0,213.0,6.0,21.0,568.0,1.0,75.0,6.0,8.0,2.0,5.0,86.55,354.0,37.0,0.0,18.0,13.0,6.0,5.0,,8.0,2.0,,,,1.0
20211110530,2021,5,Panthers,Raiders,True,30,10,53.0,1761.0,69.0,36.0,52.0,185.0,1874.0,491.0,6.0,37.0,36.04,235.0,3.7,9.0,445.0,250.0,17.0,22.0,704.0,3.0,73.0,8.0,11.0,3.0,4.0,86.13,329.0,28.0,1.0,25.0,17.0,2.0,2.0,,8.0,0.0,,,,1.0
20211110540,2021,5,Knights,Titans,False,16,42,43.0,1312.0,71.0,25.0,35.0,143.0,1391.0,421.0,6.0,24.0,39.77,211.0,3.61,10.0,329.0,179.0,12.0,14.0,402.0,1.0,47.0,7.0,15.0,3.0,4.0,87.63,333.0,30.0,0.0,17.0,10.0,4.0,1.0,1.0,8.0,1.0,0.0,,,
20211110540,2021,5,Titans,Knights,True,42,16,57.0,1670.0,82.0,33.0,40.0,196.0,1907.0,506.0,8.0,30.0,47.68,229.0,3.69,10.0,403.0,221.0,21.0,22.0,551.0,2.0,100.0,5.0,5.0,6.0,7.0,89.2,289.0,24.0,1.0,11.0,9.0,4.0,3.0,0.0,7.0,0.0,1.0,,,
20211110550,2021,5,Storm,Bulldogs,False,52,18,52.0,1698.0,80.0,32.0,40.0,189.0,1881.0,705.0,9.0,27.0,47.03,264.0,3.67,13.0,417.0,225.0,37.0,18.0,458.0,0.0,80.0,4.0,5.0,6.0,2.0,87.43,334.0,28.0,,20.0,9.0,5.0,3.0,,8.0,,1.0,0.0,,3.0
20211110550,2021,5,Bulldogs,Storm,True,18,52,48.0,1614.0,88.0,31.0,35.0,170.0,1378.0,540.0,4.0,28.0,39.39,87.0,3.56,14.0,424.0,244.0,9.0,19.0,665.0,1.0,60.0,6.0,10.0,2.0,1.0,87.39,312.0,27.0,,18.0,6.0,2.0,3.0,,8.0,,1.0,1.0,,3.0
20211110560,2021,5,Sharks,Roosters,False,18,26,50.0,1695.0,79.0,27.0,34.0,173.0,1515.0,517.0,3.0,26.0,44.59,147.0,3.34,11.0,426.0,241.0,20.0,21.0,685.0,1.0,89.0,8.0,9.0,2.0,2.0,89.01,332.0,32.0,1.0,9.0,8.0,2.0,2.0,0.0,8.0,,,,,1.0
20211110560,2021,5,Roosters,Sharks,True,26,18,50.0,1647.0,84.0,32.0,38.0,194.0,1831.0,558.0,7.0,32.0,48.2,265.0,3.06,5.0,450.0,259.0,22.0,21.0,587.0,1.0,60.0,6.0,10.0,5.0,0.0,88.54,363.0,26.0,0.0,21.0,7.0,5.0,0.0,1.0,6.0,,,,,0.0
20211110570,2021,5,Cowboys,Wests Tigers,False,34,30,44.0,1391.0,73.0,28.0,38.0,151.0,1414.0,461.0,5.0,14.0,37.23,125.0,3.52,6.0,340.0,160.0,12.0,26.0,690.0,1.0,42.0,8.0,19.0,5.0,8.0,86.91,385.0,31.0,1.0,27.0,14.0,5.0,3.0,1.0,8.0,1.0,,,,1.0
20211110570,2021,5,Wests Tigers,Cowboys,True,30,34,56.0,1784.0,73.0,34.0,46.0,195.0,1632.0,555.0,6.0,31.0,35.48,134.0,3.49,16.0,437.0,235.0,17.0,21.0,400.0,1.0,32.0,6.0,19.0,7.0,7.0,93.16,327.0,14.0,0.0,10.0,11.0,3.0,0.0,0.0,6.0,0.0,,,,1.0
20211110580,2021,5,Dragons,Eels,False,26,12,51.0,1780.0,83.0,35.0,42.0,198.0,1651.0,690.0,4.0,21.0,39.32,180.0,3.7,8.0,423.0,221.0,20.0,23.0,777.0,1.0,90.0,9.0,10.0,1.0,3.0,87.56,359.0,35.0,1.0,16.0,8.0,4.0,9.0,0.0,8.0,2.0,1.0,,,1.0
20211110580,2021,5,Eels,Dragons,True,12,26,49.0,1676.0,72.0,31.0,43.0,180.0,1727.0,740.0,5.0,35.0,40.17,205.0,3.82,12.0,431.0,247.0,24.0,16.0,389.0,0.0,50.0,2.0,4.0,6.0,3.0,91.23,385.0,21.0,1.0,16.0,14.0,3.0,5.0,1.0,8.0,0.0,0.0,,,0.0
20211110610,2021,6,Panthers,Broncos,False,20,12,51.0,1851.0,80.0,34.0,42.0,195.0,1831.0,592.0,6.0,41.0,43.6,252.0,3.4,12.0,471.0,259.0,25.0,25.0,871.0,1.0,56.0,10.0,18.0,8.0,2.0,89.17,387.0,35.0,0.0,12.0,9.0,1.0,4.0,0.0,7.0,,,,,0.0
20211110610,2021,6,Broncos,Panthers,True,12,20,49.0,1816.0,80.0,32.0,40.0,192.0,1788.0,634.0,2.0,35.0,44.7,272.0,3.52,9.0,420.0,217.0,7.0,24.0,720.0,1.0,73.0,8.0,11.0,6.0,3.0,86.89,371.0,41.0,1.0,15.0,10.0,2.0,2.0,1.0,8.0,,,,,1.0
20211110620,2021,6,Sharks,Knights,False,22,26,53.0,1835.0,89.0,34.0,38.0,200.0,1837.0,528.0,5.0,31.0,48.34,217.0,3.35,10.0,491.0,282.0,23.0,25.0,638.0,2.0,50.0,3.0,6.0,5.0,6.0,87.69,349.0,36.0,,13.0,6.0,4.0,1.0,2.0,7.0,1.0,,0.0,,1.0
20211110620,2021,6,Knights,Sharks,True,26,22,47.0,1667.0,82.0,33.0,40.0,186.0,1682.0,530.0,6.0,36.0,42.06,132.0,3.25,9.0,424.0,219.0,13.0,24.0,700.0,1.0,61.0,11.0,18.0,2.0,2.0,89.13,418.0,31.0,,20.0,10.0,0.0,3.0,0.0,8.0,0.0,,1.0,,1.0
20211110630,2021,6,Roosters,Storm,False,4,20,45.0,1515.0,70.0,28.0,40.0,161.0,1282.0,427.0,3.0,28.0,32.07,58.0,3.38,10.0,387.0,207.0,16.0,20.0,537.0,0.0,81.0,13.0,16.0,4.0,1.0,82.46,362.0,51.0,1.0,26.0,15.0,7.0,1.0,1.0,6.0,1.0,1.0,,,1.0
20211110630,2021,6,Storm,Roosters,True,20,4,55.0,1846.0,81.0,36.0,44.0,207.0,1759.0,559.0,7.0,51.0,39.99,191.0,3.54,17.0,443.0,232.0,28.0,23.0,474.0,2.0,57.0,4.0,7.0,10.0,6.0,89.47,340.0,28.0,0.0,12.0,12.0,6.0,2.0,0.0,8.0,3.0,0.0,,,2.0
20211110640,2021,6,Titans,Sea Eagles,False,0,36,49.0,1522.0,67.0,25.0,37.0,164.0,1427.0,415.0,2.0,30.0,38.59,109.0,3.5,8.0,355.0,200.0,24.0,14.0,201.0,2.0,40.0,4.0,10.0,5.0,6.0,89.73,297.0,23.0,,11.0,14.0,8.0,2.0,0.0,8.0,,,,,1.0
20211110640,2021,6,Sea Eagles,Titans,True,36,0,51.0,1489.0,85.0,36.0,42.0,158.0,1582.0,478.0,7.0,23.0,37.67,95.0,3.55,6.0,376.0,206.0,4.0,19.0,510.0,0.0,89.0,8.0,9.0,6.0,4.0,86.77,269.0,30.0,,11.0,8.0,5.0,5.0,1.0,7.0,,,,,1.0
20211110650,2021,6,Wests Tigers,Rabbitohs,False,14,18,49.0,1814.0,82.0,32.0,39.0,171.0,1459.0,590.0,3.0,26.0,37.42,153.0,3.08,8.0,413.0,223.0,10.0,26.0,704.0,3.0,60.0,3.0,5.0,5.0,8.0,88.48,361.0,40.0,1.0,7.0,8.0,9.0,4.0,2.0,7.0,,1.0,,,3.0
20211110650,2021,6,Rabbitohs,Wests Tigers,True,18,14,51.0,1845.0,83.0,40.0,48.0,185.0,1774.0,547.0,5.0,40.0,36.97,240.0,3.77,6.0,411.0,222.0,3.0,16.0,502.0,0.0,75.0,12.0,16.0,4.0,1.0,90.2,368.0,26.0,0.0,14.0,10.0,5.0,1.0,1.0,9.0,,0.0,,,1.0
20211110660,2021,6,Eels,Raiders,False,35,10,53.0,1787.0,80.0,38.0,47.0,186.0,1761.0,573.0,7.0,30.0,37.49,192.0,3.46,4.0,446.0,238.0,12.0,25.0,691.0,1.0,57.0,8.0,14.0,7.0,6.0,91.23,333.0,20.0,,12.0,10.0,3.0,1.0,,8.0,,,,,4.0
20211110660,2021,6,Raiders,Eels,True,10,35,47.0,1547.0,75.0,30.0,40.0,165.0,1417.0,500.0,4.0,20.0,35.43,168.0,3.47,8.0,376.0,192.0,1.0,25.0,652.0,0.0,55.0,6.0,11.0,5.0,3.0,90.93,381.0,30.0,,8.0,14.0,1.0,2.0,,7.0,,,,,2.0
20211110670,2021,6,Warriors,Dragons,False,20,14,52.0,1904.0,97.0,39.0,40.0,192.0,1625.0,592.0,4.0,41.0,40.65,134.0,3.8,8.0,458.0,256.0,9.0,28.0,662.0,2.0,60.0,6.0,10.0,10.0,6.0,90.98,363.0,26.0,,10.0,4.0,3.0,2.0,,7.0,1.0,,,,4.0
20211110670,2021,6,Dragons,Warriors,True,14,20,48.0,1665.0,83.0,35.0,42.0,186.0,1511.0,563.0,3.0,26.0,35.99,194.0,3.49,8.0,417.0,220.0,19.0,22.0,687.0,1.0,83.0,15.0,18.0,3.0,4.0,87.7,378.0,41.0,,12.0,10.0,5.0,1.0,,8.0,0.0,,,,3.0
20211110680,2021,6,Bulldogs,Cowboys,False,18,30,51.0,1681.0,81.0,35.0,43.0,184.0,1667.0,586.0,2.0,24.0,38.77,111.0,3.16,16.0,440.0,228.0,13.0,24.0,685.0,0.0,100.0,10.0,10.0,4.0,3.0,91.53,346.0,26.0,1.0,6.0,8.0,8.0,3.0,,7.0,1.0,,,1.0,3.0
20211110680,2021,6,Cowboys,Bulldogs,True,30,18,49.0,1657.0,72.0,35.0,48.0,179.0,1997.0,682.0,4.0,26.0,41.62,252.0,3.44,3.0,394.0,206.0,9.0,20.0,435.0,2.0,50.0,4.0,8.0,4.0,3.0,88.19,366.0,24.0,1.0,25.0,15.0,1.0,7.0,,7.0,0.0,,,0.0,1.0
20211110710,2021,7,Knights,Panthers,False,6,24,46.0,1819.0,80.0,34.0,42.0,199.0,1662.0,494.0,2.0,20.0,39.57,154.0,3.54,7.0,436.0,226.0,17.0,27.0,896.0,1.0,57.0,12.0,21.0,4.0,3.0,91.33,432.0,27.0,2.0,14.0,9.0,4.0,3.0,1.0,7.0,,,,,4.0
20211110710,2021,7,Panthers,Knights,True,24,6,54.0,2054.0,81.0,40.0,49.0,214.0,2290.0,763.0,4.0,27.0,46.73,312.0,3.54,9.0,515.0,294.0,7.0,28.0,647.0,0.0,86.0,6.0,7.0,13.0,5.0,93.18,396.0,20.0,0.0,9.0,11.0,2.0,3.0,0.0,8.0,,,,,1.0
20211110720,2021,7,Rabbitohs,Titans,False,40,30,52.0,1650.0,89.0,34.0,38.0,193.0,1782.0,507.0,7.0,30.0,46.9,187.0,3.87,7.0,413.0,228.0,16.0,22.0,641.0,0.0,62.0,5.0,8.0,6.0,4.0,82.83,299.0,47.0,,15.0,5.0,5.0,1.0,0.0,8.0,,,1.0,,2.0
20211110720,2021,7,Titans,Rabbitohs,True,30,40,48.0,1478.0,85.0,29.0,34.0,170.0,1586.0,399.0,9.0,47.0,46.65,161.0,3.6,11.0,340.0,183.0,20.0,18.0,631.0,1.0,58.0,7.0,12.0,4.0,1.0,89.62,354.0,30.0,,11.0,5.0,4.0,4.0,1.0,8.0,,,0.0,,1.0
20211110730,2021,7,Broncos,Eels,False,6,46,41.0,1274.0,65.0,25.0,38.0,149.0,1307.0,472.0,3.0,24.0,34.4,113.0,3.4,12.0,327.0,167.0,19.0,14.0,384.0,0.0,54.0,7.0,13.0,3.0,2.0,82.1,344.0,49.0,0.0,26.0,15.0,4.0,5.0,,7.0,,,,,0.0
20211110730,2021,7,Eels,Broncos,True,46,6,59.0,1869.0,77.0,34.0,44.0,196.0,2036.0,596.0,11.0,49.0,46.29,187.0,3.66,16.0,466.0,267.0,11.0,19.0,532.0,4.0,71.0,5.0,7.0,7.0,5.0,86.14,286.0,24.0,1.0,22.0,11.0,4.0,4.0,,8.0,,,,,1.0
20211110740,2021,7,Bulldogs,Sharks,False,18,12,43.0,1426.0,82.0,33.0,40.0,159.0,1539.0,680.0,2.0,16.0,38.49,165.0,3.18,3.0,371.0,198.0,8.0,21.0,521.0,,50.0,5.0,10.0,3.0,4.0,85.12,349.0,40.0,,21.0,8.0,8.0,4.0,0.0,8.0,0.0,0.0,,,4.0
20211110740,2021,7,Sharks,Bulldogs,True,12,18,57.0,1901.0,65.0,29.0,44.0,198.0,1988.0,871.0,3.0,40.0,45.2,200.0,3.54,12.0,507.0,311.0,5.0,15.0,374.0,,67.0,4.0,6.0,4.0,4.0,92.92,328.0,16.0,,9.0,16.0,6.0,2.0,1.0,8.0,2.0,1.0,,,2.0
20211110750,2021,7,Raiders,Cowboys,False,24,26,51.0,1642.0,69.0,29.0,42.0,185.0,1655.0,676.0,4.0,34.0,39.42,206.0,3.27,9.0,407.0,223.0,21.0,17.0,428.0,1.0,38.0,5.0,13.0,2.0,2.0,92.7,368.0,28.0,,1.0,13.0,2.0,0.0,0.0,7.0,0.0,,,,2.0
20211110750,2021,7,Cowboys,Raiders,True,26,24,49.0,1605.0,88.0,32.0,36.0,167.0,1535.0,685.0,3.0,28.0,42.66,180.0,3.5,1.0,373.0,178.0,1.0,27.0,797.0,2.0,100.0,6.0,6.0,4.0,8.0,88.42,359.0,34.0,,13.0,8.0,5.0,2.0,2.0,8.0,1.0,,,,2.0
20211110760,2021,7,Sea Eagles,Wests Tigers,False,40,6,51.0,1615.0,73.0,33.0,45.0,173.0,1760.0,485.0,8.0,36.0,39.12,186.0,4.01,8.0,404.0,219.0,22.0,16.0,475.0,0.0,67.0,6.0,9.0,3.0,2.0,91.12,318.0,16.0,,15.0,14.0,4.0,5.0,0.0,8.0,,,1.0,,2.0
20211110760,2021,7,Wests Tigers,Sea Eagles,True,6,40,49.0,1578.0,79.0,31.0,39.0,177.0,1330.0,466.0,1.0,16.0,34.13,79.0,3.45,11.0,416.0,241.0,20.0,18.0,492.0,1.0,75.0,6.0,8.0,4.0,4.0,88.1,348.0,36.0,,11.0,9.0,5.0,4.0,1.0,7.0,,,0.0,,2.0
20211110770,2021,7,Dragons,Roosters,False,10,34,48.0,1545.0,84.0,32.0,38.0,170.0,1467.0,458.0,3.0,19.0,38.62,182.0,3.51,11.0,401.0,219.0,26.0,23.0,568.0,5.0,64.0,7.0,11.0,3.0,8.0,85.71,342.0,33.0,,24.0,7.0,4.0,2.0,3.0,8.0,,1.0,,,1.0
20211110770,2021,7,Roosters,Dragons,True,34,10,52.0,1716.0,78.0,32.0,41.0,194.0,1840.0,559.0,9.0,33.0,44.9,234.0,3.26,16.0,450.0,242.0,29.0,21.0,542.0,4.0,64.0,7.0,11.0,7.0,3.0,90.3,326.0,19.0,,16.0,12.0,3.0,3.0,0.0,8.0,,1.0,,,1.0
20211110780,2021,7,Warriors,Storm,False,0,0,,,,,,,,,,,,,,,,,,,,,,,,,,,,,,,,,,,,,,,,
20211110780,2021,7,Storm,Warriors,True,0,0,,,,,,,,,,,,,,,,,,,,,,,,,,,,,,,,,,,,,,,,
20211110810,2021,8,Rabbitohs,Raiders,False,34,20,54.0,1721.0,78.0,30.0,38.0,198.0,1725.0,593.0,5.0,20.0,45.41,182.0,3.72,8.0,438.0,246.0,9.0,21.0,577.0,,67.0,4.0,6.0,4.0,2.0,90.5,343.0,12.0,2.0,24.0,9.0,1.0,3.0,0.0,8.0,2.0,1.0,,,4.0
20211110810,2021,8,Raiders,Rabbitohs,True,20,34,46.0,1471.0,79.0,31.0,39.0,164.0,1583.0,569.0,5.0,12.0,40.59,209.0,3.28,10.0,349.0,171.0,14.0,18.0,586.0,,71.0,5.0,7.0,3.0,3.0,92.36,387.0,20.0,0.0,12.0,7.0,8.0,0.0,1.0,8.0,0.0,0.0,,,0.0
20211110820,2021,8,Sharks,Storm,False,14,40,48.0,1424.0,65.0,25.0,38.0,172.0,1482.0,406.0,5.0,34.0,39.0,155.0,3.58,10.0,404.0,246.0,13.0,14.0,369.0,3.0,57.0,4.0,7.0,2.0,5.0,84.46,299.0,38.0,1.0,17.0,12.0,4.0,2.0,,8.0,1.0,,,,2.0
20211110820,2021,8,Storm,Sharks,True,40,14,52.0,1541.0,84.0,33.0,39.0,179.0,1859.0,573.0,10.0,38.0,47.69,177.0,3.42,9.0,407.0,227.0,33.0,19.0,512.0,2.0,100.0,6.0,6.0,4.0,2.0,84.86,269.0,34.0,1.0,14.0,9.0,3.0,4.0,,8.0,0.0,,,,2.0
20211110830,2021,8,Titans,Broncos,False,28,36,52.0,1655.0,93.0,30.0,32.0,186.0,1656.0,402.0,4.0,29.0,51.76,230.0,3.57,13.0,402.0,227.0,23.0,25.0,516.0,2.0,73.0,8.0,11.0,7.0,11.0,88.37,319.0,24.0,0.0,18.0,5.0,5.0,5.0,1.0,8.0,,1.0,,,1.0
20211110830,2021,8,Broncos,Titans,True,36,28,48.0,1506.0,84.0,32.0,38.0,162.0,1709.0,486.0,6.0,24.0,44.98,198.0,3.52,12.0,370.0,196.0,3.0,15.0,484.0,2.0,71.0,10.0,14.0,3.0,3.0,87.07,303.0,29.0,1.0,16.0,8.0,3.0,2.0,1.0,8.0,,0.0,,,1.0
20211110840,2021,8,Sea Eagles,Panthers,False,16,28,50.0,1586.0,76.0,33.0,43.0,194.0,1729.0,663.0,2.0,28.0,40.23,219.0,3.33,12.0,461.0,264.0,27.0,23.0,670.0,3.0,35.0,6.0,17.0,4.0,4.0,83.63,286.0,35.0,1.0,21.0,12.0,3.0,3.0,0.0,7.0,,,,,1.0
20211110840,2021,8,Panthers,Sea Eagles,True,28,16,50.0,1623.0,71.0,30.0,42.0,180.0,1758.0,716.0,4.0,35.0,41.87,205.0,3.36,14.0,439.0,243.0,34.0,20.0,576.0,1.0,55.0,6.0,11.0,5.0,6.0,86.99,321.0,28.0,0.0,20.0,11.0,6.0,2.0,1.0,8.0,,,,,1.0
20211110850,2021,8,Eels,Bulldogs,False,32,10,53.0,1750.0,71.0,30.0,42.0,199.0,1980.0,694.0,7.0,38.0,47.15,263.0,3.58,9.0,439.0,240.0,11.0,20.0,604.0,1.0,67.0,4.0,6.0,2.0,4.0,90.55,345.0,20.0,2.0,16.0,14.0,5.0,3.0,1.0,8.0,,,,,2.0
20211110850,2021,8,Bulldogs,Eels,True,10,32,47.0,1502.0,78.0,33.0,42.0,164.0,1404.0,515.0,2.0,20.0,33.44,122.0,3.15,8.0,404.0,222.0,2.0,19.0,584.0,0.0,62.0,5.0,8.0,3.0,3.0,88.22,382.0,38.0,1.0,13.0,10.0,3.0,2.0,0.0,8.0,,,,,2.0
20211110860,2021,8,Roosters,Knights,False,38,4,51.0,1793.0,83.0,35.0,42.0,204.0,1907.0,609.0,6.0,30.0,45.41,194.0,3.58,15.0,446.0,241.0,24.0,24.0,594.0,0.0,64.0,9.0,14.0,5.0,2.0,89.95,340.0,21.0,,17.0,9.0,5.0,1.0,1.0,8.0,,,,,3.0
20211110860,2021,8,Knights,Roosters,True,4,38,49.0,1686.0,83.0,35.0,42.0,189.0,1570.0,549.0,3.0,21.0,37.39,143.0,3.38,11.0,446.0,252.0,3.0,24.0,566.0,2.0,85.0,11.0,13.0,6.0,4.0,88.84,374.0,30.0,,17.0,8.0,2.0,3.0,0.0,8.0,,,,,0.0
20211110870,2021,8,Cowboys,Warriors,False,20,24,51.0,1644.0,83.0,30.0,36.0,183.0,1749.0,568.0,3.0,13.0,48.6,150.0,3.85,7.0,395.0,208.0,1.0,23.0,560.0,1.0,67.0,2.0,3.0,5.0,7.0,86.49,352.0,30.0,,25.0,6.0,6.0,1.0,1.0,8.0,1.0,,,,1.0
20211110870,2021,8,Warriors,Cowboys,True,24,20,49.0,1607.0,76.0,29.0,38.0,181.0,1623.0,582.0,7.0,30.0,42.71,153.0,3.62,17.0,407.0,220.0,20.0,15.0,495.0,0.0,58.0,11.0,19.0,2.0,2.0,93.37,380.0,13.0,,14.0,12.0,1.0,2.0,0.0,8.0,0.0,,,,0.0
20211110880,2021,8,Wests Tigers,Dragons,False,16,8,56.0,1816.0,83.0,36.0,43.0,204.0,1691.0,592.0,7.0,45.0,39.33,152.0,3.8,19.0,453.0,242.0,18.0,22.0,501.0,3.0,86.0,6.0,7.0,3.0,5.0,93.71,328.0,16.0,,6.0,11.0,4.0,2.0,1.0,7.0,0.0,,,,
20211110880,2021,8,Dragons,Wests Tigers,True,8,16,44.0,1391.0,66.0,24.0,36.0,156.0,1298.0,442.0,1.0,16.0,36.06,134.0,3.67,5.0,358.0,199.0,4.0,16.0,539.0,1.0,56.0,5.0,9.0,5.0,2.0,84.48,392.0,45.0,,27.0,12.0,8.0,1.0,1.0,8.0,1.0,,,,
20211110910,2021,9,Storm,Rabbitohs,False,50,0,59.0,1824.0,92.0,37.0,40.0,189.0,1848.0,658.0,9.0,29.0,46.22,136.0,3.57,14.0,472.0,264.0,11.0,25.0,691.0,1.0,100.0,6.0,6.0,2.0,10.0,94.04,268.0,12.0,0.0,5.0,5.0,5.0,3.0,1.0,7.0,,,,,1.0
20211110910,2021,9,Rabbitohs,Storm,True,0,50,41.0,1285.0,67.0,25.0,37.0,150.0,1083.0,328.0,0.0,12.0,29.28,101.0,3.74,4.0,308.0,170.0,11.0,14.0,370.0,2.0,64.0,7.0,11.0,1.0,4.0,87.07,357.0,29.0,1.0,24.0,11.0,3.0,2.0,0.0,8.0,,,,,0.0
20211110920,2021,9,Sharks,Panthers,False,0,48,39.0,1322.0,69.0,23.0,33.0,141.0,1138.0,342.0,0.0,16.0,34.49,148.0,3.65,6.0,328.0,174.0,9.0,17.0,551.0,2.0,68.0,13.0,19.0,4.0,3.0,85.49,389.0,45.0,0.0,21.0,11.0,2.0,1.0,0.0,7.0,0.0,,,,1.0
20211110920,2021,9,Panthers,Sharks,True,48,0,61.0,2072.0,81.0,35.0,43.0,222.0,2325.0,765.0,8.0,45.0,54.09,354.0,3.54,15.0,521.0,292.0,5.0,27.0,704.0,7.0,80.0,4.0,5.0,7.0,11.0,90.45,284.0,16.0,1.0,14.0,7.0,4.0,2.0,1.0,8.0,1.0,,,,2.0
20211110930,2021,9,Roosters,Eels,False,18,31,37.0,1148.0,69.0,23.0,33.0,139.0,1169.0,399.0,3.0,28.0,35.45,165.0,3.27,4.0,307.0,163.0,3.0,14.0,407.0,0.0,57.0,8.0,14.0,4.0,2.0,87.27,425.0,35.0,,27.0,16.0,5.0,5.0,1.0,6.0,1.0,,,,1.0
20211110930,2021,9,Eels,Roosters,True,31,18,63.0,2049.0,87.0,42.0,48.0,215.0,1711.0,628.0,3.0,35.0,35.65,140.0,3.71,15.0,513.0,290.0,15.0,22.0,647.0,4.0,57.0,4.0,7.0,7.0,6.0,89.14,271.0,28.0,,5.0,8.0,4.0,1.0,2.0,8.0,0.0,,,,0.0
20211110940,2021,9,Knights,Raiders,False,24,16,47.0,1507.0,70.0,29.0,41.0,167.0,1571.0,522.0,5.0,24.0,38.34,118.0,3.14,13.0,404.0,217.0,17.0,17.0,499.0,2.0,70.0,7.0,10.0,4.0,2.0,85.2,357.0,36.0,,26.0,13.0,3.0,5.0,,8.0,1.0,,,,1.0
20211110940,2021,9,Raiders,Knights,True,16,24,53.0,1703.0,78.0,33.0,42.0,188.0,1697.0,547.0,5.0,36.0,40.41,170.0,3.28,17.0,408.0,211.0,4.0,22.0,489.0,4.0,100.0,10.0,10.0,1.0,9.0,87.63,326.0,24.0,,22.0,11.0,1.0,2.0,,8.0,0.0,,,,2.0
20211110950,2021,9,Titans,Wests Tigers,False,36,28,49.0,1610.0,70.0,26.0,37.0,163.0,1681.0,486.0,4.0,26.0,45.44,178.0,3.7,17.0,389.0,206.0,15.0,20.0,516.0,0.0,57.0,4.0,7.0,8.0,4.0,85.05,313.0,32.0,,23.0,12.0,7.0,6.0,2.0,7.0,,1.0,,,3.0
20211110950,2021,9,Wests Tigers,Titans,True,28,36,51.0,1682.0,77.0,41.0,53.0,184.0,1674.0,551.0,7.0,32.0,31.59,142.0,3.52,16.0,408.0,216.0,30.0,18.0,474.0,1.0,36.0,5.0,14.0,3.0,4.0,85.67,311.0,26.0,,26.0,13.0,1.0,1.0,0.0,8.0,,0.0,,,2.0
20211110960,2021,9,Broncos,Cowboys,False,18,19,49.0,1626.0,69.0,27.0,39.0,173.0,1660.0,597.0,6.0,43.0,42.57,122.0,3.25,13.0,414.0,224.0,12.0,15.0,423.0,0.0,25.0,2.0,8.0,5.0,4.0,91.62,350.0,24.0,,8.0,14.0,5.0,1.0,1.0,8.0,,,,,1.0
20211110960,2021,9,Cowboys,Broncos,True,19,18,51.0,1683.0,80.0,32.0,40.0,175.0,1697.0,525.0,3.0,24.0,42.45,98.0,3.56,5.0,398.0,213.0,16.0,20.0,603.0,1.0,40.0,4.0,10.0,2.0,4.0,84.78,351.0,43.0,,20.0,11.0,2.0,4.0,4.0,6.0,,,,,1.0
20211110970,2021,9,Warriors,Sea Eagles,False,32,38,49.0,1381.0,82.0,29.0,35.0,175.0,1395.0,380.0,4.0,19.0,39.87,122.0,3.62,5.0,363.0,209.0,24.0,19.0,418.0,1.0,71.0,5.0,7.0,7.0,0.0,90.31,317.0,24.0,,10.0,9.0,5.0,0.0,2.0,7.0,0.0,,0.0,,1.0
20211110970,2021,9,Sea Eagles,Warriors,True,38,32,51.0,1407.0,68.0,26.0,38.0,165.0,1621.0,387.0,10.0,24.0,42.67,202.0,3.89,5.0,373.0,215.0,3.0,14.0,397.0,0.0,50.0,5.0,10.0,7.0,1.0,91.36,275.0,19.0,,7.0,12.0,4.0,1.0,1.0,5.0,1.0,,1.0,,1.0
20211110980,2021,9,Bulldogs,Dragons,False,12,32,48.0,1694.0,79.0,34.0,43.0,176.0,1502.0,486.0,0.0,24.0,34.95,115.0,3.54,7.0,394.0,218.0,5.0,25.0,604.0,,55.0,6.0,11.0,7.0,3.0,86.63,363.0,37.0,2.0,19.0,11.0,3.0,2.0,1.0,8.0,1.0,1.0,,,3.0
20211110980,2021,9,Dragons,Bulldogs,True,32,12,52.0,1790.0,72.0,32.0,44.0,212.0,1928.0,619.0,6.0,37.0,43.82,196.0,3.61,14.0,459.0,250.0,15.0,19.0,471.0,,65.0,11.0,17.0,3.0,6.0,89.61,345.0,24.0,0.0,16.0,16.0,6.0,3.0,1.0,9.0,1.0,0.0,,,1.0
20211111010,2021,10,Knights,Wests Tigers,False,18,36,48.0,1460.0,68.0,31.0,45.0,159.0,1512.0,421.0,6.0,27.0,33.61,168.0,3.46,9.0,350.0,192.0,13.0,14.0,418.0,3.0,58.0,7.0,12.0,7.0,4.0,91.73,344.0,15.0,,16.0,13.0,10.0,4.0,3.0,8.0,2.0,2.0,,,0.0
20211111010,2021,10,Wests Tigers,Knights,True,36,18,52.0,1552.0,80.0,36.0,45.0,168.0,1502.0,468.0,5.0,15.0,33.38,121.0,3.57,10.0,401.0,225.0,24.0,18.0,461.0,0.0,86.0,6.0,7.0,4.0,5.0,86.76,295.0,27.0,,18.0,8.0,7.0,5.0,0.0,6.0,1.0,2.0,,,2.0
20211111020,2021,10,Broncos,Sea Eagles,False,6,50,39.0,1120.0,77.0,24.0,31.0,125.0,1208.0,372.0,3.0,18.0,38.99,95.0,3.39,13.0,303.0,167.0,4.0,15.0,322.0,1.0,36.0,4.0,11.0,4.0,4.0,85.05,347.0,42.0,0.0,19.0,12.0,8.0,4.0,5.0,6.0,,2.0,,,0.0
20211111020,2021,10,Sea Eagles,Broncos,True,50,6,61.0,1779.0,86.0,40.0,46.0,203.0,2138.0,593.0,8.0,42.0,46.5,259.0,3.32,12.0,473.0,274.0,14.0,20.0,455.0,4.0,67.0,8.0,12.0,3.0,5.0,84.62,220.0,18.0,1.0,22.0,9.0,4.0,1.0,0.0,8.0,,2.0,,,1.0
20211111030,2021,10,Raiders,Bulldogs,False,20,18,50.0,1699.0,84.0,33.0,39.0,211.0,1816.0,766.0,4.0,35.0,46.57,190.0,3.44,10.0,413.0,219.0,12.0,17.0,528.0,2.0,64.0,7.0,11.0,4.0,3.0,86.21,350.0,35.0,1.0,21.0,11.0,3.0,3.0,2.0,6.0,2.0,1.0,,1.0,
20211111030,2021,10,Bulldogs,Raiders,True,18,20,50.0,1669.0,87.0,35.0,40.0,181.0,1682.0,629.0,6.0,35.0,42.07,178.0,3.34,17.0,432.0,239.0,29.0,21.0,557.0,1.0,70.0,7.0,10.0,4.0,3.0,88.16,365.0,35.0,0.0,14.0,5.0,6.0,5.0,1.0,8.0,1.0,0.0,,0.0,
20211111040,2021,10,Rabbitohs,Sharks,False,32,22,48.0,1480.0,80.0,29.0,36.0,185.0,1639.0,657.0,5.0,39.0,45.53,206.0,3.47,10.0,367.0,191.0,16.0,14.0,282.0,2.0,71.0,10.0,14.0,4.0,3.0,85.99,313.0,36.0,1.0,15.0,10.0,2.0,0.0,1.0,8.0,,1.0,,,3.0
20211111040,2021,10,Sharks,Rabbitohs,True,22,32,52.0,1577.0,83.0,31.0,37.0,175.0,1569.0,602.0,6.0,36.0,42.41,160.0,3.31,10.0,411.0,231.0,25.0,18.0,450.0,3.0,100.0,11.0,11.0,6.0,4.0,83.71,298.0,39.0,0.0,19.0,10.0,6.0,1.0,2.0,8.0,,0.0,,,1.0
20211111050,2021,10,Cowboys,Roosters,False,16,30,52.0,1566.0,86.0,32.0,37.0,177.0,1691.0,508.0,5.0,28.0,45.71,246.0,3.08,8.0,408.0,230.0,31.0,20.0,481.0,4.0,60.0,6.0,10.0,5.0,7.0,86.05,296.0,35.0,1.0,13.0,6.0,4.0,4.0,1.0,8.0,,1.0,,,1.0
20211111050,2021,10,Roosters,Cowboys,True,30,16,48.0,1450.0,76.0,29.0,38.0,155.0,1538.0,516.0,10.0,35.0,40.49,174.0,3.43,9.0,385.0,223.0,3.0,14.0,330.0,2.0,78.0,14.0,18.0,3.0,4.0,88.62,327.0,28.0,1.0,14.0,12.0,4.0,1.0,2.0,7.0,,1.0,,,3.0
20211111060,2021,10,Eels,Warriors,False,34,18,55.0,1874.0,86.0,38.0,44.0,205.0,1783.0,574.0,5.0,33.0,40.52,171.0,3.94,8.0,462.0,257.0,16.0,27.0,630.0,3.0,69.0,11.0,16.0,7.0,6.0,82.47,287.0,40.0,,21.0,8.0,2.0,6.0,0.0,8.0,0.0,,,,0.0
20211111060,2021,10,Warriors,Eels,True,18,34,45.0,1517.0,60.0,25.0,41.0,193.0,1715.0,421.0,7.0,40.0,41.85,257.0,3.52,14.0,407.0,236.0,33.0,16.0,257.0,3.0,56.0,10.0,18.0,3.0,8.0,90.44,407.0,33.0,,10.0,15.0,6.0,4.0,2.0,10.0,2.0,,,,1.0
20211111070,2021,10,Dragons,Storm,False,18,44,50.0,1506.0,78.0,26.0,33.0,163.0,1424.0,457.0,3.0,25.0,43.17,96.0,3.46,12.0,431.0,266.0,11.0,16.0,368.0,1.0,62.0,10.0,16.0,2.0,7.0,82.42,272.0,35.0,,23.0,8.0,3.0,4.0,2.0,8.0,1.0,1.0,,1.0,0.0
20211111070,2021,10,Storm,Dragons,True,44,18,50.0,1467.0,78.0,29.0,37.0,167.0,1841.0,514.0,10.0,35.0,49.78,241.0,3.81,12.0,406.0,241.0,14.0,17.0,368.0,1.0,83.0,10.0,12.0,5.0,2.0,87.54,288.0,25.0,,16.0,7.0,4.0,1.0,0.0,8.0,2.0,0.0,,0.0,3.0
20211111080,2021,10,Panthers,Titans,False,48,12,54.0,1770.0,82.0,38.0,46.0,189.0,1945.0,552.0,9.0,40.0,42.29,237.0,3.92,13.0,442.0,253.0,19.0,17.0,345.0,2.0,50.0,5.0,10.0,7.0,3.0,90.52,296.0,17.0,1.0,14.0,9.0,11.0,2.0,2.0,7.0,1.0,1.0,,0.0,1.0
20211111080,2021,10,Titans,Panthers,True,12,48,46.0,1499.0,76.0,29.0,38.0,163.0,1290.0,372.0,3.0,17.0,33.97,79.0,3.58,7.0,367.0,203.0,18.0,16.0,433.0,0.0,87.0,13.0,15.0,7.0,2.0,84.41,314.0,40.0,2.0,18.0,12.0,6.0,5.0,2.0,7.0,2.0,0.0,,1.0,2.0
20211111110,2021,11,Knights,Cowboys,False,20,36,52.0,1635.0,79.0,31.0,39.0,175.0,1681.0,609.0,4.0,29.0,43.12,159.0,3.25,15.0,423.0,237.0,22.0,19.0,518.0,3.0,46.0,6.0,13.0,3.0,4.0,87.89,312.0,33.0,0.0,10.0,11.0,3.0,3.0,0.0,8.0,1.0,0.0,,,1.0
20211111110,2021,11,Cowboys,Knights,True,36,20,48.0,1479.0,80.0,33.0,41.0,182.0,1804.0,518.0,11.0,33.0,44.01,153.0,3.5,5.0,374.0,202.0,23.0,18.0,453.0,0.0,46.0,6.0,13.0,8.0,3.0,85.9,329.0,29.0,1.0,25.0,11.0,6.0,2.0,4.0,8.0,0.0,2.0,,,2.0
20211111120,2021,11,Wests Tigers,Warriors,False,26,30,53.0,1677.0,78.0,32.0,41.0,184.0,1794.0,607.0,4.0,39.0,43.76,192.0,3.41,11.0,425.0,237.0,25.0,20.0,491.0,2.0,57.0,4.0,7.0,5.0,5.0,89.27,341.0,22.0,0.0,19.0,13.0,1.0,2.0,1.0,7.0,,0.0,,,1.0
20211111120,2021,11,Warriors,Wests Tigers,True,30,26,47.0,1530.0,80.0,29.0,36.0,169.0,1646.0,506.0,6.0,22.0,45.74,163.0,3.78,10.0,396.0,218.0,22.0,16.0,471.0,0.0,20.0,2.0,10.0,5.0,2.0,87.04,356.0,39.0,1.0,14.0,10.0,5.0,3.0,3.0,8.0,,2.0,,,0.0
20211111130,2021,11,Dragons,Sharks,False,12,13,47.0,1714.0,77.0,35.0,45.0,176.0,1608.0,557.0,2.0,36.0,35.75,226.0,3.56,6.0,455.0,252.0,7.0,25.0,729.0,2.0,69.0,9.0,13.0,4.0,4.0,90.06,426.0,36.0,0.0,11.0,13.0,4.0,3.0,3.0,9.0,1.0,1.0,,,
20211111130,2021,11,Sharks,Dragons,True,13,12,53.0,1980.0,79.0,38.0,48.0,206.0,1817.0,586.0,4.0,36.0,37.86,192.0,3.74,8.0,500.0,275.0,21.0,26.0,751.0,3.0,67.0,8.0,12.0,5.0,4.0,88.34,341.0,36.0,1.0,9.0,11.0,5.0,2.0,5.0,8.0,0.0,2.0,,,
20211111140,2021,11,Bulldogs,Titans,False,20,30,49.0,1706.0,76.0,33.0,43.0,183.0,1737.0,552.0,6.0,25.0,40.4,185.0,3.73,12.0,431.0,243.0,17.0,17.0,543.0,0.0,56.0,5.0,9.0,5.0,1.0,87.96,358.0,26.0,,23.0,10.0,4.0,1.0,4.0,9.0,,1.0,,,1.0
20211111140,2021,11,Titans,Bulldogs,True,30,20,51.0,1774.0,84.0,33.0,39.0,197.0,1976.0,650.0,6.0,26.0,50.68,245.0,3.36,14.0,438.0,233.0,8.0,23.0,664.0,1.0,86.0,6.0,7.0,7.0,2.0,88.66,352.0,25.0,,20.0,10.0,4.0,6.0,3.0,8.0,,1.0,,,0.0
20211111150,2021,11,Broncos,Roosters,False,34,16,53.0,1564.0,92.0,39.0,42.0,178.0,1520.0,494.0,3.0,32.0,36.21,120.0,3.38,12.0,404.0,220.0,15.0,24.0,600.0,2.0,60.0,3.0,5.0,5.0,6.0,84.8,290.0,37.0,1.0,15.0,8.0,5.0,4.0,2.0,5.0,1.0,2.0,1.0,,1.0
20211111150,2021,11,Roosters,Broncos,True,16,34,47.0,1437.0,73.0,25.0,34.0,141.0,1446.0,469.0,7.0,37.0,42.55,156.0,3.39,6.0,353.0,207.0,3.0,9.0,262.0,0.0,33.0,4.0,12.0,6.0,0.0,86.89,338.0,32.0,0.0,19.0,12.0,10.0,1.0,8.0,7.0,1.0,2.0,0.0,,2.0
20211111160,2021,11,Storm,Raiders,False,34,10,54.0,1737.0,80.0,33.0,41.0,199.0,1781.0,587.0,6.0,34.0,43.46,114.0,3.54,19.0,427.0,224.0,3.0,20.0,461.0,3.0,50.0,4.0,8.0,2.0,8.0,88.07,310.0,22.0,,20.0,7.0,5.0,4.0,2.0,7.0,1.0,,,,1.0
20211111160,2021,11,Raiders,Storm,True,10,34,46.0,1490.0,69.0,25.0,36.0,157.0,1239.0,338.0,1.0,22.0,34.43,100.0,3.76,13.0,390.0,214.0,16.0,21.0,576.0,2.0,67.0,6.0,9.0,4.0,5.0,84.93,372.0,34.0,,32.0,12.0,3.0,3.0,1.0,8.0,0.0,,,,0.0
20211111170,2021,11,Panthers,Rabbitohs,False,56,12,58.0,1572.0,88.0,39.0,44.0,181.0,1754.0,668.0,9.0,37.0,39.87,249.0,3.52,10.0,411.0,234.0,23.0,16.0,506.0,2.0,75.0,3.0,4.0,3.0,1.0,83.1,236.0,28.0,,20.0,6.0,8.0,2.0,2.0,7.0,1.0,,,,
20211111170,2021,11,Rabbitohs,Panthers,True,12,56,42.0,1104.0,78.0,25.0,32.0,148.0,1190.0,479.0,2.0,28.0,37.22,144.0,3.6,10.0,285.0,161.0,7.0,11.0,283.0,1.0,50.0,2.0,4.0,1.0,4.0,86.11,341.0,37.0,,18.0,6.0,12.0,4.0,1.0,7.0,1.0,,,,
20211111180,2021,11,Sea Eagles,Eels,False,28,6,47.0,1642.0,78.0,32.0,41.0,200.0,1729.0,494.0,8.0,41.0,42.19,111.0,3.48,16.0,416.0,225.0,7.0,20.0,653.0,0.0,58.0,7.0,12.0,4.0,1.0,84.83,330.0,36.0,,23.0,12.0,7.0,3.0,3.0,7.0,0.0,2.0,,,3.0
20211111180,2021,11,Eels,Sea Eagles,True,6,28,53.0,1775.0,81.0,35.0,43.0,199.0,1793.0,492.0,4.0,36.0,41.72,168.0,3.6,14.0,453.0,249.0,14.0,23.0,526.0,1.0,30.0,3.0,10.0,5.0,5.0,82.32,326.0,41.0,,29.0,10.0,8.0,0.0,3.0,8.0,1.0,2.0,,,2.0
20211111210,2021,12,Storm,Broncos,False,40,12,54.0,1548.0,70.0,28.0,40.0,181.0,1773.0,516.0,8.0,44.0,44.33,230.0,3.48,11.0,409.0,241.0,31.0,17.0,314.0,3.0,33.0,3.0,9.0,2.0,8.0,82.97,263.0,28.0,0.0,26.0,12.0,2.0,3.0,1.0,8.0,1.0,,,,1.0
20211111210,2021,12,Broncos,Storm,True,12,40,46.0,1328.0,70.0,22.0,31.0,156.0,1164.0,399.0,1.0,28.0,37.58,97.0,3.61,17.0,345.0,185.0,30.0,13.0,311.0,2.0,71.0,5.0,7.0,4.0,2.0,81.56,292.0,44.0,1.0,22.0,12.0,5.0,1.0,1.0,7.0,1.0,,,,0.0
20211111220,2021,12,Warriors,Cowboys,False,28,29,48.0,1559.0,83.0,35.0,42.0,168.0,1544.0,534.0,5.0,30.0,36.78,208.0,3.63,6.0,417.0,235.0,18.0,18.0,501.0,1.0,40.0,6.0,15.0,3.0,3.0,89.29,350.0,27.0,,15.0,8.0,4.0,1.0,3.0,7.0,1.0,1.0,,,
20211111220,2021,12,Cowboys,Warriors,True,29,28,52.0,1682.0,80.0,33.0,41.0,180.0,1682.0,520.0,4.0,27.0,41.03,190.0,3.71,11.0,416.0,217.0,16.0,24.0,595.0,3.0,86.0,6.0,7.0,4.0,7.0,89.81,335.0,30.0,,8.0,15.0,2.0,3.0,2.0,8.0,0.0,0.0,,,
20211111230,2021,12,Dragons,Wests Tigers,False,18,34,46.0,1696.0,80.0,33.0,41.0,173.0,1504.0,462.0,2.0,27.0,36.7,148.0,3.62,6.0,438.0,259.0,42.0,22.0,581.0,1.0,56.0,5.0,9.0,3.0,6.0,91.18,424.0,28.0,0.0,13.0,12.0,3.0,7.0,0.0,7.0,0.0,,1.0,,1.0
20211111230,2021,12,Wests Tigers,Dragons,True,34,18,54.0,1887.0,76.0,36.0,47.0,197.0,1887.0,632.0,6.0,28.0,40.16,225.0,3.76,9.0,446.0,238.0,30.0,22.0,544.0,2.0,33.0,5.0,15.0,4.0,3.0,89.17,313.0,27.0,2.0,11.0,13.0,3.0,3.0,1.0,7.0,1.0,,0.0,,1.0
20211111240,2021,12,Bulldogs,Panthers,False,4,30,47.0,1605.0,80.0,34.0,42.0,164.0,1373.0,476.0,2.0,25.0,32.7,104.0,3.24,3.0,399.0,206.0,6.0,28.0,869.0,4.0,67.0,8.0,12.0,2.0,7.0,90.42,368.0,25.0,0.0,14.0,8.0,9.0,1.0,1.0,9.0,2.0,0.0,,,2.0
20211111240,2021,12,Panthers,Bulldogs,True,30,4,53.0,1808.0,80.0,38.0,47.0,201.0,2007.0,659.0,5.0,25.0,42.72,322.0,3.79,13.0,465.0,260.0,8.0,22.0,654.0,0.0,45.0,5.0,11.0,8.0,5.0,91.95,377.0,25.0,1.0,8.0,11.0,4.0,2.0,2.0,9.0,2.0,1.0,,,0.0
20211111250,2021,12,Eels,Rabbitohs,False,20,38,50.0,1494.0,72.0,26.0,36.0,159.0,1381.0,484.0,3.0,24.0,38.36,160.0,3.7,13.0,387.0,208.0,11.0,22.0,465.0,0.0,83.0,5.0,6.0,5.0,4.0,91.69,331.0,19.0,0.0,11.0,11.0,6.0,1.0,4.0,8.0,1.0,2.0,,,0.0
20211111250,2021,12,Rabbitohs,Eels,True,38,20,50.0,1510.0,76.0,32.0,42.0,184.0,1698.0,569.0,12.0,19.0,40.44,207.0,3.39,9.0,398.0,221.0,2.0,18.0,566.0,2.0,36.0,4.0,11.0,3.0,3.0,86.58,316.0,24.0,1.0,25.0,10.0,3.0,1.0,2.0,8.0,1.0,0.0,,,2.0
20211111260,2021,12,Raiders,Roosters,False,16,44,43.0,1246.0,69.0,25.0,36.0,150.0,1251.0,414.0,3.0,32.0,34.75,98.0,3.17,7.0,318.0,179.0,13.0,11.0,272.0,1.0,36.0,5.0,14.0,0.0,2.0,90.63,377.0,26.0,0.0,13.0,10.0,10.0,4.0,2.0,8.0,,1.0,,,
20211111260,2021,12,Roosters,Raiders,True,44,16,57.0,1603.0,80.0,34.0,42.0,188.0,1737.0,604.0,6.0,26.0,41.37,162.0,3.7,7.0,397.0,218.0,4.0,15.0,336.0,0.0,100.0,4.0,4.0,6.0,4.0,84.28,268.0,32.0,1.0,18.0,10.0,10.0,4.0,1.0,6.0,,0.0,,,
20211111270,2021,12,Titans,Sharks,False,10,38,47.0,1501.0,75.0,27.0,36.0,170.0,1703.0,511.0,6.0,50.0,47.33,120.0,3.53,11.0,357.0,195.0,31.0,18.0,324.0,2.0,71.0,5.0,7.0,3.0,7.0,83.84,332.0,49.0,1.0,15.0,11.0,5.0,5.0,1.0,6.0,1.0,2.0,,,0.0
20211111270,2021,12,Sharks,Titans,True,38,10,53.0,1688.0,82.0,34.0,41.0,179.0,1882.0,527.0,11.0,49.0,45.92,251.0,4.08,10.0,420.0,238.0,19.0,16.0,440.0,1.0,69.0,9.0,13.0,3.0,5.0,81.68,272.0,50.0,0.0,11.0,8.0,7.0,2.0,3.0,8.0,0.0,2.0,,,1.0
20211111280,2021,12,Sea Eagles,Knights,False,10,18,43.0,1572.0,77.0,31.0,40.0,169.0,1680.0,500.0,2.0,30.0,42.01,183.0,3.45,7.0,379.0,191.0,22.0,25.0,845.0,0.0,67.0,12.0,18.0,10.0,2.0,91.16,423.0,25.0,1.0,16.0,10.0,9.0,0.0,5.0,7.0,2.0,2.0,,,2.0
20211111280,2021,12,Knights,Sea Eagles,True,18,10,57.0,2120.0,80.0,38.0,47.0,229.0,2053.0,631.0,5.0,25.0,43.7,163.0,3.36,11.0,534.0,285.0,34.0,28.0,777.0,2.0,75.0,9.0,12.0,7.0,6.0,87.43,320.0,30.0,1.0,16.0,12.0,1.0,1.0,2.0,8.0,3.0,1.0,,,0.0
20211111310,2021,13,Broncos,Dragons,False,24,52,46.0,1379.0,70.0,26.0,37.0,166.0,1179.0,474.0,2.0,22.0,31.88,110.0,3.75,11.0,346.0,177.0,10.0,17.0,469.0,2.0,60.0,6.0,10.0,0.0,5.0,90.67,340.0,25.0,0.0,10.0,11.0,4.0,3.0,3.0,7.0,1.0,1.0,0.0,,0.0
20211111310,2021,13,Dragons,Broncos,True,52,24,54.0,1610.0,79.0,34.0,43.0,188.0,1563.0,524.0,8.0,25.0,36.36,170.0,3.8,6.0,449.0,263.0,21.0,20.0,551.0,2.0,56.0,5.0,9.0,1.0,5.0,87.25,301.0,22.0,1.0,22.0,9.0,4.0,2.0,1.0,7.0,2.0,0.0,1.0,,1.0
20211111320,2021,13,Panthers,Wests Tigers,False,6,26,48.0,1521.0,78.0,33.0,42.0,160.0,1362.0,477.0,3.0,23.0,32.43,65.0,3.51,12.0,381.0,212.0,17.0,15.0,390.0,0.0,53.0,8.0,15.0,4.0,4.0,88.22,337.0,30.0,1.0,15.0,12.0,10.0,2.0,1.0,7.0,,,,,0.0
20211111320,2021,13,Wests Tigers,Panthers,True,26,6,52.0,1605.0,77.0,31.0,40.0,167.0,1612.0,544.0,4.0,30.0,40.32,228.0,3.58,8.0,402.0,228.0,2.0,21.0,409.0,2.0,75.0,6.0,8.0,2.0,7.0,87.35,297.0,23.0,1.0,20.0,10.0,11.0,5.0,2.0,8.0,,,,,1.0
20211111330,2021,13,Titans,Storm,False,14,20,59.0,1808.0,73.0,34.0,46.0,223.0,1739.0,587.0,5.0,35.0,37.82,190.0,3.36,17.0,470.0,268.0,28.0,20.0,391.0,7.0,100.0,3.0,3.0,1.0,9.0,91.32,284.0,20.0,,7.0,13.0,4.0,5.0,2.0,8.0,0.0,0.0,,,
20211111330,2021,13,Storm,Titans,True,20,14,41.0,1267.0,77.0,28.0,36.0,136.0,1195.0,450.0,5.0,20.0,33.21,73.0,3.69,2.0,311.0,160.0,2.0,13.0,415.0,1.0,77.0,10.0,13.0,1.0,4.0,85.29,348.0,35.0,,25.0,8.0,9.0,6.0,6.0,8.0,1.0,1.0,,,
20211111340,2021,13,Eels,Knights,False,0,0,,,,,,,,,,,,,,,,,,,,,,,,,,,,,,,,,,,,,,,,
20211111340,2021,13,Knights,Eels,True,0,0,,,,,,,,,,,,,,,,,,,,,,,,,,,,,,,,,,,,,,,,
20211111410,2021,14,Cowboys,Sea Eagles,False,18,50,42.0,1279.0,60.0,20.0,33.0,150.0,1417.0,381.0,5.0,20.0,42.94,98.0,3.52,9.0,347.0,192.0,16.0,14.0,347.0,,36.0,5.0,14.0,3.0,2.0,84.67,348.0,52.0,0.0,11.0,13.0,7.0,4.0,2.0,8.0,0.0,,,,1.0
20211111410,2021,14,Sea Eagles,Cowboys,True,50,18,58.0,1771.0,84.0,37.0,44.0,207.0,2041.0,597.0,9.0,52.0,46.41,260.0,3.48,10.0,461.0,263.0,22.0,23.0,497.0,,50.0,4.0,8.0,8.0,5.0,87.99,271.0,20.0,2.0,17.0,8.0,3.0,1.0,1.0,7.0,1.0,,,,2.0
20211111420,2021,14,Panthers,Sharks,False,18,19,51.0,1703.0,87.0,34.0,39.0,193.0,1785.0,563.0,3.0,33.0,45.78,180.0,3.08,10.0,461.0,263.0,19.0,23.0,524.0,3.0,44.0,8.0,18.0,4.0,8.0,90.15,357.0,28.0,,11.0,7.0,6.0,3.0,2.0,5.0,,,,,
20211111420,2021,14,Sharks,Panthers,True,19,18,49.0,1656.0,94.0,37.0,39.0,175.0,1664.0,462.0,4.0,28.0,42.67,239.0,3.24,6.0,419.0,228.0,10.0,24.0,607.0,2.0,54.0,7.0,13.0,7.0,5.0,87.82,339.0,33.0,,14.0,5.0,7.0,3.0,2.0,8.0,,,,,
20211111430,2021,14,Roosters,Titans,False,35,34,44.0,1377.0,79.0,27.0,34.0,151.0,1435.0,505.0,6.0,38.0,42.21,148.0,3.4,7.0,344.0,179.0,7.0,15.0,566.0,,69.0,9.0,13.0,2.0,0.0,80.19,344.0,62.0,,23.0,10.0,8.0,1.0,4.0,8.0,0.0,1.0,,,2.0
20211111430,2021,14,Titans,Roosters,True,34,35,56.0,1757.0,84.0,37.0,44.0,203.0,1908.0,567.0,6.0,62.0,43.36,207.0,3.32,14.0,420.0,224.0,15.0,18.0,383.0,,0.0,0.0,2.0,8.0,4.0,84.99,300.0,38.0,,15.0,8.0,3.0,1.0,1.0,8.0,2.0,0.0,,,0.0
20211111440,2021,14,Knights,Rabbitohs,False,10,24,52.0,1723.0,86.0,37.0,43.0,180.0,1582.0,557.0,2.0,16.0,36.79,125.0,3.5,6.0,422.0,225.0,5.0,26.0,736.0,2.0,50.0,4.0,8.0,7.0,7.0,92.46,368.0,20.0,1.0,10.0,10.0,5.0,2.0,1.0,8.0,,,,,2.0
20211111440,2021,14,Rabbitohs,Knights,True,24,10,48.0,1611.0,66.0,30.0,45.0,166.0,1516.0,485.0,7.0,20.0,33.71,192.0,3.75,4.0,380.0,195.0,14.0,20.0,691.0,1.0,60.0,12.0,20.0,5.0,3.0,93.16,354.0,16.0,1.0,10.0,16.0,4.0,5.0,0.0,8.0,,,,,0.0
20211111450,2021,14,Broncos,Raiders,False,16,38,49.0,1545.0,76.0,29.0,38.0,184.0,1425.0,491.0,2.0,29.0,37.52,99.0,3.73,24.0,373.0,191.0,0.0,19.0,590.0,2.0,64.0,7.0,11.0,3.0,2.0,84.74,322.0,39.0,0.0,19.0,10.0,6.0,3.0,2.0,8.0,0.0,,,1.0,2.0
20211111450,2021,14,Raiders,Broncos,True,38,16,51.0,1605.0,86.0,38.0,44.0,175.0,1881.0,529.0,9.0,39.0,42.75,233.0,3.6,13.0,370.0,186.0,5.0,19.0,505.0,0.0,50.0,5.0,10.0,8.0,1.0,82.7,325.0,29.0,2.0,39.0,9.0,6.0,3.0,1.0,7.0,2.0,,,0.0,1.0
20211111460,2021,14,Storm,Warriors,False,42,16,54.0,1614.0,86.0,31.0,36.0,183.0,1518.0,549.0,6.0,31.0,42.18,161.0,3.92,5.0,435.0,253.0,32.0,20.0,505.0,,71.0,5.0,7.0,4.0,4.0,87.8,288.0,28.0,,12.0,6.0,4.0,4.0,2.0,7.0,1.0,,1.0,,3.0
20211111460,2021,14,Warriors,Storm,True,16,42,46.0,1389.0,72.0,26.0,36.0,171.0,1455.0,592.0,2.0,28.0,40.44,142.0,3.52,10.0,370.0,211.0,22.0,13.0,331.0,,60.0,6.0,10.0,4.0,1.0,89.2,347.0,31.0,,11.0,10.0,5.0,0.0,1.0,7.0,1.0,,0.0,,1.0
20211111470,2021,14,Wests Tigers,Eels,False,12,40,45.0,1491.0,71.0,27.0,38.0,168.0,1469.0,606.0,4.0,20.0,38.66,161.0,3.41,10.0,365.0,205.0,29.0,14.0,308.0,0.0,33.0,3.0,9.0,2.0,3.0,81.86,334.0,46.0,,28.0,14.0,9.0,8.0,2.0,8.0,1.0,1.0,,,1.0
20211111470,2021,14,Eels,Wests Tigers,True,40,12,55.0,1724.0,82.0,39.0,47.0,197.0,1867.0,696.0,8.0,46.0,39.74,174.0,3.79,15.0,433.0,246.0,29.0,18.0,428.0,1.0,60.0,6.0,10.0,2.0,7.0,90.0,306.0,20.0,,14.0,12.0,4.0,5.0,3.0,9.0,1.0,2.0,,,0.0
20211111480,2021,14,Dragons,Bulldogs,False,6,28,42.0,1377.0,70.0,26.0,37.0,142.0,1291.0,494.0,1.0,17.0,34.92,173.0,3.69,3.0,340.0,186.0,27.0,21.0,610.0,0.0,50.0,5.0,10.0,0.0,5.0,90.82,445.0,34.0,,11.0,12.0,6.0,5.0,3.0,8.0,,0.0,,,3.0
20211111480,2021,14,Bulldogs,Dragons,True,28,6,58.0,1923.0,93.0,44.0,47.0,217.0,1850.0,679.0,4.0,34.0,39.37,164.0,3.61,8.0,472.0,252.0,29.0,25.0,751.0,1.0,44.0,4.0,9.0,4.0,4.0,93.42,298.0,17.0,,4.0,4.0,4.0,0.0,0.0,8.0,,1.0,,,3.0
20211111510,2021,15,Rabbitohs,Broncos,False,46,0,60.0,1814.0,69.0,29.0,42.0,243.0,2413.0,682.0,10.0,32.0,57.45,300.0,3.68,20.0,477.0,272.0,23.0,14.0,390.0,3.0,50.0,4.0,8.0,5.0,5.0,82.57,270.0,30.0,1.0,27.0,14.0,1.0,2.0,0.0,7.0,1.0,,,,1.0
20211111510,2021,15,Broncos,Rabbitohs,True,0,46,40.0,1262.0,66.0,20.0,30.0,138.0,1146.0,416.0,2.0,30.0,38.2,85.0,3.3,14.0,316.0,164.0,3.0,15.0,496.0,1.0,100.0,8.0,8.0,2.0,2.0,85.27,382.0,32.0,1.0,34.0,11.0,3.0,3.0,3.0,8.0,0.0,,,,0.0
20211111520,2021,15,Sharks,Cowboys,False,26,24,52.0,1787.0,85.0,36.0,42.0,204.0,1966.0,646.0,6.0,40.0,46.83,123.0,3.24,8.0,456.0,257.0,19.0,24.0,671.0,,67.0,6.0,9.0,5.0,3.0,83.45,343.0,55.0,,13.0,8.0,3.0,3.0,1.0,7.0,1.0,0.0,,,1.0
20211111520,2021,15,Cowboys,Sharks,True,24,26,48.0,1655.0,81.0,35.0,43.0,184.0,1906.0,644.0,5.0,55.0,44.34,201.0,3.14,6.0,390.0,192.0,14.0,18.0,555.0,,57.0,8.0,14.0,4.0,4.0,88.07,369.0,40.0,,10.0,10.0,5.0,1.0,1.0,7.0,0.0,1.0,,,1.0
20211111530,2021,15,Roosters,Panthers,False,12,38,42.0,1262.0,68.0,24.0,35.0,144.0,1152.0,341.0,2.0,30.0,32.94,116.0,3.53,6.0,329.0,170.0,11.0,20.0,519.0,2.0,47.0,9.0,19.0,5.0,5.0,88.52,347.0,33.0,1.0,12.0,10.0,5.0,2.0,3.0,7.0,1.0,1.0,,,1.0
20211111530,2021,15,Panthers,Roosters,True,38,12,58.0,1830.0,80.0,37.0,46.0,213.0,1923.0,563.0,4.0,33.0,41.82,264.0,3.38,6.0,473.0,276.0,8.0,24.0,709.0,6.0,89.0,8.0,9.0,5.0,7.0,86.96,280.0,30.0,0.0,12.0,9.0,2.0,2.0,2.0,7.0,1.0,0.0,,,1.0
20211111540,2021,15,Warriors,Knights,False,6,10,44.0,1573.0,68.0,30.0,44.0,160.0,1437.0,473.0,3.0,15.0,32.66,207.0,3.76,14.0,367.0,194.0,16.0,18.0,487.0,2.0,62.0,10.0,16.0,4.0,6.0,87.85,405.0,43.0,,13.0,13.0,7.0,3.0,0.0,7.0,1.0,1.0,,,3.0
20211111540,2021,15,Knights,Warriors,True,10,6,56.0,1944.0,85.0,40.0,47.0,196.0,1622.0,566.0,3.0,43.0,34.52,93.0,3.68,7.0,457.0,245.0,4.0,26.0,744.0,4.0,62.0,10.0,16.0,6.0,9.0,89.46,314.0,15.0,,22.0,7.0,6.0,1.0,3.0,7.0,1.0,1.0,,,4.0
20211111550,2021,15,Raiders,Dragons,False,20,22,47.0,1518.0,81.0,31.0,38.0,169.0,1569.0,391.0,5.0,25.0,41.31,135.0,3.59,12.0,366.0,188.0,12.0,19.0,460.0,2.0,40.0,6.0,15.0,2.0,7.0,90.02,361.0,27.0,,13.0,9.0,6.0,1.0,1.0,7.0,,,0.0,,3.0
20211111550,2021,15,Dragons,Raiders,True,22,20,53.0,1747.0,78.0,33.0,42.0,186.0,1538.0,300.0,7.0,27.0,36.63,91.0,3.94,8.0,389.0,201.0,26.0,19.0,579.0,1.0,50.0,3.0,6.0,4.0,4.0,88.59,334.0,25.0,,18.0,10.0,6.0,2.0,3.0,7.0,,,2.0,,1.0
20211111560,2021,15,Wests Tigers,Storm,False,16,66,40.0,1109.0,68.0,22.0,32.0,136.0,1122.0,335.0,3.0,14.0,35.08,106.0,3.78,8.0,306.0,178.0,17.0,10.0,178.0,,33.0,4.0,12.0,2.0,4.0,85.48,318.0,40.0,,14.0,12.0,6.0,1.0,,7.0,,0.0,,,1.0
20211111560,2021,15,Storm,Wests Tigers,True,66,16,60.0,1729.0,87.0,35.0,40.0,182.0,1786.0,532.0,12.0,40.0,44.67,75.0,3.66,10.0,430.0,252.0,25.0,17.0,346.0,,40.0,2.0,5.0,2.0,8.0,89.8,229.0,14.0,,12.0,9.0,7.0,0.0,,8.0,,1.0,,,0.0
20211111570,2021,15,Bulldogs,Eels,False,10,36,43.0,1418.0,72.0,27.0,37.0,153.0,1282.0,435.0,1.0,13.0,34.66,156.0,3.31,4.0,365.0,185.0,20.0,22.0,609.0,4.0,41.0,7.0,17.0,5.0,4.0,91.23,385.0,27.0,,10.0,10.0,4.0,6.0,0.0,6.0,1.0,1.0,,,2.0
20211111570,2021,15,Eels,Bulldogs,True,36,10,57.0,1896.0,77.0,38.0,49.0,195.0,1832.0,621.0,5.0,27.0,37.39,246.0,4.02,7.0,454.0,250.0,6.0,22.0,579.0,3.0,56.0,5.0,9.0,6.0,4.0,94.32,332.0,13.0,,7.0,13.0,1.0,1.0,1.0,8.0,0.0,1.0,,,1.0
20211111580,2021,15,Sea Eagles,Titans,False,56,24,48.0,1313.0,81.0,31.0,38.0,173.0,1717.0,454.0,11.0,33.0,45.18,233.0,3.38,9.0,353.0,197.0,7.0,15.0,374.0,1.0,53.0,8.0,15.0,1.0,7.0,83.97,262.0,38.0,,12.0,7.0,8.0,3.0,0.0,8.0,0.0,,,,0.0
20211111580,2021,15,Titans,Sea Eagles,True,24,56,52.0,1404.0,97.0,33.0,34.0,153.0,1334.0,423.0,2.0,38.0,39.24,149.0,3.24,8.0,346.0,179.0,23.0,25.0,444.0,3.0,44.0,4.0,9.0,4.0,14.0,85.1,257.0,33.0,,12.0,4.0,4.0,2.0,1.0,8.0,1.0,,,,2.0
20211111610,2021,16,Storm,Roosters,False,46,0,51.0,1564.0,75.0,33.0,44.0,167.0,1725.0,666.0,7.0,38.0,39.23,284.0,3.59,6.0,402.0,223.0,22.0,18.0,511.0,0.0,67.0,6.0,9.0,2.0,4.0,89.17,321.0,29.0,0.0,10.0,13.0,2.0,4.0,0.0,8.0,,0.0,,,2.0
20211111610,2021,16,Roosters,Storm,True,0,46,49.0,1520.0,65.0,25.0,38.0,175.0,1349.0,515.0,1.0,29.0,35.52,102.0,3.7,7.0,366.0,205.0,27.0,17.0,456.0,1.0,67.0,6.0,9.0,4.0,1.0,86.23,313.0,38.0,1.0,12.0,12.0,6.0,2.0,1.0,8.0,,1.0,,,1.0
20211111620,2021,16,Dragons,Warriors,False,19,18,54.0,2087.0,78.0,41.0,52.0,263.0,2318.0,706.0,4.0,26.0,44.59,361.0,3.64,12.0,528.0,291.0,21.0,25.0,807.0,4.0,80.0,8.0,10.0,3.0,5.0,86.93,379.0,37.0,,20.0,12.0,2.0,3.0,2.0,12.0,2.0,,,,0.0
20211111620,2021,16,Warriors,Dragons,True,18,19,46.0,1723.0,80.0,34.0,42.0,186.0,1737.0,644.0,4.0,37.0,41.38,178.0,3.53,9.0,467.0,257.0,16.0,23.0,652.0,1.0,79.0,11.0,14.0,3.0,6.0,91.09,460.0,26.0,,19.0,11.0,2.0,4.0,0.0,10.0,0.0,,,,1.0
20211111630,2021,16,Eels,Panthers,False,12,13,48.0,1633.0,80.0,33.0,41.0,201.0,1541.0,493.0,2.0,39.0,37.61,132.0,3.51,19.0,453.0,246.0,5.0,22.0,784.0,1.0,71.0,5.0,7.0,6.0,1.0,90.21,396.0,30.0,,13.0,11.0,2.0,7.0,,8.0,1.0,,,,1.0
20211111630,2021,16,Panthers,Eels,True,13,12,52.0,1803.0,77.0,35.0,45.0,187.0,1835.0,648.0,3.0,30.0,40.78,228.0,3.34,10.0,469.0,262.0,9.0,17.0,505.0,2.0,67.0,6.0,9.0,4.0,2.0,84.22,379.0,39.0,,32.0,15.0,6.0,4.0,,8.0,0.0,,,,0.0
20211111640,2021,16,Sea Eagles,Bulldogs,False,66,0,54.0,1617.0,77.0,37.0,48.0,180.0,1944.0,541.0,14.0,43.0,40.52,282.0,3.97,7.0,395.0,227.0,24.0,18.0,368.0,1.0,62.0,5.0,8.0,4.0,6.0,93.33,280.0,13.0,0.0,7.0,12.0,9.0,1.0,0.0,7.0,0.0,0.0,,,1.0
20211111640,2021,16,Bulldogs,Sea Eagles,True,0,66,46.0,1361.0,70.0,24.0,34.0,165.0,1189.0,374.0,0.0,13.0,34.98,72.0,3.61,4.0,360.0,207.0,15.0,18.0,467.0,2.0,86.0,6.0,7.0,3.0,7.0,85.25,312.0,43.0,1.0,11.0,12.0,7.0,2.0,4.0,7.0,1.0,1.0,,,4.0
20211111650,2021,16,Titans,Raiders,False,44,6,56.0,1791.0,88.0,39.0,44.0,194.0,1822.0,541.0,11.0,65.0,41.42,139.0,3.65,5.0,424.0,235.0,16.0,25.0,795.0,1.0,67.0,6.0,9.0,6.0,7.0,82.05,256.0,31.0,1.0,25.0,6.0,4.0,4.0,0.0,8.0,,1.0,,,3.0
20211111650,2021,16,Raiders,Titans,True,6,44,44.0,1458.0,75.0,30.0,40.0,156.0,1412.0,452.0,2.0,31.0,35.32,180.0,3.39,14.0,335.0,179.0,7.0,20.0,521.0,1.0,55.0,6.0,11.0,3.0,3.0,83.02,352.0,65.0,0.0,7.0,11.0,6.0,1.0,2.0,7.0,,0.0,,,1.0
20211111660,2021,16,Cowboys,Knights,False,0,38,46.0,1507.0,78.0,33.0,42.0,162.0,1571.0,566.0,3.0,28.0,37.41,186.0,3.65,5.0,355.0,192.0,13.0,23.0,555.0,3.0,29.0,4.0,14.0,6.0,6.0,93.01,399.0,24.0,1.0,6.0,12.0,6.0,2.0,1.0,8.0,0.0,,,,2.0
20211111660,2021,16,Knights,Cowboys,True,38,0,54.0,1781.0,78.0,36.0,46.0,199.0,1895.0,611.0,5.0,24.0,41.21,143.0,3.46,3.0,462.0,261.0,4.0,21.0,566.0,0.0,77.0,10.0,13.0,4.0,0.0,90.0,315.0,28.0,1.0,7.0,10.0,6.0,4.0,0.0,6.0,2.0,,,,2.0
20211111670,2021,16,Sharks,Broncos,False,18,26,51.0,1636.0,78.0,33.0,42.0,206.0,1865.0,629.0,8.0,37.0,44.43,186.0,3.34,15.0,435.0,233.0,26.0,23.0,709.0,6.0,64.0,9.0,14.0,5.0,8.0,86.65,318.0,27.0,,22.0,9.0,3.0,0.0,2.0,6.0,0.0,,,,1.0
20211111670,2021,16,Broncos,Sharks,True,26,18,49.0,1566.0,80.0,28.0,35.0,185.0,1804.0,672.0,6.0,27.0,51.57,174.0,3.54,12.0,415.0,224.0,10.0,21.0,496.0,1.0,79.0,11.0,14.0,8.0,3.0,85.04,341.0,37.0,,23.0,10.0,2.0,2.0,1.0,8.0,1.0,,,,1.0
20211111680,2021,16,Rabbitohs,Wests Tigers,False,38,22,56.0,1741.0,82.0,37.0,45.0,196.0,1778.0,632.0,11.0,43.0,39.51,259.0,3.84,5.0,413.0,237.0,34.0,15.0,302.0,1.0,33.0,2.0,6.0,3.0,7.0,86.05,290.0,24.0,1.0,23.0,9.0,3.0,2.0,0.0,8.0,,,,,1.0
20211111680,2021,16,Wests Tigers,Rabbitohs,True,22,38,44.0,1330.0,78.0,25.0,32.0,149.0,1249.0,475.0,5.0,24.0,39.05,62.0,3.44,12.0,338.0,185.0,20.0,14.0,507.0,0.0,54.0,7.0,13.0,3.0,1.0,87.68,356.0,43.0,1.0,7.0,8.0,8.0,5.0,1.0,6.0,,,,,1.0
20211111710,2021,17,Raiders,Sea Eagles,False,30,16,59.0,1894.0,89.0,43.0,48.0,215.0,1863.0,598.0,4.0,34.0,38.81,208.0,3.55,11.0,448.0,220.0,10.0,27.0,615.0,8.0,70.0,7.0,10.0,6.0,11.0,87.54,288.0,29.0,,12.0,7.0,6.0,3.0,0.0,8.0,,,,,1.0
20211111710,2021,17,Sea Eagles,Raiders,True,16,30,41.0,1390.0,71.0,27.0,38.0,165.0,1415.0,452.0,5.0,29.0,37.24,86.0,3.86,8.0,359.0,201.0,29.0,15.0,364.0,0.0,56.0,9.0,16.0,4.0,3.0,87.82,382.0,34.0,,19.0,14.0,1.0,4.0,1.0,7.0,,,,,2.0
20211111720,2021,17,Cowboys,Rabbitohs,False,18,46,43.0,1282.0,76.0,23.0,30.0,131.0,1075.0,407.0,2.0,22.0,35.85,141.0,3.52,8.0,308.0,151.0,10.0,21.0,622.0,0.0,67.0,6.0,9.0,3.0,2.0,90.02,388.0,24.0,,19.0,10.0,4.0,3.0,0.0,8.0,,1.0,,,0.0
20211111720,2021,17,Rabbitohs,Cowboys,True,46,18,57.0,1730.0,80.0,34.0,42.0,205.0,1986.0,748.0,8.0,24.0,47.3,228.0,3.66,8.0,404.0,213.0,3.0,17.0,467.0,3.0,25.0,1.0,4.0,1.0,5.0,89.69,287.0,22.0,,11.0,8.0,1.0,2.0,1.0,8.0,,0.0,,,1.0
20211111730,2021,17,Roosters,Bulldogs,False,22,16,54.0,1798.0,73.0,33.0,45.0,195.0,1816.0,652.0,5.0,34.0,40.36,265.0,3.63,5.0,429.0,235.0,6.0,21.0,504.0,1.0,64.0,9.0,14.0,5.0,5.0,91.34,348.0,24.0,,9.0,13.0,1.0,4.0,,6.0,0.0,,,,1.0
20211111730,2021,17,Bulldogs,Roosters,True,16,22,46.0,1513.0,83.0,31.0,37.0,154.0,1346.0,514.0,1.0,24.0,36.38,164.0,3.44,5.0,375.0,196.0,20.0,24.0,748.0,1.0,36.0,5.0,14.0,5.0,5.0,89.51,367.0,34.0,,9.0,7.0,3.0,6.0,,8.0,2.0,,,,4.0
20211111740,2021,17,Warriors,Sharks,False,12,20,45.0,1485.0,78.0,30.0,38.0,172.0,1571.0,492.0,2.0,28.0,41.34,145.0,3.5,18.0,417.0,232.0,15.0,21.0,607.0,0.0,77.0,10.0,13.0,4.0,6.0,91.57,413.0,21.0,,17.0,10.0,11.0,2.0,4.0,7.0,0.0,,,,1.0
20211111740,2021,17,Sharks,Warriors,True,20,12,55.0,1791.0,82.0,38.0,46.0,200.0,1675.0,527.0,3.0,21.0,36.43,170.0,3.82,9.0,465.0,256.0,13.0,25.0,623.0,5.0,67.0,6.0,9.0,6.0,9.0,83.83,280.0,28.0,,26.0,11.0,5.0,1.0,1.0,7.0,1.0,,,,0.0
20211111810,2021,18,Eels,Titans,False,26,8,52.0,1770.0,80.0,32.0,40.0,214.0,1972.0,702.0,9.0,36.0,49.3,188.0,3.64,23.0,470.0,265.0,28.0,21.0,468.0,2.0,58.0,7.0,12.0,8.0,4.0,88.95,338.0,24.0,1.0,18.0,15.0,5.0,2.0,2.0,8.0,1.0,0.0,,,0.0
20211111810,2021,18,Titans,Eels,True,8,26,48.0,1661.0,68.0,26.0,38.0,173.0,1530.0,590.0,4.0,24.0,40.27,127.0,3.77,8.0,401.0,225.0,17.0,19.0,486.0,1.0,67.0,10.0,15.0,3.0,6.0,83.37,346.0,36.0,0.0,33.0,13.0,3.0,2.0,0.0,8.0,1.0,1.0,,,1.0
20211111820,2021,18,Dragons,Sea Eagles,False,18,32,44.0,1340.0,68.0,28.0,41.0,159.0,1304.0,378.0,2.0,13.0,31.81,120.0,3.54,8.0,360.0,201.0,26.0,14.0,404.0,2.0,54.0,7.0,13.0,0.0,2.0,86.18,343.0,45.0,1.0,10.0,14.0,4.0,4.0,2.0,8.0,0.0,,0.0,,
20211111820,2021,18,Sea Eagles,Dragons,True,32,18,56.0,1704.0,78.0,32.0,41.0,186.0,1625.0,535.0,6.0,45.0,39.65,169.0,3.57,7.0,452.0,264.0,24.0,20.0,431.0,2.0,60.0,3.0,5.0,7.0,5.0,91.67,264.0,13.0,0.0,11.0,12.0,5.0,5.0,0.0,7.0,1.0,,1.0,,
20211111830,2021,18,Sharks,Raiders,False,18,34,46.0,1325.0,72.0,27.0,37.0,145.0,1353.0,468.0,3.0,22.0,36.59,151.0,3.7,3.0,337.0,188.0,3.0,15.0,441.0,0.0,75.0,6.0,8.0,5.0,1.0,76.46,302.0,61.0,,32.0,10.0,4.0,2.0,2.0,8.0,1.0,1.0,,,1.0
20211111830,2021,18,Raiders,Sharks,True,34,18,54.0,1580.0,83.0,31.0,37.0,191.0,1921.0,553.0,4.0,61.0,51.94,228.0,3.39,22.0,387.0,201.0,8.0,18.0,402.0,1.0,57.0,4.0,7.0,6.0,4.0,91.86,316.0,22.0,,6.0,6.0,6.0,3.0,1.0,7.0,0.0,0.0,,,0.0
20211111840,2021,18,Roosters,Cowboys,False,34,18,54.0,1861.0,79.0,34.0,43.0,222.0,1981.0,659.0,11.0,52.0,46.07,222.0,3.38,11.0,497.0,278.0,5.0,19.0,539.0,1.0,60.0,3.0,5.0,8.0,2.0,85.97,331.0,34.0,1.0,20.0,12.0,2.0,4.0,0.0,8.0,0.0,,,,4.0
20211111840,2021,18,Cowboys,Roosters,True,18,34,46.0,1578.0,74.0,32.0,43.0,187.0,1765.0,557.0,6.0,34.0,41.05,220.0,3.73,11.0,381.0,195.0,15.0,18.0,609.0,0.0,89.0,8.0,9.0,4.0,1.0,84.14,398.0,52.0,0.0,23.0,11.0,4.0,4.0,1.0,7.0,2.0,,,,0.0
20211111850,2021,18,Knights,Storm,False,4,48,44.0,1328.0,76.0,26.0,34.0,157.0,1335.0,376.0,1.0,21.0,39.27,98.0,3.49,5.0,344.0,190.0,2.0,19.0,588.0,0.0,100.0,4.0,4.0,6.0,3.0,86.67,351.0,33.0,1.0,21.0,13.0,2.0,4.0,,6.0,,,,,1.0
20211111850,2021,18,Storm,Knights,True,48,4,56.0,1711.0,75.0,34.0,45.0,201.0,2183.0,567.0,10.0,33.0,48.52,312.0,3.99,12.0,428.0,237.0,5.0,18.0,576.0,1.0,60.0,6.0,10.0,1.0,3.0,91.02,294.0,21.0,0.0,8.0,12.0,2.0,2.0,,5.0,,,,,1.0
20211111860,2021,18,Panthers,Warriors,False,30,16,48.0,1500.0,82.0,32.0,39.0,185.0,988.0,288.0,7.0,37.0,25.34,162.0,3.58,14.0,408.0,227.0,31.0,18.0,204.0,2.0,80.0,4.0,5.0,3.0,4.0,81.77,332.0,43.0,,31.0,9.0,7.0,4.0,0.0,8.0,,,,,1.0
20211111860,2021,18,Warriors,Panthers,True,16,30,52.0,1670.0,72.0,32.0,44.0,200.0,775.0,285.0,6.0,43.0,17.62,53.0,3.4,20.0,460.0,262.0,17.0,17.0,185.0,2.0,71.0,5.0,7.0,2.0,3.0,84.17,303.0,37.0,,20.0,11.0,0.0,3.0,1.0,5.0,,,,,2.0
20211111870,2021,18,Wests Tigers,Broncos,False,42,24,56.0,1715.0,84.0,33.0,39.0,204.0,1769.0,542.0,7.0,26.0,45.38,168.0,3.42,15.0,430.0,239.0,28.0,22.0,590.0,1.0,44.0,4.0,9.0,4.0,4.0,83.57,290.0,41.0,,16.0,7.0,1.0,2.0,0.0,8.0,1.0,,,,1.0
20211111870,2021,18,Broncos,Wests Tigers,True,24,42,44.0,1359.0,67.0,21.0,31.0,151.0,1432.0,430.0,5.0,41.0,46.21,210.0,3.39,10.0,339.0,178.0,4.0,15.0,381.0,0.0,58.0,7.0,12.0,4.0,3.0,87.47,356.0,26.0,,25.0,10.0,6.0,3.0,1.0,8.0,1.0,,,,0.0
20211111880,2021,18,Bulldogs,Rabbitohs,False,24,32,40.0,1278.0,72.0,24.0,33.0,139.0,1222.0,420.0,4.0,10.0,37.04,130.0,3.18,7.0,319.0,172.0,18.0,17.0,617.0,1.0,27.0,4.0,15.0,3.0,1.0,88.83,366.0,35.0,1.0,11.0,9.0,6.0,4.0,2.0,7.0,1.0,1.0,1.0,,3.0
20211111880,2021,18,Rabbitohs,Bulldogs,True,32,24,60.0,1814.0,77.0,35.0,45.0,194.0,1820.0,630.0,6.0,35.0,40.46,300.0,3.88,8.0,392.0,206.0,2.0,17.0,467.0,1.0,80.0,4.0,5.0,2.0,4.0,92.79,283.0,10.0,0.0,12.0,10.0,3.0,1.0,0.0,6.0,1.0,0.0,0.0,,0.0
20211111910,2021,19,Raiders,Eels,False,12,10,44.0,1567.0,85.0,35.0,41.0,170.0,1633.0,576.0,4.0,37.0,39.85,197.0,3.47,9.0,382.0,189.0,1.0,23.0,755.0,2.0,23.0,3.0,13.0,2.0,3.0,89.96,439.0,24.0,,25.0,8.0,4.0,5.0,1.0,8.0,0.0,,,,1.0
20211111910,2021,19,Eels,Raiders,True,10,12,56.0,2009.0,82.0,38.0,46.0,241.0,2053.0,678.0,2.0,24.0,44.63,275.0,3.61,17.0,514.0,290.0,14.0,25.0,854.0,3.0,60.0,3.0,5.0,5.0,4.0,87.88,377.0,37.0,,15.0,12.0,3.0,4.0,0.0,8.0,1.0,,,,0.0
20211111920,2021,19,Knights,Roosters,False,8,28,47.0,1651.0,75.0,27.0,36.0,180.0,1547.0,538.0,2.0,25.0,42.98,146.0,3.46,5.0,414.0,231.0,19.0,22.0,501.0,0.0,71.0,5.0,7.0,9.0,2.0,89.74,411.0,32.0,,15.0,9.0,2.0,6.0,,6.0,0.0,,,,3.0
20211111920,2021,19,Roosters,Knights,True,28,8,53.0,1863.0,82.0,38.0,46.0,215.0,1924.0,694.0,10.0,32.0,41.85,125.0,3.57,10.0,474.0,264.0,5.0,20.0,596.0,1.0,77.0,10.0,13.0,3.0,3.0,91.77,357.0,25.0,,7.0,9.0,5.0,1.0,,7.0,1.0,,,,2.0
20211111930,2021,19,Storm,Cowboys,False,0,0,,,,,,,,,,,,,,,,,,,,,,,,,,,,,,,,,,,,,,,,
20211111930,2021,19,Cowboys,Storm,True,0,0,,,,,,,,,,,,,,,,,,,,,,,,,,,,,,,,,,,,,,,,
20211111940,2021,19,Warriors,Rabbitohs,False,22,60,36.0,1056.0,71.0,20.0,28.0,115.0,977.0,312.0,2.0,25.0,34.92,73.0,3.58,9.0,283.0,148.0,12.0,12.0,511.0,0.0,82.0,9.0,11.0,1.0,0.0,87.24,383.0,41.0,,15.0,12.0,2.0,2.0,1.0,8.0,,,,,1.0
20211111940,2021,19,Rabbitohs,Warriors,True,60,22,64.0,1782.0,81.0,35.0,43.0,239.0,2356.0,729.0,16.0,41.0,54.8,350.0,3.63,11.0,432.0,235.0,6.0,15.0,283.0,4.0,0.0,0.0,2.0,3.0,7.0,85.2,236.0,25.0,,16.0,8.0,2.0,1.0,1.0,8.0,,,,,2.0
20211111950,2021,19,Wests Tigers,Sea Eagles,False,24,44,53.0,1548.0,75.0,28.0,37.0,188.0,1652.0,458.0,7.0,24.0,44.67,156.0,3.17,12.0,403.0,235.0,27.0,18.0,520.0,2.0,38.0,3.0,8.0,3.0,3.0,80.7,255.0,48.0,1.0,13.0,11.0,3.0,3.0,0.0,6.0,0.0,,,,3.0
20211111950,2021,19,Sea Eagles,Wests Tigers,True,44,24,47.0,1379.0,70.0,28.0,40.0,173.0,1828.0,555.0,10.0,48.0,45.71,159.0,3.61,7.0,368.0,213.0,6.0,13.0,350.0,1.0,50.0,5.0,10.0,5.0,2.0,86.54,270.0,24.0,1.0,18.0,14.0,3.0,4.0,1.0,6.0,1.0,,,,0.0
20211111960,2021,19,Broncos,Panthers,False,12,18,54.0,1956.0,81.0,36.0,44.0,207.0,1772.0,640.0,3.0,69.0,40.28,223.0,3.43,12.0,480.0,264.0,38.0,27.0,645.0,3.0,78.0,7.0,9.0,1.0,9.0,89.8,352.0,27.0,1.0,13.0,9.0,5.0,2.0,2.0,8.0,0.0,1.0,,,
20211111960,2021,19,Panthers,Broncos,True,18,12,46.0,1640.0,78.0,33.0,42.0,197.0,1843.0,562.0,4.0,27.0,43.9,330.0,3.14,10.0,441.0,242.0,5.0,21.0,670.0,2.0,80.0,8.0,10.0,4.0,4.0,80.65,396.0,69.0,0.0,26.0,13.0,5.0,2.0,0.0,7.0,1.0,0.0,,,
20211111970,2021,19,Titans,Dragons,False,32,10,55.0,1794.0,78.0,33.0,42.0,222.0,2078.0,600.0,9.0,47.0,49.48,197.0,3.75,16.0,478.0,272.0,6.0,21.0,540.0,1.0,86.0,6.0,7.0,5.0,6.0,88.05,302.0,29.0,,12.0,11.0,4.0,3.0,1.0,7.0,1.0,,,,
20211111970,2021,19,Dragons,Titans,True,10,32,45.0,1487.0,71.0,27.0,38.0,183.0,1594.0,469.0,6.0,29.0,41.97,161.0,3.8,10.0,400.0,227.0,29.0,18.0,514.0,0.0,78.0,7.0,9.0,3.0,5.0,82.39,351.0,47.0,,28.0,13.0,2.0,3.0,1.0,8.0,1.0,,,,
20211111980,2021,19,Sharks,Bulldogs,False,44,24,58.0,1811.0,85.0,36.0,42.0,187.0,1821.0,553.0,8.0,53.0,43.36,272.0,3.51,12.0,414.0,233.0,40.0,16.0,371.0,3.0,55.0,6.0,11.0,3.0,4.0,82.75,235.0,35.0,1.0,14.0,6.0,0.0,2.0,0.0,8.0,0.0,0.0,,,2.0
20211111980,2021,19,Bulldogs,Sharks,True,24,44,42.0,1277.0,80.0,24.0,30.0,156.0,1432.0,405.0,4.0,35.0,47.75,249.0,3.33,9.0,326.0,175.0,2.0,16.0,343.0,2.0,80.0,4.0,5.0,2.0,3.0,82.44,324.0,53.0,0.0,16.0,9.0,6.0,3.0,1.0,7.0,1.0,1.0,,,2.0
20211112010,2021,20,Eels,Roosters,False,0,28,52.0,1848.0,73.0,28.0,38.0,200.0,1704.0,563.0,2.0,35.0,44.86,181.0,3.49,18.0,470.0,275.0,21.0,21.0,582.0,1.0,75.0,6.0,8.0,5.0,2.0,91.69,364.0,22.0,,11.0,12.0,2.0,4.0,0.0,9.0,1.0,,,,
20211112010,2021,20,Roosters,Eels,True,28,0,48.0,1609.0,75.0,31.0,41.0,183.0,1768.0,570.0,8.0,22.0,43.12,176.0,3.48,7.0,406.0,215.0,25.0,23.0,629.0,0.0,42.0,5.0,12.0,5.0,4.0,84.02,326.0,35.0,,27.0,11.0,3.0,2.0,2.0,7.0,0.0,,,,
20211112020,2021,20,Warriors,Wests Tigers,False,18,16,50.0,1740.0,75.0,33.0,44.0,199.0,1771.0,577.0,3.0,27.0,40.26,181.0,3.64,9.0,420.0,227.0,19.0,18.0,579.0,2.0,55.0,6.0,11.0,2.0,4.0,86.67,364.0,36.0,,20.0,12.0,1.0,4.0,0.0,8.0,0.0,,,,0.0
20211112020,2021,20,Wests Tigers,Warriors,True,16,18,50.0,1719.0,77.0,27.0,35.0,230.0,1914.0,649.0,5.0,36.0,54.71,197.0,3.25,17.0,451.0,247.0,6.0,18.0,478.0,1.0,80.0,4.0,5.0,4.0,2.0,89.97,350.0,27.0,,12.0,13.0,3.0,3.0,1.0,6.0,1.0,,,,1.0
20211112030,2021,20,Cowboys,Broncos,False,18,37,49.0,1645.0,78.0,29.0,37.0,158.0,1512.0,562.0,2.0,19.0,40.88,229.0,3.6,5.0,381.0,212.0,20.0,20.0,504.0,0.0,40.0,8.0,20.0,6.0,4.0,87.71,364.0,41.0,1.0,10.0,12.0,4.0,1.0,0.0,8.0,,,,,3.0
20211112030,2021,20,Broncos,Cowboys,True,37,18,51.0,1625.0,87.0,36.0,41.0,183.0,1579.0,583.0,5.0,41.0,38.52,167.0,3.65,7.0,408.0,211.0,7.0,26.0,634.0,1.0,54.0,7.0,13.0,2.0,10.0,90.66,301.0,19.0,0.0,12.0,8.0,5.0,1.0,1.0,8.0,,,,,0.0
20211112040,2021,20,Rabbitohs,Dragons,False,50,14,59.0,1831.0,76.0,32.0,42.0,208.0,2056.0,716.0,13.0,56.0,48.97,301.0,3.55,4.0,425.0,232.0,30.0,17.0,467.0,3.0,50.0,5.0,10.0,1.0,4.0,93.96,280.0,14.0,,4.0,10.0,5.0,2.0,2.0,8.0,1.0,,0.0,,1.0
20211112040,2021,20,Dragons,Rabbitohs,True,14,50,41.0,1238.0,77.0,27.0,35.0,132.0,1072.0,398.0,2.0,14.0,30.65,84.0,3.52,3.0,314.0,167.0,5.0,19.0,684.0,1.0,33.0,1.0,3.0,0.0,4.0,86.31,391.0,56.0,,6.0,11.0,3.0,3.0,2.0,8.0,2.0,,1.0,,1.0
20211112050,2021,20,Raiders,Knights,False,24,34,48.0,1572.0,81.0,31.0,38.0,183.0,1553.0,518.0,5.0,27.0,40.89,149.0,3.37,9.0,381.0,206.0,11.0,18.0,539.0,,62.0,5.0,8.0,7.0,1.0,88.89,352.0,30.0,,14.0,7.0,5.0,3.0,3.0,8.0,0.0,,,,3.0
20211112050,2021,20,Knights,Raiders,True,34,24,52.0,1673.0,85.0,35.0,41.0,175.0,1556.0,486.0,5.0,30.0,37.96,139.0,3.71,8.0,413.0,225.0,10.0,20.0,672.0,,89.0,8.0,9.0,3.0,2.0,90.16,339.0,27.0,,10.0,8.0,3.0,4.0,0.0,8.0,1.0,,,,1.0
20211112060,2021,20,Panthers,Storm,False,10,37,48.0,1526.0,71.0,30.0,42.0,172.0,1454.0,520.0,3.0,29.0,34.62,149.0,3.42,8.0,417.0,241.0,27.0,16.0,346.0,3.0,45.0,9.0,20.0,4.0,5.0,86.67,338.0,39.0,,13.0,16.0,6.0,4.0,0.0,8.0,1.0,,,,
20211112060,2021,20,Storm,Panthers,True,37,10,52.0,1676.0,86.0,37.0,43.0,185.0,1548.0,467.0,7.0,39.0,36.01,95.0,3.56,6.0,417.0,228.0,6.0,25.0,621.0,2.0,67.0,4.0,6.0,6.0,7.0,87.09,317.0,29.0,,18.0,8.0,6.0,6.0,1.0,8.0,0.0,,,,
20211112070,2021,20,Titans,Bulldogs,False,34,6,50.0,1606.0,73.0,30.0,41.0,200.0,1867.0,609.0,10.0,21.0,45.56,173.0,3.46,7.0,406.0,227.0,19.0,19.0,501.0,2.0,58.0,7.0,12.0,4.0,5.0,89.5,341.0,27.0,,13.0,10.0,4.0,2.0,0.0,7.0,0.0,,1.0,,2.0
20211112070,2021,20,Bulldogs,Titans,True,6,34,50.0,1640.0,80.0,29.0,36.0,183.0,1505.0,525.0,3.0,27.0,41.83,103.0,3.52,10.0,397.0,213.0,5.0,20.0,540.0,4.0,69.0,9.0,13.0,3.0,5.0,90.7,312.0,21.0,,11.0,10.0,4.0,2.0,1.0,7.0,1.0,,0.0,,1.0
20211112080,2021,20,Sea Eagles,Sharks,False,40,22,54.0,1626.0,73.0,33.0,45.0,198.0,1869.0,533.0,10.0,50.0,41.55,208.0,3.59,16.0,431.0,252.0,27.0,15.0,390.0,2.0,46.0,6.0,13.0,4.0,4.0,89.69,261.0,22.0,,8.0,15.0,2.0,7.0,2.0,6.0,1.0,1.0,,,2.0
20211112080,2021,20,Sharks,Sea Eagles,True,22,40,46.0,1374.0,85.0,35.0,41.0,164.0,1379.0,407.0,5.0,22.0,33.64,98.0,3.37,6.0,357.0,201.0,1.0,19.0,564.0,1.0,55.0,6.0,11.0,3.0,5.0,78.59,279.0,50.0,,26.0,8.0,7.0,2.0,2.0,8.0,0.0,1.0,,,1.0
20211112110,2021,21,Broncos,Knights,False,20,28,43.0,1296.0,77.0,27.0,35.0,143.0,1446.0,449.0,5.0,23.0,41.32,122.0,3.56,2.0,341.0,188.0,6.0,20.0,566.0,0.0,56.0,5.0,9.0,8.0,2.0,89.71,375.0,36.0,,7.0,11.0,5.0,3.0,1.0,8.0,0.0,,,,1.0
20211112110,2021,21,Knights,Broncos,True,28,20,57.0,1743.0,81.0,35.0,43.0,189.0,1867.0,576.0,6.0,36.0,43.43,216.0,3.28,6.0,433.0,243.0,10.0,22.0,560.0,2.0,71.0,10.0,14.0,3.0,6.0,91.56,293.0,23.0,,4.0,7.0,4.0,2.0,0.0,8.0,1.0,,,,0.0
20211112120,2021,21,Dragons,Raiders,False,12,20,52.0,1598.0,83.0,35.0,42.0,164.0,1482.0,481.0,4.0,34.0,35.3,105.0,3.69,4.0,407.0,241.0,26.0,19.0,629.0,0.0,38.0,3.0,8.0,1.0,3.0,90.96,342.0,25.0,,9.0,9.0,6.0,3.0,3.0,7.0,,,0.0,,2.0
20211112120,2021,21,Raiders,Dragons,True,20,12,48.0,1473.0,80.0,33.0,41.0,171.0,1445.0,519.0,1.0,25.0,35.26,131.0,3.4,4.0,338.0,175.0,4.0,18.0,552.0,1.0,50.0,3.0,6.0,3.0,3.0,88.92,337.0,34.0,,8.0,12.0,7.0,3.0,2.0,6.0,,,1.0,,2.0
20211112130,2021,21,Rabbitohs,Eels,False,40,12,53.0,1763.0,87.0,36.0,41.0,199.0,1744.0,596.0,9.0,29.0,42.55,225.0,3.36,11.0,427.0,227.0,7.0,22.0,635.0,1.0,50.0,5.0,10.0,0.0,5.0,89.34,327.0,16.0,,23.0,5.0,2.0,4.0,2.0,7.0,,,,,1.0
20211112130,2021,21,Eels,Rabbitohs,True,12,40,47.0,1603.0,89.0,33.0,37.0,195.0,1451.0,471.0,2.0,16.0,39.23,151.0,3.71,13.0,398.0,215.0,3.0,25.0,802.0,2.0,71.0,5.0,7.0,4.0,3.0,89.23,381.0,29.0,,17.0,6.0,7.0,1.0,1.0,8.0,,,,,1.0
20211112140,2021,21,Sharks,Warriors,False,16,18,48.0,1586.0,80.0,33.0,41.0,177.0,1807.0,600.0,4.0,38.0,44.09,197.0,3.49,5.0,406.0,236.0,9.0,17.0,400.0,2.0,70.0,7.0,10.0,5.0,5.0,82.67,334.0,38.0,,32.0,8.0,4.0,3.0,2.0,7.0,0.0,0.0,,,
20211112140,2021,21,Warriors,Sharks,True,18,16,52.0,1698.0,82.0,32.0,39.0,183.0,1829.0,612.0,5.0,38.0,46.91,192.0,3.79,18.0,435.0,235.0,25.0,22.0,545.0,3.0,79.0,11.0,14.0,3.0,7.0,87.43,327.0,38.0,,9.0,10.0,9.0,3.0,6.0,7.0,1.0,3.0,,,
20211112150,2021,21,Panthers,Roosters,False,20,14,50.0,1590.0,87.0,34.0,39.0,186.0,1825.0,550.0,6.0,36.0,46.79,188.0,3.36,9.0,440.0,256.0,14.0,18.0,474.0,2.0,50.0,3.0,6.0,3.0,3.0,85.32,343.0,39.0,,20.0,8.0,6.0,2.0,1.0,8.0,1.0,0.0,,,1.0
20211112150,2021,21,Roosters,Panthers,True,14,20,50.0,1655.0,75.0,30.0,40.0,181.0,1557.0,543.0,6.0,39.0,38.93,171.0,3.57,13.0,414.0,231.0,7.0,17.0,522.0,4.0,67.0,6.0,9.0,1.0,3.0,87.0,328.0,36.0,,13.0,12.0,8.0,2.0,2.0,8.0,0.0,1.0,,,1.0
20211112160,2021,21,Storm,Sea Eagles,False,28,18,58.0,1695.0,84.0,37.0,44.0,174.0,1652.0,556.0,3.0,23.0,37.55,206.0,3.89,10.0,422.0,238.0,10.0,22.0,537.0,4.0,71.0,5.0,7.0,4.0,9.0,90.15,238.0,22.0,0.0,4.0,7.0,4.0,2.0,0.0,8.0,,1.0,,,3.0
20211112160,2021,21,Sea Eagles,Storm,True,18,28,42.0,1293.0,66.0,26.0,39.0,150.0,1315.0,342.0,4.0,22.0,33.72,113.0,3.58,5.0,329.0,187.0,17.0,16.0,471.0,1.0,31.0,4.0,13.0,4.0,3.0,88.54,309.0,23.0,1.0,17.0,12.0,7.0,6.0,1.0,8.0,,0.0,,,1.0
20211112170,2021,21,Wests Tigers,Bulldogs,False,28,16,54.0,1720.0,73.0,30.0,41.0,202.0,1604.0,619.0,2.0,40.0,39.13,151.0,3.4,20.0,440.0,243.0,27.0,21.0,485.0,0.0,88.0,7.0,8.0,3.0,1.0,90.66,330.0,27.0,,7.0,13.0,1.0,4.0,0.0,6.0,1.0,0.0,1.0,,4.0
20211112170,2021,21,Bulldogs,Wests Tigers,True,16,28,46.0,1470.0,79.0,31.0,39.0,190.0,1497.0,449.0,3.0,27.0,38.4,149.0,3.46,5.0,381.0,213.0,10.0,16.0,354.0,1.0,45.0,5.0,11.0,4.0,5.0,83.86,343.0,40.0,,26.0,9.0,8.0,2.0,2.0,8.0,0.0,1.0,0.0,,1.0
20211112180,2021,21,Cowboys,Titans,False,14,36,41.0,1235.0,65.0,21.0,32.0,161.0,1362.0,390.0,3.0,16.0,42.58,185.0,3.85,6.0,331.0,187.0,17.0,14.0,422.0,1.0,61.0,11.0,18.0,4.0,3.0,89.23,373.0,31.0,1.0,14.0,13.0,10.0,2.0,1.0,8.0,1.0,0.0,0.0,,1.0
20211112180,2021,21,Titans,Cowboys,True,36,14,59.0,1795.0,82.0,38.0,46.0,194.0,1817.0,664.0,3.0,31.0,39.5,194.0,3.56,7.0,451.0,259.0,25.0,25.0,486.0,2.0,43.0,3.0,7.0,1.0,9.0,90.71,254.0,16.0,0.0,10.0,8.0,4.0,2.0,0.0,6.0,1.0,1.0,1.0,,0.0
20211112210,2021,22,Raiders,Storm,False,16,26,47.0,1457.0,77.0,28.0,36.0,158.0,1288.0,470.0,2.0,35.0,35.8,123.0,3.57,8.0,339.0,176.0,4.0,24.0,645.0,1.0,70.0,7.0,10.0,6.0,3.0,84.94,327.0,38.0,,20.0,8.0,7.0,2.0,1.0,7.0,,,,1.0,2.0
20211112210,2021,22,Storm,Raiders,True,26,16,53.0,1641.0,82.0,32.0,39.0,185.0,1620.0,484.0,4.0,38.0,41.55,183.0,3.5,13.0,402.0,224.0,29.0,20.0,596.0,2.0,40.0,4.0,10.0,1.0,5.0,84.75,289.0,35.0,,17.0,7.0,7.0,2.0,0.0,7.0,,,,0.0,0.0
20211112220,2021,22,Panthers,Dragons,False,34,16,46.0,1504.0,71.0,30.0,42.0,173.0,1463.0,402.0,5.0,35.0,34.85,188.0,3.56,6.0,401.0,223.0,18.0,19.0,681.0,2.0,55.0,6.0,11.0,4.0,1.0,88.14,364.0,33.0,1.0,16.0,14.0,3.0,4.0,1.0,7.0,,1.0,,,1.0
20211112220,2021,22,Dragons,Panthers,True,16,34,54.0,1739.0,79.0,35.0,44.0,181.0,1381.0,519.0,5.0,33.0,31.39,182.0,3.9,11.0,467.0,273.0,11.0,22.0,664.0,1.0,50.0,3.0,6.0,0.0,4.0,88.25,323.0,35.0,0.0,8.0,9.0,1.0,4.0,1.0,8.0,,0.0,,,0.0
20211112230,2021,22,Roosters,Broncos,False,21,20,53.0,1730.0,69.0,30.0,43.0,218.0,1793.0,533.0,4.0,35.0,41.71,245.0,3.36,6.0,443.0,251.0,9.0,18.0,483.0,2.0,56.0,5.0,9.0,6.0,4.0,90.44,350.0,32.0,,5.0,16.0,6.0,2.0,2.0,6.0,1.0,,,,1.0
20211112230,2021,22,Broncos,Roosters,True,20,21,47.0,1475.0,82.0,33.0,40.0,172.0,1509.0,583.0,3.0,32.0,37.74,141.0,3.21,5.0,372.0,190.0,12.0,22.0,566.0,0.0,42.0,5.0,12.0,5.0,2.0,88.28,324.0,35.0,,8.0,10.0,7.0,1.0,3.0,8.0,1.0,,,,0.0
20211112240,2021,22,Titans,Rabbitohs,False,6,36,45.0,1404.0,75.0,31.0,41.0,152.0,1371.0,453.0,6.0,25.0,33.45,97.0,3.53,4.0,350.0,190.0,15.0,17.0,384.0,2.0,78.0,7.0,9.0,1.0,5.0,87.05,336.0,33.0,1.0,17.0,14.0,6.0,2.0,1.0,6.0,,,,,1.0
20211112240,2021,22,Rabbitohs,Titans,True,36,6,55.0,1688.0,79.0,34.0,43.0,224.0,1946.0,620.0,8.0,33.0,45.26,272.0,3.86,10.0,425.0,234.0,4.0,18.0,495.0,2.0,60.0,6.0,10.0,4.0,4.0,91.3,315.0,25.0,0.0,5.0,11.0,4.0,4.0,0.0,7.0,,,,,4.0
20211112250,2021,22,Wests Tigers,Cowboys,False,24,16,51.0,1791.0,78.0,32.0,41.0,226.0,1868.0,717.0,5.0,37.0,45.57,152.0,3.15,16.0,434.0,227.0,4.0,20.0,703.0,1.0,76.0,13.0,17.0,6.0,2.0,94.94,338.0,14.0,,4.0,11.0,7.0,2.0,4.0,8.0,1.0,1.0,,,2.0
20211112250,2021,22,Cowboys,Wests Tigers,True,16,24,49.0,1659.0,86.0,37.0,43.0,197.0,1949.0,591.0,4.0,14.0,45.33,205.0,3.13,3.0,424.0,245.0,27.0,24.0,455.0,0.0,75.0,6.0,8.0,7.0,7.0,84.79,368.0,37.0,,29.0,6.0,4.0,3.0,2.0,8.0,2.0,0.0,,,1.0
20211112260,2021,22,Eels,Sea Eagles,False,10,56,43.0,1188.0,65.0,19.0,29.0,154.0,1097.0,338.0,1.0,13.0,37.84,76.0,3.35,4.0,332.0,191.0,11.0,14.0,366.0,1.0,33.0,2.0,6.0,3.0,3.0,89.07,326.0,35.0,,5.0,10.0,7.0,2.0,1.0,7.0,,1.0,,1.0,
20211112260,2021,22,Sea Eagles,Eels,True,56,10,57.0,1565.0,79.0,34.0,43.0,174.0,1637.0,397.0,14.0,35.0,38.08,236.0,3.7,4.0,424.0,248.0,6.0,18.0,572.0,3.0,33.0,3.0,9.0,0.0,2.0,93.54,246.0,13.0,,4.0,9.0,5.0,3.0,2.0,7.0,,0.0,,0.0,
20211112270,2021,22,Bulldogs,Warriors,False,10,24,48.0,1653.0,81.0,31.0,38.0,204.0,1691.0,544.0,1.0,18.0,44.51,103.0,3.29,10.0,416.0,229.0,15.0,20.0,543.0,1.0,64.0,7.0,11.0,6.0,4.0,88.76,379.0,33.0,1.0,15.0,9.0,9.0,2.0,3.0,9.0,0.0,,,,2.0
20211112270,2021,22,Warriors,Bulldogs,True,24,10,52.0,1754.0,76.0,32.0,42.0,211.0,1767.0,677.0,6.0,33.0,42.08,180.0,3.75,10.0,433.0,242.0,24.0,19.0,404.0,0.0,60.0,6.0,10.0,6.0,5.0,90.65,349.0,18.0,0.0,18.0,12.0,2.0,6.0,0.0,8.0,1.0,,,,1.0
20211112280,2021,22,Knights,Sharks,False,16,14,53.0,1753.0,85.0,36.0,42.0,197.0,1723.0,554.0,2.0,34.0,41.04,214.0,3.21,11.0,463.0,255.0,3.0,20.0,552.0,2.0,88.0,7.0,8.0,4.0,5.0,89.26,324.0,24.0,,15.0,9.0,4.0,4.0,2.0,7.0,0.0,,,,
20211112280,2021,22,Sharks,Knights,True,14,16,47.0,1513.0,80.0,34.0,42.0,179.0,1519.0,483.0,3.0,24.0,36.18,98.0,3.2,10.0,405.0,222.0,20.0,21.0,478.0,0.0,100.0,8.0,8.0,5.0,5.0,88.45,383.0,34.0,,16.0,8.0,9.0,1.0,2.0,7.0,2.0,,,,
20211112310,2021,23,Storm,Titans,False,34,20,51.0,1562.0,72.0,29.0,40.0,187.0,1813.0,502.0,9.0,36.0,45.33,214.0,3.49,8.0,390.0,220.0,24.0,14.0,429.0,2.0,57.0,4.0,7.0,1.0,3.0,92.53,322.0,19.0,,7.0,11.0,1.0,3.0,0.0,8.0,0.0,,,,2.0
20211112310,2021,23,Titans,Storm,True,20,34,49.0,1480.0,71.0,25.0,35.0,168.0,1561.0,513.0,4.0,19.0,44.6,130.0,3.24,4.0,363.0,198.0,8.0,16.0,523.0,0.0,67.0,4.0,6.0,4.0,2.0,85.39,304.0,36.0,,16.0,12.0,5.0,1.0,2.0,7.0,1.0,,,,0.0
20211112320,2021,23,Sea Eagles,Raiders,False,19,18,52.0,1872.0,79.0,34.0,43.0,205.0,1748.0,513.0,5.0,51.0,40.65,236.0,3.57,6.0,462.0,255.0,12.0,29.0,886.0,3.0,71.0,5.0,7.0,3.0,5.0,89.09,351.0,38.0,,5.0,10.0,3.0,3.0,0.0,6.0,1.0,1.0,,,0.0
20211112320,2021,23,Raiders,Sea Eagles,True,18,19,48.0,1676.0,80.0,34.0,42.0,195.0,1714.0,561.0,3.0,38.0,40.83,222.0,3.13,3.0,400.0,200.0,4.0,25.0,869.0,0.0,55.0,6.0,11.0,5.0,2.0,86.39,381.0,51.0,,9.0,9.0,1.0,2.0,1.0,8.0,0.0,0.0,,,1.0
20211112330,2021,23,Rabbitohs,Panthers,False,12,25,44.0,1416.0,73.0,28.0,38.0,171.0,1410.0,459.0,3.0,31.0,37.12,197.0,3.29,8.0,366.0,191.0,6.0,21.0,637.0,0.0,40.0,4.0,10.0,3.0,3.0,89.91,383.0,32.0,,11.0,11.0,11.0,0.0,1.0,8.0,2.0,,1.0,,0.0
20211112330,2021,23,Panthers,Rabbitohs,True,25,12,56.0,1794.0,88.0,38.0,43.0,193.0,1586.0,542.0,2.0,32.0,36.9,255.0,3.47,6.0,470.0,268.0,4.0,27.0,885.0,2.0,100.0,6.0,6.0,4.0,2.0,88.43,321.0,31.0,,11.0,7.0,2.0,1.0,0.0,7.0,1.0,,0.0,,2.0
20211112340,2021,23,Sharks,Wests Tigers,False,50,20,51.0,1519.0,70.0,28.0,40.0,161.0,1784.0,476.0,10.0,38.0,44.61,151.0,3.43,7.0,374.0,213.0,24.0,15.0,319.0,1.0,56.0,5.0,9.0,5.0,6.0,80.23,284.0,39.0,1.0,31.0,15.0,4.0,1.0,1.0,9.0,1.0,,1.0,,2.0
20211112340,2021,23,Wests Tigers,Sharks,True,20,50,49.0,1426.0,66.0,26.0,39.0,208.0,1687.0,529.0,5.0,39.0,43.27,129.0,3.22,19.0,393.0,221.0,29.0,12.0,301.0,0.0,70.0,7.0,10.0,5.0,1.0,84.73,283.0,38.0,0.0,13.0,12.0,3.0,1.0,0.0,8.0,0.0,,0.0,,0.0
20211112350,2021,23,Knights,Bulldogs,False,22,16,56.0,1952.0,84.0,37.0,44.0,217.0,2001.0,688.0,4.0,22.0,45.49,263.0,3.31,10.0,454.0,253.0,8.0,23.0,441.0,1.0,45.0,5.0,11.0,10.0,10.0,92.53,347.0,11.0,,17.0,8.0,4.0,2.0,1.0,7.0,0.0,,,,3.0
20211112350,2021,23,Bulldogs,Knights,True,16,22,44.0,1524.0,80.0,28.0,35.0,162.0,1356.0,539.0,1.0,11.0,38.77,89.0,3.34,8.0,370.0,200.0,15.0,19.0,581.0,0.0,69.0,11.0,16.0,1.0,3.0,91.63,394.0,22.0,,14.0,10.0,7.0,3.0,3.0,7.0,1.0,,,,3.0
20211112360,2021,23,Cowboys,Eels,False,16,32,51.0,1606.0,75.0,30.0,40.0,183.0,1453.0,467.0,5.0,25.0,36.33,130.0,3.44,11.0,405.0,215.0,28.0,23.0,656.0,2.0,56.0,5.0,9.0,2.0,1.0,85.94,324.0,37.0,1.0,16.0,15.0,6.0,1.0,3.0,8.0,,,,,2.0
20211112360,2021,23,Eels,Cowboys,True,32,16,49.0,1556.0,69.0,32.0,46.0,187.0,1675.0,589.0,5.0,37.0,36.43,188.0,3.19,8.0,401.0,220.0,2.0,16.0,447.0,3.0,40.0,2.0,5.0,1.0,2.0,87.59,353.0,25.0,0.0,25.0,15.0,4.0,0.0,1.0,8.0,,,,,2.0
20211112370,2021,23,Roosters,Dragons,False,40,22,55.0,1758.0,73.0,30.0,41.0,216.0,2014.0,593.0,12.0,47.0,49.12,216.0,3.4,13.0,429.0,232.0,15.0,17.0,444.0,3.0,75.0,6.0,8.0,1.0,3.0,85.67,311.0,35.0,0.0,17.0,15.0,2.0,4.0,,6.0,1.0,,,,1.0
20211112370,2021,23,Dragons,Roosters,True,22,40,45.0,1456.0,77.0,28.0,36.0,186.0,1571.0,474.0,5.0,35.0,43.64,151.0,3.6,10.0,380.0,208.0,26.0,14.0,422.0,0.0,50.0,5.0,10.0,4.0,3.0,83.8,388.0,47.0,1.0,28.0,11.0,3.0,2.0,,9.0,1.0,,,,1.0
20211112380,2021,23,Warriors,Broncos,False,22,24,48.0,1631.0,82.0,29.0,35.0,170.0,1576.0,531.0,4.0,30.0,45.04,170.0,3.47,6.0,428.0,237.0,24.0,27.0,782.0,2.0,36.0,5.0,14.0,8.0,6.0,89.37,370.0,35.0,,9.0,11.0,2.0,1.0,1.0,7.0,2.0,,,,1.0
20211112380,2021,23,Broncos,Warriors,True,24,22,52.0,1762.0,79.0,31.0,39.0,189.0,1889.0,636.0,4.0,35.0,48.45,251.0,3.43,6.0,434.0,241.0,3.0,24.0,654.0,2.0,38.0,5.0,13.0,6.0,2.0,89.84,336.0,30.0,,8.0,11.0,1.0,0.0,1.0,7.0,0.0,,,,0.0
20211112410,2021,24,Titans,Knights,False,14,15,54.0,1789.0,86.0,32.0,37.0,194.0,1864.0,699.0,5.0,28.0,50.4,175.0,3.42,8.0,419.0,228.0,4.0,25.0,854.0,4.0,88.0,7.0,8.0,4.0,5.0,90.56,326.0,22.0,1.0,12.0,5.0,4.0,2.0,0.0,7.0,0.0,,0.0,,2.0
20211112410,2021,24,Knights,Titans,True,15,14,46.0,1573.0,75.0,30.0,40.0,180.0,1637.0,524.0,2.0,22.0,40.94,164.0,3.36,7.0,394.0,212.0,14.0,16.0,525.0,0.0,73.0,11.0,15.0,6.0,0.0,89.31,351.0,28.0,0.0,14.0,11.0,4.0,1.0,1.0,8.0,1.0,,1.0,,0.0
20211112420,2021,24,Raiders,Warriors,False,28,16,54.0,1704.0,75.0,33.0,44.0,204.0,2105.0,769.0,4.0,44.0,47.84,227.0,3.22,8.0,403.0,213.0,20.0,20.0,474.0,1.0,43.0,3.0,7.0,9.0,5.0,90.36,328.0,27.0,,8.0,14.0,4.0,0.0,0.0,6.0,0.0,,,,0.0
20211112420,2021,24,Warriors,Raiders,True,16,28,46.0,1458.0,75.0,28.0,37.0,182.0,1599.0,505.0,2.0,27.0,43.24,136.0,3.35,4.0,381.0,209.0,21.0,21.0,686.0,1.0,38.0,5.0,13.0,3.0,3.0,87.39,381.0,44.0,,11.0,10.0,7.0,2.0,3.0,7.0,1.0,,,,2.0
20211112430,2021,24,Rabbitohs,Roosters,False,54,12,61.0,1814.0,84.0,38.0,45.0,223.0,2075.0,635.0,11.0,51.0,46.11,313.0,3.63,13.0,489.0,289.0,9.0,16.0,427.0,3.0,75.0,3.0,4.0,2.0,5.0,89.51,273.0,19.0,1.0,13.0,8.0,2.0,3.0,1.0,6.0,1.0,2.0,,,1.0
20211112430,2021,24,Roosters,Rabbitohs,True,12,54,39.0,1158.0,74.0,23.0,31.0,135.0,1053.0,340.0,1.0,19.0,33.99,101.0,3.44,8.0,330.0,189.0,15.0,13.0,424.0,0.0,75.0,6.0,8.0,2.0,0.0,84.16,409.0,51.0,0.0,26.0,11.0,7.0,2.0,3.0,7.0,1.0,1.0,,,0.0
20211112440,2021,24,Cowboys,Dragons,False,38,26,49.0,1510.0,73.0,28.0,38.0,174.0,1836.0,475.0,8.0,34.0,48.32,166.0,3.74,11.0,368.0,198.0,13.0,17.0,390.0,2.0,33.0,3.0,9.0,2.0,4.0,82.38,304.0,46.0,1.0,19.0,12.0,5.0,3.0,1.0,8.0,1.0,,,,
20211112440,2021,24,Dragons,Cowboys,True,26,38,51.0,1523.0,67.0,25.0,37.0,190.0,1492.0,492.0,6.0,46.0,40.35,144.0,3.35,13.0,383.0,207.0,7.0,16.0,477.0,2.0,57.0,4.0,7.0,1.0,3.0,86.32,328.0,34.0,0.0,18.0,13.0,4.0,2.0,2.0,8.0,1.0,,,,
20211112450,2021,24,Broncos,Sharks,False,16,24,50.0,1632.0,75.0,27.0,36.0,203.0,1835.0,558.0,7.0,28.0,50.99,183.0,3.0,11.0,424.0,234.0,4.0,22.0,478.0,3.0,69.0,9.0,13.0,5.0,5.0,87.26,315.0,30.0,,16.0,11.0,6.0,0.0,4.0,8.0,,2.0,,,2.0
20211112450,2021,24,Sharks,Broncos,True,24,16,50.0,1656.0,76.0,29.0,38.0,210.0,1914.0,551.0,5.0,30.0,50.38,159.0,3.43,10.0,444.0,259.0,32.0,17.0,394.0,1.0,44.0,7.0,16.0,5.0,3.0,87.87,326.0,28.0,,17.0,11.0,2.0,2.0,1.0,7.0,,0.0,,,1.0
20211112460,2021,24,Eels,Storm,False,22,10,52.0,1799.0,90.0,37.0,41.0,202.0,1706.0,517.0,4.0,34.0,41.63,89.0,3.79,7.0,465.0,267.0,19.0,22.0,724.0,0.0,100.0,5.0,5.0,9.0,1.0,87.02,315.0,29.0,,18.0,11.0,3.0,4.0,2.0,8.0,,,,,2.0
20211112460,2021,24,Storm,Eels,True,10,22,48.0,1695.0,69.0,29.0,42.0,217.0,1816.0,524.0,7.0,29.0,43.24,134.0,3.17,13.0,413.0,234.0,5.0,16.0,495.0,1.0,45.0,5.0,11.0,1.0,3.0,89.74,376.0,34.0,,9.0,12.0,6.0,1.0,3.0,7.0,,,,,3.0
20211112470,2021,24,Bulldogs,Sea Eagles,False,18,36,42.0,1326.0,81.0,27.0,33.0,171.0,1392.0,411.0,5.0,12.0,42.2,147.0,3.5,10.0,348.0,193.0,17.0,18.0,502.0,1.0,44.0,4.0,9.0,4.0,4.0,85.16,310.0,37.0,0.0,17.0,7.0,6.0,2.0,3.0,8.0,,0.0,,,4.0
20211112470,2021,24,Sea Eagles,Bulldogs,True,36,18,58.0,1750.0,73.0,33.0,45.0,244.0,2059.0,596.0,7.0,37.0,45.76,240.0,3.75,11.0,459.0,271.0,28.0,16.0,469.0,4.0,100.0,10.0,10.0,2.0,3.0,91.35,264.0,12.0,1.0,13.0,11.0,4.0,2.0,1.0,6.0,,1.0,,,1.0
20211112480,2021,24,Wests Tigers,Panthers,False,16,30,48.0,1613.0,81.0,31.0,38.0,178.0,1285.0,453.0,3.0,29.0,33.83,49.0,3.45,11.0,417.0,220.0,12.0,23.0,728.0,0.0,56.0,5.0,9.0,4.0,2.0,85.58,362.0,46.0,0.0,15.0,8.0,5.0,1.0,1.0,6.0,1.0,,,,0.0
20211112480,2021,24,Panthers,Wests Tigers,True,30,16,52.0,1721.0,62.0,27.0,43.0,196.0,2027.0,662.0,7.0,46.0,47.15,311.0,3.65,10.0,449.0,266.0,5.0,14.0,336.0,2.0,50.0,5.0,10.0,1.0,6.0,88.69,353.0,29.0,1.0,16.0,17.0,2.0,4.0,0.0,7.0,0.0,,,,1.0
20211112510,2021,25,Roosters,Raiders,False,40,16,57.0,1720.0,72.0,31.0,43.0,205.0,1968.0,644.0,7.0,41.0,45.77,201.0,3.61,10.0,444.0,252.0,35.0,15.0,460.0,1.0,100.0,8.0,8.0,1.0,2.0,85.8,284.0,27.0,,20.0,11.0,3.0,0.0,0.0,8.0,,,,,2.0
20211112510,2021,25,Raiders,Roosters,True,16,40,43.0,1285.0,58.0,20.0,34.0,139.0,1388.0,467.0,3.0,27.0,40.84,146.0,3.26,8.0,321.0,174.0,3.0,12.0,271.0,0.0,50.0,3.0,6.0,3.0,3.0,86.21,375.0,41.0,,19.0,15.0,8.0,1.0,3.0,7.0,,,,,2.0
20211112520,2021,25,Storm,Sharks,False,28,16,50.0,1564.0,63.0,23.0,36.0,184.0,1761.0,483.0,6.0,54.0,48.94,234.0,3.73,8.0,391.0,208.0,24.0,17.0,355.0,3.0,80.0,8.0,10.0,4.0,7.0,88.74,323.0,28.0,,13.0,15.0,3.0,3.0,2.0,8.0,,,,,
20211112520,2021,25,Sharks,Storm,True,16,28,50.0,1596.0,82.0,29.0,35.0,199.0,1579.0,395.0,4.0,28.0,45.12,132.0,3.7,8.0,427.0,247.0,4.0,19.0,499.0,4.0,64.0,9.0,14.0,2.0,3.0,81.84,293.0,54.0,,11.0,7.0,2.0,0.0,0.0,8.0,,,,,
20211112530,2021,25,Panthers,Eels,False,40,6,50.0,1581.0,85.0,35.0,41.0,185.0,1724.0,587.0,8.0,52.0,42.07,198.0,3.34,7.0,431.0,240.0,5.0,22.0,748.0,0.0,54.0,7.0,13.0,1.0,3.0,89.42,338.0,22.0,,18.0,9.0,5.0,1.0,0.0,8.0,,,,,
20211112530,2021,25,Eels,Panthers,True,6,40,50.0,1556.0,76.0,29.0,38.0,164.0,1369.0,457.0,1.0,22.0,36.03,187.0,3.64,9.0,381.0,203.0,4.0,22.0,678.0,3.0,67.0,2.0,3.0,4.0,6.0,84.86,370.0,52.0,,14.0,11.0,4.0,2.0,1.0,6.0,,,,,
20211112540,2021,25,Knights,Broncos,False,22,35,55.0,1680.0,64.0,25.0,39.0,200.0,1914.0,556.0,4.0,34.0,49.09,171.0,3.51,12.0,448.0,265.0,4.0,18.0,341.0,4.0,30.0,3.0,10.0,3.0,10.0,88.82,302.0,23.0,0.0,15.0,15.0,5.0,0.0,,8.0,1.0,,,,
20211112540,2021,25,Broncos,Knights,True,35,22,45.0,1385.0,71.0,28.0,39.0,165.0,1758.0,565.0,6.0,23.0,45.1,73.0,3.66,11.0,369.0,195.0,5.0,19.0,508.0,0.0,56.0,9.0,16.0,2.0,4.0,86.28,327.0,34.0,1.0,18.0,14.0,3.0,2.0,,8.0,0.0,,,,
20211112550,2021,25,Sea Eagles,Cowboys,False,46,18,56.0,1820.0,77.0,34.0,44.0,208.0,1925.0,580.0,11.0,57.0,43.76,220.0,3.32,15.0,466.0,264.0,6.0,22.0,630.0,2.0,60.0,6.0,10.0,2.0,6.0,90.07,272.0,22.0,0.0,8.0,12.0,2.0,2.0,0.0,6.0,1.0,,,,1.0
20211112550,2021,25,Cowboys,Sea Eagles,True,18,46,44.0,1477.0,74.0,26.0,35.0,170.0,1672.0,432.0,2.0,22.0,47.79,187.0,3.56,3.0,342.0,185.0,16.0,19.0,565.0,0.0,50.0,5.0,10.0,4.0,2.0,81.24,342.0,57.0,1.0,22.0,12.0,6.0,3.0,2.0,7.0,1.0,,,,0.0
20211112560,2021,25,Dragons,Rabbitohs,False,16,20,48.0,1762.0,75.0,33.0,44.0,177.0,1724.0,619.0,3.0,24.0,39.2,225.0,3.76,4.0,433.0,236.0,5.0,20.0,618.0,0.0,67.0,6.0,9.0,2.0,3.0,91.13,411.0,22.0,,18.0,13.0,5.0,1.0,2.0,7.0,,1.0,0.0,,0.0
20211112560,2021,25,Rabbitohs,Dragons,True,20,16,52.0,1841.0,90.0,39.0,43.0,217.0,1970.0,681.0,1.0,22.0,45.83,205.0,3.68,9.0,447.0,237.0,14.0,25.0,749.0,1.0,40.0,2.0,5.0,5.0,6.0,91.97,378.0,24.0,,9.0,7.0,3.0,5.0,1.0,8.0,,0.0,1.0,,1.0
20211112570,2021,25,Warriors,Titans,False,0,44,40.0,1129.0,55.0,16.0,29.0,137.0,1047.0,356.0,0.0,15.0,36.12,20.0,3.68,8.0,298.0,169.0,12.0,12.0,327.0,0.0,46.0,6.0,13.0,3.0,3.0,86.84,363.0,33.0,,22.0,13.0,8.0,3.0,2.0,8.0,,3.0,,,1.0
20211112570,2021,25,Titans,Warriors,True,44,0,60.0,1719.0,77.0,37.0,48.0,219.0,2223.0,708.0,9.0,33.0,46.32,236.0,3.5,12.0,450.0,249.0,8.0,17.0,425.0,5.0,56.0,5.0,9.0,3.0,9.0,90.08,227.0,15.0,,10.0,13.0,5.0,2.0,2.0,7.0,,1.0,,,0.0
20211112580,2021,25,Bulldogs,Wests Tigers,False,38,0,55.0,1669.0,77.0,37.0,48.0,184.0,1832.0,581.0,8.0,39.0,38.18,257.0,3.3,9.0,409.0,218.0,10.0,18.0,453.0,1.0,100.0,11.0,11.0,5.0,5.0,89.78,290.0,21.0,,12.0,14.0,2.0,1.0,,8.0,1.0,0.0,,,4.0
20211112580,2021,25,Wests Tigers,Bulldogs,True,0,38,45.0,1391.0,67.0,25.0,37.0,149.0,1410.0,585.0,1.0,21.0,38.13,118.0,3.28,9.0,341.0,184.0,14.0,16.0,327.0,1.0,33.0,4.0,12.0,8.0,4.0,87.61,382.0,39.0,,15.0,13.0,5.0,0.0,,9.0,2.0,2.0,,,7.0
20211112610,2021,26,Sea Eagles,Storm,False,12,40,40.0,1153.0,72.0,21.0,29.0,128.0,1012.0,304.0,0.0,19.0,34.93,121.0,4.09,7.0,300.0,173.0,5.0,16.0,478.0,1.0,100.0,6.0,6.0,3.0,1.0,85.83,309.0,36.0,,15.0,9.0,9.0,1.0,1.0,5.0,1.0,,0.0,,
20211112610,2021,26,Storm,Sea Eagles,True,40,12,60.0,1684.0,89.0,35.0,39.0,188.0,1671.0,475.0,5.0,36.0,42.85,172.0,4.23,11.0,425.0,236.0,33.0,15.0,479.0,2.0,40.0,2.0,5.0,2.0,5.0,89.33,226.0,19.0,,8.0,5.0,5.0,1.0,0.0,8.0,0.0,,1.0,,
20211112620,2021,26,Titans,Roosters,False,24,25,50.0,1535.0,66.0,24.0,36.0,166.0,1713.0,554.0,3.0,46.0,47.59,180.0,3.45,6.0,378.0,208.0,19.0,15.0,385.0,1.0,33.0,2.0,6.0,6.0,3.0,91.67,308.0,20.0,1.0,8.0,13.0,5.0,2.0,1.0,8.0,1.0,1.0,,,0.0
20211112620,2021,26,Roosters,Titans,True,25,24,50.0,1567.0,66.0,26.0,39.0,189.0,1607.0,467.0,4.0,20.0,41.21,153.0,3.67,6.0,414.0,234.0,6.0,15.0,454.0,1.0,67.0,6.0,9.0,3.0,2.0,84.03,321.0,46.0,0.0,15.0,12.0,4.0,1.0,1.0,7.0,0.0,0.0,,,2.0
20211112630,2021,26,Rabbitohs,Panthers,False,16,10,53.0,1788.0,84.0,37.0,44.0,217.0,1639.0,509.0,4.0,28.0,37.25,206.0,3.9,9.0,440.0,231.0,6.0,23.0,718.0,2.0,55.0,6.0,11.0,2.0,4.0,90.45,322.0,21.0,,13.0,9.0,5.0,2.0,0.0,8.0,0.0,,,,
20211112630,2021,26,Panthers,Rabbitohs,True,10,16,47.0,1574.0,75.0,30.0,40.0,165.0,1533.0,442.0,4.0,21.0,38.33,243.0,3.49,8.0,416.0,232.0,15.0,23.0,647.0,2.0,62.0,5.0,8.0,4.0,2.0,89.16,370.0,28.0,,17.0,12.0,7.0,3.0,2.0,9.0,1.0,,,,
20211112640,2021,26,Knights,Eels,False,20,28,47.0,1561.0,89.0,34.0,38.0,182.0,1440.0,432.0,4.0,28.0,37.91,144.0,3.27,8.0,438.0,236.0,1.0,23.0,836.0,0.0,64.0,9.0,14.0,3.0,2.0,89.75,394.0,28.0,,17.0,8.0,2.0,5.0,1.0,7.0,2.0,,,,0.0
20211112640,2021,26,Eels,Knights,True,28,20,53.0,1809.0,88.0,39.0,44.0,214.0,1880.0,607.0,5.0,28.0,42.74,247.0,3.26,11.0,473.0,263.0,16.0,25.0,675.0,1.0,67.0,4.0,6.0,7.0,6.0,88.75,363.0,28.0,,18.0,8.0,3.0,3.0,3.0,8.0,0.0,,,,1.0
20211112710,2021,27,Roosters,Sea Eagles,False,6,42,48.0,1444.0,71.0,30.0,42.0,171.0,1484.0,418.0,2.0,23.0,35.35,213.0,3.65,4.0,397.0,236.0,1.0,16.0,463.0,3.0,100.0,3.0,3.0,3.0,2.0,89.05,374.0,38.0,,8.0,13.0,7.0,2.0,1.0,8.0,,,,,0.0
20211112710,2021,27,Sea Eagles,Roosters,True,42,6,52.0,1621.0,79.0,31.0,39.0,184.0,1652.0,513.0,7.0,38.0,42.38,190.0,3.9,3.0,415.0,231.0,8.0,16.0,663.0,0.0,75.0,6.0,8.0,1.0,0.0,89.47,272.0,23.0,,9.0,9.0,8.0,3.0,0.0,8.0,,,,,1.0
20211112720,2021,27,Eels,Panthers,False,6,8,51.0,1856.0,84.0,37.0,44.0,225.0,1816.0,492.0,2.0,36.0,41.28,320.0,3.7,7.0,480.0,262.0,20.0,30.0,835.0,4.0,65.0,11.0,17.0,6.0,7.0,87.18,374.0,35.0,0.0,20.0,10.0,7.0,2.0,3.0,9.0,1.0,,,,0.0
20211112720,2021,27,Panthers,Eels,True,8,6,49.0,1793.0,84.0,38.0,45.0,205.0,1583.0,437.0,1.0,35.0,35.19,218.0,3.54,12.0,469.0,250.0,4.0,26.0,860.0,2.0,71.0,12.0,17.0,5.0,6.0,89.52,410.0,36.0,1.0,12.0,9.0,2.0,4.0,0.0,8.0,1.0,,,,1.0
20211112810,2021,28,Sea Eagles,Rabbitohs,False,16,36,43.0,1417.0,66.0,24.0,36.0,155.0,1377.0,442.0,5.0,34.0,38.27,116.0,3.66,5.0,389.0,221.0,13.0,16.0,527.0,0.0,36.0,5.0,14.0,2.0,2.0,87.75,351.0,33.0,,16.0,17.0,4.0,4.0,1.0,6.0,1.0,1.0,,,0.0
20211112810,2021,28,Rabbitohs,Sea Eagles,True,36,16,57.0,1865.0,77.0,37.0,48.0,229.0,1897.0,600.0,4.0,33.0,39.54,232.0,3.78,11.0,476.0,255.0,3.0,24.0,568.0,3.0,40.0,2.0,5.0,3.0,8.0,87.93,306.0,34.0,,8.0,11.0,1.0,3.0,0.0,7.0,0.0,0.0,,,1.0
20211112820,2021,28,Panthers,Storm,False,10,6,48.0,1827.0,77.0,34.0,44.0,199.0,1642.0,459.0,2.0,42.0,37.32,148.0,3.86,9.0,465.0,251.0,3.0,25.0,784.0,0.0,50.0,5.0,10.0,6.0,2.0,85.62,387.0,48.0,,17.0,12.0,4.0,4.0,1.0,9.0,1.0,,,,2.0
20211112820,2021,28,Storm,Panthers,True,6,10,52.0,1980.0,69.0,34.0,49.0,212.0,1723.0,489.0,2.0,48.0,35.18,222.0,3.89,11.0,486.0,265.0,29.0,23.0,772.0,3.0,55.0,6.0,11.0,4.0,2.0,85.89,347.0,42.0,,15.0,16.0,3.0,2.0,2.0,9.0,2.0,,,,2.0
20211112910,2021,29,Rabbitohs,Panthers,False,12,14,47.0,1677.0,74.0,32.0,43.0,184.0,1503.0,439.0,4.0,59.0,34.97,160.0,3.77,7.0,397.0,204.0,10.0,20.0,712.0,0.0,45.0,5.0,11.0,5.0,1.0,91.42,373.0,23.0,0.0,12.0,11.0,2.0,1.0,0.0,9.0,1.0,,,,0.0
20211112910,2021,29,Panthers,Rabbitohs,True,14,12,53.0,1856.0,82.0,34.0,41.0,211.0,1801.0,591.0,2.0,23.0,43.94,274.0,3.75,6.0,462.0,245.0,11.0,27.0,837.0,5.0,78.0,7.0,9.0,10.0,1.0,83.96,356.0,59.0,3.0,9.0,7.0,3.0,3.0,1.0,7.0,0.0,,,,2.0
20221110110,2022,1,Sea Eagles,Panthers,False,6,28,43.0,1550.0,82.0,29.0,35.0,179.0,1379.0,501.0,1.0,26.0,39.4,96.0,3.95,6.0,380.0,204.0,9.0,22.0,740.0,2.0,80.0,12.0,15.0,4.0,2.0,86.49,384.0,44.0,,16.0,8.0,4.0,5.0,1.0,8.0,,,,,2.0
20221110110,2022,1,Panthers,Sea Eagles,True,28,6,57.0,2002.0,86.0,39.0,45.0,218.0,2084.0,803.0,6.0,44.0,46.32,340.0,3.59,12.0,518.0,287.0,18.0,22.0,538.0,1.0,43.0,3.0,7.0,6.0,5.0,90.84,337.0,26.0,,8.0,4.0,7.0,2.0,0.0,8.0,,,,,0.0
20221110120,2022,1,Sharks,Raiders,False,19,24,46.0,1466.0,67.0,23.0,34.0,161.0,1296.0,376.0,4.0,29.0,38.14,90.0,3.56,12.0,383.0,217.0,2.0,14.0,340.0,0.0,30.0,3.0,10.0,5.0,3.0,80.54,327.0,44.0,0.0,35.0,12.0,7.0,0.0,1.0,8.0,0.0,,,,1.0
20221110120,2022,1,Raiders,Sharks,True,24,19,54.0,1668.0,70.0,29.0,41.0,206.0,1429.0,425.0,3.0,44.0,34.86,103.0,3.67,23.0,395.0,206.0,22.0,14.0,377.0,1.0,57.0,4.0,7.0,4.0,5.0,85.39,298.0,29.0,1.0,22.0,13.0,5.0,1.0,0.0,8.0,2.0,,,,0.0
20221110130,2022,1,Rabbitohs,Broncos,False,4,11,48.0,1628.0,66.0,30.0,45.0,191.0,1580.0,546.0,2.0,19.0,35.12,190.0,3.78,9.0,405.0,223.0,6.0,15.0,416.0,,55.0,6.0,11.0,5.0,3.0,89.36,361.0,24.0,0.0,19.0,14.0,7.0,1.0,0.0,8.0,0.0,,,,0.0
20221110130,2022,1,Broncos,Rabbitohs,True,11,4,52.0,1763.0,83.0,35.0,42.0,180.0,1632.0,536.0,2.0,24.0,38.86,169.0,3.63,12.0,452.0,242.0,15.0,24.0,666.0,,100.0,9.0,9.0,4.0,6.0,91.24,354.0,19.0,2.0,15.0,14.0,5.0,4.0,1.0,7.0,1.0,,,,1.0
20221110140,2022,1,Knights,Roosters,False,20,6,54.0,1860.0,76.0,32.0,42.0,199.0,1802.0,733.0,7.0,35.0,42.91,183.0,4.13,12.0,479.0,278.0,5.0,22.0,600.0,2.0,82.0,9.0,11.0,4.0,4.0,92.94,329.0,13.0,1.0,12.0,11.0,7.0,1.0,0.0,8.0,1.0,1.0,,,0.0
20221110140,2022,1,Roosters,Knights,True,6,20,46.0,1587.0,66.0,26.0,39.0,171.0,1418.0,558.0,0.0,13.0,36.37,115.0,3.51,5.0,411.0,242.0,2.0,19.0,505.0,2.0,78.0,7.0,9.0,6.0,3.0,88.09,392.0,35.0,0.0,18.0,12.0,7.0,0.0,2.0,8.0,0.0,0.0,,,1.0
20221110150,2022,1,Dragons,Warriors,False,28,16,55.0,1631.0,78.0,32.0,41.0,180.0,1652.0,663.0,6.0,35.0,40.3,174.0,4.13,4.0,421.0,242.0,5.0,16.0,399.0,1.0,67.0,4.0,6.0,7.0,3.0,86.82,257.0,23.0,,16.0,9.0,4.0,3.0,0.0,8.0,1.0,,,,
20221110150,2022,1,Warriors,Dragons,True,16,28,45.0,1358.0,69.0,27.0,39.0,147.0,1298.0,522.0,4.0,23.0,33.29,137.0,3.5,9.0,371.0,212.0,18.0,17.0,543.0,1.0,90.0,9.0,10.0,1.0,5.0,89.53,359.0,35.0,,7.0,12.0,8.0,2.0,1.0,8.0,0.0,,,,
20221110160,2022,1,Storm,Wests Tigers,False,26,16,45.0,1289.0,80.0,28.0,35.0,140.0,1287.0,414.0,5.0,21.0,36.79,154.0,3.42,8.0,310.0,157.0,6.0,17.0,468.0,0.0,38.0,3.0,8.0,5.0,2.0,86.91,312.0,26.0,1.0,21.0,9.0,9.0,1.0,1.0,8.0,,,,,
20221110160,2022,1,Wests Tigers,Storm,True,16,26,55.0,1546.0,74.0,26.0,35.0,175.0,1493.0,498.0,2.0,26.0,42.68,142.0,3.19,13.0,408.0,237.0,9.0,15.0,397.0,1.0,67.0,4.0,6.0,2.0,2.0,89.07,277.0,21.0,0.0,13.0,11.0,7.0,0.0,0.0,7.0,,,,,
20221110170,2022,1,Titans,Eels,False,28,32,43.0,1257.0,67.0,21.0,31.0,128.0,1170.0,387.0,5.0,33.0,37.75,97.0,3.71,3.0,306.0,165.0,17.0,14.0,477.0,0.0,86.0,6.0,7.0,4.0,2.0,86.98,294.0,31.0,0.0,13.0,12.0,7.0,0.0,,8.0,1.0,,0.0,,
20221110170,2022,1,Eels,Titans,True,32,28,57.0,1562.0,77.0,28.0,36.0,171.0,1574.0,499.0,4.0,31.0,43.73,258.0,3.65,10.0,392.0,228.0,4.0,20.0,480.0,3.0,67.0,4.0,6.0,3.0,7.0,86.89,265.0,33.0,1.0,7.0,8.0,1.0,1.0,,7.0,0.0,,1.0,,
20221110180,2022,1,Bulldogs,Cowboys,False,6,4,50.0,1769.0,76.0,32.0,42.0,191.0,1831.0,606.0,3.0,19.0,43.6,90.0,3.43,4.0,426.0,233.0,13.0,21.0,629.0,1.0,78.0,7.0,9.0,4.0,5.0,92.15,364.0,28.0,,3.0,11.0,8.0,0.0,0.0,7.0,3.0,1.0,,,0.0
20221110180,2022,1,Cowboys,Bulldogs,True,4,6,50.0,1768.0,68.0,28.0,41.0,186.0,1923.0,663.0,2.0,28.0,46.9,185.0,4.02,2.0,408.0,228.0,17.0,17.0,450.0,2.0,67.0,6.0,9.0,7.0,3.0,93.25,387.0,19.0,,9.0,12.0,7.0,1.0,1.0,8.0,0.0,0.0,,,3.0
20221110210,2022,2,Rabbitohs,Storm,False,14,15,54.0,1854.0,61.0,29.0,47.0,234.0,1893.0,677.0,5.0,39.0,40.28,201.0,3.67,8.0,460.0,267.0,5.0,14.0,254.0,0.0,30.0,3.0,10.0,2.0,4.0,86.29,321.0,24.0,,27.0,19.0,4.0,1.0,,8.0,,0.0,,,1.0
20221110210,2022,2,Storm,Rabbitohs,True,15,14,46.0,1533.0,69.0,29.0,42.0,168.0,1445.0,593.0,3.0,24.0,34.42,93.0,3.34,16.0,383.0,192.0,6.0,22.0,613.0,2.0,38.0,3.0,8.0,3.0,4.0,87.83,361.0,39.0,,11.0,18.0,10.0,1.0,,9.0,,2.0,,,1.0
20221110220,2022,2,Panthers,Dragons,False,20,16,46.0,1508.0,68.0,26.0,38.0,169.0,1577.0,524.0,3.0,32.0,41.5,96.0,3.83,7.0,392.0,219.0,12.0,18.0,483.0,0.0,50.0,6.0,12.0,2.0,3.0,89.98,386.0,25.0,,18.0,12.0,7.0,0.0,,7.0,0.0,0.0,0.0,,1.0
20221110220,2022,2,Dragons,Panthers,True,16,20,54.0,1786.0,65.0,27.0,41.0,201.0,1633.0,572.0,3.0,25.0,39.85,150.0,3.98,9.0,446.0,252.0,11.0,19.0,471.0,2.0,60.0,3.0,5.0,6.0,4.0,87.68,306.0,32.0,,11.0,14.0,6.0,3.0,,8.0,2.0,2.0,1.0,,0.0
20221110230,2022,2,Sea Eagles,Roosters,False,12,26,45.0,1521.0,81.0,31.0,38.0,160.0,1477.0,524.0,3.0,33.0,38.88,185.0,4.02,7.0,377.0,211.0,21.0,21.0,521.0,2.0,50.0,5.0,10.0,1.0,8.0,88.74,331.0,32.0,,10.0,9.0,5.0,2.0,0.0,8.0,1.0,,0.0,,
20221110230,2022,2,Roosters,Sea Eagles,True,26,12,55.0,1798.0,73.0,34.0,46.0,197.0,1831.0,564.0,6.0,32.0,39.81,273.0,3.84,9.0,445.0,248.0,14.0,19.0,655.0,5.0,75.0,9.0,12.0,2.0,4.0,87.43,299.0,33.0,,10.0,13.0,7.0,2.0,1.0,7.0,1.0,,1.0,,
20221110240,2022,2,Warriors,Titans,False,18,20,50.0,1622.0,76.0,32.0,42.0,177.0,1829.0,548.0,5.0,29.0,43.56,209.0,3.77,9.0,422.0,233.0,23.0,19.0,485.0,5.0,70.0,7.0,10.0,4.0,8.0,85.71,324.0,36.0,2.0,18.0,12.0,7.0,1.0,0.0,8.0,0.0,,1.0,,0.0
20221110240,2022,2,Titans,Warriors,True,20,18,50.0,1598.0,74.0,32.0,43.0,183.0,1893.0,559.0,5.0,36.0,44.03,160.0,3.38,11.0,409.0,221.0,24.0,18.0,512.0,2.0,64.0,7.0,11.0,3.0,6.0,87.64,319.0,29.0,0.0,16.0,14.0,2.0,3.0,1.0,7.0,1.0,,0.0,,1.0
20221110250,2022,2,Eels,Sharks,False,16,18,54.0,1826.0,87.0,34.0,39.0,198.0,1771.0,634.0,3.0,37.0,45.43,154.0,3.43,13.0,449.0,243.0,8.0,21.0,665.0,2.0,83.0,5.0,6.0,4.0,4.0,82.18,309.0,49.0,,18.0,6.0,8.0,2.0,0.0,8.0,,,,,0.0
20221110250,2022,2,Sharks,Eels,True,18,16,46.0,1560.0,75.0,28.0,37.0,183.0,1816.0,621.0,10.0,49.0,49.09,222.0,3.64,11.0,417.0,241.0,24.0,14.0,418.0,1.0,67.0,6.0,9.0,3.0,2.0,86.73,379.0,37.0,,21.0,11.0,8.0,1.0,1.0,8.0,,,,,1.0
20221110260,2022,2,Raiders,Cowboys,False,6,26,41.0,1182.0,56.0,18.0,32.0,123.0,1112.0,363.0,2.0,31.0,34.77,86.0,3.54,4.0,265.0,138.0,12.0,10.0,281.0,1.0,29.0,5.0,17.0,1.0,3.0,91.32,326.0,19.0,0.0,12.0,15.0,8.0,2.0,1.0,8.0,1.0,1.0,1.0,,
20221110260,2022,2,Cowboys,Raiders,True,26,6,59.0,1745.0,76.0,30.0,39.0,173.0,1739.0,562.0,3.0,19.0,44.61,156.0,3.58,7.0,403.0,230.0,21.0,18.0,371.0,2.0,50.0,2.0,4.0,6.0,7.0,85.92,244.0,31.0,1.0,9.0,9.0,6.0,1.0,1.0,8.0,1.0,0.0,0.0,,
20221110270,2022,2,Wests Tigers,Knights,False,4,26,42.0,1396.0,61.0,24.0,39.0,156.0,1286.0,395.0,4.0,20.0,32.98,83.0,3.63,8.0,349.0,196.0,7.0,13.0,339.0,0.0,40.0,8.0,20.0,2.0,2.0,87.24,376.0,36.0,,19.0,18.0,6.0,1.0,1.0,6.0,3.0,1.0,,,1.0
20221110270,2022,2,Knights,Wests Tigers,True,26,4,58.0,1915.0,88.0,39.0,44.0,207.0,1769.0,592.0,3.0,36.0,40.22,182.0,3.81,12.0,482.0,272.0,37.0,26.0,659.0,3.0,100.0,4.0,4.0,8.0,9.0,90.12,292.0,20.0,,12.0,7.0,8.0,0.0,1.0,8.0,0.0,0.0,,,0.0
20221110280,2022,2,Broncos,Bulldogs,False,16,10,40.0,1352.0,75.0,27.0,36.0,143.0,1391.0,431.0,3.0,29.0,38.65,109.0,3.45,2.0,332.0,173.0,12.0,21.0,687.0,0.0,75.0,9.0,12.0,4.0,3.0,83.62,383.0,38.0,,37.0,9.0,6.0,1.0,0.0,7.0,,,,,
20221110280,2022,2,Bulldogs,Broncos,True,10,16,60.0,2087.0,75.0,31.0,41.0,229.0,1914.0,551.0,6.0,38.0,46.69,196.0,3.82,20.0,509.0,294.0,19.0,22.0,576.0,3.0,62.0,5.0,8.0,2.0,4.0,89.84,283.0,29.0,,3.0,12.0,3.0,1.0,1.0,8.0,,,,,
20221110310,2022,3,Sharks,Dragons,False,36,12,51.0,1608.0,72.0,31.0,43.0,184.0,1426.0,408.0,7.0,31.0,33.18,175.0,3.67,11.0,400.0,217.0,5.0,19.0,631.0,1.0,67.0,8.0,12.0,1.0,2.0,89.4,329.0,25.0,1.0,14.0,12.0,8.0,1.0,1.0,8.0,1.0,2.0,,,
20221110310,2022,3,Dragons,Sharks,True,12,36,49.0,1523.0,75.0,30.0,40.0,165.0,1237.0,443.0,2.0,25.0,30.93,90.0,3.63,8.0,405.0,230.0,26.0,22.0,627.0,0.0,38.0,3.0,8.0,4.0,7.0,86.65,305.0,31.0,0.0,16.0,9.0,7.0,0.0,2.0,8.0,0.0,1.0,,,
20221110320,2022,3,Warriors,Wests Tigers,False,16,12,49.0,1721.0,73.0,28.0,38.0,170.0,1528.0,555.0,1.0,10.0,40.21,226.0,3.91,6.0,400.0,219.0,10.0,18.0,543.0,1.0,44.0,7.0,16.0,9.0,1.0,87.98,322.0,30.0,1.0,14.0,12.0,7.0,1.0,0.0,8.0,2.0,1.0,,,3.0
20221110320,2022,3,Wests Tigers,Warriors,True,12,16,51.0,1700.0,77.0,34.0,44.0,194.0,1705.0,547.0,4.0,30.0,38.76,138.0,3.86,11.0,415.0,234.0,19.0,19.0,468.0,2.0,70.0,7.0,10.0,4.0,5.0,94.35,351.0,10.0,0.0,11.0,12.0,9.0,1.0,3.0,8.0,0.0,0.0,,,0.0
20221110330,2022,3,Roosters,Rabbitohs,False,16,28,47.0,1612.0,69.0,27.0,39.0,159.0,1560.0,521.0,5.0,43.0,40.01,194.0,3.79,7.0,382.0,217.0,19.0,16.0,432.0,2.0,71.0,10.0,14.0,0.0,4.0,89.27,366.0,32.0,1.0,12.0,12.0,7.0,1.0,,7.0,,,,,2.0
20221110330,2022,3,Rabbitohs,Roosters,True,28,16,53.0,1778.0,81.0,35.0,43.0,187.0,1771.0,634.0,3.0,32.0,41.19,201.0,3.77,5.0,424.0,233.0,15.0,21.0,433.0,2.0,50.0,3.0,6.0,8.0,8.0,84.74,322.0,43.0,0.0,15.0,9.0,5.0,1.0,,8.0,,,,,1.0
20221110340,2022,3,Knights,Panthers,False,20,38,48.0,1428.0,78.0,30.0,38.0,146.0,1273.0,413.0,5.0,28.0,33.51,137.0,3.78,5.0,352.0,191.0,15.0,17.0,705.0,,50.0,4.0,8.0,2.0,2.0,92.86,338.0,16.0,1.0,10.0,9.0,7.0,,2.0,8.0,1.0,,,1.0,
20221110340,2022,3,Panthers,Knights,True,38,20,52.0,1569.0,81.0,31.0,38.0,173.0,1638.0,572.0,4.0,16.0,43.12,231.0,2.98,6.0,407.0,225.0,2.0,21.0,592.0,,100.0,4.0,4.0,3.0,5.0,88.96,290.0,28.0,0.0,8.0,9.0,7.0,,0.0,6.0,0.0,,,0.0,
20221110350,2022,3,Eels,Storm,False,28,24,48.0,1605.0,78.0,29.0,37.0,173.0,1643.0,552.0,5.0,32.0,44.41,160.0,4.13,12.0,404.0,220.0,1.0,17.0,493.0,,36.0,4.0,11.0,5.0,3.0,83.37,351.0,44.0,0.0,26.0,11.0,5.0,3.0,0.0,6.0,0.0,,,,0.0
20221110350,2022,3,Storm,Eels,True,24,28,52.0,1716.0,68.0,28.0,41.0,194.0,1836.0,598.0,7.0,44.0,44.8,138.0,3.38,14.0,424.0,222.0,17.0,19.0,476.0,,50.0,7.0,14.0,8.0,2.0,85.91,317.0,32.0,1.0,20.0,12.0,7.0,2.0,1.0,8.0,1.0,,,,1.0
20221110360,2022,3,Titans,Raiders,False,22,24,48.0,1599.0,81.0,30.0,37.0,162.0,1403.0,501.0,5.0,32.0,37.94,118.0,3.17,5.0,388.0,217.0,2.0,21.0,570.0,1.0,75.0,6.0,8.0,4.0,5.0,84.42,325.0,37.0,1.0,23.0,8.0,4.0,0.0,1.0,8.0,0.0,,,,0.0
20221110360,2022,3,Raiders,Titans,True,24,22,52.0,1700.0,77.0,27.0,35.0,175.0,1683.0,601.0,4.0,37.0,48.1,206.0,3.8,14.0,382.0,199.0,25.0,17.0,463.0,2.0,46.0,6.0,13.0,4.0,6.0,89.08,318.0,32.0,1.0,7.0,9.0,6.0,1.0,0.0,7.0,1.0,,,,1.0
20221110370,2022,3,Cowboys,Broncos,False,38,12,56.0,1838.0,91.0,34.0,37.0,184.0,1791.0,698.0,4.0,38.0,48.42,182.0,3.87,7.0,455.0,255.0,4.0,26.0,711.0,3.0,73.0,8.0,11.0,8.0,6.0,82.21,268.0,47.0,0.0,11.0,3.0,5.0,0.0,0.0,7.0,,,,,2.0
20221110370,2022,3,Broncos,Cowboys,True,12,38,44.0,1477.0,71.0,25.0,35.0,143.0,1342.0,528.0,2.0,47.0,38.36,178.0,3.68,7.0,333.0,172.0,10.0,23.0,501.0,1.0,50.0,9.0,18.0,2.0,5.0,89.39,379.0,38.0,1.0,7.0,12.0,6.0,1.0,2.0,7.0,,,,,0.0
20221110380,2022,3,Bulldogs,Sea Eagles,False,12,13,48.0,1568.0,78.0,32.0,41.0,159.0,1425.0,468.0,1.0,15.0,34.77,97.0,4.05,7.0,388.0,214.0,3.0,22.0,567.0,1.0,75.0,9.0,12.0,2.0,7.0,85.55,302.0,29.0,1.0,22.0,10.0,8.0,5.0,,8.0,1.0,,,,0.0
20221110380,2022,3,Sea Eagles,Bulldogs,True,13,12,52.0,1686.0,70.0,33.0,47.0,188.0,1637.0,567.0,4.0,29.0,34.85,110.0,3.75,14.0,433.0,237.0,7.0,16.0,315.0,1.0,25.0,3.0,12.0,3.0,3.0,89.75,289.0,15.0,1.0,18.0,18.0,6.0,1.0,,8.0,0.0,,,,1.0
20221110410,2022,4,Wests Tigers,Titans,False,6,8,49.0,1564.0,75.0,28.0,37.0,178.0,1479.0,581.0,3.0,30.0,39.97,67.0,3.69,6.0,382.0,213.0,3.0,20.0,558.0,1.0,70.0,7.0,10.0,3.0,5.0,89.52,316.0,21.0,,16.0,13.0,10.0,1.0,1.0,7.0,1.0,1.0,,,0.0
20221110410,2022,4,Titans,Wests Tigers,True,8,6,51.0,1651.0,65.0,28.0,43.0,169.0,1604.0,739.0,1.0,21.0,37.3,202.0,3.61,10.0,377.0,208.0,51.0,15.0,325.0,0.0,35.0,6.0,17.0,5.0,6.0,88.86,303.0,30.0,,8.0,16.0,6.0,1.0,1.0,8.0,0.0,0.0,,,1.0
20221110420,2022,4,Knights,Sharks,False,0,18,47.0,1725.0,79.0,31.0,39.0,176.0,1268.0,459.0,1.0,19.0,32.52,57.0,3.54,5.0,433.0,245.0,49.0,23.0,709.0,1.0,56.0,9.0,16.0,3.0,5.0,85.25,393.0,45.0,1.0,23.0,9.0,6.0,1.0,1.0,8.0,,1.0,,,1.0
20221110420,2022,4,Sharks,Knights,True,18,0,53.0,2006.0,75.0,31.0,41.0,221.0,1929.0,594.0,5.0,45.0,47.06,142.0,3.7,14.0,503.0,289.0,33.0,21.0,414.0,0.0,69.0,9.0,13.0,7.0,7.0,92.45,343.0,19.0,1.0,9.0,13.0,8.0,0.0,1.0,8.0,,1.0,,,0.0
20221110430,2022,4,Rabbitohs,Panthers,False,12,26,44.0,1516.0,65.0,26.0,40.0,158.0,1421.0,571.0,6.0,40.0,35.54,138.0,3.66,9.0,379.0,206.0,15.0,14.0,439.0,2.0,64.0,9.0,14.0,4.0,2.0,91.97,401.0,18.0,1.0,17.0,14.0,7.0,2.0,1.0,8.0,0.0,,,,
20221110430,2022,4,Panthers,Rabbitohs,True,26,12,56.0,1860.0,85.0,36.0,42.0,199.0,1898.0,641.0,4.0,18.0,45.19,161.0,3.62,11.0,483.0,276.0,6.0,24.0,569.0,2.0,100.0,4.0,4.0,5.0,5.0,85.64,334.0,40.0,0.0,16.0,6.0,5.0,3.0,0.0,7.0,1.0,,,,
20221110440,2022,4,Broncos,Warriors,False,6,20,45.0,1471.0,71.0,27.0,38.0,163.0,1370.0,583.0,1.0,31.0,36.07,102.0,3.75,8.0,366.0,191.0,18.0,17.0,482.0,0.0,69.0,9.0,13.0,1.0,2.0,89.47,357.0,32.0,,10.0,15.0,10.0,0.0,4.0,7.0,0.0,2.0,,,1.0
20221110440,2022,4,Warriors,Broncos,True,20,6,55.0,1713.0,80.0,36.0,45.0,179.0,1675.0,707.0,4.0,32.0,37.24,165.0,3.56,8.0,442.0,250.0,22.0,21.0,581.0,3.0,36.0,4.0,11.0,11.0,2.0,84.83,302.0,31.0,,23.0,10.0,7.0,2.0,1.0,8.0,1.0,0.0,,,0.0
20221110450,2022,4,Raiders,Sea Eagles,False,6,25,46.0,1617.0,70.0,26.0,37.0,167.0,1425.0,499.0,2.0,24.0,38.52,162.0,3.77,25.0,336.0,161.0,20.0,17.0,471.0,1.0,50.0,5.0,10.0,3.0,5.0,90.26,352.0,25.0,1.0,13.0,13.0,8.0,0.0,2.0,5.0,1.0,,0.0,,1.0
20221110450,2022,4,Sea Eagles,Raiders,True,25,6,54.0,1826.0,75.0,34.0,45.0,186.0,1648.0,581.0,2.0,25.0,36.63,147.0,3.11,7.0,458.0,255.0,18.0,24.0,722.0,2.0,75.0,6.0,8.0,3.0,3.0,82.39,276.0,24.0,1.0,35.0,9.0,7.0,1.0,0.0,8.0,0.0,,1.0,,2.0
20221110460,2022,4,Roosters,Cowboys,False,28,4,55.0,1801.0,77.0,34.0,44.0,196.0,1772.0,571.0,7.0,31.0,40.29,190.0,3.79,6.0,444.0,251.0,13.0,19.0,515.0,1.0,82.0,9.0,11.0,4.0,2.0,87.54,295.0,28.0,0.0,14.0,11.0,8.0,1.0,0.0,8.0,,0.0,,,
20221110460,2022,4,Cowboys,Roosters,True,4,28,45.0,1508.0,76.0,30.0,39.0,150.0,1341.0,471.0,1.0,28.0,34.41,123.0,4.06,10.0,363.0,203.0,25.0,19.0,469.0,1.0,70.0,7.0,10.0,4.0,5.0,90.02,361.0,31.0,1.0,9.0,9.0,10.0,2.0,2.0,8.0,,3.0,,,
20221110470,2022,4,Bulldogs,Storm,False,0,44,52.0,1634.0,71.0,27.0,38.0,165.0,1237.0,460.0,1.0,27.0,32.56,95.0,3.97,23.0,387.0,209.0,19.0,17.0,467.0,4.0,80.0,4.0,5.0,5.0,3.0,90.34,318.0,20.0,,14.0,11.0,7.0,2.0,0.0,8.0,,,,,
20221110470,2022,4,Storm,Bulldogs,True,44,0,48.0,1500.0,79.0,34.0,43.0,175.0,1703.0,463.0,5.0,20.0,39.61,251.0,3.02,7.0,372.0,205.0,20.0,17.0,484.0,0.0,86.0,6.0,7.0,2.0,1.0,81.89,303.0,27.0,,40.0,10.0,6.0,4.0,1.0,7.0,,,,,
20221110480,2022,4,Dragons,Eels,False,14,48,45.0,1507.0,71.0,25.0,35.0,153.0,1326.0,451.0,5.0,20.0,37.89,126.0,3.59,9.0,409.0,244.0,52.0,16.0,514.0,1.0,53.0,10.0,19.0,1.0,5.0,82.93,311.0,40.0,,24.0,12.0,4.0,5.0,2.0,8.0,,,0.0,,
20221110480,2022,4,Eels,Dragons,True,48,14,55.0,1763.0,88.0,38.0,43.0,209.0,1877.0,530.0,8.0,40.0,43.67,184.0,3.87,17.0,479.0,274.0,15.0,22.0,612.0,0.0,60.0,3.0,5.0,6.0,7.0,90.94,311.0,20.0,,11.0,8.0,4.0,1.0,0.0,8.0,,,1.0,,
20221110510,2022,5,Sea Eagles,Knights,False,30,6,51.0,1537.0,76.0,32.0,42.0,174.0,1493.0,672.0,3.0,30.0,35.55,130.0,3.36,3.0,385.0,206.0,18.0,25.0,682.0,2.0,57.0,4.0,7.0,2.0,8.0,91.19,290.0,16.0,,12.0,11.0,8.0,5.0,2.0,7.0,1.0,,,,1.0
20221110510,2022,5,Knights,Sea Eagles,True,6,30,49.0,1499.0,69.0,29.0,42.0,165.0,1318.0,575.0,1.0,16.0,31.4,127.0,3.48,8.0,401.0,230.0,2.0,16.0,523.0,0.0,50.0,6.0,12.0,3.0,4.0,90.51,334.0,30.0,,5.0,13.0,7.0,2.0,1.0,8.0,1.0,,,,0.0
20221110520,2022,5,Cowboys,Warriors,False,24,25,55.0,1826.0,92.0,38.0,41.0,188.0,1933.0,672.0,5.0,25.0,47.15,190.0,3.9,12.0,452.0,242.0,44.0,23.0,587.0,1.0,67.0,6.0,9.0,9.0,6.0,87.96,314.0,36.0,1.0,7.0,5.0,6.0,1.0,0.0,7.0,1.0,,0.0,,0.0
20221110520,2022,5,Warriors,Cowboys,True,25,24,45.0,1476.0,82.0,33.0,40.0,162.0,1547.0,534.0,5.0,36.0,38.68,132.0,3.36,4.0,376.0,206.0,7.0,16.0,548.0,0.0,64.0,9.0,14.0,4.0,1.0,88.31,393.0,25.0,0.0,27.0,8.0,3.0,5.0,1.0,8.0,2.0,,1.0,,2.0
20221110530,2022,5,Roosters,Broncos,False,24,20,48.0,1574.0,71.0,30.0,42.0,189.0,1709.0,547.0,5.0,30.0,40.7,151.0,3.13,9.0,416.0,227.0,2.0,21.0,605.0,0.0,64.0,7.0,11.0,4.0,4.0,88.57,341.0,36.0,1.0,8.0,13.0,5.0,3.0,2.0,6.0,,,,,0.0
20221110530,2022,5,Broncos,Roosters,True,20,24,52.0,1771.0,83.0,35.0,42.0,173.0,1660.0,558.0,4.0,36.0,39.53,184.0,3.68,5.0,421.0,233.0,11.0,22.0,683.0,1.0,45.0,5.0,11.0,7.0,2.0,88.04,324.0,30.0,0.0,14.0,10.0,5.0,2.0,0.0,8.0,,,,,2.0
20221110540,2022,5,Storm,Raiders,False,30,16,51.0,1571.0,82.0,33.0,40.0,162.0,1553.0,570.0,5.0,34.0,38.83,66.0,4.03,10.0,374.0,204.0,13.0,18.0,457.0,0.0,60.0,3.0,5.0,6.0,3.0,84.49,256.0,31.0,,16.0,12.0,9.0,0.0,3.0,8.0,2.0,,,,2.0
20221110540,2022,5,Raiders,Storm,True,16,30,49.0,1555.0,67.0,27.0,40.0,157.0,1499.0,518.0,4.0,31.0,37.48,137.0,2.99,10.0,398.0,246.0,23.0,12.0,281.0,1.0,46.0,6.0,13.0,2.0,5.0,85.79,320.0,34.0,,19.0,13.0,7.0,2.0,1.0,6.0,1.0,,,,0.0
20221110550,2022,5,Dragons,Rabbitohs,False,12,24,50.0,1649.0,67.0,29.0,43.0,193.0,1682.0,573.0,6.0,33.0,39.13,135.0,3.55,12.0,476.0,283.0,15.0,20.0,533.0,2.0,69.0,9.0,13.0,3.0,6.0,87.86,340.0,31.0,0.0,16.0,17.0,5.0,3.0,,8.0,1.0,,,,0.0
20221110550,2022,5,Rabbitohs,Dragons,True,24,12,50.0,1627.0,72.0,31.0,43.0,190.0,1733.0,674.0,4.0,31.0,40.31,110.0,3.01,11.0,425.0,224.0,18.0,20.0,553.0,1.0,27.0,3.0,11.0,6.0,6.0,86.75,334.0,33.0,1.0,18.0,12.0,6.0,2.0,,8.0,0.0,,,,2.0
20221110560,2022,5,Eels,Titans,False,26,20,52.0,1672.0,80.0,32.0,40.0,169.0,1894.0,757.0,4.0,22.0,47.37,323.0,3.1,9.0,399.0,211.0,0.0,21.0,448.0,2.0,50.0,5.0,10.0,9.0,4.0,91.23,333.0,17.0,0.0,15.0,9.0,10.0,1.0,1.0,7.0,1.0,1.0,,,2.0
20221110560,2022,5,Titans,Eels,True,20,26,48.0,1551.0,81.0,35.0,43.0,155.0,1406.0,556.0,4.0,17.0,32.7,89.0,3.65,10.0,398.0,218.0,18.0,22.0,723.0,1.0,76.0,13.0,17.0,1.0,6.0,90.91,330.0,22.0,1.0,11.0,9.0,1.0,3.0,0.0,7.0,0.0,0.0,,,0.0
20221110570,2022,5,Wests Tigers,Sharks,False,4,30,43.0,1385.0,66.0,26.0,39.0,154.0,1210.0,374.0,0.0,21.0,31.03,69.0,3.45,7.0,356.0,193.0,5.0,19.0,541.0,0.0,57.0,8.0,14.0,2.0,3.0,85.43,340.0,41.0,1.0,17.0,16.0,5.0,3.0,1.0,7.0,1.0,,,,1.0
20221110570,2022,5,Sharks,Wests Tigers,True,30,4,57.0,1803.0,70.0,36.0,51.0,193.0,1916.0,571.0,7.0,41.0,37.58,262.0,3.86,11.0,447.0,249.0,26.0,21.0,508.0,3.0,100.0,5.0,5.0,5.0,7.0,89.2,289.0,21.0,1.0,14.0,15.0,5.0,3.0,1.0,8.0,1.0,,,,0.0
20221110580,2022,5,Panthers,Bulldogs,False,32,12,60.0,1817.0,82.0,38.0,46.0,188.0,1622.0,509.0,5.0,28.0,35.26,170.0,3.78,9.0,421.0,237.0,6.0,21.0,554.0,1.0,86.0,6.0,7.0,4.0,2.0,86.73,268.0,23.0,,18.0,10.0,7.0,3.0,1.0,7.0,,,0.0,,0.0
20221110580,2022,5,Bulldogs,Panthers,True,12,32,40.0,1232.0,63.0,24.0,38.0,130.0,1090.0,586.0,2.0,23.0,28.7,126.0,3.33,9.0,306.0,162.0,6.0,12.0,435.0,1.0,67.0,4.0,6.0,4.0,1.0,89.07,334.0,28.0,,13.0,16.0,7.0,3.0,2.0,7.0,,,1.0,,1.0
20221110610,2022,6,Cowboys,Raiders,False,18,12,51.0,1757.0,75.0,33.0,44.0,188.0,1526.0,540.0,3.0,26.0,34.68,150.0,3.75,7.0,404.0,217.0,4.0,21.0,627.0,2.0,71.0,5.0,7.0,7.0,3.0,90.84,337.0,19.0,1.0,15.0,10.0,9.0,1.0,,6.0,0.0,,,,0.0
20221110610,2022,6,Raiders,Cowboys,True,12,18,49.0,1715.0,72.0,27.0,37.0,170.0,1404.0,522.0,3.0,19.0,37.97,199.0,3.51,9.0,388.0,205.0,0.0,21.0,632.0,2.0,64.0,7.0,11.0,5.0,4.0,90.41,377.0,26.0,0.0,14.0,12.0,6.0,2.0,,7.0,1.0,,,,2.0
20221110620,2022,6,Bulldogs,Rabbitohs,False,16,36,44.0,1405.0,74.0,29.0,39.0,152.0,1194.0,399.0,2.0,25.0,30.62,29.0,3.76,9.0,345.0,189.0,1.0,16.0,485.0,0.0,46.0,6.0,13.0,4.0,2.0,88.99,380.0,38.0,,9.0,12.0,8.0,7.0,1.0,7.0,,1.0,,,2.0
20221110620,2022,6,Rabbitohs,Bulldogs,True,36,16,56.0,1764.0,72.0,34.0,47.0,184.0,1703.0,667.0,6.0,38.0,36.25,148.0,3.56,5.0,413.0,229.0,9.0,15.0,365.0,1.0,36.0,5.0,14.0,6.0,2.0,86.85,284.0,25.0,,18.0,15.0,9.0,1.0,0.0,8.0,,0.0,,,1.0
20221110630,2022,6,Broncos,Panthers,False,12,40,44.0,1455.0,86.0,32.0,37.0,147.0,1443.0,550.0,2.0,29.0,39.02,171.0,3.57,3.0,375.0,202.0,5.0,22.0,681.0,4.0,64.0,9.0,14.0,3.0,7.0,84.81,363.0,48.0,1.0,17.0,8.0,5.0,7.0,0.0,7.0,,1.0,0.0,,0.0
20221110630,2022,6,Panthers,Broncos,True,40,12,56.0,1868.0,85.0,40.0,47.0,214.0,2289.0,814.0,9.0,48.0,48.71,277.0,3.49,13.0,480.0,263.0,12.0,23.0,588.0,4.0,56.0,5.0,9.0,7.0,6.0,90.14,311.0,29.0,1.0,5.0,9.0,3.0,3.0,1.0,8.0,,1.0,1.0,,1.0
20221110640,2022,6,Titans,Sea Eagles,False,18,26,50.0,1631.0,77.0,31.0,40.0,196.0,1732.0,405.0,6.0,37.0,43.31,217.0,3.4,11.0,433.0,248.0,28.0,18.0,378.0,3.0,67.0,12.0,18.0,5.0,3.0,90.8,316.0,24.0,,8.0,10.0,6.0,5.0,,8.0,1.0,,,,0.0
20221110640,2022,6,Sea Eagles,Titans,True,26,18,50.0,1622.0,85.0,34.0,40.0,174.0,1651.0,416.0,5.0,24.0,41.29,168.0,3.87,5.0,412.0,233.0,14.0,22.0,508.0,4.0,60.0,6.0,10.0,9.0,5.0,85.39,304.0,37.0,,15.0,7.0,7.0,4.0,,7.0,2.0,,,,1.0
20221110650,2022,6,Sharks,Storm,False,18,34,48.0,1388.0,84.0,28.0,33.0,179.0,1524.0,300.0,6.0,29.0,46.18,133.0,3.64,9.0,371.0,218.0,21.0,19.0,519.0,1.0,67.0,8.0,12.0,2.0,4.0,85.37,321.0,36.0,,19.0,5.0,8.0,,1.0,7.0,,,,,2.0
20221110650,2022,6,Storm,Sharks,True,34,18,52.0,1544.0,81.0,31.0,38.0,172.0,1711.0,457.0,7.0,36.0,45.04,193.0,3.64,10.0,387.0,213.0,23.0,18.0,526.0,1.0,80.0,8.0,10.0,6.0,2.0,86.39,254.0,29.0,,11.0,9.0,7.0,,2.0,8.0,,,,,1.0
20221110660,2022,6,Warriors,Roosters,False,14,22,49.0,1506.0,76.0,32.0,42.0,174.0,1283.0,388.0,3.0,26.0,30.56,146.0,3.68,4.0,394.0,225.0,16.0,21.0,643.0,1.0,62.0,10.0,16.0,5.0,3.0,89.45,339.0,29.0,,11.0,11.0,8.0,0.0,0.0,8.0,2.0,,,,1.0
20221110660,2022,6,Roosters,Warriors,True,22,14,51.0,1548.0,81.0,31.0,38.0,168.0,1466.0,511.0,3.0,29.0,38.58,140.0,3.48,6.0,394.0,221.0,0.0,20.0,425.0,0.0,70.0,7.0,10.0,6.0,4.0,90.31,317.0,26.0,,8.0,8.0,9.0,2.0,2.0,6.0,0.0,,,,2.0
20221110670,2022,6,Knights,Dragons,False,16,21,45.0,1585.0,75.0,24.0,32.0,182.0,1561.0,466.0,6.0,50.0,48.81,138.0,3.26,21.0,412.0,227.0,15.0,18.0,518.0,1.0,67.0,8.0,12.0,5.0,2.0,86.04,376.0,37.0,,24.0,13.0,4.0,3.0,,8.0,0.0,,,,2.0
20221110670,2022,6,Dragons,Knights,True,21,16,55.0,1850.0,87.0,36.0,41.0,200.0,1749.0,582.0,7.0,37.0,42.67,130.0,3.75,16.0,470.0,260.0,15.0,19.0,524.0,0.0,50.0,5.0,10.0,5.0,6.0,77.84,281.0,50.0,,30.0,6.0,2.0,0.0,,8.0,1.0,,,,0.0
20221110680,2022,6,Wests Tigers,Eels,False,21,20,48.0,1612.0,77.0,27.0,35.0,177.0,1464.0,488.0,5.0,33.0,41.83,90.0,3.51,16.0,419.0,238.0,8.0,18.0,627.0,2.0,45.0,5.0,11.0,4.0,2.0,87.34,338.0,34.0,,15.0,8.0,6.0,3.0,1.0,7.0,0.0,,,,1.0
20221110680,2022,6,Eels,Wests Tigers,True,20,21,52.0,1691.0,69.0,30.0,43.0,179.0,1705.0,497.0,5.0,34.0,39.66,258.0,3.84,10.0,414.0,230.0,20.0,17.0,442.0,5.0,60.0,3.0,5.0,7.0,6.0,84.2,325.0,33.0,,28.0,15.0,4.0,1.0,0.0,7.0,1.0,,,,0.0
20221110710,2022,7,Sea Eagles,Sharks,False,22,34,49.0,1628.0,76.0,29.0,38.0,171.0,1390.0,456.0,5.0,34.0,36.59,104.0,3.45,6.0,408.0,235.0,20.0,21.0,506.0,1.0,89.0,8.0,9.0,6.0,3.0,85.84,285.0,28.0,0.0,19.0,13.0,5.0,3.0,1.0,8.0,,1.0,,,
20221110710,2022,7,Sharks,Sea Eagles,True,34,22,51.0,1606.0,77.0,34.0,44.0,179.0,1582.0,407.0,8.0,28.0,35.97,145.0,3.81,12.0,444.0,256.0,11.0,19.0,519.0,0.0,33.0,7.0,21.0,5.0,4.0,86.57,303.0,34.0,1.0,13.0,11.0,5.0,0.0,0.0,8.0,,0.0,,,
20221110720,2022,7,Bulldogs,Broncos,False,14,34,47.0,1549.0,80.0,29.0,36.0,186.0,1721.0,622.0,3.0,34.0,47.83,183.0,3.55,18.0,403.0,219.0,27.0,16.0,368.0,3.0,55.0,6.0,11.0,1.0,6.0,89.8,361.0,33.0,,8.0,12.0,2.0,3.0,,8.0,,,,,1.0
20221110720,2022,7,Broncos,Bulldogs,True,34,14,53.0,1733.0,90.0,36.0,40.0,174.0,1678.0,715.0,4.0,33.0,41.97,197.0,3.77,7.0,411.0,222.0,11.0,20.0,526.0,1.0,57.0,4.0,7.0,3.0,5.0,83.11,310.0,34.0,,29.0,5.0,6.0,4.0,,6.0,,,,,0.0
20221110730,2022,7,Titans,Cowboys,False,4,30,46.0,1335.0,70.0,26.0,37.0,139.0,1229.0,498.0,2.0,17.0,33.23,117.0,2.99,5.0,338.0,192.0,13.0,16.0,431.0,2.0,50.0,5.0,10.0,2.0,3.0,87.71,314.0,28.0,0.0,16.0,14.0,8.0,2.0,0.0,8.0,,0.0,,,0.0
20221110730,2022,7,Cowboys,Titans,True,30,4,54.0,1591.0,69.0,27.0,39.0,178.0,1641.0,569.0,5.0,28.0,42.09,151.0,3.53,7.0,395.0,222.0,28.0,17.0,410.0,1.0,44.0,4.0,9.0,4.0,4.0,91.42,277.0,17.0,1.0,9.0,13.0,4.0,3.0,1.0,7.0,,1.0,,,2.0
20221110740,2022,7,Rabbitohs,Wests Tigers,False,22,23,43.0,1458.0,69.0,25.0,36.0,170.0,1641.0,597.0,3.0,16.0,45.58,182.0,3.61,6.0,374.0,200.0,16.0,15.0,365.0,1.0,67.0,8.0,12.0,5.0,3.0,90.15,412.0,33.0,,12.0,16.0,6.0,3.0,3.0,8.0,0.0,1.0,,,2.0
20221110740,2022,7,Wests Tigers,Rabbitohs,True,23,22,57.0,1986.0,95.0,46.0,48.0,216.0,1702.0,572.0,3.0,33.0,35.46,144.0,3.37,8.0,495.0,272.0,19.0,25.0,756.0,3.0,50.0,8.0,16.0,5.0,5.0,92.03,335.0,16.0,,13.0,3.0,4.0,2.0,0.0,7.0,1.0,1.0,,,1.0
20221110750,2022,7,Eels,Knights,False,39,2,59.0,1807.0,85.0,35.0,41.0,204.0,1980.0,701.0,8.0,39.0,48.3,200.0,3.74,10.0,464.0,255.0,2.0,24.0,663.0,2.0,89.0,8.0,9.0,7.0,3.0,88.0,286.0,22.0,2.0,17.0,6.0,4.0,,,8.0,0.0,,,,
20221110750,2022,7,Knights,Eels,True,2,39,41.0,1275.0,67.0,23.0,34.0,142.0,1232.0,451.0,2.0,22.0,36.24,204.0,3.32,9.0,341.0,183.0,0.0,20.0,604.0,1.0,77.0,10.0,13.0,3.0,4.0,86.05,370.0,39.0,0.0,21.0,11.0,5.0,,,5.0,1.0,,,,
20221110760,2022,7,Raiders,Panthers,False,6,36,39.0,1168.0,70.0,21.0,30.0,130.0,779.0,265.0,1.0,15.0,25.99,45.0,3.12,7.0,285.0,146.0,0.0,15.0,626.0,0.0,56.0,9.0,16.0,2.0,0.0,89.14,402.0,34.0,,15.0,8.0,11.0,2.0,1.0,8.0,,,,,1.0
20221110760,2022,7,Panthers,Raiders,True,36,6,61.0,1859.0,82.0,38.0,46.0,214.0,1785.0,535.0,6.0,34.0,38.81,281.0,3.87,10.0,470.0,269.0,1.0,21.0,421.0,4.0,100.0,2.0,2.0,6.0,7.0,90.57,269.0,15.0,,13.0,8.0,4.0,1.0,1.0,8.0,,,,,1.0
20221110770,2022,7,Roosters,Dragons,False,12,14,49.0,1626.0,65.0,29.0,44.0,190.0,1807.0,651.0,7.0,38.0,41.07,237.0,3.56,11.0,423.0,241.0,11.0,17.0,405.0,3.0,50.0,4.0,8.0,5.0,3.0,87.67,377.0,34.0,1.0,19.0,16.0,4.0,0.0,1.0,8.0,1.0,,0.0,,1.0
20221110770,2022,7,Dragons,Roosters,True,14,12,51.0,1724.0,75.0,30.0,40.0,184.0,1461.0,627.0,4.0,34.0,36.55,106.0,3.9,9.0,431.0,234.0,31.0,19.0,719.0,0.0,73.0,8.0,11.0,4.0,1.0,85.29,319.0,38.0,1.0,17.0,10.0,5.0,4.0,1.0,8.0,0.0,,1.0,,1.0
20221110780,2022,7,Warriors,Storm,False,10,70,36.0,943.0,73.0,19.0,26.0,105.0,773.0,313.0,2.0,14.0,29.74,67.0,3.46,7.0,271.0,156.0,1.0,13.0,424.0,1.0,50.0,6.0,12.0,0.0,3.0,86.45,351.0,41.0,0.0,14.0,9.0,7.0,2.0,1.0,8.0,,,,,
20221110780,2022,7,Storm,Warriors,True,70,10,64.0,1692.0,88.0,37.0,42.0,195.0,2077.0,672.0,11.0,41.0,49.47,296.0,4.0,9.0,418.0,232.0,15.0,19.0,421.0,1.0,60.0,3.0,5.0,4.0,7.0,88.32,189.0,14.0,1.0,11.0,6.0,6.0,0.0,0.0,7.0,,,,,
20221110810,2022,8,Sharks,Broncos,False,7,16,51.0,1749.0,70.0,29.0,41.0,196.0,1803.0,736.0,2.0,34.0,43.98,140.0,2.94,13.0,474.0,278.0,10.0,19.0,486.0,1.0,64.0,7.0,11.0,4.0,4.0,88.42,359.0,30.0,,17.0,13.0,5.0,1.0,1.0,8.0,0.0,,,,0.0
20221110810,2022,8,Broncos,Sharks,True,16,7,49.0,1738.0,77.0,31.0,40.0,203.0,1736.0,662.0,8.0,30.0,43.4,145.0,3.52,11.0,421.0,228.0,8.0,21.0,546.0,0.0,67.0,8.0,12.0,3.0,4.0,85.67,305.0,34.0,,17.0,10.0,4.0,3.0,0.0,8.0,1.0,,,,1.0
20221110820,2022,8,Panthers,Titans,False,18,4,47.0,1562.0,72.0,31.0,43.0,171.0,1610.0,558.0,1.0,29.0,37.45,170.0,3.73,8.0,411.0,226.0,3.0,27.0,635.0,2.0,59.0,10.0,17.0,8.0,10.0,85.11,360.0,49.0,,14.0,12.0,9.0,2.0,1.0,7.0,0.0,,,,1.0
20221110820,2022,8,Titans,Panthers,True,4,18,53.0,1712.0,72.0,31.0,43.0,184.0,1571.0,560.0,2.0,49.0,36.54,129.0,3.66,9.0,420.0,231.0,10.0,23.0,521.0,1.0,50.0,8.0,16.0,6.0,7.0,88.89,312.0,29.0,,10.0,12.0,8.0,1.0,1.0,8.0,1.0,,,,0.0
20221110830,2022,8,Sea Eagles,Rabbitohs,False,22,40,49.0,1546.0,83.0,31.0,37.0,179.0,1479.0,509.0,2.0,32.0,39.99,106.0,3.6,4.0,417.0,239.0,29.0,22.0,695.0,1.0,83.0,10.0,12.0,4.0,5.0,85.63,292.0,40.0,,9.0,11.0,6.0,2.0,,8.0,,,1.0,1.0,1.0
20221110830,2022,8,Rabbitohs,Sea Eagles,True,40,22,51.0,1638.0,80.0,33.0,41.0,192.0,1828.0,566.0,8.0,40.0,44.59,170.0,4.11,6.0,416.0,233.0,4.0,14.0,315.0,0.0,44.0,4.0,9.0,4.0,3.0,87.64,312.0,32.0,,12.0,13.0,3.0,0.0,,8.0,,,0.0,0.0,2.0
20221110840,2022,8,Raiders,Warriors,False,20,21,54.0,1591.0,70.0,28.0,40.0,173.0,1512.0,528.0,4.0,24.0,37.81,146.0,3.66,10.0,390.0,203.0,15.0,17.0,354.0,,40.0,2.0,5.0,2.0,6.0,90.96,302.0,19.0,,11.0,18.0,9.0,1.0,3.0,9.0,1.0,,,,1.0
20221110840,2022,8,Warriors,Raiders,True,21,20,46.0,1360.0,59.0,26.0,44.0,146.0,1174.0,458.0,3.0,19.0,26.7,128.0,3.45,5.0,343.0,191.0,7.0,13.0,403.0,,50.0,5.0,10.0,2.0,1.0,89.24,340.0,24.0,,17.0,17.0,7.0,2.0,1.0,8.0,0.0,,,,0.0
20221110850,2022,8,Roosters,Bulldogs,False,12,16,50.0,1589.0,66.0,28.0,42.0,199.0,1698.0,580.0,2.0,27.0,40.43,283.0,2.79,11.0,416.0,248.0,4.0,16.0,343.0,1.0,50.0,6.0,12.0,3.0,3.0,91.75,367.0,21.0,0.0,12.0,18.0,3.0,3.0,0.0,8.0,0.0,,0.0,,1.0
20221110850,2022,8,Bulldogs,Roosters,True,16,12,50.0,1568.0,81.0,31.0,38.0,159.0,1355.0,513.0,3.0,21.0,35.66,72.0,3.44,4.0,380.0,203.0,11.0,24.0,728.0,0.0,45.0,5.0,11.0,5.0,5.0,87.5,322.0,27.0,1.0,19.0,10.0,7.0,2.0,1.0,8.0,1.0,,1.0,,0.0
20221110860,2022,8,Cowboys,Eels,False,35,4,49.0,1575.0,89.0,33.0,37.0,172.0,1698.0,602.0,6.0,36.0,45.89,141.0,3.54,8.0,398.0,210.0,8.0,23.0,821.0,0.0,65.0,11.0,17.0,2.0,0.0,90.91,350.0,17.0,,18.0,8.0,6.0,1.0,,8.0,,,,,
20221110860,2022,8,Eels,Cowboys,True,4,35,51.0,1643.0,84.0,32.0,38.0,179.0,1563.0,649.0,1.0,17.0,41.14,178.0,3.66,9.0,452.0,266.0,3.0,23.0,496.0,3.0,29.0,2.0,7.0,6.0,7.0,86.7,326.0,36.0,,14.0,11.0,3.0,1.0,,8.0,,,,,
20221110870,2022,8,Storm,Knights,False,50,2,63.0,1929.0,82.0,32.0,39.0,192.0,1704.0,494.0,10.0,34.0,43.69,198.0,3.73,18.0,503.0,296.0,4.0,22.0,621.0,2.0,67.0,2.0,3.0,4.0,7.0,81.37,214.0,27.0,,22.0,9.0,3.0,2.0,0.0,8.0,0.0,,,,
20221110870,2022,8,Knights,Storm,True,2,50,37.0,1116.0,55.0,16.0,29.0,136.0,1027.0,308.0,0.0,27.0,35.42,75.0,2.92,15.0,284.0,151.0,11.0,8.0,163.0,0.0,33.0,3.0,9.0,2.0,1.0,85.27,359.0,34.0,,28.0,13.0,7.0,0.0,1.0,8.0,1.0,,,,
20221110880,2022,8,Wests Tigers,Dragons,False,6,12,55.0,1979.0,77.0,34.0,44.0,232.0,1993.0,812.0,5.0,56.0,45.31,164.0,3.65,15.0,486.0,269.0,5.0,23.0,601.0,4.0,67.0,4.0,6.0,9.0,2.0,92.33,337.0,21.0,0.0,7.0,11.0,1.0,0.0,0.0,8.0,1.0,,,,2.0
20221110880,2022,8,Dragons,Wests Tigers,True,12,6,45.0,1644.0,73.0,28.0,38.0,170.0,1520.0,669.0,4.0,21.0,40.01,142.0,3.29,2.0,419.0,231.0,22.0,20.0,666.0,1.0,50.0,10.0,20.0,8.0,1.0,82.12,372.0,56.0,1.0,25.0,12.0,8.0,2.0,1.0,8.0,1.0,,,,0.0
20221110910,2022,9,Broncos,Rabbitohs,False,32,12,47.0,1314.0,70.0,24.0,34.0,137.0,1344.0,494.0,3.0,22.0,39.53,162.0,3.38,8.0,328.0,171.0,6.0,18.0,586.0,1.0,67.0,6.0,9.0,4.0,1.0,86.09,297.0,16.0,,32.0,17.0,8.0,1.0,1.0,7.0,,,,,1.0
20221110910,2022,9,Rabbitohs,Broncos,True,12,32,53.0,1511.0,72.0,32.0,44.0,192.0,1486.0,592.0,5.0,16.0,33.78,136.0,3.33,18.0,404.0,234.0,22.0,14.0,336.0,2.0,36.0,4.0,11.0,5.0,1.0,87.85,282.0,22.0,,17.0,11.0,6.0,0.0,0.0,7.0,,,,,0.0
20221110920,2022,9,Bulldogs,Raiders,False,4,14,42.0,1469.0,69.0,23.0,33.0,158.0,1454.0,509.0,3.0,36.0,44.09,112.0,4.07,7.0,361.0,197.0,8.0,22.0,578.0,0.0,53.0,8.0,15.0,4.0,4.0,88.98,412.0,29.0,1.0,22.0,14.0,7.0,3.0,1.0,7.0,1.0,,,,
20221110920,2022,9,Raiders,Bulldogs,True,14,4,58.0,2024.0,80.0,33.0,41.0,194.0,2044.0,762.0,2.0,29.0,49.88,156.0,3.64,13.0,419.0,217.0,28.0,22.0,550.0,2.0,38.0,3.0,8.0,4.0,6.0,85.24,283.0,36.0,1.0,13.0,8.0,5.0,1.0,0.0,8.0,0.0,,,,
20221110930,2022,9,Eels,Panthers,False,22,20,54.0,1886.0,85.0,36.0,42.0,211.0,1699.0,585.0,3.0,33.0,40.46,117.0,3.57,17.0,475.0,244.0,15.0,28.0,897.0,2.0,60.0,9.0,15.0,3.0,5.0,89.51,350.0,29.0,,12.0,8.0,2.0,2.0,,6.0,0.0,,,,1.0
20221110930,2022,9,Panthers,Eels,True,20,22,46.0,1625.0,81.0,30.0,37.0,179.0,1735.0,609.0,5.0,29.0,46.9,268.0,3.35,8.0,428.0,237.0,1.0,20.0,479.0,0.0,40.0,2.0,5.0,9.0,4.0,86.48,403.0,33.0,,30.0,8.0,6.0,1.0,,6.0,1.0,,,,1.0
20221110940,2022,9,Wests Tigers,Sea Eagles,False,22,36,48.0,1514.0,81.0,35.0,43.0,189.0,1486.0,479.0,7.0,34.0,34.57,186.0,3.89,12.0,409.0,238.0,17.0,20.0,509.0,3.0,62.0,5.0,8.0,2.0,6.0,81.3,300.0,46.0,1.0,23.0,10.0,9.0,1.0,,8.0,,1.0,,,3.0
20221110940,2022,9,Sea Eagles,Wests Tigers,True,36,22,52.0,1634.0,84.0,37.0,44.0,194.0,1784.0,589.0,9.0,46.0,40.55,192.0,3.44,14.0,416.0,237.0,28.0,13.0,304.0,0.0,53.0,8.0,15.0,6.0,3.0,84.36,275.0,34.0,0.0,17.0,10.0,3.0,2.0,,7.0,,0.0,,,5.0
20221110950,2022,9,Titans,Roosters,False,16,44,51.0,1391.0,79.0,31.0,39.0,154.0,1322.0,474.0,3.0,27.0,33.91,129.0,3.95,4.0,331.0,168.0,3.0,18.0,368.0,4.0,43.0,3.0,7.0,2.0,8.0,84.31,274.0,37.0,0.0,14.0,11.0,9.0,1.0,0.0,7.0,0.0,0.0,,,0.0
20221110950,2022,9,Roosters,Titans,True,44,16,49.0,1362.0,73.0,28.0,38.0,169.0,1738.0,517.0,9.0,37.0,45.74,192.0,3.19,9.0,353.0,196.0,6.0,12.0,273.0,1.0,57.0,8.0,14.0,1.0,2.0,88.55,294.0,27.0,2.0,11.0,9.0,8.0,1.0,1.0,6.0,1.0,1.0,,,2.0
20221110960,2022,9,Knights,Cowboys,False,16,36,47.0,1447.0,76.0,30.0,39.0,151.0,1361.0,501.0,3.0,17.0,34.92,121.0,2.84,11.0,372.0,203.0,0.0,19.0,527.0,1.0,50.0,7.0,14.0,7.0,5.0,89.01,332.0,34.0,,7.0,14.0,7.0,0.0,,8.0,0.0,,,,1.0
20221110960,2022,9,Cowboys,Knights,True,36,16,53.0,1598.0,75.0,31.0,41.0,169.0,1763.0,596.0,6.0,34.0,43.01,198.0,3.19,6.0,374.0,203.0,19.0,18.0,433.0,2.0,46.0,6.0,13.0,8.0,4.0,88.25,293.0,17.0,,22.0,10.0,6.0,4.0,,8.0,3.0,,,,1.0
20221110970,2022,9,Dragons,Storm,False,6,42,40.0,1170.0,73.0,22.0,30.0,141.0,1149.0,366.0,2.0,21.0,38.31,67.0,2.69,8.0,321.0,183.0,7.0,14.0,354.0,0.0,60.0,6.0,10.0,5.0,3.0,79.79,308.0,50.0,,28.0,11.0,11.0,2.0,1.0,7.0,0.0,,,,0.0
20221110970,2022,9,Storm,Dragons,True,42,6,60.0,1750.0,88.0,39.0,44.0,196.0,1952.0,651.0,11.0,50.0,44.38,196.0,3.77,19.0,421.0,236.0,4.0,22.0,562.0,2.0,70.0,7.0,10.0,4.0,6.0,89.42,262.0,21.0,,10.0,6.0,8.0,0.0,0.0,7.0,1.0,,,,1.0
20221110980,2022,9,Warriors,Sharks,False,10,29,42.0,1325.0,84.0,28.0,33.0,154.0,1193.0,436.0,2.0,18.0,36.16,67.0,3.88,6.0,349.0,195.0,3.0,17.0,464.0,1.0,77.0,10.0,13.0,3.0,5.0,84.46,386.0,45.0,,26.0,9.0,6.0,2.0,0.0,8.0,,0.0,,0.0,1.0
20221110980,2022,9,Sharks,Warriors,True,29,10,58.0,1871.0,88.0,37.0,42.0,207.0,1726.0,627.0,6.0,45.0,41.1,212.0,3.39,19.0,496.0,286.0,8.0,22.0,564.0,5.0,71.0,10.0,14.0,5.0,8.0,90.94,281.0,18.0,,10.0,5.0,7.0,2.0,1.0,8.0,,1.0,,1.0,0.0
20221111010,2022,10,Knights,Bulldogs,False,16,6,56.0,1740.0,80.0,32.0,40.0,173.0,1540.0,573.0,3.0,27.0,38.51,154.0,3.74,9.0,413.0,227.0,10.0,18.0,503.0,2.0,50.0,6.0,12.0,3.0,6.0,96.21,305.0,11.0,,1.0,8.0,5.0,2.0,0.0,7.0,2.0,,,,0.0
20221111010,2022,10,Bulldogs,Knights,True,6,16,44.0,1392.0,64.0,22.0,34.0,145.0,1171.0,456.0,1.0,11.0,34.45,132.0,3.71,1.0,342.0,194.0,15.0,19.0,536.0,3.0,62.0,5.0,8.0,4.0,4.0,89.67,356.0,27.0,,14.0,15.0,6.0,0.0,1.0,8.0,0.0,,,,2.0
20221111020,2022,10,Broncos,Sea Eagles,False,38,0,60.0,1959.0,81.0,36.0,44.0,199.0,2087.0,742.0,3.0,42.0,47.45,291.0,3.96,10.0,470.0,257.0,32.0,23.0,450.0,1.0,38.0,3.0,8.0,6.0,6.0,88.65,250.0,23.0,1.0,9.0,11.0,3.0,0.0,0.0,8.0,,,,,0.0
20221111020,2022,10,Sea Eagles,Broncos,True,0,38,40.0,1330.0,70.0,24.0,34.0,141.0,1234.0,408.0,2.0,23.0,36.3,68.0,3.6,5.0,325.0,172.0,11.0,18.0,555.0,1.0,62.0,13.0,21.0,0.0,2.0,85.68,353.0,42.0,0.0,17.0,12.0,4.0,2.0,1.0,7.0,,,,,3.0
20221111030,2022,10,Rabbitohs,Warriors,False,32,30,48.0,1665.0,79.0,31.0,39.0,190.0,1787.0,633.0,8.0,38.0,45.83,177.0,3.6,5.0,402.0,205.0,14.0,20.0,565.0,1.0,47.0,7.0,15.0,5.0,3.0,88.97,347.0,31.0,0.0,12.0,11.0,7.0,0.0,1.0,8.0,0.0,1.0,,,4.0
20221111030,2022,10,Warriors,Rabbitohs,True,30,32,52.0,1766.0,82.0,38.0,46.0,182.0,1712.0,562.0,6.0,31.0,37.23,201.0,2.88,8.0,430.0,237.0,10.0,25.0,660.0,4.0,44.0,4.0,9.0,3.0,8.0,87.75,351.0,38.0,3.0,11.0,11.0,3.0,2.0,1.0,8.0,2.0,0.0,,,1.0
20221111040,2022,10,Dragons,Titans,False,16,20,47.0,1818.0,78.0,32.0,41.0,199.0,1715.0,570.0,3.0,27.0,41.84,250.0,3.37,8.0,448.0,250.0,38.0,19.0,644.0,1.0,31.0,4.0,13.0,7.0,2.0,86.15,367.0,49.0,0.0,10.0,10.0,7.0,2.0,0.0,10.0,,1.0,1.0,,1.0
20221111040,2022,10,Titans,Dragons,True,20,16,53.0,1972.0,81.0,39.0,48.0,203.0,1897.0,605.0,6.0,49.0,39.54,325.0,3.42,8.0,444.0,225.0,0.0,23.0,653.0,5.0,70.0,7.0,10.0,7.0,5.0,89.82,353.0,27.0,1.0,13.0,11.0,4.0,0.0,2.0,10.0,,0.0,0.0,,2.0
20221111050,2022,10,Panthers,Storm,False,32,6,62.0,1992.0,81.0,35.0,43.0,232.0,2032.0,684.0,4.0,51.0,47.26,207.0,3.97,12.0,482.0,268.0,38.0,21.0,549.0,4.0,67.0,4.0,6.0,4.0,5.0,85.58,267.0,32.0,1.0,13.0,10.0,6.0,1.0,0.0,7.0,0.0,,,,1.0
20221111050,2022,10,Storm,Panthers,True,6,32,38.0,1223.0,65.0,23.0,35.0,128.0,1061.0,355.0,0.0,32.0,30.34,73.0,2.65,7.0,296.0,149.0,2.0,14.0,446.0,0.0,62.0,10.0,16.0,2.0,1.0,85.06,370.0,51.0,0.0,14.0,13.0,8.0,1.0,1.0,8.0,1.0,,,,1.0
20221111060,2022,10,Raiders,Sharks,False,30,10,46.0,1514.0,82.0,32.0,39.0,169.0,1488.0,585.0,3.0,35.0,38.17,123.0,2.86,11.0,374.0,190.0,16.0,23.0,677.0,1.0,44.0,4.0,9.0,8.0,1.0,88.71,338.0,23.0,1.0,20.0,8.0,10.0,0.0,1.0,8.0,1.0,3.0,,,3.0
20221111060,2022,10,Sharks,Raiders,True,10,30,54.0,1817.0,71.0,32.0,45.0,195.0,1593.0,603.0,4.0,23.0,35.4,180.0,3.62,13.0,470.0,279.0,15.0,19.0,489.0,4.0,67.0,10.0,15.0,3.0,6.0,85.79,320.0,35.0,0.0,18.0,14.0,4.0,1.0,0.0,8.0,0.0,0.0,,,0.0
20221111070,2022,10,Eels,Roosters,False,24,31,52.0,1816.0,88.0,37.0,42.0,190.0,1785.0,564.0,5.0,43.0,42.5,245.0,3.59,16.0,425.0,230.0,12.0,23.0,696.0,2.0,62.0,5.0,8.0,2.0,7.0,86.08,334.0,31.0,0.0,23.0,5.0,6.0,1.0,1.0,8.0,0.0,1.0,,,0.0
20221111070,2022,10,Roosters,Eels,True,31,24,48.0,1673.0,86.0,31.0,36.0,185.0,1722.0,570.0,5.0,31.0,47.84,275.0,3.48,16.0,392.0,205.0,3.0,18.0,613.0,0.0,40.0,6.0,15.0,4.0,0.0,83.94,345.0,43.0,1.0,23.0,6.0,3.0,6.0,1.0,8.0,1.0,0.0,,,2.0
20221111080,2022,10,Cowboys,Wests Tigers,False,36,12,53.0,1704.0,89.0,33.0,37.0,179.0,1737.0,524.0,6.0,22.0,46.95,196.0,3.61,9.0,418.0,239.0,13.0,19.0,689.0,0.0,69.0,11.0,16.0,2.0,1.0,87.5,315.0,28.0,,17.0,5.0,6.0,1.0,2.0,8.0,0.0,,,,
20221111080,2022,10,Wests Tigers,Cowboys,True,12,36,47.0,1473.0,83.0,30.0,36.0,165.0,1380.0,495.0,1.0,28.0,38.34,177.0,2.89,11.0,380.0,216.0,4.0,24.0,622.0,3.0,40.0,2.0,5.0,10.0,2.0,90.32,336.0,22.0,,14.0,7.0,8.0,0.0,1.0,8.0,3.0,,,,
20221111110,2022,11,Broncos,Knights,False,36,12,55.0,1841.0,71.0,27.0,38.0,204.0,1955.0,629.0,10.0,46.0,51.45,251.0,3.31,13.0,438.0,241.0,11.0,21.0,523.0,1.0,44.0,7.0,16.0,8.0,4.0,86.89,305.0,15.0,1.0,31.0,12.0,7.0,1.0,,8.0,1.0,,,,0.0
20221111110,2022,11,Knights,Broncos,True,12,36,45.0,1458.0,76.0,30.0,39.0,168.0,1547.0,529.0,3.0,15.0,39.69,150.0,3.09,17.0,398.0,216.0,6.0,21.0,523.0,2.0,42.0,5.0,12.0,1.0,9.0,84.92,366.0,46.0,0.0,19.0,12.0,5.0,1.0,,7.0,0.0,,,,2.0
20221111120,2022,11,Bulldogs,Wests Tigers,False,22,36,43.0,1315.0,78.0,26.0,33.0,136.0,1256.0,516.0,5.0,30.0,38.07,161.0,3.42,7.0,314.0,156.0,1.0,19.0,650.0,1.0,75.0,9.0,12.0,6.0,1.0,89.91,383.0,31.0,,12.0,8.0,11.0,0.0,3.0,7.0,0.0,1.0,,,0.0
20221111120,2022,11,Wests Tigers,Bulldogs,True,36,22,57.0,1765.0,94.0,37.0,39.0,192.0,1564.0,685.0,7.0,31.0,40.12,139.0,3.74,7.0,466.0,272.0,40.0,23.0,508.0,1.0,62.0,5.0,8.0,4.0,5.0,88.34,303.0,30.0,,10.0,2.0,4.0,1.0,0.0,8.0,3.0,1.0,,,1.0
20221111130,2022,11,Sea Eagles,Eels,False,20,22,47.0,1678.0,81.0,26.0,32.0,179.0,1632.0,536.0,4.0,18.0,51.02,228.0,3.36,7.0,407.0,219.0,40.0,22.0,734.0,2.0,70.0,7.0,10.0,3.0,3.0,84.16,340.0,27.0,1.0,37.0,7.0,9.0,2.0,3.0,7.0,1.0,1.0,,,
20221111130,2022,11,Eels,Sea Eagles,True,22,20,53.0,1873.0,88.0,38.0,43.0,225.0,1693.0,600.0,4.0,27.0,39.38,201.0,3.99,22.0,483.0,267.0,20.0,21.0,620.0,2.0,55.0,6.0,11.0,4.0,5.0,91.89,340.0,18.0,0.0,12.0,7.0,2.0,0.0,0.0,7.0,1.0,1.0,,,
20221111140,2022,11,Warriors,Dragons,False,18,24,50.0,1623.0,78.0,32.0,41.0,180.0,1665.0,590.0,3.0,36.0,40.61,159.0,3.06,8.0,415.0,230.0,12.0,22.0,578.0,3.0,75.0,3.0,4.0,6.0,5.0,86.74,314.0,38.0,1.0,10.0,11.0,2.0,1.0,,8.0,0.0,,,,1.0
20221111140,2022,11,Dragons,Warriors,True,24,18,50.0,1603.0,79.0,31.0,39.0,178.0,1619.0,514.0,6.0,38.0,41.53,165.0,3.79,8.0,414.0,230.0,9.0,19.0,534.0,0.0,64.0,9.0,14.0,2.0,4.0,86.07,309.0,36.0,1.0,14.0,10.0,4.0,3.0,,7.0,1.0,,,,0.0
20221111150,2022,11,Storm,Cowboys,False,6,36,45.0,1365.0,64.0,22.0,34.0,144.0,1205.0,439.0,1.0,31.0,35.46,106.0,2.98,8.0,332.0,170.0,5.0,18.0,427.0,2.0,40.0,4.0,10.0,4.0,5.0,87.03,322.0,32.0,,16.0,12.0,9.0,2.0,0.0,8.0,1.0,,,,1.0
20221111150,2022,11,Cowboys,Storm,True,36,6,55.0,1731.0,73.0,34.0,46.0,192.0,1612.0,510.0,5.0,32.0,35.04,143.0,3.96,9.0,391.0,216.0,9.0,19.0,474.0,2.0,61.0,11.0,18.0,5.0,5.0,87.43,292.0,31.0,,11.0,15.0,4.0,0.0,1.0,8.0,0.0,,,,0.0
20221111160,2022,11,Panthers,Roosters,False,32,12,50.0,1694.0,85.0,36.0,42.0,190.0,1939.0,639.0,5.0,26.0,46.18,325.0,3.87,8.0,425.0,224.0,6.0,22.0,680.0,3.0,71.0,10.0,14.0,4.0,4.0,87.68,363.0,35.0,,16.0,7.0,7.0,1.0,1.0,7.0,,0.0,,,
20221111160,2022,11,Roosters,Panthers,True,12,32,50.0,1740.0,80.0,32.0,40.0,193.0,1718.0,563.0,2.0,35.0,42.97,212.0,2.98,10.0,427.0,236.0,5.0,24.0,600.0,3.0,57.0,4.0,7.0,7.0,3.0,91.53,389.0,26.0,,10.0,9.0,5.0,3.0,1.0,8.0,,1.0,,,
20221111170,2022,11,Raiders,Rabbitohs,False,32,12,51.0,1589.0,74.0,29.0,39.0,173.0,1632.0,480.0,7.0,48.0,41.85,204.0,3.76,13.0,358.0,182.0,15.0,16.0,501.0,0.0,100.0,8.0,8.0,4.0,1.0,88.34,303.0,17.0,1.0,23.0,13.0,8.0,2.0,,7.0,,,,,1.0
20221111170,2022,11,Rabbitohs,Raiders,True,12,32,49.0,1506.0,65.0,27.0,41.0,185.0,1436.0,450.0,3.0,17.0,35.04,111.0,3.12,12.0,388.0,222.0,14.0,12.0,350.0,1.0,75.0,6.0,8.0,4.0,3.0,82.06,311.0,48.0,0.0,20.0,14.0,7.0,1.0,,8.0,,,,,1.0
20221111180,2022,11,Sharks,Titans,False,25,18,52.0,1779.0,82.0,34.0,41.0,199.0,2005.0,654.0,6.0,34.0,48.92,428.0,3.66,9.0,434.0,241.0,6.0,21.0,547.0,3.0,79.0,11.0,14.0,5.0,6.0,90.39,348.0,26.0,,11.0,10.0,8.0,2.0,1.0,8.0,,1.0,,,0.0
20221111180,2022,11,Titans,Sharks,True,18,25,48.0,1605.0,78.0,33.0,42.0,184.0,1543.0,601.0,2.0,26.0,36.75,160.0,3.72,8.0,407.0,219.0,26.0,22.0,586.0,1.0,58.0,7.0,12.0,6.0,5.0,86.82,336.0,34.0,,17.0,12.0,2.0,0.0,0.0,8.0,,0.0,,,2.0
20221111210,2022,12,Sea Eagles,Storm,False,8,28,44.0,1454.0,72.0,29.0,40.0,177.0,1394.0,442.0,2.0,22.0,34.86,162.0,3.75,9.0,375.0,210.0,13.0,18.0,581.0,0.0,55.0,11.0,20.0,6.0,1.0,90.93,351.0,27.0,,8.0,10.0,7.0,2.0,,7.0,,,,,1.0
20221111210,2022,12,Storm,Sea Eagles,True,28,8,56.0,1909.0,88.0,38.0,43.0,208.0,1681.0,535.0,5.0,27.0,39.11,192.0,3.75,6.0,466.0,255.0,13.0,29.0,792.0,3.0,78.0,7.0,9.0,7.0,4.0,88.61,280.0,22.0,,14.0,10.0,6.0,1.0,,8.0,,,,,1.0
20221111220,2022,12,Cowboys,Panthers,False,0,22,43.0,1497.0,62.0,23.0,37.0,150.0,1336.0,507.0,1.0,34.0,36.13,43.0,3.64,9.0,394.0,230.0,28.0,12.0,428.0,0.0,53.0,10.0,19.0,2.0,0.0,91.03,426.0,30.0,1.0,12.0,16.0,5.0,3.0,0.0,8.0,2.0,,0.0,,2.0
20221111220,2022,12,Panthers,Cowboys,True,22,0,57.0,2026.0,79.0,39.0,49.0,221.0,2149.0,811.0,5.0,30.0,43.87,161.0,3.74,9.0,501.0,278.0,7.0,28.0,591.0,5.0,100.0,2.0,2.0,9.0,9.0,86.03,314.0,34.0,0.0,17.0,14.0,8.0,1.0,2.0,7.0,2.0,,1.0,,1.0
20221111230,2022,12,Titans,Broncos,False,24,35,46.0,1478.0,80.0,29.0,36.0,142.0,1532.0,609.0,4.0,28.0,42.57,134.0,3.39,8.0,354.0,196.0,14.0,18.0,577.0,3.0,55.0,6.0,11.0,2.0,4.0,85.19,328.0,41.0,0.0,16.0,9.0,8.0,2.0,1.0,8.0,0.0,2.0,,,1.0
20221111230,2022,12,Broncos,Titans,True,35,24,54.0,1734.0,86.0,38.0,44.0,190.0,2008.0,675.0,8.0,41.0,45.64,224.0,3.92,13.0,399.0,209.0,14.0,18.0,492.0,2.0,60.0,3.0,5.0,3.0,5.0,86.41,267.0,28.0,1.0,14.0,11.0,4.0,0.0,2.0,7.0,1.0,1.0,,,1.0
20221111240,2022,12,Knights,Warriors,False,24,16,45.0,1369.0,71.0,25.0,35.0,157.0,1324.0,420.0,3.0,12.0,37.83,181.0,2.81,2.0,354.0,197.0,8.0,17.0,565.0,1.0,50.0,3.0,6.0,4.0,4.0,91.96,343.0,21.0,,9.0,9.0,6.0,1.0,0.0,8.0,0.0,0.0,,,0.0
20221111240,2022,12,Warriors,Knights,True,16,24,55.0,1655.0,76.0,29.0,38.0,185.0,1532.0,469.0,3.0,21.0,40.32,178.0,3.66,4.0,426.0,248.0,20.0,26.0,754.0,4.0,75.0,6.0,8.0,0.0,5.0,95.05,307.0,12.0,,4.0,10.0,5.0,1.0,1.0,6.0,3.0,1.0,,,1.0
20221111250,2022,12,Wests Tigers,Rabbitohs,False,18,44,43.0,1345.0,69.0,23.0,33.0,149.0,1322.0,413.0,5.0,16.0,40.09,110.0,4.03,8.0,357.0,200.0,16.0,18.0,509.0,1.0,71.0,12.0,17.0,1.0,4.0,85.48,359.0,45.0,1.0,16.0,11.0,2.0,3.0,,8.0,1.0,,,,1.0
20221111250,2022,12,Rabbitohs,Wests Tigers,True,44,18,57.0,1753.0,80.0,34.0,42.0,184.0,2029.0,667.0,6.0,45.0,48.33,258.0,3.77,8.0,411.0,228.0,2.0,20.0,381.0,4.0,33.0,2.0,6.0,4.0,9.0,91.15,278.0,16.0,1.0,11.0,8.0,4.0,0.0,,8.0,0.0,,,,1.0
20221111260,2022,12,Roosters,Sharks,False,36,16,48.0,1496.0,77.0,31.0,40.0,178.0,1756.0,539.0,9.0,30.0,43.91,134.0,3.85,16.0,377.0,197.0,6.0,15.0,501.0,1.0,67.0,4.0,6.0,2.0,1.0,87.24,335.0,33.0,1.0,16.0,12.0,6.0,1.0,,7.0,,,,,5.0
20221111260,2022,12,Sharks,Roosters,True,16,36,52.0,1608.0,73.0,30.0,41.0,182.0,1732.0,547.0,7.0,33.0,42.24,204.0,3.57,10.0,437.0,263.0,23.0,13.0,405.0,1.0,57.0,4.0,7.0,2.0,1.0,83.56,305.0,30.0,0.0,30.0,10.0,6.0,1.0,,8.0,,,,,0.0
20221111270,2022,12,Dragons,Bulldogs,False,34,24,48.0,1519.0,77.0,27.0,35.0,165.0,1463.0,528.0,6.0,27.0,41.8,145.0,3.67,4.0,377.0,217.0,10.0,17.0,467.0,0.0,64.0,7.0,11.0,5.0,3.0,84.33,296.0,32.0,,23.0,10.0,6.0,2.0,,8.0,,,,,2.0
20221111270,2022,12,Bulldogs,Dragons,True,24,34,52.0,1604.0,81.0,31.0,38.0,170.0,1497.0,528.0,7.0,32.0,39.41,133.0,3.53,14.0,415.0,235.0,17.0,20.0,473.0,2.0,56.0,5.0,9.0,5.0,6.0,90.34,318.0,27.0,,7.0,11.0,3.0,0.0,,7.0,,,,,1.0
20221111280,2022,12,Eels,Raiders,False,28,20,48.0,1715.0,75.0,31.0,41.0,180.0,1836.0,640.0,7.0,39.0,44.8,147.0,3.93,13.0,403.0,209.0,6.0,20.0,674.0,0.0,73.0,11.0,15.0,5.0,1.0,86.9,378.0,30.0,1.0,27.0,14.0,5.0,1.0,,8.0,0.0,,,,0.0
20221111280,2022,12,Raiders,Eels,True,20,28,52.0,1797.0,87.0,35.0,40.0,187.0,1878.0,764.0,2.0,30.0,46.95,245.0,3.88,15.0,429.0,217.0,15.0,25.0,637.0,1.0,50.0,5.0,10.0,9.0,3.0,85.47,353.0,39.0,1.0,21.0,8.0,1.0,1.0,,6.0,2.0,,,,2.0
20221111310,2022,13,Cowboys,Titans,False,32,6,53.0,1884.0,77.0,35.0,45.0,212.0,1955.0,590.0,5.0,38.0,43.45,207.0,3.55,11.0,441.0,230.0,8.0,21.0,634.0,2.0,75.0,12.0,16.0,4.0,8.0,83.33,310.0,46.0,1.0,16.0,10.0,3.0,1.0,,8.0,1.0,,,,1.0
20221111310,2022,13,Titans,Cowboys,True,6,32,47.0,1620.0,75.0,28.0,37.0,175.0,1567.0,508.0,3.0,46.0,42.36,191.0,3.6,10.0,402.0,224.0,20.0,25.0,598.0,2.0,50.0,7.0,14.0,9.0,4.0,86.98,374.0,38.0,1.0,18.0,12.0,7.0,2.0,,8.0,0.0,,,,0.0
20221111320,2022,13,Bulldogs,Panthers,False,18,30,55.0,1909.0,90.0,38.0,42.0,182.0,1582.0,596.0,4.0,23.0,37.67,229.0,3.64,11.0,455.0,249.0,27.0,28.0,748.0,3.0,56.0,10.0,18.0,4.0,6.0,93.28,333.0,16.0,,8.0,4.0,6.0,3.0,1.0,8.0,1.0,,,,0.0
20221111320,2022,13,Panthers,Bulldogs,True,30,18,45.0,1508.0,86.0,33.0,38.0,153.0,1594.0,595.0,5.0,16.0,41.97,239.0,3.82,5.0,358.0,180.0,8.0,21.0,520.0,0.0,44.0,4.0,9.0,5.0,5.0,89.14,402.0,23.0,,26.0,10.0,8.0,1.0,0.0,6.0,0.0,,,,1.0
20221111330,2022,13,Warriors,Sea Eagles,False,12,44,44.0,1344.0,72.0,26.0,36.0,142.0,1247.0,487.0,3.0,19.0,34.64,130.0,3.45,7.0,338.0,195.0,10.0,13.0,338.0,1.0,70.0,7.0,10.0,2.0,2.0,84.18,330.0,43.0,0.0,19.0,10.0,10.0,1.0,,8.0,1.0,1.0,,,
20221111330,2022,13,Sea Eagles,Warriors,True,44,12,56.0,1705.0,87.0,35.0,40.0,189.0,1803.0,642.0,7.0,43.0,45.09,200.0,4.12,11.0,409.0,226.0,16.0,20.0,508.0,1.0,80.0,4.0,5.0,6.0,2.0,87.55,239.0,19.0,2.0,15.0,8.0,6.0,4.0,,7.0,1.0,0.0,,,
20221111340,2022,13,Roosters,Raiders,False,16,22,54.0,1791.0,74.0,29.0,39.0,208.0,1865.0,592.0,4.0,40.0,47.82,150.0,3.42,9.0,441.0,246.0,8.0,19.0,470.0,1.0,67.0,4.0,6.0,3.0,2.0,88.71,330.0,25.0,1.0,17.0,11.0,10.0,1.0,0.0,7.0,,,,,0.0
20221111340,2022,13,Raiders,Roosters,True,22,16,46.0,1555.0,76.0,32.0,42.0,175.0,1613.0,600.0,3.0,25.0,38.42,156.0,3.75,8.0,355.0,183.0,6.0,15.0,525.0,0.0,50.0,6.0,12.0,3.0,1.0,87.59,381.0,40.0,2.0,14.0,11.0,5.0,0.0,2.0,7.0,,,,,2.0
20221111410,2022,14,Dragons,Cowboys,False,12,31,49.0,1591.0,67.0,27.0,40.0,184.0,1584.0,597.0,4.0,41.0,39.6,144.0,3.83,6.0,419.0,248.0,17.0,19.0,358.0,2.0,88.0,7.0,8.0,4.0,6.0,86.49,352.0,42.0,1.0,13.0,15.0,5.0,4.0,2.0,8.0,,,,,1.0
20221111410,2022,14,Cowboys,Dragons,True,31,12,51.0,1731.0,79.0,35.0,44.0,192.0,1821.0,736.0,6.0,42.0,41.4,127.0,3.81,8.0,417.0,228.0,24.0,18.0,565.0,1.0,67.0,6.0,9.0,6.0,2.0,85.39,298.0,41.0,0.0,10.0,11.0,5.0,2.0,0.0,8.0,,,,,1.0
20221111420,2022,14,Rabbitohs,Titans,False,30,16,50.0,1748.0,74.0,29.0,39.0,193.0,1987.0,743.0,6.0,30.0,50.96,406.0,3.9,9.0,418.0,227.0,13.0,20.0,524.0,1.0,73.0,8.0,11.0,8.0,4.0,87.24,383.0,41.0,0.0,15.0,10.0,6.0,3.0,0.0,8.0,,,,,
20221111420,2022,14,Titans,Rabbitohs,True,16,30,50.0,1767.0,92.0,37.0,40.0,196.0,1791.0,647.0,4.0,41.0,44.8,143.0,3.44,10.0,423.0,229.0,6.0,23.0,748.0,1.0,75.0,9.0,12.0,4.0,3.0,88.21,359.0,30.0,1.0,18.0,6.0,4.0,0.0,1.0,8.0,,,,,
20221111430,2022,14,Storm,Roosters,False,26,18,52.0,1755.0,86.0,33.0,38.0,186.0,1679.0,442.0,8.0,46.0,44.2,118.0,3.87,8.0,437.0,252.0,27.0,20.0,529.0,1.0,29.0,4.0,14.0,2.0,4.0,87.97,329.0,30.0,,15.0,8.0,7.0,3.0,1.0,8.0,1.0,,,,1.0
20221111430,2022,14,Roosters,Storm,True,18,26,48.0,1589.0,78.0,30.0,38.0,188.0,1704.0,452.0,2.0,30.0,44.86,179.0,3.29,11.0,385.0,215.0,3.0,17.0,355.0,0.0,70.0,7.0,10.0,5.0,3.0,86.02,357.0,46.0,,12.0,11.0,8.0,0.0,1.0,7.0,1.0,,,,3.0
20221111440,2022,14,Raiders,Broncos,False,18,24,51.0,1718.0,71.0,27.0,38.0,194.0,1740.0,434.0,5.0,39.0,45.79,203.0,3.25,21.0,396.0,192.0,14.0,21.0,545.0,3.0,82.0,9.0,11.0,2.0,4.0,87.53,358.0,33.0,,18.0,11.0,3.0,1.0,,7.0,0.0,,,,
20221111440,2022,14,Broncos,Raiders,True,24,18,49.0,1637.0,86.0,32.0,37.0,193.0,1764.0,450.0,6.0,33.0,47.68,117.0,3.34,12.0,398.0,201.0,4.0,22.0,691.0,0.0,45.0,5.0,11.0,6.0,1.0,81.75,327.0,39.0,,34.0,5.0,2.0,2.0,,7.0,1.0,,,,
20221111450,2022,14,Sea Eagles,Wests Tigers,False,30,4,56.0,1936.0,84.0,38.0,45.0,209.0,1937.0,755.0,9.0,50.0,43.05,211.0,4.24,11.0,458.0,248.0,14.0,22.0,514.0,1.0,100.0,5.0,5.0,2.0,7.0,89.33,293.0,23.0,0.0,12.0,9.0,3.0,1.0,0.0,7.0,0.0,,,0.0,0.0
20221111450,2022,14,Wests Tigers,Sea Eagles,True,4,30,44.0,1495.0,75.0,25.0,33.0,176.0,1505.0,538.0,2.0,23.0,45.61,114.0,3.46,8.0,407.0,232.0,4.0,19.0,584.0,1.0,64.0,7.0,11.0,3.0,1.0,84.89,382.0,50.0,2.0,18.0,9.0,9.0,0.0,1.0,8.0,1.0,,,1.0,1.0
20221111460,2022,14,Panthers,Knights,False,42,6,56.0,1917.0,90.0,37.0,41.0,210.0,1904.0,655.0,8.0,40.0,46.44,216.0,4.06,9.0,469.0,261.0,19.0,24.0,816.0,0.0,75.0,3.0,4.0,5.0,4.0,88.39,335.0,30.0,,14.0,6.0,4.0,2.0,,7.0,,,1.0,,2.0
20221111460,2022,14,Knights,Panthers,True,6,42,44.0,1507.0,73.0,28.0,38.0,159.0,1328.0,477.0,3.0,30.0,34.97,152.0,3.29,5.0,383.0,213.0,2.0,18.0,592.0,1.0,75.0,6.0,8.0,0.0,2.0,87.75,394.0,40.0,,15.0,9.0,7.0,0.0,,6.0,,,0.0,,1.0
20221111470,2022,14,Sharks,Warriors,False,38,16,46.0,1434.0,77.0,28.0,36.0,175.0,1597.0,515.0,5.0,30.0,44.37,205.0,3.52,11.0,377.0,219.0,12.0,18.0,512.0,1.0,67.0,2.0,3.0,7.0,3.0,87.98,344.0,22.0,,25.0,8.0,8.0,0.0,3.0,8.0,0.0,,,,3.0
20221111470,2022,14,Warriors,Sharks,True,16,38,54.0,1665.0,84.0,33.0,39.0,179.0,1335.0,494.0,5.0,22.0,34.24,101.0,3.91,14.0,421.0,242.0,11.0,16.0,529.0,0.0,73.0,11.0,15.0,0.0,3.0,83.95,293.0,30.0,,26.0,6.0,4.0,1.0,0.0,7.0,1.0,,,,0.0
20221111480,2022,14,Eels,Bulldogs,False,4,34,51.0,1788.0,72.0,32.0,44.0,198.0,1925.0,664.0,4.0,22.0,43.76,190.0,3.42,18.0,461.0,271.0,2.0,19.0,454.0,3.0,75.0,9.0,12.0,3.0,7.0,88.94,362.0,21.0,0.0,24.0,13.0,4.0,0.0,,8.0,,,,,0.0
20221111480,2022,14,Bulldogs,Eels,True,34,4,49.0,1720.0,80.0,29.0,36.0,187.0,1924.0,681.0,3.0,21.0,53.47,143.0,3.22,14.0,442.0,244.0,16.0,23.0,677.0,0.0,64.0,9.0,14.0,4.0,4.0,88.78,364.0,22.0,3.0,24.0,9.0,11.0,1.0,,8.0,,,,,1.0
20221111510,2022,15,Rabbitohs,Dragons,False,12,32,49.0,1606.0,70.0,28.0,40.0,198.0,1642.0,499.0,7.0,30.0,41.07,148.0,3.58,11.0,399.0,224.0,6.0,17.0,285.0,1.0,29.0,2.0,7.0,5.0,6.0,88.51,362.0,31.0,0.0,16.0,12.0,9.0,1.0,,8.0,,0.0,,,0.0
20221111510,2022,15,Dragons,Rabbitohs,True,32,12,51.0,1653.0,80.0,32.0,40.0,185.0,1515.0,458.0,5.0,31.0,37.88,143.0,3.83,9.0,429.0,242.0,18.0,19.0,646.0,0.0,67.0,10.0,15.0,4.0,3.0,88.48,338.0,30.0,1.0,14.0,14.0,5.0,2.0,,8.0,,1.0,,,1.0
20221111520,2022,15,Cowboys,Sea Eagles,False,28,26,53.0,1851.0,82.0,33.0,40.0,206.0,1950.0,549.0,1.0,25.0,48.75,134.0,3.71,17.0,482.0,264.0,25.0,27.0,657.0,0.0,47.0,8.0,17.0,8.0,3.0,87.13,291.0,36.0,,7.0,10.0,5.0,1.0,,8.0,0.0,1.0,0.0,,
20221111520,2022,15,Sea Eagles,Cowboys,True,26,28,47.0,1584.0,68.0,32.0,47.0,170.0,1667.0,571.0,3.0,36.0,35.49,170.0,3.71,5.0,391.0,206.0,20.0,25.0,748.0,2.0,25.0,5.0,20.0,8.0,4.0,86.51,340.0,25.0,,28.0,17.0,4.0,0.0,,8.0,2.0,0.0,1.0,,
20221111530,2022,15,Broncos,Storm,False,20,32,49.0,1538.0,79.0,31.0,39.0,153.0,1676.0,585.0,2.0,21.0,42.99,160.0,3.8,3.0,388.0,222.0,12.0,23.0,536.0,4.0,47.0,8.0,17.0,3.0,7.0,91.57,315.0,20.0,0.0,9.0,9.0,6.0,1.0,,8.0,,,,,1.0
20221111530,2022,15,Storm,Broncos,True,32,20,51.0,1625.0,82.0,33.0,40.0,184.0,1933.0,677.0,5.0,20.0,48.33,250.0,3.63,8.0,404.0,213.0,17.0,23.0,466.0,3.0,79.0,11.0,14.0,6.0,7.0,91.84,315.0,21.0,1.0,7.0,9.0,5.0,0.0,,8.0,,,,,1.0
20221111540,2022,15,Titans,Sharks,False,10,18,44.0,1536.0,81.0,30.0,37.0,187.0,1574.0,554.0,4.0,27.0,42.55,136.0,3.8,13.0,386.0,202.0,9.0,21.0,551.0,0.0,78.0,7.0,9.0,5.0,4.0,83.76,356.0,44.0,,25.0,8.0,8.0,1.0,0.0,8.0,1.0,,,,1.0
20221111540,2022,15,Sharks,Titans,True,18,10,56.0,1987.0,68.0,30.0,44.0,201.0,1784.0,617.0,5.0,44.0,40.55,237.0,3.82,14.0,456.0,256.0,33.0,20.0,538.0,4.0,47.0,7.0,15.0,3.0,2.0,86.28,327.0,27.0,,25.0,16.0,6.0,0.0,1.0,8.0,0.0,,,,0.0
20221111550,2022,15,Panthers,Warriors,False,40,6,50.0,1621.0,73.0,28.0,38.0,182.0,1880.0,617.0,8.0,30.0,49.48,227.0,3.9,8.0,380.0,208.0,25.0,15.0,369.0,1.0,64.0,7.0,11.0,8.0,1.0,91.41,351.0,15.0,,18.0,11.0,8.0,1.0,1.0,8.0,,,0.0,,2.0
20221111550,2022,15,Warriors,Panthers,True,6,40,50.0,1580.0,80.0,32.0,40.0,153.0,1296.0,502.0,2.0,15.0,32.4,59.0,3.62,9.0,379.0,209.0,10.0,21.0,691.0,3.0,50.0,9.0,18.0,3.0,6.0,87.78,309.0,30.0,,13.0,9.0,3.0,3.0,0.0,8.0,,,1.0,,0.0
20221111560,2022,15,Roosters,Eels,False,16,26,46.0,1562.0,82.0,34.0,41.0,176.0,1465.0,500.0,5.0,46.0,35.75,108.0,3.46,12.0,383.0,204.0,20.0,22.0,576.0,1.0,69.0,9.0,13.0,4.0,2.0,87.26,411.0,31.0,,29.0,9.0,8.0,1.0,1.0,6.0,1.0,,,,0.0
20221111560,2022,15,Eels,Roosters,True,26,16,54.0,1743.0,85.0,34.0,40.0,207.0,1916.0,644.0,6.0,31.0,47.91,281.0,3.6,20.0,454.0,245.0,15.0,21.0,458.0,2.0,50.0,5.0,10.0,9.0,3.0,83.43,302.0,46.0,,14.0,5.0,8.0,1.0,1.0,8.0,1.0,,,,2.0
20221111570,2022,15,Knights,Raiders,False,18,20,46.0,1526.0,66.0,26.0,39.0,164.0,1406.0,446.0,3.0,23.0,36.05,148.0,3.62,6.0,385.0,205.0,29.0,19.0,560.0,1.0,44.0,8.0,18.0,5.0,2.0,87.96,380.0,41.0,,11.0,12.0,8.0,0.0,0.0,7.0,1.0,0.0,,,0.0
20221111570,2022,15,Raiders,Knights,True,20,18,54.0,1828.0,72.0,31.0,43.0,193.0,1669.0,594.0,3.0,41.0,38.82,159.0,2.9,7.0,431.0,235.0,26.0,23.0,477.0,4.0,50.0,7.0,14.0,7.0,9.0,92.16,341.0,23.0,,6.0,14.0,4.0,2.0,2.0,8.0,1.0,1.0,,,1.0
20221111580,2022,15,Wests Tigers,Bulldogs,False,12,36,40.0,1285.0,71.0,23.0,32.0,147.0,1404.0,510.0,3.0,34.0,43.88,141.0,3.21,6.0,360.0,211.0,30.0,17.0,434.0,0.0,71.0,10.0,14.0,3.0,2.0,83.44,378.0,40.0,2.0,35.0,13.0,4.0,2.0,,8.0,,0.0,,,2.0
20221111580,2022,15,Bulldogs,Wests Tigers,True,36,12,60.0,1932.0,80.0,36.0,45.0,202.0,2071.0,649.0,7.0,40.0,46.04,300.0,3.93,19.0,463.0,259.0,11.0,20.0,504.0,4.0,64.0,7.0,11.0,5.0,6.0,84.97,260.0,34.0,1.0,12.0,11.0,3.0,1.0,,8.0,,1.0,,,1.0
20221111610,2022,16,Storm,Sea Eagles,False,30,36,46.0,1363.0,84.0,33.0,39.0,150.0,1309.0,476.0,6.0,40.0,33.57,87.0,3.46,7.0,355.0,197.0,7.0,18.0,390.0,0.0,67.0,6.0,9.0,3.0,5.0,85.27,301.0,42.0,,10.0,8.0,6.0,1.0,,8.0,,,0.0,,0.0
20221111610,2022,16,Sea Eagles,Storm,True,36,30,54.0,1594.0,75.0,30.0,40.0,173.0,1556.0,558.0,6.0,42.0,38.9,261.0,3.64,9.0,383.0,219.0,8.0,16.0,384.0,4.0,91.0,10.0,11.0,3.0,7.0,82.41,239.0,40.0,,11.0,14.0,8.0,1.0,,7.0,,,1.0,,1.0
20221111620,2022,16,Titans,Knights,False,12,38,41.0,1231.0,70.0,24.0,34.0,129.0,1389.0,483.0,3.0,26.0,40.86,84.0,3.36,5.0,313.0,169.0,1.0,15.0,431.0,0.0,53.0,8.0,15.0,7.0,1.0,90.52,363.0,25.0,0.0,13.0,14.0,7.0,4.0,,7.0,0.0,0.0,,1.0,
20221111620,2022,16,Knights,Titans,True,38,12,59.0,1764.0,82.0,38.0,46.0,188.0,2114.0,753.0,5.0,25.0,45.96,240.0,3.55,9.0,440.0,250.0,12.0,22.0,599.0,3.0,70.0,7.0,10.0,8.0,3.0,88.36,281.0,26.0,2.0,11.0,8.0,5.0,2.0,,8.0,1.0,1.0,,0.0,
20221111630,2022,16,Roosters,Panthers,False,18,26,50.0,1683.0,80.0,33.0,41.0,165.0,1561.0,569.0,3.0,57.0,38.08,122.0,3.89,6.0,399.0,207.0,6.0,24.0,779.0,2.0,56.0,9.0,16.0,2.0,4.0,84.18,346.0,53.0,1.0,12.0,9.0,8.0,1.0,1.0,7.0,1.0,1.0,,,2.0
20221111630,2022,16,Panthers,Roosters,True,26,18,50.0,1642.0,81.0,36.0,44.0,180.0,1748.0,609.0,7.0,53.0,39.73,178.0,3.66,7.0,415.0,227.0,9.0,19.0,449.0,1.0,50.0,3.0,6.0,7.0,4.0,83.29,349.0,57.0,0.0,13.0,11.0,3.0,1.0,0.0,7.0,1.0,0.0,,,2.0
20221111640,2022,16,Sharks,Bulldogs,False,18,6,49.0,1708.0,72.0,31.0,43.0,182.0,1679.0,404.0,5.0,43.0,39.06,246.0,3.68,7.0,424.0,237.0,20.0,26.0,514.0,3.0,62.0,8.0,13.0,9.0,4.0,88.46,368.0,30.0,1.0,18.0,16.0,5.0,4.0,0.0,8.0,,,,,1.0
20221111640,2022,16,Bulldogs,Sharks,True,6,18,51.0,1729.0,79.0,34.0,43.0,172.0,1274.0,424.0,1.0,30.0,29.65,47.0,3.87,8.0,423.0,227.0,4.0,25.0,692.0,2.0,50.0,10.0,20.0,3.0,9.0,85.94,324.0,43.0,0.0,10.0,10.0,5.0,0.0,2.0,7.0,,,,,1.0
20221111650,2022,16,Broncos,Cowboys,False,26,40,46.0,1312.0,73.0,28.0,38.0,147.0,1303.0,328.0,6.0,36.0,34.31,195.0,3.64,12.0,346.0,178.0,6.0,20.0,543.0,0.0,50.0,9.0,18.0,5.0,5.0,80.33,290.0,48.0,0.0,23.0,13.0,7.0,1.0,,7.0,1.0,,,,
20221111650,2022,16,Cowboys,Broncos,True,40,26,54.0,1541.0,80.0,32.0,40.0,181.0,1760.0,488.0,7.0,48.0,44.01,151.0,3.22,15.0,398.0,213.0,11.0,19.0,402.0,3.0,58.0,7.0,12.0,6.0,3.0,82.45,249.0,36.0,1.0,17.0,11.0,4.0,1.0,,8.0,0.0,,,,
20221111660,2022,16,Eels,Rabbitohs,False,12,30,46.0,1596.0,70.0,28.0,40.0,172.0,1539.0,470.0,2.0,18.0,38.48,93.0,3.59,4.0,393.0,202.0,11.0,21.0,633.0,1.0,69.0,11.0,16.0,3.0,7.0,89.65,381.0,33.0,0.0,11.0,13.0,3.0,1.0,1.0,8.0,1.0,,,,1.0
20221111660,2022,16,Rabbitohs,Eels,True,30,12,54.0,1859.0,75.0,33.0,44.0,189.0,1916.0,540.0,5.0,33.0,43.55,292.0,4.01,6.0,445.0,242.0,5.0,26.0,614.0,5.0,80.0,4.0,5.0,5.0,7.0,92.93,381.0,18.0,2.0,11.0,14.0,5.0,0.0,0.0,7.0,1.0,,,,0.0
20221111670,2022,16,Wests Tigers,Warriors,False,2,22,48.0,1625.0,86.0,31.0,36.0,184.0,1529.0,638.0,1.0,17.0,42.47,85.0,3.87,3.0,417.0,229.0,11.0,25.0,687.0,4.0,41.0,7.0,17.0,6.0,6.0,86.94,386.0,39.0,2.0,19.0,7.0,8.0,1.0,,8.0,0.0,,,,0.0
20221111670,2022,16,Warriors,Wests Tigers,True,22,2,52.0,1796.0,72.0,32.0,44.0,183.0,1720.0,751.0,3.0,39.0,39.09,193.0,3.76,8.0,417.0,213.0,4.0,24.0,599.0,0.0,75.0,9.0,12.0,8.0,5.0,93.75,345.0,17.0,0.0,6.0,14.0,5.0,0.0,,8.0,1.0,,,,1.0
20221111680,2022,16,Raiders,Dragons,False,10,12,48.0,1636.0,70.0,29.0,41.0,172.0,1329.0,475.0,4.0,29.0,32.42,141.0,3.46,7.0,378.0,195.0,0.0,19.0,623.0,3.0,50.0,3.0,6.0,2.0,5.0,89.71,366.0,27.0,,15.0,15.0,6.0,2.0,,7.0,,,,,0.0
20221111680,2022,16,Dragons,Raiders,True,12,10,52.0,1813.0,76.0,33.0,43.0,175.0,1259.0,473.0,3.0,27.0,29.28,123.0,4.0,10.0,401.0,209.0,7.0,22.0,678.0,3.0,71.0,5.0,7.0,4.0,3.0,88.95,346.0,29.0,,14.0,10.0,4.0,1.0,,7.0,,,,,2.0
20221111710,2022,17,Storm,Sharks,False,6,28,49.0,1570.0,86.0,37.0,43.0,178.0,1333.0,632.0,2.0,27.0,31.01,91.0,3.46,11.0,383.0,202.0,10.0,23.0,599.0,2.0,43.0,6.0,14.0,6.0,4.0,87.16,353.0,36.0,0.0,16.0,5.0,9.0,1.0,0.0,8.0,2.0,1.0,,,1.0
20221111710,2022,17,Sharks,Storm,True,28,6,51.0,1708.0,83.0,36.0,43.0,210.0,1649.0,578.0,7.0,36.0,38.36,190.0,3.41,8.0,456.0,263.0,5.0,23.0,626.0,1.0,100.0,9.0,9.0,8.0,2.0,87.27,329.0,27.0,1.0,21.0,7.0,10.0,4.0,3.0,7.0,0.0,1.0,,,1.0
20221111720,2022,17,Rabbitohs,Knights,False,40,28,51.0,1552.0,86.0,33.0,38.0,160.0,1506.0,539.0,6.0,34.0,39.64,119.0,3.7,7.0,383.0,209.0,4.0,17.0,382.0,0.0,56.0,9.0,16.0,6.0,3.0,86.83,310.0,33.0,1.0,14.0,6.0,9.0,2.0,2.0,8.0,0.0,,,0.0,
20221111720,2022,17,Knights,Rabbitohs,True,28,40,49.0,1506.0,82.0,32.0,39.0,155.0,1377.0,469.0,5.0,33.0,35.33,167.0,3.57,7.0,370.0,206.0,9.0,18.0,497.0,2.0,73.0,8.0,11.0,5.0,3.0,87.86,340.0,34.0,0.0,13.0,10.0,7.0,1.0,0.0,5.0,3.0,,,1.0,
20221111730,2022,17,Eels,Wests Tigers,False,28,20,49.0,1494.0,75.0,31.0,41.0,159.0,1424.0,603.0,5.0,40.0,34.74,159.0,4.0,7.0,367.0,193.0,0.0,21.0,481.0,2.0,60.0,6.0,10.0,5.0,6.0,88.22,337.0,37.0,,8.0,12.0,9.0,3.0,1.0,7.0,,0.0,,,
20221111730,2022,17,Wests Tigers,Eels,True,20,28,51.0,1586.0,87.0,36.0,41.0,173.0,1392.0,644.0,4.0,37.0,33.96,116.0,3.78,5.0,399.0,223.0,23.0,22.0,640.0,2.0,53.0,8.0,15.0,5.0,3.0,85.79,314.0,40.0,,12.0,9.0,8.0,1.0,2.0,8.0,,1.0,,,
20221111740,2022,17,Dragons,Broncos,False,18,32,48.0,1544.0,83.0,31.0,37.0,187.0,1641.0,509.0,5.0,38.0,44.38,181.0,3.36,9.0,399.0,213.0,0.0,20.0,590.0,1.0,71.0,5.0,7.0,5.0,5.0,87.0,328.0,33.0,,16.0,7.0,5.0,1.0,2.0,8.0,0.0,2.0,,,0.0
20221111740,2022,17,Broncos,Dragons,True,32,18,52.0,1706.0,76.0,30.0,39.0,187.0,1740.0,478.0,8.0,33.0,44.63,205.0,3.53,7.0,432.0,245.0,19.0,20.0,598.0,2.0,86.0,6.0,7.0,2.0,6.0,85.36,309.0,38.0,,15.0,11.0,4.0,0.0,0.0,9.0,2.0,0.0,,,1.0
20221111810,2022,18,Sharks,Cowboys,False,26,12,49.0,1537.0,75.0,31.0,41.0,190.0,1817.0,546.0,6.0,45.0,44.34,188.0,3.57,7.0,435.0,248.0,8.0,21.0,532.0,2.0,36.0,4.0,11.0,6.0,5.0,85.35,338.0,45.0,,13.0,13.0,4.0,5.0,,8.0,0.0,1.0,,,2.0
20221111810,2022,18,Cowboys,Sharks,True,12,26,51.0,1612.0,73.0,30.0,41.0,184.0,1750.0,643.0,5.0,45.0,42.7,108.0,3.65,7.0,436.0,254.0,47.0,17.0,409.0,0.0,50.0,6.0,12.0,3.0,5.0,84.91,315.0,45.0,,11.0,12.0,7.0,2.0,,8.0,1.0,0.0,,,0.0
20221111820,2022,18,Warriors,Eels,False,18,28,51.0,1664.0,76.0,32.0,42.0,166.0,1671.0,670.0,5.0,17.0,39.8,163.0,3.57,5.0,433.0,253.0,8.0,19.0,568.0,1.0,56.0,9.0,16.0,6.0,0.0,92.54,360.0,19.0,0.0,10.0,13.0,3.0,3.0,,8.0,,,,,
20221111820,2022,18,Eels,Warriors,True,28,18,49.0,1597.0,80.0,33.0,41.0,164.0,1832.0,672.0,3.0,19.0,44.69,219.0,3.9,6.0,371.0,191.0,13.0,21.0,625.0,4.0,44.0,4.0,9.0,8.0,6.0,92.74,345.0,17.0,1.0,10.0,11.0,7.0,4.0,,8.0,,,,,
20221111830,2022,18,Dragons,Roosters,False,26,54,46.0,1351.0,80.0,28.0,35.0,146.0,1257.0,386.0,4.0,31.0,35.93,150.0,3.72,2.0,355.0,205.0,20.0,15.0,492.0,2.0,33.0,3.0,9.0,3.0,2.0,83.64,317.0,50.0,2.0,12.0,9.0,3.0,2.0,,8.0,,1.0,1.0,,0.0
20221111830,2022,18,Roosters,Dragons,True,54,26,54.0,1553.0,76.0,30.0,39.0,180.0,1703.0,453.0,9.0,50.0,43.67,250.0,3.5,9.0,395.0,210.0,18.0,18.0,334.0,4.0,71.0,5.0,7.0,2.0,5.0,89.26,291.0,31.0,0.0,4.0,12.0,2.0,2.0,,6.0,,0.0,0.0,,2.0
20221111840,2022,18,Knights,Sea Eagles,False,12,42,45.0,1458.0,79.0,27.0,34.0,157.0,1397.0,396.0,2.0,27.0,41.11,151.0,3.54,7.0,362.0,191.0,0.0,22.0,613.0,,71.0,10.0,14.0,5.0,1.0,83.9,344.0,40.0,,26.0,11.0,5.0,2.0,,8.0,,1.0,,,
20221111840,2022,18,Sea Eagles,Knights,True,42,12,55.0,1780.0,88.0,37.0,42.0,194.0,1821.0,550.0,12.0,40.0,43.36,190.0,3.89,16.0,446.0,241.0,26.0,26.0,748.0,,77.0,10.0,13.0,7.0,4.0,88.1,274.0,27.0,,10.0,8.0,4.0,1.0,,8.0,,0.0,,,
20221111850,2022,18,Broncos,Titans,False,16,12,48.0,1811.0,86.0,32.0,37.0,197.0,1824.0,478.0,5.0,34.0,49.32,236.0,3.53,11.0,446.0,239.0,42.0,27.0,715.0,2.0,48.0,10.0,21.0,8.0,6.0,83.45,363.0,57.0,1.0,15.0,6.0,5.0,1.0,1.0,7.0,,,,,0.0
20221111850,2022,18,Titans,Broncos,True,12,16,52.0,1868.0,80.0,32.0,40.0,195.0,2062.0,506.0,5.0,57.0,51.57,290.0,3.55,10.0,476.0,264.0,13.0,28.0,736.0,5.0,74.0,14.0,19.0,6.0,8.0,87.4,340.0,34.0,0.0,15.0,12.0,1.0,0.0,0.0,8.0,,,,,2.0
20221111860,2022,18,Panthers,Wests Tigers,False,18,16,49.0,1638.0,74.0,29.0,39.0,196.0,1852.0,682.0,9.0,47.0,47.49,188.0,3.58,10.0,417.0,228.0,5.0,22.0,467.0,1.0,75.0,9.0,12.0,6.0,7.0,86.58,387.0,34.0,0.0,26.0,12.0,6.0,3.0,1.0,7.0,,,,,
20221111860,2022,18,Wests Tigers,Panthers,True,16,18,51.0,1727.0,85.0,35.0,41.0,200.0,1599.0,637.0,5.0,34.0,39.0,133.0,3.79,17.0,459.0,251.0,6.0,24.0,671.0,0.0,56.0,9.0,16.0,6.0,3.0,83.12,325.0,47.0,1.0,19.0,6.0,7.0,0.0,0.0,7.0,,,,,
20221111870,2022,18,Raiders,Storm,False,20,16,46.0,1556.0,78.0,30.0,38.0,161.0,1523.0,506.0,4.0,32.0,40.08,110.0,3.78,6.0,373.0,201.0,4.0,22.0,634.0,1.0,75.0,9.0,12.0,6.0,7.0,83.59,331.0,43.0,1.0,22.0,12.0,8.0,6.0,1.0,8.0,1.0,1.0,,,
20221111870,2022,18,Storm,Raiders,True,16,20,54.0,1775.0,80.0,37.0,46.0,198.0,1763.0,510.0,6.0,43.0,38.34,172.0,3.54,13.0,459.0,272.0,2.0,18.0,400.0,0.0,75.0,9.0,12.0,4.0,5.0,87.29,309.0,32.0,0.0,13.0,11.0,8.0,0.0,1.0,6.0,1.0,0.0,,,
20221111880,2022,18,Rabbitohs,Bulldogs,False,36,28,51.0,1639.0,76.0,29.0,38.0,190.0,1667.0,585.0,6.0,34.0,43.87,200.0,3.56,15.0,388.0,203.0,3.0,15.0,458.0,1.0,85.0,11.0,13.0,4.0,2.0,81.57,301.0,32.0,,36.0,10.0,4.0,1.0,0.0,8.0,1.0,,,,0.0
20221111880,2022,18,Bulldogs,Rabbitohs,True,28,36,49.0,1550.0,77.0,27.0,35.0,166.0,1479.0,489.0,6.0,32.0,42.27,143.0,3.57,20.0,378.0,200.0,0.0,18.0,482.0,1.0,62.0,5.0,8.0,7.0,5.0,84.86,342.0,34.0,,27.0,10.0,5.0,0.0,1.0,8.0,1.0,,,,1.0
20221111910,2022,19,Broncos,Eels,False,36,14,50.0,1702.0,83.0,36.0,43.0,169.0,1543.0,600.0,4.0,29.0,35.89,159.0,3.6,10.0,424.0,232.0,1.0,25.0,563.0,0.0,54.0,7.0,13.0,1.0,8.0,86.2,331.0,27.0,0.0,26.0,8.0,7.0,2.0,,7.0,,0.0,,,0.0
20221111910,2022,19,Eels,Broncos,True,14,36,50.0,1683.0,74.0,29.0,39.0,193.0,1560.0,542.0,3.0,27.0,40.02,143.0,3.52,16.0,442.0,244.0,12.0,22.0,440.0,1.0,46.0,6.0,13.0,4.0,7.0,88.08,340.0,29.0,1.0,17.0,16.0,2.0,1.0,,8.0,,1.0,,,2.0
20221111920,2022,19,Sea Eagles,Dragons,False,6,20,46.0,1509.0,74.0,26.0,35.0,162.0,1638.0,560.0,2.0,34.0,46.81,186.0,3.64,5.0,379.0,210.0,12.0,20.0,538.0,2.0,60.0,6.0,10.0,3.0,4.0,86.72,346.0,39.0,1.0,14.0,10.0,9.0,2.0,1.0,8.0,,,,,2.0
20221111920,2022,19,Dragons,Sea Eagles,True,20,6,54.0,1807.0,80.0,36.0,45.0,185.0,1697.0,584.0,3.0,39.0,37.71,167.0,3.78,7.0,447.0,255.0,1.0,22.0,632.0,5.0,73.0,8.0,11.0,1.0,6.0,87.72,300.0,34.0,1.0,8.0,9.0,5.0,1.0,0.0,8.0,,,,,1.0
20221111930,2022,19,Roosters,Knights,False,42,12,49.0,1418.0,78.0,29.0,37.0,174.0,1952.0,581.0,8.0,42.0,52.77,277.0,3.7,13.0,375.0,210.0,13.0,15.0,369.0,1.0,100.0,6.0,6.0,3.0,2.0,91.74,333.0,18.0,0.0,12.0,10.0,8.0,4.0,1.0,8.0,1.0,0.0,,,
20221111930,2022,19,Knights,Roosters,True,12,42,51.0,1460.0,73.0,28.0,38.0,159.0,1550.0,586.0,2.0,18.0,40.79,127.0,3.65,6.0,392.0,226.0,0.0,14.0,503.0,3.0,62.0,5.0,8.0,2.0,1.0,81.35,266.0,42.0,1.0,19.0,10.0,7.0,1.0,0.0,7.0,0.0,1.0,,,
20221111940,2022,19,Warriors,Raiders,False,14,26,43.0,1355.0,77.0,27.0,35.0,136.0,1166.0,428.0,3.0,23.0,33.33,162.0,3.75,4.0,333.0,183.0,8.0,18.0,635.0,1.0,58.0,11.0,19.0,4.0,1.0,85.37,356.0,35.0,,26.0,10.0,6.0,1.0,,7.0,,,0.0,,2.0
20221111940,2022,19,Raiders,Warriors,True,26,14,57.0,1839.0,85.0,34.0,40.0,192.0,1643.0,543.0,7.0,35.0,41.08,167.0,3.54,15.0,420.0,219.0,2.0,24.0,661.0,3.0,71.0,5.0,7.0,9.0,5.0,91.17,289.0,23.0,,5.0,8.0,5.0,2.0,,6.0,,,1.0,,0.0
20221111950,2022,19,Sharks,Panthers,False,10,20,44.0,1462.0,69.0,29.0,42.0,170.0,1346.0,312.0,1.0,36.0,32.05,107.0,3.51,7.0,388.0,206.0,6.0,22.0,729.0,2.0,93.0,13.0,14.0,3.0,2.0,87.69,399.0,41.0,0.0,15.0,15.0,5.0,3.0,,8.0,0.0,,,,
20221111950,2022,19,Panthers,Sharks,True,20,10,56.0,1863.0,75.0,37.0,49.0,199.0,1806.0,480.0,4.0,41.0,36.86,247.0,3.53,5.0,467.0,253.0,5.0,23.0,643.0,3.0,67.0,6.0,9.0,3.0,6.0,85.71,306.0,36.0,1.0,15.0,12.0,5.0,1.0,,7.0,1.0,,,,
20221111960,2022,19,Storm,Rabbitohs,False,12,24,48.0,1569.0,72.0,35.0,48.0,175.0,1619.0,366.0,6.0,32.0,33.74,116.0,3.59,9.0,414.0,239.0,16.0,19.0,523.0,2.0,78.0,14.0,18.0,2.0,4.0,89.07,383.0,37.0,,10.0,15.0,4.0,3.0,1.0,8.0,1.0,0.0,2.0,,2.0
20221111960,2022,19,Rabbitohs,Storm,True,24,12,52.0,1704.0,78.0,36.0,46.0,183.0,1658.0,428.0,5.0,37.0,36.05,134.0,4.01,8.0,422.0,222.0,3.0,23.0,593.0,1.0,50.0,6.0,12.0,11.0,5.0,85.96,306.0,32.0,,18.0,12.0,9.0,3.0,0.0,8.0,0.0,1.0,0.0,,0.0
20221111970,2022,19,Titans,Bulldogs,False,26,36,58.0,1738.0,83.0,31.0,37.0,189.0,1594.0,598.0,3.0,40.0,43.11,108.0,3.54,7.0,446.0,261.0,7.0,22.0,440.0,1.0,60.0,3.0,5.0,7.0,5.0,87.46,272.0,19.0,0.0,20.0,8.0,5.0,0.0,1.0,7.0,0.0,,,,
20221111970,2022,19,Bulldogs,Titans,True,36,26,42.0,1300.0,69.0,25.0,36.0,141.0,1596.0,508.0,5.0,19.0,44.36,154.0,3.94,10.0,311.0,159.0,12.0,10.0,249.0,0.0,32.0,6.0,19.0,5.0,2.0,87.29,357.0,40.0,2.0,12.0,11.0,4.0,3.0,1.0,6.0,2.0,,,,
20221111980,2022,19,Wests Tigers,Cowboys,False,26,27,52.0,1611.0,82.0,34.0,41.0,181.0,1843.0,474.0,9.0,47.0,44.96,220.0,3.31,16.0,432.0,241.0,5.0,20.0,569.0,1.0,67.0,4.0,6.0,3.0,2.0,82.61,285.0,36.0,1.0,24.0,10.0,6.0,1.0,1.0,8.0,1.0,1.0,,,0.0
20221111980,2022,19,Cowboys,Wests Tigers,True,27,26,48.0,1519.0,64.0,25.0,39.0,169.0,1774.0,418.0,6.0,36.0,45.5,153.0,3.59,15.0,380.0,202.0,6.0,14.0,467.0,1.0,88.0,7.0,8.0,3.0,3.0,81.28,343.0,47.0,2.0,32.0,16.0,4.0,1.0,1.0,8.0,0.0,0.0,,,2.0
20221112010,2022,20,Roosters,Sea Eagles,False,20,10,50.0,1683.0,62.0,28.0,45.0,188.0,1661.0,660.0,4.0,38.0,36.92,225.0,3.64,11.0,413.0,224.0,23.0,19.0,443.0,0.0,75.0,6.0,8.0,4.0,4.0,82.96,331.0,38.0,0.0,30.0,18.0,6.0,0.0,2.0,8.0,,1.0,,,2.0
20221112010,2022,20,Sea Eagles,Roosters,True,10,20,50.0,1670.0,78.0,32.0,41.0,191.0,1388.0,575.0,2.0,38.0,33.88,105.0,3.78,14.0,427.0,238.0,9.0,23.0,618.0,3.0,56.0,5.0,9.0,3.0,3.0,85.21,311.0,38.0,1.0,16.0,10.0,8.0,1.0,0.0,8.0,,1.0,,,0.0
20221112020,2022,20,Storm,Warriors,False,24,12,50.0,1476.0,81.0,27.0,33.0,154.0,1516.0,632.0,6.0,31.0,45.94,158.0,3.99,7.0,369.0,199.0,21.0,20.0,548.0,1.0,50.0,6.0,12.0,3.0,4.0,91.16,330.0,26.0,,6.0,7.0,8.0,2.0,2.0,8.0,1.0,,,,
20221112020,2022,20,Warriors,Storm,True,12,24,50.0,1490.0,88.0,32.0,36.0,158.0,1396.0,595.0,4.0,26.0,38.79,150.0,3.76,4.0,380.0,220.0,9.0,21.0,508.0,4.0,50.0,4.0,8.0,5.0,6.0,87.71,307.0,31.0,,12.0,6.0,7.0,1.0,1.0,7.0,2.0,,,,
20221112030,2022,20,Panthers,Eels,False,10,34,45.0,1467.0,91.0,32.0,35.0,167.0,1717.0,625.0,5.0,21.0,49.07,135.0,3.32,6.0,396.0,220.0,11.0,21.0,558.0,1.0,50.0,7.0,14.0,2.0,6.0,86.68,384.0,29.0,,30.0,4.0,7.0,1.0,,8.0,,,0.0,1.0,1.0
20221112030,2022,20,Eels,Panthers,True,34,10,55.0,1817.0,83.0,36.0,43.0,207.0,1983.0,684.0,7.0,29.0,46.12,168.0,3.74,18.0,455.0,245.0,8.0,25.0,697.0,3.0,71.0,5.0,7.0,2.0,7.0,91.67,319.0,21.0,,8.0,8.0,6.0,1.0,,8.0,,,2.0,0.0,0.0
20221112040,2022,20,Raiders,Titans,False,36,24,54.0,1682.0,78.0,32.0,41.0,188.0,1750.0,622.0,8.0,50.0,42.7,204.0,3.71,20.0,411.0,213.0,4.0,23.0,599.0,2.0,46.0,6.0,13.0,7.0,6.0,85.75,307.0,44.0,1.0,7.0,10.0,6.0,0.0,1.0,8.0,,1.0,,,1.0
20221112040,2022,20,Titans,Raiders,True,24,36,46.0,1450.0,68.0,28.0,41.0,164.0,1592.0,508.0,6.0,44.0,38.84,115.0,3.27,5.0,367.0,194.0,0.0,17.0,453.0,1.0,50.0,7.0,14.0,4.0,4.0,80.49,330.0,50.0,1.0,30.0,15.0,4.0,1.0,1.0,8.0,,0.0,,,0.0
20221112050,2022,20,Rabbitohs,Sharks,False,20,21,53.0,1928.0,84.0,38.0,45.0,220.0,1865.0,697.0,6.0,43.0,41.46,145.0,3.73,17.0,492.0,267.0,13.0,22.0,499.0,1.0,46.0,6.0,13.0,5.0,6.0,89.81,370.0,22.0,,20.0,7.0,6.0,1.0,1.0,10.0,1.0,,,1.0,0.0
20221112050,2022,20,Sharks,Rabbitohs,True,21,20,47.0,1730.0,72.0,32.0,44.0,199.0,1657.0,644.0,4.0,22.0,37.67,165.0,3.23,11.0,496.0,280.0,3.0,21.0,567.0,1.0,69.0,9.0,13.0,8.0,1.0,85.63,417.0,43.0,,27.0,19.0,3.0,0.0,0.0,8.0,2.0,,,0.0,1.0
20221112060,2022,20,Wests Tigers,Broncos,False,32,18,49.0,1628.0,75.0,30.0,40.0,188.0,1683.0,551.0,7.0,44.0,42.1,146.0,3.61,11.0,404.0,221.0,11.0,17.0,518.0,1.0,85.0,11.0,13.0,4.0,1.0,86.05,333.0,42.0,1.0,12.0,13.0,4.0,2.0,1.0,7.0,1.0,,,,2.0
20221112060,2022,20,Broncos,Wests Tigers,True,18,32,51.0,1630.0,75.0,31.0,41.0,177.0,1687.0,616.0,5.0,42.0,41.15,152.0,3.49,7.0,417.0,234.0,1.0,18.0,431.0,1.0,56.0,5.0,9.0,2.0,7.0,81.77,314.0,44.0,1.0,26.0,13.0,5.0,2.0,1.0,6.0,1.0,,,,1.0
20221112070,2022,20,Bulldogs,Knights,False,24,10,49.0,1754.0,75.0,30.0,40.0,180.0,1947.0,699.0,4.0,36.0,48.68,172.0,3.62,17.0,439.0,234.0,10.0,20.0,708.0,0.0,55.0,6.0,11.0,3.0,2.0,91.9,363.0,18.0,1.0,14.0,14.0,5.0,2.0,0.0,7.0,1.0,,,,2.0
20221112070,2022,20,Knights,Bulldogs,True,10,24,51.0,1822.0,78.0,32.0,41.0,187.0,1968.0,784.0,3.0,18.0,48.0,179.0,3.4,10.0,476.0,275.0,4.0,21.0,574.0,1.0,50.0,2.0,4.0,7.0,2.0,84.18,346.0,36.0,1.0,29.0,12.0,5.0,1.0,1.0,8.0,0.0,,,,0.0
20221112080,2022,20,Cowboys,Dragons,False,34,8,54.0,1699.0,86.0,32.0,37.0,191.0,1965.0,692.0,9.0,42.0,53.11,145.0,4.03,13.0,431.0,245.0,3.0,18.0,540.0,1.0,42.0,5.0,12.0,4.0,1.0,89.77,307.0,22.0,2.0,13.0,7.0,7.0,2.0,1.0,8.0,,,,,2.0
20221112080,2022,20,Dragons,Cowboys,True,8,34,46.0,1456.0,80.0,28.0,35.0,143.0,1413.0,543.0,1.0,22.0,40.37,120.0,3.61,7.0,377.0,222.0,6.0,19.0,480.0,1.0,50.0,4.0,8.0,8.0,3.0,84.25,321.0,42.0,0.0,18.0,12.0,4.0,1.0,1.0,8.0,,,,,1.0
20221112110,2022,21,Broncos,Roosters,False,16,34,50.0,1601.0,81.0,36.0,44.0,183.0,1373.0,605.0,3.0,37.0,31.21,73.0,3.47,12.0,419.0,237.0,5.0,20.0,570.0,1.0,44.0,7.0,16.0,3.0,6.0,81.94,313.0,50.0,3.0,19.0,9.0,6.0,4.0,,6.0,2.0,,,,0.0
20221112110,2022,21,Roosters,Broncos,True,34,16,50.0,1567.0,66.0,32.0,48.0,179.0,1819.0,805.0,5.0,50.0,37.9,193.0,3.4,13.0,396.0,209.0,6.0,18.0,408.0,2.0,88.0,7.0,8.0,5.0,0.0,84.86,325.0,37.0,0.0,21.0,14.0,6.0,4.0,,7.0,1.0,,,,2.0
20221112120,2022,21,Titans,Storm,False,14,32,48.0,1529.0,78.0,29.0,37.0,168.0,1636.0,622.0,3.0,43.0,44.22,73.0,3.65,7.0,360.0,197.0,12.0,18.0,478.0,1.0,55.0,6.0,11.0,4.0,4.0,82.13,308.0,42.0,1.0,25.0,9.0,6.0,1.0,0.0,8.0,,,,,
20221112120,2022,21,Storm,Titans,True,32,14,52.0,1637.0,76.0,29.0,38.0,182.0,1959.0,758.0,9.0,42.0,51.56,274.0,3.57,13.0,395.0,218.0,25.0,19.0,431.0,1.0,78.0,7.0,9.0,7.0,2.0,85.34,326.0,43.0,0.0,13.0,12.0,6.0,2.0,1.0,8.0,,,,,
20221112130,2022,21,Eels,Sea Eagles,False,36,20,53.0,1770.0,86.0,38.0,44.0,189.0,2121.0,703.0,5.0,36.0,48.21,237.0,4.05,11.0,449.0,240.0,8.0,25.0,687.0,1.0,50.0,4.0,8.0,6.0,3.0,90.06,290.0,18.0,,14.0,6.0,4.0,0.0,0.0,8.0,1.0,,,,0.0
20221112130,2022,21,Sea Eagles,Eels,True,20,36,47.0,1540.0,77.0,28.0,36.0,173.0,1805.0,600.0,5.0,18.0,50.14,218.0,3.59,7.0,415.0,241.0,14.0,26.0,756.0,1.0,59.0,10.0,17.0,4.0,3.0,85.83,327.0,36.0,,18.0,12.0,3.0,1.0,1.0,7.0,1.0,,,,1.0
20221112140,2022,21,Warriors,Rabbitohs,False,10,48,42.0,1269.0,68.0,22.0,32.0,126.0,1361.0,332.0,6.0,34.0,42.55,75.0,3.46,6.0,327.0,190.0,9.0,17.0,454.0,3.0,78.0,7.0,9.0,6.0,4.0,84.89,354.0,33.0,,30.0,13.0,8.0,,1.0,8.0,0.0,,,,
20221112140,2022,21,Rabbitohs,Warriors,True,48,10,58.0,1784.0,76.0,33.0,43.0,216.0,2171.0,439.0,12.0,33.0,50.51,232.0,3.84,15.0,455.0,257.0,28.0,16.0,377.0,1.0,82.0,9.0,11.0,6.0,5.0,85.0,255.0,34.0,,11.0,13.0,5.0,,0.0,8.0,1.0,,,,
20221112150,2022,21,Panthers,Raiders,False,26,6,51.0,1643.0,74.0,32.0,43.0,168.0,1541.0,554.0,4.0,33.0,35.84,115.0,3.89,9.0,388.0,205.0,5.0,19.0,602.0,2.0,87.0,13.0,15.0,1.0,3.0,88.14,327.0,29.0,1.0,15.0,10.0,5.0,0.0,2.0,8.0,0.0,1.0,,,2.0
20221112150,2022,21,Raiders,Panthers,True,6,26,49.0,1552.0,75.0,27.0,36.0,160.0,1377.0,513.0,4.0,29.0,38.27,191.0,3.83,9.0,371.0,198.0,4.0,23.0,673.0,5.0,60.0,3.0,5.0,5.0,9.0,88.8,349.0,33.0,0.0,11.0,9.0,8.0,1.0,1.0,7.0,1.0,1.0,,,1.0
20221112160,2022,21,Dragons,Sharks,False,18,24,51.0,1626.0,77.0,34.0,44.0,167.0,1351.0,564.0,5.0,23.0,30.72,101.0,3.2,6.0,423.0,239.0,7.0,21.0,593.0,1.0,27.0,3.0,11.0,5.0,3.0,87.11,311.0,34.0,2.0,12.0,12.0,7.0,4.0,,8.0,,1.0,,,
20221112160,2022,21,Sharks,Dragons,True,24,18,49.0,1536.0,70.0,33.0,47.0,171.0,1503.0,610.0,5.0,34.0,31.99,151.0,3.62,8.0,378.0,200.0,2.0,16.0,415.0,0.0,56.0,5.0,9.0,8.0,2.0,91.24,354.0,23.0,1.0,11.0,19.0,6.0,1.0,,8.0,,1.0,,,
20221112170,2022,21,Cowboys,Bulldogs,False,28,14,56.0,1704.0,75.0,30.0,40.0,185.0,1772.0,643.0,7.0,32.0,44.3,205.0,3.24,10.0,438.0,249.0,16.0,16.0,287.0,1.0,62.0,5.0,8.0,7.0,3.0,81.68,263.0,23.0,2.0,36.0,13.0,5.0,1.0,,8.0,0.0,,,,0.0
20221112170,2022,21,Bulldogs,Cowboys,True,14,28,44.0,1344.0,61.0,22.0,36.0,162.0,1138.0,401.0,1.0,23.0,31.63,77.0,3.43,15.0,341.0,183.0,6.0,17.0,553.0,3.0,70.0,7.0,10.0,4.0,3.0,87.53,337.0,32.0,0.0,16.0,14.0,6.0,2.0,,7.0,1.0,,,,1.0
20221112180,2022,21,Knights,Wests Tigers,False,14,10,49.0,1716.0,65.0,25.0,38.0,182.0,1850.0,632.0,3.0,34.0,48.7,227.0,3.48,9.0,410.0,217.0,10.0,20.0,533.0,3.0,50.0,7.0,14.0,8.0,4.0,85.61,369.0,34.0,,28.0,16.0,2.0,3.0,1.0,8.0,1.0,,1.0,,
20221112180,2022,21,Wests Tigers,Knights,True,10,14,51.0,1794.0,78.0,30.0,38.0,225.0,1841.0,673.0,2.0,34.0,48.47,108.0,3.35,17.0,479.0,265.0,1.0,24.0,560.0,0.0,46.0,6.0,13.0,5.0,4.0,87.88,348.0,34.0,,14.0,11.0,2.0,1.0,0.0,7.0,1.0,,1.0,,
20221112210,2022,22,Storm,Panthers,False,16,0,45.0,1777.0,82.0,34.0,41.0,194.0,1568.0,471.0,6.0,49.0,38.25,135.0,3.69,9.0,426.0,210.0,2.0,31.0,998.0,1.0,71.0,12.0,17.0,5.0,3.0,87.06,444.0,40.0,,26.0,9.0,6.0,2.0,,8.0,2.0,,,,
20221112210,2022,22,Panthers,Storm,True,0,16,55.0,2080.0,76.0,35.0,46.0,234.0,1928.0,666.0,1.0,40.0,41.92,200.0,3.68,16.0,529.0,295.0,16.0,28.0,580.0,3.0,50.0,6.0,12.0,7.0,10.0,85.62,381.0,49.0,,15.0,12.0,1.0,1.0,,6.0,2.0,,,,
20221112220,2022,22,Bulldogs,Warriors,False,18,42,42.0,1272.0,82.0,29.0,35.0,124.0,1399.0,535.0,1.0,18.0,39.99,115.0,3.8,4.0,309.0,163.0,5.0,18.0,560.0,1.0,42.0,10.0,24.0,3.0,2.0,89.76,377.0,31.0,1.0,12.0,9.0,6.0,1.0,2.0,8.0,,,,,2.0
20221112220,2022,22,Warriors,Bulldogs,True,42,18,58.0,1745.0,83.0,36.0,43.0,192.0,2027.0,760.0,6.0,31.0,47.16,182.0,3.67,7.0,449.0,255.0,23.0,23.0,536.0,2.0,78.0,7.0,9.0,10.0,5.0,91.23,260.0,18.0,1.0,7.0,10.0,5.0,1.0,0.0,8.0,,,,,2.0
20221112230,2022,22,Rabbitohs,Eels,False,26,0,54.0,1864.0,80.0,36.0,45.0,206.0,2270.0,844.0,8.0,32.0,50.46,269.0,3.64,13.0,477.0,262.0,2.0,24.0,633.0,2.0,62.0,8.0,13.0,6.0,3.0,89.71,340.0,15.0,,24.0,11.0,4.0,0.0,,8.0,0.0,,,,1.0
20221112230,2022,22,Eels,Rabbitohs,True,0,26,46.0,1573.0,75.0,28.0,37.0,177.0,1827.0,732.0,2.0,15.0,49.4,121.0,3.44,20.0,422.0,223.0,0.0,22.0,637.0,2.0,83.0,15.0,18.0,3.0,6.0,87.89,399.0,32.0,,23.0,13.0,5.0,2.0,,8.0,1.0,,,,1.0
20221112240,2022,22,Cowboys,Roosters,False,18,32,46.0,1506.0,72.0,27.0,37.0,180.0,1431.0,483.0,3.0,27.0,38.69,115.0,3.34,8.0,378.0,201.0,1.0,17.0,543.0,1.0,69.0,9.0,13.0,5.0,1.0,87.56,380.0,42.0,1.0,12.0,12.0,4.0,1.0,0.0,7.0,,,,,
20221112240,2022,22,Roosters,Cowboys,True,32,18,54.0,1749.0,78.0,33.0,42.0,190.0,1703.0,630.0,8.0,42.0,40.55,241.0,3.09,9.0,443.0,239.0,27.0,21.0,701.0,3.0,62.0,5.0,8.0,8.0,2.0,89.18,338.0,27.0,0.0,14.0,12.0,4.0,1.0,1.0,8.0,,,,,
20221112250,2022,22,Sharks,Wests Tigers,False,36,12,55.0,1832.0,83.0,36.0,43.0,214.0,1865.0,610.0,10.0,40.0,43.39,172.0,3.57,10.0,455.0,256.0,2.0,22.0,445.0,,83.0,5.0,6.0,9.0,7.0,84.24,294.0,38.0,1.0,17.0,8.0,2.0,2.0,,8.0,1.0,1.0,,,0.0
20221112250,2022,22,Wests Tigers,Sharks,True,12,36,45.0,1470.0,63.0,23.0,36.0,158.0,1366.0,475.0,3.0,38.0,37.95,145.0,3.79,10.0,359.0,194.0,8.0,18.0,582.0,,71.0,12.0,17.0,5.0,1.0,85.89,353.0,40.0,2.0,18.0,13.0,6.0,2.0,,8.0,0.0,0.0,,,3.0
20221112260,2022,22,Knights,Broncos,False,10,28,53.0,1813.0,80.0,36.0,45.0,174.0,1521.0,597.0,3.0,25.0,33.82,111.0,3.61,5.0,444.0,252.0,25.0,24.0,579.0,3.0,60.0,6.0,10.0,8.0,6.0,86.92,319.0,38.0,0.0,10.0,10.0,4.0,0.0,0.0,8.0,0.0,,,,0.0
20221112260,2022,22,Broncos,Knights,True,28,10,47.0,1583.0,69.0,27.0,39.0,182.0,1704.0,548.0,5.0,38.0,43.72,209.0,3.43,7.0,415.0,234.0,5.0,17.0,492.0,2.0,82.0,9.0,11.0,5.0,4.0,92.01,380.0,25.0,1.0,8.0,16.0,6.0,3.0,1.0,7.0,1.0,,,,2.0
20221112270,2022,22,Dragons,Raiders,False,22,24,50.0,1680.0,80.0,34.0,42.0,180.0,1382.0,436.0,5.0,31.0,32.92,97.0,3.79,10.0,413.0,229.0,13.0,21.0,617.0,1.0,69.0,9.0,13.0,5.0,2.0,85.07,319.0,39.0,1.0,17.0,8.0,6.0,5.0,0.0,7.0,,,1.0,,2.0
20221112270,2022,22,Raiders,Dragons,True,24,22,50.0,1726.0,85.0,36.0,42.0,182.0,1593.0,547.0,4.0,39.0,37.93,158.0,3.79,7.0,386.0,200.0,13.0,22.0,566.0,1.0,50.0,5.0,10.0,5.0,8.0,88.83,342.0,31.0,0.0,12.0,6.0,5.0,2.0,1.0,8.0,,,0.0,,2.0
20221112280,2022,22,Sea Eagles,Titans,False,24,44,45.0,1404.0,55.0,19.0,34.0,147.0,1289.0,416.0,5.0,42.0,37.91,141.0,3.81,7.0,355.0,211.0,10.0,11.0,359.0,3.0,80.0,4.0,5.0,0.0,3.0,81.4,267.0,36.0,0.0,25.0,17.0,6.0,3.0,1.0,7.0,1.0,1.0,,,0.0
20221112280,2022,22,Titans,Sea Eagles,True,44,24,55.0,1676.0,80.0,33.0,41.0,183.0,1854.0,465.0,5.0,36.0,45.24,218.0,3.88,13.0,386.0,206.0,11.0,17.0,420.0,4.0,100.0,2.0,2.0,2.0,6.0,82.87,266.0,42.0,2.0,13.0,8.0,4.0,0.0,0.0,8.0,0.0,0.0,,,1.0
20221112310,2022,23,Panthers,Rabbitohs,False,26,22,52.0,1684.0,84.0,32.0,38.0,191.0,1781.0,578.0,4.0,30.0,46.88,174.0,3.61,12.0,420.0,232.0,16.0,21.0,493.0,2.0,100.0,4.0,4.0,4.0,6.0,89.57,335.0,26.0,1.0,13.0,9.0,5.0,3.0,,7.0,0.0,,1.0,,
20221112310,2022,23,Rabbitohs,Panthers,True,22,26,48.0,1498.0,71.0,28.0,39.0,171.0,1486.0,498.0,8.0,26.0,38.12,132.0,3.64,8.0,389.0,222.0,10.0,15.0,511.0,1.0,58.0,7.0,12.0,4.0,1.0,87.72,350.0,30.0,0.0,19.0,13.0,5.0,1.0,,7.0,1.0,,0.0,,
20221112320,2022,23,Warriors,Cowboys,False,4,48,43.0,1392.0,68.0,26.0,38.0,135.0,1178.0,454.0,1.0,21.0,31.01,99.0,3.57,4.0,327.0,183.0,4.0,16.0,436.0,0.0,33.0,6.0,18.0,3.0,2.0,91.26,376.0,26.0,,10.0,12.0,7.0,1.0,1.0,7.0,1.0,,,,1.0
20221112320,2022,23,Cowboys,Warriors,True,48,4,57.0,1735.0,76.0,33.0,43.0,198.0,1990.0,651.0,9.0,26.0,46.28,230.0,3.87,6.0,409.0,223.0,19.0,21.0,583.0,3.0,33.0,3.0,9.0,6.0,4.0,91.75,289.0,21.0,,5.0,14.0,6.0,2.0,1.0,8.0,1.0,,,,2.0
20221112330,2022,23,Storm,Broncos,False,60,12,63.0,1845.0,83.0,36.0,43.0,189.0,1990.0,641.0,9.0,66.0,46.3,283.0,3.89,12.0,427.0,232.0,15.0,16.0,434.0,2.0,33.0,3.0,9.0,6.0,3.0,89.55,240.0,24.0,0.0,4.0,8.0,6.0,1.0,0.0,8.0,,,,,1.0
20221112330,2022,23,Broncos,Storm,True,12,60,37.0,1113.0,67.0,21.0,31.0,122.0,1106.0,357.0,3.0,24.0,35.69,70.0,3.88,4.0,283.0,155.0,21.0,14.0,420.0,3.0,50.0,7.0,14.0,1.0,3.0,81.08,360.0,66.0,1.0,18.0,15.0,3.0,1.0,1.0,6.0,,,,,2.0
20221112340,2022,23,Bulldogs,Eels,False,6,42,46.0,1459.0,66.0,24.0,36.0,172.0,1395.0,530.0,4.0,13.0,38.75,165.0,3.88,16.0,384.0,214.0,9.0,18.0,474.0,2.0,31.0,5.0,16.0,2.0,5.0,85.19,345.0,30.0,0.0,30.0,11.0,4.0,0.0,,7.0,,,,,2.0
20221112340,2022,23,Eels,Bulldogs,True,42,6,54.0,1657.0,73.0,30.0,41.0,184.0,1744.0,693.0,10.0,30.0,42.55,153.0,3.86,16.0,423.0,234.0,0.0,23.0,526.0,2.0,75.0,6.0,8.0,5.0,9.0,86.65,279.0,13.0,1.0,30.0,14.0,5.0,2.0,,8.0,,,,,0.0
20221112350,2022,23,Sharks,Sea Eagles,False,40,6,56.0,1811.0,76.0,36.0,47.0,212.0,1866.0,615.0,6.0,43.0,39.71,229.0,3.78,19.0,471.0,258.0,7.0,26.0,615.0,2.0,47.0,7.0,15.0,7.0,6.0,84.89,281.0,35.0,0.0,15.0,12.0,5.0,2.0,1.0,8.0,,,1.0,,1.0
20221112350,2022,23,Sea Eagles,Sharks,True,6,40,44.0,1408.0,70.0,29.0,41.0,143.0,1243.0,549.0,1.0,35.0,30.32,125.0,3.99,9.0,362.0,197.0,0.0,20.0,540.0,1.0,42.0,8.0,19.0,6.0,3.0,82.18,309.0,43.0,1.0,24.0,14.0,3.0,3.0,3.0,7.0,,,0.0,,0.0
20221112360,2022,23,Wests Tigers,Roosters,False,6,72,39.0,1143.0,63.0,19.0,30.0,126.0,1050.0,436.0,1.0,20.0,35.02,80.0,3.53,5.0,294.0,162.0,2.0,15.0,367.0,1.0,69.0,9.0,13.0,2.0,3.0,82.08,339.0,54.0,1.0,20.0,13.0,3.0,4.0,0.0,8.0,,,,1.0,1.0
20221112360,2022,23,Roosters,Wests Tigers,True,72,6,61.0,1795.0,72.0,35.0,48.0,207.0,2109.0,783.0,13.0,54.0,43.94,274.0,3.73,16.0,450.0,257.0,2.0,17.0,412.0,3.0,100.0,6.0,6.0,4.0,5.0,88.93,249.0,20.0,0.0,11.0,13.0,2.0,1.0,1.0,5.0,,,,0.0,2.0
20221112370,2022,23,Titans,Dragons,False,26,46,46.0,1389.0,78.0,29.0,37.0,169.0,1574.0,526.0,10.0,51.0,42.56,155.0,3.45,18.0,339.0,185.0,7.0,14.0,316.0,1.0,38.0,3.0,8.0,3.0,2.0,83.06,309.0,49.0,,14.0,11.0,2.0,0.0,,7.0,1.0,,,0.0,2.0
20221112370,2022,23,Dragons,Titans,True,46,26,54.0,1636.0,77.0,27.0,35.0,175.0,1729.0,662.0,11.0,49.0,49.42,171.0,3.82,9.0,406.0,227.0,10.0,16.0,472.0,0.0,70.0,7.0,10.0,5.0,2.0,75.48,234.0,51.0,,25.0,10.0,8.0,1.0,,6.0,2.0,,,1.0,1.0
20221112380,2022,23,Raiders,Knights,False,28,22,53.0,1686.0,83.0,30.0,36.0,202.0,1808.0,790.0,3.0,34.0,50.23,229.0,3.36,7.0,394.0,207.0,2.0,23.0,588.0,3.0,88.0,7.0,8.0,6.0,9.0,84.21,304.0,34.0,1.0,23.0,7.0,6.0,0.0,3.0,7.0,,,0.0,,1.0
20221112380,2022,23,Knights,Raiders,True,22,28,47.0,1451.0,83.0,31.0,37.0,156.0,1400.0,549.0,7.0,34.0,37.85,153.0,3.46,10.0,383.0,216.0,9.0,19.0,574.0,0.0,64.0,9.0,14.0,4.0,1.0,88.48,338.0,34.0,0.0,10.0,7.0,4.0,1.0,2.0,8.0,,,1.0,,0.0
20221112410,2022,24,Eels,Broncos,False,53,6,62.0,1826.0,77.0,38.0,49.0,211.0,2018.0,802.0,8.0,52.0,41.2,242.0,3.22,23.0,483.0,275.0,13.0,15.0,303.0,2.0,75.0,3.0,4.0,0.0,7.0,86.94,233.0,23.0,1.0,12.0,14.0,5.0,1.0,0.0,8.0,1.0,,,,1.0
20221112410,2022,24,Broncos,Eels,True,6,53,38.0,1173.0,75.0,24.0,32.0,118.0,1063.0,435.0,2.0,23.0,33.23,72.0,3.44,6.0,298.0,162.0,13.0,15.0,432.0,2.0,38.0,5.0,13.0,1.0,5.0,80.05,341.0,52.0,1.0,33.0,15.0,8.0,3.0,1.0,6.0,0.0,,,,1.0
20221112420,2022,24,Warriors,Panthers,False,12,46,46.0,1433.0,82.0,28.0,34.0,137.0,1182.0,397.0,3.0,15.0,34.76,146.0,3.98,2.0,359.0,201.0,7.0,22.0,694.0,6.0,62.0,5.0,8.0,3.0,5.0,83.33,335.0,54.0,0.0,13.0,9.0,5.0,2.0,,8.0,1.0,,,,2.0
20221112420,2022,24,Panthers,Warriors,True,46,12,54.0,1713.0,84.0,33.0,39.0,192.0,1859.0,608.0,9.0,54.0,47.67,268.0,3.81,9.0,437.0,256.0,11.0,14.0,378.0,1.0,50.0,3.0,6.0,3.0,4.0,93.31,321.0,15.0,2.0,8.0,8.0,4.0,2.0,,6.0,0.0,,,,0.0
20221112430,2022,24,Roosters,Storm,False,18,14,53.0,1691.0,82.0,32.0,39.0,178.0,1507.0,634.0,2.0,23.0,38.66,118.0,3.85,14.0,415.0,227.0,4.0,16.0,376.0,1.0,71.0,5.0,7.0,3.0,3.0,83.71,298.0,40.0,,18.0,10.0,11.0,1.0,3.0,7.0,1.0,1.0,,,1.0
20221112430,2022,24,Storm,Roosters,True,14,18,47.0,1426.0,75.0,31.0,41.0,156.0,1291.0,509.0,6.0,40.0,31.5,76.0,3.76,10.0,364.0,202.0,13.0,13.0,288.0,2.0,67.0,6.0,9.0,4.0,4.0,88.92,345.0,23.0,,20.0,14.0,7.0,3.0,0.0,8.0,1.0,0.0,,,2.0
20221112440,2022,24,Sea Eagles,Raiders,False,6,48,44.0,1470.0,72.0,27.0,37.0,170.0,1518.0,272.0,3.0,32.0,41.04,185.0,3.92,6.0,361.0,194.0,8.0,20.0,708.0,,61.0,11.0,18.0,3.0,3.0,83.8,357.0,44.0,,25.0,10.0,3.0,2.0,,8.0,2.0,,,,1.0
20221112440,2022,24,Raiders,Sea Eagles,True,48,6,56.0,1913.0,88.0,38.0,43.0,218.0,2262.0,403.0,8.0,44.0,52.62,270.0,3.72,15.0,475.0,260.0,35.0,27.0,677.0,,56.0,5.0,9.0,9.0,9.0,87.87,297.0,32.0,,9.0,6.0,2.0,3.0,,7.0,0.0,,,,1.0
20221112450,2022,24,Bulldogs,Sharks,False,0,16,52.0,1758.0,82.0,32.0,39.0,167.0,1401.0,551.0,0.0,18.0,35.93,78.0,3.8,11.0,449.0,258.0,0.0,26.0,618.0,2.0,60.0,3.0,5.0,9.0,7.0,82.46,329.0,50.0,0.0,20.0,10.0,6.0,2.0,0.0,8.0,,,1.0,,1.0
20221112450,2022,24,Sharks,Bulldogs,True,16,0,48.0,1570.0,64.0,29.0,45.0,181.0,1665.0,590.0,6.0,50.0,37.0,162.0,3.6,12.0,432.0,244.0,6.0,14.0,381.0,2.0,61.0,14.0,23.0,4.0,3.0,90.51,353.0,18.0,1.0,19.0,18.0,6.0,0.0,1.0,8.0,,,0.0,,0.0
20221112460,2022,24,Cowboys,Rabbitohs,False,10,20,47.0,1581.0,71.0,30.0,42.0,176.0,1631.0,366.0,2.0,20.0,38.84,110.0,3.52,10.0,405.0,216.0,3.0,23.0,622.0,2.0,60.0,9.0,15.0,11.0,3.0,89.86,381.0,25.0,1.0,18.0,15.0,8.0,1.0,2.0,7.0,,2.0,,,2.0
20221112460,2022,24,Rabbitohs,Cowboys,True,20,10,53.0,1770.0,71.0,32.0,45.0,193.0,1712.0,439.0,4.0,25.0,38.05,103.0,3.67,9.0,438.0,240.0,17.0,16.0,527.0,4.0,61.0,11.0,18.0,8.0,2.0,90.17,312.0,20.0,0.0,14.0,15.0,4.0,2.0,0.0,8.0,,0.0,,,0.0
20221112470,2022,24,Dragons,Wests Tigers,False,24,22,60.0,1875.0,85.0,36.0,42.0,194.0,1746.0,481.0,3.0,33.0,41.59,153.0,3.87,13.0,452.0,248.0,14.0,25.0,460.0,2.0,100.0,1.0,1.0,7.0,7.0,81.0,243.0,43.0,2.0,14.0,10.0,8.0,3.0,0.0,8.0,1.0,2.0,,,1.0
20221112470,2022,24,Wests Tigers,Dragons,True,22,24,40.0,1253.0,62.0,23.0,37.0,155.0,1321.0,349.0,5.0,43.0,35.71,66.0,3.54,9.0,318.0,174.0,11.0,11.0,367.0,1.0,42.0,8.0,19.0,0.0,3.0,87.22,348.0,33.0,0.0,18.0,16.0,4.0,2.0,1.0,8.0,0.0,1.0,,,3.0
20221112480,2022,24,Knights,Titans,False,26,36,48.0,1562.0,73.0,25.0,34.0,168.0,1786.0,571.0,9.0,38.0,52.55,199.0,3.46,7.0,415.0,254.0,3.0,17.0,422.0,0.0,62.0,8.0,13.0,6.0,1.0,85.07,342.0,47.0,,13.0,9.0,1.0,2.0,0.0,8.0,0.0,,,0.0,
20221112480,2022,24,Titans,Knights,True,36,26,52.0,1702.0,86.0,31.0,36.0,174.0,1934.0,723.0,6.0,47.0,53.74,215.0,3.63,10.0,397.0,201.0,12.0,25.0,648.0,1.0,70.0,7.0,10.0,7.0,9.0,84.05,295.0,38.0,,18.0,8.0,5.0,0.0,1.0,5.0,1.0,,,1.0,
20221112510,2022,25,Storm,Eels,False,14,22,47.0,1485.0,75.0,31.0,41.0,175.0,1700.0,556.0,5.0,38.0,41.48,181.0,3.21,7.0,395.0,227.0,2.0,20.0,531.0,3.0,70.0,7.0,10.0,9.0,3.0,88.15,372.0,27.0,0.0,23.0,11.0,8.0,1.0,1.0,8.0,1.0,,,,1.0
20221112510,2022,25,Eels,Storm,True,22,14,53.0,1707.0,84.0,32.0,38.0,190.0,1700.0,635.0,3.0,27.0,44.74,88.0,3.73,15.0,442.0,239.0,9.0,25.0,691.0,2.0,69.0,9.0,13.0,3.0,7.0,85.51,295.0,38.0,1.0,12.0,9.0,6.0,2.0,0.0,8.0,0.0,,,,0.0
20221112520,2022,25,Sea Eagles,Bulldogs,False,20,21,47.0,1433.0,67.0,29.0,43.0,146.0,1367.0,413.0,6.0,30.0,31.81,202.0,3.83,4.0,359.0,203.0,21.0,19.0,469.0,3.0,73.0,8.0,11.0,1.0,5.0,87.8,288.0,20.0,0.0,20.0,14.0,6.0,3.0,1.0,8.0,0.0,,,,1.0
20221112520,2022,25,Bulldogs,Sea Eagles,True,21,20,53.0,1591.0,80.0,34.0,42.0,173.0,1518.0,461.0,2.0,20.0,36.16,140.0,3.13,12.0,385.0,210.0,22.0,18.0,608.0,1.0,67.0,6.0,9.0,6.0,2.0,89.3,292.0,30.0,1.0,5.0,9.0,7.0,1.0,0.0,8.0,1.0,,,,0.0
20221112530,2022,25,Rabbitohs,Roosters,False,16,26,49.0,1683.0,79.0,31.0,39.0,186.0,1700.0,620.0,5.0,32.0,43.61,142.0,3.58,11.0,403.0,223.0,10.0,18.0,464.0,0.0,62.0,8.0,13.0,4.0,4.0,89.62,354.0,26.0,,15.0,6.0,10.0,1.0,1.0,8.0,1.0,1.0,,,0.0
20221112530,2022,25,Roosters,Rabbitohs,True,26,16,51.0,1679.0,87.0,35.0,40.0,177.0,1659.0,554.0,5.0,26.0,41.48,246.0,3.15,10.0,406.0,216.0,20.0,24.0,705.0,3.0,79.0,11.0,14.0,4.0,6.0,87.32,358.0,32.0,,20.0,6.0,8.0,0.0,0.0,8.0,0.0,1.0,,,1.0
20221112540,2022,25,Titans,Warriors,False,27,26,50.0,1698.0,75.0,33.0,44.0,194.0,1787.0,722.0,5.0,52.0,40.62,196.0,3.69,10.0,409.0,215.0,3.0,19.0,444.0,5.0,48.0,13.0,27.0,4.0,7.0,90.31,354.0,26.0,1.0,12.0,11.0,5.0,0.0,1.0,9.0,1.0,,,,0.0
20221112540,2022,25,Warriors,Titans,True,26,27,50.0,1706.0,85.0,34.0,40.0,165.0,1654.0,751.0,5.0,26.0,41.37,124.0,3.81,7.0,400.0,208.0,11.0,24.0,552.0,4.0,82.0,9.0,11.0,13.0,7.0,82.96,336.0,52.0,1.0,17.0,9.0,5.0,1.0,2.0,8.0,0.0,,,,1.0
20221112550,2022,25,Broncos,Dragons,False,12,22,52.0,1702.0,80.0,33.0,41.0,198.0,1906.0,776.0,6.0,43.0,46.49,235.0,3.46,14.0,425.0,235.0,28.0,22.0,487.0,3.0,86.0,6.0,7.0,5.0,8.0,84.46,299.0,43.0,1.0,12.0,9.0,6.0,2.0,1.0,6.0,0.0,2.0,0.0,,2.0
20221112550,2022,25,Dragons,Broncos,True,22,12,48.0,1595.0,77.0,35.0,45.0,167.0,1501.0,598.0,6.0,43.0,33.38,99.0,3.89,8.0,395.0,212.0,8.0,21.0,734.0,2.0,76.0,13.0,17.0,1.0,3.0,83.86,317.0,43.0,0.0,18.0,12.0,7.0,0.0,1.0,7.0,1.0,0.0,1.0,,0.0
20221112560,2022,25,Panthers,Cowboys,False,8,38,44.0,1459.0,77.0,28.0,36.0,157.0,1431.0,371.0,2.0,25.0,39.76,101.0,3.52,10.0,376.0,199.0,13.0,20.0,607.0,0.0,67.0,8.0,12.0,4.0,3.0,85.71,372.0,44.0,1.0,18.0,8.0,9.0,2.0,1.0,7.0,2.0,1.0,0.0,,1.0
20221112560,2022,25,Cowboys,Panthers,True,38,8,56.0,1874.0,77.0,37.0,48.0,208.0,2049.0,520.0,11.0,44.0,42.7,205.0,3.68,11.0,457.0,260.0,22.0,21.0,572.0,1.0,57.0,4.0,7.0,4.0,3.0,86.61,291.0,25.0,0.0,20.0,13.0,4.0,0.0,0.0,8.0,0.0,0.0,1.0,,0.0
20221112570,2022,25,Sharks,Knights,False,38,16,48.0,1461.0,67.0,27.0,40.0,160.0,1745.0,483.0,6.0,37.0,43.63,224.0,3.66,7.0,370.0,198.0,3.0,16.0,412.0,0.0,62.0,5.0,8.0,5.0,3.0,89.92,330.0,21.0,1.0,16.0,14.0,6.0,0.0,0.0,8.0,1.0,0.0,,,0.0
20221112570,2022,25,Knights,Sharks,True,16,38,52.0,1638.0,78.0,30.0,38.0,172.0,1553.0,436.0,6.0,21.0,40.89,126.0,3.68,9.0,416.0,237.0,23.0,22.0,610.0,2.0,56.0,5.0,9.0,2.0,8.0,86.09,297.0,37.0,3.0,11.0,9.0,3.0,1.0,2.0,7.0,1.0,1.0,,,1.0
20221112580,2022,25,Raiders,Wests Tigers,False,56,10,57.0,1670.0,85.0,36.0,42.0,182.0,1754.0,614.0,8.0,46.0,41.76,160.0,3.78,17.0,389.0,199.0,2.0,20.0,522.0,2.0,33.0,3.0,9.0,5.0,4.0,90.69,263.0,21.0,1.0,6.0,7.0,6.0,0.0,1.0,8.0,1.0,0.0,,,1.0
20221112580,2022,25,Wests Tigers,Raiders,True,10,56,43.0,1276.0,76.0,23.0,30.0,134.0,1264.0,423.0,2.0,21.0,42.16,106.0,3.73,3.0,319.0,190.0,11.0,16.0,305.0,0.0,42.0,5.0,12.0,4.0,4.0,82.06,334.0,46.0,0.0,27.0,8.0,7.0,3.0,1.0,7.0,1.0,1.0,,,0.0
20221112610,2022,26,Eels,Panthers,False,8,27,49.0,1536.0,67.0,27.0,40.0,173.0,1340.0,469.0,2.0,30.0,33.51,140.0,3.79,12.0,392.0,210.0,22.0,20.0,630.0,3.0,24.0,4.0,17.0,4.0,4.0,88.83,342.0,35.0,,8.0,14.0,3.0,1.0,1.0,7.0,1.0,0.0,,,2.0
20221112610,2022,26,Panthers,Eels,True,27,8,51.0,1634.0,83.0,35.0,42.0,210.0,1759.0,613.0,3.0,35.0,41.89,216.0,3.35,5.0,450.0,249.0,8.0,25.0,650.0,1.0,57.0,4.0,7.0,5.0,4.0,86.91,352.0,30.0,,23.0,10.0,5.0,0.0,2.0,7.0,0.0,1.0,,,1.0
20221112620,2022,26,Raiders,Storm,False,28,20,51.0,1623.0,80.0,32.0,40.0,175.0,1449.0,336.0,4.0,41.0,36.23,136.0,3.33,12.0,394.0,207.0,10.0,21.0,649.0,2.0,47.0,7.0,15.0,9.0,3.0,85.64,334.0,38.0,1.0,18.0,9.0,3.0,3.0,1.0,7.0,1.0,,,,1.0
20221112620,2022,26,Storm,Raiders,True,20,28,49.0,1547.0,70.0,29.0,41.0,165.0,1556.0,352.0,3.0,38.0,37.97,194.0,3.66,12.0,375.0,189.0,35.0,21.0,440.0,2.0,62.0,8.0,13.0,2.0,8.0,84.68,326.0,41.0,0.0,18.0,14.0,4.0,2.0,0.0,8.0,2.0,,,,0.0
20221112630,2022,26,Cowboys,Sharks,False,32,30,52.0,2139.0,82.0,42.0,51.0,245.0,2273.0,692.0,5.0,54.0,44.58,218.0,3.36,11.0,540.0,288.0,14.0,29.0,907.0,1.0,73.0,11.0,15.0,6.0,3.0,90.25,435.0,40.0,1.0,7.0,11.0,2.0,4.0,1.0,10.0,,0.0,,,1.0
20221112630,2022,26,Sharks,Cowboys,True,30,32,48.0,1950.0,80.0,41.0,51.0,206.0,2110.0,647.0,6.0,40.0,41.39,332.0,3.44,5.0,490.0,256.0,0.0,27.0,791.0,0.0,60.0,6.0,10.0,11.0,2.0,86.07,451.0,54.0,1.0,19.0,12.0,5.0,2.0,0.0,10.0,,1.0,,,0.0
20221112640,2022,26,Rabbitohs,Roosters,False,30,14,48.0,1529.0,80.0,33.0,41.0,165.0,1657.0,597.0,6.0,29.0,40.43,82.0,3.58,7.0,373.0,194.0,8.0,21.0,724.0,0.0,75.0,9.0,12.0,1.0,4.0,88.32,325.0,23.0,1.0,20.0,8.0,9.0,2.0,1.0,7.0,1.0,4.0,,,1.0
20221112640,2022,26,Roosters,Rabbitohs,True,14,30,52.0,1666.0,72.0,32.0,44.0,186.0,1873.0,591.0,6.0,23.0,42.58,220.0,3.45,12.0,436.0,249.0,18.0,19.0,486.0,2.0,70.0,7.0,10.0,6.0,4.0,89.18,338.0,29.0,0.0,12.0,12.0,6.0,2.0,3.0,5.0,1.0,3.0,,,0.0
20221112710,2022,27,Raiders,Eels,False,4,40,41.0,1263.0,69.0,25.0,36.0,150.0,1623.0,535.0,5.0,25.0,45.1,139.0,3.36,9.0,326.0,175.0,6.0,20.0,541.0,0.0,50.0,5.0,10.0,8.0,2.0,81.02,367.0,47.0,2.0,39.0,13.0,6.0,2.0,1.0,6.0,2.0,,,,
20221112710,2022,27,Eels,Raiders,True,40,4,59.0,1853.0,77.0,34.0,44.0,227.0,2396.0,756.0,8.0,47.0,54.47,192.0,3.88,19.0,488.0,272.0,26.0,23.0,569.0,3.0,75.0,9.0,12.0,0.0,7.0,86.58,258.0,25.0,0.0,15.0,10.0,3.0,1.0,0.0,8.0,2.0,,,,
20221112720,2022,27,Rabbitohs,Sharks,False,38,12,53.0,1553.0,68.0,26.0,38.0,191.0,1735.0,545.0,7.0,45.0,45.67,117.0,3.68,17.0,401.0,222.0,11.0,12.0,341.0,2.0,36.0,5.0,14.0,1.0,2.0,86.5,269.0,27.0,1.0,15.0,14.0,5.0,1.0,1.0,7.0,,,,,0.0
20221112720,2022,27,Sharks,Rabbitohs,True,12,38,47.0,1379.0,62.0,20.0,32.0,145.0,1374.0,469.0,3.0,27.0,42.96,80.0,3.66,8.0,386.0,232.0,5.0,18.0,410.0,1.0,50.0,1.0,2.0,6.0,4.0,79.95,307.0,45.0,0.0,32.0,15.0,6.0,0.0,0.0,8.0,,,,,1.0
20221112810,2022,28,Eels,Cowboys,False,24,20,46.0,1473.0,75.0,27.0,36.0,179.0,1611.0,509.0,6.0,31.0,44.75,218.0,3.49,15.0,385.0,198.0,16.0,19.0,650.0,1.0,77.0,10.0,13.0,0.0,4.0,88.02,360.0,40.0,1.0,9.0,11.0,7.0,3.0,,8.0,2.0,0.0,,,
20221112810,2022,28,Cowboys,Eels,True,20,24,54.0,1834.0,83.0,36.0,43.0,207.0,1857.0,612.0,6.0,40.0,43.19,199.0,3.38,7.0,434.0,237.0,6.0,21.0,545.0,1.0,100.0,2.0,2.0,5.0,3.0,84.46,299.0,31.0,2.0,24.0,6.0,5.0,1.0,,8.0,0.0,1.0,,,
20221112820,2022,28,Rabbitohs,Panthers,False,12,32,48.0,1592.0,72.0,27.0,37.0,193.0,1700.0,602.0,2.0,28.0,45.95,133.0,3.83,14.0,418.0,226.0,0.0,22.0,678.0,3.0,64.0,7.0,11.0,1.0,5.0,87.7,335.0,41.0,,6.0,10.0,4.0,0.0,1.0,8.0,0.0,,,1.0,2.0
20221112820,2022,28,Panthers,Rabbitohs,True,32,12,52.0,1733.0,83.0,36.0,43.0,187.0,2063.0,644.0,5.0,41.0,47.98,247.0,3.65,5.0,428.0,224.0,10.0,27.0,665.0,3.0,56.0,5.0,9.0,6.0,11.0,88.56,364.0,28.0,,19.0,10.0,5.0,1.0,2.0,5.0,1.0,,,0.0,0.0
20221112910,2022,29,Eels,Panthers,False,12,28,44.0,1600.0,70.0,26.0,37.0,201.0,1636.0,521.0,3.0,34.0,44.24,124.0,3.65,19.0,427.0,230.0,11.0,22.0,736.0,0.0,60.0,12.0,20.0,2.0,4.0,87.77,402.0,48.0,1.0,8.0,12.0,5.0,1.0,,7.0,0.0,,,,
20221112910,2022,29,Panthers,Eels,True,28,12,56.0,1979.0,86.0,38.0,44.0,221.0,2218.0,736.0,7.0,48.0,50.42,326.0,3.69,6.0,509.0,290.0,17.0,29.0,675.0,3.0,62.0,5.0,8.0,8.0,9.0,82.46,315.0,34.0,1.0,33.0,8.0,5.0,2.0,,6.0,1.0,,,,
20231110110,2023,1,Storm,Eels,False,16,12,47.0,1758.0,79.0,38.0,48.0,200.0,1949.0,524.0,5.0,30.0,40.61,277.0,2.98,13.0,391.0,195.0,9.0,20.0,616.0,2.0,57.0,4.0,7.0,6.0,4.0,85.41,404.0,37.0,0.0,32.0,11.0,6.0,1.0,2.0,9.0,,,,,1.0
20231110110,2023,1,Eels,Storm,True,12,16,53.0,1928.0,80.0,36.0,45.0,210.0,1701.0,581.0,3.0,37.0,37.81,126.0,3.82,16.0,482.0,255.0,9.0,26.0,892.0,1.0,82.0,9.0,11.0,4.0,6.0,85.53,337.0,30.0,2.0,27.0,12.0,6.0,2.0,0.0,5.0,,,,,0.0
20231110120,2023,1,Knights,Warriors,False,12,20,50.0,1598.0,78.0,33.0,42.0,181.0,1421.0,339.0,2.0,32.0,33.84,130.0,3.91,4.0,376.0,207.0,7.0,17.0,457.0,3.0,58.0,7.0,12.0,3.0,3.0,87.84,325.0,31.0,,14.0,10.0,8.0,1.0,1.0,8.0,1.0,1.0,,,3.0
20231110120,2023,1,Warriors,Knights,True,20,12,50.0,1558.0,87.0,34.0,39.0,177.0,1665.0,326.0,8.0,31.0,42.7,175.0,3.21,9.0,404.0,220.0,6.0,18.0,402.0,1.0,89.0,8.0,9.0,6.0,4.0,88.98,323.0,32.0,,8.0,8.0,8.0,2.0,0.0,6.0,1.0,0.0,,,4.0
20231110130,2023,1,Broncos,Panthers,False,13,12,46.0,1649.0,76.0,33.0,43.0,173.0,1660.0,694.0,2.0,33.0,38.61,150.0,3.21,4.0,391.0,196.0,1.0,24.0,689.0,2.0,93.0,13.0,14.0,2.0,6.0,87.5,357.0,37.0,1.0,14.0,12.0,4.0,5.0,,8.0,2.0,,,,
20231110130,2023,1,Panthers,Broncos,True,12,13,54.0,1912.0,78.0,36.0,46.0,215.0,2013.0,856.0,2.0,37.0,43.77,178.0,3.77,9.0,486.0,274.0,5.0,21.0,444.0,3.0,40.0,2.0,5.0,8.0,7.0,90.6,376.0,33.0,0.0,6.0,11.0,5.0,1.0,,8.0,0.0,,,,
20231110140,2023,1,Bulldogs,Sea Eagles,False,6,31,45.0,1472.0,65.0,25.0,38.0,163.0,1282.0,493.0,1.0,24.0,33.74,149.0,3.81,8.0,376.0,200.0,21.0,21.0,529.0,2.0,48.0,10.0,21.0,2.0,5.0,90.96,352.0,29.0,0.0,6.0,15.0,9.0,3.0,,8.0,1.0,1.0,,,
20231110140,2023,1,Sea Eagles,Bulldogs,True,31,6,55.0,1794.0,77.0,37.0,48.0,174.0,1670.0,584.0,6.0,29.0,34.8,129.0,3.56,6.0,438.0,247.0,5.0,26.0,559.0,4.0,43.0,3.0,7.0,4.0,13.0,88.36,281.0,24.0,1.0,13.0,11.0,4.0,4.0,,7.0,0.0,0.0,,,
20231110150,2023,1,Raiders,Cowboys,False,18,19,46.0,1413.0,77.0,28.0,36.0,146.0,1419.0,520.0,3.0,29.0,39.42,151.0,3.81,8.0,340.0,168.0,6.0,22.0,631.0,2.0,71.0,10.0,14.0,4.0,6.0,87.79,338.0,39.0,,8.0,11.0,6.0,1.0,,8.0,1.0,,,,1.0
20231110150,2023,1,Cowboys,Raiders,True,19,18,54.0,1696.0,87.0,36.0,41.0,176.0,1815.0,477.0,2.0,39.0,44.29,210.0,3.66,4.0,396.0,206.0,4.0,23.0,456.0,3.0,50.0,5.0,10.0,9.0,7.0,87.76,301.0,29.0,,13.0,7.0,5.0,1.0,,8.0,0.0,,,,0.0
20231110160,2023,1,Rabbitohs,Sharks,False,27,18,53.0,1756.0,75.0,31.0,41.0,185.0,1998.0,622.0,6.0,52.0,48.75,176.0,3.85,4.0,422.0,224.0,8.0,21.0,550.0,,33.0,5.0,15.0,4.0,6.0,91.37,339.0,23.0,,9.0,12.0,5.0,0.0,0.0,6.0,,0.0,0.0,,1.0
20231110160,2023,1,Sharks,Rabbitohs,True,18,27,47.0,1534.0,64.0,25.0,39.0,167.0,1706.0,582.0,4.0,23.0,43.75,134.0,3.12,6.0,387.0,211.0,3.0,22.0,578.0,,50.0,5.0,10.0,4.0,6.0,84.73,355.0,52.0,,12.0,14.0,5.0,1.0,2.0,8.0,,1.0,1.0,,0.0
20231110170,2023,1,Roosters,Dolphins,False,18,28,44.0,1459.0,68.0,24.0,35.0,166.0,1435.0,491.0,5.0,33.0,41.01,115.0,3.81,6.0,368.0,192.0,4.0,17.0,474.0,1.0,44.0,4.0,9.0,8.0,2.0,86.57,348.0,32.0,,22.0,14.0,7.0,1.0,1.0,7.0,2.0,1.0,,,1.0
20231110170,2023,1,Dolphins,Roosters,True,28,18,56.0,1784.0,78.0,36.0,46.0,212.0,1809.0,482.0,5.0,32.0,39.33,192.0,3.79,13.0,442.0,238.0,9.0,18.0,481.0,3.0,67.0,8.0,12.0,5.0,3.0,88.89,336.0,33.0,,9.0,12.0,2.0,0.0,0.0,8.0,0.0,0.0,,,1.0
20231110180,2023,1,Titans,Wests Tigers,False,22,10,44.0,1377.0,75.0,25.0,33.0,156.0,1711.0,571.0,2.0,33.0,51.87,154.0,3.64,4.0,334.0,170.0,2.0,20.0,571.0,0.0,67.0,6.0,9.0,6.0,2.0,80.93,331.0,47.0,0.0,31.0,9.0,9.0,3.0,1.0,7.0,,,,,2.0
20231110180,2023,1,Wests Tigers,Titans,True,10,22,56.0,1754.0,71.0,30.0,42.0,207.0,1999.0,800.0,6.0,47.0,47.6,189.0,4.19,20.0,442.0,251.0,21.0,15.0,344.0,3.0,50.0,5.0,10.0,0.0,8.0,87.92,291.0,33.0,1.0,7.0,14.0,3.0,1.0,0.0,8.0,,,,,1.0
20231110210,2023,2,Rabbitohs,Panthers,False,10,16,46.0,1521.0,68.0,24.0,35.0,185.0,1595.0,496.0,2.0,25.0,45.58,59.0,3.69,11.0,395.0,213.0,2.0,17.0,453.0,1.0,67.0,8.0,12.0,5.0,5.0,88.21,374.0,42.0,,8.0,13.0,7.0,1.0,,8.0,0.0,,,,
20231110210,2023,2,Panthers,Rabbitohs,True,16,10,54.0,1825.0,80.0,32.0,40.0,194.0,1890.0,534.0,4.0,42.0,47.25,113.0,3.05,5.0,444.0,252.0,6.0,22.0,544.0,3.0,75.0,9.0,12.0,5.0,7.0,89.51,367.0,25.0,,18.0,9.0,5.0,1.0,,7.0,2.0,,,,
20231110220,2023,2,Sharks,Eels,False,30,26,50.0,1576.0,73.0,30.0,41.0,174.0,1905.0,635.0,5.0,32.0,46.48,179.0,3.46,7.0,390.0,213.0,17.0,18.0,569.0,0.0,67.0,4.0,6.0,5.0,1.0,88.53,332.0,24.0,1.0,19.0,12.0,4.0,3.0,,8.0,0.0,,,,0.0
20231110220,2023,2,Eels,Sharks,True,26,30,50.0,1591.0,66.0,28.0,42.0,179.0,1874.0,674.0,6.0,24.0,44.62,157.0,3.33,10.0,430.0,241.0,6.0,17.0,526.0,1.0,50.0,4.0,8.0,4.0,3.0,88.62,327.0,32.0,1.0,10.0,15.0,4.0,0.0,,8.0,1.0,,,,1.0
20231110230,2023,2,Cowboys,Broncos,False,16,28,46.0,1425.0,81.0,31.0,38.0,158.0,1539.0,550.0,3.0,25.0,40.5,159.0,3.52,3.0,351.0,181.0,18.0,22.0,702.0,0.0,33.0,6.0,18.0,5.0,3.0,84.58,329.0,42.0,1.0,18.0,10.0,9.0,1.0,2.0,7.0,,1.0,,,
20231110230,2023,2,Broncos,Cowboys,True,28,16,54.0,1688.0,80.0,36.0,45.0,187.0,1963.0,665.0,4.0,42.0,43.64,239.0,3.15,13.0,411.0,218.0,15.0,26.0,572.0,2.0,73.0,8.0,11.0,5.0,12.0,90.68,292.0,25.0,0.0,5.0,10.0,8.0,2.0,1.0,8.0,,0.0,,,
20231110240,2023,2,Warriors,Roosters,False,12,20,46.0,1521.0,77.0,31.0,40.0,163.0,1589.0,587.0,4.0,18.0,39.74,134.0,3.54,3.0,401.0,227.0,12.0,20.0,547.0,0.0,67.0,4.0,6.0,3.0,3.0,93.56,407.0,23.0,,5.0,10.0,8.0,4.0,1.0,8.0,1.0,,,,2.0
20231110240,2023,2,Roosters,Warriors,True,20,12,54.0,1789.0,82.0,39.0,47.0,186.0,1971.0,678.0,5.0,23.0,41.96,247.0,3.79,4.0,426.0,221.0,5.0,24.0,732.0,2.0,67.0,4.0,6.0,1.0,6.0,94.13,337.0,18.0,,3.0,8.0,5.0,1.0,1.0,7.0,0.0,,,,1.0
20231110250,2023,2,Raiders,Dolphins,False,14,20,52.0,1783.0,82.0,34.0,41.0,180.0,1761.0,549.0,3.0,26.0,42.96,147.0,3.54,10.0,405.0,209.0,13.0,23.0,534.0,1.0,64.0,7.0,11.0,7.0,7.0,93.7,357.0,13.0,,11.0,10.0,8.0,1.0,1.0,8.0,1.0,1.0,,,0.0
20231110250,2023,2,Dolphins,Raiders,True,20,14,48.0,1566.0,75.0,34.0,45.0,170.0,1734.0,541.0,1.0,13.0,38.55,195.0,3.86,5.0,381.0,189.0,12.0,21.0,532.0,2.0,80.0,12.0,15.0,3.0,6.0,89.93,366.0,26.0,,15.0,10.0,6.0,1.0,2.0,8.0,1.0,2.0,,,3.0
20231110260,2023,2,Bulldogs,Storm,False,26,12,53.0,1729.0,80.0,34.0,42.0,186.0,1853.0,687.0,7.0,49.0,44.12,175.0,3.66,14.0,434.0,242.0,10.0,19.0,700.0,1.0,67.0,6.0,9.0,3.0,3.0,85.5,348.0,36.0,,23.0,12.0,6.0,4.0,1.0,8.0,,1.0,1.0,,1.0
20231110260,2023,2,Storm,Bulldogs,True,12,26,47.0,1562.0,82.0,34.0,41.0,191.0,1755.0,638.0,6.0,36.0,42.82,111.0,3.5,16.0,407.0,211.0,12.0,20.0,568.0,2.0,56.0,5.0,9.0,5.0,7.0,81.77,332.0,49.0,,25.0,8.0,8.0,1.0,0.0,8.0,,1.0,0.0,,0.0
20231110270,2023,2,Knights,Wests Tigers,False,14,12,48.0,1577.0,76.0,30.0,39.0,168.0,1539.0,442.0,3.0,33.0,39.47,108.0,3.66,3.0,390.0,212.0,0.0,22.0,628.0,1.0,100.0,7.0,7.0,3.0,2.0,86.47,326.0,30.0,1.0,21.0,11.0,10.0,2.0,1.0,8.0,0.0,1.0,0.0,1.0,1.0
20231110270,2023,2,Wests Tigers,Knights,True,12,14,52.0,1705.0,63.0,31.0,49.0,196.0,1739.0,420.0,3.0,30.0,35.5,131.0,3.41,14.0,433.0,242.0,24.0,14.0,401.0,2.0,67.0,6.0,9.0,2.0,6.0,90.84,367.0,33.0,0.0,4.0,18.0,4.0,1.0,0.0,7.0,1.0,0.0,1.0,0.0,2.0
20231110280,2023,2,Titans,Dragons,False,18,32,45.0,1319.0,75.0,27.0,36.0,147.0,1362.0,409.0,5.0,34.0,37.84,129.0,3.85,7.0,323.0,174.0,10.0,16.0,400.0,2.0,82.0,9.0,11.0,9.0,0.0,85.34,326.0,37.0,,19.0,13.0,8.0,2.0,,7.0,1.0,,,,1.0
20231110280,2023,2,Dragons,Titans,True,32,18,55.0,1567.0,82.0,33.0,40.0,196.0,1877.0,558.0,9.0,37.0,46.93,155.0,3.62,12.0,414.0,231.0,14.0,18.0,417.0,3.0,64.0,7.0,11.0,4.0,6.0,84.38,270.0,34.0,,16.0,9.0,7.0,1.0,,8.0,0.0,,,,1.0
20231110310,2023,3,Eels,Sea Eagles,False,30,34,51.0,1502.0,64.0,25.0,39.0,200.0,1864.0,542.0,6.0,24.0,47.8,161.0,3.47,19.0,422.0,250.0,19.0,11.0,318.0,,17.0,1.0,6.0,3.0,3.0,87.12,284.0,33.0,0.0,9.0,14.0,7.0,,0.0,8.0,,,,,2.0
20231110310,2023,3,Sea Eagles,Eels,True,34,30,49.0,1424.0,70.0,28.0,40.0,160.0,1667.0,594.0,3.0,33.0,41.68,148.0,3.14,7.0,361.0,203.0,12.0,17.0,506.0,,40.0,2.0,5.0,4.0,1.0,82.92,267.0,24.0,1.0,31.0,14.0,7.0,,1.0,8.0,,,,,0.0
20231110320,2023,3,Dolphins,Knights,False,36,20,55.0,1663.0,88.0,37.0,42.0,173.0,1664.0,517.0,6.0,19.0,39.64,143.0,3.74,3.0,434.0,242.0,6.0,21.0,616.0,1.0,56.0,5.0,9.0,5.0,3.0,90.46,294.0,25.0,,6.0,5.0,7.0,1.0,2.0,8.0,,1.0,,,0.0
20231110320,2023,3,Knights,Dolphins,True,20,36,45.0,1428.0,72.0,27.0,37.0,143.0,1494.0,452.0,3.0,25.0,40.39,193.0,3.28,6.0,335.0,182.0,2.0,16.0,519.0,1.0,44.0,4.0,9.0,4.0,1.0,94.21,374.0,19.0,,4.0,16.0,5.0,1.0,0.0,8.0,,0.0,,,1.0
20231110330,2023,3,Rabbitohs,Roosters,False,18,20,47.0,1571.0,62.0,23.0,37.0,178.0,1652.0,403.0,7.0,32.0,44.66,148.0,4.0,5.0,374.0,201.0,2.0,16.0,512.0,3.0,62.0,5.0,8.0,3.0,3.0,89.72,358.0,28.0,,13.0,15.0,5.0,4.0,0.0,8.0,0.0,1.0,,,0.0
20231110330,2023,3,Roosters,Rabbitohs,True,20,18,53.0,1715.0,76.0,30.0,39.0,184.0,1646.0,388.0,4.0,28.0,42.21,180.0,3.61,9.0,413.0,226.0,17.0,19.0,598.0,2.0,25.0,1.0,4.0,5.0,3.0,87.73,336.0,32.0,,15.0,9.0,4.0,0.0,2.0,7.0,1.0,1.0,,,1.0
20231110340,2023,3,Storm,Titans,False,34,38,50.0,1304.0,63.0,24.0,38.0,149.0,1384.0,366.0,6.0,27.0,36.42,167.0,3.59,6.0,329.0,174.0,13.0,14.0,298.0,,75.0,3.0,4.0,6.0,4.0,89.16,288.0,18.0,0.0,17.0,17.0,8.0,2.0,1.0,8.0,0.0,,,,1.0
20231110340,2023,3,Titans,Storm,True,38,34,50.0,1306.0,71.0,30.0,42.0,164.0,1472.0,401.0,3.0,18.0,35.05,110.0,3.86,8.0,352.0,193.0,0.0,14.0,431.0,,50.0,6.0,12.0,1.0,2.0,86.75,275.0,27.0,1.0,15.0,13.0,5.0,1.0,0.0,8.0,2.0,,,,1.0
20231110350,2023,3,Warriors,Cowboys,False,26,12,54.0,1959.0,80.0,36.0,45.0,215.0,1995.0,481.0,7.0,33.0,44.35,253.0,3.72,9.0,476.0,259.0,12.0,20.0,652.0,,62.0,10.0,16.0,7.0,1.0,86.49,333.0,32.0,0.0,20.0,10.0,7.0,0.0,2.0,7.0,2.0,,,,1.0
20231110350,2023,3,Cowboys,Warriors,True,12,26,46.0,1555.0,75.0,31.0,41.0,179.0,1574.0,365.0,1.0,32.0,38.41,134.0,3.79,13.0,396.0,204.0,15.0,21.0,616.0,,91.0,10.0,11.0,5.0,3.0,88.43,382.0,33.0,1.0,17.0,12.0,4.0,3.0,2.0,8.0,0.0,,,,0.0
20231110360,2023,3,Dragons,Broncos,False,18,40,43.0,1295.0,80.0,25.0,31.0,140.0,1547.0,580.0,4.0,18.0,49.93,182.0,3.82,4.0,320.0,165.0,7.0,14.0,432.0,1.0,86.0,6.0,7.0,5.0,0.0,85.42,328.0,36.0,1.0,20.0,7.0,7.0,2.0,0.0,8.0,1.0,,,,1.0
20231110360,2023,3,Broncos,Dragons,True,40,18,57.0,1716.0,82.0,33.0,40.0,182.0,2059.0,704.0,7.0,36.0,51.5,217.0,3.47,13.0,396.0,203.0,6.0,18.0,406.0,4.0,80.0,4.0,5.0,3.0,8.0,92.28,287.0,18.0,0.0,6.0,9.0,5.0,4.0,1.0,8.0,0.0,,,,0.0
20231110370,2023,3,Wests Tigers,Bulldogs,False,22,26,46.0,1518.0,70.0,28.0,40.0,197.0,1868.0,363.0,4.0,31.0,46.72,173.0,3.39,11.0,393.0,212.0,20.0,17.0,479.0,0.0,50.0,6.0,12.0,5.0,4.0,87.73,336.0,32.0,1.0,15.0,14.0,6.0,2.0,2.0,8.0,,,,,
20231110370,2023,3,Bulldogs,Wests Tigers,True,26,22,54.0,1731.0,76.0,32.0,42.0,184.0,1913.0,372.0,5.0,32.0,45.56,194.0,3.95,10.0,419.0,230.0,5.0,20.0,568.0,2.0,33.0,3.0,9.0,5.0,4.0,87.16,319.0,31.0,1.0,16.0,12.0,7.0,1.0,1.0,7.0,,,,,
20231110380,2023,3,Sharks,Raiders,False,20,24,53.0,1726.0,87.0,34.0,39.0,222.0,1895.0,446.0,3.0,31.0,48.59,206.0,3.53,8.0,452.0,262.0,17.0,22.0,609.0,0.0,86.0,6.0,7.0,6.0,6.0,91.52,356.0,23.0,,10.0,5.0,6.0,3.0,,8.0,,1.0,1.0,,0.0
20231110380,2023,3,Raiders,Sharks,True,24,20,47.0,1591.0,78.0,32.0,41.0,173.0,1661.0,363.0,6.0,23.0,40.52,182.0,3.92,8.0,362.0,183.0,4.0,19.0,750.0,2.0,73.0,11.0,15.0,4.0,3.0,88.15,357.0,31.0,,17.0,9.0,6.0,1.0,,7.0,,0.0,0.0,,1.0
20231110410,2023,4,Panthers,Eels,False,16,17,47.0,1793.0,85.0,35.0,41.0,209.0,2096.0,548.0,2.0,32.0,51.13,320.0,2.98,12.0,458.0,249.0,15.0,25.0,752.0,1.0,73.0,8.0,11.0,12.0,2.0,93.83,441.0,12.0,,17.0,7.0,7.0,2.0,1.0,8.0,0.0,1.0,,,
20231110410,2023,4,Eels,Panthers,True,17,16,53.0,2029.0,95.0,41.0,43.0,216.0,2120.0,625.0,1.0,12.0,49.3,233.0,3.73,10.0,467.0,235.0,0.0,30.0,1100.0,2.0,94.0,16.0,17.0,4.0,4.0,88.05,361.0,32.0,,17.0,3.0,6.0,1.0,2.0,8.0,1.0,1.0,,,
20231110420,2023,4,Wests Tigers,Storm,False,12,24,47.0,1660.0,78.0,32.0,41.0,191.0,1526.0,540.0,2.0,26.0,37.22,102.0,3.57,15.0,427.0,238.0,14.0,18.0,479.0,0.0,45.0,5.0,11.0,5.0,4.0,90.71,371.0,26.0,0.0,12.0,9.0,7.0,2.0,1.0,8.0,,,,,0.0
20231110420,2023,4,Storm,Wests Tigers,True,24,12,53.0,1808.0,87.0,36.0,41.0,203.0,1896.0,646.0,4.0,26.0,46.26,195.0,3.64,9.0,442.0,239.0,27.0,23.0,633.0,3.0,67.0,4.0,6.0,2.0,5.0,87.19,354.0,26.0,5.0,26.0,8.0,7.0,3.0,0.0,8.0,,,,,1.0
20231110430,2023,4,Broncos,Dolphins,False,18,12,46.0,1442.0,67.0,29.0,43.0,174.0,1821.0,572.0,6.0,36.0,42.36,178.0,3.56,11.0,367.0,193.0,18.0,17.0,516.0,,58.0,7.0,12.0,5.0,4.0,86.33,341.0,33.0,1.0,21.0,16.0,4.0,0.0,0.0,8.0,,,,,
20231110430,2023,4,Dolphins,Broncos,True,12,18,54.0,1732.0,70.0,29.0,41.0,186.0,1711.0,571.0,3.0,33.0,41.75,155.0,3.95,14.0,433.0,230.0,5.0,21.0,612.0,,89.0,8.0,9.0,3.0,5.0,84.31,301.0,36.0,0.0,20.0,13.0,5.0,2.0,1.0,8.0,,,,,
20231110440,2023,4,Titans,Cowboys,False,12,24,51.0,1689.0,75.0,31.0,41.0,176.0,1757.0,422.0,7.0,33.0,42.87,175.0,3.69,14.0,394.0,213.0,3.0,22.0,527.0,2.0,55.0,6.0,11.0,8.0,6.0,89.3,317.0,27.0,0.0,11.0,12.0,6.0,2.0,0.0,8.0,0.0,0.0,,,0.0
20231110440,2023,4,Cowboys,Titans,True,24,12,49.0,1564.0,80.0,34.0,42.0,165.0,1730.0,449.0,7.0,27.0,41.19,148.0,3.28,7.0,367.0,185.0,6.0,21.0,607.0,3.0,82.0,9.0,11.0,3.0,5.0,85.05,313.0,33.0,1.0,22.0,10.0,9.0,1.0,1.0,8.0,1.0,1.0,,,1.0
20231110450,2023,4,Sea Eagles,Rabbitohs,False,12,13,53.0,1913.0,77.0,34.0,44.0,205.0,1791.0,663.0,3.0,31.0,40.71,96.0,3.77,13.0,473.0,256.0,8.0,22.0,598.0,0.0,75.0,9.0,12.0,4.0,3.0,94.39,353.0,17.0,1.0,4.0,12.0,4.0,2.0,1.0,9.0,,,,,0.0
20231110450,2023,4,Rabbitohs,Sea Eagles,True,13,12,47.0,1683.0,75.0,31.0,41.0,198.0,1743.0,546.0,3.0,17.0,42.51,189.0,3.49,2.0,451.0,254.0,7.0,21.0,559.0,1.0,64.0,7.0,11.0,5.0,5.0,87.44,383.0,31.0,0.0,24.0,11.0,7.0,0.0,0.0,8.0,,,,,3.0
20231110460,2023,4,Bulldogs,Warriors,False,14,16,49.0,1722.0,81.0,31.0,38.0,178.0,1522.0,405.0,2.0,24.0,40.07,191.0,3.86,13.0,410.0,210.0,4.0,23.0,684.0,2.0,73.0,8.0,11.0,7.0,3.0,86.86,357.0,37.0,0.0,17.0,9.0,5.0,2.0,,7.0,0.0,,1.0,,
20231110460,2023,4,Warriors,Bulldogs,True,16,14,51.0,1771.0,88.0,37.0,42.0,200.0,1633.0,570.0,6.0,37.0,38.89,183.0,3.85,12.0,476.0,269.0,13.0,25.0,704.0,3.0,80.0,8.0,10.0,3.0,6.0,86.51,327.0,24.0,2.0,27.0,6.0,4.0,3.0,,8.0,2.0,,0.0,,
20231110470,2023,4,Raiders,Knights,False,14,24,49.0,1733.0,72.0,27.0,37.0,188.0,2037.0,737.0,3.0,24.0,55.08,228.0,3.8,4.0,420.0,221.0,21.0,24.0,655.0,1.0,71.0,5.0,7.0,8.0,3.0,84.47,359.0,45.0,1.0,21.0,12.0,4.0,3.0,2.0,8.0,,1.0,,,2.0
20231110470,2023,4,Knights,Raiders,True,24,14,51.0,1849.0,84.0,37.0,44.0,201.0,2057.0,713.0,7.0,45.0,46.77,222.0,3.47,10.0,441.0,234.0,12.0,22.0,724.0,0.0,60.0,9.0,15.0,3.0,2.0,92.79,399.0,24.0,0.0,7.0,8.0,3.0,1.0,0.0,8.0,,0.0,,,1.0
20231110480,2023,4,Sharks,Dragons,False,40,8,51.0,1524.0,75.0,34.0,45.0,187.0,1757.0,428.0,11.0,39.0,39.06,185.0,3.64,11.0,398.0,217.0,25.0,19.0,381.0,2.0,62.0,5.0,8.0,6.0,4.0,91.43,320.0,22.0,0.0,8.0,13.0,3.0,1.0,0.0,8.0,1.0,,,,
20231110480,2023,4,Dragons,Sharks,True,8,40,49.0,1436.0,75.0,27.0,36.0,162.0,1267.0,347.0,2.0,22.0,35.19,104.0,3.54,6.0,377.0,200.0,12.0,22.0,528.0,2.0,50.0,7.0,14.0,3.0,5.0,85.31,331.0,39.0,1.0,18.0,14.0,8.0,1.0,2.0,8.0,1.0,,,,
20231110510,2023,5,Eels,Roosters,False,20,28,49.0,1529.0,76.0,26.0,34.0,183.0,1496.0,420.0,3.0,23.0,44.0,115.0,3.94,10.0,401.0,231.0,21.0,18.0,489.0,1.0,75.0,6.0,8.0,2.0,5.0,88.83,310.0,27.0,0.0,12.0,10.0,5.0,3.0,,7.0,2.0,2.0,,,1.0
20231110510,2023,5,Roosters,Eels,True,28,20,51.0,1620.0,85.0,34.0,40.0,192.0,1699.0,438.0,7.0,27.0,42.49,165.0,3.4,10.0,437.0,259.0,4.0,17.0,549.0,1.0,60.0,3.0,5.0,5.0,0.0,89.39,337.0,23.0,1.0,17.0,6.0,5.0,2.0,,8.0,0.0,0.0,,,0.0
20231110520,2023,5,Panthers,Raiders,False,53,12,59.0,1744.0,80.0,37.0,46.0,208.0,1807.0,543.0,7.0,51.0,39.29,205.0,3.65,10.0,453.0,264.0,8.0,20.0,453.0,1.0,11.0,1.0,9.0,4.0,8.0,88.92,281.0,20.0,0.0,15.0,10.0,4.0,2.0,,7.0,,1.0,,,2.0
20231110520,2023,5,Raiders,Panthers,True,12,53,41.0,1214.0,67.0,23.0,34.0,133.0,1034.0,368.0,2.0,20.0,30.44,78.0,3.51,8.0,299.0,160.0,9.0,15.0,365.0,1.0,50.0,6.0,12.0,2.0,3.0,84.6,346.0,51.0,1.0,12.0,13.0,6.0,4.0,,7.0,,0.0,,,0.0
20231110530,2023,5,Storm,Rabbitohs,False,18,10,47.0,1816.0,84.0,37.0,44.0,187.0,1854.0,533.0,3.0,24.0,42.14,98.0,3.8,11.0,433.0,224.0,15.0,29.0,855.0,2.0,80.0,8.0,10.0,6.0,6.0,83.98,409.0,52.0,2.0,26.0,8.0,6.0,5.0,,8.0,,,,,2.0
20231110530,2023,5,Rabbitohs,Storm,True,10,18,53.0,1987.0,77.0,37.0,48.0,241.0,2064.0,592.0,3.0,52.0,43.01,155.0,3.74,16.0,495.0,276.0,6.0,17.0,465.0,0.0,54.0,7.0,13.0,9.0,2.0,90.0,369.0,24.0,0.0,17.0,11.0,5.0,2.0,,8.0,,,,,0.0
20231110540,2023,5,Knights,Sea Eagles,False,32,32,51.0,1926.0,84.0,37.0,44.0,207.0,2056.0,596.0,8.0,49.0,46.74,235.0,3.06,8.0,501.0,283.0,4.0,23.0,729.0,2.0,75.0,9.0,12.0,3.0,2.0,90.95,402.0,31.0,,9.0,7.0,5.0,1.0,0.0,10.0,,1.0,,,1.0
20231110540,2023,5,Sea Eagles,Knights,True,32,32,49.0,1828.0,86.0,39.0,45.0,216.0,2150.0,670.0,8.0,31.0,47.79,261.0,3.76,7.0,474.0,259.0,4.0,20.0,573.0,1.0,78.0,7.0,9.0,7.0,3.0,85.0,357.0,49.0,,14.0,5.0,7.0,2.0,1.0,10.0,,1.0,,,0.0
20231110550,2023,5,Dolphins,Dragons,False,12,38,44.0,1320.0,85.0,30.0,35.0,149.0,1292.0,326.0,3.0,21.0,36.93,122.0,3.28,5.0,343.0,184.0,5.0,20.0,576.0,0.0,86.0,12.0,14.0,3.0,4.0,85.78,350.0,39.0,,19.0,6.0,8.0,3.0,0.0,7.0,,1.0,,,
20231110550,2023,5,Dragons,Dolphins,True,38,12,56.0,1671.0,86.0,38.0,44.0,181.0,1721.0,472.0,9.0,39.0,39.13,262.0,3.95,11.0,434.0,244.0,11.0,21.0,566.0,2.0,75.0,6.0,8.0,5.0,5.0,90.16,275.0,21.0,,9.0,6.0,8.0,2.0,3.0,8.0,,0.0,,,
20231110560,2023,5,Wests Tigers,Broncos,False,12,46,47.0,1480.0,73.0,25.0,34.0,149.0,1446.0,451.0,3.0,20.0,42.55,71.0,3.34,13.0,402.0,236.0,19.0,19.0,460.0,2.0,73.0,8.0,11.0,3.0,6.0,87.26,322.0,26.0,0.0,21.0,11.0,8.0,2.0,1.0,7.0,,,,,3.0
20231110560,2023,5,Broncos,Wests Tigers,True,46,12,53.0,1676.0,76.0,36.0,47.0,188.0,1953.0,451.0,9.0,26.0,41.57,180.0,4.15,12.0,407.0,229.0,10.0,18.0,319.0,0.0,36.0,4.0,11.0,6.0,9.0,84.72,255.0,20.0,1.0,26.0,15.0,2.0,2.0,1.0,7.0,,,,,1.0
20231110570,2023,5,Warriors,Sharks,False,32,30,46.0,1340.0,79.0,34.0,43.0,158.0,1331.0,424.0,3.0,41.0,30.97,199.0,3.51,3.0,360.0,189.0,8.0,23.0,746.0,2.0,57.0,8.0,14.0,8.0,3.0,90.14,329.0,26.0,,10.0,10.0,7.0,0.0,1.0,8.0,1.0,1.0,,,2.0
20231110570,2023,5,Sharks,Warriors,True,30,32,54.0,1583.0,79.0,34.0,43.0,188.0,1782.0,570.0,5.0,26.0,41.44,210.0,3.59,7.0,437.0,248.0,4.0,23.0,591.0,2.0,55.0,6.0,11.0,9.0,5.0,87.57,317.0,41.0,,4.0,10.0,5.0,2.0,1.0,8.0,0.0,1.0,,,0.0
20231110580,2023,5,Cowboys,Bulldogs,False,14,15,48.0,1789.0,86.0,39.0,45.0,198.0,1895.0,324.0,3.0,43.0,42.13,201.0,3.22,5.0,448.0,227.0,14.0,31.0,954.0,1.0,69.0,9.0,13.0,9.0,4.0,88.59,396.0,37.0,2.0,14.0,11.0,6.0,2.0,0.0,8.0,,0.0,,,1.0
20231110580,2023,5,Bulldogs,Cowboys,True,15,14,52.0,1970.0,81.0,40.0,49.0,205.0,2005.0,377.0,5.0,37.0,40.93,265.0,3.58,9.0,506.0,293.0,12.0,31.0,931.0,3.0,71.0,10.0,14.0,6.0,7.0,88.34,379.0,43.0,0.0,7.0,10.0,8.0,2.0,1.0,9.0,,1.0,,,1.0
20231110610,2023,6,Roosters,Storm,False,8,28,41.0,1316.0,61.0,21.0,34.0,150.0,1341.0,398.0,1.0,16.0,39.45,156.0,3.01,6.0,344.0,190.0,6.0,15.0,405.0,1.0,50.0,7.0,14.0,5.0,1.0,89.52,410.0,42.0,0.0,6.0,14.0,4.0,3.0,,8.0,0.0,1.0,0.0,,1.0
20231110610,2023,6,Storm,Roosters,True,28,8,59.0,1904.0,86.0,39.0,45.0,197.0,1691.0,471.0,4.0,42.0,37.59,128.0,3.98,6.0,467.0,254.0,4.0,28.0,733.0,2.0,70.0,7.0,10.0,4.0,8.0,92.6,313.0,16.0,1.0,9.0,8.0,3.0,1.0,,8.0,1.0,0.0,1.0,,1.0
20231110620,2023,6,Rabbitohs,Bulldogs,False,50,16,57.0,1732.0,74.0,32.0,43.0,195.0,1900.0,524.0,10.0,30.0,44.19,203.0,3.88,6.0,424.0,242.0,3.0,16.0,474.0,,50.0,3.0,6.0,4.0,2.0,90.55,230.0,12.0,0.0,12.0,13.0,3.0,2.0,0.0,6.0,0.0,0.0,0.0,,1.0
20231110620,2023,6,Bulldogs,Rabbitohs,True,16,50,43.0,1293.0,71.0,25.0,35.0,136.0,1266.0,293.0,1.0,12.0,36.18,101.0,3.45,6.0,340.0,202.0,3.0,16.0,431.0,,44.0,4.0,9.0,2.0,3.0,91.04,376.0,30.0,1.0,7.0,10.0,11.0,2.0,1.0,8.0,1.0,1.0,1.0,,0.0
20231110630,2023,6,Dolphins,Cowboys,False,32,22,50.0,1441.0,80.0,29.0,36.0,165.0,1476.0,500.0,6.0,42.0,41.02,158.0,3.52,9.0,351.0,185.0,5.0,18.0,478.0,0.0,67.0,6.0,9.0,7.0,1.0,87.31,289.0,34.0,2.0,8.0,6.0,7.0,1.0,1.0,8.0,1.0,1.0,,,1.0
20231110630,2023,6,Cowboys,Dolphins,True,22,32,50.0,1484.0,67.0,25.0,37.0,175.0,1478.0,493.0,7.0,34.0,39.95,158.0,3.53,4.0,381.0,225.0,21.0,15.0,419.0,2.0,40.0,4.0,10.0,3.0,3.0,83.58,280.0,42.0,0.0,13.0,13.0,7.0,2.0,2.0,6.0,1.0,2.0,,,0.0
20231110640,2023,6,Sea Eagles,Panthers,False,12,44,45.0,1336.0,78.0,29.0,37.0,143.0,1222.0,449.0,0.0,17.0,33.04,42.0,3.74,8.0,373.0,217.0,11.0,16.0,425.0,1.0,79.0,11.0,14.0,3.0,6.0,84.22,315.0,42.0,1.0,17.0,9.0,9.0,4.0,0.0,7.0,,,1.0,,1.0
20231110640,2023,6,Panthers,Sea Eagles,True,44,12,55.0,1686.0,84.0,37.0,44.0,227.0,2154.0,494.0,12.0,42.0,48.97,225.0,3.72,11.0,478.0,296.0,22.0,18.0,395.0,4.0,33.0,2.0,6.0,5.0,5.0,91.25,292.0,17.0,0.0,11.0,7.0,11.0,1.0,3.0,7.0,,,0.0,,0.0
20231110650,2023,6,Raiders,Broncos,False,20,14,47.0,1552.0,78.0,30.0,38.0,164.0,1505.0,410.0,4.0,30.0,39.61,141.0,4.0,12.0,383.0,201.0,20.0,21.0,689.0,,83.0,10.0,12.0,3.0,3.0,85.25,370.0,41.0,1.0,23.0,9.0,5.0,2.0,0.0,8.0,2.0,,,,2.0
20231110650,2023,6,Broncos,Raiders,True,14,20,53.0,1801.0,71.0,30.0,42.0,194.0,1686.0,496.0,3.0,41.0,40.16,215.0,3.5,12.0,434.0,245.0,6.0,18.0,447.0,,78.0,7.0,9.0,6.0,3.0,85.59,297.0,30.0,1.0,20.0,11.0,6.0,1.0,2.0,7.0,1.0,,,,0.0
20231110660,2023,6,Dragons,Titans,False,18,20,51.0,1792.0,77.0,27.0,35.0,191.0,1754.0,512.0,3.0,38.0,50.13,139.0,4.14,14.0,425.0,235.0,23.0,17.0,359.0,1.0,0.0,0.0,2.0,10.0,3.0,82.89,310.0,49.0,1.0,15.0,10.0,8.0,2.0,1.0,8.0,0.0,1.0,,,
20231110660,2023,6,Titans,Dragons,True,20,18,49.0,1711.0,75.0,30.0,40.0,184.0,1745.0,442.0,6.0,49.0,43.65,95.0,3.57,11.0,404.0,220.0,8.0,16.0,567.0,0.0,69.0,11.0,16.0,1.0,3.0,85.01,346.0,38.0,0.0,23.0,11.0,2.0,5.0,0.0,7.0,1.0,0.0,,,
20231110670,2023,6,Warriors,Knights,False,24,34,50.0,1574.0,80.0,32.0,40.0,179.0,1722.0,427.0,4.0,20.0,43.07,238.0,3.36,6.0,416.0,240.0,14.0,18.0,483.0,3.0,50.0,3.0,6.0,6.0,5.0,88.28,354.0,37.0,1.0,10.0,9.0,7.0,1.0,,8.0,,,,,1.0
20231110670,2023,6,Knights,Warriors,True,34,24,50.0,1561.0,79.0,31.0,39.0,176.0,1448.0,432.0,5.0,37.0,37.14,81.0,3.9,6.0,384.0,207.0,4.0,20.0,632.0,0.0,85.0,11.0,13.0,3.0,3.0,91.49,344.0,20.0,0.0,12.0,8.0,5.0,3.0,,8.0,,,,,2.0
20231110680,2023,6,Eels,Wests Tigers,False,28,22,43.0,1361.0,78.0,30.0,38.0,169.0,1491.0,418.0,4.0,17.0,39.26,126.0,3.77,8.0,377.0,198.0,15.0,21.0,628.0,0.0,62.0,5.0,8.0,4.0,4.0,85.0,357.0,39.0,1.0,24.0,12.0,3.0,4.0,,8.0,,,,,0.0
20231110680,2023,6,Wests Tigers,Eels,True,22,28,57.0,1820.0,76.0,33.0,43.0,207.0,1963.0,556.0,6.0,39.0,45.66,207.0,3.23,15.0,481.0,278.0,32.0,19.0,484.0,4.0,38.0,5.0,13.0,7.0,3.0,90.71,293.0,17.0,1.0,13.0,13.0,3.0,1.0,,8.0,,,,,1.0
20231110710,2023,7,Rabbitohs,Dolphins,False,36,14,51.0,1673.0,83.0,35.0,42.0,187.0,1812.0,594.0,7.0,37.0,43.15,188.0,3.41,9.0,416.0,223.0,10.0,22.0,629.0,2.0,67.0,8.0,12.0,8.0,2.0,88.0,330.0,27.0,,18.0,9.0,2.0,2.0,2.0,7.0,0.0,0.0,,,1.0
20231110710,2023,7,Dolphins,Rabbitohs,True,14,36,49.0,1640.0,85.0,30.0,35.0,177.0,1686.0,482.0,3.0,27.0,48.18,165.0,3.08,9.0,395.0,208.0,14.0,20.0,478.0,0.0,73.0,8.0,11.0,12.0,3.0,87.78,359.0,37.0,,13.0,7.0,8.0,1.0,1.0,7.0,1.0,1.0,,,0.0
20231110720,2023,7,Roosters,Sharks,False,12,22,46.0,1515.0,88.0,30.0,34.0,159.0,1471.0,569.0,3.0,30.0,43.28,166.0,3.43,2.0,383.0,205.0,6.0,26.0,670.0,,43.0,3.0,7.0,7.0,1.0,85.82,345.0,46.0,1.0,11.0,9.0,14.0,2.0,2.0,8.0,,3.0,,,
20231110720,2023,7,Sharks,Roosters,True,22,12,54.0,1757.0,76.0,39.0,51.0,211.0,1872.0,547.0,8.0,46.0,36.72,170.0,3.58,7.0,441.0,253.0,15.0,18.0,583.0,,64.0,9.0,14.0,3.0,3.0,91.69,353.0,30.0,1.0,2.0,13.0,4.0,1.0,0.0,8.0,,0.0,,,
20231110730,2023,7,Storm,Sea Eagles,False,8,18,46.0,1451.0,71.0,27.0,38.0,171.0,1446.0,383.0,3.0,14.0,38.07,71.0,3.48,6.0,379.0,213.0,3.0,19.0,606.0,1.0,73.0,11.0,15.0,2.0,3.0,88.66,344.0,33.0,,11.0,11.0,9.0,0.0,4.0,8.0,3.0,2.0,,,1.0
20231110730,2023,7,Sea Eagles,Storm,True,18,8,54.0,1629.0,83.0,36.0,43.0,179.0,1672.0,505.0,3.0,33.0,38.9,212.0,3.61,7.0,411.0,218.0,18.0,25.0,564.0,5.0,50.0,2.0,4.0,7.0,8.0,92.5,296.0,14.0,,10.0,10.0,6.0,1.0,2.0,8.0,1.0,1.0,,,2.0
20231110740,2023,7,Cowboys,Warriors,False,14,22,56.0,1684.0,85.0,36.0,42.0,196.0,1636.0,370.0,5.0,16.0,38.96,105.0,3.35,4.0,448.0,267.0,22.0,22.0,454.0,4.0,67.0,2.0,3.0,3.0,10.0,86.6,265.0,37.0,0.0,4.0,7.0,9.0,0.0,,7.0,,,,,1.0
20231110740,2023,7,Warriors,Cowboys,True,22,14,44.0,1378.0,77.0,27.0,35.0,145.0,1390.0,374.0,4.0,37.0,39.74,144.0,3.39,4.0,348.0,194.0,11.0,12.0,368.0,1.0,82.0,9.0,11.0,1.0,3.0,93.77,346.0,16.0,1.0,7.0,10.0,7.0,5.0,,8.0,,,,,0.0
20231110750,2023,7,Panthers,Knights,False,16,15,57.0,1853.0,73.0,31.0,42.0,198.0,1893.0,444.0,3.0,27.0,45.08,175.0,3.68,9.0,486.0,290.0,17.0,15.0,316.0,2.0,78.0,7.0,9.0,5.0,3.0,89.65,329.0,30.0,0.0,8.0,14.0,6.0,2.0,,8.0,,,1.0,,1.0
20231110750,2023,7,Knights,Panthers,True,15,16,43.0,1422.0,67.0,27.0,40.0,154.0,1427.0,339.0,2.0,30.0,35.69,91.0,2.96,5.0,352.0,189.0,9.0,15.0,459.0,2.0,50.0,4.0,8.0,6.0,2.0,88.75,363.0,27.0,4.0,19.0,12.0,9.0,2.0,,9.0,,,0.0,,0.0
20231110760,2023,7,Broncos,Titans,False,43,26,51.0,1554.0,73.0,30.0,41.0,174.0,1872.0,377.0,5.0,40.0,45.67,234.0,3.84,7.0,361.0,193.0,21.0,15.0,466.0,1.0,71.0,5.0,7.0,3.0,5.0,89.29,275.0,19.0,,14.0,13.0,8.0,1.0,,7.0,0.0,0.0,,,
20231110760,2023,7,Titans,Broncos,True,26,43,49.0,1525.0,76.0,30.0,39.0,162.0,1643.0,334.0,4.0,19.0,42.14,134.0,3.69,9.0,366.0,201.0,14.0,17.0,412.0,1.0,57.0,4.0,7.0,4.0,3.0,86.4,324.0,40.0,,11.0,9.0,7.0,4.0,,7.0,1.0,1.0,,,
20231110770,2023,7,Dragons,Raiders,False,14,20,51.0,1661.0,63.0,26.0,41.0,208.0,1872.0,361.0,3.0,41.0,45.68,124.0,3.35,9.0,451.0,270.0,8.0,18.0,381.0,0.0,88.0,7.0,8.0,6.0,5.0,86.73,353.0,41.0,1.0,13.0,14.0,3.0,2.0,1.0,8.0,,0.0,,,2.0
20231110770,2023,7,Raiders,Dragons,True,20,14,49.0,1583.0,73.0,30.0,41.0,172.0,1550.0,291.0,2.0,41.0,37.81,139.0,3.9,7.0,390.0,206.0,8.0,19.0,649.0,4.0,67.0,6.0,9.0,5.0,4.0,85.01,329.0,41.0,0.0,17.0,13.0,4.0,1.0,1.0,7.0,,2.0,,,0.0
20231110780,2023,7,Bulldogs,Eels,False,4,30,47.0,1452.0,68.0,24.0,35.0,163.0,1279.0,397.0,2.0,24.0,36.55,98.0,3.48,10.0,364.0,189.0,16.0,18.0,617.0,1.0,60.0,6.0,10.0,3.0,4.0,87.24,342.0,30.0,0.0,20.0,11.0,9.0,0.0,,7.0,,,,,1.0
20231110780,2023,7,Eels,Bulldogs,True,30,4,53.0,1637.0,70.0,33.0,47.0,193.0,1787.0,534.0,4.0,30.0,38.02,193.0,3.82,12.0,421.0,235.0,11.0,19.0,457.0,6.0,55.0,6.0,11.0,2.0,9.0,86.94,293.0,24.0,1.0,20.0,13.0,3.0,1.0,,8.0,,,,,1.0
20231110810,2023,8,Panthers,Rabbitohs,False,18,20,48.0,1627.0,82.0,33.0,40.0,182.0,1761.0,456.0,3.0,39.0,44.03,190.0,3.31,5.0,428.0,245.0,8.0,23.0,507.0,1.0,62.0,8.0,13.0,7.0,3.0,88.91,385.0,31.0,,17.0,12.0,3.0,3.0,0.0,8.0,0.0,,,,0.0
20231110810,2023,8,Rabbitohs,Panthers,True,20,18,52.0,1798.0,85.0,35.0,41.0,215.0,1714.0,467.0,6.0,31.0,41.82,88.0,3.54,10.0,491.0,281.0,9.0,25.0,623.0,2.0,74.0,14.0,19.0,6.0,8.0,86.46,313.0,39.0,,10.0,8.0,6.0,0.0,1.0,8.0,1.0,,,,1.0
20231110820,2023,8,Broncos,Eels,False,26,16,52.0,1583.0,86.0,32.0,37.0,167.0,1745.0,504.0,2.0,46.0,47.18,226.0,3.34,6.0,377.0,190.0,23.0,23.0,783.0,0.0,54.0,7.0,13.0,6.0,3.0,87.0,281.0,21.0,,21.0,7.0,3.0,1.0,1.0,8.0,,1.0,,,0.0
20231110820,2023,8,Eels,Broncos,True,16,26,48.0,1481.0,68.0,26.0,38.0,162.0,1529.0,463.0,3.0,21.0,40.24,116.0,3.84,13.0,399.0,219.0,6.0,22.0,521.0,2.0,55.0,6.0,11.0,5.0,8.0,84.37,313.0,46.0,,12.0,12.0,4.0,0.0,1.0,8.0,,1.0,,,1.0
20231110830,2023,8,Sharks,Bulldogs,False,33,20,52.0,1624.0,78.0,32.0,41.0,188.0,1733.0,587.0,7.0,35.0,42.28,162.0,3.65,4.0,422.0,230.0,2.0,20.0,561.0,2.0,100.0,5.0,5.0,4.0,4.0,86.74,301.0,20.0,,26.0,13.0,7.0,0.0,,8.0,,,,,0.0
20231110830,2023,8,Bulldogs,Sharks,True,20,33,48.0,1450.0,75.0,31.0,41.0,179.0,1424.0,450.0,4.0,20.0,34.75,149.0,3.63,13.0,371.0,199.0,13.0,19.0,644.0,2.0,40.0,6.0,15.0,2.0,4.0,89.07,334.0,35.0,,6.0,11.0,5.0,1.0,,8.0,,,,,1.0
20231110840,2023,8,Knights,Cowboys,False,16,18,52.0,1723.0,66.0,26.0,39.0,186.0,1742.0,535.0,7.0,47.0,44.69,107.0,3.01,10.0,432.0,243.0,4.0,21.0,675.0,0.0,57.0,12.0,21.0,6.0,0.0,91.62,328.0,21.0,,9.0,14.0,3.0,1.0,,8.0,0.0,0.0,,,
20231110840,2023,8,Cowboys,Knights,True,18,16,48.0,1589.0,81.0,31.0,38.0,198.0,1959.0,524.0,6.0,21.0,51.57,162.0,3.37,6.0,430.0,236.0,25.0,27.0,626.0,1.0,60.0,6.0,10.0,8.0,10.0,85.19,351.0,47.0,,14.0,10.0,7.0,0.0,,6.0,1.0,1.0,,,
20231110850,2023,8,Titans,Dolphins,False,26,28,46.0,1505.0,82.0,29.0,35.0,176.0,1770.0,525.0,7.0,43.0,50.59,196.0,3.05,15.0,385.0,203.0,10.0,20.0,714.0,0.0,62.0,8.0,13.0,2.0,1.0,85.13,332.0,36.0,0.0,22.0,7.0,4.0,2.0,1.0,7.0,,,,,
20231110850,2023,8,Dolphins,Titans,True,28,26,54.0,1743.0,82.0,32.0,39.0,227.0,2079.0,612.0,4.0,36.0,53.33,218.0,3.55,14.0,448.0,247.0,13.0,21.0,492.0,2.0,100.0,3.0,3.0,6.0,5.0,82.09,307.0,43.0,1.0,24.0,7.0,4.0,1.0,0.0,8.0,,,,,
20231110860,2023,8,Sea Eagles,Wests Tigers,False,22,16,42.0,1316.0,67.0,27.0,40.0,156.0,1317.0,325.0,4.0,26.0,32.94,153.0,3.66,7.0,336.0,174.0,8.0,21.0,657.0,0.0,43.0,6.0,14.0,5.0,2.0,87.35,366.0,36.0,,17.0,17.0,3.0,4.0,1.0,8.0,,,,,
20231110860,2023,8,Wests Tigers,Sea Eagles,True,16,22,58.0,1826.0,74.0,35.0,47.0,213.0,1815.0,427.0,3.0,36.0,38.63,195.0,3.37,12.0,505.0,291.0,19.0,23.0,556.0,3.0,25.0,2.0,8.0,6.0,7.0,87.94,277.0,26.0,,12.0,12.0,7.0,0.0,0.0,6.0,,,,,
20231110870,2023,8,Dragons,Roosters,False,26,27,53.0,1650.0,76.0,29.0,38.0,201.0,1507.0,376.0,5.0,50.0,39.67,124.0,3.47,11.0,433.0,257.0,19.0,18.0,427.0,0.0,20.0,2.0,10.0,2.0,5.0,82.63,295.0,50.0,2.0,12.0,12.0,4.0,2.0,0.0,6.0,1.0,0.0,,,0.0
20231110870,2023,8,Roosters,Dragons,True,27,26,47.0,1470.0,72.0,26.0,36.0,175.0,1586.0,464.0,5.0,50.0,44.07,171.0,3.58,7.0,357.0,183.0,10.0,16.0,394.0,1.0,67.0,6.0,9.0,5.0,1.0,81.72,304.0,50.0,0.0,18.0,13.0,8.0,1.0,2.0,8.0,0.0,1.0,,,1.0
20231110880,2023,8,Warriors,Storm,False,22,30,50.0,1650.0,89.0,35.0,39.0,187.0,1561.0,477.0,4.0,34.0,40.05,147.0,3.41,4.0,416.0,230.0,6.0,23.0,723.0,2.0,55.0,11.0,20.0,8.0,5.0,88.14,364.0,38.0,,11.0,4.0,7.0,3.0,1.0,7.0,1.0,1.0,0.0,,1.0
20231110880,2023,8,Storm,Warriors,True,30,22,50.0,1629.0,81.0,35.0,43.0,195.0,1951.0,612.0,9.0,38.0,45.38,247.0,3.77,6.0,418.0,224.0,22.0,24.0,503.0,1.0,90.0,9.0,10.0,9.0,6.0,89.69,348.0,34.0,,6.0,9.0,5.0,2.0,0.0,7.0,0.0,0.0,1.0,,1.0
20231110910,2023,9,Cowboys,Sharks,False,6,44,44.0,1428.0,79.0,27.0,34.0,161.0,1307.0,319.0,2.0,13.0,38.44,95.0,3.74,11.0,350.0,174.0,7.0,20.0,642.0,0.0,65.0,11.0,17.0,6.0,2.0,87.75,351.0,38.0,,11.0,9.0,8.0,2.0,2.0,7.0,1.0,2.0,,,
20231110910,2023,9,Sharks,Cowboys,True,44,6,56.0,1808.0,82.0,39.0,47.0,204.0,1913.0,497.0,7.0,38.0,40.71,281.0,3.58,8.0,461.0,251.0,19.0,25.0,728.0,2.0,69.0,11.0,16.0,14.0,3.0,89.74,306.0,13.0,,22.0,10.0,2.0,2.0,0.0,8.0,0.0,0.0,,,
20231110920,2023,9,Knights,Eels,False,12,43,47.0,1596.0,64.0,25.0,39.0,176.0,1527.0,584.0,3.0,46.0,39.17,133.0,3.74,7.0,427.0,242.0,12.0,20.0,524.0,1.0,75.0,6.0,8.0,6.0,1.0,80.18,348.0,61.0,1.0,25.0,13.0,2.0,3.0,,8.0,,,,,0.0
20231110920,2023,9,Eels,Knights,True,43,12,53.0,1741.0,67.0,29.0,43.0,218.0,2137.0,634.0,13.0,61.0,49.7,231.0,3.55,16.0,450.0,239.0,12.0,17.0,461.0,1.0,80.0,8.0,10.0,3.0,5.0,85.98,325.0,46.0,0.0,7.0,16.0,3.0,1.0,,8.0,,,,,2.0
20231110930,2023,9,Rabbitohs,Broncos,False,32,6,52.0,1685.0,72.0,31.0,43.0,200.0,1851.0,670.0,6.0,37.0,43.07,237.0,3.79,3.0,443.0,251.0,11.0,17.0,415.0,0.0,60.0,6.0,10.0,6.0,4.0,85.88,304.0,37.0,1.0,13.0,13.0,6.0,4.0,0.0,8.0,0.0,1.0,,,
20231110930,2023,9,Broncos,Rabbitohs,True,6,32,48.0,1560.0,73.0,30.0,41.0,166.0,1559.0,525.0,3.0,37.0,38.03,139.0,3.48,6.0,382.0,216.0,10.0,19.0,524.0,1.0,67.0,8.0,12.0,3.0,7.0,88.89,336.0,37.0,1.0,5.0,14.0,6.0,1.0,1.0,8.0,1.0,1.0,,,
20231110940,2023,9,Dolphins,Raiders,False,30,31,42.0,1406.0,75.0,28.0,37.0,155.0,1403.0,451.0,6.0,32.0,37.93,129.0,3.49,2.0,325.0,169.0,7.0,14.0,507.0,0.0,75.0,9.0,12.0,2.0,1.0,84.04,416.0,38.0,,41.0,12.0,4.0,1.0,1.0,9.0,1.0,,,,1.0
20231110940,2023,9,Raiders,Dolphins,True,31,30,58.0,1959.0,90.0,38.0,42.0,211.0,2058.0,814.0,9.0,38.0,49.01,263.0,3.51,24.0,457.0,234.0,10.0,23.0,659.0,3.0,100.0,3.0,3.0,9.0,4.0,89.13,328.0,32.0,,8.0,5.0,7.0,1.0,1.0,7.0,0.0,,,,0.0
20231110950,2023,9,Titans,Sea Eagles,False,26,10,52.0,1691.0,75.0,31.0,41.0,189.0,1834.0,540.0,4.0,28.0,44.74,229.0,3.62,7.0,434.0,238.0,2.0,21.0,581.0,1.0,71.0,5.0,7.0,10.0,2.0,90.88,339.0,21.0,1.0,13.0,11.0,8.0,4.0,0.0,7.0,2.0,0.0,0.0,,0.0
20231110950,2023,9,Sea Eagles,Titans,True,10,26,48.0,1539.0,79.0,34.0,43.0,168.0,1523.0,466.0,4.0,21.0,35.43,147.0,3.86,8.0,384.0,208.0,9.0,19.0,726.0,1.0,67.0,10.0,15.0,1.0,4.0,89.81,335.0,28.0,1.0,10.0,11.0,6.0,0.0,3.0,7.0,1.0,1.0,1.0,,1.0
20231110960,2023,9,Wests Tigers,Panthers,False,12,8,55.0,1876.0,90.0,38.0,42.0,196.0,1796.0,608.0,3.0,39.0,42.78,159.0,3.67,5.0,468.0,253.0,24.0,25.0,722.0,4.0,44.0,4.0,9.0,2.0,7.0,91.21,301.0,27.0,,2.0,5.0,8.0,1.0,1.0,8.0,,1.0,2.0,,0.0
20231110960,2023,9,Panthers,Wests Tigers,True,8,12,45.0,1537.0,78.0,30.0,38.0,168.0,1550.0,460.0,2.0,27.0,40.81,162.0,3.05,2.0,395.0,223.0,15.0,24.0,654.0,2.0,64.0,7.0,11.0,6.0,4.0,89.82,406.0,39.0,,7.0,11.0,6.0,2.0,1.0,8.0,,1.0,0.0,,2.0
20231110970,2023,9,Roosters,Warriors,False,14,0,47.0,1760.0,76.0,32.0,42.0,181.0,1641.0,547.0,2.0,27.0,39.09,197.0,3.37,7.0,399.0,203.0,6.0,27.0,760.0,2.0,38.0,5.0,13.0,7.0,9.0,90.11,392.0,25.0,,18.0,10.0,6.0,2.0,,7.0,1.0,,1.0,,1.0
20231110970,2023,9,Warriors,Roosters,True,0,14,53.0,1910.0,73.0,34.0,46.0,208.0,1667.0,461.0,1.0,25.0,36.25,171.0,3.77,7.0,468.0,249.0,11.0,27.0,785.0,4.0,93.0,13.0,14.0,4.0,11.0,90.13,356.0,27.0,,12.0,13.0,4.0,1.0,,8.0,0.0,,0.0,,0.0
20231110980,2023,9,Bulldogs,Dragons,False,18,16,49.0,1541.0,72.0,29.0,40.0,177.0,1699.0,515.0,7.0,21.0,42.48,244.0,4.12,17.0,373.0,191.0,3.0,20.0,656.0,1.0,64.0,9.0,14.0,4.0,3.0,82.63,333.0,46.0,0.0,24.0,13.0,7.0,1.0,0.0,7.0,1.0,1.0,,,
20231110980,2023,9,Dragons,Bulldogs,True,16,18,51.0,1651.0,82.0,33.0,40.0,186.0,1557.0,562.0,3.0,46.0,38.93,83.0,3.19,17.0,409.0,219.0,19.0,21.0,631.0,0.0,45.0,5.0,11.0,8.0,3.0,86.63,311.0,21.0,2.0,27.0,8.0,6.0,2.0,2.0,8.0,0.0,0.0,,,
20231111010,2023,10,Raiders,Bulldogs,False,34,30,54.0,1482.0,82.0,33.0,40.0,167.0,1476.0,469.0,4.0,32.0,36.91,101.0,3.53,10.0,366.0,195.0,25.0,19.0,487.0,3.0,39.0,7.0,18.0,6.0,3.0,88.05,280.0,23.0,,15.0,9.0,5.0,1.0,,6.0,1.0,,0.0,,1.0
20231111010,2023,10,Bulldogs,Raiders,True,30,34,46.0,1308.0,72.0,26.0,36.0,141.0,1200.0,321.0,1.0,23.0,33.36,129.0,3.48,8.0,317.0,165.0,4.0,20.0,524.0,1.0,43.0,6.0,14.0,9.0,2.0,86.65,318.0,32.0,,17.0,11.0,9.0,1.0,,8.0,1.0,,1.0,,1.0
20231111020,2023,10,Broncos,Sea Eagles,False,32,6,53.0,1794.0,79.0,35.0,44.0,179.0,1747.0,468.0,7.0,38.0,39.72,136.0,3.73,3.0,435.0,229.0,18.0,26.0,734.0,1.0,64.0,9.0,14.0,5.0,4.0,88.44,306.0,27.0,1.0,13.0,12.0,4.0,1.0,,7.0,1.0,,,,
20231111020,2023,10,Sea Eagles,Broncos,True,6,32,47.0,1586.0,65.0,26.0,40.0,169.0,1583.0,427.0,6.0,27.0,39.59,133.0,3.62,9.0,403.0,222.0,13.0,20.0,415.0,1.0,22.0,2.0,9.0,7.0,3.0,87.93,335.0,38.0,0.0,8.0,16.0,1.0,2.0,,8.0,0.0,,,,
20231111030,2023,10,Panthers,Warriors,False,18,6,53.0,1912.0,85.0,40.0,47.0,243.0,2022.0,557.0,8.0,59.0,43.03,284.0,3.27,15.0,521.0,279.0,19.0,27.0,804.0,3.0,100.0,8.0,8.0,8.0,7.0,84.76,356.0,47.0,,17.0,8.0,3.0,1.0,0.0,7.0,1.0,0.0,,,
20231111030,2023,10,Warriors,Panthers,True,6,18,47.0,1720.0,85.0,34.0,40.0,188.0,1585.0,414.0,6.0,47.0,39.63,220.0,3.08,11.0,460.0,255.0,21.0,27.0,851.0,2.0,85.0,11.0,13.0,2.0,7.0,81.9,371.0,59.0,,23.0,7.0,5.0,4.0,1.0,7.0,2.0,2.0,,,
20231111040,2023,10,Dolphins,Sharks,False,36,16,51.0,1780.0,85.0,34.0,40.0,191.0,1604.0,526.0,6.0,33.0,40.11,157.0,3.6,11.0,439.0,235.0,18.0,22.0,806.0,0.0,62.0,5.0,8.0,4.0,0.0,89.66,321.0,24.0,,13.0,7.0,3.0,1.0,0.0,8.0,1.0,,,,1.0
20231111040,2023,10,Sharks,Dolphins,True,16,36,49.0,1587.0,66.0,26.0,39.0,201.0,1751.0,476.0,9.0,24.0,44.91,261.0,2.99,8.0,445.0,261.0,11.0,17.0,464.0,1.0,100.0,4.0,4.0,4.0,1.0,87.25,356.0,33.0,,19.0,13.0,3.0,1.0,2.0,8.0,0.0,,,,1.0
20231111050,2023,10,Rabbitohs,Storm,False,28,12,53.0,1699.0,76.0,32.0,42.0,179.0,1635.0,449.0,5.0,24.0,38.95,134.0,3.85,4.0,407.0,224.0,10.0,19.0,559.0,2.0,57.0,8.0,14.0,4.0,6.0,86.19,287.0,31.0,,15.0,11.0,5.0,0.0,,8.0,1.0,,,,2.0
20231111050,2023,10,Storm,Rabbitohs,True,12,28,47.0,1538.0,80.0,32.0,40.0,159.0,1475.0,356.0,1.0,31.0,36.9,150.0,4.02,5.0,387.0,217.0,13.0,22.0,521.0,3.0,50.0,3.0,6.0,6.0,5.0,92.25,357.0,24.0,,6.0,10.0,6.0,3.0,,8.0,1.0,,,,1.0
20231111060,2023,10,Dragons,Wests Tigers,False,16,18,47.0,1545.0,72.0,32.0,44.0,189.0,1704.0,450.0,3.0,37.0,38.74,140.0,3.19,7.0,436.0,252.0,14.0,21.0,570.0,1.0,64.0,7.0,11.0,7.0,6.0,87.13,379.0,43.0,0.0,13.0,13.0,8.0,2.0,1.0,8.0,0.0,,0.0,,0.0
20231111060,2023,10,Wests Tigers,Dragons,True,18,16,53.0,1725.0,86.0,39.0,45.0,197.0,1730.0,501.0,4.0,43.0,38.45,170.0,3.22,9.0,435.0,231.0,15.0,26.0,646.0,2.0,60.0,6.0,10.0,7.0,4.0,87.47,328.0,37.0,1.0,10.0,10.0,5.0,0.0,0.0,8.0,1.0,,1.0,,1.0
20231111070,2023,10,Cowboys,Roosters,False,20,6,52.0,1796.0,78.0,37.0,47.0,201.0,1704.0,529.0,1.0,40.0,36.26,131.0,3.82,8.0,452.0,236.0,22.0,28.0,725.0,2.0,100.0,6.0,6.0,8.0,8.0,86.28,327.0,39.0,,13.0,11.0,5.0,5.0,,8.0,,,,,0.0
20231111070,2023,10,Roosters,Cowboys,True,6,20,48.0,1689.0,68.0,32.0,47.0,184.0,1658.0,507.0,5.0,39.0,35.29,237.0,3.35,9.0,413.0,220.0,19.0,19.0,538.0,4.0,47.0,8.0,17.0,3.0,5.0,86.57,361.0,41.0,,15.0,18.0,3.0,0.0,,8.0,,,,,1.0
20231111080,2023,10,Eels,Titans,False,24,26,53.0,1738.0,85.0,30.0,35.0,208.0,2055.0,531.0,7.0,22.0,58.72,263.0,3.79,18.0,447.0,247.0,14.0,24.0,575.0,2.0,50.0,3.0,6.0,10.0,5.0,84.59,302.0,41.0,0.0,14.0,6.0,7.0,,,8.0,1.0,1.0,,,
20231111080,2023,10,Titans,Eels,True,26,24,47.0,1560.0,89.0,33.0,37.0,169.0,1672.0,364.0,5.0,41.0,45.2,169.0,3.7,9.0,393.0,216.0,9.0,24.0,862.0,0.0,55.0,11.0,20.0,3.0,3.0,86.79,335.0,22.0,1.0,29.0,6.0,3.0,,,8.0,0.0,0.0,,,
20231111110,2023,11,Broncos,Storm,False,16,24,46.0,1554.0,79.0,34.0,43.0,204.0,1709.0,441.0,5.0,35.0,39.75,158.0,3.59,9.0,389.0,217.0,19.0,17.0,506.0,1.0,39.0,7.0,18.0,3.0,3.0,89.51,367.0,22.0,,21.0,8.0,9.0,5.0,1.0,6.0,,3.0,,,1.0
20231111110,2023,11,Storm,Broncos,True,24,16,54.0,1789.0,86.0,38.0,44.0,190.0,1784.0,597.0,4.0,22.0,40.55,152.0,3.7,12.0,445.0,234.0,14.0,26.0,633.0,1.0,88.0,7.0,8.0,13.0,3.0,87.53,337.0,35.0,,13.0,10.0,8.0,2.0,1.0,7.0,,1.0,,,1.0
20231111120,2023,11,Warriors,Bulldogs,False,24,12,48.0,1648.0,81.0,36.0,44.0,184.0,1641.0,528.0,3.0,33.0,37.31,207.0,3.67,6.0,418.0,223.0,13.0,29.0,861.0,2.0,67.0,8.0,12.0,2.0,6.0,81.97,350.0,55.0,2.0,22.0,9.0,3.0,4.0,,8.0,,,,,
20231111120,2023,11,Bulldogs,Warriors,True,12,24,52.0,1780.0,80.0,36.0,45.0,199.0,1727.0,485.0,5.0,55.0,38.38,213.0,3.61,12.0,457.0,259.0,4.0,24.0,738.0,2.0,58.0,7.0,12.0,6.0,3.0,88.61,350.0,33.0,1.0,12.0,9.0,4.0,2.0,,8.0,,,,,
20231111130,2023,11,Roosters,Panthers,False,4,48,41.0,1393.0,68.0,24.0,35.0,154.0,1199.0,280.0,4.0,30.0,34.27,79.0,3.45,14.0,370.0,199.0,5.0,19.0,531.0,0.0,62.0,10.0,16.0,3.0,4.0,87.63,411.0,35.0,1.0,23.0,12.0,4.0,1.0,,8.0,,,,,1.0
20231111130,2023,11,Panthers,Roosters,True,48,4,59.0,2007.0,89.0,41.0,46.0,244.0,2136.0,524.0,6.0,35.0,46.44,275.0,3.83,16.0,542.0,309.0,20.0,27.0,664.0,2.0,25.0,2.0,8.0,5.0,6.0,84.55,279.0,30.0,2.0,21.0,10.0,3.0,0.0,,8.0,,,,,0.0
20231111140,2023,11,Wests Tigers,Rabbitohs,False,0,20,50.0,1842.0,86.0,33.0,38.0,181.0,1619.0,542.0,1.0,14.0,42.62,182.0,3.29,6.0,456.0,259.0,18.0,27.0,738.0,1.0,100.0,12.0,12.0,5.0,4.0,90.26,380.0,29.0,0.0,12.0,7.0,5.0,0.0,,8.0,0.0,,,,1.0
20231111140,2023,11,Rabbitohs,Wests Tigers,True,20,0,50.0,1849.0,85.0,36.0,42.0,212.0,1825.0,584.0,6.0,29.0,43.46,123.0,3.52,6.0,472.0,270.0,0.0,24.0,693.0,1.0,69.0,9.0,13.0,7.0,2.0,93.68,356.0,14.0,1.0,10.0,9.0,2.0,1.0,,8.0,1.0,,,,0.0
20231111150,2023,11,Dragons,Cowboys,False,22,42,50.0,1597.0,63.0,24.0,38.0,175.0,1649.0,343.0,3.0,28.0,43.41,140.0,3.56,4.0,408.0,243.0,15.0,15.0,430.0,2.0,67.0,6.0,9.0,3.0,4.0,88.72,299.0,25.0,,13.0,13.0,5.0,0.0,1.0,7.0,,1.0,,,
20231111150,2023,11,Cowboys,Dragons,True,42,22,50.0,1605.0,71.0,27.0,38.0,172.0,1880.0,348.0,10.0,25.0,49.47,172.0,3.44,8.0,391.0,219.0,8.0,18.0,568.0,2.0,25.0,1.0,4.0,6.0,5.0,90.4,320.0,28.0,,6.0,12.0,4.0,3.0,0.0,8.0,,0.0,,,
20231111160,2023,11,Eels,Raiders,False,18,26,44.0,1290.0,68.0,22.0,32.0,150.0,1588.0,552.0,5.0,16.0,49.63,233.0,4.03,7.0,317.0,166.0,0.0,14.0,430.0,,78.0,7.0,9.0,3.0,1.0,90.08,354.0,24.0,1.0,15.0,12.0,10.0,0.0,2.0,8.0,,0.0,0.0,,
20231111160,2023,11,Raiders,Eels,True,26,18,56.0,1669.0,83.0,31.0,37.0,171.0,1635.0,656.0,2.0,24.0,44.19,139.0,3.22,10.0,412.0,226.0,7.0,23.0,583.0,,75.0,3.0,4.0,6.0,6.0,90.31,289.0,16.0,0.0,15.0,9.0,3.0,2.0,0.0,6.0,,1.0,2.0,,
20231111170,2023,11,Titans,Knights,False,26,46,48.0,1393.0,69.0,25.0,36.0,152.0,1411.0,341.0,4.0,32.0,39.19,179.0,3.79,7.0,362.0,199.0,5.0,15.0,576.0,0.0,58.0,7.0,12.0,4.0,0.0,84.74,322.0,44.0,0.0,14.0,12.0,4.0,2.0,0.0,7.0,,,0.0,,
20231111170,2023,11,Knights,Titans,True,46,26,52.0,1523.0,82.0,33.0,40.0,168.0,1650.0,461.0,4.0,44.0,41.27,138.0,3.7,7.0,377.0,203.0,9.0,21.0,569.0,1.0,50.0,2.0,4.0,5.0,4.0,87.61,290.0,32.0,1.0,9.0,9.0,4.0,0.0,1.0,8.0,,,1.0,,
20231111180,2023,11,Sharks,Sea Eagles,False,20,14,49.0,1742.0,82.0,33.0,40.0,211.0,1864.0,411.0,4.0,39.0,46.62,226.0,3.89,7.0,455.0,254.0,19.0,25.0,721.0,3.0,78.0,7.0,9.0,7.0,3.0,90.87,388.0,23.0,,16.0,10.0,12.0,3.0,,8.0,,,,,1.0
20231111180,2023,11,Sea Eagles,Sharks,True,14,20,51.0,1782.0,85.0,40.0,47.0,210.0,1718.0,495.0,3.0,23.0,36.56,141.0,3.33,11.0,479.0,268.0,14.0,21.0,714.0,0.0,50.0,7.0,14.0,6.0,1.0,86.3,315.0,39.0,,11.0,8.0,4.0,2.0,,8.0,,,,,0.0
20231111210,2023,12,Panthers,Broncos,False,15,4,58.0,2293.0,84.0,37.0,44.0,254.0,2259.0,615.0,6.0,48.0,51.35,227.0,3.36,14.0,555.0,315.0,20.0,24.0,648.0,1.0,64.0,7.0,11.0,6.0,2.0,84.85,336.0,41.0,0.0,19.0,9.0,5.0,3.0,1.0,8.0,,,,,
20231111210,2023,12,Broncos,Panthers,True,4,15,42.0,1618.0,78.0,32.0,41.0,193.0,1521.0,440.0,1.0,41.0,37.1,98.0,3.43,13.0,417.0,222.0,6.0,25.0,821.0,0.0,86.0,12.0,14.0,3.0,4.0,86.65,435.0,48.0,1.0,19.0,10.0,7.0,1.0,1.0,8.0,,,,,
20231111220,2023,12,Roosters,Dragons,False,22,24,47.0,1573.0,70.0,26.0,37.0,175.0,1526.0,412.0,4.0,27.0,41.27,133.0,3.4,6.0,397.0,230.0,1.0,16.0,433.0,1.0,60.0,6.0,10.0,5.0,2.0,89.0,348.0,28.0,,15.0,12.0,6.0,1.0,3.0,8.0,0.0,,,,
20231111220,2023,12,Dragons,Roosters,True,24,22,53.0,1703.0,76.0,30.0,39.0,185.0,1508.0,418.0,6.0,28.0,38.67,205.0,3.59,9.0,419.0,234.0,22.0,20.0,545.0,1.0,88.0,7.0,8.0,6.0,4.0,89.17,321.0,27.0,,12.0,10.0,5.0,2.0,1.0,7.0,1.0,,,,
20231111230,2023,12,Eels,Rabbitohs,False,36,16,56.0,1881.0,78.0,32.0,41.0,188.0,1936.0,611.0,6.0,29.0,47.24,180.0,4.09,18.0,438.0,236.0,28.0,18.0,472.0,2.0,62.0,8.0,13.0,3.0,3.0,90.13,274.0,20.0,1.0,10.0,11.0,1.0,,,8.0,0.0,,,,0.0
20231111230,2023,12,Rabbitohs,Eels,True,16,36,44.0,1389.0,70.0,22.0,31.0,161.0,1558.0,420.0,5.0,20.0,50.28,126.0,3.24,5.0,361.0,197.0,7.0,23.0,571.0,1.0,50.0,3.0,6.0,4.0,4.0,85.71,336.0,29.0,0.0,27.0,11.0,6.0,,,7.0,1.0,,,,1.0
20231111240,2023,12,Knights,Sharks,False,6,26,45.0,1574.0,67.0,25.0,37.0,172.0,1648.0,509.0,1.0,32.0,44.55,84.0,3.17,9.0,398.0,219.0,11.0,18.0,533.0,0.0,50.0,6.0,12.0,7.0,2.0,86.63,350.0,43.0,1.0,11.0,14.0,5.0,,1.0,7.0,1.0,,,,
20231111240,2023,12,Sharks,Knights,True,26,6,55.0,1946.0,65.0,28.0,43.0,209.0,2173.0,666.0,7.0,43.0,50.54,198.0,3.8,8.0,465.0,264.0,11.0,21.0,567.0,2.0,91.0,10.0,11.0,8.0,3.0,87.57,317.0,32.0,0.0,13.0,16.0,5.0,,0.0,8.0,0.0,,,,
20231111250,2023,12,Cowboys,Wests Tigers,False,18,66,35.0,1087.0,70.0,21.0,30.0,127.0,1296.0,331.0,3.0,20.0,43.2,122.0,3.56,5.0,278.0,144.0,10.0,15.0,487.0,0.0,53.0,9.0,17.0,6.0,1.0,82.6,356.0,55.0,0.0,20.0,12.0,4.0,3.0,,8.0,1.0,,,,1.0
20231111250,2023,12,Wests Tigers,Cowboys,True,66,18,65.0,2009.0,93.0,42.0,45.0,218.0,2305.0,588.0,13.0,55.0,51.24,248.0,3.41,15.0,504.0,292.0,21.0,24.0,586.0,1.0,100.0,7.0,7.0,8.0,5.0,88.12,230.0,20.0,3.0,11.0,4.0,3.0,0.0,,7.0,0.0,,,,0.0
20231111260,2023,12,Storm,Dolphins,False,24,16,55.0,1741.0,89.0,33.0,37.0,182.0,1491.0,526.0,3.0,35.0,40.31,196.0,3.36,5.0,433.0,241.0,16.0,24.0,521.0,1.0,67.0,4.0,6.0,5.0,4.0,86.53,302.0,39.0,,8.0,9.0,5.0,2.0,1.0,8.0,,0.0,,,2.0
20231111260,2023,12,Dolphins,Storm,True,16,24,45.0,1421.0,72.0,29.0,40.0,152.0,1238.0,524.0,5.0,39.0,30.96,115.0,3.63,5.0,353.0,195.0,21.0,15.0,425.0,2.0,42.0,5.0,12.0,2.0,5.0,88.77,340.0,35.0,,8.0,12.0,6.0,2.0,2.0,8.0,,1.0,,,0.0
20231111270,2023,12,Titans,Bulldogs,False,18,20,51.0,1770.0,84.0,32.0,38.0,190.0,1592.0,490.0,5.0,42.0,41.9,159.0,3.44,19.0,408.0,214.0,20.0,19.0,566.0,3.0,44.0,7.0,16.0,6.0,1.0,87.53,316.0,29.0,,16.0,9.0,6.0,1.0,1.0,7.0,0.0,,,,
20231111270,2023,12,Bulldogs,Titans,True,20,18,49.0,1633.0,85.0,36.0,42.0,173.0,1476.0,386.0,2.0,29.0,35.15,126.0,3.75,9.0,395.0,217.0,7.0,24.0,638.0,2.0,80.0,4.0,5.0,5.0,8.0,81.4,350.0,42.0,,38.0,5.0,8.0,1.0,1.0,8.0,1.0,,,,
20231111280,2023,12,Sea Eagles,Raiders,False,42,14,52.0,1579.0,68.0,28.0,41.0,170.0,1745.0,456.0,8.0,45.0,42.57,136.0,3.91,9.0,413.0,248.0,11.0,17.0,410.0,1.0,58.0,7.0,12.0,5.0,3.0,82.53,274.0,31.0,,27.0,13.0,5.0,2.0,0.0,7.0,2.0,1.0,1.0,,
20231111280,2023,12,Raiders,Sea Eagles,True,14,42,48.0,1435.0,66.0,24.0,36.0,168.0,1546.0,424.0,6.0,31.0,42.95,135.0,3.3,16.0,359.0,198.0,13.0,17.0,384.0,2.0,15.0,2.0,13.0,5.0,2.0,83.77,289.0,45.0,,11.0,12.0,8.0,0.0,2.0,7.0,0.0,1.0,0.0,,
20231111310,2023,13,Dragons,Dolphins,False,12,26,46.0,1635.0,82.0,29.0,35.0,185.0,1688.0,627.0,5.0,38.0,48.23,162.0,3.4,7.0,396.0,213.0,21.0,21.0,713.0,1.0,57.0,12.0,21.0,2.0,7.0,91.26,397.0,20.0,,18.0,7.0,8.0,3.0,1.0,8.0,,1.0,,,0.0
20231111310,2023,13,Dolphins,Dragons,True,26,12,54.0,1892.0,88.0,39.0,44.0,197.0,1913.0,625.0,5.0,20.0,43.5,249.0,3.97,12.0,453.0,237.0,10.0,23.0,593.0,4.0,88.0,7.0,8.0,9.0,6.0,87.14,332.0,38.0,,11.0,8.0,5.0,0.0,1.0,8.0,,0.0,,,1.0
20231111320,2023,13,Cowboys,Eels,False,16,24,48.0,1842.0,83.0,36.0,43.0,209.0,1787.0,477.0,5.0,32.0,41.58,147.0,3.43,9.0,464.0,245.0,8.0,29.0,938.0,1.0,79.0,11.0,14.0,9.0,3.0,90.72,391.0,29.0,,11.0,9.0,2.0,2.0,,8.0,,,,,
20231111320,2023,13,Eels,Cowboys,True,24,16,52.0,1947.0,75.0,33.0,44.0,216.0,2073.0,547.0,8.0,29.0,47.13,258.0,3.84,5.0,473.0,251.0,9.0,25.0,754.0,2.0,75.0,9.0,12.0,6.0,5.0,88.97,363.0,32.0,,13.0,14.0,4.0,0.0,,7.0,,,,,
20231111330,2023,13,Broncos,Warriors,False,26,22,52.0,1807.0,80.0,32.0,40.0,190.0,1941.0,633.0,4.0,32.0,48.53,111.0,3.74,7.0,405.0,219.0,9.0,23.0,647.0,2.0,58.0,11.0,19.0,3.0,7.0,83.98,325.0,46.0,0.0,16.0,10.0,8.0,1.0,1.0,7.0,0.0,,,,
20231111330,2023,13,Warriors,Broncos,True,22,26,48.0,1664.0,70.0,29.0,41.0,190.0,2123.0,739.0,5.0,46.0,51.8,234.0,3.3,10.0,449.0,252.0,7.0,20.0,453.0,0.0,56.0,5.0,9.0,11.0,3.0,88.89,344.0,32.0,1.0,11.0,13.0,5.0,1.0,0.0,7.0,1.0,,,,
20231111340,2023,13,Raiders,Rabbitohs,False,33,26,50.0,1577.0,84.0,27.0,32.0,158.0,1739.0,607.0,7.0,31.0,54.37,214.0,3.23,7.0,353.0,188.0,6.0,18.0,509.0,2.0,50.0,3.0,6.0,4.0,2.0,96.14,374.0,11.0,,4.0,5.0,7.0,3.0,1.0,7.0,1.0,,,,
20231111340,2023,13,Rabbitohs,Raiders,True,26,33,50.0,1559.0,89.0,34.0,38.0,176.0,1516.0,469.0,4.0,11.0,39.92,139.0,3.91,1.0,391.0,219.0,12.0,21.0,520.0,1.0,67.0,4.0,6.0,1.0,6.0,89.1,327.0,31.0,,9.0,3.0,4.0,2.0,1.0,8.0,0.0,,,,
20231111350,2023,13,Sea Eagles,Knights,False,18,28,45.0,1385.0,90.0,30.0,33.0,148.0,1329.0,355.0,1.0,19.0,40.28,126.0,3.71,7.0,357.0,204.0,10.0,17.0,473.0,2.0,67.0,6.0,9.0,3.0,3.0,85.03,318.0,43.0,2.0,13.0,7.0,9.0,4.0,1.0,8.0,,1.0,,,0.0
20231111350,2023,13,Knights,Sea Eagles,True,28,18,55.0,1653.0,84.0,38.0,45.0,210.0,1939.0,436.0,6.0,43.0,43.1,224.0,3.25,8.0,447.0,268.0,15.0,16.0,376.0,6.0,64.0,7.0,11.0,3.0,6.0,89.18,272.0,19.0,0.0,14.0,9.0,7.0,3.0,0.0,7.0,,0.0,,,1.0
20231111410,2023,14,Raiders,Wests Tigers,False,20,19,46.0,1617.0,78.0,30.0,38.0,169.0,1365.0,406.0,0.0,18.0,35.94,124.0,3.33,5.0,397.0,210.0,11.0,24.0,740.0,0.0,67.0,12.0,18.0,8.0,4.0,83.45,363.0,50.0,,22.0,8.0,6.0,4.0,2.0,8.0,1.0,1.0,1.0,,4.0
20231111410,2023,14,Wests Tigers,Raiders,True,19,20,54.0,1861.0,73.0,34.0,46.0,222.0,2016.0,549.0,7.0,50.0,43.84,169.0,3.64,11.0,468.0,274.0,12.0,18.0,371.0,1.0,56.0,5.0,9.0,6.0,6.0,91.82,348.0,18.0,,13.0,15.0,4.0,0.0,1.0,6.0,0.0,0.0,0.0,,0.0
20231111420,2023,14,Dolphins,Warriors,False,8,30,49.0,1639.0,79.0,31.0,39.0,177.0,1500.0,415.0,6.0,17.0,38.46,111.0,3.7,9.0,408.0,227.0,0.0,20.0,595.0,,70.0,7.0,10.0,8.0,2.0,92.29,383.0,22.0,1.0,10.0,11.0,6.0,0.0,2.0,7.0,1.0,1.0,,,1.0
20231111420,2023,14,Warriors,Dolphins,True,30,8,51.0,1737.0,74.0,32.0,43.0,190.0,1879.0,568.0,9.0,22.0,43.71,207.0,3.55,6.0,435.0,247.0,26.0,15.0,435.0,,82.0,9.0,11.0,5.0,1.0,91.48,365.0,17.0,3.0,17.0,10.0,6.0,1.0,1.0,6.0,0.0,0.0,,,1.0
20231111430,2023,14,Rabbitohs,Titans,False,46,28,51.0,1504.0,80.0,29.0,36.0,192.0,1780.0,561.0,8.0,27.0,49.46,184.0,3.68,6.0,394.0,225.0,5.0,13.0,280.0,0.0,50.0,2.0,4.0,7.0,3.0,90.97,292.0,22.0,,7.0,9.0,4.0,0.0,1.0,6.0,,,,,0.0
20231111430,2023,14,Titans,Rabbitohs,True,28,46,49.0,1434.0,78.0,26.0,33.0,148.0,1275.0,412.0,5.0,22.0,38.64,120.0,3.15,4.0,351.0,193.0,8.0,17.0,547.0,2.0,64.0,7.0,11.0,1.0,1.0,89.5,324.0,27.0,,11.0,10.0,3.0,1.0,1.0,7.0,,,,,1.0
20231111440,2023,14,Broncos,Sharks,False,20,12,47.0,1678.0,78.0,33.0,42.0,191.0,2000.0,553.0,6.0,45.0,47.64,272.0,3.52,13.0,422.0,217.0,20.0,22.0,580.0,1.0,55.0,12.0,22.0,5.0,5.0,85.2,357.0,30.0,2.0,32.0,13.0,1.0,3.0,0.0,8.0,0.0,,,,
20231111440,2023,14,Sharks,Broncos,True,12,20,53.0,1963.0,70.0,29.0,41.0,223.0,2204.0,554.0,5.0,30.0,53.78,156.0,3.46,15.0,510.0,290.0,5.0,26.0,481.0,1.0,80.0,8.0,10.0,5.0,9.0,83.74,340.0,45.0,0.0,21.0,15.0,4.0,1.0,3.0,8.0,1.0,,,,
20231111450,2023,14,Bulldogs,Roosters,False,24,25,54.0,1690.0,82.0,34.0,41.0,179.0,1564.0,428.0,2.0,19.0,38.15,138.0,3.32,5.0,417.0,244.0,16.0,20.0,543.0,1.0,43.0,3.0,7.0,7.0,5.0,86.43,293.0,37.0,,9.0,9.0,6.0,,0.0,8.0,1.0,,,,
20231111450,2023,14,Roosters,Bulldogs,True,25,24,46.0,1426.0,77.0,28.0,36.0,173.0,1543.0,404.0,4.0,37.0,42.87,153.0,3.54,7.0,362.0,184.0,10.0,18.0,495.0,2.0,62.0,8.0,13.0,5.0,3.0,92.04,347.0,19.0,,11.0,10.0,7.0,,2.0,7.0,0.0,,,,
20231111460,2023,14,Storm,Cowboys,False,20,45,43.0,1275.0,78.0,25.0,32.0,147.0,1294.0,428.0,4.0,29.0,40.45,172.0,3.5,6.0,343.0,194.0,7.0,16.0,493.0,0.0,53.0,8.0,15.0,5.0,1.0,85.4,345.0,49.0,0.0,10.0,11.0,5.0,1.0,,8.0,0.0,,,,0.0
20231111460,2023,14,Cowboys,Storm,True,45,20,57.0,1723.0,82.0,33.0,40.0,197.0,1735.0,489.0,8.0,49.0,43.39,195.0,3.56,6.0,411.0,222.0,20.0,20.0,526.0,2.0,38.0,3.0,8.0,8.0,4.0,85.42,252.0,29.0,1.0,14.0,7.0,6.0,1.0,,7.0,1.0,,,,1.0
20231111470,2023,14,Dragons,Panthers,False,18,26,49.0,1549.0,75.0,30.0,40.0,178.0,1414.0,511.0,4.0,34.0,35.35,123.0,3.41,9.0,398.0,216.0,27.0,19.0,660.0,1.0,80.0,8.0,10.0,6.0,1.0,90.82,356.0,25.0,,11.0,10.0,6.0,1.0,,8.0,2.0,,,,1.0
20231111470,2023,14,Panthers,Dragons,True,26,18,51.0,1564.0,86.0,32.0,37.0,169.0,1498.0,525.0,3.0,25.0,40.5,215.0,3.57,8.0,416.0,224.0,10.0,25.0,683.0,1.0,75.0,6.0,8.0,4.0,5.0,88.25,338.0,34.0,,11.0,7.0,6.0,4.0,,7.0,0.0,,,,0.0
20231111510,2023,15,Wests Tigers,Titans,False,12,28,48.0,1687.0,70.0,28.0,40.0,193.0,1617.0,451.0,3.0,44.0,40.44,239.0,3.68,20.0,417.0,233.0,26.0,18.0,469.0,1.0,75.0,9.0,12.0,1.0,7.0,88.21,344.0,37.0,0.0,9.0,14.0,3.0,0.0,0.0,8.0,,,,,1.0
20231111510,2023,15,Titans,Wests Tigers,True,28,12,52.0,1801.0,83.0,35.0,42.0,196.0,1755.0,476.0,4.0,37.0,41.79,201.0,3.73,6.0,428.0,235.0,9.0,24.0,715.0,4.0,62.0,8.0,13.0,3.0,7.0,81.82,342.0,44.0,2.0,32.0,7.0,4.0,4.0,1.0,7.0,,,,,0.0
20231111520,2023,15,Warriors,Raiders,False,36,14,54.0,1817.0,75.0,31.0,41.0,185.0,1694.0,587.0,7.0,25.0,41.33,144.0,3.61,8.0,429.0,239.0,13.0,18.0,485.0,0.0,38.0,6.0,16.0,7.0,1.0,85.91,311.0,30.0,1.0,21.0,12.0,5.0,2.0,2.0,6.0,1.0,2.0,,,2.0
20231111520,2023,15,Raiders,Warriors,True,14,36,46.0,1568.0,70.0,28.0,40.0,161.0,1434.0,536.0,2.0,30.0,35.86,96.0,3.38,11.0,368.0,204.0,13.0,18.0,526.0,2.0,36.0,4.0,11.0,4.0,5.0,90.41,349.0,25.0,0.0,12.0,13.0,5.0,1.0,1.0,7.0,0.0,0.0,,,1.0
20231111530,2023,15,Dolphins,Sea Eagles,False,18,58,42.0,1275.0,83.0,25.0,30.0,149.0,1526.0,431.0,2.0,19.0,50.87,187.0,3.41,2.0,324.0,173.0,12.0,20.0,487.0,4.0,64.0,7.0,11.0,9.0,6.0,89.57,352.0,33.0,2.0,8.0,5.0,8.0,1.0,,8.0,,,,,
20231111530,2023,15,Sea Eagles,Dolphins,True,58,18,58.0,1767.0,80.0,34.0,42.0,189.0,2055.0,602.0,8.0,33.0,48.95,215.0,3.49,5.0,455.0,264.0,25.0,20.0,598.0,4.0,86.0,12.0,14.0,4.0,2.0,92.01,265.0,19.0,0.0,4.0,7.0,1.0,2.0,,8.0,,,,,
20231111540,2023,15,Rabbitohs,Dragons,False,30,36,43.0,1307.0,78.0,26.0,33.0,148.0,1475.0,421.0,9.0,36.0,44.72,154.0,3.59,10.0,358.0,196.0,13.0,16.0,526.0,1.0,50.0,6.0,12.0,8.0,1.0,86.22,363.0,37.0,,21.0,8.0,7.0,,1.0,8.0,,,,,1.0
20231111540,2023,15,Dragons,Rabbitohs,True,36,30,57.0,1745.0,75.0,31.0,41.0,199.0,1763.0,590.0,6.0,37.0,43.01,166.0,3.19,12.0,444.0,255.0,23.0,19.0,418.0,2.0,89.0,8.0,9.0,7.0,5.0,82.7,263.0,36.0,,19.0,11.0,3.0,,0.0,8.0,,,,,0.0
20231111550,2023,15,Knights,Broncos,False,20,24,52.0,1770.0,78.0,32.0,41.0,191.0,1975.0,412.0,6.0,42.0,48.19,215.0,3.28,8.0,454.0,261.0,7.0,25.0,621.0,1.0,60.0,6.0,10.0,12.0,1.0,80.09,338.0,59.0,0.0,25.0,8.0,3.0,2.0,,8.0,1.0,,,,1.0
20231111550,2023,15,Broncos,Knights,True,24,20,48.0,1634.0,80.0,33.0,41.0,181.0,1812.0,428.0,10.0,59.0,44.21,183.0,3.34,17.0,398.0,205.0,21.0,23.0,687.0,0.0,71.0,12.0,17.0,6.0,5.0,86.28,346.0,43.0,1.0,12.0,10.0,6.0,1.0,,6.0,1.0,,,,0.0
20231111560,2023,15,Panthers,Roosters,False,30,6,52.0,1764.0,71.0,30.0,42.0,196.0,2054.0,646.0,7.0,36.0,48.92,224.0,3.42,13.0,469.0,266.0,2.0,18.0,423.0,1.0,67.0,6.0,9.0,8.0,2.0,84.04,316.0,43.0,0.0,17.0,13.0,6.0,1.0,0.0,7.0,1.0,1.0,,,2.0
20231111560,2023,15,Roosters,Panthers,True,6,30,48.0,1638.0,72.0,29.0,40.0,188.0,1584.0,535.0,3.0,43.0,39.61,70.0,3.29,11.0,424.0,238.0,7.0,18.0,486.0,1.0,92.0,11.0,12.0,4.0,3.0,87.13,413.0,36.0,1.0,25.0,13.0,4.0,1.0,1.0,7.0,0.0,1.0,,,4.0
20231111570,2023,15,Sharks,Storm,False,10,54,39.0,1147.0,63.0,24.0,38.0,139.0,1203.0,349.0,3.0,21.0,31.68,129.0,3.72,11.0,311.0,169.0,14.0,15.0,430.0,1.0,54.0,7.0,13.0,4.0,1.0,79.29,356.0,57.0,2.0,36.0,14.0,7.0,2.0,0.0,8.0,0.0,1.0,,,1.0
20231111570,2023,15,Storm,Sharks,True,54,10,61.0,1866.0,78.0,36.0,46.0,225.0,2007.0,506.0,10.0,57.0,43.64,205.0,3.66,19.0,438.0,220.0,11.0,21.0,487.0,1.0,70.0,7.0,10.0,5.0,4.0,84.84,235.0,21.0,3.0,21.0,11.0,8.0,1.0,1.0,7.0,1.0,1.0,,,0.0
20231111580,2023,15,Eels,Bulldogs,False,34,12,53.0,1899.0,65.0,29.0,44.0,223.0,2054.0,536.0,6.0,56.0,46.7,239.0,3.71,18.0,471.0,252.0,17.0,17.0,503.0,1.0,46.0,6.0,13.0,5.0,3.0,79.29,268.0,37.0,1.0,33.0,15.0,8.0,1.0,1.0,8.0,0.0,,,,
20231111580,2023,15,Bulldogs,Eels,True,12,34,47.0,1660.0,80.0,34.0,42.0,186.0,1589.0,410.0,7.0,37.0,37.85,103.0,3.5,19.0,451.0,260.0,19.0,26.0,719.0,0.0,70.0,7.0,10.0,4.0,7.0,79.63,348.0,56.0,2.0,33.0,12.0,2.0,2.0,0.0,8.0,1.0,,,,
20231111610,2023,16,Panthers,Cowboys,False,23,27,52.0,1915.0,80.0,37.0,46.0,238.0,2024.0,546.0,5.0,59.0,44.02,217.0,3.36,13.0,495.0,269.0,18.0,25.0,752.0,2.0,80.0,8.0,10.0,4.0,5.0,89.77,395.0,37.0,,8.0,7.0,8.0,3.0,,10.0,1.0,,,,
20231111610,2023,16,Cowboys,Panthers,True,27,23,48.0,1804.0,84.0,38.0,45.0,195.0,1843.0,545.0,7.0,37.0,40.97,224.0,3.61,5.0,438.0,230.0,14.0,22.0,717.0,0.0,67.0,8.0,12.0,8.0,3.0,83.37,376.0,59.0,,16.0,7.0,8.0,0.0,,9.0,1.0,,,,
20231111620,2023,16,Roosters,Knights,False,18,16,51.0,1769.0,72.0,29.0,40.0,189.0,1810.0,616.0,3.0,33.0,45.27,170.0,3.49,15.0,446.0,238.0,16.0,20.0,617.0,1.0,83.0,5.0,6.0,4.0,2.0,89.32,368.0,32.0,,12.0,13.0,3.0,,0.0,7.0,0.0,,,,
20231111620,2023,16,Knights,Roosters,True,16,18,49.0,1626.0,66.0,26.0,39.0,192.0,1834.0,476.0,4.0,32.0,47.05,176.0,3.32,7.0,443.0,259.0,10.0,19.0,646.0,0.0,80.0,4.0,5.0,3.0,0.0,87.36,380.0,33.0,,22.0,14.0,4.0,,2.0,7.0,2.0,,,,
20231111630,2023,16,Sea Eagles,Eels,False,4,34,38.0,1277.0,66.0,24.0,36.0,127.0,1130.0,390.0,4.0,12.0,31.39,94.0,3.5,6.0,317.0,180.0,15.0,17.0,508.0,1.0,27.0,4.0,15.0,3.0,2.0,84.56,367.0,42.0,2.0,25.0,14.0,6.0,4.0,,8.0,,1.0,,,1.0
20231111630,2023,16,Eels,Sea Eagles,True,34,4,62.0,2009.0,79.0,38.0,48.0,216.0,1941.0,588.0,6.0,42.0,40.44,166.0,3.96,13.0,487.0,262.0,29.0,23.0,550.0,2.0,83.0,5.0,6.0,3.0,6.0,92.25,250.0,12.0,0.0,9.0,12.0,6.0,1.0,,7.0,,1.0,,,1.0
20231111640,2023,16,Storm,Wests Tigers,False,28,6,53.0,1807.0,82.0,32.0,39.0,185.0,1848.0,638.0,3.0,21.0,47.4,162.0,3.46,7.0,457.0,250.0,21.0,24.0,706.0,1.0,53.0,8.0,15.0,6.0,4.0,83.94,298.0,36.0,,21.0,10.0,3.0,1.0,1.0,7.0,1.0,,,,1.0
20231111640,2023,16,Wests Tigers,Storm,True,6,28,47.0,1607.0,72.0,26.0,36.0,185.0,1685.0,529.0,4.0,36.0,46.81,137.0,3.17,16.0,446.0,265.0,9.0,18.0,479.0,0.0,40.0,6.0,15.0,3.0,2.0,91.42,373.0,21.0,,14.0,12.0,3.0,1.0,0.0,7.0,0.0,,,,0.0
20231111650,2023,16,Bulldogs,Sharks,False,10,48,46.0,1433.0,78.0,29.0,37.0,168.0,1325.0,376.0,3.0,36.0,35.81,104.0,3.88,9.0,364.0,195.0,21.0,19.0,523.0,1.0,82.0,9.0,11.0,2.0,4.0,84.18,330.0,52.0,0.0,10.0,8.0,7.0,1.0,1.0,7.0,,,,,
20231111650,2023,16,Sharks,Bulldogs,True,48,10,54.0,1728.0,74.0,32.0,43.0,188.0,1934.0,516.0,11.0,52.0,44.98,294.0,3.23,6.0,410.0,225.0,15.0,18.0,473.0,1.0,89.0,8.0,9.0,10.0,1.0,81.98,273.0,36.0,1.0,24.0,13.0,3.0,2.0,0.0,7.0,,,,,
20231111710,2023,17,Warriors,Dragons,False,48,18,55.0,1666.0,72.0,29.0,40.0,200.0,1780.0,462.0,10.0,32.0,44.52,214.0,3.7,14.0,455.0,254.0,14.0,16.0,395.0,0.0,50.0,5.0,10.0,9.0,2.0,87.87,297.0,27.0,1.0,14.0,12.0,4.0,3.0,1.0,7.0,1.0,1.0,,,
20231111710,2023,17,Dragons,Warriors,True,18,48,45.0,1357.0,70.0,26.0,37.0,162.0,1243.0,343.0,3.0,27.0,33.59,57.0,3.86,7.0,364.0,209.0,23.0,17.0,472.0,1.0,23.0,3.0,13.0,4.0,3.0,86.21,350.0,32.0,0.0,24.0,14.0,2.0,1.0,0.0,4.0,0.0,0.0,,,
20231111720,2023,17,Eels,Dolphins,False,48,20,59.0,1768.0,81.0,30.0,37.0,209.0,2134.0,546.0,12.0,26.0,57.69,245.0,3.77,13.0,454.0,258.0,13.0,22.0,494.0,3.0,71.0,5.0,7.0,5.0,8.0,88.38,251.0,24.0,1.0,9.0,9.0,3.0,,1.0,8.0,,,,,
20231111720,2023,17,Dolphins,Eels,True,20,48,41.0,1222.0,63.0,19.0,30.0,130.0,1446.0,353.0,4.0,24.0,48.21,246.0,3.38,4.0,318.0,183.0,0.0,14.0,413.0,1.0,73.0,8.0,11.0,5.0,1.0,87.35,359.0,26.0,0.0,26.0,12.0,2.0,,0.0,8.0,,,,,
20231111730,2023,17,Knights,Panthers,False,12,20,43.0,1502.0,62.0,22.0,35.0,176.0,1515.0,489.0,3.0,45.0,43.3,141.0,3.55,13.0,425.0,244.0,1.0,20.0,549.0,0.0,56.0,5.0,9.0,8.0,2.0,83.76,397.0,59.0,,18.0,14.0,6.0,0.0,,8.0,0.0,1.0,,,2.0
20231111730,2023,17,Panthers,Knights,True,20,12,57.0,2002.0,90.0,40.0,44.0,223.0,2057.0,641.0,5.0,59.0,46.75,160.0,3.1,10.0,541.0,316.0,20.0,30.0,683.0,3.0,55.0,6.0,11.0,6.0,7.0,81.87,307.0,45.0,,23.0,9.0,1.0,2.0,,7.0,1.0,0.0,,,0.0
20231111740,2023,17,Sea Eagles,Storm,False,6,24,51.0,1738.0,76.0,30.0,39.0,182.0,1602.0,564.0,4.0,40.0,41.1,177.0,3.25,9.0,418.0,227.0,1.0,24.0,601.0,3.0,60.0,9.0,15.0,3.0,7.0,87.18,306.0,30.0,0.0,15.0,10.0,4.0,2.0,0.0,8.0,1.0,,,,
20231111740,2023,17,Storm,Sea Eagles,True,24,6,49.0,1736.0,79.0,34.0,43.0,178.0,1783.0,540.0,6.0,30.0,41.47,139.0,3.58,6.0,425.0,229.0,10.0,25.0,664.0,1.0,75.0,9.0,12.0,6.0,8.0,87.17,360.0,40.0,1.0,13.0,11.0,4.0,2.0,1.0,8.0,0.0,,,,
20231111750,2023,17,Titans,Broncos,False,18,12,51.0,1766.0,80.0,32.0,40.0,181.0,1776.0,476.0,5.0,44.0,44.41,175.0,3.34,6.0,423.0,228.0,15.0,21.0,574.0,0.0,44.0,7.0,16.0,6.0,2.0,81.41,311.0,48.0,1.0,23.0,12.0,4.0,4.0,1.0,7.0,,,,,
20231111750,2023,17,Broncos,Titans,True,12,18,49.0,1656.0,80.0,36.0,45.0,192.0,1740.0,493.0,6.0,48.0,38.68,169.0,3.85,14.0,410.0,218.0,15.0,23.0,700.0,1.0,91.0,10.0,11.0,4.0,4.0,86.61,330.0,44.0,0.0,7.0,11.0,7.0,2.0,1.0,8.0,,,,,
20231111760,2023,17,Cowboys,Rabbitohs,False,31,6,58.0,1959.0,84.0,37.0,44.0,208.0,2141.0,674.0,6.0,41.0,48.67,177.0,3.74,4.0,482.0,278.0,32.0,27.0,775.0,1.0,56.0,5.0,9.0,7.0,4.0,88.47,284.0,24.0,0.0,13.0,7.0,4.0,0.0,0.0,8.0,0.0,,,,
20231111760,2023,17,Rabbitohs,Cowboys,True,6,31,42.0,1420.0,67.0,25.0,37.0,178.0,1777.0,522.0,5.0,24.0,48.03,222.0,3.0,8.0,387.0,216.0,14.0,18.0,558.0,0.0,69.0,11.0,16.0,4.0,1.0,89.27,391.0,41.0,1.0,6.0,13.0,8.0,1.0,1.0,7.0,1.0,,,,
20231111770,2023,17,Raiders,Roosters,False,20,18,53.0,1911.0,82.0,34.0,41.0,213.0,1783.0,543.0,2.0,31.0,43.51,186.0,3.41,19.0,464.0,236.0,30.0,27.0,889.0,0.0,64.0,7.0,11.0,9.0,3.0,91.25,344.0,20.0,,13.0,7.0,3.0,4.0,0.0,8.0,1.0,,,,0.0
20231111770,2023,17,Roosters,Raiders,True,18,20,47.0,1639.0,80.0,34.0,42.0,185.0,1656.0,481.0,2.0,20.0,39.43,232.0,3.56,9.0,435.0,236.0,27.0,25.0,714.0,1.0,50.0,6.0,12.0,3.0,6.0,85.86,407.0,31.0,,36.0,11.0,4.0,0.0,1.0,7.0,0.0,,,,1.0
20231111810,2023,18,Dragons,Sharks,False,16,52,39.0,1202.0,75.0,21.0,28.0,135.0,1142.0,326.0,4.0,21.0,40.81,94.0,3.62,5.0,298.0,159.0,8.0,17.0,546.0,0.0,30.0,3.0,10.0,5.0,2.0,89.85,407.0,35.0,,11.0,9.0,4.0,5.0,1.0,8.0,1.0,,,,1.0
20231111810,2023,18,Sharks,Dragons,True,52,16,61.0,1901.0,88.0,40.0,45.0,211.0,1968.0,541.0,9.0,35.0,43.74,266.0,3.73,5.0,468.0,259.0,21.0,22.0,546.0,2.0,86.0,6.0,7.0,6.0,5.0,90.17,266.0,21.0,,8.0,5.0,4.0,0.0,1.0,6.0,0.0,,,,0.0
20231111820,2023,18,Rabbitohs,Warriors,False,28,6,56.0,1855.0,92.0,35.0,38.0,190.0,1574.0,587.0,4.0,16.0,41.42,89.0,4.08,7.0,437.0,231.0,13.0,30.0,762.0,2.0,100.0,5.0,5.0,3.0,6.0,89.56,283.0,28.0,,5.0,3.0,9.0,2.0,2.0,7.0,,0.0,,,
20231111820,2023,18,Warriors,Rabbitohs,True,6,28,44.0,1504.0,69.0,25.0,36.0,153.0,1278.0,454.0,1.0,28.0,35.51,120.0,3.61,3.0,345.0,195.0,9.0,16.0,468.0,1.0,50.0,6.0,12.0,3.0,2.0,93.44,413.0,16.0,,13.0,13.0,5.0,0.0,1.0,8.0,,1.0,,,
20231111830,2023,18,Panthers,Storm,False,34,16,57.0,1794.0,84.0,39.0,46.0,195.0,1659.0,502.0,4.0,48.0,36.08,192.0,3.61,6.0,468.0,269.0,10.0,23.0,540.0,1.0,75.0,6.0,8.0,4.0,6.0,86.53,289.0,31.0,2.0,14.0,7.0,5.0,2.0,1.0,7.0,0.0,,,,2.0
20231111830,2023,18,Storm,Panthers,True,16,34,43.0,1361.0,68.0,26.0,38.0,141.0,1264.0,413.0,2.0,31.0,33.27,136.0,3.45,5.0,340.0,179.0,20.0,18.0,611.0,0.0,29.0,2.0,7.0,6.0,0.0,87.39,395.0,48.0,1.0,9.0,12.0,6.0,5.0,0.0,8.0,1.0,,,,0.0
20231111840,2023,18,Titans,Raiders,False,22,26,54.0,1686.0,75.0,30.0,40.0,205.0,1921.0,592.0,6.0,32.0,48.05,152.0,3.65,11.0,429.0,240.0,0.0,24.0,416.0,2.0,80.0,4.0,5.0,9.0,9.0,86.77,328.0,35.0,0.0,15.0,11.0,6.0,2.0,2.0,7.0,,,,,1.0
20231111840,2023,18,Raiders,Titans,True,26,22,46.0,1445.0,75.0,28.0,37.0,147.0,1599.0,555.0,5.0,34.0,43.22,121.0,3.51,10.0,330.0,173.0,17.0,14.0,505.0,1.0,44.0,7.0,16.0,3.0,2.0,87.36,380.0,32.0,1.0,23.0,9.0,11.0,1.0,2.0,7.0,,,,,0.0
20231111850,2023,18,Wests Tigers,Cowboys,False,0,74,37.0,1096.0,52.0,18.0,34.0,119.0,1011.0,347.0,1.0,28.0,29.76,70.0,3.54,7.0,297.0,171.0,0.0,12.0,368.0,1.0,75.0,9.0,12.0,1.0,3.0,82.82,376.0,54.0,1.0,24.0,16.0,4.0,1.0,2.0,7.0,,1.0,,,1.0
20231111850,2023,18,Cowboys,Wests Tigers,True,74,0,63.0,1941.0,86.0,37.0,43.0,221.0,2393.0,712.0,13.0,54.0,55.67,250.0,3.95,17.0,496.0,282.0,36.0,20.0,431.0,1.0,60.0,3.0,5.0,10.0,5.0,84.12,196.0,28.0,0.0,9.0,8.0,3.0,3.0,0.0,7.0,,0.0,,,0.0
20231111860,2023,18,Dolphins,Broncos,False,16,24,45.0,1506.0,70.0,26.0,37.0,159.0,1427.0,513.0,6.0,37.0,38.57,127.0,3.65,13.0,376.0,204.0,19.0,20.0,642.0,3.0,53.0,9.0,17.0,3.0,5.0,83.45,353.0,51.0,1.0,19.0,12.0,8.0,0.0,1.0,7.0,1.0,,,,1.0
20231111860,2023,18,Broncos,Dolphins,True,24,16,55.0,1801.0,81.0,35.0,43.0,186.0,1682.0,615.0,4.0,50.0,39.12,115.0,3.62,8.0,435.0,236.0,23.0,21.0,477.0,0.0,78.0,7.0,9.0,9.0,2.0,83.14,286.0,36.0,1.0,22.0,11.0,3.0,1.0,0.0,7.0,1.0,,,,0.0
20231111870,2023,18,Knights,Bulldogs,False,66,0,60.0,1825.0,82.0,37.0,45.0,205.0,1989.0,584.0,13.0,63.0,44.21,172.0,3.78,13.0,472.0,261.0,13.0,17.0,585.0,,67.0,6.0,9.0,3.0,1.0,89.26,241.0,12.0,1.0,17.0,9.0,5.0,0.0,0.0,7.0,,,,,1.0
20231111870,2023,18,Bulldogs,Knights,True,0,66,40.0,1228.0,61.0,19.0,31.0,135.0,1147.0,361.0,1.0,12.0,37.0,103.0,3.75,6.0,321.0,181.0,13.0,17.0,476.0,,33.0,2.0,6.0,5.0,3.0,82.97,385.0,63.0,0.0,16.0,15.0,4.0,2.0,1.0,7.0,,,,,0.0
20231111880,2023,18,Roosters,Sea Eagles,False,16,18,43.0,1531.0,79.0,27.0,34.0,178.0,1689.0,489.0,4.0,34.0,49.7,254.0,3.35,10.0,400.0,223.0,11.0,24.0,492.0,2.0,40.0,4.0,10.0,5.0,5.0,86.32,404.0,46.0,0.0,18.0,10.0,8.0,2.0,2.0,8.0,,,,,1.0
20231111880,2023,18,Sea Eagles,Roosters,True,18,16,57.0,1949.0,86.0,39.0,45.0,207.0,1664.0,581.0,4.0,46.0,36.99,117.0,3.8,12.0,516.0,297.0,23.0,27.0,827.0,3.0,50.0,8.0,16.0,7.0,4.0,85.63,286.0,34.0,1.0,14.0,10.0,3.0,0.0,0.0,8.0,,,,,0.0
20231111910,2023,19,Sharks,Wests Tigers,False,36,12,52.0,1680.0,82.0,32.0,39.0,193.0,1974.0,577.0,6.0,35.0,50.62,226.0,3.5,6.0,419.0,237.0,15.0,20.0,549.0,1.0,43.0,3.0,7.0,6.0,1.0,88.4,320.0,20.0,1.0,22.0,9.0,7.0,3.0,0.0,7.0,,,,,
20231111910,2023,19,Wests Tigers,Sharks,True,12,36,48.0,1549.0,78.0,30.0,38.0,171.0,1438.0,457.0,2.0,20.0,37.85,107.0,3.52,11.0,409.0,235.0,7.0,20.0,698.0,1.0,64.0,7.0,11.0,1.0,4.0,89.42,372.0,35.0,1.0,9.0,9.0,5.0,2.0,1.0,8.0,,,,,
20231111920,2023,19,Raiders,Dragons,False,36,26,46.0,1515.0,77.0,31.0,40.0,156.0,1504.0,452.0,8.0,34.0,37.6,213.0,4.02,7.0,378.0,206.0,4.0,21.0,561.0,1.0,62.0,8.0,13.0,5.0,5.0,85.85,358.0,44.0,,15.0,11.0,6.0,1.0,,8.0,0.0,,,,1.0
20231111920,2023,19,Dragons,Raiders,True,26,36,54.0,1763.0,82.0,33.0,40.0,213.0,1810.0,518.0,9.0,44.0,45.25,143.0,3.44,10.0,450.0,259.0,19.0,21.0,524.0,1.0,50.0,6.0,12.0,8.0,3.0,88.16,335.0,34.0,,11.0,8.0,5.0,2.0,,8.0,1.0,,,,0.0
20231111930,2023,19,Warriors,Eels,False,46,10,56.0,1870.0,73.0,31.0,42.0,201.0,1984.0,635.0,12.0,38.0,47.26,192.0,3.47,8.0,458.0,255.0,32.0,18.0,520.0,2.0,75.0,6.0,8.0,6.0,3.0,87.23,328.0,37.0,1.0,11.0,16.0,4.0,1.0,0.0,8.0,,,,,1.0
20231111930,2023,19,Eels,Warriors,True,10,46,44.0,1418.0,69.0,25.0,36.0,159.0,1448.0,485.0,3.0,37.0,40.24,100.0,3.68,6.0,360.0,190.0,20.0,18.0,446.0,1.0,58.0,7.0,12.0,2.0,4.0,86.7,339.0,38.0,0.0,14.0,12.0,5.0,2.0,3.0,8.0,,,,,0.0
20231111940,2023,19,Bulldogs,Rabbitohs,False,36,32,51.0,1552.0,72.0,29.0,40.0,184.0,1802.0,497.0,9.0,40.0,45.07,189.0,3.93,17.0,374.0,198.0,11.0,15.0,385.0,0.0,75.0,3.0,4.0,5.0,2.0,88.17,328.0,35.0,0.0,9.0,12.0,3.0,0.0,0.0,8.0,1.0,0.0,,,2.0
20231111940,2023,19,Rabbitohs,Bulldogs,True,32,36,49.0,1447.0,71.0,28.0,39.0,163.0,1635.0,477.0,8.0,35.0,41.94,162.0,3.29,5.0,388.0,215.0,14.0,18.0,495.0,3.0,44.0,4.0,9.0,4.0,5.0,81.32,296.0,40.0,1.0,28.0,12.0,6.0,2.0,1.0,7.0,0.0,1.0,,,1.0
20231111950,2023,19,Dolphins,Titans,False,23,21,52.0,1854.0,86.0,37.0,43.0,214.0,1973.0,673.0,7.0,43.0,45.9,166.0,3.17,13.0,455.0,243.0,0.0,23.0,752.0,1.0,75.0,6.0,8.0,6.0,4.0,83.9,323.0,35.0,,27.0,8.0,6.0,,,9.0,0.0,,,,1.0
20231111950,2023,19,Titans,Dolphins,True,21,23,48.0,1698.0,87.0,35.0,40.0,197.0,1894.0,540.0,8.0,35.0,47.35,303.0,3.52,17.0,434.0,228.0,19.0,25.0,684.0,1.0,88.0,7.0,8.0,2.0,6.0,86.65,422.0,43.0,,22.0,9.0,5.0,,,9.0,2.0,,,,2.0
20231112010,2023,20,Wests Tigers,Knights,False,18,34,45.0,1405.0,63.0,24.0,38.0,153.0,1448.0,471.0,3.0,24.0,38.11,117.0,3.48,7.0,358.0,205.0,20.0,19.0,463.0,1.0,58.0,7.0,12.0,9.0,3.0,86.39,349.0,47.0,,8.0,15.0,8.0,1.0,0.0,8.0,,0.0,,,
20231112010,2023,20,Knights,Wests Tigers,True,34,18,55.0,1680.0,80.0,37.0,46.0,211.0,1834.0,616.0,10.0,47.0,39.89,144.0,3.89,6.0,433.0,246.0,5.0,23.0,512.0,3.0,57.0,8.0,14.0,4.0,7.0,87.88,290.0,24.0,,16.0,10.0,5.0,1.0,1.0,8.0,,1.0,,,
20231112020,2023,20,Broncos,Bulldogs,False,44,24,52.0,1602.0,84.0,33.0,39.0,184.0,1749.0,595.0,7.0,29.0,44.85,171.0,3.38,11.0,418.0,222.0,14.0,22.0,521.0,1.0,92.0,11.0,12.0,5.0,6.0,81.18,276.0,38.0,1.0,26.0,6.0,6.0,1.0,1.0,8.0,,1.0,,,
20231112020,2023,20,Bulldogs,Broncos,True,24,44,48.0,1545.0,80.0,29.0,36.0,180.0,1644.0,496.0,4.0,38.0,45.68,113.0,3.38,14.0,389.0,217.0,1.0,18.0,493.0,2.0,53.0,8.0,15.0,3.0,4.0,88.7,369.0,29.0,1.0,18.0,9.0,4.0,1.0,0.0,7.0,,0.0,,,
20231112030,2023,20,Cowboys,Sea Eagles,False,19,8,52.0,1838.0,71.0,33.0,46.0,204.0,2088.0,664.0,4.0,36.0,45.41,175.0,3.75,11.0,462.0,254.0,35.0,18.0,486.0,2.0,45.0,5.0,11.0,5.0,2.0,86.9,345.0,31.0,1.0,21.0,13.0,7.0,3.0,0.0,8.0,0.0,,0.0,,0.0
20231112030,2023,20,Sea Eagles,Cowboys,True,8,19,48.0,1680.0,78.0,32.0,41.0,180.0,1630.0,580.0,3.0,31.0,39.76,105.0,3.57,11.0,468.0,271.0,6.0,24.0,757.0,0.0,44.0,4.0,9.0,2.0,4.0,86.85,350.0,36.0,0.0,17.0,11.0,1.0,6.0,1.0,7.0,1.0,,1.0,,1.0
20231112040,2023,20,Storm,Roosters,False,30,16,53.0,1772.0,81.0,36.0,44.0,195.0,1667.0,492.0,3.0,54.0,37.89,164.0,3.97,12.0,437.0,250.0,31.0,20.0,572.0,1.0,38.0,3.0,8.0,3.0,4.0,85.88,298.0,36.0,1.0,13.0,5.0,10.0,1.0,0.0,8.0,1.0,,,,1.0
20231112040,2023,20,Roosters,Storm,True,16,30,47.0,1510.0,74.0,26.0,35.0,183.0,1727.0,478.0,8.0,36.0,49.36,126.0,3.52,10.0,405.0,240.0,22.0,19.0,372.0,1.0,71.0,5.0,7.0,4.0,3.0,79.8,324.0,54.0,0.0,28.0,14.0,8.0,3.0,2.0,8.0,0.0,,,,0.0
20231112050,2023,20,Sharks,Warriors,False,12,44,45.0,1408.0,76.0,29.0,38.0,160.0,1376.0,408.0,4.0,43.0,36.22,171.0,3.23,2.0,385.0,224.0,13.0,21.0,525.0,2.0,70.0,7.0,10.0,5.0,4.0,88.24,375.0,38.0,,12.0,11.0,7.0,2.0,1.0,8.0,,1.0,0.0,,0.0
20231112050,2023,20,Warriors,Sharks,True,44,12,55.0,1732.0,90.0,40.0,44.0,200.0,1671.0,448.0,9.0,38.0,37.98,187.0,3.34,7.0,450.0,249.0,8.0,22.0,665.0,1.0,55.0,6.0,11.0,5.0,4.0,85.5,283.0,43.0,,5.0,6.0,5.0,2.0,1.0,8.0,,0.0,1.0,,1.0
20231112060,2023,20,Panthers,Dolphins,False,24,14,49.0,1694.0,76.0,30.0,39.0,215.0,1901.0,467.0,5.0,36.0,48.75,197.0,3.1,17.0,457.0,249.0,2.0,21.0,531.0,0.0,50.0,4.0,8.0,7.0,5.0,87.65,355.0,43.0,0.0,7.0,11.0,6.0,2.0,0.0,8.0,1.0,1.0,,,2.0
20231112060,2023,20,Dolphins,Panthers,True,14,24,51.0,1731.0,81.0,35.0,43.0,206.0,1704.0,473.0,7.0,43.0,39.64,147.0,3.32,6.0,472.0,278.0,17.0,24.0,739.0,1.0,43.0,6.0,14.0,7.0,4.0,85.78,350.0,36.0,1.0,22.0,8.0,3.0,1.0,2.0,8.0,0.0,0.0,,,0.0
20231112070,2023,20,Titans,Eels,False,24,25,47.0,1405.0,75.0,31.0,41.0,151.0,1465.0,418.0,9.0,32.0,35.75,168.0,3.68,6.0,363.0,199.0,8.0,16.0,492.0,2.0,70.0,7.0,10.0,5.0,2.0,83.65,312.0,35.0,0.0,26.0,13.0,6.0,3.0,0.0,6.0,1.0,0.0,,,1.0
20231112070,2023,20,Eels,Titans,True,25,24,53.0,1562.0,79.0,31.0,39.0,179.0,1572.0,503.0,4.0,35.0,40.32,161.0,3.81,14.0,401.0,223.0,13.0,16.0,414.0,0.0,43.0,3.0,7.0,5.0,3.0,86.83,277.0,32.0,1.0,10.0,9.0,8.0,2.0,2.0,7.0,0.0,2.0,,,1.0
20231112110,2023,21,Wests Tigers,Dragons,False,14,18,53.0,1837.0,77.0,31.0,40.0,218.0,1922.0,605.0,6.0,22.0,48.07,219.0,3.27,16.0,487.0,279.0,6.0,23.0,549.0,3.0,75.0,9.0,12.0,6.0,6.0,89.59,353.0,28.0,1.0,13.0,9.0,6.0,1.0,0.0,8.0,,0.0,,,
20231112110,2023,21,Dragons,Wests Tigers,True,18,14,47.0,1651.0,73.0,28.0,38.0,197.0,1572.0,538.0,2.0,28.0,41.38,106.0,3.47,7.0,428.0,237.0,18.0,21.0,696.0,1.0,59.0,10.0,17.0,7.0,2.0,89.26,374.0,22.0,0.0,23.0,11.0,5.0,0.0,2.0,8.0,,1.0,,,
20231112120,2023,21,Raiders,Warriors,False,20,21,54.0,1759.0,80.0,36.0,45.0,189.0,1743.0,590.0,5.0,37.0,38.75,169.0,3.56,7.0,429.0,222.0,14.0,26.0,652.0,4.0,83.0,5.0,6.0,6.0,6.0,92.95,343.0,21.0,,5.0,11.0,5.0,3.0,,6.0,1.0,,,,3.0
20231112120,2023,21,Warriors,Raiders,True,21,20,46.0,1510.0,77.0,31.0,40.0,166.0,1570.0,557.0,5.0,21.0,39.26,101.0,3.42,3.0,383.0,213.0,12.0,18.0,696.0,2.0,62.0,15.0,24.0,4.0,2.0,90.09,418.0,37.0,,9.0,11.0,4.0,3.0,,8.0,1.0,,,,1.0
20231112130,2023,21,Broncos,Rabbitohs,False,36,20,51.0,1491.0,65.0,27.0,41.0,174.0,1658.0,421.0,8.0,35.0,40.46,102.0,3.69,11.0,377.0,206.0,33.0,14.0,482.0,0.0,86.0,6.0,7.0,3.0,2.0,87.2,286.0,20.0,,22.0,14.0,8.0,4.0,2.0,8.0,,2.0,,,1.0
20231112130,2023,21,Rabbitohs,Broncos,True,20,36,49.0,1438.0,66.0,28.0,42.0,164.0,1412.0,405.0,6.0,20.0,33.62,152.0,3.73,11.0,377.0,219.0,7.0,12.0,336.0,2.0,71.0,5.0,7.0,3.0,2.0,83.29,299.0,35.0,,25.0,15.0,3.0,3.0,0.0,8.0,,0.0,,,1.0
20231112140,2023,21,Roosters,Titans,False,36,18,50.0,1656.0,80.0,29.0,36.0,174.0,1824.0,573.0,8.0,35.0,50.69,240.0,3.59,14.0,392.0,210.0,25.0,20.0,461.0,2.0,67.0,4.0,6.0,5.0,4.0,86.81,375.0,34.0,,23.0,9.0,7.0,5.0,1.0,7.0,,,,,1.0
20231112140,2023,21,Titans,Roosters,True,18,36,50.0,1674.0,82.0,34.0,41.0,188.0,1644.0,525.0,5.0,34.0,40.1,115.0,3.78,12.0,414.0,233.0,14.0,16.0,529.0,0.0,25.0,4.0,16.0,2.0,2.0,85.01,312.0,35.0,,20.0,7.0,7.0,0.0,0.0,8.0,,,,,1.0
20231112150,2023,21,Storm,Knights,False,18,26,48.0,1495.0,80.0,33.0,41.0,169.0,1534.0,477.0,4.0,36.0,37.42,89.0,3.51,8.0,405.0,234.0,25.0,19.0,470.0,3.0,69.0,9.0,13.0,3.0,5.0,83.2,307.0,45.0,1.0,17.0,9.0,7.0,1.0,2.0,7.0,,1.0,0.0,,0.0
20231112150,2023,21,Knights,Storm,True,26,18,52.0,1600.0,76.0,30.0,39.0,180.0,1561.0,449.0,8.0,45.0,40.05,147.0,3.79,9.0,420.0,244.0,18.0,18.0,365.0,2.0,67.0,6.0,9.0,3.0,5.0,85.44,317.0,36.0,0.0,18.0,11.0,6.0,3.0,1.0,7.0,,0.0,1.0,,1.0
20231112160,2023,21,Eels,Cowboys,False,16,24,50.0,1544.0,71.0,28.0,39.0,191.0,1672.0,491.0,4.0,37.0,42.88,141.0,3.7,32.0,439.0,246.0,17.0,14.0,360.0,0.0,75.0,6.0,8.0,4.0,5.0,86.52,321.0,41.0,,9.0,12.0,8.0,3.0,2.0,8.0,,0.0,,,0.0
20231112160,2023,21,Cowboys,Eels,True,24,16,50.0,1549.0,83.0,35.0,42.0,180.0,1557.0,506.0,8.0,41.0,37.07,150.0,3.65,6.0,393.0,210.0,24.0,20.0,614.0,1.0,60.0,6.0,10.0,2.0,4.0,78.22,316.0,37.0,,51.0,10.0,4.0,3.0,0.0,8.0,,1.0,,,2.0
20231112170,2023,21,Bulldogs,Panthers,False,18,44,52.0,1560.0,78.0,29.0,37.0,181.0,1414.0,446.0,5.0,39.0,38.22,116.0,3.56,10.0,405.0,239.0,21.0,17.0,508.0,1.0,50.0,3.0,6.0,7.0,3.0,84.06,327.0,52.0,,10.0,6.0,10.0,1.0,2.0,7.0,,,,,1.0
20231112170,2023,21,Panthers,Bulldogs,True,44,18,48.0,1464.0,80.0,33.0,41.0,166.0,1603.0,543.0,9.0,52.0,39.12,224.0,3.41,8.0,378.0,210.0,14.0,17.0,538.0,2.0,75.0,9.0,12.0,2.0,3.0,84.2,309.0,39.0,,19.0,8.0,9.0,1.0,1.0,7.0,,,,,2.0
20231112180,2023,21,Sea Eagles,Sharks,False,30,26,50.0,1562.0,82.0,34.0,41.0,178.0,1706.0,557.0,8.0,26.0,41.61,97.0,3.4,12.0,420.0,236.0,13.0,17.0,462.0,,73.0,8.0,11.0,3.0,2.0,89.74,315.0,24.0,,12.0,11.0,11.0,4.0,0.0,8.0,1.0,,1.0,,0.0
20231112180,2023,21,Sharks,Sea Eagles,True,26,30,50.0,1534.0,82.0,38.0,46.0,190.0,1682.0,482.0,7.0,24.0,36.58,150.0,3.28,9.0,444.0,262.0,15.0,18.0,451.0,,44.0,4.0,9.0,5.0,3.0,88.56,356.0,26.0,,20.0,10.0,9.0,1.0,1.0,8.0,0.0,,0.0,,1.0
20231112210,2023,22,Roosters,Broncos,False,10,32,47.0,1493.0,66.0,26.0,39.0,186.0,1468.0,442.0,1.0,20.0,37.65,160.0,3.51,14.0,384.0,216.0,19.0,18.0,432.0,1.0,54.0,7.0,13.0,4.0,4.0,84.33,339.0,44.0,1.0,19.0,13.0,8.0,1.0,,6.0,,,,,3.0
20231112210,2023,22,Broncos,Roosters,True,32,10,53.0,1628.0,82.0,37.0,45.0,175.0,1527.0,468.0,5.0,44.0,33.94,211.0,3.86,12.0,396.0,213.0,25.0,24.0,664.0,1.0,60.0,6.0,10.0,4.0,7.0,86.46,281.0,20.0,0.0,24.0,11.0,7.0,1.0,,7.0,,,,,0.0
20231112220,2023,22,Rabbitohs,Wests Tigers,False,32,18,56.0,1749.0,80.0,36.0,45.0,197.0,1749.0,428.0,8.0,33.0,38.87,207.0,3.93,10.0,434.0,237.0,10.0,21.0,705.0,4.0,58.0,7.0,12.0,3.0,6.0,83.07,260.0,38.0,1.0,15.0,9.0,3.0,2.0,1.0,8.0,0.0,,,,
20231112220,2023,22,Wests Tigers,Rabbitohs,True,18,32,44.0,1357.0,69.0,25.0,36.0,154.0,1324.0,339.0,7.0,38.0,36.8,126.0,3.21,9.0,364.0,199.0,11.0,21.0,534.0,0.0,78.0,7.0,9.0,2.0,7.0,88.21,359.0,33.0,0.0,15.0,12.0,6.0,3.0,1.0,8.0,1.0,,,,
20231112230,2023,22,Eels,Storm,False,16,46,50.0,1605.0,74.0,29.0,39.0,179.0,1521.0,363.0,6.0,26.0,39.01,175.0,3.7,14.0,399.0,222.0,30.0,14.0,407.0,1.0,57.0,4.0,7.0,2.0,4.0,85.78,362.0,43.0,,17.0,11.0,3.0,4.0,,7.0,,,,,0.0
20231112230,2023,22,Storm,Eels,True,46,16,50.0,1652.0,86.0,33.0,38.0,209.0,1760.0,452.0,11.0,43.0,46.32,158.0,3.37,14.0,415.0,225.0,8.0,20.0,617.0,0.0,50.0,3.0,6.0,2.0,2.0,85.82,339.0,26.0,,30.0,6.0,4.0,6.0,,8.0,,,,,1.0
20231112240,2023,22,Knights,Raiders,False,28,6,51.0,1661.0,71.0,28.0,39.0,189.0,1922.0,564.0,6.0,42.0,49.31,250.0,3.37,5.0,443.0,257.0,10.0,19.0,498.0,3.0,71.0,5.0,7.0,8.0,3.0,90.57,336.0,28.0,1.0,7.0,14.0,4.0,4.0,0.0,8.0,1.0,,,,2.0
20231112240,2023,22,Raiders,Knights,True,6,28,49.0,1549.0,72.0,29.0,40.0,157.0,1373.0,451.0,4.0,28.0,34.35,89.0,3.47,5.0,405.0,238.0,18.0,17.0,443.0,0.0,92.0,11.0,12.0,5.0,2.0,87.25,349.0,42.0,0.0,9.0,16.0,5.0,1.0,1.0,7.0,0.0,,,,0.0
20231112250,2023,22,Sea Eagles,Dragons,False,24,18,39.0,1298.0,68.0,26.0,38.0,139.0,1440.0,489.0,7.0,28.0,37.89,128.0,3.8,5.0,346.0,197.0,5.0,14.0,558.0,0.0,62.0,8.0,13.0,4.0,0.0,89.93,366.0,26.0,,15.0,12.0,5.0,2.0,0.0,7.0,0.0,0.0,,,3.0
20231112250,2023,22,Dragons,Sea Eagles,True,18,24,61.0,1987.0,81.0,35.0,43.0,201.0,1870.0,602.0,5.0,26.0,43.5,217.0,3.29,11.0,510.0,288.0,28.0,25.0,513.0,2.0,80.0,4.0,5.0,8.0,5.0,90.06,299.0,28.0,,5.0,7.0,9.0,1.0,1.0,7.0,1.0,1.0,,,0.0
20231112260,2023,22,Sharks,Panthers,False,0,28,40.0,1381.0,66.0,24.0,36.0,163.0,1330.0,425.0,3.0,27.0,36.95,108.0,3.54,9.0,377.0,210.0,11.0,18.0,484.0,0.0,75.0,9.0,12.0,3.0,2.0,86.97,407.0,44.0,,17.0,13.0,6.0,5.0,1.0,8.0,,0.0,0.0,,
20231112260,2023,22,Panthers,Sharks,True,28,0,60.0,2029.0,87.0,47.0,54.0,251.0,1920.0,627.0,4.0,44.0,35.56,208.0,3.54,11.0,550.0,316.0,20.0,30.0,874.0,4.0,89.0,8.0,9.0,2.0,9.0,88.01,301.0,27.0,,14.0,7.0,3.0,4.0,1.0,7.0,,1.0,2.0,,
20231112270,2023,22,Dolphins,Bulldogs,False,22,23,51.0,1503.0,76.0,29.0,38.0,173.0,1700.0,556.0,7.0,49.0,44.74,123.0,3.43,13.0,399.0,225.0,8.0,15.0,448.0,1.0,56.0,5.0,9.0,3.0,3.0,88.66,305.0,28.0,1.0,11.0,9.0,7.0,2.0,0.0,8.0,,,,,
20231112270,2023,22,Bulldogs,Dolphins,True,23,22,49.0,1460.0,67.0,27.0,40.0,171.0,1658.0,460.0,8.0,28.0,41.47,197.0,3.06,7.0,371.0,206.0,26.0,16.0,492.0,2.0,67.0,4.0,6.0,5.0,3.0,82.4,323.0,49.0,0.0,20.0,12.0,9.0,1.0,1.0,8.0,,,,,
20231112280,2023,22,Cowboys,Titans,False,13,22,46.0,1583.0,78.0,30.0,38.0,172.0,1510.0,523.0,1.0,26.0,39.74,83.0,3.56,7.0,388.0,207.0,24.0,19.0,540.0,0.0,62.0,8.0,13.0,6.0,3.0,85.06,336.0,47.0,1.0,12.0,9.0,9.0,2.0,3.0,7.0,1.0,1.0,0.0,,0.0
20231112280,2023,22,Titans,Cowboys,True,22,13,54.0,1777.0,82.0,39.0,47.0,187.0,1838.0,550.0,6.0,47.0,39.12,201.0,3.73,10.0,449.0,254.0,17.0,26.0,605.0,5.0,73.0,8.0,11.0,6.0,8.0,89.66,321.0,26.0,0.0,11.0,12.0,6.0,1.0,0.0,8.0,0.0,0.0,1.0,,1.0
20231112310,2023,23,Sea Eagles,Roosters,False,16,26,53.0,1676.0,88.0,40.0,45.0,169.0,1315.0,390.0,3.0,34.0,29.22,105.0,3.83,9.0,435.0,266.0,42.0,22.0,622.0,2.0,42.0,5.0,12.0,2.0,5.0,84.08,280.0,34.0,,19.0,9.0,6.0,5.0,0.0,7.0,1.0,1.0,0.0,0.0,1.0
20231112310,2023,23,Roosters,Sea Eagles,True,26,16,47.0,1517.0,75.0,31.0,41.0,171.0,1512.0,379.0,6.0,34.0,36.89,173.0,3.22,12.0,385.0,222.0,16.0,18.0,346.0,2.0,36.0,4.0,11.0,2.0,6.0,87.53,323.0,34.0,,12.0,11.0,15.0,4.0,1.0,5.0,0.0,0.0,1.0,1.0,3.0
20231112320,2023,23,Warriors,Titans,False,28,18,54.0,1725.0,71.0,30.0,42.0,196.0,1849.0,569.0,7.0,41.0,44.04,168.0,3.7,9.0,432.0,246.0,13.0,14.0,375.0,2.0,62.0,8.0,13.0,4.0,2.0,86.3,296.0,35.0,0.0,12.0,12.0,5.0,1.0,1.0,7.0,,1.0,,0.0,0.0
20231112320,2023,23,Titans,Warriors,True,18,28,46.0,1453.0,86.0,31.0,36.0,159.0,1454.0,416.0,4.0,35.0,40.39,74.0,3.71,7.0,357.0,184.0,10.0,22.0,587.0,2.0,64.0,7.0,11.0,5.0,4.0,85.4,345.0,41.0,1.0,18.0,7.0,6.0,2.0,1.0,8.0,,0.0,,1.0,1.0
20231112330,2023,23,Storm,Panthers,False,6,26,44.0,1388.0,71.0,25.0,35.0,164.0,1412.0,492.0,4.0,23.0,40.36,116.0,3.34,13.0,387.0,213.0,26.0,17.0,532.0,1.0,89.0,8.0,9.0,5.0,3.0,90.05,380.0,30.0,0.0,12.0,12.0,9.0,3.0,1.0,8.0,,,,,1.0
20231112330,2023,23,Panthers,Storm,True,26,6,56.0,1824.0,85.0,40.0,47.0,219.0,1914.0,661.0,6.0,30.0,40.74,140.0,3.48,9.0,494.0,289.0,17.0,21.0,559.0,2.0,90.0,9.0,10.0,1.0,6.0,88.01,323.0,23.0,1.0,21.0,8.0,6.0,3.0,1.0,7.0,,,,,1.0
20231112340,2023,23,Broncos,Cowboys,False,30,14,47.0,1582.0,67.0,29.0,43.0,194.0,2093.0,589.0,9.0,47.0,48.67,211.0,3.2,16.0,405.0,216.0,12.0,14.0,514.0,2.0,42.0,5.0,12.0,3.0,2.0,87.41,361.0,36.0,2.0,16.0,15.0,7.0,1.0,0.0,8.0,,,,,
20231112340,2023,23,Cowboys,Broncos,True,14,30,53.0,1805.0,78.0,32.0,41.0,225.0,1917.0,604.0,6.0,36.0,46.78,113.0,3.49,11.0,480.0,278.0,14.0,22.0,642.0,1.0,100.0,4.0,4.0,8.0,1.0,81.89,321.0,47.0,0.0,24.0,12.0,2.0,2.0,1.0,7.0,,,,,
20231112350,2023,23,Knights,Dolphins,False,30,28,46.0,1394.0,75.0,27.0,36.0,156.0,1671.0,542.0,9.0,52.0,46.42,188.0,3.28,9.0,366.0,208.0,17.0,16.0,370.0,0.0,56.0,5.0,9.0,6.0,2.0,87.41,347.0,31.0,,19.0,11.0,6.0,0.0,2.0,8.0,1.0,1.0,,,0.0
20231112350,2023,23,Dolphins,Knights,True,28,30,54.0,1616.0,80.0,29.0,36.0,186.0,1783.0,564.0,6.0,31.0,49.53,129.0,3.35,8.0,412.0,230.0,32.0,19.0,566.0,1.0,67.0,8.0,12.0,7.0,1.0,82.67,291.0,52.0,,9.0,7.0,7.0,1.0,1.0,8.0,1.0,0.0,,,1.0
20231112360,2023,23,Sharks,Rabbitohs,False,26,16,53.0,1736.0,80.0,37.0,46.0,197.0,1841.0,564.0,5.0,44.0,40.03,168.0,3.53,17.0,451.0,251.0,23.0,21.0,507.0,1.0,75.0,6.0,8.0,3.0,7.0,82.69,301.0,44.0,1.0,19.0,9.0,4.0,3.0,1.0,8.0,,0.0,,,0.0
20231112360,2023,23,Rabbitohs,Sharks,True,16,26,47.0,1529.0,66.0,26.0,39.0,187.0,1812.0,561.0,5.0,44.0,46.47,204.0,3.59,9.0,421.0,239.0,24.0,19.0,487.0,2.0,88.0,7.0,8.0,6.0,1.0,84.13,350.0,44.0,1.0,22.0,15.0,11.0,2.0,1.0,7.0,,1.0,,,1.0
20231112370,2023,23,Dragons,Eels,False,20,26,50.0,1796.0,72.0,27.0,37.0,188.0,1552.0,408.0,7.0,34.0,41.96,167.0,3.6,12.0,434.0,238.0,9.0,20.0,621.0,,100.0,7.0,7.0,7.0,3.0,85.75,379.0,39.0,1.0,24.0,12.0,6.0,1.0,3.0,8.0,1.0,,,,1.0
20231112370,2023,23,Eels,Dragons,True,26,20,50.0,1732.0,83.0,35.0,42.0,207.0,1636.0,425.0,5.0,39.0,38.96,190.0,3.4,11.0,458.0,256.0,15.0,19.0,663.0,,67.0,6.0,9.0,3.0,3.0,87.32,358.0,34.0,1.0,18.0,7.0,2.0,3.0,0.0,7.0,1.0,,,,0.0
20231112380,2023,23,Wests Tigers,Raiders,False,18,22,51.0,1583.0,77.0,31.0,40.0,180.0,1760.0,501.0,1.0,29.0,44.01,155.0,3.48,8.0,426.0,246.0,25.0,28.0,546.0,5.0,44.0,4.0,9.0,9.0,8.0,83.19,297.0,48.0,2.0,12.0,9.0,9.0,1.0,0.0,7.0,1.0,,,,1.0
20231112380,2023,23,Raiders,Wests Tigers,True,22,18,49.0,1500.0,65.0,26.0,40.0,167.0,1708.0,520.0,8.0,48.0,42.72,144.0,3.29,7.0,374.0,213.0,12.0,17.0,463.0,1.0,83.0,15.0,18.0,6.0,2.0,87.92,313.0,29.0,0.0,14.0,14.0,7.0,0.0,2.0,6.0,2.0,,,,0.0
20231112410,2023,24,Panthers,Sea Eagles,False,24,12,53.0,1857.0,84.0,38.0,45.0,217.0,2083.0,520.0,3.0,39.0,46.29,204.0,3.46,7.0,482.0,270.0,30.0,23.0,755.0,1.0,55.0,6.0,11.0,4.0,3.0,85.37,321.0,41.0,1.0,14.0,10.0,4.0,4.0,0.0,7.0,,,,,
20231112410,2023,24,Sea Eagles,Panthers,True,12,24,47.0,1723.0,78.0,32.0,41.0,161.0,1538.0,490.0,5.0,41.0,37.52,171.0,3.59,8.0,428.0,250.0,7.0,24.0,810.0,1.0,38.0,5.0,13.0,3.0,3.0,87.79,345.0,39.0,1.0,9.0,12.0,6.0,3.0,1.0,8.0,,,,,
20231112420,2023,24,Titans,Sharks,False,6,36,49.0,1656.0,90.0,37.0,41.0,175.0,1584.0,579.0,2.0,36.0,38.63,117.0,3.47,8.0,426.0,231.0,7.0,26.0,776.0,1.0,77.0,10.0,13.0,7.0,1.0,83.57,351.0,58.0,,11.0,6.0,5.0,1.0,2.0,7.0,,1.0,,,
20231112420,2023,24,Sharks,Titans,True,36,6,51.0,1737.0,83.0,36.0,43.0,220.0,2114.0,642.0,9.0,58.0,49.17,265.0,3.33,10.0,470.0,265.0,47.0,22.0,586.0,1.0,85.0,11.0,13.0,5.0,3.0,86.17,349.0,36.0,,20.0,7.0,6.0,5.0,1.0,7.0,,0.0,,,
20231112430,2023,24,Eels,Broncos,False,10,54,43.0,1231.0,74.0,23.0,31.0,140.0,1189.0,292.0,3.0,24.0,38.38,134.0,3.6,11.0,320.0,182.0,22.0,14.0,383.0,1.0,20.0,1.0,5.0,3.0,4.0,83.29,334.0,46.0,0.0,21.0,11.0,8.0,2.0,2.0,7.0,1.0,,0.0,,2.0
20231112430,2023,24,Broncos,Eels,True,54,10,57.0,1648.0,77.0,37.0,48.0,192.0,1748.0,379.0,12.0,46.0,36.42,154.0,3.39,16.0,411.0,227.0,31.0,18.0,594.0,1.0,56.0,5.0,9.0,1.0,4.0,83.27,209.0,24.0,1.0,18.0,11.0,6.0,1.0,1.0,5.0,1.0,,2.0,,0.0
20231112440,2023,24,Dragons,Rabbitohs,False,14,26,49.0,1484.0,69.0,25.0,36.0,156.0,1388.0,367.0,2.0,23.0,38.58,108.0,3.45,5.0,409.0,236.0,18.0,22.0,676.0,0.0,60.0,3.0,5.0,2.0,5.0,88.16,335.0,32.0,,13.0,11.0,5.0,1.0,1.0,7.0,1.0,,,,0.0
20231112440,2023,24,Rabbitohs,Dragons,True,26,14,51.0,1570.0,63.0,26.0,41.0,185.0,1778.0,453.0,5.0,32.0,43.38,134.0,3.64,9.0,407.0,227.0,4.0,17.0,487.0,2.0,60.0,6.0,10.0,3.0,6.0,91.39,308.0,23.0,,6.0,16.0,3.0,0.0,2.0,7.0,0.0,,,,1.0
20231112450,2023,24,Warriors,Wests Tigers,False,30,22,56.0,1693.0,76.0,36.0,47.0,196.0,1836.0,476.0,6.0,39.0,39.08,162.0,3.82,4.0,439.0,254.0,13.0,14.0,437.0,1.0,60.0,3.0,5.0,3.0,2.0,85.36,274.0,33.0,,14.0,10.0,5.0,1.0,1.0,7.0,,,,,2.0
20231112450,2023,24,Wests Tigers,Warriors,True,22,30,44.0,1334.0,72.0,26.0,36.0,142.0,1380.0,324.0,5.0,33.0,38.34,145.0,3.39,8.0,361.0,202.0,17.0,17.0,544.0,0.0,83.0,5.0,6.0,5.0,2.0,88.29,362.0,39.0,,9.0,15.0,11.0,3.0,3.0,7.0,,,,,1.0
20231112460,2023,24,Dolphins,Roosters,False,14,30,48.0,1556.0,88.0,30.0,34.0,179.0,1595.0,530.0,4.0,34.0,46.92,99.0,3.62,12.0,413.0,233.0,15.0,21.0,611.0,2.0,30.0,3.0,10.0,7.0,4.0,81.86,343.0,57.0,0.0,19.0,9.0,6.0,1.0,3.0,8.0,1.0,1.0,,,1.0
20231112460,2023,24,Roosters,Dolphins,True,30,14,52.0,1680.0,76.0,32.0,42.0,190.0,1855.0,600.0,10.0,57.0,44.17,216.0,3.45,13.0,447.0,254.0,14.0,19.0,552.0,3.0,75.0,6.0,8.0,2.0,4.0,85.5,342.0,34.0,1.0,24.0,11.0,7.0,1.0,1.0,7.0,0.0,0.0,,,0.0
20231112470,2023,24,Raiders,Storm,False,2,48,42.0,1275.0,66.0,22.0,33.0,141.0,1083.0,321.0,0.0,25.0,32.82,58.0,3.23,10.0,320.0,175.0,26.0,16.0,389.0,0.0,50.0,6.0,12.0,5.0,5.0,82.32,340.0,52.0,0.0,21.0,12.0,6.0,3.0,1.0,7.0,1.0,2.0,,,2.0
20231112470,2023,24,Storm,Raiders,True,48,2,58.0,1790.0,78.0,37.0,47.0,217.0,1783.0,439.0,10.0,52.0,37.95,125.0,3.6,12.0,450.0,258.0,14.0,17.0,433.0,1.0,86.0,6.0,7.0,6.0,2.0,85.99,264.0,25.0,1.0,18.0,12.0,6.0,2.0,0.0,7.0,0.0,0.0,,,0.0
20231112480,2023,24,Bulldogs,Knights,False,6,42,45.0,1458.0,67.0,23.0,34.0,160.0,1340.0,436.0,1.0,26.0,39.43,107.0,3.52,6.0,376.0,203.0,10.0,19.0,481.0,1.0,36.0,4.0,11.0,5.0,4.0,83.18,361.0,55.0,0.0,18.0,16.0,4.0,4.0,,8.0,,2.0,,,1.0
20231112480,2023,24,Knights,Bulldogs,True,42,6,55.0,1755.0,77.0,37.0,48.0,201.0,1867.0,571.0,7.0,55.0,38.91,155.0,3.64,15.0,465.0,254.0,10.0,20.0,571.0,0.0,73.0,11.0,15.0,5.0,3.0,89.08,310.0,26.0,1.0,12.0,13.0,3.0,1.0,,7.0,,0.0,,,0.0
20231112510,2023,25,Sharks,Cowboys,False,32,12,51.0,1801.0,79.0,31.0,39.0,200.0,1858.0,517.0,4.0,49.0,47.65,160.0,3.2,13.0,434.0,232.0,3.0,21.0,719.0,2.0,75.0,6.0,8.0,4.0,3.0,86.07,346.0,44.0,,12.0,12.0,7.0,3.0,,7.0,,,1.0,,0.0
20231112510,2023,25,Cowboys,Sharks,True,12,32,49.0,1671.0,83.0,35.0,42.0,189.0,1660.0,551.0,3.0,44.0,39.54,153.0,3.47,8.0,435.0,247.0,33.0,18.0,596.0,0.0,75.0,6.0,8.0,5.0,2.0,82.54,331.0,49.0,,21.0,8.0,4.0,0.0,,8.0,,,0.0,,1.0
20231112520,2023,25,Sea Eagles,Warriors,False,22,29,46.0,1431.0,80.0,32.0,40.0,178.0,1317.0,378.0,4.0,31.0,32.94,119.0,3.51,13.0,397.0,227.0,11.0,20.0,572.0,1.0,71.0,5.0,7.0,2.0,4.0,90.62,338.0,26.0,0.0,9.0,9.0,7.0,3.0,0.0,8.0,0.0,,,,3.0
20231112520,2023,25,Warriors,Sea Eagles,True,29,22,54.0,1593.0,80.0,36.0,45.0,182.0,1479.0,388.0,6.0,26.0,32.87,132.0,3.93,4.0,405.0,226.0,7.0,16.0,478.0,1.0,33.0,2.0,6.0,6.0,2.0,84.75,289.0,31.0,1.0,21.0,13.0,7.0,1.0,1.0,6.0,1.0,,,,0.0
20231112530,2023,25,Roosters,Eels,False,34,12,52.0,1713.0,75.0,30.0,40.0,200.0,1941.0,576.0,10.0,52.0,48.53,144.0,3.53,13.0,448.0,248.0,20.0,22.0,553.0,1.0,67.0,6.0,9.0,7.0,5.0,85.68,335.0,24.0,,32.0,15.0,4.0,4.0,0.0,8.0,,,,,
20231112530,2023,25,Eels,Roosters,True,12,34,48.0,1547.0,70.0,29.0,41.0,190.0,1711.0,537.0,4.0,24.0,41.74,128.0,3.36,21.0,428.0,236.0,38.0,15.0,415.0,0.0,46.0,6.0,13.0,5.0,1.0,81.55,327.0,52.0,,22.0,15.0,5.0,1.0,1.0,7.0,,,,,
20231112540,2023,25,Dolphins,Wests Tigers,False,23,24,51.0,1667.0,71.0,28.0,39.0,198.0,1863.0,517.0,4.0,29.0,47.79,139.0,3.19,6.0,451.0,267.0,15.0,17.0,549.0,,70.0,7.0,10.0,6.0,0.0,78.89,314.0,47.0,,37.0,10.0,7.0,0.0,2.0,8.0,0.0,,,,1.0
20231112540,2023,25,Wests Tigers,Dolphins,True,24,23,49.0,1570.0,81.0,30.0,37.0,186.0,1788.0,613.0,6.0,47.0,48.34,174.0,3.09,26.0,395.0,204.0,1.0,17.0,400.0,,80.0,8.0,10.0,5.0,3.0,89.88,373.0,29.0,,13.0,8.0,6.0,2.0,0.0,6.0,1.0,,,,0.0
20231112550,2023,25,Panthers,Titans,False,40,14,53.0,1679.0,80.0,33.0,41.0,180.0,1968.0,569.0,8.0,54.0,48.01,284.0,3.46,5.0,457.0,273.0,17.0,21.0,446.0,1.0,55.0,6.0,11.0,7.0,4.0,83.0,293.0,39.0,,21.0,8.0,8.0,1.0,1.0,8.0,,0.0,,,3.0
20231112550,2023,25,Titans,Panthers,True,14,40,47.0,1478.0,88.0,38.0,43.0,171.0,1413.0,411.0,4.0,39.0,32.86,89.0,3.34,13.0,376.0,197.0,12.0,26.0,836.0,4.0,70.0,14.0,20.0,5.0,7.0,84.42,336.0,54.0,,8.0,9.0,5.0,0.0,1.0,7.0,,1.0,,,1.0
20231112560,2023,25,Storm,Dragons,False,38,28,50.0,1553.0,87.0,36.0,41.0,175.0,1668.0,530.0,5.0,49.0,40.7,232.0,3.67,3.0,392.0,211.0,20.0,19.0,508.0,1.0,56.0,5.0,9.0,5.0,2.0,87.5,336.0,33.0,,15.0,8.0,4.0,4.0,,7.0,1.0,,,,
20231112560,2023,25,Dragons,Storm,True,28,38,50.0,1570.0,74.0,29.0,39.0,175.0,1500.0,495.0,5.0,33.0,38.47,123.0,3.37,11.0,401.0,219.0,32.0,17.0,519.0,2.0,54.0,7.0,13.0,3.0,3.0,85.68,317.0,49.0,,4.0,11.0,4.0,6.0,,8.0,0.0,,,,
20231112570,2023,25,Rabbitohs,Knights,False,10,29,45.0,1447.0,58.0,21.0,36.0,185.0,1585.0,372.0,5.0,42.0,44.03,124.0,3.48,11.0,382.0,223.0,6.0,15.0,329.0,1.0,38.0,3.0,8.0,3.0,3.0,84.43,347.0,48.0,1.0,16.0,14.0,7.0,1.0,2.0,8.0,,1.0,,,1.0
20231112570,2023,25,Knights,Rabbitohs,True,29,10,55.0,1766.0,82.0,34.0,41.0,199.0,1719.0,450.0,10.0,48.0,41.94,138.0,3.48,9.0,452.0,257.0,18.0,21.0,658.0,1.0,75.0,6.0,8.0,4.0,3.0,84.21,304.0,42.0,0.0,15.0,10.0,7.0,0.0,1.0,8.0,,0.0,,,0.0
20231112580,2023,25,Bulldogs,Raiders,False,24,36,45.0,1441.0,72.0,26.0,36.0,170.0,1367.0,369.0,6.0,32.0,37.98,108.0,3.48,11.0,361.0,204.0,14.0,15.0,420.0,0.0,77.0,10.0,13.0,5.0,2.0,84.5,398.0,47.0,,26.0,10.0,6.0,1.0,2.0,8.0,,,,,1.0
20231112580,2023,25,Raiders,Bulldogs,True,36,24,55.0,1696.0,72.0,32.0,44.0,187.0,1587.0,503.0,7.0,47.0,36.07,153.0,3.25,12.0,422.0,230.0,14.0,18.0,426.0,4.0,60.0,6.0,10.0,5.0,6.0,83.91,292.0,32.0,,24.0,14.0,2.0,3.0,0.0,7.0,,,,,2.0
20231112610,2023,26,Eels,Panthers,False,32,18,46.0,1509.0,78.0,29.0,37.0,185.0,1679.0,458.0,7.0,39.0,45.38,181.0,3.57,13.0,405.0,215.0,23.0,21.0,663.0,1.0,73.0,11.0,15.0,9.0,2.0,84.79,340.0,48.0,,13.0,9.0,3.0,2.0,0.0,8.0,,,,,
20231112610,2023,26,Panthers,Eels,True,18,32,54.0,1805.0,83.0,36.0,43.0,205.0,1938.0,530.0,5.0,48.0,45.07,262.0,3.21,12.0,476.0,278.0,16.0,25.0,675.0,4.0,92.0,11.0,12.0,7.0,3.0,84.18,330.0,39.0,,23.0,9.0,4.0,0.0,1.0,8.0,,,,,
20231112620,2023,26,Dragons,Warriors,False,6,18,45.0,1483.0,78.0,30.0,38.0,167.0,1395.0,485.0,1.0,30.0,36.72,78.0,3.63,4.0,408.0,238.0,21.0,25.0,612.0,1.0,82.0,9.0,11.0,4.0,4.0,85.07,376.0,47.0,,19.0,12.0,7.0,2.0,,8.0,2.0,,,,
20231112620,2023,26,Warriors,Dragons,True,18,6,55.0,1877.0,76.0,33.0,43.0,205.0,1867.0,659.0,4.0,47.0,43.44,136.0,3.41,10.0,466.0,249.0,15.0,21.0,535.0,0.0,45.0,5.0,11.0,7.0,4.0,89.81,335.0,30.0,,8.0,11.0,10.0,0.0,,7.0,0.0,,,,
20231112630,2023,26,Cowboys,Dolphins,False,34,10,52.0,1693.0,82.0,33.0,40.0,207.0,2137.0,677.0,8.0,35.0,53.43,149.0,3.14,6.0,447.0,253.0,30.0,20.0,522.0,2.0,70.0,7.0,10.0,11.0,2.0,84.28,311.0,34.0,,24.0,9.0,4.0,,1.0,7.0,0.0,0.0,0.0,,0.0
20231112630,2023,26,Dolphins,Cowboys,True,10,34,48.0,1549.0,63.0,23.0,36.0,173.0,1838.0,574.0,3.0,34.0,51.07,117.0,3.25,17.0,417.0,239.0,5.0,17.0,433.0,1.0,69.0,9.0,13.0,7.0,3.0,88.92,353.0,35.0,,9.0,13.0,4.0,,1.0,8.0,1.0,1.0,1.0,,1.0
20231112640,2023,26,Titans,Storm,False,16,37,51.0,1575.0,84.0,32.0,38.0,176.0,1576.0,568.0,7.0,36.0,41.48,122.0,4.06,18.0,392.0,223.0,13.0,16.0,447.0,3.0,73.0,8.0,11.0,4.0,4.0,83.06,299.0,43.0,1.0,18.0,6.0,9.0,2.0,1.0,6.0,1.0,,,,1.0
20231112640,2023,26,Storm,Titans,True,37,16,49.0,1503.0,81.0,30.0,37.0,197.0,1876.0,615.0,8.0,43.0,50.71,201.0,3.51,11.0,395.0,224.0,10.0,15.0,406.0,1.0,100.0,7.0,7.0,7.0,4.0,82.32,298.0,36.0,0.0,28.0,9.0,7.0,3.0,1.0,8.0,0.0,,,,1.0
20231112650,2023,26,Wests Tigers,Roosters,False,8,32,50.0,1596.0,73.0,30.0,41.0,178.0,1370.0,516.0,3.0,31.0,33.42,92.0,3.14,5.0,433.0,252.0,21.0,20.0,566.0,2.0,83.0,10.0,12.0,2.0,5.0,86.84,330.0,38.0,,12.0,15.0,5.0,1.0,2.0,8.0,1.0,0.0,,,0.0
20231112650,2023,26,Roosters,Wests Tigers,True,32,8,50.0,1620.0,72.0,31.0,43.0,187.0,1848.0,611.0,8.0,38.0,43.0,181.0,3.19,10.0,434.0,243.0,14.0,18.0,460.0,3.0,80.0,8.0,10.0,6.0,4.0,89.09,351.0,31.0,,12.0,12.0,9.0,2.0,1.0,6.0,3.0,1.0,,,1.0
20231112660,2023,26,Broncos,Raiders,False,29,18,55.0,1567.0,72.0,31.0,43.0,174.0,1770.0,613.0,9.0,40.0,41.17,309.0,3.71,9.0,372.0,207.0,13.0,13.0,273.0,2.0,80.0,4.0,5.0,6.0,4.0,83.77,253.0,36.0,,13.0,13.0,4.0,3.0,0.0,7.0,0.0,0.0,,,
20231112660,2023,26,Raiders,Broncos,True,18,29,45.0,1246.0,78.0,26.0,33.0,142.0,1241.0,479.0,4.0,36.0,37.62,70.0,3.14,11.0,318.0,158.0,9.0,18.0,600.0,2.0,70.0,7.0,10.0,0.0,4.0,84.99,334.0,40.0,,19.0,9.0,7.0,4.0,1.0,7.0,1.0,1.0,,,
20231112670,2023,26,Sea Eagles,Bulldogs,False,42,24,53.0,1623.0,79.0,34.0,43.0,163.0,1795.0,538.0,12.0,44.0,41.74,216.0,3.78,4.0,420.0,239.0,18.0,23.0,703.0,2.0,57.0,8.0,14.0,5.0,3.0,82.49,245.0,27.0,1.0,25.0,10.0,6.0,1.0,,8.0,,,1.0,,2.0
20231112670,2023,26,Bulldogs,Sea Eagles,True,24,42,47.0,1465.0,76.0,30.0,39.0,170.0,1688.0,420.0,5.0,27.0,43.28,151.0,3.37,12.0,371.0,210.0,12.0,19.0,535.0,1.0,33.0,2.0,6.0,6.0,3.0,86.27,308.0,44.0,0.0,5.0,10.0,5.0,1.0,,7.0,,,0.0,,0.0
20231112680,2023,26,Sharks,Knights,False,6,32,41.0,1408.0,66.0,22.0,33.0,171.0,1504.0,545.0,2.0,28.0,45.6,98.0,2.97,5.0,372.0,194.0,18.0,20.0,547.0,0.0,71.0,15.0,21.0,6.0,3.0,85.3,441.0,61.0,,15.0,14.0,8.0,,1.0,8.0,,,,,1.0
20231112680,2023,26,Knights,Sharks,True,32,6,59.0,2011.0,85.0,42.0,49.0,225.0,2021.0,723.0,9.0,61.0,41.25,288.0,3.58,9.0,520.0,291.0,7.0,28.0,684.0,3.0,38.0,3.0,8.0,10.0,5.0,89.69,322.0,28.0,,9.0,7.0,3.0,,0.0,8.0,,,,,0.0
20231112710,2023,27,Storm,Broncos,False,32,22,52.0,1695.0,85.0,34.0,40.0,182.0,1761.0,564.0,6.0,42.0,44.05,162.0,3.4,6.0,392.0,203.0,17.0,20.0,554.0,1.0,89.0,8.0,9.0,6.0,3.0,87.31,337.0,32.0,1.0,17.0,6.0,5.0,1.0,0.0,8.0,2.0,1.0,,,1.0
20231112710,2023,27,Broncos,Storm,True,22,32,48.0,1483.0,72.0,26.0,36.0,172.0,1657.0,590.0,5.0,32.0,46.04,271.0,3.13,10.0,386.0,209.0,22.0,18.0,591.0,3.0,80.0,8.0,10.0,6.0,2.0,86.05,327.0,42.0,0.0,11.0,10.0,4.0,4.0,3.0,8.0,0.0,0.0,,,0.0
20231112720,2023,27,Wests Tigers,Sea Eagles,False,12,54,47.0,1432.0,81.0,27.0,33.0,156.0,1394.0,465.0,3.0,26.0,42.26,118.0,3.69,8.0,366.0,210.0,33.0,18.0,495.0,0.0,58.0,7.0,12.0,2.0,4.0,78.44,291.0,59.0,,21.0,8.0,4.0,0.0,,7.0,,,,,0.0
20231112720,2023,27,Sea Eagles,Wests Tigers,True,54,12,53.0,1626.0,76.0,30.0,39.0,196.0,2288.0,617.0,16.0,59.0,58.68,215.0,3.53,13.0,456.0,275.0,10.0,16.0,368.0,1.0,93.0,13.0,14.0,6.0,5.0,87.62,276.0,26.0,,13.0,12.0,5.0,2.0,,7.0,,,,,1.0
20231112730,2023,27,Roosters,Rabbitohs,False,26,12,49.0,1605.0,79.0,31.0,39.0,179.0,1713.0,593.0,6.0,33.0,43.93,243.0,3.07,8.0,408.0,218.0,15.0,24.0,681.0,1.0,82.0,9.0,11.0,3.0,5.0,89.01,340.0,35.0,,7.0,9.0,5.0,4.0,,6.0,,,,,1.0
20231112730,2023,27,Rabbitohs,Roosters,True,12,26,51.0,1675.0,79.0,34.0,43.0,198.0,1621.0,640.0,3.0,35.0,37.7,178.0,3.48,4.0,420.0,235.0,19.0,21.0,563.0,3.0,38.0,3.0,8.0,5.0,2.0,88.89,336.0,33.0,,9.0,10.0,6.0,0.0,,7.0,,,,,0.0
20231112740,2023,27,Warriors,Dolphins,False,10,34,46.0,1537.0,75.0,28.0,37.0,165.0,1735.0,628.0,3.0,32.0,46.89,116.0,3.24,8.0,411.0,220.0,0.0,21.0,680.0,1.0,90.0,9.0,10.0,4.0,3.0,81.17,332.0,36.0,1.0,41.0,14.0,5.0,1.0,,8.0,,,,,0.0
20231112740,2023,27,Dolphins,Warriors,True,34,10,54.0,1779.0,70.0,29.0,41.0,212.0,2097.0,592.0,15.0,36.0,51.15,181.0,3.21,21.0,473.0,275.0,14.0,17.0,478.0,1.0,100.0,5.0,5.0,4.0,3.0,87.36,311.0,32.0,1.0,13.0,12.0,2.0,2.0,,8.0,,,,,3.0
20231112750,2023,27,Cowboys,Panthers,False,12,44,44.0,1501.0,74.0,26.0,35.0,148.0,1445.0,571.0,3.0,24.0,41.29,163.0,3.73,5.0,379.0,217.0,18.0,19.0,508.0,1.0,38.0,3.0,8.0,7.0,3.0,75.76,322.0,73.0,1.0,30.0,9.0,7.0,1.0,,8.0,0.0,1.0,,,2.0
20231112750,2023,27,Panthers,Cowboys,True,44,12,56.0,1858.0,84.0,38.0,45.0,216.0,2147.0,691.0,10.0,73.0,47.72,211.0,3.32,23.0,462.0,250.0,31.0,21.0,652.0,0.0,69.0,9.0,13.0,6.0,1.0,90.83,317.0,24.0,0.0,8.0,8.0,4.0,1.0,,7.0,1.0,0.0,,,1.0
20231112760,2023,27,Knights,Dragons,False,32,12,50.0,1718.0,74.0,29.0,39.0,185.0,1768.0,655.0,6.0,47.0,45.36,95.0,3.7,9.0,430.0,233.0,11.0,21.0,620.0,0.0,46.0,6.0,13.0,9.0,3.0,89.45,339.0,27.0,1.0,13.0,13.0,5.0,,,8.0,1.0,1.0,,,0.0
20231112760,2023,27,Dragons,Knights,True,12,32,50.0,1686.0,63.0,26.0,41.0,200.0,1763.0,642.0,1.0,27.0,43.01,153.0,3.12,6.0,472.0,280.0,9.0,21.0,457.0,3.0,80.0,8.0,10.0,8.0,4.0,85.88,371.0,47.0,1.0,14.0,18.0,3.0,,,8.0,0.0,1.0,,,1.0
20231112770,2023,27,Bulldogs,Titans,False,30,34,45.0,1338.0,68.0,26.0,38.0,156.0,1602.0,441.0,4.0,35.0,42.17,230.0,3.48,9.0,336.0,182.0,7.0,18.0,545.0,1.0,62.0,5.0,8.0,4.0,3.0,81.44,329.0,45.0,,30.0,15.0,3.0,4.0,1.0,7.0,0.0,,,,
20231112770,2023,27,Titans,Bulldogs,True,34,30,55.0,1615.0,73.0,33.0,45.0,186.0,1740.0,578.0,7.0,45.0,38.68,162.0,3.83,15.0,408.0,212.0,19.0,18.0,586.0,0.0,50.0,5.0,10.0,2.0,5.0,81.88,235.0,35.0,,17.0,13.0,2.0,2.0,0.0,7.0,2.0,,,,
20231112780,2023,27,Raiders,Sharks,False,6,24,48.0,1617.0,70.0,28.0,40.0,189.0,1809.0,600.0,3.0,31.0,45.23,158.0,2.88,8.0,418.0,213.0,18.0,27.0,818.0,2.0,71.0,10.0,14.0,4.0,4.0,87.19,388.0,48.0,,9.0,12.0,6.0,1.0,,8.0,0.0,,,1.0,1.0
20231112780,2023,27,Sharks,Raiders,True,24,6,52.0,1717.0,76.0,35.0,46.0,197.0,1916.0,637.0,4.0,48.0,41.66,224.0,3.48,7.0,441.0,238.0,21.0,22.0,609.0,1.0,67.0,6.0,9.0,8.0,3.0,88.24,330.0,31.0,,13.0,12.0,3.0,1.0,,8.0,1.0,,,0.0,0.0
20231112810,2023,28,Storm,Broncos,False,0,26,48.0,1515.0,67.0,25.0,37.0,158.0,1401.0,479.0,1.0,32.0,37.86,124.0,3.39,14.0,365.0,192.0,15.0,20.0,528.0,2.0,75.0,6.0,8.0,6.0,2.0,82.74,326.0,57.0,2.0,11.0,12.0,10.0,2.0,,8.0,4.0,,0.0,,1.0
20231112810,2023,28,Broncos,Storm,True,26,0,52.0,1633.0,75.0,36.0,48.0,181.0,1698.0,610.0,5.0,57.0,35.39,157.0,3.96,6.0,388.0,208.0,8.0,20.0,541.0,2.0,73.0,11.0,15.0,4.0,3.0,84.66,276.0,32.0,1.0,18.0,12.0,5.0,0.0,,8.0,0.0,,1.0,,0.0
20231112820,2023,28,Warriors,Panthers,False,6,32,43.0,1468.0,72.0,26.0,36.0,175.0,1322.0,353.0,1.0,26.0,36.73,120.0,3.57,10.0,388.0,206.0,24.0,18.0,584.0,0.0,45.0,5.0,11.0,4.0,2.0,84.57,400.0,55.0,,18.0,14.0,6.0,1.0,1.0,8.0,0.0,,,,
20231112820,2023,28,Panthers,Warriors,True,32,6,57.0,1991.0,82.0,38.0,46.0,262.0,1878.0,481.0,9.0,55.0,40.83,128.0,3.51,10.0,529.0,304.0,11.0,22.0,609.0,1.0,100.0,7.0,7.0,5.0,4.0,89.53,359.0,26.0,,16.0,8.0,4.0,2.0,0.0,8.0,1.0,,,,
20231112830,2023,28,Roosters,Sharks,False,13,12,49.0,1741.0,74.0,32.0,43.0,187.0,1666.0,453.0,4.0,53.0,38.76,170.0,3.34,8.0,437.0,234.0,22.0,20.0,521.0,0.0,58.0,7.0,12.0,7.0,3.0,88.48,361.0,38.0,0.0,9.0,12.0,6.0,,1.0,8.0,,1.0,,,2.0
20231112830,2023,28,Sharks,Roosters,True,12,13,51.0,1809.0,73.0,31.0,42.0,218.0,1793.0,446.0,4.0,38.0,42.71,221.0,3.35,6.0,476.0,271.0,23.0,21.0,572.0,1.0,75.0,9.0,12.0,5.0,3.0,83.81,352.0,53.0,1.0,15.0,15.0,4.0,,1.0,8.0,,0.0,,,0.0
20231112840,2023,28,Raiders,Knights,False,28,30,57.0,2051.0,84.0,42.0,50.0,229.0,2027.0,575.0,5.0,49.0,40.55,200.0,3.27,9.0,524.0,295.0,47.0,26.0,657.0,4.0,83.0,5.0,6.0,15.0,2.0,90.32,364.0,31.0,,8.0,9.0,5.0,,1.0,9.0,1.0,,,,1.0
20231112840,2023,28,Knights,Raiders,True,30,28,43.0,1540.0,70.0,31.0,44.0,187.0,1735.0,376.0,4.0,31.0,39.43,180.0,3.31,6.0,398.0,210.0,5.0,18.0,588.0,0.0,70.0,14.0,20.0,5.0,1.0,86.73,438.0,49.0,,18.0,15.0,7.0,,1.0,10.0,1.0,,,,1.0
20231112910,2023,29,Roosters,Storm,False,13,18,49.0,1621.0,75.0,31.0,41.0,196.0,1591.0,420.0,5.0,43.0,38.81,183.0,3.61,16.0,429.0,235.0,7.0,20.0,559.0,1.0,50.0,5.0,10.0,9.0,2.0,88.78,364.0,32.0,0.0,14.0,10.0,8.0,1.0,,6.0,0.0,,,,1.0
20231112910,2023,29,Storm,Roosters,True,18,13,51.0,1698.0,80.0,32.0,40.0,187.0,1593.0,483.0,3.0,32.0,39.84,155.0,3.24,8.0,424.0,223.0,69.0,21.0,666.0,0.0,71.0,10.0,14.0,5.0,0.0,83.16,321.0,43.0,1.0,22.0,10.0,4.0,2.0,,7.0,1.0,,,,2.0
20231112920,2023,29,Knights,Warriors,False,10,40,44.0,1475.0,78.0,29.0,37.0,174.0,1446.0,504.0,2.0,26.0,39.09,195.0,3.48,6.0,401.0,222.0,4.0,20.0,681.0,0.0,70.0,7.0,10.0,5.0,2.0,87.77,409.0,47.0,,10.0,9.0,3.0,4.0,1.0,8.0,,,,,0.0
20231112920,2023,29,Warriors,Knights,True,40,10,56.0,1911.0,82.0,39.0,47.0,221.0,2076.0,744.0,7.0,47.0,44.18,228.0,3.36,4.0,488.0,266.0,33.0,22.0,734.0,3.0,71.0,5.0,7.0,6.0,4.0,89.33,335.0,26.0,,14.0,10.0,2.0,0.0,0.0,8.0,,,,,2.0
20231113010,2023,30,Storm,Panthers,False,4,38,44.0,1396.0,65.0,21.0,32.0,162.0,1330.0,369.0,4.0,29.0,41.59,109.0,3.35,7.0,389.0,226.0,40.0,18.0,418.0,0.0,73.0,8.0,11.0,7.0,2.0,86.0,381.0,50.0,0.0,12.0,13.0,9.0,2.0,2.0,8.0,1.0,,,,2.0
20231113010,2023,30,Panthers,Storm,True,38,4,56.0,1850.0,87.0,41.0,47.0,210.0,1812.0,528.0,8.0,50.0,38.56,151.0,3.69,8.0,469.0,265.0,4.0,21.0,614.0,3.0,60.0,6.0,10.0,7.0,4.0,85.34,291.0,29.0,1.0,21.0,8.0,4.0,1.0,0.0,7.0,0.0,,,,0.0
20231113020,2023,30,Warriors,Broncos,False,12,42,47.0,1569.0,77.0,28.0,36.0,175.0,1650.0,470.0,4.0,31.0,45.85,168.0,3.31,14.0,393.0,220.0,14.0,18.0,609.0,0.0,67.0,8.0,12.0,8.0,1.0,78.26,324.0,48.0,1.0,42.0,9.0,5.0,1.0,,7.0,2.0,1.0,,,1.0
20231113020,2023,30,Broncos,Warriors,True,42,12,53.0,1748.0,82.0,33.0,40.0,204.0,1948.0,615.0,11.0,48.0,48.72,155.0,3.61,23.0,429.0,220.0,31.0,21.0,553.0,1.0,78.0,7.0,9.0,3.0,4.0,85.19,299.0,31.0,0.0,21.0,10.0,5.0,2.0,,8.0,0.0,0.0,,,0.0
20231113110,2023,31,Broncos,Panthers,False,24,26,44.0,1535.0,71.0,27.0,38.0,182.0,1676.0,405.0,6.0,61.0,44.12,209.0,3.39,10.0,384.0,204.0,23.0,17.0,739.0,0.0,93.0,14.0,15.0,2.0,1.0,83.98,367.0,57.0,0.0,13.0,11.0,2.0,1.0,,8.0,1.0,,1.0,,
20231113110,2023,31,Panthers,Broncos,True,26,24,56.0,1864.0,97.0,37.0,38.0,225.0,1997.0,463.0,3.0,57.0,52.58,248.0,3.38,11.0,511.0,297.0,7.0,29.0,765.0,4.0,75.0,3.0,4.0,7.0,6.0,80.15,311.0,61.0,1.0,16.0,1.0,3.0,0.0,,8.0,2.0,,1.0,,
20241110110,2024,1,Rabbitohs,Sea Eagles,False,24,36,49.0,1545.0,80.0,32.0,40.0,206.0,1645.0,483.0,5.0,38.0,41.13,147.0,3.49,4.0,410.0,218.0,15.0,21.0,769.0,0.0,50.0,8.0,16.0,8.0,0.0,88.0,308.0,31.0,0.0,11.0,11.0,5.0,1.0,,8.0,,,,,0.0
20241110110,2024,1,Sea Eagles,Rabbitohs,True,36,24,51.0,1577.0,78.0,33.0,42.0,208.0,1870.0,485.0,7.0,31.0,44.55,209.0,3.64,8.0,423.0,237.0,7.0,21.0,555.0,1.0,100.0,9.0,9.0,6.0,6.0,87.07,330.0,38.0,3.0,11.0,14.0,1.0,2.0,,8.0,,,,,1.0
20241110120,2024,1,Broncos,Roosters,False,10,20,48.0,1662.0,77.0,31.0,40.0,207.0,1783.0,585.0,1.0,31.0,44.58,171.0,3.33,11.0,410.0,213.0,11.0,23.0,584.0,1.0,69.0,11.0,16.0,9.0,8.0,86.27,352.0,34.0,0.0,22.0,15.0,5.0,,0.0,8.0,,,,,1.0
20241110120,2024,1,Roosters,Broncos,True,20,10,52.0,1874.0,81.0,36.0,44.0,213.0,1814.0,620.0,4.0,34.0,41.23,97.0,3.32,14.0,467.0,254.0,2.0,25.0,720.0,0.0,77.0,10.0,13.0,11.0,3.0,87.76,337.0,31.0,2.0,16.0,8.0,7.0,,1.0,8.0,,,,,1.0
20241110130,2024,1,Raiders,Knights,False,28,12,55.0,1878.0,90.0,36.0,40.0,213.0,1667.0,573.0,4.0,23.0,41.68,109.0,3.35,10.0,443.0,227.0,4.0,26.0,842.0,,71.0,5.0,7.0,4.0,2.0,89.07,326.0,27.0,,13.0,7.0,6.0,1.0,1.0,7.0,1.0,1.0,,,1.0
20241110130,2024,1,Knights,Raiders,True,12,28,45.0,1519.0,68.0,28.0,41.0,184.0,1625.0,518.0,4.0,27.0,39.63,221.0,3.45,7.0,398.0,226.0,2.0,17.0,494.0,,55.0,6.0,11.0,4.0,2.0,90.27,399.0,23.0,,20.0,15.0,6.0,1.0,1.0,8.0,0.0,0.0,,,1.0
20241110140,2024,1,Sharks,Warriors,False,16,12,46.0,1504.0,76.0,29.0,38.0,187.0,1473.0,533.0,4.0,21.0,38.78,147.0,3.47,5.0,386.0,203.0,5.0,17.0,639.0,0.0,94.0,17.0,18.0,5.0,0.0,88.49,369.0,35.0,0.0,13.0,11.0,8.0,1.0,1.0,8.0,0.0,,,,
20241110140,2024,1,Warriors,Sharks,True,12,16,54.0,1784.0,81.0,36.0,44.0,234.0,1968.0,542.0,5.0,35.0,44.74,282.0,3.34,9.0,469.0,259.0,2.0,27.0,582.0,5.0,60.0,3.0,5.0,4.0,12.0,91.85,338.0,21.0,2.0,9.0,9.0,8.0,0.0,0.0,8.0,1.0,,,,
20241110150,2024,1,Panthers,Storm,False,0,8,47.0,1813.0,74.0,35.0,47.0,258.0,1939.0,587.0,3.0,32.0,41.26,142.0,3.54,23.0,508.0,297.0,9.0,22.0,521.0,4.0,71.0,5.0,7.0,5.0,8.0,88.21,344.0,29.0,0.0,17.0,12.0,9.0,1.0,0.0,8.0,,,,,
20241110150,2024,1,Storm,Panthers,True,8,0,53.0,2026.0,68.0,28.0,41.0,210.0,1657.0,646.0,1.0,29.0,40.42,100.0,3.56,9.0,434.0,230.0,1.0,20.0,636.0,0.0,86.0,12.0,14.0,5.0,1.0,84.54,339.0,32.0,1.0,30.0,16.0,6.0,4.0,1.0,8.0,,,,,
20241110160,2024,1,Bulldogs,Eels,False,8,26,41.0,1259.0,72.0,24.0,33.0,156.0,1190.0,385.0,3.0,23.0,36.08,115.0,3.55,3.0,310.0,163.0,5.0,16.0,564.0,2.0,62.0,8.0,13.0,2.0,2.0,88.27,399.0,28.0,0.0,25.0,13.0,7.0,3.0,1.0,8.0,,,0.0,,
20241110160,2024,1,Eels,Bulldogs,True,26,8,59.0,1813.0,89.0,41.0,46.0,240.0,1700.0,632.0,4.0,28.0,36.97,154.0,3.42,16.0,465.0,243.0,4.0,25.0,656.0,4.0,71.0,5.0,7.0,4.0,7.0,90.75,265.0,23.0,1.0,4.0,4.0,7.0,0.0,1.0,8.0,,,1.0,,
20241110170,2024,1,Dragons,Titans,False,28,4,52.0,1745.0,78.0,33.0,42.0,209.0,1714.0,634.0,6.0,41.0,40.81,103.0,3.46,10.0,437.0,235.0,12.0,19.0,502.0,3.0,82.0,14.0,17.0,4.0,5.0,93.53,318.0,20.0,0.0,2.0,15.0,5.0,1.0,,8.0,1.0,,,,3.0
20241110170,2024,1,Titans,Dragons,True,4,28,48.0,1583.0,84.0,32.0,38.0,179.0,1454.0,581.0,1.0,20.0,38.28,64.0,3.37,2.0,387.0,212.0,2.0,23.0,516.0,1.0,60.0,6.0,10.0,11.0,4.0,86.4,362.0,41.0,1.0,16.0,10.0,3.0,3.0,,8.0,0.0,,,,2.0
20241110180,2024,1,Cowboys,Dolphins,False,43,18,55.0,1837.0,88.0,38.0,43.0,242.0,2074.0,681.0,7.0,25.0,48.25,204.0,3.27,10.0,485.0,266.0,2.0,23.0,654.0,1.0,50.0,5.0,10.0,8.0,4.0,89.88,311.0,20.0,2.0,15.0,8.0,3.0,2.0,0.0,8.0,2.0,,,,3.0
20241110180,2024,1,Dolphins,Cowboys,True,18,43,45.0,1500.0,77.0,31.0,40.0,185.0,1539.0,517.0,4.0,20.0,38.5,167.0,3.24,6.0,383.0,206.0,1.0,21.0,580.0,0.0,86.0,12.0,14.0,4.0,3.0,91.0,384.0,25.0,0.0,13.0,10.0,5.0,2.0,1.0,8.0,1.0,,,,1.0
20241110210,2024,2,Rabbitohs,Broncos,False,18,28,46.0,1508.0,65.0,25.0,38.0,175.0,1531.0,575.0,4.0,21.0,40.29,130.0,3.42,4.0,406.0,229.0,8.0,16.0,407.0,0.0,17.0,1.0,6.0,4.0,3.0,85.96,349.0,39.0,3.0,18.0,14.0,4.0,4.0,1.0,8.0,,1.0,,,1.0
20241110210,2024,2,Broncos,Rabbitohs,True,28,18,54.0,1739.0,69.0,30.0,43.0,195.0,1761.0,581.0,5.0,39.0,40.95,101.0,3.42,11.0,412.0,213.0,25.0,19.0,513.0,1.0,57.0,4.0,7.0,1.0,4.0,91.98,298.0,21.0,1.0,5.0,15.0,4.0,2.0,0.0,8.0,,0.0,,,0.0
20241110220,2024,2,Bulldogs,Sharks,False,6,25,45.0,1463.0,77.0,28.0,36.0,174.0,1517.0,477.0,4.0,32.0,42.15,153.0,3.3,6.0,390.0,217.0,5.0,22.0,584.0,1.0,75.0,6.0,8.0,6.0,2.0,84.53,377.0,48.0,,21.0,11.0,5.0,1.0,0.0,8.0,1.0,0.0,,,2.0
20241110220,2024,2,Sharks,Bulldogs,True,25,6,55.0,1819.0,83.0,36.0,43.0,235.0,1930.0,673.0,7.0,48.0,44.9,204.0,3.42,13.0,487.0,261.0,2.0,23.0,690.0,1.0,100.0,13.0,13.0,4.0,6.0,87.23,280.0,32.0,,9.0,9.0,5.0,0.0,1.0,8.0,0.0,1.0,,,1.0
20241110230,2024,2,Eels,Panthers,False,18,26,49.0,1674.0,82.0,34.0,41.0,197.0,1604.0,576.0,3.0,36.0,39.12,137.0,3.46,14.0,439.0,234.0,13.0,20.0,673.0,0.0,64.0,7.0,11.0,5.0,0.0,85.38,327.0,37.0,1.0,19.0,10.0,5.0,1.0,1.0,8.0,,,,,0.0
20241110230,2024,2,Panthers,Eels,True,26,18,51.0,1719.0,75.0,30.0,40.0,203.0,2053.0,626.0,9.0,37.0,51.33,273.0,3.26,14.0,491.0,286.0,4.0,22.0,653.0,1.0,57.0,4.0,7.0,4.0,6.0,83.42,337.0,36.0,0.0,31.0,13.0,4.0,4.0,1.0,8.0,,,,,1.0
20241110240,2024,2,Wests Tigers,Raiders,False,12,32,45.0,1378.0,81.0,27.0,33.0,159.0,1469.0,462.0,4.0,24.0,44.54,134.0,3.54,12.0,370.0,208.0,11.0,18.0,357.0,,25.0,3.0,12.0,2.0,5.0,88.43,344.0,36.0,1.0,9.0,9.0,13.0,3.0,1.0,7.0,0.0,1.0,,,0.0
20241110240,2024,2,Raiders,Wests Tigers,True,32,12,55.0,1678.0,90.0,37.0,41.0,185.0,1820.0,693.0,6.0,36.0,44.41,139.0,3.39,8.0,407.0,228.0,9.0,18.0,553.0,,62.0,5.0,8.0,4.0,1.0,86.99,301.0,24.0,1.0,21.0,9.0,7.0,0.0,1.0,8.0,1.0,0.0,,,1.0
20241110250,2024,2,Knights,Cowboys,False,20,21,51.0,1664.0,78.0,33.0,42.0,186.0,1690.0,672.0,4.0,21.0,40.25,117.0,3.74,9.0,443.0,236.0,8.0,22.0,613.0,1.0,89.0,8.0,9.0,5.0,5.0,89.7,331.0,24.0,0.0,14.0,12.0,10.0,3.0,,9.0,,,,,1.0
20241110250,2024,2,Cowboys,Knights,True,21,20,49.0,1586.0,71.0,37.0,52.0,194.0,1668.0,643.0,5.0,24.0,32.08,201.0,3.38,9.0,417.0,226.0,8.0,17.0,394.0,2.0,90.0,9.0,10.0,4.0,6.0,91.22,374.0,21.0,2.0,15.0,15.0,5.0,5.0,,7.0,,,,,0.0
20241110260,2024,2,Warriors,Storm,False,26,30,51.0,1453.0,76.0,29.0,38.0,182.0,1756.0,577.0,4.0,28.0,46.22,237.0,3.46,9.0,371.0,203.0,4.0,18.0,421.0,0.0,83.0,5.0,6.0,6.0,1.0,86.02,283.0,33.0,0.0,13.0,8.0,4.0,1.0,1.0,6.0,2.0,,,,
20241110260,2024,2,Storm,Warriors,True,30,26,49.0,1408.0,80.0,28.0,35.0,166.0,1494.0,448.0,7.0,33.0,42.7,111.0,3.36,8.0,361.0,190.0,4.0,21.0,628.0,3.0,75.0,9.0,12.0,1.0,3.0,87.01,288.0,28.0,1.0,15.0,6.0,8.0,3.0,0.0,8.0,1.0,,,,
20241110270,2024,2,Roosters,Sea Eagles,False,14,21,42.0,1328.0,72.0,24.0,33.0,148.0,1442.0,464.0,6.0,31.0,43.71,125.0,3.4,9.0,362.0,200.0,6.0,17.0,468.0,,83.0,5.0,6.0,4.0,2.0,86.47,358.0,37.0,1.0,19.0,20.0,9.0,1.0,,8.0,1.0,,,,3.0
20241110270,2024,2,Sea Eagles,Roosters,True,21,14,58.0,1851.0,74.0,35.0,47.0,215.0,1958.0,719.0,4.0,37.0,41.68,165.0,3.59,13.0,507.0,304.0,4.0,16.0,383.0,,75.0,6.0,8.0,5.0,3.0,85.38,257.0,31.0,1.0,13.0,13.0,4.0,2.0,,8.0,1.0,,,,0.0
20241110280,2024,2,Dragons,Dolphins,False,0,38,48.0,1543.0,74.0,29.0,39.0,186.0,1443.0,573.0,5.0,27.0,37.01,107.0,3.25,9.0,386.0,202.0,3.0,21.0,602.0,1.0,87.0,13.0,15.0,5.0,2.0,89.15,345.0,29.0,,13.0,13.0,3.0,0.0,1.0,7.0,1.0,1.0,1.0,,1.0
20241110280,2024,2,Dolphins,Dragons,True,38,0,52.0,1678.0,92.0,35.0,38.0,186.0,1857.0,661.0,7.0,29.0,48.89,234.0,3.73,7.0,447.0,244.0,4.0,27.0,667.0,1.0,75.0,6.0,8.0,7.0,4.0,89.1,327.0,27.0,,13.0,5.0,6.0,2.0,0.0,8.0,1.0,0.0,0.0,,0.0
20241110310,2024,3,Broncos,Panthers,False,12,34,47.0,1454.0,77.0,31.0,40.0,163.0,1589.0,546.0,4.0,30.0,39.74,236.0,3.49,7.0,380.0,206.0,8.0,20.0,580.0,1.0,92.0,11.0,12.0,3.0,3.0,85.14,338.0,40.0,,19.0,9.0,4.0,2.0,1.0,7.0,1.0,,,,0.0
20241110310,2024,3,Panthers,Broncos,True,34,12,53.0,1627.0,87.0,34.0,39.0,195.0,1982.0,700.0,7.0,40.0,50.83,245.0,3.25,12.0,441.0,241.0,11.0,22.0,552.0,2.0,80.0,8.0,10.0,6.0,6.0,89.27,316.0,30.0,,8.0,8.0,7.0,1.0,1.0,6.0,2.0,,,,2.0
20241110320,2024,3,Raiders,Warriors,False,10,18,52.0,1866.0,80.0,34.0,42.0,202.0,1624.0,664.0,4.0,30.0,38.69,120.0,3.37,6.0,450.0,239.0,12.0,26.0,780.0,0.0,75.0,9.0,12.0,9.0,3.0,92.06,348.0,29.0,1.0,1.0,9.0,6.0,1.0,,7.0,,,,,
20241110320,2024,3,Warriors,Raiders,True,18,10,48.0,1746.0,79.0,34.0,43.0,198.0,1744.0,586.0,6.0,29.0,40.57,146.0,3.54,0.0,438.0,236.0,6.0,25.0,726.0,1.0,83.0,10.0,12.0,3.0,2.0,90.99,394.0,30.0,0.0,9.0,13.0,4.0,1.0,,8.0,,,,,
20241110330,2024,3,Rabbitohs,Roosters,False,6,48,47.0,1504.0,70.0,28.0,40.0,179.0,1499.0,541.0,4.0,30.0,37.49,127.0,3.37,8.0,393.0,221.0,4.0,18.0,413.0,1.0,67.0,6.0,9.0,4.0,3.0,85.33,320.0,36.0,0.0,19.0,15.0,5.0,1.0,,8.0,,1.0,,,0.0
20241110330,2024,3,Roosters,Rabbitohs,True,48,6,53.0,1643.0,86.0,37.0,43.0,185.0,1648.0,610.0,7.0,36.0,38.33,145.0,3.37,11.0,417.0,217.0,9.0,28.0,774.0,2.0,67.0,8.0,12.0,5.0,8.0,87.57,317.0,30.0,1.0,15.0,10.0,5.0,3.0,,8.0,,0.0,,,2.0
20241110340,2024,3,Titans,Bulldogs,False,0,32,44.0,1454.0,77.0,31.0,40.0,177.0,1245.0,450.0,1.0,24.0,31.14,117.0,3.7,4.0,366.0,195.0,5.0,21.0,566.0,0.0,60.0,6.0,10.0,5.0,3.0,86.71,372.0,42.0,0.0,15.0,12.0,3.0,3.0,,8.0,,,,,2.0
20241110340,2024,3,Bulldogs,Titans,True,32,0,56.0,1917.0,79.0,38.0,48.0,222.0,1752.0,530.0,8.0,42.0,36.51,164.0,3.64,9.0,490.0,270.0,10.0,25.0,810.0,2.0,67.0,8.0,12.0,5.0,5.0,91.23,333.0,24.0,1.0,8.0,10.0,9.0,0.0,,7.0,,,,,3.0
20241110350,2024,3,Cowboys,Dragons,False,46,24,56.0,1638.0,86.0,31.0,36.0,209.0,1888.0,642.0,7.0,31.0,52.46,183.0,3.65,6.0,440.0,250.0,14.0,19.0,477.0,2.0,33.0,2.0,6.0,7.0,6.0,86.48,275.0,26.0,,17.0,8.0,7.0,0.0,0.0,8.0,1.0,,1.0,,1.0
20241110350,2024,3,Dragons,Cowboys,True,24,46,44.0,1310.0,81.0,26.0,32.0,162.0,1371.0,497.0,5.0,26.0,42.87,135.0,3.3,11.0,360.0,203.0,4.0,18.0,468.0,1.0,70.0,7.0,10.0,5.0,5.0,89.8,361.0,31.0,,10.0,10.0,4.0,1.0,1.0,8.0,1.0,,0.0,,0.0
20241110360,2024,3,Sharks,Wests Tigers,False,6,32,47.0,1615.0,67.0,25.0,37.0,180.0,1528.0,512.0,4.0,38.0,41.3,224.0,3.43,7.0,409.0,220.0,3.0,25.0,658.0,2.0,59.0,10.0,17.0,5.0,4.0,84.96,356.0,38.0,0.0,25.0,16.0,5.0,3.0,1.0,8.0,1.0,,1.0,,0.0
20241110360,2024,3,Wests Tigers,Sharks,True,32,6,53.0,1861.0,86.0,38.0,44.0,209.0,1805.0,631.0,4.0,38.0,41.03,166.0,3.48,15.0,479.0,261.0,3.0,29.0,791.0,0.0,85.0,11.0,13.0,7.0,6.0,86.17,324.0,38.0,1.0,14.0,6.0,2.0,1.0,0.0,7.0,1.0,,0.0,,1.0
20241110370,2024,3,Sea Eagles,Eels,False,24,28,47.0,1358.0,72.0,24.0,33.0,147.0,1307.0,399.0,6.0,29.0,39.62,149.0,3.46,5.0,381.0,227.0,5.0,16.0,546.0,2.0,60.0,3.0,5.0,2.0,3.0,83.87,286.0,30.0,,25.0,13.0,9.0,3.0,1.0,8.0,,1.0,,,0.0
20241110370,2024,3,Eels,Sea Eagles,True,28,24,53.0,1502.0,82.0,34.0,41.0,187.0,1437.0,427.0,4.0,30.0,35.05,158.0,3.72,16.0,417.0,233.0,15.0,16.0,521.0,1.0,60.0,3.0,5.0,2.0,3.0,88.41,267.0,29.0,,6.0,9.0,5.0,1.0,0.0,8.0,,0.0,,,1.0
20241110380,2024,3,Storm,Knights,False,12,14,48.0,1627.0,69.0,27.0,39.0,183.0,1679.0,572.0,4.0,41.0,43.07,109.0,3.46,6.0,437.0,241.0,9.0,22.0,607.0,0.0,89.0,8.0,9.0,6.0,2.0,88.19,366.0,41.0,0.0,8.0,13.0,5.0,1.0,0.0,8.0,,,,,0.0
20241110380,2024,3,Knights,Storm,True,14,12,52.0,1777.0,75.0,30.0,40.0,221.0,1764.0,598.0,2.0,41.0,44.12,117.0,3.37,5.0,467.0,259.0,11.0,22.0,689.0,1.0,62.0,5.0,8.0,5.0,4.0,87.28,350.0,41.0,1.0,10.0,12.0,4.0,1.0,1.0,8.0,,,,,1.0
20241110410,2024,4,Panthers,Roosters,False,22,16,52.0,1725.0,76.0,32.0,42.0,200.0,1702.0,617.0,3.0,33.0,40.52,205.0,3.47,8.0,468.0,260.0,8.0,23.0,572.0,3.0,62.0,5.0,8.0,5.0,5.0,87.57,331.0,31.0,1.0,16.0,11.0,9.0,1.0,0.0,7.0,1.0,,,,1.0
20241110410,2024,4,Roosters,Panthers,True,16,22,48.0,1609.0,78.0,33.0,42.0,190.0,1355.0,485.0,3.0,31.0,32.27,144.0,3.38,10.0,431.0,250.0,9.0,20.0,629.0,2.0,69.0,9.0,13.0,1.0,6.0,89.69,374.0,33.0,1.0,10.0,10.0,4.0,2.0,1.0,7.0,0.0,,,,2.0
20241110420,2024,4,Bulldogs,Rabbitohs,False,16,20,54.0,1869.0,77.0,37.0,48.0,211.0,1755.0,561.0,5.0,29.0,36.57,145.0,3.61,8.0,454.0,253.0,14.0,21.0,600.0,2.0,100.0,10.0,10.0,4.0,3.0,88.71,338.0,32.0,,11.0,12.0,6.0,2.0,1.0,6.0,1.0,1.0,1.0,,0.0
20241110420,2024,4,Rabbitohs,Bulldogs,True,20,16,46.0,1581.0,91.0,34.0,37.0,195.0,1613.0,569.0,6.0,32.0,43.62,187.0,3.5,8.0,401.0,208.0,2.0,25.0,792.0,1.0,71.0,5.0,7.0,2.0,3.0,90.28,353.0,29.0,,9.0,5.0,11.0,1.0,0.0,8.0,0.0,0.0,0.0,,2.0
20241110430,2024,4,Cowboys,Broncos,False,12,38,47.0,1398.0,61.0,24.0,39.0,165.0,1543.0,529.0,2.0,30.0,39.59,182.0,3.4,11.0,371.0,196.0,14.0,15.0,388.0,2.0,36.0,5.0,14.0,6.0,3.0,89.65,329.0,34.0,0.0,4.0,16.0,4.0,2.0,,7.0,0.0,,,,
20241110430,2024,4,Broncos,Cowboys,True,38,12,53.0,1568.0,82.0,34.0,41.0,183.0,1689.0,592.0,3.0,34.0,41.21,153.0,3.67,2.0,402.0,202.0,7.0,29.0,800.0,2.0,90.0,9.0,10.0,7.0,6.0,86.53,289.0,30.0,1.0,15.0,12.0,3.0,3.0,,8.0,1.0,,,,
20241110440,2024,4,Sea Eagles,Dragons,False,12,20,53.0,1800.0,69.0,29.0,42.0,195.0,1808.0,697.0,2.0,27.0,43.06,210.0,3.44,12.0,497.0,295.0,11.0,18.0,374.0,3.0,50.0,3.0,6.0,9.0,4.0,88.2,329.0,36.0,,8.0,15.0,5.0,3.0,0.0,8.0,,,,,1.0
20241110440,2024,4,Dragons,Sea Eagles,True,20,12,47.0,1606.0,73.0,30.0,41.0,196.0,1606.0,568.0,4.0,36.0,39.17,141.0,3.35,6.0,427.0,228.0,10.0,20.0,636.0,1.0,71.0,12.0,17.0,2.0,1.0,88.31,340.0,27.0,,18.0,15.0,4.0,3.0,1.0,8.0,,,,,1.0
20241110450,2024,4,Dolphins,Titans,False,30,14,53.0,1668.0,78.0,30.0,38.0,187.0,1768.0,550.0,7.0,39.0,46.53,166.0,3.4,12.0,426.0,226.0,6.0,19.0,449.0,3.0,78.0,7.0,9.0,7.0,4.0,91.5,312.0,18.0,0.0,11.0,8.0,5.0,2.0,1.0,8.0,,1.0,,,1.0
20241110450,2024,4,Titans,Dolphins,True,14,30,47.0,1495.0,75.0,28.0,37.0,176.0,1554.0,586.0,3.0,18.0,42.0,110.0,3.47,8.0,382.0,207.0,3.0,19.0,544.0,1.0,64.0,7.0,11.0,5.0,4.0,86.03,345.0,39.0,1.0,17.0,11.0,4.0,0.0,1.0,7.0,,0.0,,,1.0
20241110460,2024,4,Knights,Warriors,False,12,20,51.0,1814.0,86.0,37.0,43.0,200.0,1688.0,648.0,5.0,29.0,39.27,187.0,3.51,4.0,488.0,277.0,10.0,28.0,750.0,1.0,67.0,10.0,15.0,6.0,5.0,89.71,375.0,28.0,0.0,15.0,8.0,3.0,2.0,,8.0,,,,,0.0
20241110460,2024,4,Warriors,Knights,True,20,12,49.0,1762.0,88.0,37.0,42.0,211.0,1852.0,665.0,4.0,28.0,44.11,200.0,3.38,9.0,446.0,227.0,4.0,25.0,693.0,0.0,72.0,13.0,18.0,8.0,2.0,90.89,349.0,29.0,2.0,6.0,10.0,4.0,2.0,,7.0,,,,,1.0
20241110470,2024,4,Raiders,Sharks,False,22,36,49.0,1516.0,75.0,31.0,41.0,166.0,1405.0,522.0,5.0,23.0,34.28,118.0,3.4,10.0,373.0,196.0,8.0,17.0,592.0,1.0,57.0,4.0,7.0,3.0,1.0,89.04,333.0,27.0,,14.0,11.0,3.0,5.0,,8.0,,,1.0,,
20241110470,2024,4,Sharks,Raiders,True,36,22,51.0,1618.0,79.0,31.0,39.0,191.0,1612.0,486.0,5.0,27.0,41.34,162.0,3.68,10.0,421.0,230.0,5.0,17.0,545.0,0.0,67.0,2.0,3.0,4.0,2.0,89.65,329.0,23.0,,15.0,12.0,3.0,5.0,,7.0,,,0.0,,
20241110480,2024,4,Wests Tigers,Eels,False,17,16,47.0,1471.0,81.0,30.0,37.0,161.0,1627.0,693.0,4.0,24.0,43.97,144.0,3.46,8.0,381.0,205.0,3.0,18.0,625.0,0.0,50.0,2.0,4.0,2.0,2.0,85.94,330.0,31.0,,23.0,10.0,10.0,2.0,1.0,6.0,,1.0,,,
20241110480,2024,4,Eels,Wests Tigers,True,16,17,53.0,1610.0,79.0,31.0,39.0,183.0,1836.0,731.0,4.0,31.0,47.08,202.0,3.55,13.0,415.0,223.0,5.0,17.0,439.0,1.0,67.0,2.0,3.0,2.0,4.0,88.27,316.0,24.0,,18.0,13.0,2.0,2.0,0.0,7.0,,0.0,,,
20241110510,2024,5,Broncos,Storm,False,32,34,48.0,1417.0,86.0,31.0,36.0,163.0,1495.0,469.0,5.0,20.0,41.55,148.0,3.64,4.0,372.0,205.0,9.0,19.0,566.0,1.0,81.0,13.0,16.0,2.0,1.0,89.24,340.0,25.0,1.0,16.0,7.0,4.0,2.0,1.0,8.0,,,,,1.0
20241110510,2024,5,Storm,Broncos,True,34,32,52.0,1552.0,85.0,34.0,40.0,179.0,1697.0,614.0,6.0,25.0,42.43,157.0,3.45,10.0,407.0,222.0,14.0,22.0,417.0,5.0,60.0,3.0,5.0,7.0,4.0,92.38,315.0,20.0,0.0,6.0,8.0,7.0,2.0,1.0,8.0,,,,,0.0
20241110520,2024,5,Roosters,Bulldogs,False,26,30,48.0,1453.0,69.0,32.0,46.0,178.0,1419.0,506.0,4.0,41.0,30.85,183.0,3.55,9.0,372.0,192.0,7.0,16.0,535.0,2.0,78.0,7.0,9.0,3.0,1.0,87.02,315.0,34.0,0.0,13.0,16.0,5.0,1.0,2.0,7.0,1.0,1.0,,1.0,0.0
20241110520,2024,5,Bulldogs,Roosters,True,30,26,52.0,1597.0,86.0,32.0,37.0,166.0,1497.0,494.0,6.0,34.0,40.47,166.0,3.33,7.0,390.0,211.0,17.0,21.0,545.0,1.0,60.0,3.0,5.0,4.0,5.0,85.53,331.0,41.0,1.0,15.0,7.0,6.0,5.0,1.0,7.0,1.0,0.0,,0.0,2.0
20241110530,2024,5,Dragons,Knights,False,10,30,49.0,1612.0,65.0,25.0,38.0,182.0,1675.0,629.0,4.0,25.0,44.09,158.0,3.37,10.0,435.0,240.0,14.0,18.0,432.0,1.0,53.0,8.0,15.0,9.0,2.0,92.89,366.0,21.0,0.0,7.0,18.0,5.0,0.0,,7.0,,,,,1.0
20241110530,2024,5,Knights,Dragons,True,30,10,51.0,1700.0,76.0,33.0,43.0,189.0,1649.0,613.0,6.0,21.0,38.37,109.0,3.59,3.0,425.0,226.0,11.0,24.0,646.0,1.0,58.0,7.0,12.0,6.0,6.0,89.29,367.0,25.0,2.0,19.0,12.0,2.0,2.0,,8.0,,,,,1.0
20241110540,2024,5,Warriors,Rabbitohs,False,34,4,55.0,1799.0,84.0,37.0,44.0,202.0,1913.0,631.0,6.0,30.0,43.49,233.0,3.49,5.0,459.0,249.0,10.0,24.0,692.0,,100.0,4.0,4.0,10.0,2.0,87.68,306.0,25.0,1.0,18.0,8.0,4.0,3.0,0.0,8.0,,,,,1.0
20241110540,2024,5,Rabbitohs,Warriors,True,4,34,45.0,1470.0,60.0,25.0,41.0,174.0,1570.0,564.0,3.0,25.0,38.3,94.0,3.46,10.0,383.0,210.0,5.0,14.0,490.0,,83.0,10.0,12.0,0.0,3.0,89.97,359.0,30.0,0.0,10.0,16.0,6.0,0.0,2.0,7.0,,,,,1.0
20241110550,2024,5,Panthers,Sea Eagles,False,18,32,51.0,1592.0,73.0,30.0,41.0,188.0,1774.0,500.0,3.0,41.0,43.29,325.0,3.46,10.0,438.0,249.0,4.0,17.0,462.0,2.0,54.0,7.0,13.0,3.0,3.0,85.67,305.0,32.0,1.0,19.0,13.0,11.0,3.0,,8.0,1.0,,,,
20241110550,2024,5,Sea Eagles,Panthers,True,32,18,49.0,1525.0,80.0,38.0,47.0,192.0,1680.0,511.0,8.0,32.0,35.76,121.0,3.37,11.0,413.0,223.0,10.0,20.0,593.0,3.0,71.0,5.0,7.0,2.0,7.0,84.1,291.0,41.0,3.0,14.0,12.0,3.0,4.0,,7.0,1.0,,,,
20241110560,2024,5,Wests Tigers,Dolphins,False,16,26,52.0,1627.0,80.0,32.0,40.0,183.0,1529.0,566.0,3.0,27.0,38.24,189.0,3.55,11.0,420.0,233.0,11.0,19.0,591.0,2.0,71.0,5.0,7.0,2.0,5.0,88.83,326.0,26.0,,15.0,11.0,6.0,1.0,0.0,8.0,0.0,,2.0,,0.0
20241110560,2024,5,Dolphins,Wests Tigers,True,26,16,48.0,1486.0,89.0,33.0,37.0,171.0,1481.0,424.0,5.0,26.0,40.03,145.0,3.36,9.0,391.0,212.0,5.0,19.0,620.0,1.0,50.0,4.0,8.0,1.0,4.0,88.56,333.0,27.0,,16.0,5.0,6.0,2.0,1.0,8.0,1.0,,0.0,,2.0
20241110570,2024,5,Titans,Cowboys,False,22,35,44.0,1379.0,83.0,31.0,37.0,164.0,1523.0,546.0,7.0,28.0,41.18,91.0,3.53,7.0,356.0,196.0,4.0,20.0,587.0,0.0,71.0,5.0,7.0,5.0,1.0,86.72,333.0,35.0,0.0,16.0,6.0,5.0,1.0,0.0,7.0,1.0,0.0,,,1.0
20241110570,2024,5,Cowboys,Titans,True,35,22,56.0,1727.0,70.0,29.0,41.0,204.0,1981.0,681.0,10.0,35.0,48.33,186.0,3.49,12.0,435.0,238.0,9.0,16.0,387.0,1.0,83.0,10.0,12.0,6.0,5.0,88.18,291.0,28.0,1.0,11.0,15.0,5.0,1.0,1.0,7.0,1.0,1.0,,,1.0
20241110580,2024,5,Eels,Raiders,False,8,41,44.0,1262.0,77.0,24.0,31.0,140.0,1299.0,497.0,3.0,20.0,41.93,93.0,3.6,7.0,332.0,178.0,8.0,17.0,503.0,0.0,75.0,6.0,8.0,5.0,2.0,87.04,376.0,38.0,,18.0,10.0,10.0,0.0,2.0,8.0,,,,,1.0
20241110580,2024,5,Raiders,Eels,True,41,8,56.0,1651.0,78.0,36.0,46.0,193.0,1958.0,630.0,9.0,38.0,42.57,240.0,3.4,9.0,410.0,224.0,8.0,17.0,515.0,4.0,100.0,9.0,9.0,4.0,2.0,89.67,269.0,20.0,,11.0,11.0,3.0,1.0,0.0,8.0,,,,,4.0
20241110610,2024,6,Roosters,Knights,False,22,20,51.0,1813.0,85.0,36.0,42.0,205.0,2214.0,887.0,7.0,39.0,52.72,268.0,3.54,9.0,429.0,214.0,8.0,23.0,672.0,1.0,85.0,11.0,13.0,6.0,1.0,89.86,390.0,32.0,0.0,12.0,7.0,6.0,3.0,,8.0,,,,,
20241110610,2024,6,Knights,Roosters,True,20,22,49.0,1766.0,89.0,35.0,39.0,198.0,2125.0,845.0,6.0,32.0,54.51,256.0,3.37,6.0,461.0,260.0,4.0,25.0,715.0,1.0,100.0,7.0,7.0,6.0,3.0,88.33,386.0,39.0,1.0,12.0,5.0,4.0,3.0,,8.0,,,,,
20241110620,2024,6,Bulldogs,Storm,False,14,16,52.0,1702.0,69.0,29.0,42.0,196.0,1835.0,551.0,8.0,28.0,43.69,186.0,3.4,13.0,462.0,252.0,7.0,26.0,616.0,3.0,80.0,12.0,15.0,6.0,8.0,86.22,338.0,39.0,0.0,15.0,15.0,2.0,3.0,1.0,6.0,0.0,1.0,,,1.0
20241110620,2024,6,Storm,Bulldogs,True,16,14,48.0,1615.0,80.0,33.0,41.0,190.0,1602.0,547.0,5.0,39.0,39.1,206.0,3.37,9.0,429.0,231.0,6.0,25.0,622.0,1.0,69.0,9.0,13.0,8.0,4.0,87.04,329.0,28.0,1.0,21.0,10.0,3.0,0.0,1.0,8.0,1.0,1.0,,,1.0
20241110630,2024,6,Dolphins,Broncos,False,14,28,54.0,1668.0,67.0,27.0,40.0,193.0,1694.0,562.0,3.0,23.0,42.35,144.0,3.56,7.0,417.0,234.0,17.0,18.0,354.0,2.0,67.0,4.0,6.0,1.0,4.0,86.42,299.0,37.0,1.0,10.0,16.0,1.0,2.0,1.0,8.0,1.0,,,,3.0
20241110630,2024,6,Broncos,Dolphins,True,28,14,46.0,1395.0,67.0,27.0,40.0,171.0,1868.0,635.0,5.0,37.0,46.72,165.0,3.44,5.0,366.0,195.0,11.0,17.0,436.0,1.0,36.0,4.0,11.0,2.0,5.0,91.04,325.0,23.0,0.0,9.0,17.0,8.0,1.0,0.0,8.0,0.0,,,,0.0
20241110640,2024,6,Sea Eagles,Warriors,False,22,22,50.0,1989.0,84.0,38.0,45.0,217.0,1935.0,735.0,4.0,39.0,43.0,137.0,3.47,8.0,505.0,262.0,9.0,27.0,823.0,2.0,77.0,10.0,13.0,8.0,4.0,85.42,375.0,47.0,0.0,17.0,10.0,6.0,2.0,1.0,10.0,1.0,,,,1.0
20241110640,2024,6,Warriors,Sea Eagles,True,22,22,50.0,1982.0,78.0,40.0,51.0,242.0,2203.0,617.0,4.0,47.0,43.21,266.0,3.41,10.0,517.0,284.0,17.0,24.0,712.0,1.0,73.0,8.0,11.0,9.0,2.0,89.59,439.0,39.0,1.0,12.0,13.0,4.0,1.0,0.0,10.0,0.0,,,,0.0
20241110650,2024,6,Cowboys,Eels,False,20,27,49.0,1486.0,72.0,24.0,33.0,189.0,1579.0,503.0,7.0,33.0,47.85,87.0,3.43,3.0,403.0,239.0,5.0,17.0,420.0,1.0,43.0,3.0,7.0,4.0,3.0,84.24,326.0,39.0,2.0,22.0,11.0,8.0,2.0,1.0,8.0,,,,,
20241110650,2024,6,Eels,Cowboys,True,27,20,51.0,1543.0,72.0,26.0,36.0,174.0,1566.0,598.0,4.0,39.0,43.5,112.0,3.49,11.0,393.0,213.0,5.0,14.0,362.0,2.0,45.0,5.0,11.0,5.0,3.0,89.05,301.0,33.0,0.0,4.0,11.0,5.0,2.0,2.0,8.0,,,,,
20241110660,2024,6,Sharks,Rabbitohs,False,34,22,49.0,1576.0,79.0,31.0,39.0,179.0,1748.0,547.0,5.0,45.0,44.82,192.0,3.56,9.0,419.0,226.0,8.0,20.0,510.0,0.0,86.0,6.0,7.0,6.0,3.0,92.16,388.0,25.0,0.0,8.0,9.0,6.0,3.0,2.0,8.0,0.0,,,,1.0
20241110660,2024,6,Rabbitohs,Sharks,True,22,34,51.0,1613.0,84.0,33.0,39.0,205.0,1751.0,617.0,4.0,25.0,44.9,180.0,3.5,5.0,450.0,255.0,5.0,19.0,603.0,4.0,38.0,5.0,13.0,2.0,4.0,84.72,316.0,45.0,1.0,12.0,11.0,2.0,1.0,1.0,8.0,2.0,,,,1.0
20241110670,2024,6,Dragons,Wests Tigers,False,24,12,51.0,1585.0,78.0,30.0,38.0,190.0,1566.0,543.0,3.0,23.0,41.22,144.0,3.51,17.0,416.0,222.0,9.0,21.0,613.0,,77.0,10.0,13.0,8.0,0.0,86.0,301.0,31.0,0.0,18.0,13.0,5.0,2.0,0.0,7.0,,,,,
20241110670,2024,6,Wests Tigers,Dragons,True,12,24,49.0,1575.0,79.0,31.0,39.0,178.0,1641.0,582.0,3.0,31.0,42.09,114.0,3.47,11.0,439.0,259.0,7.0,20.0,504.0,,67.0,8.0,12.0,6.0,5.0,87.04,329.0,23.0,2.0,26.0,9.0,9.0,0.0,2.0,6.0,,,,,
20241110680,2024,6,Titans,Raiders,False,20,21,42.0,1675.0,82.0,33.0,40.0,172.0,1701.0,643.0,4.0,29.0,42.54,141.0,3.46,6.0,423.0,218.0,4.0,26.0,900.0,0.0,70.0,16.0,23.0,9.0,3.0,90.29,493.0,38.0,,15.0,10.0,5.0,4.0,1.0,10.0,0.0,,,,4.0
20241110680,2024,6,Raiders,Titans,True,21,20,58.0,2360.0,87.0,47.0,54.0,239.0,2362.0,904.0,2.0,38.0,43.76,279.0,3.62,10.0,544.0,281.0,3.0,32.0,744.0,6.0,67.0,10.0,15.0,11.0,7.0,89.3,342.0,29.0,,12.0,13.0,3.0,1.0,0.0,7.0,1.0,,,,0.0
20241110710,2024,7,Storm,Roosters,False,18,12,51.0,1682.0,75.0,34.0,45.0,197.0,1647.0,522.0,6.0,45.0,36.62,79.0,3.51,8.0,436.0,240.0,8.0,23.0,584.0,0.0,60.0,9.0,15.0,7.0,2.0,87.77,323.0,30.0,0.0,15.0,12.0,7.0,1.0,0.0,7.0,,1.0,,,
20241110710,2024,7,Roosters,Storm,True,12,18,49.0,1690.0,80.0,32.0,40.0,196.0,1614.0,557.0,1.0,30.0,40.36,134.0,3.47,11.0,425.0,234.0,10.0,22.0,568.0,2.0,50.0,6.0,12.0,5.0,5.0,85.65,358.0,45.0,2.0,15.0,12.0,10.0,0.0,2.0,7.0,,0.0,,,
20241110720,2024,7,Warriors,Dragons,False,12,30,51.0,1621.0,78.0,29.0,37.0,189.0,1593.0,578.0,3.0,34.0,43.08,171.0,3.28,7.0,401.0,222.0,8.0,18.0,503.0,1.0,71.0,5.0,7.0,7.0,2.0,88.52,347.0,35.0,0.0,10.0,10.0,7.0,3.0,1.0,7.0,,,,,0.0
20241110720,2024,7,Dragons,Warriors,True,30,12,49.0,1567.0,85.0,36.0,42.0,175.0,1620.0,498.0,5.0,35.0,38.57,109.0,3.43,4.0,393.0,209.0,9.0,20.0,641.0,1.0,90.0,9.0,10.0,6.0,1.0,87.09,317.0,34.0,2.0,13.0,9.0,5.0,2.0,0.0,7.0,,,,,1.0
20241110730,2024,7,Dolphins,Eels,False,44,16,53.0,1571.0,77.0,31.0,40.0,190.0,1788.0,540.0,9.0,31.0,44.71,224.0,3.43,14.0,416.0,217.0,12.0,19.0,570.0,,78.0,7.0,9.0,8.0,4.0,88.3,302.0,26.0,0.0,14.0,12.0,5.0,0.0,0.0,8.0,1.0,,,,1.0
20241110730,2024,7,Eels,Dolphins,True,16,44,47.0,1391.0,80.0,28.0,35.0,152.0,1350.0,513.0,5.0,26.0,38.6,141.0,3.37,9.0,359.0,195.0,7.0,17.0,397.0,,56.0,5.0,9.0,1.0,6.0,86.1,316.0,31.0,1.0,20.0,7.0,3.0,4.0,1.0,8.0,0.0,,,,0.0
20241110740,2024,7,Wests Tigers,Panthers,False,6,22,53.0,1911.0,71.0,30.0,42.0,195.0,1665.0,580.0,3.0,36.0,39.66,184.0,3.47,11.0,530.0,322.0,5.0,22.0,689.0,1.0,73.0,8.0,11.0,2.0,5.0,86.62,343.0,42.0,0.0,11.0,15.0,1.0,2.0,3.0,7.0,,,,,1.0
20241110740,2024,7,Panthers,Wests Tigers,True,22,6,47.0,1722.0,86.0,38.0,44.0,190.0,1670.0,465.0,4.0,42.0,37.96,200.0,3.31,8.0,453.0,241.0,7.0,26.0,842.0,0.0,100.0,7.0,7.0,6.0,2.0,87.44,383.0,36.0,1.0,19.0,8.0,4.0,0.0,0.0,8.0,,,,,1.0
20241110750,2024,7,Sea Eagles,Titans,False,34,30,50.0,1570.0,72.0,29.0,40.0,157.0,1497.0,481.0,5.0,17.0,37.44,192.0,3.61,3.0,400.0,226.0,8.0,20.0,706.0,,57.0,4.0,7.0,4.0,2.0,88.79,293.0,23.0,1.0,14.0,11.0,4.0,2.0,0.0,8.0,0.0,,,,0.0
20241110750,2024,7,Titans,Sea Eagles,True,30,34,50.0,1533.0,81.0,31.0,38.0,173.0,1531.0,424.0,4.0,23.0,40.31,206.0,3.4,9.0,406.0,220.0,6.0,20.0,705.0,,57.0,4.0,7.0,4.0,2.0,93.56,305.0,17.0,0.0,4.0,11.0,3.0,1.0,1.0,7.0,1.0,,,,1.0
20241110760,2024,7,Raiders,Broncos,False,10,34,49.0,1653.0,72.0,29.0,40.0,169.0,1573.0,491.0,2.0,28.0,39.33,121.0,3.6,7.0,409.0,216.0,4.0,22.0,493.0,1.0,70.0,7.0,10.0,10.0,7.0,88.72,346.0,36.0,4.0,8.0,13.0,2.0,1.0,,8.0,1.0,,,,0.0
20241110760,2024,7,Broncos,Raiders,True,34,10,51.0,1704.0,73.0,30.0,41.0,187.0,1761.0,574.0,7.0,36.0,42.96,193.0,3.78,3.0,426.0,231.0,5.0,22.0,651.0,1.0,71.0,12.0,17.0,5.0,5.0,90.0,342.0,28.0,0.0,10.0,15.0,1.0,2.0,,8.0,0.0,,,,2.0
20241110770,2024,7,Knights,Bulldogs,False,12,36,47.0,1512.0,73.0,31.0,42.0,177.0,1235.0,442.0,3.0,35.0,29.42,84.0,3.56,10.0,421.0,240.0,9.0,17.0,437.0,1.0,67.0,8.0,12.0,5.0,4.0,91.43,352.0,19.0,,14.0,12.0,2.0,1.0,0.0,8.0,,1.0,0.0,,0.0
20241110770,2024,7,Bulldogs,Knights,True,36,12,53.0,1717.0,66.0,26.0,39.0,184.0,1548.0,504.0,7.0,19.0,39.7,108.0,3.6,9.0,469.0,270.0,18.0,21.0,587.0,4.0,100.0,8.0,8.0,6.0,4.0,84.99,317.0,35.0,,21.0,14.0,6.0,4.0,3.0,8.0,,1.0,1.0,,1.0
20241110780,2024,7,Cowboys,Sharks,False,6,42,45.0,1582.0,73.0,28.0,38.0,176.0,1410.0,403.0,3.0,34.0,37.11,127.0,3.45,6.0,436.0,251.0,11.0,20.0,599.0,1.0,62.0,8.0,13.0,5.0,1.0,87.28,391.0,39.0,0.0,18.0,12.0,4.0,0.0,,7.0,1.0,,,,
20241110780,2024,7,Sharks,Cowboys,True,42,6,55.0,1876.0,90.0,37.0,41.0,221.0,1821.0,548.0,4.0,39.0,44.43,192.0,3.39,11.0,505.0,272.0,6.0,26.0,728.0,1.0,89.0,8.0,9.0,7.0,4.0,87.75,308.0,34.0,1.0,9.0,8.0,4.0,2.0,,8.0,0.0,,,,
20241110810,2024,8,Titans,Warriors,False,27,24,48.0,1593.0,92.0,36.0,39.0,174.0,1584.0,612.0,7.0,43.0,40.63,140.0,3.55,8.0,406.0,211.0,4.0,24.0,856.0,,59.0,10.0,17.0,5.0,1.0,88.86,367.0,35.0,,11.0,7.0,3.0,3.0,2.0,8.0,1.0,,,,
20241110810,2024,8,Warriors,Titans,True,24,27,52.0,1778.0,87.0,34.0,39.0,197.0,1930.0,764.0,5.0,35.0,49.5,267.0,3.45,7.0,455.0,246.0,12.0,25.0,656.0,,71.0,5.0,7.0,11.0,1.0,85.21,340.0,43.0,,16.0,9.0,5.0,0.0,1.0,8.0,0.0,,,,
20241110820,2024,8,Roosters,Dragons,False,60,18,53.0,1618.0,89.0,34.0,38.0,173.0,1778.0,564.0,9.0,50.0,46.81,297.0,3.44,15.0,392.0,198.0,11.0,25.0,544.0,4.0,75.0,6.0,8.0,7.0,8.0,88.89,320.0,22.0,0.0,18.0,8.0,5.0,2.0,0.0,6.0,0.0,,,,2.0
20241110820,2024,8,Dragons,Roosters,True,18,60,47.0,1414.0,88.0,31.0,35.0,166.0,1239.0,395.0,4.0,22.0,35.41,131.0,3.55,8.0,377.0,212.0,13.0,17.0,466.0,1.0,71.0,10.0,14.0,6.0,3.0,79.74,303.0,50.0,1.0,27.0,6.0,4.0,0.0,1.0,8.0,1.0,,,,0.0
20241110830,2024,8,Rabbitohs,Storm,False,20,54,49.0,1391.0,84.0,33.0,39.0,172.0,1394.0,452.0,5.0,17.0,35.76,119.0,3.8,13.0,375.0,212.0,3.0,16.0,391.0,2.0,50.0,5.0,10.0,4.0,3.0,80.16,303.0,42.0,,33.0,8.0,7.0,1.0,1.0,8.0,,1.0,,,2.0
20241110830,2024,8,Storm,Rabbitohs,True,54,20,51.0,1479.0,85.0,35.0,41.0,177.0,1561.0,509.0,9.0,42.0,38.08,139.0,3.52,17.0,363.0,189.0,18.0,17.0,469.0,1.0,78.0,7.0,9.0,5.0,1.0,87.06,269.0,17.0,,23.0,11.0,4.0,4.0,1.0,8.0,,0.0,,,1.0
20241110840,2024,8,Eels,Sea Eagles,False,18,32,46.0,1392.0,72.0,24.0,33.0,165.0,1461.0,441.0,6.0,39.0,44.3,138.0,3.34,16.0,386.0,214.0,8.0,14.0,436.0,1.0,43.0,3.0,7.0,4.0,1.0,88.3,332.0,30.0,,14.0,8.0,10.0,4.0,2.0,7.0,1.0,2.0,,,
20241110840,2024,8,Sea Eagles,Eels,True,32,18,54.0,1575.0,78.0,33.0,42.0,178.0,1590.0,506.0,9.0,30.0,37.86,131.0,3.48,9.0,427.0,251.0,4.0,18.0,515.0,0.0,75.0,6.0,8.0,2.0,5.0,81.08,270.0,39.0,,24.0,9.0,6.0,2.0,1.0,6.0,0.0,1.0,,,
20241110850,2024,8,Broncos,Wests Tigers,False,34,10,50.0,1596.0,68.0,26.0,38.0,181.0,1612.0,537.0,6.0,33.0,42.44,125.0,3.43,6.0,392.0,215.0,8.0,18.0,548.0,0.0,67.0,8.0,12.0,3.0,2.0,86.17,324.0,32.0,1.0,20.0,13.0,8.0,1.0,1.0,8.0,0.0,0.0,,,1.0
20241110850,2024,8,Wests Tigers,Broncos,True,10,34,50.0,1619.0,72.0,29.0,40.0,188.0,1596.0,561.0,3.0,32.0,39.92,125.0,3.49,17.0,450.0,264.0,7.0,20.0,450.0,1.0,100.0,5.0,5.0,3.0,6.0,87.86,304.0,33.0,0.0,9.0,13.0,4.0,1.0,1.0,6.0,1.0,1.0,,,1.0
20241110860,2024,8,Panthers,Cowboys,False,26,20,45.0,1459.0,78.0,30.0,38.0,180.0,1623.0,481.0,4.0,41.0,42.73,206.0,3.24,3.0,384.0,218.0,8.0,17.0,555.0,1.0,43.0,3.0,7.0,6.0,3.0,83.71,370.0,47.0,1.0,25.0,13.0,6.0,4.0,1.0,6.0,,,,,2.0
20241110860,2024,8,Cowboys,Panthers,True,20,26,55.0,1776.0,84.0,38.0,45.0,201.0,1695.0,627.0,6.0,47.0,37.67,152.0,3.47,15.0,482.0,278.0,4.0,19.0,579.0,3.0,50.0,4.0,8.0,3.0,3.0,87.32,303.0,41.0,0.0,3.0,10.0,4.0,3.0,0.0,8.0,,,,,1.0
20241110870,2024,8,Knights,Dolphins,False,18,14,52.0,1899.0,88.0,37.0,42.0,211.0,1899.0,710.0,4.0,46.0,45.23,237.0,3.45,4.0,470.0,251.0,14.0,26.0,640.0,1.0,89.0,8.0,9.0,13.0,3.0,85.82,357.0,38.0,,21.0,8.0,4.0,2.0,,8.0,,,,,0.0
20241110870,2024,8,Dolphins,Knights,True,14,18,48.0,1754.0,81.0,30.0,37.0,219.0,1808.0,556.0,7.0,38.0,48.87,116.0,3.38,13.0,494.0,275.0,5.0,21.0,666.0,1.0,71.0,15.0,21.0,3.0,2.0,88.84,406.0,46.0,,5.0,15.0,3.0,0.0,,8.0,,,,,1.0
20241110880,2024,8,Sharks,Raiders,False,40,0,52.0,1786.0,80.0,34.0,42.0,213.0,2061.0,607.0,9.0,64.0,49.07,194.0,3.5,13.0,448.0,236.0,8.0,21.0,595.0,0.0,100.0,9.0,9.0,4.0,3.0,90.03,352.0,22.0,4.0,17.0,9.0,7.0,,1.0,8.0,,,1.0,,1.0
20241110880,2024,8,Raiders,Sharks,True,0,40,48.0,1640.0,72.0,27.0,37.0,186.0,1623.0,551.0,2.0,22.0,43.88,90.0,3.22,7.0,421.0,237.0,7.0,21.0,581.0,1.0,73.0,8.0,11.0,5.0,2.0,80.34,335.0,64.0,0.0,18.0,12.0,2.0,,2.0,8.0,,,0.0,,2.0
20241110910,2024,9,Panthers,Rabbitohs,False,42,12,56.0,1807.0,78.0,33.0,42.0,199.0,1837.0,492.0,10.0,33.0,43.75,183.0,3.52,9.0,460.0,261.0,6.0,20.0,423.0,2.0,38.0,5.0,13.0,9.0,4.0,91.52,313.0,18.0,,11.0,12.0,5.0,4.0,1.0,7.0,1.0,1.0,,,1.0
20241110910,2024,9,Rabbitohs,Panthers,True,12,42,44.0,1374.0,78.0,30.0,38.0,157.0,1165.0,425.0,1.0,18.0,30.68,95.0,3.64,5.0,359.0,194.0,9.0,17.0,522.0,1.0,83.0,10.0,12.0,4.0,5.0,88.54,371.0,33.0,,15.0,7.0,8.0,2.0,1.0,7.0,1.0,2.0,,,2.0
20241110920,2024,9,Raiders,Sea Eagles,False,26,24,50.0,1553.0,85.0,35.0,41.0,166.0,1507.0,539.0,1.0,35.0,36.77,167.0,3.45,10.0,392.0,204.0,4.0,23.0,546.0,1.0,50.0,4.0,8.0,9.0,4.0,89.55,317.0,23.0,2.0,14.0,9.0,8.0,2.0,2.0,7.0,,1.0,,,3.0
20241110920,2024,9,Sea Eagles,Raiders,True,24,26,50.0,1581.0,79.0,34.0,43.0,164.0,1482.0,450.0,3.0,23.0,34.48,139.0,3.66,8.0,413.0,236.0,8.0,15.0,465.0,0.0,69.0,11.0,16.0,5.0,1.0,85.14,298.0,35.0,0.0,17.0,11.0,3.0,3.0,1.0,7.0,,0.0,,,4.0
20241110930,2024,9,Roosters,Broncos,False,40,18,51.0,1654.0,80.0,33.0,41.0,188.0,1801.0,524.0,10.0,37.0,43.94,187.0,3.6,15.0,414.0,219.0,7.0,19.0,549.0,1.0,75.0,12.0,16.0,3.0,1.0,88.64,351.0,31.0,1.0,14.0,10.0,6.0,2.0,1.0,8.0,0.0,0.0,,,1.0
20241110930,2024,9,Broncos,Roosters,True,18,40,49.0,1559.0,78.0,32.0,41.0,183.0,1560.0,552.0,3.0,31.0,38.05,112.0,3.53,9.0,400.0,215.0,8.0,20.0,525.0,1.0,71.0,5.0,7.0,6.0,3.0,82.68,296.0,37.0,0.0,25.0,13.0,3.0,3.0,1.0,7.0,1.0,1.0,,,0.0
20241110940,2024,9,Wests Tigers,Bulldogs,False,14,22,47.0,1546.0,86.0,32.0,37.0,166.0,1302.0,465.0,4.0,38.0,35.19,142.0,3.54,12.0,383.0,207.0,5.0,18.0,572.0,0.0,59.0,10.0,17.0,6.0,1.0,88.4,343.0,32.0,1.0,13.0,8.0,7.0,2.0,3.0,7.0,,2.0,,,0.0
20241110940,2024,9,Bulldogs,Wests Tigers,True,22,14,53.0,1695.0,89.0,34.0,38.0,177.0,1599.0,487.0,4.0,32.0,42.1,215.0,3.59,7.0,426.0,238.0,14.0,24.0,658.0,1.0,86.0,6.0,7.0,6.0,6.0,83.98,304.0,38.0,1.0,20.0,6.0,6.0,1.0,1.0,6.0,,0.0,,,2.0
20241110950,2024,9,Storm,Titans,False,22,20,49.0,1468.0,78.0,29.0,37.0,171.0,1395.0,444.0,4.0,21.0,37.71,177.0,3.49,9.0,369.0,198.0,5.0,18.0,605.0,1.0,33.0,2.0,6.0,6.0,1.0,83.91,292.0,43.0,,13.0,10.0,4.0,1.0,0.0,8.0,1.0,,,,3.0
20241110950,2024,9,Titans,Storm,True,20,22,51.0,1556.0,80.0,29.0,36.0,170.0,1510.0,493.0,6.0,43.0,41.96,205.0,3.56,8.0,387.0,210.0,3.0,21.0,572.0,1.0,75.0,6.0,8.0,8.0,2.0,89.58,301.0,21.0,,14.0,10.0,7.0,1.0,1.0,7.0,0.0,,,,1.0
20241110960,2024,9,Dolphins,Cowboys,False,28,26,51.0,1596.0,85.0,34.0,40.0,179.0,1511.0,460.0,5.0,27.0,37.78,172.0,3.54,8.0,412.0,218.0,8.0,19.0,605.0,,60.0,6.0,10.0,7.0,2.0,85.38,333.0,32.0,2.0,25.0,11.0,5.0,2.0,1.0,8.0,,,0.0,,1.0
20241110960,2024,9,Cowboys,Dolphins,True,26,28,49.0,1577.0,78.0,33.0,42.0,194.0,1694.0,639.0,7.0,32.0,40.35,146.0,3.29,13.0,423.0,230.0,9.0,17.0,518.0,,78.0,7.0,9.0,5.0,5.0,90.55,345.0,27.0,0.0,9.0,13.0,3.0,4.0,0.0,8.0,,,2.0,,1.0
20241110970,2024,9,Warriors,Knights,False,8,14,54.0,1862.0,80.0,34.0,42.0,213.0,1620.0,546.0,1.0,25.0,38.57,132.0,3.45,6.0,479.0,275.0,10.0,23.0,641.0,3.0,57.0,4.0,7.0,4.0,3.0,89.9,374.0,37.0,,5.0,8.0,10.0,1.0,2.0,8.0,,,,,2.0
20241110970,2024,9,Knights,Warriors,True,14,8,46.0,1648.0,81.0,35.0,43.0,178.0,1339.0,465.0,3.0,37.0,31.16,123.0,3.45,3.0,414.0,224.0,5.0,22.0,747.0,3.0,91.0,10.0,11.0,4.0,2.0,92.38,376.0,25.0,,6.0,9.0,9.0,2.0,1.0,8.0,,,,,1.0
20241110980,2024,9,Dragons,Sharks,False,10,20,50.0,1727.0,75.0,31.0,41.0,219.0,1671.0,514.0,4.0,33.0,40.76,112.0,3.32,8.0,469.0,256.0,7.0,19.0,545.0,1.0,83.0,10.0,12.0,3.0,3.0,88.53,409.0,37.0,,16.0,14.0,8.0,6.0,1.0,7.0,2.0,,,,
20241110980,2024,9,Sharks,Dragons,True,20,10,50.0,1728.0,83.0,40.0,48.0,205.0,1815.0,545.0,7.0,37.0,37.82,188.0,3.5,8.0,446.0,241.0,3.0,18.0,448.0,0.0,60.0,3.0,5.0,6.0,4.0,88.61,389.0,33.0,,17.0,10.0,6.0,5.0,0.0,7.0,0.0,,,,
20241111010,2024,10,Sea Eagles,Dolphins,False,24,30,50.0,1563.0,82.0,34.0,41.0,179.0,1477.0,470.0,4.0,25.0,36.02,178.0,3.47,9.0,428.0,238.0,5.0,23.0,748.0,2.0,50.0,6.0,12.0,3.0,4.0,88.51,308.0,24.0,2.0,16.0,9.0,4.0,3.0,1.0,7.0,2.0,,,,0.0
20241111010,2024,10,Dolphins,Sea Eagles,True,30,24,50.0,1564.0,83.0,36.0,43.0,179.0,1566.0,453.0,4.0,24.0,36.44,187.0,3.49,9.0,403.0,210.0,10.0,25.0,708.0,1.0,71.0,5.0,7.0,5.0,3.0,88.98,323.0,25.0,1.0,15.0,7.0,6.0,2.0,1.0,8.0,0.0,,,,1.0
20241111020,2024,10,Bulldogs,Panthers,False,10,16,50.0,1792.0,75.0,31.0,41.0,196.0,1705.0,585.0,6.0,33.0,41.6,152.0,3.43,9.0,488.0,279.0,38.0,22.0,700.0,2.0,43.0,3.0,7.0,5.0,1.0,85.45,376.0,54.0,,10.0,12.0,9.0,1.0,,7.0,0.0,,,,3.0
20241111020,2024,10,Panthers,Bulldogs,True,16,10,50.0,1726.0,78.0,36.0,46.0,192.0,1659.0,629.0,3.0,54.0,36.07,180.0,3.25,7.0,435.0,231.0,14.0,24.0,749.0,2.0,50.0,3.0,6.0,3.0,3.0,88.61,350.0,33.0,,12.0,12.0,3.0,2.0,,7.0,1.0,,,,0.0
20241111030,2024,10,Broncos,Eels,False,30,14,47.0,1543.0,73.0,28.0,38.0,175.0,1572.0,460.0,4.0,37.0,41.37,153.0,3.42,6.0,381.0,194.0,7.0,22.0,765.0,2.0,75.0,6.0,8.0,5.0,2.0,81.1,339.0,48.0,2.0,31.0,11.0,4.0,2.0,1.0,7.0,,,,,
20241111030,2024,10,Eels,Broncos,True,14,30,53.0,1753.0,62.0,25.0,40.0,208.0,1783.0,531.0,4.0,48.0,44.6,187.0,3.47,19.0,484.0,275.0,12.0,16.0,453.0,2.0,67.0,4.0,6.0,5.0,0.0,86.97,347.0,37.0,0.0,15.0,14.0,3.0,1.0,0.0,7.0,,,,,
20241111040,2024,10,Knights,Wests Tigers,False,20,14,52.0,1772.0,85.0,36.0,42.0,193.0,1841.0,477.0,5.0,38.0,43.85,345.0,3.47,5.0,441.0,239.0,11.0,25.0,650.0,4.0,83.0,5.0,6.0,6.0,5.0,89.12,336.0,27.0,3.0,14.0,9.0,4.0,1.0,2.0,7.0,1.0,1.0,1.0,,2.0
20241111040,2024,10,Wests Tigers,Knights,True,14,20,48.0,1592.0,82.0,32.0,39.0,178.0,1529.0,470.0,4.0,27.0,39.22,143.0,3.5,6.0,415.0,226.0,10.0,22.0,792.0,3.0,77.0,10.0,13.0,3.0,5.0,87.32,358.0,38.0,1.0,14.0,10.0,6.0,2.0,2.0,7.0,0.0,1.0,0.0,,1.0
20241111050,2024,10,Rabbitohs,Dragons,False,14,28,45.0,1438.0,66.0,24.0,36.0,165.0,1588.0,584.0,1.0,24.0,44.11,116.0,3.2,4.0,364.0,197.0,10.0,18.0,388.0,1.0,53.0,8.0,15.0,5.0,7.0,89.42,355.0,28.0,1.0,14.0,15.0,4.0,0.0,1.0,7.0,,,,,4.0
20241111050,2024,10,Dragons,Rabbitohs,True,28,14,55.0,1745.0,82.0,34.0,41.0,172.0,1756.0,683.0,2.0,28.0,42.83,155.0,3.57,6.0,420.0,223.0,18.0,27.0,639.0,4.0,43.0,3.0,7.0,10.0,8.0,90.4,339.0,24.0,1.0,12.0,9.0,3.0,1.0,0.0,7.0,,,,,2.0
20241111060,2024,10,Sharks,Storm,False,25,18,49.0,1639.0,86.0,31.0,36.0,167.0,1482.0,551.0,4.0,35.0,41.19,136.0,3.49,6.0,396.0,208.0,9.0,18.0,552.0,2.0,80.0,8.0,10.0,6.0,1.0,86.49,352.0,31.0,1.0,24.0,9.0,8.0,1.0,1.0,8.0,1.0,0.0,0.0,,1.0
20241111060,2024,10,Storm,Sharks,True,18,25,51.0,1661.0,82.0,32.0,39.0,184.0,1467.0,572.0,4.0,31.0,37.62,164.0,3.51,13.0,430.0,237.0,32.0,21.0,588.0,1.0,33.0,2.0,6.0,7.0,3.0,88.19,336.0,35.0,0.0,10.0,9.0,4.0,3.0,1.0,8.0,0.0,1.0,1.0,,0.0
20241111070,2024,10,Warriors,Roosters,False,18,38,51.0,1638.0,79.0,31.0,39.0,190.0,1406.0,478.0,3.0,39.0,36.07,95.0,3.43,7.0,429.0,245.0,11.0,18.0,455.0,1.0,45.0,5.0,11.0,5.0,2.0,81.79,283.0,38.0,0.0,25.0,11.0,3.0,2.0,0.0,8.0,,,,,1.0
20241111070,2024,10,Roosters,Warriors,True,38,18,49.0,1583.0,75.0,28.0,37.0,180.0,1604.0,464.0,8.0,38.0,43.36,144.0,3.69,16.0,401.0,217.0,13.0,19.0,472.0,1.0,80.0,8.0,10.0,2.0,3.0,87.32,358.0,39.0,1.0,13.0,12.0,8.0,2.0,3.0,7.0,,,,,2.0
20241111080,2024,10,Cowboys,Titans,False,18,20,49.0,1728.0,68.0,26.0,38.0,212.0,1949.0,638.0,4.0,22.0,51.3,201.0,3.58,11.0,473.0,282.0,15.0,15.0,374.0,0.0,62.0,8.0,13.0,5.0,2.0,87.44,369.0,44.0,1.0,9.0,14.0,8.0,3.0,2.0,7.0,1.0,,,,0.0
20241111080,2024,10,Titans,Cowboys,True,20,18,51.0,1773.0,85.0,35.0,41.0,192.0,1707.0,608.0,5.0,44.0,41.65,110.0,3.62,4.0,431.0,235.0,6.0,23.0,613.0,1.0,56.0,5.0,9.0,9.0,4.0,89.2,322.0,22.0,0.0,17.0,7.0,6.0,3.0,1.0,8.0,0.0,,,,1.0
20241111110,2024,11,Bulldogs,Raiders,False,20,24,55.0,1827.0,71.0,30.0,42.0,196.0,1971.0,562.0,6.0,37.0,46.93,214.0,3.37,9.0,465.0,266.0,26.0,23.0,628.0,2.0,50.0,2.0,4.0,5.0,7.0,85.96,343.0,36.0,1.0,20.0,12.0,2.0,3.0,1.0,7.0,,0.0,,,1.0
20241111110,2024,11,Raiders,Bulldogs,True,24,20,45.0,1474.0,74.0,29.0,39.0,159.0,1678.0,564.0,4.0,36.0,43.04,142.0,3.57,9.0,338.0,158.0,24.0,18.0,624.0,0.0,47.0,8.0,17.0,3.0,1.0,87.5,350.0,37.0,0.0,13.0,12.0,6.0,0.0,4.0,8.0,,2.0,,,1.0
20241111120,2024,11,Broncos,Sea Eagles,False,13,12,49.0,1687.0,80.0,34.0,42.0,197.0,1869.0,617.0,4.0,37.0,44.51,234.0,3.61,4.0,435.0,232.0,11.0,23.0,810.0,2.0,79.0,11.0,14.0,3.0,5.0,87.13,325.0,37.0,0.0,11.0,9.0,4.0,3.0,2.0,8.0,,0.0,,,1.0
20241111120,2024,11,Sea Eagles,Broncos,True,12,13,51.0,1786.0,80.0,34.0,42.0,202.0,1989.0,617.0,4.0,37.0,47.36,198.0,3.45,7.0,492.0,289.0,13.0,24.0,606.0,1.0,67.0,4.0,6.0,10.0,5.0,89.11,352.0,37.0,1.0,6.0,12.0,2.0,3.0,1.0,8.0,,1.0,,,1.0
20241111130,2024,11,Knights,Titans,False,28,24,45.0,1489.0,76.0,30.0,39.0,177.0,1892.0,620.0,4.0,54.0,48.53,231.0,3.25,7.0,371.0,197.0,9.0,20.0,520.0,,50.0,8.0,16.0,10.0,4.0,89.44,398.0,32.0,0.0,15.0,9.0,5.0,1.0,1.0,8.0,,1.0,,,0.0
20241111130,2024,11,Titans,Knights,True,24,28,55.0,1819.0,89.0,33.0,37.0,192.0,1880.0,705.0,5.0,32.0,50.82,170.0,3.35,10.0,452.0,249.0,13.0,27.0,723.0,,83.0,10.0,12.0,8.0,2.0,81.6,306.0,54.0,1.0,15.0,6.0,3.0,2.0,1.0,8.0,,1.0,,,1.0
20241111140,2024,11,Roosters,Sharks,False,30,38,49.0,1427.0,84.0,32.0,38.0,186.0,1736.0,542.0,6.0,35.0,45.7,198.0,3.0,18.0,380.0,201.0,34.0,20.0,445.0,1.0,83.0,5.0,6.0,4.0,3.0,88.8,333.0,33.0,,9.0,9.0,8.0,0.0,1.0,8.0,1.0,1.0,0.0,,1.0
20241111140,2024,11,Sharks,Roosters,True,38,30,51.0,1522.0,85.0,34.0,40.0,186.0,1686.0,524.0,6.0,33.0,42.16,166.0,3.41,5.0,412.0,229.0,8.0,17.0,621.0,0.0,77.0,10.0,13.0,5.0,0.0,82.05,288.0,35.0,,28.0,8.0,6.0,3.0,0.0,8.0,0.0,0.0,1.0,,0.0
20241111150,2024,11,Cowboys,Rabbitohs,False,28,22,47.0,1504.0,69.0,25.0,36.0,168.0,1743.0,596.0,7.0,39.0,48.42,203.0,3.46,11.0,402.0,221.0,12.0,19.0,460.0,1.0,73.0,8.0,11.0,8.0,5.0,84.06,348.0,51.0,1.0,15.0,10.0,10.0,1.0,0.0,7.0,,1.0,,,3.0
20241111150,2024,11,Rabbitohs,Cowboys,True,22,28,53.0,1678.0,83.0,35.0,42.0,191.0,1653.0,566.0,5.0,51.0,39.37,92.0,3.53,10.0,459.0,264.0,0.0,21.0,603.0,2.0,65.0,11.0,17.0,5.0,5.0,84.44,293.0,39.0,1.0,15.0,12.0,2.0,3.0,1.0,8.0,,1.0,,,0.0
20241111160,2024,11,Panthers,Warriors,False,20,22,46.0,1474.0,78.0,29.0,37.0,173.0,1506.0,356.0,6.0,28.0,40.72,142.0,3.01,6.0,394.0,221.0,25.0,19.0,532.0,,71.0,5.0,7.0,4.0,4.0,85.81,387.0,39.0,,25.0,11.0,6.0,1.0,2.0,8.0,0.0,1.0,,,1.0
20241111160,2024,11,Warriors,Panthers,True,22,20,54.0,1735.0,88.0,37.0,42.0,201.0,1646.0,456.0,8.0,39.0,39.2,129.0,3.58,11.0,457.0,250.0,38.0,18.0,612.0,,80.0,8.0,10.0,3.0,1.0,90.59,337.0,28.0,,7.0,7.0,7.0,0.0,3.0,8.0,2.0,0.0,,,1.0
20241111170,2024,11,Eels,Storm,False,16,48,50.0,1567.0,72.0,26.0,36.0,203.0,1667.0,588.0,5.0,25.0,46.31,114.0,3.48,19.0,438.0,261.0,26.0,13.0,278.0,,40.0,2.0,5.0,3.0,2.0,83.16,316.0,35.0,0.0,29.0,11.0,2.0,3.0,0.0,8.0,0.0,,,,0.0
20241111170,2024,11,Storm,Eels,True,48,16,50.0,1543.0,86.0,32.0,37.0,190.0,1866.0,530.0,9.0,35.0,50.43,192.0,3.49,21.0,407.0,207.0,8.0,20.0,569.0,,70.0,7.0,10.0,4.0,4.0,84.0,294.0,25.0,1.0,31.0,9.0,4.0,4.0,1.0,8.0,1.0,,,,1.0
20241111180,2024,11,Dolphins,Wests Tigers,False,24,12,48.0,1691.0,71.0,32.0,45.0,189.0,1901.0,561.0,5.0,29.0,42.25,174.0,3.46,6.0,402.0,230.0,16.0,18.0,491.0,0.0,83.0,10.0,12.0,6.0,3.0,83.95,361.0,44.0,,25.0,13.0,7.0,0.0,0.0,8.0,,0.0,,,2.0
20241111180,2024,11,Wests Tigers,Dolphins,True,12,24,52.0,1823.0,90.0,36.0,40.0,200.0,1761.0,600.0,3.0,44.0,44.04,69.0,3.13,14.0,485.0,272.0,16.0,26.0,620.0,1.0,78.0,7.0,9.0,5.0,8.0,90.15,357.0,29.0,,10.0,7.0,8.0,2.0,2.0,8.0,,2.0,,,0.0
20241111210,2024,12,Dragons,Bulldogs,False,12,44,42.0,1280.0,80.0,24.0,30.0,145.0,1295.0,483.0,2.0,31.0,43.18,111.0,3.23,7.0,326.0,165.0,13.0,17.0,524.0,0.0,75.0,9.0,12.0,2.0,0.0,88.67,360.0,28.0,,18.0,8.0,7.0,2.0,,6.0,,1.0,,,1.0
20241111210,2024,12,Bulldogs,Dragons,True,44,12,58.0,1746.0,88.0,39.0,44.0,199.0,2070.0,688.0,8.0,28.0,47.06,271.0,3.25,8.0,456.0,254.0,45.0,23.0,709.0,3.0,25.0,1.0,4.0,6.0,4.0,88.12,319.0,31.0,,12.0,6.0,5.0,0.0,,8.0,,0.0,,,0.0
20241111220,2024,12,Wests Tigers,Cowboys,False,28,42,51.0,1729.0,84.0,32.0,38.0,190.0,1735.0,566.0,5.0,25.0,45.66,124.0,3.38,8.0,432.0,247.0,28.0,20.0,569.0,1.0,77.0,10.0,13.0,6.0,3.0,87.13,352.0,44.0,0.0,8.0,11.0,3.0,2.0,2.0,8.0,0.0,0.0,0.0,,0.0
20241111220,2024,12,Cowboys,Wests Tigers,True,42,28,49.0,1670.0,84.0,32.0,38.0,174.0,1993.0,675.0,10.0,44.0,52.46,227.0,3.29,5.0,425.0,241.0,18.0,18.0,536.0,1.0,43.0,3.0,7.0,12.0,1.0,89.37,328.0,25.0,2.0,14.0,7.0,4.0,3.0,1.0,8.0,1.0,1.0,1.0,,2.0
20241111230,2024,12,Storm,Sea Eagles,False,20,26,47.0,1458.0,72.0,27.0,37.0,183.0,1475.0,357.0,3.0,25.0,39.87,126.0,3.38,9.0,396.0,216.0,12.0,17.0,520.0,1.0,92.0,12.0,13.0,5.0,4.0,90.88,319.0,29.0,0.0,3.0,11.0,5.0,2.0,1.0,8.0,1.0,,,,1.0
20241111230,2024,12,Sea Eagles,Storm,True,26,20,53.0,1636.0,75.0,30.0,40.0,185.0,1593.0,539.0,6.0,29.0,39.85,136.0,3.62,3.0,427.0,246.0,10.0,19.0,478.0,1.0,71.0,5.0,7.0,9.0,3.0,87.88,290.0,25.0,1.0,15.0,10.0,6.0,2.0,0.0,8.0,0.0,,,,1.0
20241111240,2024,12,Roosters,Raiders,False,44,16,50.0,1502.0,75.0,33.0,44.0,170.0,1765.0,584.0,8.0,55.0,40.13,156.0,3.33,9.0,371.0,209.0,22.0,16.0,457.0,1.0,50.0,4.0,8.0,1.0,2.0,86.05,296.0,36.0,,12.0,9.0,9.0,3.0,1.0,7.0,,,,,2.0
20241111240,2024,12,Raiders,Roosters,True,16,44,50.0,1480.0,69.0,27.0,39.0,167.0,1581.0,533.0,3.0,36.0,40.56,175.0,3.17,9.0,358.0,205.0,13.0,14.0,364.0,1.0,20.0,1.0,5.0,6.0,0.0,81.48,286.0,55.0,,10.0,12.0,7.0,4.0,0.0,6.0,,,,,2.0
20241111250,2024,12,Panthers,Sharks,False,42,0,61.0,2106.0,87.0,42.0,48.0,244.0,2019.0,581.0,6.0,54.0,42.08,256.0,3.36,13.0,545.0,295.0,11.0,32.0,707.0,5.0,60.0,3.0,5.0,8.0,11.0,90.59,308.0,27.0,1.0,5.0,7.0,3.0,2.0,2.0,8.0,0.0,1.0,,,0.0
20241111250,2024,12,Sharks,Panthers,True,0,42,39.0,1277.0,70.0,24.0,34.0,139.0,1026.0,320.0,0.0,27.0,30.2,78.0,3.41,2.0,333.0,169.0,9.0,22.0,753.0,0.0,60.0,12.0,20.0,2.0,3.0,84.99,402.0,54.0,0.0,17.0,15.0,3.0,2.0,0.0,7.0,1.0,0.0,,,2.0
20241111260,2024,12,Eels,Rabbitohs,False,26,42,45.0,1305.0,70.0,26.0,37.0,148.0,1550.0,484.0,6.0,27.0,41.92,194.0,3.31,8.0,344.0,195.0,26.0,15.0,348.0,0.0,33.0,2.0,6.0,2.0,3.0,88.72,354.0,31.0,0.0,14.0,15.0,7.0,0.0,1.0,8.0,0.0,0.0,,,1.0
20241111260,2024,12,Rabbitohs,Eels,True,42,26,55.0,1607.0,81.0,35.0,43.0,175.0,1580.0,582.0,4.0,30.0,36.76,156.0,3.52,10.0,397.0,201.0,16.0,21.0,595.0,2.0,20.0,2.0,10.0,4.0,4.0,86.67,273.0,27.0,1.0,15.0,10.0,5.0,1.0,1.0,6.0,1.0,1.0,,,1.0
20241111270,2024,12,Titans,Broncos,False,36,34,58.0,1750.0,84.0,33.0,39.0,199.0,2064.0,639.0,8.0,40.0,52.94,152.0,3.13,11.0,448.0,257.0,15.0,17.0,517.0,,71.0,5.0,7.0,2.0,1.0,83.22,243.0,41.0,,8.0,6.0,3.0,0.0,1.0,8.0,1.0,,,,1.0
20241111270,2024,12,Broncos,Titans,True,34,36,42.0,1261.0,69.0,23.0,33.0,131.0,1690.0,480.0,9.0,41.0,51.24,348.0,3.78,5.0,313.0,167.0,20.0,15.0,531.0,,67.0,4.0,6.0,4.0,1.0,86.7,352.0,40.0,,14.0,14.0,4.0,1.0,1.0,7.0,0.0,,,,0.0
20241111280,2024,12,Dolphins,Warriors,False,20,24,48.0,1609.0,83.0,30.0,36.0,189.0,1597.0,475.0,5.0,38.0,44.39,192.0,3.48,8.0,420.0,228.0,12.0,24.0,805.0,0.0,75.0,9.0,12.0,5.0,4.0,87.68,363.0,42.0,0.0,9.0,7.0,5.0,1.0,1.0,7.0,,,1.0,,2.0
20241111280,2024,12,Warriors,Dolphins,True,24,20,52.0,1747.0,86.0,37.0,43.0,211.0,1714.0,581.0,5.0,42.0,39.87,217.0,3.32,7.0,447.0,237.0,16.0,25.0,622.0,3.0,70.0,7.0,10.0,9.0,5.0,87.06,323.0,38.0,1.0,10.0,7.0,0.0,2.0,0.0,8.0,,,0.0,,1.0
20241111310,2024,13,Sharks,Eels,False,22,34,46.0,1528.0,89.0,34.0,38.0,175.0,1770.0,534.0,4.0,40.0,46.59,180.0,3.05,7.0,392.0,206.0,24.0,24.0,792.0,0.0,40.0,2.0,5.0,4.0,3.0,83.45,373.0,42.0,,32.0,6.0,5.0,4.0,,8.0,0.0,,,,0.0
20241111310,2024,13,Eels,Sharks,True,34,22,54.0,1782.0,81.0,35.0,43.0,210.0,2186.0,667.0,6.0,42.0,50.85,288.0,3.2,19.0,461.0,238.0,45.0,21.0,738.0,1.0,33.0,3.0,9.0,5.0,0.0,85.6,309.0,40.0,,12.0,10.0,4.0,1.0,,8.0,1.0,,,,1.0
20241111320,2024,13,Bulldogs,Knights,False,32,2,52.0,1652.0,84.0,38.0,45.0,195.0,1516.0,436.0,4.0,31.0,33.71,139.0,3.49,7.0,429.0,234.0,9.0,26.0,904.0,0.0,78.0,7.0,9.0,2.0,5.0,83.01,342.0,56.0,,14.0,7.0,9.0,2.0,1.0,7.0,,2.0,,,1.0
20241111320,2024,13,Knights,Bulldogs,True,2,32,48.0,1529.0,72.0,29.0,40.0,190.0,1350.0,422.0,1.0,56.0,33.77,169.0,3.5,9.0,392.0,208.0,10.0,21.0,565.0,1.0,20.0,2.0,10.0,4.0,4.0,89.46,365.0,31.0,,12.0,15.0,7.0,2.0,1.0,7.0,,1.0,,,0.0
20241111330,2024,13,Dragons,Panthers,False,22,10,55.0,1817.0,80.0,34.0,42.0,214.0,1758.0,602.0,8.0,50.0,41.87,153.0,3.59,14.0,459.0,243.0,16.0,21.0,554.0,0.0,44.0,4.0,9.0,3.0,5.0,90.28,353.0,25.0,0.0,13.0,10.0,3.0,3.0,0.0,6.0,0.0,,,,2.0
20241111330,2024,13,Panthers,Dragons,True,10,22,45.0,1471.0,75.0,30.0,40.0,162.0,1377.0,444.0,2.0,25.0,34.44,147.0,3.36,7.0,371.0,187.0,10.0,22.0,691.0,1.0,50.0,5.0,10.0,7.0,2.0,86.28,434.0,50.0,1.0,19.0,10.0,6.0,2.0,1.0,6.0,1.0,,,,2.0
20241111340,2024,13,Raiders,Dolphins,False,26,25,48.0,1740.0,75.0,33.0,44.0,198.0,1960.0,698.0,5.0,37.0,44.57,145.0,2.97,9.0,428.0,218.0,12.0,18.0,485.0,0.0,60.0,9.0,15.0,5.0,3.0,92.16,423.0,22.0,,14.0,15.0,2.0,4.0,2.0,10.0,0.0,,0.0,,
20241111340,2024,13,Dolphins,Raiders,True,25,26,52.0,1916.0,80.0,41.0,51.0,218.0,2002.0,622.0,3.0,22.0,39.26,159.0,3.37,8.0,487.0,256.0,18.0,24.0,668.0,1.0,73.0,8.0,11.0,9.0,3.0,88.07,406.0,37.0,,18.0,8.0,6.0,1.0,3.0,9.0,2.0,,1.0,,
20241111350,2024,13,Cowboys,Roosters,False,18,16,52.0,1814.0,87.0,36.0,41.0,207.0,1759.0,586.0,6.0,38.0,42.9,247.0,3.54,9.0,451.0,244.0,15.0,24.0,650.0,0.0,62.0,5.0,8.0,9.0,2.0,84.96,339.0,50.0,,10.0,8.0,4.0,3.0,2.0,7.0,,1.0,,,1.0
20241111350,2024,13,Roosters,Cowboys,True,16,18,48.0,1677.0,80.0,33.0,41.0,183.0,1556.0,613.0,3.0,50.0,37.96,127.0,3.28,7.0,425.0,230.0,10.0,23.0,676.0,1.0,69.0,9.0,13.0,6.0,2.0,88.64,398.0,38.0,,13.0,11.0,8.0,0.0,2.0,6.0,,0.0,,,0.0
20241111410,2024,14,Wests Tigers,Dragons,False,14,56,35.0,1012.0,60.0,17.0,28.0,124.0,1151.0,415.0,2.0,18.0,41.13,139.0,3.53,4.0,272.0,155.0,11.0,11.0,338.0,0.0,47.0,8.0,17.0,3.0,1.0,85.37,391.0,39.0,1.0,28.0,12.0,6.0,2.0,0.0,8.0,0.0,1.0,1.0,,
20241111410,2024,14,Dragons,Wests Tigers,True,56,14,65.0,1912.0,82.0,33.0,40.0,213.0,1965.0,751.0,11.0,39.0,49.14,174.0,3.44,18.0,486.0,269.0,11.0,24.0,497.0,2.0,67.0,4.0,6.0,5.0,7.0,89.21,215.0,18.0,0.0,8.0,6.0,5.0,0.0,1.0,6.0,1.0,0.0,0.0,,
20241111420,2024,14,Rabbitohs,Titans,False,46,12,55.0,1772.0,86.0,37.0,43.0,202.0,2040.0,606.0,8.0,31.0,47.45,145.0,3.52,15.0,438.0,236.0,24.0,21.0,526.0,1.0,58.0,11.0,19.0,6.0,1.0,78.85,261.0,43.0,1.0,27.0,8.0,4.0,1.0,1.0,8.0,,,,,0.0
20241111420,2024,14,Titans,Rabbitohs,True,12,46,45.0,1425.0,66.0,22.0,33.0,154.0,1764.0,576.0,4.0,43.0,53.48,142.0,3.55,15.0,345.0,175.0,33.0,17.0,369.0,0.0,53.0,8.0,15.0,9.0,0.0,85.47,353.0,31.0,0.0,29.0,13.0,7.0,1.0,1.0,8.0,,,,,1.0
20241111430,2024,14,Warriors,Cowboys,False,42,12,56.0,1851.0,84.0,37.0,44.0,195.0,1908.0,792.0,7.0,32.0,43.37,277.0,3.56,5.0,465.0,244.0,10.0,27.0,701.0,1.0,80.0,8.0,10.0,12.0,3.0,92.97,304.0,21.0,1.0,2.0,10.0,3.0,1.0,,8.0,0.0,1.0,,,1.0
20241111430,2024,14,Cowboys,Warriors,True,12,42,44.0,1451.0,77.0,28.0,36.0,149.0,1327.0,512.0,2.0,21.0,36.86,109.0,3.54,1.0,391.0,225.0,2.0,21.0,614.0,1.0,73.0,11.0,15.0,6.0,5.0,90.16,385.0,32.0,1.0,10.0,11.0,4.0,2.0,,8.0,1.0,1.0,,,1.0
20241111440,2024,14,Sharks,Broncos,False,22,12,56.0,1912.0,80.0,37.0,46.0,207.0,2132.0,713.0,3.0,39.0,46.35,221.0,3.27,14.0,465.0,243.0,26.0,24.0,590.0,1.0,75.0,6.0,8.0,13.0,4.0,84.71,288.0,37.0,,15.0,11.0,4.0,1.0,,8.0,0.0,,,,0.0
20241111440,2024,14,Broncos,Sharks,True,12,22,44.0,1428.0,76.0,32.0,42.0,161.0,1481.0,468.0,4.0,37.0,35.27,57.0,3.23,8.0,372.0,192.0,37.0,24.0,825.0,1.0,68.0,13.0,19.0,5.0,3.0,86.11,409.0,39.0,,27.0,12.0,4.0,1.0,,8.0,1.0,,,,2.0
20241111450,2024,14,Knights,Storm,False,28,36,48.0,1569.0,86.0,32.0,37.0,187.0,1616.0,501.0,6.0,36.0,43.69,123.0,3.25,6.0,430.0,247.0,11.0,21.0,706.0,1.0,71.0,10.0,14.0,5.0,0.0,86.22,363.0,43.0,,15.0,6.0,7.0,3.0,1.0,8.0,,1.0,,,2.0
20241111450,2024,14,Storm,Knights,True,36,28,52.0,1715.0,84.0,38.0,45.0,196.0,1762.0,561.0,7.0,43.0,39.17,245.0,3.38,8.0,424.0,235.0,23.0,25.0,681.0,3.0,57.0,4.0,7.0,6.0,4.0,87.67,320.0,36.0,,9.0,8.0,6.0,0.0,0.0,8.0,,0.0,,,0.0
20241111460,2024,14,Sea Eagles,Panthers,False,22,32,46.0,1483.0,86.0,32.0,37.0,178.0,1544.0,540.0,6.0,26.0,41.74,113.0,3.4,3.0,403.0,231.0,3.0,21.0,808.0,0.0,94.0,15.0,16.0,3.0,2.0,80.51,318.0,59.0,1.0,18.0,6.0,5.0,2.0,2.0,7.0,,,,,1.0
20241111460,2024,14,Panthers,Sea Eagles,True,32,22,54.0,1775.0,92.0,37.0,40.0,201.0,2249.0,784.0,10.0,59.0,56.23,419.0,3.58,15.0,454.0,252.0,15.0,19.0,382.0,2.0,62.0,5.0,8.0,8.0,7.0,91.44,331.0,26.0,0.0,5.0,4.0,5.0,0.0,0.0,8.0,,,,,1.0
20241111470,2024,14,Eels,Bulldogs,False,18,22,52.0,1611.0,72.0,31.0,43.0,193.0,1864.0,620.0,3.0,26.0,43.37,97.0,3.6,13.0,436.0,245.0,43.0,15.0,419.0,1.0,30.0,3.0,10.0,3.0,2.0,86.72,307.0,43.0,1.0,4.0,13.0,4.0,1.0,0.0,8.0,,0.0,0.0,,
20241111470,2024,14,Bulldogs,Eels,True,22,18,48.0,1492.0,67.0,27.0,40.0,186.0,1874.0,491.0,8.0,43.0,46.87,119.0,3.44,3.0,410.0,235.0,42.0,18.0,662.0,1.0,57.0,4.0,7.0,5.0,1.0,87.44,369.0,26.0,0.0,27.0,15.0,9.0,1.0,1.0,7.0,,1.0,1.0,,
20241111510,2024,15,Dolphins,Sharks,False,30,28,54.0,1665.0,92.0,35.0,38.0,182.0,1808.0,562.0,4.0,34.0,47.58,325.0,3.0,9.0,423.0,224.0,46.0,25.0,774.0,1.0,50.0,1.0,2.0,9.0,2.0,88.4,320.0,28.0,,14.0,2.0,6.0,2.0,1.0,8.0,,,,,
20241111510,2024,15,Sharks,Dolphins,True,28,30,46.0,1438.0,72.0,27.0,37.0,176.0,1594.0,514.0,6.0,28.0,43.1,121.0,3.01,7.0,379.0,207.0,29.0,16.0,656.0,0.0,83.0,10.0,12.0,2.0,0.0,87.86,362.0,34.0,,16.0,11.0,6.0,0.0,1.0,8.0,,,,,
20241111520,2024,15,Cowboys,Raiders,False,34,16,52.0,1681.0,83.0,36.0,43.0,189.0,1867.0,535.0,3.0,30.0,43.42,164.0,3.73,2.0,432.0,244.0,59.0,22.0,471.0,3.0,38.0,3.0,8.0,8.0,8.0,83.54,335.0,38.0,,28.0,11.0,7.0,4.0,1.0,7.0,,,,,3.0
20241111520,2024,15,Raiders,Cowboys,True,16,34,48.0,1513.0,71.0,32.0,45.0,170.0,1659.0,584.0,4.0,38.0,36.87,113.0,3.11,15.0,387.0,206.0,17.0,15.0,430.0,0.0,53.0,10.0,19.0,3.0,2.0,91.03,345.0,30.0,,4.0,15.0,7.0,0.0,1.0,8.0,,,,,0.0
20241111530,2024,15,Broncos,Rabbitohs,False,12,22,43.0,1539.0,64.0,27.0,42.0,164.0,1804.0,745.0,4.0,45.0,42.96,140.0,3.55,10.0,369.0,190.0,9.0,17.0,452.0,0.0,64.0,9.0,14.0,4.0,7.0,88.4,419.0,42.0,,13.0,18.0,6.0,1.0,1.0,7.0,2.0,1.0,,,3.0
20241111530,2024,15,Rabbitohs,Broncos,True,22,12,57.0,2007.0,83.0,40.0,48.0,225.0,1873.0,765.0,3.0,42.0,39.03,119.0,3.61,7.0,486.0,252.0,15.0,26.0,687.0,1.0,69.0,9.0,13.0,1.0,6.0,83.05,289.0,45.0,,14.0,9.0,2.0,4.0,1.0,7.0,0.0,2.0,,,1.0
20241111540,2024,15,Titans,Wests Tigers,False,10,18,49.0,1728.0,67.0,27.0,40.0,190.0,1929.0,565.0,9.0,47.0,48.24,234.0,3.4,9.0,436.0,246.0,13.0,19.0,430.0,2.0,40.0,6.0,15.0,6.0,4.0,89.4,371.0,30.0,0.0,14.0,14.0,4.0,3.0,,8.0,,,1.0,,1.0
20241111540,2024,15,Wests Tigers,Titans,True,18,10,51.0,1764.0,83.0,35.0,42.0,198.0,1743.0,493.0,2.0,30.0,41.5,122.0,3.44,9.0,469.0,264.0,15.0,24.0,751.0,2.0,64.0,9.0,14.0,4.0,5.0,82.98,317.0,47.0,1.0,18.0,7.0,2.0,3.0,,8.0,,,0.0,,0.0
20241111550,2024,15,Storm,Warriors,False,38,24,46.0,1363.0,76.0,29.0,38.0,149.0,1315.0,399.0,6.0,26.0,34.62,99.0,3.52,6.0,325.0,163.0,13.0,20.0,588.0,1.0,73.0,11.0,15.0,5.0,2.0,83.74,309.0,45.0,,15.0,12.0,5.0,6.0,1.0,7.0,1.0,0.0,,,
20241111550,2024,15,Warriors,Storm,True,24,38,54.0,1573.0,80.0,32.0,40.0,187.0,1529.0,544.0,4.0,45.0,38.23,159.0,3.51,11.0,402.0,215.0,15.0,18.0,431.0,1.0,44.0,4.0,9.0,7.0,2.0,89.1,286.0,26.0,,9.0,10.0,8.0,0.0,2.0,8.0,0.0,2.0,,,
20241111560,2024,15,Roosters,Eels,False,28,18,45.0,1387.0,74.0,29.0,39.0,170.0,1574.0,446.0,9.0,35.0,40.38,168.0,3.22,10.0,357.0,188.0,14.0,17.0,449.0,0.0,67.0,6.0,9.0,7.0,2.0,82.63,333.0,33.0,1.0,37.0,10.0,9.0,2.0,2.0,6.0,,1.0,,,2.0
20241111560,2024,15,Eels,Roosters,True,18,28,55.0,1657.0,70.0,31.0,44.0,207.0,1835.0,555.0,6.0,33.0,41.71,97.0,3.57,22.0,465.0,270.0,16.0,15.0,402.0,2.0,50.0,6.0,12.0,4.0,3.0,84.24,294.0,35.0,1.0,20.0,14.0,4.0,1.0,1.0,8.0,,1.0,,,2.0
20241111570,2024,15,Dragons,Sea Eagles,False,14,30,50.0,1559.0,78.0,30.0,38.0,191.0,1465.0,435.0,3.0,38.0,38.56,94.0,3.44,19.0,405.0,217.0,9.0,21.0,664.0,1.0,81.0,13.0,16.0,8.0,3.0,87.39,305.0,39.0,0.0,5.0,11.0,5.0,1.0,1.0,8.0,1.0,,1.0,,
20241111570,2024,15,Sea Eagles,Dragons,True,30,14,50.0,1547.0,80.0,33.0,41.0,185.0,1723.0,470.0,7.0,39.0,42.03,165.0,3.51,5.0,417.0,235.0,13.0,22.0,509.0,2.0,55.0,6.0,11.0,6.0,6.0,79.84,309.0,38.0,1.0,40.0,9.0,9.0,0.0,1.0,7.0,1.0,,0.0,,
20241111580,2024,15,Panthers,Knights,False,26,18,56.0,1931.0,92.0,37.0,40.0,222.0,1969.0,573.0,4.0,45.0,49.24,267.0,3.52,10.0,518.0,295.0,18.0,29.0,645.0,6.0,67.0,6.0,9.0,11.0,6.0,84.81,307.0,40.0,,15.0,8.0,3.0,2.0,0.0,7.0,1.0,,,,0.0
20241111580,2024,15,Knights,Panthers,True,18,26,44.0,1535.0,88.0,30.0,34.0,176.0,1465.0,442.0,3.0,40.0,43.1,134.0,3.41,10.0,409.0,219.0,10.0,23.0,794.0,0.0,68.0,17.0,25.0,5.0,1.0,85.9,396.0,45.0,,20.0,7.0,4.0,1.0,1.0,8.0,0.0,,,,1.0
20241111610,2024,16,Storm,Dolphins,False,30,24,47.0,1480.0,75.0,27.0,36.0,170.0,1654.0,534.0,4.0,37.0,45.96,117.0,3.34,11.0,385.0,199.0,11.0,19.0,502.0,0.0,55.0,11.0,20.0,4.0,1.0,81.96,318.0,35.0,,35.0,10.0,5.0,1.0,1.0,8.0,,,,,
20241111610,2024,16,Dolphins,Storm,True,24,30,53.0,1679.0,80.0,29.0,36.0,211.0,1813.0,529.0,4.0,35.0,50.37,222.0,3.31,22.0,452.0,249.0,17.0,24.0,540.0,1.0,73.0,8.0,11.0,8.0,5.0,84.48,294.0,37.0,,17.0,10.0,4.0,0.0,1.0,8.0,,,,,
20241111620,2024,16,Warriors,Titans,False,6,66,46.0,1376.0,69.0,25.0,36.0,176.0,1408.0,399.0,1.0,24.0,39.13,173.0,3.37,9.0,370.0,213.0,14.0,12.0,317.0,2.0,88.0,7.0,8.0,3.0,1.0,84.39,319.0,45.0,0.0,14.0,13.0,6.0,2.0,3.0,8.0,,1.0,,,1.0
20241111620,2024,16,Titans,Warriors,True,66,6,54.0,1710.0,87.0,36.0,41.0,194.0,2151.0,522.0,12.0,45.0,52.48,166.0,3.52,9.0,422.0,241.0,17.0,18.0,434.0,0.0,80.0,4.0,5.0,4.0,4.0,88.2,284.0,24.0,1.0,14.0,7.0,5.0,4.0,1.0,6.0,,0.0,,,2.0
20241111630,2024,16,Bulldogs,Roosters,False,8,26,46.0,1535.0,80.0,36.0,45.0,174.0,1479.0,464.0,2.0,41.0,32.88,131.0,3.54,13.0,411.0,230.0,14.0,19.0,689.0,2.0,60.0,9.0,15.0,5.0,2.0,82.38,374.0,60.0,1.0,20.0,9.0,4.0,4.0,0.0,6.0,1.0,0.0,0.0,0.0,0.0
20241111630,2024,16,Roosters,Bulldogs,True,26,8,54.0,1800.0,85.0,40.0,47.0,203.0,1727.0,604.0,5.0,60.0,36.76,163.0,3.56,8.0,462.0,238.0,17.0,28.0,715.0,2.0,71.0,5.0,7.0,6.0,6.0,83.19,292.0,41.0,0.0,18.0,13.0,10.0,1.0,1.0,7.0,0.0,1.0,1.0,1.0,2.0
20241111640,2024,16,Sea Eagles,Rabbitohs,False,0,14,47.0,1695.0,71.0,27.0,38.0,192.0,2013.0,717.0,1.0,22.0,52.98,139.0,3.14,7.0,444.0,248.0,14.0,20.0,525.0,0.0,67.0,8.0,12.0,10.0,3.0,89.98,413.0,31.0,1.0,15.0,15.0,10.0,2.0,3.0,8.0,0.0,,,,1.0
20241111640,2024,16,Rabbitohs,Sea Eagles,True,14,0,53.0,1898.0,82.0,39.0,47.0,210.0,2088.0,778.0,4.0,31.0,44.44,119.0,3.56,8.0,471.0,251.0,14.0,25.0,722.0,2.0,40.0,6.0,15.0,5.0,5.0,90.86,338.0,22.0,0.0,12.0,13.0,3.0,2.0,2.0,7.0,1.0,,,,1.0
20241111650,2024,16,Raiders,Wests Tigers,False,24,48,51.0,1553.0,75.0,28.0,37.0,180.0,1594.0,481.0,10.0,50.0,43.09,180.0,3.48,13.0,384.0,210.0,17.0,15.0,350.0,2.0,33.0,4.0,12.0,0.0,6.0,84.4,303.0,42.0,0.0,14.0,13.0,2.0,2.0,,7.0,,0.0,,,
20241111650,2024,16,Wests Tigers,Raiders,True,48,24,49.0,1488.0,82.0,33.0,40.0,176.0,1622.0,399.0,8.0,42.0,40.55,145.0,3.51,10.0,388.0,216.0,19.0,17.0,462.0,1.0,71.0,5.0,7.0,6.0,4.0,82.95,326.0,50.0,2.0,17.0,9.0,7.0,1.0,,8.0,,1.0,,,
20241111710,2024,17,Sharks,Bulldogs,False,14,15,48.0,1742.0,77.0,34.0,44.0,213.0,1813.0,604.0,4.0,45.0,41.22,203.0,3.39,13.0,475.0,252.0,13.0,24.0,735.0,1.0,38.0,3.0,8.0,9.0,2.0,91.72,399.0,23.0,0.0,13.0,13.0,8.0,4.0,1.0,9.0,,,,,
20241111710,2024,17,Bulldogs,Sharks,True,15,14,52.0,1887.0,87.0,43.0,49.0,219.0,1641.0,479.0,2.0,23.0,33.5,168.0,3.37,8.0,487.0,258.0,12.0,27.0,876.0,0.0,69.0,9.0,13.0,1.0,7.0,84.58,362.0,45.0,1.0,21.0,9.0,4.0,1.0,2.0,8.0,,,,,
20241111720,2024,17,Broncos,Warriors,False,16,32,45.0,1315.0,77.0,31.0,40.0,154.0,1195.0,327.0,5.0,25.0,29.89,94.0,3.65,0.0,334.0,180.0,6.0,18.0,653.0,2.0,41.0,7.0,17.0,1.0,5.0,92.05,359.0,24.0,1.0,7.0,10.0,4.0,5.0,1.0,8.0,0.0,,1.0,,2.0
20241111720,2024,17,Warriors,Broncos,True,32,16,55.0,1622.0,81.0,35.0,43.0,178.0,1721.0,615.0,3.0,24.0,40.03,201.0,3.28,3.0,421.0,230.0,18.0,21.0,527.0,2.0,17.0,1.0,6.0,7.0,4.0,91.26,282.0,25.0,0.0,2.0,8.0,7.0,2.0,0.0,7.0,1.0,,0.0,,2.0
20241111730,2024,17,Eels,Knights,False,26,34,52.0,1643.0,72.0,27.0,37.0,206.0,1668.0,475.0,7.0,33.0,45.1,141.0,3.52,10.0,465.0,272.0,23.0,18.0,638.0,1.0,67.0,6.0,9.0,2.0,3.0,83.52,299.0,47.0,1.0,12.0,13.0,5.0,1.0,0.0,8.0,0.0,,,,2.0
20241111730,2024,17,Knights,Eels,True,34,26,48.0,1490.0,76.0,32.0,42.0,194.0,1789.0,484.0,7.0,47.0,42.6,203.0,3.37,9.0,404.0,222.0,2.0,18.0,519.0,0.0,43.0,3.0,7.0,4.0,2.0,86.44,325.0,33.0,0.0,18.0,12.0,4.0,1.0,1.0,7.0,1.0,,,,0.0
20241111740,2024,17,Raiders,Storm,False,6,16,40.0,1359.0,66.0,26.0,39.0,148.0,1464.0,498.0,3.0,22.0,37.54,181.0,3.41,4.0,332.0,183.0,33.0,17.0,549.0,1.0,24.0,4.0,17.0,3.0,2.0,89.64,424.0,36.0,,13.0,17.0,5.0,6.0,2.0,7.0,2.0,,,,1.0
20241111740,2024,17,Storm,Raiders,True,16,6,60.0,1992.0,77.0,38.0,49.0,214.0,2100.0,677.0,7.0,36.0,42.87,178.0,3.58,8.0,496.0,278.0,22.0,24.0,534.0,0.0,86.0,6.0,7.0,5.0,4.0,90.6,270.0,22.0,,6.0,17.0,4.0,4.0,1.0,7.0,0.0,,,,0.0
20241111750,2024,17,Dolphins,Dragons,False,6,26,47.0,1528.0,72.0,27.0,37.0,182.0,1452.0,482.0,2.0,30.0,39.26,82.0,3.47,7.0,395.0,224.0,67.0,19.0,604.0,,100.0,8.0,8.0,4.0,2.0,85.05,387.0,48.0,,20.0,15.0,9.0,3.0,2.0,7.0,1.0,1.0,1.0,,1.0
20241111750,2024,17,Dragons,Dolphins,True,26,6,53.0,1692.0,76.0,38.0,50.0,204.0,1799.0,671.0,8.0,48.0,36.0,102.0,3.03,15.0,468.0,258.0,26.0,16.0,501.0,,67.0,6.0,9.0,6.0,2.0,86.76,295.0,30.0,,15.0,14.0,4.0,2.0,0.0,5.0,1.0,0.0,0.0,,1.0
20241111760,2024,17,Cowboys,Panthers,False,16,6,51.0,1948.0,86.0,37.0,43.0,178.0,1525.0,511.0,3.0,20.0,35.47,83.0,3.57,2.0,436.0,226.0,9.0,26.0,779.0,1.0,86.0,12.0,14.0,6.0,5.0,88.0,352.0,44.0,1.0,4.0,8.0,9.0,2.0,2.0,7.0,1.0,2.0,,,3.0
20241111760,2024,17,Panthers,Cowboys,True,6,16,49.0,1754.0,75.0,37.0,49.0,195.0,1713.0,618.0,1.0,44.0,34.97,232.0,3.37,4.0,440.0,233.0,15.0,23.0,661.0,2.0,86.0,6.0,7.0,11.0,3.0,94.27,411.0,20.0,0.0,5.0,13.0,4.0,3.0,0.0,8.0,1.0,0.0,,,0.0
20241111770,2024,17,Wests Tigers,Roosters,False,6,40,49.0,1575.0,77.0,31.0,40.0,179.0,1385.0,522.0,2.0,25.0,34.65,92.0,3.79,10.0,401.0,227.0,48.0,16.0,500.0,2.0,47.0,7.0,15.0,6.0,4.0,85.39,339.0,48.0,,10.0,9.0,7.0,0.0,4.0,8.0,,2.0,,,2.0
20241111770,2024,17,Roosters,Wests Tigers,True,40,6,51.0,1656.0,83.0,36.0,43.0,191.0,1856.0,575.0,10.0,48.0,43.18,194.0,3.48,6.0,421.0,247.0,15.0,21.0,533.0,2.0,100.0,9.0,9.0,4.0,6.0,89.73,332.0,25.0,,13.0,8.0,8.0,2.0,1.0,4.0,,0.0,,,2.0
20241111810,2024,18,Rabbitohs,Eels,False,32,16,49.0,1533.0,77.0,35.0,45.0,189.0,1716.0,640.0,7.0,43.0,38.15,91.0,3.59,15.0,381.0,191.0,6.0,21.0,677.0,0.0,91.0,10.0,11.0,4.0,1.0,89.66,321.0,22.0,1.0,15.0,11.0,8.0,1.0,1.0,7.0,,0.0,,,1.0
20241111810,2024,18,Eels,Rabbitohs,True,16,32,51.0,1632.0,75.0,31.0,41.0,182.0,1837.0,704.0,5.0,22.0,44.81,154.0,3.44,9.0,450.0,261.0,15.0,19.0,501.0,3.0,50.0,4.0,8.0,5.0,6.0,82.43,319.0,43.0,0.0,25.0,15.0,3.0,4.0,1.0,7.0,,1.0,,,1.0
20241111820,2024,18,Titans,Sharks,False,20,16,54.0,1730.0,77.0,35.0,45.0,188.0,1491.0,562.0,4.0,40.0,33.15,116.0,3.67,6.0,442.0,242.0,46.0,26.0,678.0,6.0,56.0,5.0,9.0,9.0,6.0,80.56,290.0,40.0,1.0,30.0,9.0,7.0,3.0,1.0,8.0,,0.0,,,1.0
20241111820,2024,18,Sharks,Titans,True,16,20,46.0,1458.0,70.0,28.0,40.0,183.0,1626.0,544.0,4.0,40.0,40.67,170.0,3.69,16.0,399.0,225.0,16.0,14.0,342.0,0.0,50.0,7.0,14.0,4.0,2.0,87.71,364.0,40.0,0.0,11.0,16.0,5.0,2.0,1.0,8.0,,1.0,,,0.0
20241111830,2024,18,Panthers,Broncos,False,14,6,55.0,1905.0,80.0,38.0,47.0,214.0,1973.0,692.0,5.0,45.0,41.98,251.0,3.48,3.0,509.0,296.0,15.0,27.0,666.0,2.0,88.0,7.0,8.0,13.0,6.0,91.1,348.0,27.0,0.0,7.0,10.0,6.0,2.0,1.0,7.0,,,1.0,,0.0
20241111830,2024,18,Broncos,Panthers,True,6,14,45.0,1525.0,77.0,31.0,40.0,168.0,1527.0,550.0,4.0,27.0,38.19,86.0,3.49,5.0,386.0,201.0,10.0,22.0,750.0,2.0,75.0,15.0,20.0,3.0,4.0,87.84,383.0,45.0,1.0,8.0,12.0,6.0,1.0,1.0,8.0,,,0.0,,1.0
20241111840,2024,18,Warriors,Bulldogs,False,12,13,51.0,2092.0,78.0,40.0,51.0,231.0,2096.0,758.0,5.0,53.0,41.1,175.0,3.28,8.0,543.0,286.0,16.0,30.0,838.0,1.0,64.0,7.0,11.0,5.0,3.0,89.06,407.0,32.0,0.0,18.0,13.0,5.0,3.0,2.0,9.0,1.0,,,,0.0
20241111840,2024,18,Bulldogs,Warriors,True,13,12,49.0,2025.0,73.0,38.0,52.0,242.0,1980.0,460.0,3.0,32.0,38.08,157.0,3.4,13.0,525.0,285.0,0.0,25.0,890.0,1.0,73.0,11.0,15.0,8.0,1.0,88.09,466.0,53.0,1.0,10.0,14.0,6.0,1.0,2.0,9.0,0.0,,,,1.0
20241111850,2024,18,Storm,Wests Tigers,False,40,28,46.0,1331.0,74.0,26.0,35.0,160.0,1613.0,553.0,10.0,34.0,46.1,72.0,3.49,13.0,356.0,195.0,6.0,15.0,323.0,2.0,33.0,3.0,9.0,4.0,3.0,82.73,273.0,39.0,0.0,18.0,11.0,7.0,5.0,0.0,7.0,,0.0,,,
20241111850,2024,18,Wests Tigers,Storm,True,28,40,54.0,1504.0,68.0,26.0,38.0,187.0,1664.0,570.0,7.0,39.0,43.81,175.0,3.57,10.0,418.0,258.0,10.0,13.0,224.0,3.0,38.0,3.0,8.0,1.0,6.0,83.28,264.0,34.0,1.0,19.0,13.0,4.0,4.0,2.0,7.0,,1.0,,,
20241111860,2024,18,Sea Eagles,Cowboys,False,21,20,49.0,1775.0,72.0,31.0,43.0,212.0,2016.0,605.0,6.0,44.0,46.9,137.0,3.38,10.0,475.0,259.0,2.0,23.0,875.0,,87.0,13.0,15.0,2.0,3.0,92.17,400.0,21.0,2.0,13.0,12.0,4.0,1.0,1.0,10.0,,,,,1.0
20241111860,2024,18,Cowboys,Sea Eagles,True,20,21,51.0,1888.0,76.0,35.0,46.0,217.0,2277.0,711.0,5.0,21.0,49.52,282.0,3.45,8.0,505.0,282.0,20.0,23.0,547.0,,50.0,2.0,4.0,6.0,2.0,86.21,369.0,44.0,1.0,15.0,13.0,3.0,2.0,0.0,7.0,,,,,0.0
20241111870,2024,18,Dragons,Roosters,False,12,42,50.0,1679.0,87.0,35.0,40.0,184.0,1398.0,468.0,4.0,23.0,34.95,80.0,3.49,10.0,429.0,238.0,22.0,25.0,799.0,2.0,76.0,13.0,17.0,1.0,6.0,83.54,335.0,50.0,0.0,16.0,7.0,4.0,2.0,2.0,8.0,0.0,0.0,,,2.0
20241111870,2024,18,Roosters,Dragons,True,42,12,50.0,1664.0,83.0,35.0,42.0,194.0,1928.0,661.0,5.0,50.0,45.92,336.0,3.24,11.0,425.0,223.0,52.0,21.0,524.0,1.0,46.0,6.0,13.0,9.0,3.0,91.21,363.0,23.0,1.0,12.0,9.0,7.0,2.0,2.0,8.0,1.0,1.0,,,1.0
20241111880,2024,18,Knights,Raiders,False,16,12,50.0,1858.0,78.0,33.0,42.0,213.0,2256.0,877.0,5.0,38.0,53.72,340.0,3.48,4.0,472.0,262.0,7.0,22.0,611.0,1.0,73.0,8.0,11.0,8.0,2.0,91.48,376.0,31.0,0.0,4.0,9.0,4.0,2.0,,8.0,,,,,0.0
20241111880,2024,18,Raiders,Knights,True,12,16,50.0,1840.0,77.0,31.0,40.0,187.0,1948.0,788.0,2.0,31.0,48.7,186.0,3.59,4.0,458.0,255.0,25.0,26.0,815.0,0.0,92.0,12.0,13.0,9.0,2.0,90.29,400.0,38.0,1.0,5.0,12.0,2.0,2.0,,8.0,,,,,1.0
20241111910,2024,19,Rabbitohs,Dolphins,False,28,36,51.0,1675.0,89.0,41.0,46.0,208.0,1763.0,551.0,8.0,44.0,38.33,109.0,3.55,9.0,416.0,217.0,26.0,23.0,769.0,,67.0,8.0,12.0,4.0,2.0,87.64,312.0,25.0,2.0,19.0,4.0,6.0,2.0,1.0,8.0,2.0,,,,1.0
20241111910,2024,19,Dolphins,Rabbitohs,True,36,28,49.0,1542.0,75.0,31.0,41.0,178.0,1836.0,578.0,7.0,25.0,44.79,226.0,3.59,11.0,399.0,214.0,13.0,20.0,536.0,,62.0,5.0,8.0,5.0,4.0,84.91,315.0,44.0,0.0,12.0,13.0,6.0,2.0,1.0,8.0,0.0,,,,1.0
20241111920,2024,19,Wests Tigers,Sharks,False,6,58,45.0,1355.0,74.0,26.0,35.0,164.0,1178.0,448.0,2.0,16.0,33.66,43.0,3.23,15.0,381.0,217.0,21.0,18.0,503.0,2.0,67.0,6.0,9.0,3.0,4.0,86.63,324.0,42.0,0.0,8.0,11.0,7.0,3.0,0.0,7.0,1.0,1.0,,,1.0
20241111920,2024,19,Sharks,Wests Tigers,True,58,6,55.0,1716.0,79.0,38.0,48.0,196.0,1962.0,581.0,13.0,42.0,40.88,232.0,3.45,6.0,416.0,232.0,57.0,16.0,450.0,0.0,64.0,7.0,11.0,8.0,1.0,87.23,287.0,16.0,2.0,26.0,12.0,6.0,1.0,1.0,8.0,0.0,0.0,,,0.0
20241111930,2024,19,Eels,Titans,False,16,24,53.0,1752.0,75.0,34.0,45.0,207.0,2069.0,658.0,5.0,42.0,46.0,331.0,3.47,19.0,474.0,265.0,9.0,19.0,514.0,4.0,62.0,5.0,8.0,10.0,4.0,84.57,307.0,43.0,1.0,13.0,12.0,5.0,4.0,0.0,8.0,1.0,,,,1.0
20241111930,2024,19,Titans,Eels,True,24,16,47.0,1548.0,86.0,37.0,43.0,176.0,1723.0,562.0,6.0,43.0,40.07,137.0,3.34,10.0,403.0,212.0,35.0,21.0,737.0,0.0,80.0,12.0,15.0,3.0,2.0,82.76,360.0,42.0,1.0,33.0,11.0,4.0,4.0,2.0,7.0,1.0,,,,0.0
20241111940,2024,19,Dragons,Broncos,False,30,26,53.0,1733.0,83.0,36.0,43.0,190.0,1856.0,662.0,6.0,49.0,43.18,164.0,3.55,5.0,456.0,253.0,16.0,20.0,670.0,1.0,92.0,11.0,12.0,6.0,2.0,85.95,318.0,37.0,1.0,15.0,8.0,4.0,3.0,1.0,8.0,,0.0,,,2.0
20241111940,2024,19,Broncos,Dragons,True,26,30,47.0,1536.0,78.0,32.0,41.0,167.0,1818.0,604.0,6.0,37.0,44.35,257.0,3.55,8.0,383.0,208.0,16.0,18.0,496.0,1.0,75.0,6.0,8.0,6.0,1.0,86.71,372.0,49.0,1.0,8.0,10.0,7.0,2.0,3.0,7.0,,1.0,,,0.0
20241111950,2024,19,Knights,Sea Eagles,False,6,44,45.0,1567.0,78.0,30.0,38.0,189.0,1635.0,603.0,1.0,26.0,43.04,190.0,3.51,9.0,420.0,232.0,17.0,22.0,684.0,,60.0,3.0,5.0,6.0,1.0,91.33,390.0,31.0,,6.0,10.0,4.0,0.0,2.0,8.0,,,,,0.0
20241111950,2024,19,Sea Eagles,Knights,True,44,6,55.0,1914.0,85.0,34.0,40.0,193.0,2002.0,648.0,8.0,31.0,50.06,160.0,3.57,5.0,495.0,285.0,8.0,24.0,818.0,,90.0,9.0,10.0,4.0,0.0,88.86,335.0,26.0,,16.0,8.0,5.0,2.0,1.0,8.0,,,,,1.0
20241112010,2024,20,Warriors,Raiders,False,18,20,51.0,1702.0,84.0,37.0,44.0,192.0,1818.0,565.0,5.0,20.0,41.34,90.0,3.42,6.0,445.0,243.0,57.0,22.0,624.0,,59.0,10.0,17.0,6.0,2.0,88.8,341.0,35.0,1.0,8.0,10.0,5.0,3.0,1.0,7.0,,,,,0.0
20241112010,2024,20,Raiders,Warriors,True,20,18,49.0,1657.0,80.0,33.0,41.0,176.0,1696.0,592.0,3.0,35.0,41.37,173.0,3.35,6.0,391.0,202.0,17.0,21.0,603.0,,58.0,7.0,12.0,9.0,1.0,92.07,418.0,20.0,0.0,16.0,12.0,4.0,2.0,0.0,6.0,,,,,1.0
20241112020,2024,20,Wests Tigers,Rabbitohs,False,28,42,46.0,1460.0,70.0,28.0,40.0,175.0,1716.0,424.0,6.0,38.0,42.9,184.0,3.26,13.0,397.0,226.0,23.0,17.0,254.0,0.0,56.0,5.0,9.0,5.0,6.0,86.04,376.0,45.0,1.0,16.0,15.0,7.0,2.0,1.0,6.0,1.0,1.0,,,2.0
20241112020,2024,20,Rabbitohs,Wests Tigers,True,42,28,54.0,1748.0,82.0,38.0,46.0,189.0,1821.0,523.0,7.0,45.0,39.59,154.0,3.17,9.0,408.0,211.0,10.0,18.0,455.0,2.0,30.0,3.0,10.0,3.0,4.0,81.34,279.0,38.0,0.0,26.0,12.0,2.0,3.0,1.0,7.0,0.0,0.0,,,2.0
20241112030,2024,20,Broncos,Knights,False,30,14,49.0,1607.0,75.0,33.0,44.0,183.0,1797.0,564.0,11.0,58.0,40.85,143.0,3.53,5.0,398.0,215.0,15.0,17.0,384.0,2.0,75.0,9.0,12.0,4.0,7.0,81.28,317.0,43.0,1.0,30.0,14.0,7.0,2.0,,8.0,0.0,,,,1.0
20241112030,2024,20,Knights,Broncos,True,14,30,51.0,1650.0,77.0,31.0,40.0,204.0,1735.0,570.0,2.0,43.0,43.38,134.0,3.4,18.0,470.0,279.0,23.0,18.0,453.0,1.0,64.0,7.0,11.0,7.0,3.0,82.93,311.0,58.0,0.0,6.0,13.0,6.0,4.0,,7.0,1.0,,,,1.0
20241112040,2024,20,Roosters,Storm,False,8,24,48.0,1542.0,63.0,24.0,38.0,191.0,1573.0,500.0,3.0,31.0,41.41,91.0,3.52,15.0,407.0,233.0,11.0,19.0,465.0,3.0,67.0,6.0,9.0,6.0,5.0,89.09,343.0,33.0,0.0,9.0,17.0,6.0,2.0,1.0,7.0,2.0,2.0,,,
20241112040,2024,20,Storm,Roosters,True,24,8,52.0,1656.0,77.0,31.0,40.0,182.0,1816.0,591.0,8.0,33.0,45.42,79.0,3.52,8.0,399.0,214.0,17.0,20.0,465.0,0.0,67.0,4.0,6.0,7.0,3.0,84.02,284.0,31.0,1.0,23.0,11.0,4.0,1.0,2.0,7.0,0.0,1.0,,,
20241112050,2024,20,Dolphins,Panthers,False,26,28,48.0,1729.0,92.0,37.0,40.0,205.0,1797.0,564.0,7.0,34.0,44.93,165.0,3.33,8.0,467.0,265.0,27.0,25.0,729.0,1.0,60.0,6.0,10.0,2.0,3.0,84.22,331.0,48.0,1.0,14.0,5.0,8.0,4.0,,8.0,3.0,1.0,,,2.0
20241112050,2024,20,Panthers,Dolphins,True,28,26,52.0,1808.0,76.0,36.0,47.0,222.0,2046.0,529.0,7.0,48.0,43.53,249.0,3.26,10.0,506.0,297.0,28.0,18.0,530.0,1.0,75.0,6.0,8.0,2.0,3.0,88.14,379.0,34.0,0.0,17.0,12.0,5.0,3.0,,8.0,2.0,0.0,,,0.0
20241112060,2024,20,Titans,Sea Eagles,False,8,38,51.0,1635.0,79.0,34.0,43.0,183.0,1739.0,578.0,7.0,47.0,40.44,110.0,3.49,14.0,429.0,244.0,13.0,18.0,437.0,3.0,100.0,8.0,8.0,1.0,5.0,83.33,270.0,41.0,0.0,13.0,9.0,5.0,2.0,,8.0,,,,,2.0
20241112060,2024,20,Sea Eagles,Titans,True,38,8,49.0,1570.0,76.0,33.0,43.0,178.0,1979.0,564.0,9.0,41.0,46.02,234.0,3.56,10.0,417.0,242.0,20.0,15.0,336.0,3.0,90.0,9.0,10.0,5.0,5.0,80.45,288.0,47.0,1.0,23.0,12.0,3.0,6.0,,8.0,,,,,2.0
20241112070,2024,20,Bulldogs,Cowboys,False,18,20,53.0,1672.0,80.0,34.0,42.0,187.0,1578.0,510.0,2.0,26.0,37.57,127.0,3.45,7.0,449.0,257.0,35.0,21.0,590.0,2.0,45.0,5.0,11.0,6.0,6.0,88.25,338.0,33.0,,12.0,8.0,9.0,2.0,0.0,8.0,,1.0,,,1.0
20241112070,2024,20,Cowboys,Bulldogs,True,20,18,47.0,1524.0,74.0,29.0,39.0,168.0,1487.0,511.0,4.0,33.0,38.15,143.0,3.7,8.0,400.0,223.0,34.0,16.0,424.0,1.0,60.0,9.0,15.0,5.0,2.0,89.06,350.0,26.0,,17.0,14.0,6.0,3.0,1.0,8.0,,0.0,,,1.0
20241112110,2024,21,Wests Tigers,Warriors,False,16,28,49.0,1565.0,80.0,34.0,42.0,176.0,1425.0,389.0,5.0,28.0,33.94,87.0,3.42,7.0,407.0,224.0,44.0,20.0,567.0,0.0,62.0,5.0,8.0,3.0,5.0,88.31,355.0,40.0,0.0,7.0,12.0,4.0,4.0,3.0,8.0,,,,,0.0
20241112110,2024,21,Warriors,Wests Tigers,True,28,16,51.0,1640.0,77.0,31.0,40.0,189.0,1798.0,454.0,8.0,40.0,44.97,246.0,3.28,3.0,423.0,245.0,19.0,17.0,471.0,2.0,44.0,4.0,9.0,5.0,3.0,89.22,331.0,28.0,1.0,12.0,10.0,4.0,4.0,0.0,8.0,,,,,4.0
20241112120,2024,21,Storm,Eels,False,32,14,45.0,1521.0,77.0,31.0,40.0,185.0,1818.0,526.0,9.0,36.0,45.47,233.0,3.52,15.0,389.0,209.0,10.0,20.0,619.0,0.0,62.0,8.0,13.0,8.0,2.0,87.06,350.0,32.0,,20.0,13.0,5.0,4.0,2.0,8.0,,0.0,,,
20241112120,2024,21,Eels,Storm,True,14,32,55.0,1841.0,81.0,35.0,43.0,225.0,1808.0,574.0,5.0,32.0,42.05,137.0,3.59,13.0,508.0,290.0,26.0,21.0,654.0,2.0,78.0,7.0,9.0,6.0,3.0,83.29,294.0,36.0,,23.0,13.0,3.0,1.0,0.0,8.0,,1.0,,,
20241112130,2024,21,Bulldogs,Broncos,False,41,16,55.0,1713.0,74.0,29.0,39.0,210.0,1846.0,469.0,11.0,32.0,47.34,125.0,3.48,10.0,478.0,282.0,30.0,20.0,676.0,2.0,75.0,9.0,12.0,5.0,2.0,80.99,277.0,45.0,0.0,20.0,11.0,5.0,1.0,0.0,8.0,,,0.0,,0.0
20241112130,2024,21,Broncos,Bulldogs,True,16,41,45.0,1409.0,82.0,29.0,35.0,157.0,1223.0,354.0,2.0,45.0,34.96,101.0,3.14,13.0,356.0,183.0,5.0,23.0,672.0,0.0,57.0,4.0,7.0,6.0,3.0,87.02,342.0,32.0,1.0,19.0,10.0,3.0,0.0,2.0,7.0,,,1.0,,1.0
20241112140,2024,21,Sharks,Cowboys,False,22,30,48.0,1517.0,80.0,34.0,42.0,188.0,1496.0,500.0,4.0,39.0,35.64,229.0,3.49,14.0,415.0,220.0,7.0,22.0,597.0,1.0,73.0,8.0,11.0,6.0,6.0,91.29,346.0,31.0,,2.0,9.0,5.0,2.0,,8.0,2.0,1.0,1.0,,0.0
20241112140,2024,21,Cowboys,Sharks,True,30,22,52.0,1695.0,85.0,35.0,41.0,197.0,1679.0,514.0,11.0,31.0,40.96,186.0,3.5,0.0,456.0,259.0,21.0,25.0,711.0,2.0,38.0,5.0,13.0,2.0,10.0,82.67,291.0,39.0,,22.0,9.0,4.0,1.0,,8.0,0.0,0.0,0.0,,1.0
20241112150,2024,21,Sea Eagles,Roosters,False,30,34,59.0,1882.0,89.0,42.0,47.0,216.0,1764.0,488.0,2.0,29.0,37.54,194.0,3.55,2.0,487.0,282.0,11.0,28.0,882.0,4.0,40.0,2.0,5.0,5.0,11.0,87.09,263.0,28.0,4.0,11.0,7.0,3.0,1.0,1.0,8.0,,,,,0.0
20241112150,2024,21,Roosters,Sea Eagles,True,34,30,41.0,1302.0,73.0,31.0,42.0,151.0,1531.0,491.0,6.0,28.0,36.46,174.0,3.48,8.0,354.0,184.0,17.0,20.0,685.0,0.0,91.0,10.0,11.0,3.0,2.0,92.44,379.0,29.0,0.0,2.0,14.0,7.0,2.0,3.0,7.0,,,,,1.0
20241112160,2024,21,Panthers,Dragons,False,46,10,58.0,1927.0,80.0,32.0,40.0,233.0,2073.0,631.0,10.0,42.0,51.85,113.0,3.52,14.0,512.0,304.0,19.0,20.0,338.0,3.0,100.0,3.0,3.0,4.0,9.0,81.33,305.0,42.0,0.0,28.0,9.0,8.0,2.0,2.0,7.0,,,0.0,,0.0
20241112160,2024,21,Dragons,Panthers,True,10,46,42.0,1361.0,66.0,24.0,36.0,152.0,1277.0,453.0,3.0,42.0,35.47,71.0,3.49,15.0,351.0,195.0,21.0,14.0,480.0,1.0,59.0,10.0,17.0,1.0,1.0,86.18,374.0,42.0,1.0,18.0,13.0,7.0,1.0,4.0,8.0,,,1.0,,1.0
20241112170,2024,21,Titans,Dolphins,False,21,14,57.0,1933.0,86.0,38.0,44.0,225.0,1966.0,572.0,5.0,44.0,44.7,160.0,3.16,18.0,497.0,271.0,9.0,25.0,624.0,1.0,87.0,13.0,15.0,8.0,2.0,89.27,316.0,27.0,1.0,11.0,7.0,6.0,0.0,0.0,7.0,,0.0,,,1.0
20241112170,2024,21,Dolphins,Titans,True,14,21,43.0,1449.0,72.0,26.0,36.0,155.0,1523.0,424.0,3.0,27.0,42.32,183.0,3.15,6.0,361.0,195.0,0.0,18.0,541.0,1.0,57.0,8.0,14.0,4.0,3.0,84.44,380.0,44.0,1.0,26.0,13.0,6.0,3.0,1.0,8.0,,1.0,,,0.0
20241112180,2024,21,Rabbitohs,Raiders,False,12,32,49.0,1632.0,85.0,34.0,40.0,207.0,1653.0,558.0,2.0,36.0,41.35,119.0,3.4,11.0,394.0,208.0,17.0,18.0,535.0,1.0,60.0,9.0,15.0,6.0,2.0,84.5,338.0,46.0,1.0,16.0,7.0,7.0,2.0,0.0,8.0,,0.0,,,2.0
20241112180,2024,21,Raiders,Rabbitohs,True,32,12,51.0,1626.0,80.0,34.0,42.0,184.0,1720.0,642.0,5.0,46.0,40.96,169.0,3.49,9.0,393.0,197.0,19.0,23.0,607.0,1.0,89.0,8.0,9.0,10.0,4.0,85.61,363.0,36.0,0.0,25.0,15.0,6.0,2.0,1.0,7.0,,1.0,,,2.0
20241112210,2024,22,Cowboys,Wests Tigers,False,48,30,55.0,1658.0,82.0,33.0,40.0,188.0,1774.0,584.0,8.0,39.0,44.37,207.0,3.46,8.0,426.0,245.0,19.0,18.0,513.0,1.0,77.0,10.0,13.0,7.0,1.0,85.0,272.0,29.0,2.0,19.0,7.0,6.0,1.0,1.0,6.0,,,,0.0,2.0
20241112210,2024,22,Wests Tigers,Cowboys,True,30,48,45.0,1337.0,74.0,29.0,39.0,164.0,1565.0,529.0,7.0,29.0,40.14,158.0,3.41,11.0,360.0,197.0,24.0,15.0,398.0,1.0,50.0,4.0,8.0,6.0,2.0,86.22,319.0,39.0,1.0,12.0,12.0,7.0,2.0,0.0,7.0,,,,1.0,1.0
20241112220,2024,22,Eels,Warriors,False,30,20,48.0,1607.0,75.0,31.0,41.0,195.0,1660.0,425.0,6.0,27.0,40.51,100.0,3.33,12.0,443.0,242.0,72.0,20.0,686.0,1.0,53.0,9.0,17.0,3.0,2.0,87.97,373.0,36.0,0.0,15.0,10.0,8.0,5.0,2.0,8.0,1.0,1.0,,,
20241112220,2024,22,Warriors,Eels,True,20,30,52.0,1767.0,82.0,37.0,45.0,208.0,1889.0,500.0,4.0,36.0,41.98,211.0,3.43,9.0,473.0,261.0,50.0,22.0,540.0,0.0,50.0,4.0,8.0,12.0,0.0,89.03,349.0,27.0,1.0,16.0,15.0,3.0,2.0,1.0,8.0,0.0,0.0,,,
20241112230,2024,22,Roosters,Dolphins,False,40,34,51.0,1397.0,88.0,32.0,36.0,177.0,1383.0,525.0,6.0,47.0,38.43,204.0,3.49,14.0,357.0,179.0,14.0,20.0,558.0,1.0,88.0,7.0,8.0,3.0,1.0,85.15,281.0,39.0,,10.0,4.0,8.0,1.0,1.0,6.0,1.0,1.0,,,1.0
20241112230,2024,22,Dolphins,Roosters,True,34,40,49.0,1388.0,77.0,28.0,36.0,167.0,1446.0,488.0,5.0,39.0,40.18,135.0,3.57,5.0,360.0,203.0,21.0,14.0,462.0,2.0,67.0,6.0,9.0,6.0,2.0,80.29,281.0,47.0,,22.0,7.0,7.0,1.0,1.0,8.0,1.0,0.0,,,1.0
20241112240,2024,22,Broncos,Titans,False,18,46,43.0,1213.0,83.0,26.0,31.0,143.0,1362.0,353.0,3.0,20.0,43.95,171.0,3.42,6.0,316.0,171.0,1.0,20.0,479.0,2.0,71.0,5.0,7.0,3.0,5.0,87.92,342.0,31.0,,16.0,9.0,6.0,2.0,3.0,6.0,2.0,0.0,,,2.0
20241112240,2024,22,Titans,Broncos,True,46,18,57.0,1579.0,84.0,37.0,44.0,176.0,1699.0,481.0,7.0,31.0,38.63,184.0,3.68,9.0,401.0,215.0,5.0,18.0,548.0,1.0,93.0,13.0,14.0,5.0,2.0,89.22,273.0,20.0,,13.0,6.0,5.0,3.0,1.0,7.0,0.0,1.0,,,0.0
20241112250,2024,22,Dragons,Storm,False,18,16,50.0,1600.0,80.0,29.0,36.0,197.0,1747.0,560.0,4.0,31.0,48.55,81.0,3.58,10.0,440.0,251.0,11.0,23.0,595.0,1.0,60.0,9.0,15.0,4.0,4.0,89.77,351.0,23.0,1.0,17.0,11.0,6.0,2.0,0.0,8.0,,,,,
20241112250,2024,22,Storm,Dragons,True,16,18,50.0,1601.0,73.0,28.0,38.0,174.0,1857.0,636.0,5.0,23.0,48.89,144.0,3.56,8.0,399.0,220.0,14.0,17.0,294.0,0.0,42.0,5.0,12.0,4.0,5.0,87.1,324.0,31.0,0.0,17.0,11.0,7.0,0.0,2.0,8.0,,,,,
20241112260,2024,22,Rabbitohs,Sharks,False,6,20,51.0,1678.0,73.0,34.0,46.0,190.0,1716.0,704.0,5.0,44.0,37.32,153.0,3.41,10.0,408.0,215.0,14.0,22.0,525.0,3.0,71.0,10.0,14.0,5.0,6.0,91.28,335.0,26.0,,6.0,11.0,7.0,2.0,2.0,8.0,1.0,,,,0.0
20241112260,2024,22,Sharks,Rabbitohs,True,20,6,49.0,1623.0,72.0,31.0,43.0,177.0,1714.0,712.0,4.0,26.0,39.88,129.0,3.51,2.0,402.0,219.0,3.0,19.0,583.0,1.0,78.0,7.0,9.0,10.0,3.0,85.29,342.0,44.0,,15.0,16.0,7.0,3.0,3.0,8.0,1.0,,,,2.0
20241112270,2024,22,Knights,Panthers,False,14,22,48.0,1613.0,87.0,35.0,40.0,200.0,1884.0,751.0,4.0,37.0,47.12,182.0,3.44,6.0,439.0,243.0,16.0,25.0,846.0,2.0,94.0,17.0,18.0,6.0,4.0,84.56,334.0,46.0,,15.0,6.0,10.0,2.0,1.0,8.0,1.0,,,,1.0
20241112270,2024,22,Panthers,Knights,True,22,14,52.0,1755.0,88.0,37.0,42.0,228.0,2248.0,759.0,5.0,46.0,53.55,225.0,3.52,9.0,487.0,293.0,17.0,23.0,525.0,1.0,100.0,7.0,7.0,10.0,4.0,88.06,354.0,37.0,,11.0,7.0,6.0,0.0,1.0,7.0,0.0,,,,1.0
20241112280,2024,22,Raiders,Bulldogs,False,18,22,49.0,1593.0,85.0,34.0,40.0,174.0,1427.0,478.0,4.0,32.0,35.69,142.0,2.94,11.0,416.0,219.0,0.0,22.0,595.0,0.0,65.0,11.0,17.0,7.0,4.0,88.22,337.0,28.0,0.0,17.0,10.0,6.0,1.0,2.0,7.0,1.0,,,,2.0
20241112280,2024,22,Bulldogs,Raiders,True,22,18,51.0,1687.0,85.0,36.0,42.0,191.0,1703.0,454.0,4.0,28.0,40.56,157.0,3.41,10.0,474.0,280.0,41.0,23.0,656.0,2.0,33.0,4.0,12.0,10.0,4.0,87.47,356.0,32.0,1.0,19.0,8.0,6.0,1.0,0.0,7.0,0.0,,,,1.0
20241112310,2024,23,Storm,Rabbitohs,False,28,16,54.0,1620.0,79.0,31.0,39.0,184.0,1853.0,626.0,5.0,46.0,47.53,208.0,3.57,4.0,409.0,229.0,8.0,20.0,511.0,2.0,78.0,7.0,9.0,6.0,3.0,86.89,285.0,35.0,0.0,8.0,13.0,5.0,2.0,1.0,7.0,0.0,,,,0.0
20241112310,2024,23,Rabbitohs,Storm,True,16,28,46.0,1417.0,69.0,27.0,39.0,168.0,1510.0,511.0,3.0,35.0,38.74,99.0,3.43,5.0,385.0,225.0,22.0,17.0,493.0,1.0,55.0,6.0,11.0,2.0,6.0,86.4,324.0,46.0,1.0,5.0,13.0,6.0,2.0,2.0,7.0,1.0,,,,1.0
20241112320,2024,23,Sharks,Titans,False,44,0,49.0,1615.0,82.0,34.0,41.0,184.0,1805.0,579.0,5.0,42.0,44.05,234.0,3.34,13.0,417.0,229.0,10.0,19.0,563.0,0.0,80.0,8.0,10.0,5.0,3.0,86.68,332.0,35.0,,16.0,8.0,12.0,5.0,2.0,8.0,0.0,1.0,,,1.0
20241112320,2024,23,Titans,Sharks,True,0,44,51.0,1721.0,81.0,35.0,43.0,194.0,1475.0,490.0,0.0,35.0,34.32,132.0,3.46,12.0,425.0,240.0,34.0,20.0,582.0,4.0,30.0,3.0,10.0,3.0,7.0,83.72,324.0,42.0,,21.0,10.0,5.0,2.0,2.0,6.0,1.0,1.0,,,1.0
20241112330,2024,23,Panthers,Eels,False,36,34,49.0,1423.0,75.0,27.0,36.0,181.0,1587.0,475.0,7.0,43.0,44.1,214.0,3.48,8.0,382.0,223.0,7.0,14.0,457.0,,75.0,3.0,4.0,2.0,1.0,89.77,316.0,27.0,,9.0,10.0,9.0,2.0,3.0,7.0,1.0,1.0,,,
20241112330,2024,23,Eels,Panthers,True,34,36,51.0,1441.0,88.0,32.0,36.0,173.0,1382.0,461.0,5.0,27.0,38.4,116.0,3.39,4.0,405.0,236.0,30.0,17.0,525.0,,20.0,1.0,5.0,4.0,2.0,82.73,273.0,43.0,,14.0,7.0,3.0,5.0,1.0,6.0,0.0,0.0,,,
20241112340,2024,23,Sea Eagles,Raiders,False,46,24,47.0,1480.0,80.0,29.0,36.0,188.0,1855.0,503.0,9.0,35.0,51.54,175.0,3.32,4.0,398.0,233.0,15.0,19.0,584.0,,100.0,10.0,10.0,4.0,5.0,87.57,310.0,29.0,,15.0,7.0,7.0,3.0,1.0,8.0,,0.0,,,4.0
20241112340,2024,23,Raiders,Sea Eagles,True,24,46,53.0,1729.0,88.0,38.0,43.0,174.0,1666.0,513.0,6.0,29.0,38.75,206.0,3.27,9.0,412.0,238.0,2.0,21.0,610.0,,88.0,7.0,8.0,6.0,3.0,88.27,301.0,35.0,,5.0,7.0,3.0,2.0,1.0,7.0,,1.0,,,0.0
20241112350,2024,23,Broncos,Cowboys,False,42,18,50.0,1590.0,78.0,32.0,41.0,191.0,1775.0,552.0,8.0,42.0,43.3,192.0,3.45,9.0,430.0,236.0,8.0,21.0,568.0,0.0,38.0,3.0,8.0,5.0,3.0,90.44,331.0,27.0,,8.0,15.0,6.0,1.0,,8.0,,,,,
20241112350,2024,23,Cowboys,Broncos,True,18,42,50.0,1629.0,78.0,32.0,41.0,187.0,1508.0,543.0,3.0,27.0,36.78,83.0,3.4,7.0,429.0,239.0,31.0,19.0,540.0,1.0,62.0,8.0,13.0,8.0,2.0,83.98,304.0,42.0,,16.0,14.0,4.0,2.0,,8.0,,,,,
20241112360,2024,23,Bulldogs,Dragons,False,28,10,56.0,1952.0,71.0,33.0,46.0,201.0,2149.0,781.0,6.0,25.0,46.72,227.0,3.53,7.0,468.0,257.0,6.0,23.0,672.0,4.0,78.0,7.0,9.0,5.0,4.0,83.42,312.0,43.0,3.0,19.0,14.0,2.0,1.0,2.0,7.0,,,,,2.0
20241112360,2024,23,Dragons,Bulldogs,True,10,28,44.0,1569.0,69.0,25.0,36.0,189.0,1634.0,679.0,2.0,43.0,45.41,106.0,3.5,10.0,426.0,233.0,14.0,20.0,647.0,0.0,60.0,6.0,10.0,4.0,2.0,91.06,377.0,25.0,2.0,12.0,14.0,4.0,1.0,1.0,8.0,,,,,0.0
20241112370,2024,23,Warriors,Dolphins,False,32,34,50.0,1694.0,84.0,32.0,38.0,222.0,2100.0,846.0,3.0,35.0,55.27,246.0,3.43,10.0,463.0,243.0,20.0,24.0,609.0,0.0,75.0,3.0,4.0,5.0,5.0,84.5,327.0,45.0,,15.0,9.0,4.0,1.0,0.0,6.0,1.0,1.0,,,0.0
20241112370,2024,23,Dolphins,Warriors,True,34,32,50.0,1647.0,73.0,30.0,41.0,195.0,1936.0,660.0,3.0,45.0,47.23,189.0,3.5,10.0,423.0,230.0,18.0,18.0,630.0,1.0,53.0,8.0,15.0,1.0,3.0,88.5,377.0,35.0,,14.0,10.0,3.0,1.0,1.0,9.0,0.0,0.0,,,2.0
20241112380,2024,23,Wests Tigers,Knights,False,18,34,50.0,1574.0,92.0,37.0,40.0,192.0,1631.0,462.0,3.0,24.0,40.79,75.0,3.53,11.0,421.0,240.0,5.0,27.0,661.0,1.0,63.0,12.0,19.0,5.0,7.0,87.26,315.0,32.0,,14.0,8.0,8.0,2.0,1.0,7.0,,,,,1.0
20241112380,2024,23,Knights,Wests Tigers,True,34,18,50.0,1570.0,82.0,34.0,41.0,187.0,1820.0,496.0,5.0,32.0,44.4,237.0,3.13,9.0,421.0,241.0,30.0,23.0,544.0,1.0,44.0,8.0,18.0,10.0,5.0,88.12,304.0,24.0,,17.0,9.0,8.0,0.0,0.0,8.0,,,,,1.0
20241112410,2024,24,Storm,Panthers,False,24,22,48.0,1579.0,85.0,35.0,41.0,190.0,1628.0,541.0,4.0,35.0,39.72,112.0,3.53,5.0,415.0,218.0,20.0,21.0,686.0,1.0,64.0,7.0,11.0,4.0,3.0,90.84,337.0,26.0,,8.0,7.0,8.0,0.0,1.0,6.0,1.0,1.0,,,1.0
20241112410,2024,24,Panthers,Storm,True,22,24,52.0,1688.0,80.0,33.0,41.0,217.0,1724.0,501.0,5.0,26.0,42.05,203.0,3.51,8.0,453.0,261.0,12.0,21.0,575.0,1.0,50.0,3.0,6.0,6.0,6.0,89.9,374.0,35.0,,7.0,11.0,6.0,3.0,2.0,8.0,1.0,0.0,,,0.0
20241112420,2024,24,Warriors,Sea Eagles,False,10,24,47.0,1548.0,75.0,36.0,48.0,202.0,1823.0,539.0,3.0,32.0,37.98,239.0,3.12,7.0,418.0,238.0,24.0,20.0,562.0,1.0,50.0,5.0,10.0,6.0,4.0,92.41,365.0,29.0,,1.0,12.0,7.0,1.0,4.0,8.0,,,0.0,,2.0
20241112420,2024,24,Sea Eagles,Warriors,True,24,10,53.0,1732.0,80.0,36.0,45.0,184.0,1705.0,535.0,7.0,29.0,37.9,150.0,3.49,1.0,441.0,248.0,14.0,23.0,816.0,1.0,89.0,8.0,9.0,3.0,3.0,87.91,320.0,32.0,,12.0,10.0,6.0,6.0,4.0,8.0,,,1.0,,2.0
20241112430,2024,24,Eels,Roosters,False,14,38,48.0,1380.0,77.0,31.0,40.0,168.0,1312.0,396.0,6.0,38.0,32.81,120.0,3.51,11.0,369.0,214.0,7.0,15.0,479.0,1.0,43.0,3.0,7.0,2.0,7.0,79.51,295.0,57.0,0.0,19.0,10.0,8.0,2.0,2.0,8.0,,2.0,,,3.0
20241112430,2024,24,Roosters,Eels,True,38,14,52.0,1500.0,76.0,32.0,42.0,178.0,1660.0,532.0,10.0,57.0,39.52,166.0,3.52,12.0,382.0,209.0,24.0,16.0,392.0,2.0,62.0,5.0,8.0,4.0,3.0,82.66,286.0,38.0,1.0,22.0,13.0,8.0,2.0,1.0,7.0,,1.0,,,2.0
20241112440,2024,24,Dolphins,Bulldogs,False,10,30,45.0,1398.0,81.0,30.0,37.0,167.0,1440.0,450.0,1.0,20.0,38.93,97.0,3.42,14.0,382.0,207.0,11.0,19.0,664.0,1.0,85.0,11.0,13.0,2.0,4.0,90.61,357.0,22.0,1.0,15.0,9.0,7.0,1.0,3.0,8.0,,,,,0.0
20241112440,2024,24,Bulldogs,Dolphins,True,30,10,55.0,1735.0,81.0,36.0,44.0,215.0,2130.0,605.0,6.0,22.0,48.42,261.0,3.23,10.0,462.0,259.0,9.0,22.0,679.0,3.0,100.0,5.0,5.0,7.0,3.0,84.71,277.0,20.0,0.0,30.0,11.0,4.0,1.0,0.0,8.0,,,,,1.0
20241112450,2024,24,Raiders,Cowboys,False,4,42,47.0,1526.0,75.0,30.0,40.0,166.0,1378.0,572.0,1.0,23.0,34.46,50.0,3.54,17.0,416.0,230.0,7.0,18.0,655.0,1.0,75.0,12.0,16.0,0.0,3.0,87.99,359.0,38.0,1.0,11.0,14.0,5.0,4.0,2.0,8.0,1.0,,,,
20241112450,2024,24,Cowboys,Raiders,True,42,4,53.0,1748.0,82.0,37.0,45.0,204.0,2105.0,744.0,9.0,38.0,46.79,245.0,3.47,8.0,445.0,241.0,30.0,20.0,461.0,1.0,60.0,3.0,5.0,8.0,1.0,84.49,305.0,23.0,1.0,33.0,12.0,3.0,7.0,2.0,7.0,1.0,,,,
20241112460,2024,24,Rabbitohs,Wests Tigers,False,16,18,52.0,1636.0,78.0,32.0,41.0,207.0,2075.0,750.0,7.0,56.0,50.63,166.0,3.41,11.0,435.0,248.0,2.0,15.0,397.0,2.0,60.0,3.0,5.0,5.0,4.0,91.58,337.0,24.0,,7.0,12.0,9.0,2.0,4.0,6.0,0.0,1.0,,,2.0
20241112460,2024,24,Wests Tigers,Rabbitohs,True,18,16,48.0,1521.0,87.0,34.0,39.0,183.0,1706.0,683.0,3.0,24.0,43.75,106.0,3.53,6.0,398.0,224.0,17.0,20.0,563.0,1.0,67.0,6.0,9.0,2.0,2.0,81.59,328.0,56.0,,18.0,8.0,7.0,4.0,2.0,8.0,1.0,0.0,,,0.0
20241112470,2024,24,Titans,Dragons,False,16,32,50.0,1691.0,86.0,37.0,43.0,199.0,1992.0,651.0,4.0,24.0,46.33,198.0,3.48,3.0,426.0,237.0,10.0,22.0,477.0,2.0,71.0,5.0,7.0,7.0,5.0,86.28,371.0,41.0,,18.0,8.0,5.0,3.0,1.0,7.0,,0.0,,,
20241112470,2024,24,Dragons,Titans,True,32,16,50.0,1693.0,78.0,33.0,42.0,187.0,1840.0,752.0,7.0,41.0,43.81,173.0,3.56,9.0,428.0,221.0,17.0,21.0,717.0,1.0,79.0,11.0,14.0,6.0,0.0,93.13,366.0,24.0,,3.0,11.0,5.0,5.0,1.0,8.0,,1.0,,,
20241112480,2024,24,Knights,Sharks,False,18,19,44.0,1496.0,72.0,31.0,43.0,188.0,1642.0,498.0,7.0,30.0,38.2,104.0,3.03,14.0,415.0,227.0,12.0,15.0,465.0,1.0,73.0,8.0,11.0,7.0,2.0,84.31,387.0,44.0,,28.0,13.0,8.0,2.0,0.0,8.0,1.0,1.0,,,2.0
20241112480,2024,24,Sharks,Knights,True,19,18,56.0,1918.0,72.0,31.0,43.0,216.0,1953.0,640.0,5.0,44.0,45.43,100.0,3.41,16.0,508.0,298.0,26.0,16.0,386.0,0.0,46.0,6.0,13.0,6.0,1.0,86.73,340.0,30.0,,22.0,17.0,8.0,3.0,1.0,9.0,0.0,0.0,,,0.0
20241112510,2024,25,Sea Eagles,Wests Tigers,False,26,34,46.0,1312.0,67.0,25.0,37.0,151.0,1484.0,546.0,7.0,27.0,40.11,141.0,3.47,2.0,379.0,224.0,2.0,15.0,536.0,1.0,62.0,8.0,13.0,1.0,1.0,85.87,310.0,39.0,2.0,12.0,15.0,8.0,3.0,2.0,8.0,,3.0,,,0.0
20241112510,2024,25,Wests Tigers,Sea Eagles,True,34,26,54.0,1573.0,75.0,33.0,44.0,187.0,1794.0,686.0,6.0,39.0,40.79,180.0,3.53,5.0,428.0,246.0,28.0,16.0,337.0,0.0,60.0,3.0,5.0,7.0,5.0,90.07,272.0,27.0,1.0,3.0,12.0,5.0,1.0,0.0,7.0,,0.0,,,1.0
20241112520,2024,25,Bulldogs,Warriors,False,34,18,52.0,1529.0,76.0,30.0,39.0,164.0,1462.0,412.0,4.0,28.0,37.51,95.0,3.61,4.0,389.0,228.0,31.0,17.0,442.0,2.0,12.0,1.0,8.0,3.0,7.0,84.82,313.0,41.0,,15.0,10.0,6.0,6.0,3.0,8.0,,,1.0,,2.0
20241112520,2024,25,Warriors,Bulldogs,True,18,34,48.0,1410.0,78.0,30.0,38.0,162.0,1313.0,444.0,4.0,41.0,34.57,118.0,3.38,10.0,380.0,210.0,16.0,13.0,289.0,2.0,50.0,4.0,8.0,4.0,4.0,89.72,323.0,28.0,,9.0,13.0,5.0,1.0,1.0,7.0,,,0.0,,2.0
20241112530,2024,25,Eels,Broncos,False,24,30,52.0,1646.0,73.0,30.0,41.0,203.0,1710.0,652.0,2.0,23.0,41.72,193.0,3.56,17.0,460.0,250.0,10.0,22.0,524.0,1.0,64.0,7.0,11.0,10.0,4.0,86.18,318.0,40.0,1.0,11.0,13.0,4.0,2.0,2.0,7.0,2.0,,,,1.0
20241112530,2024,25,Broncos,Eels,True,30,24,48.0,1501.0,84.0,33.0,39.0,182.0,1598.0,544.0,6.0,40.0,41.0,125.0,3.35,6.0,399.0,209.0,8.0,25.0,742.0,0.0,56.0,9.0,16.0,7.0,4.0,87.06,343.0,23.0,1.0,28.0,13.0,5.0,1.0,0.0,7.0,0.0,,,,0.0
20241112540,2024,25,Panthers,Raiders,False,18,22,53.0,1767.0,85.0,34.0,40.0,192.0,1791.0,499.0,7.0,32.0,44.8,246.0,3.22,12.0,436.0,242.0,37.0,23.0,546.0,2.0,78.0,7.0,9.0,9.0,6.0,88.15,320.0,34.0,0.0,9.0,9.0,5.0,1.0,1.0,8.0,1.0,,,,1.0
20241112540,2024,25,Raiders,Panthers,True,22,18,47.0,1535.0,86.0,33.0,38.0,157.0,1515.0,455.0,2.0,34.0,39.88,147.0,3.28,5.0,347.0,172.0,6.0,22.0,856.0,1.0,61.0,11.0,18.0,7.0,1.0,88.24,375.0,32.0,3.0,18.0,4.0,9.0,2.0,1.0,8.0,0.0,,,,0.0
20241112550,2024,25,Dolphins,Storm,False,6,48,39.0,1175.0,76.0,23.0,30.0,151.0,1224.0,467.0,3.0,19.0,40.8,75.0,3.5,9.0,326.0,180.0,10.0,16.0,412.0,1.0,61.0,11.0,18.0,3.0,3.0,82.92,364.0,54.0,,21.0,10.0,6.0,2.0,2.0,8.0,0.0,1.0,,,2.0
20241112550,2024,25,Storm,Dolphins,True,48,6,61.0,1857.0,82.0,41.0,50.0,225.0,2233.0,820.0,14.0,54.0,44.67,307.0,3.57,12.0,501.0,276.0,30.0,24.0,486.0,5.0,78.0,7.0,9.0,5.0,12.0,87.41,243.0,19.0,,16.0,11.0,6.0,1.0,0.0,7.0,1.0,0.0,,,0.0
20241112560,2024,25,Knights,Rabbitohs,False,36,16,46.0,1421.0,76.0,29.0,38.0,174.0,1751.0,635.0,7.0,48.0,46.1,165.0,3.43,4.0,381.0,209.0,11.0,18.0,439.0,0.0,78.0,7.0,9.0,8.0,2.0,84.85,336.0,32.0,,28.0,13.0,4.0,2.0,1.0,8.0,1.0,1.0,,,1.0
20241112560,2024,25,Rabbitohs,Knights,True,16,36,54.0,1663.0,69.0,27.0,39.0,195.0,1685.0,659.0,2.0,32.0,43.21,103.0,3.51,12.0,437.0,247.0,10.0,18.0,383.0,3.0,75.0,9.0,12.0,3.0,7.0,84.53,306.0,48.0,,8.0,13.0,8.0,1.0,2.0,7.0,0.0,1.0,,,1.0
20241112570,2024,25,Roosters,Titans,False,48,22,51.0,1461.0,84.0,37.0,44.0,183.0,1797.0,563.0,10.0,35.0,40.85,180.0,3.59,8.0,380.0,211.0,13.0,18.0,513.0,,86.0,6.0,7.0,5.0,3.0,82.09,275.0,44.0,,16.0,9.0,9.0,3.0,5.0,6.0,1.0,1.0,,,0.0
20241112570,2024,25,Titans,Roosters,True,22,48,49.0,1421.0,75.0,31.0,41.0,161.0,1603.0,542.0,5.0,44.0,39.12,163.0,3.59,12.0,372.0,206.0,10.0,15.0,378.0,,71.0,5.0,7.0,2.0,3.0,86.01,295.0,35.0,,13.0,14.0,7.0,0.0,1.0,8.0,0.0,0.0,,,2.0
20241112580,2024,25,Sharks,Dragons,False,38,10,55.0,1748.0,77.0,31.0,40.0,211.0,2014.0,642.0,8.0,44.0,50.36,203.0,3.5,10.0,474.0,279.0,30.0,19.0,449.0,2.0,44.0,4.0,9.0,7.0,6.0,86.26,314.0,28.0,0.0,22.0,11.0,9.0,1.0,2.0,8.0,0.0,1.0,,,
20241112580,2024,25,Dragons,Sharks,True,10,38,45.0,1405.0,71.0,27.0,38.0,165.0,1373.0,465.0,2.0,28.0,36.13,109.0,3.1,14.0,384.0,210.0,0.0,18.0,477.0,2.0,45.0,5.0,11.0,4.0,4.0,84.47,348.0,44.0,1.0,20.0,13.0,6.0,1.0,0.0,8.0,1.0,0.0,,,
20241112610,2024,26,Storm,Cowboys,False,30,38,53.0,1537.0,71.0,28.0,39.0,161.0,1560.0,473.0,8.0,42.0,40.02,185.0,3.17,7.0,379.0,211.0,11.0,21.0,463.0,4.0,44.0,4.0,9.0,7.0,4.0,93.79,287.0,16.0,,3.0,13.0,5.0,1.0,0.0,8.0,,,1.0,,1.0
20241112610,2024,26,Cowboys,Storm,True,38,30,47.0,1348.0,71.0,27.0,38.0,156.0,1512.0,475.0,5.0,16.0,39.8,189.0,3.69,3.0,339.0,191.0,39.0,13.0,423.0,0.0,57.0,8.0,14.0,6.0,2.0,85.17,293.0,42.0,,9.0,15.0,4.0,0.0,1.0,8.0,,,0.0,,2.0
20241112620,2024,26,Sea Eagles,Bulldogs,False,34,22,48.0,1642.0,85.0,34.0,40.0,179.0,1654.0,574.0,5.0,34.0,41.35,205.0,3.16,8.0,433.0,235.0,18.0,24.0,805.0,1.0,89.0,8.0,9.0,3.0,3.0,87.24,294.0,25.0,1.0,18.0,6.0,7.0,3.0,2.0,8.0,0.0,,1.0,,
20241112620,2024,26,Bulldogs,Sea Eagles,True,22,34,52.0,1724.0,73.0,30.0,41.0,197.0,1864.0,480.0,5.0,25.0,45.48,203.0,3.5,12.0,456.0,269.0,46.0,21.0,692.0,2.0,40.0,4.0,10.0,4.0,2.0,88.75,363.0,34.0,0.0,12.0,11.0,4.0,3.0,1.0,6.0,1.0,,0.0,,
20241112630,2024,26,Rabbitohs,Panthers,False,12,34,45.0,1332.0,82.0,28.0,34.0,154.0,1235.0,384.0,1.0,36.0,36.33,69.0,3.58,13.0,351.0,193.0,3.0,19.0,437.0,1.0,67.0,6.0,9.0,1.0,7.0,81.98,314.0,46.0,1.0,23.0,11.0,11.0,1.0,2.0,8.0,1.0,1.0,,,
20241112630,2024,26,Panthers,Rabbitohs,True,34,12,55.0,1657.0,81.0,35.0,43.0,189.0,1749.0,588.0,8.0,46.0,40.69,175.0,3.42,17.0,453.0,266.0,18.0,16.0,338.0,1.0,60.0,6.0,10.0,2.0,7.0,83.58,280.0,36.0,0.0,19.0,8.0,10.0,1.0,1.0,6.0,2.0,0.0,,,
20241112640,2024,26,Dragons,Eels,False,40,44,48.0,1416.0,75.0,30.0,40.0,173.0,1639.0,480.0,8.0,35.0,40.99,159.0,3.32,14.0,405.0,239.0,10.0,14.0,351.0,0.0,89.0,8.0,9.0,3.0,4.0,89.87,346.0,27.0,0.0,12.0,13.0,5.0,4.0,,7.0,1.0,,,,0.0
20241112640,2024,26,Eels,Dragons,True,44,40,52.0,1509.0,81.0,35.0,43.0,203.0,1945.0,546.0,9.0,27.0,45.24,201.0,3.63,10.0,409.0,231.0,3.0,16.0,361.0,4.0,50.0,4.0,8.0,5.0,5.0,83.28,284.0,35.0,1.0,22.0,8.0,8.0,2.0,,8.0,0.0,,,,1.0
20241112650,2024,26,Broncos,Dolphins,False,6,40,42.0,1353.0,72.0,26.0,36.0,146.0,1279.0,442.0,2.0,24.0,35.55,92.0,3.43,8.0,356.0,199.0,12.0,15.0,413.0,0.0,67.0,6.0,9.0,3.0,2.0,89.37,370.0,32.0,,12.0,13.0,6.0,2.0,2.0,8.0,1.0,1.0,,,1.0
20241112650,2024,26,Dolphins,Broncos,True,40,6,58.0,1798.0,78.0,36.0,46.0,215.0,1988.0,605.0,9.0,32.0,43.23,208.0,3.55,8.0,459.0,255.0,5.0,17.0,501.0,1.0,100.0,6.0,6.0,4.0,2.0,89.51,290.0,24.0,,10.0,12.0,6.0,1.0,1.0,8.0,1.0,1.0,,,1.0
20241112660,2024,26,Warriors,Sharks,False,30,28,53.0,1693.0,95.0,41.0,43.0,228.0,1864.0,619.0,8.0,47.0,43.36,171.0,3.53,10.0,485.0,279.0,24.0,20.0,613.0,1.0,80.0,4.0,5.0,8.0,2.0,88.12,304.0,35.0,,6.0,5.0,6.0,0.0,2.0,8.0,1.0,0.0,,,2.0
20241112660,2024,26,Sharks,Warriors,True,28,30,47.0,1562.0,84.0,32.0,38.0,172.0,1556.0,593.0,5.0,35.0,40.95,139.0,3.48,3.0,401.0,223.0,4.0,19.0,630.0,0.0,92.0,11.0,12.0,3.0,3.0,84.75,350.0,47.0,,16.0,7.0,8.0,4.0,3.0,8.0,0.0,1.0,,,1.0
20241112670,2024,26,Titans,Knights,False,14,36,49.0,1636.0,85.0,29.0,34.0,189.0,1919.0,740.0,4.0,31.0,56.44,125.0,3.39,9.0,436.0,244.0,3.0,25.0,678.0,1.0,89.0,8.0,9.0,7.0,3.0,83.74,345.0,47.0,0.0,20.0,8.0,5.0,1.0,,7.0,,,,,1.0
20241112670,2024,26,Knights,Titans,True,36,14,51.0,1733.0,87.0,34.0,39.0,212.0,2164.0,822.0,8.0,47.0,55.49,224.0,3.48,14.0,437.0,241.0,15.0,18.0,596.0,0.0,60.0,6.0,10.0,4.0,2.0,87.69,349.0,31.0,1.0,18.0,6.0,2.0,1.0,,8.0,,,,,0.0
20241112680,2024,26,Raiders,Roosters,False,14,12,40.0,1432.0,85.0,29.0,34.0,157.0,1406.0,498.0,2.0,30.0,41.36,95.0,3.41,11.0,346.0,175.0,13.0,20.0,724.0,0.0,57.0,8.0,14.0,5.0,2.0,84.22,427.0,57.0,,23.0,8.0,12.0,4.0,3.0,7.0,,2.0,,,
20241112680,2024,26,Roosters,Raiders,True,12,14,60.0,2108.0,80.0,38.0,47.0,247.0,2095.0,667.0,6.0,57.0,44.59,261.0,3.53,17.0,542.0,322.0,18.0,25.0,443.0,1.0,83.0,5.0,6.0,8.0,7.0,86.74,327.0,30.0,,20.0,12.0,5.0,1.0,1.0,7.0,,0.0,,,
20241112710,2024,27,Storm,Broncos,False,50,12,54.0,1629.0,76.0,32.0,42.0,178.0,2140.0,583.0,13.0,45.0,50.97,305.0,3.39,12.0,401.0,221.0,16.0,17.0,405.0,1.0,78.0,7.0,9.0,6.0,6.0,90.0,288.0,17.0,0.0,15.0,13.0,2.0,7.0,1.0,7.0,,1.0,,,0.0
20241112710,2024,27,Broncos,Storm,True,12,50,46.0,1432.0,81.0,31.0,38.0,163.0,1396.0,459.0,2.0,17.0,36.76,88.0,3.51,8.0,361.0,200.0,28.0,20.0,593.0,2.0,40.0,6.0,15.0,3.0,6.0,84.6,335.0,45.0,1.0,16.0,7.0,5.0,2.0,0.0,8.0,,0.0,,,1.0
20241112720,2024,27,Eels,Wests Tigers,False,60,26,54.0,1562.0,76.0,32.0,42.0,187.0,1885.0,569.0,9.0,35.0,44.9,229.0,3.73,17.0,412.0,221.0,17.0,19.0,361.0,1.0,50.0,3.0,6.0,5.0,5.0,82.35,266.0,37.0,2.0,20.0,13.0,5.0,2.0,0.0,8.0,0.0,0.0,,,2.0
20241112720,2024,27,Wests Tigers,Eels,True,26,60,46.0,1325.0,63.0,26.0,41.0,156.0,1334.0,452.0,5.0,37.0,32.54,116.0,3.17,10.0,358.0,202.0,20.0,12.0,317.0,1.0,46.0,6.0,13.0,3.0,2.0,82.67,310.0,35.0,0.0,30.0,16.0,4.0,1.0,2.0,8.0,1.0,1.0,,,1.0
20241112730,2024,27,Roosters,Rabbitohs,False,36,28,52.0,1468.0,73.0,31.0,42.0,176.0,1652.0,535.0,7.0,35.0,39.34,132.0,3.53,13.0,385.0,210.0,13.0,14.0,415.0,,82.0,9.0,11.0,4.0,1.0,90.35,309.0,25.0,,8.0,11.0,7.0,1.0,2.0,8.0,1.0,,,,0.0
20241112730,2024,27,Rabbitohs,Roosters,True,28,36,48.0,1333.0,77.0,28.0,36.0,159.0,1453.0,447.0,4.0,25.0,40.36,203.0,3.51,5.0,354.0,202.0,8.0,17.0,357.0,,57.0,4.0,7.0,2.0,4.0,86.55,309.0,35.0,,13.0,7.0,9.0,3.0,0.0,6.0,0.0,,,,1.0
20241112740,2024,27,Raiders,Dragons,False,26,24,49.0,1697.0,70.0,29.0,41.0,172.0,1933.0,686.0,4.0,28.0,47.15,191.0,3.44,6.0,396.0,207.0,15.0,20.0,533.0,1.0,31.0,5.0,16.0,4.0,4.0,89.14,402.0,32.0,,17.0,14.0,4.0,1.0,2.0,8.0,,,,,2.0
20241112740,2024,27,Dragons,Raiders,True,24,26,51.0,1760.0,83.0,35.0,42.0,202.0,1985.0,659.0,3.0,32.0,47.26,171.0,3.38,8.0,458.0,248.0,9.0,27.0,691.0,1.0,88.0,7.0,8.0,5.0,7.0,90.77,364.0,28.0,,9.0,11.0,5.0,2.0,1.0,8.0,,,,,0.0
20241112750,2024,27,Cowboys,Bulldogs,False,44,6,56.0,1766.0,80.0,37.0,46.0,206.0,1949.0,584.0,8.0,37.0,42.38,227.0,3.46,3.0,476.0,265.0,16.0,25.0,690.0,2.0,33.0,1.0,3.0,9.0,3.0,86.34,278.0,31.0,2.0,13.0,13.0,4.0,0.0,0.0,8.0,0.0,,,,0.0
20241112750,2024,27,Bulldogs,Cowboys,True,6,44,44.0,1411.0,63.0,24.0,38.0,166.0,1298.0,422.0,2.0,31.0,34.17,85.0,3.53,8.0,382.0,214.0,1.0,19.0,761.0,0.0,85.0,11.0,13.0,2.0,1.0,90.77,403.0,37.0,2.0,4.0,15.0,5.0,1.0,1.0,7.0,1.0,,,,1.0
20241112760,2024,27,Titans,Panthers,False,12,18,45.0,1617.0,73.0,30.0,41.0,180.0,1483.0,509.0,2.0,31.0,36.18,106.0,3.53,5.0,440.0,253.0,20.0,21.0,652.0,1.0,56.0,5.0,9.0,5.0,3.0,90.43,416.0,34.0,,10.0,16.0,7.0,2.0,3.0,8.0,,,,,1.0
20241112760,2024,27,Panthers,Titans,True,18,12,55.0,2007.0,68.0,33.0,48.0,216.0,1900.0,641.0,3.0,34.0,39.6,230.0,3.53,8.0,520.0,305.0,10.0,19.0,558.0,1.0,56.0,5.0,9.0,5.0,4.0,90.12,365.0,31.0,,9.0,15.0,4.0,2.0,1.0,7.0,,,,,1.0
20241112770,2024,27,Sharks,Sea Eagles,False,40,20,54.0,1654.0,73.0,31.0,42.0,210.0,1844.0,490.0,9.0,47.0,43.92,191.0,3.53,6.0,440.0,253.0,32.0,18.0,533.0,2.0,67.0,6.0,9.0,8.0,4.0,92.71,305.0,17.0,,7.0,10.0,8.0,0.0,2.0,8.0,,,,,
20241112770,2024,27,Sea Eagles,Sharks,True,20,40,46.0,1396.0,80.0,29.0,36.0,157.0,1353.0,479.0,3.0,17.0,37.59,111.0,3.16,5.0,390.0,221.0,13.0,19.0,644.0,0.0,90.0,9.0,10.0,5.0,4.0,84.44,304.0,47.0,,9.0,10.0,3.0,3.0,0.0,8.0,,,,,
20241112780,2024,27,Dolphins,Knights,False,6,14,51.0,1853.0,69.0,30.0,43.0,206.0,1710.0,623.0,2.0,44.0,39.77,107.0,3.43,12.0,494.0,282.0,17.0,23.0,674.0,4.0,86.0,6.0,7.0,2.0,5.0,85.88,377.0,50.0,,12.0,12.0,8.0,2.0,1.0,7.0,0.0,1.0,,,1.0
20241112780,2024,27,Knights,Dolphins,True,14,6,49.0,1750.0,78.0,37.0,47.0,205.0,1778.0,688.0,2.0,50.0,37.83,190.0,3.4,5.0,448.0,236.0,2.0,21.0,607.0,2.0,80.0,8.0,10.0,6.0,4.0,85.0,374.0,44.0,,22.0,12.0,3.0,3.0,0.0,8.0,1.0,0.0,,,0.0
20241112810,2024,28,Roosters,Panthers,False,10,30,46.0,1662.0,81.0,31.0,38.0,179.0,1423.0,555.0,2.0,35.0,37.46,87.0,3.3,5.0,436.0,244.0,20.0,21.0,704.0,0.0,68.0,13.0,19.0,7.0,0.0,90.97,403.0,36.0,0.0,4.0,10.0,6.0,2.0,1.0,8.0,,,,,0.0
20241112810,2024,28,Panthers,Roosters,True,30,10,54.0,1905.0,88.0,38.0,43.0,216.0,2029.0,641.0,4.0,36.0,47.2,310.0,3.38,2.0,489.0,281.0,25.0,29.0,660.0,4.0,50.0,4.0,8.0,11.0,8.0,88.67,360.0,35.0,1.0,11.0,7.0,3.0,3.0,0.0,8.0,,,,,2.0
20241112820,2024,28,Sharks,Storm,False,10,37,41.0,1370.0,78.0,26.0,33.0,157.0,1351.0,423.0,4.0,20.0,40.94,107.0,3.61,9.0,365.0,200.0,17.0,20.0,701.0,0.0,59.0,10.0,17.0,6.0,2.0,89.94,456.0,41.0,,10.0,12.0,8.0,1.0,1.0,8.0,,,,,
20241112820,2024,28,Storm,Sharks,True,37,10,59.0,2008.0,95.0,45.0,47.0,230.0,2212.0,753.0,5.0,41.0,47.08,264.0,3.27,7.0,507.0,267.0,26.0,27.0,630.0,1.0,56.0,5.0,9.0,14.0,3.0,88.29,264.0,20.0,,15.0,4.0,3.0,1.0,0.0,7.0,,,,,
20241112830,2024,28,Knights,Cowboys,False,16,28,45.0,1614.0,82.0,33.0,40.0,192.0,1833.0,594.0,3.0,51.0,45.84,198.0,3.12,10.0,411.0,212.0,8.0,25.0,785.0,1.0,57.0,13.0,23.0,11.0,1.0,88.87,423.0,41.0,1.0,12.0,8.0,2.0,3.0,1.0,8.0,,1.0,,,
20241112830,2024,28,Cowboys,Knights,True,28,16,55.0,1945.0,82.0,37.0,45.0,225.0,2256.0,669.0,6.0,41.0,50.15,204.0,3.65,5.0,488.0,257.0,31.0,29.0,725.0,1.0,80.0,12.0,15.0,14.0,4.0,83.76,325.0,51.0,1.0,12.0,10.0,4.0,0.0,0.0,8.0,,0.0,,,
20241112840,2024,28,Sea Eagles,Bulldogs,False,24,22,50.0,1626.0,82.0,32.0,39.0,179.0,1474.0,509.0,4.0,36.0,37.81,142.0,3.5,5.0,417.0,224.0,3.0,21.0,697.0,0.0,82.0,9.0,11.0,9.0,0.0,89.83,318.0,23.0,,13.0,10.0,4.0,1.0,1.0,7.0,,,,,
20241112840,2024,28,Bulldogs,Sea Eagles,True,22,24,50.0,1601.0,85.0,35.0,41.0,173.0,1554.0,476.0,3.0,23.0,37.91,213.0,3.49,7.0,403.0,216.0,28.0,25.0,826.0,4.0,60.0,6.0,10.0,5.0,2.0,89.52,376.0,36.0,,8.0,6.0,5.0,0.0,2.0,8.0,,,,,
20241112910,2024,29,Cowboys,Sharks,False,18,26,42.0,1511.0,75.0,27.0,36.0,185.0,1663.0,471.0,5.0,44.0,46.21,195.0,3.03,8.0,426.0,225.0,18.0,23.0,720.0,0.0,50.0,7.0,14.0,10.0,1.0,82.76,384.0,52.0,0.0,28.0,12.0,3.0,,0.0,8.0,,,,,1.0
20241112910,2024,29,Sharks,Cowboys,True,26,18,58.0,2033.0,72.0,32.0,44.0,236.0,2012.0,623.0,7.0,52.0,45.73,246.0,3.46,18.0,551.0,307.0,4.0,27.0,839.0,4.0,58.0,7.0,12.0,10.0,3.0,85.82,339.0,44.0,1.0,12.0,13.0,1.0,,1.0,7.0,,,,,0.0
20241112920,2024,29,Sea Eagles,Roosters,False,16,40,44.0,1287.0,64.0,20.0,31.0,155.0,1370.0,449.0,2.0,19.0,44.2,161.0,3.38,8.0,335.0,184.0,16.0,15.0,322.0,,50.0,4.0,8.0,3.0,3.0,85.18,316.0,32.0,0.0,23.0,14.0,7.0,,2.0,8.0,1.0,,,,1.0
20241112920,2024,29,Roosters,Sea Eagles,True,40,16,56.0,1640.0,87.0,34.0,39.0,197.0,1711.0,545.0,8.0,32.0,43.89,149.0,3.88,14.0,433.0,236.0,33.0,21.0,621.0,,67.0,6.0,9.0,5.0,2.0,90.03,271.0,19.0,1.0,11.0,6.0,4.0,,0.0,8.0,0.0,,,,0.0
20241113010,2024,30,Roosters,Storm,False,18,48,48.0,1428.0,74.0,26.0,35.0,170.0,1374.0,430.0,4.0,27.0,39.26,120.0,3.7,11.0,390.0,225.0,49.0,16.0,448.0,0.0,45.0,5.0,11.0,5.0,1.0,86.55,354.0,36.0,,19.0,12.0,5.0,1.0,1.0,7.0,,0.0,,,2.0
20241113010,2024,30,Storm,Roosters,True,48,18,52.0,1541.0,87.0,35.0,40.0,171.0,1595.0,487.0,9.0,36.0,39.88,176.0,3.56,7.0,371.0,190.0,12.0,19.0,484.0,1.0,44.0,4.0,9.0,9.0,3.0,86.1,285.0,27.0,,19.0,8.0,6.0,2.0,2.0,8.0,,1.0,,,0.0
20241113020,2024,30,Sharks,Panthers,False,6,26,46.0,1597.0,71.0,28.0,39.0,166.0,1427.0,437.0,1.0,16.0,36.61,185.0,3.47,6.0,424.0,239.0,33.0,21.0,615.0,,47.0,7.0,15.0,6.0,3.0,88.5,400.0,41.0,1.0,11.0,16.0,3.0,3.0,2.0,8.0,0.0,,0.0,,
20241113020,2024,30,Panthers,Sharks,True,26,6,54.0,1884.0,79.0,34.0,43.0,219.0,2027.0,628.0,5.0,41.0,47.16,163.0,3.27,9.0,523.0,298.0,27.0,26.0,766.0,,40.0,6.0,15.0,6.0,4.0,91.79,358.0,16.0,2.0,16.0,11.0,7.0,1.0,1.0,8.0,1.0,,1.0,,
20241113110,2024,31,Panthers,Storm,False,14,6,55.0,2123.0,86.0,38.0,44.0,269.0,2255.0,722.0,4.0,53.0,51.27,186.0,3.64,20.0,579.0,322.0,25.0,28.0,664.0,1.0,31.0,4.0,13.0,11.0,5.0,89.25,407.0,32.0,0.0,17.0,9.0,4.0,2.0,0.0,7.0,,,,,0.0
20241113110,2024,31,Storm,Panthers,True,6,14,45.0,1766.0,81.0,35.0,43.0,205.0,1884.0,622.0,2.0,32.0,43.82,179.0,3.19,10.0,468.0,240.0,19.0,28.0,763.0,0.0,53.0,9.0,17.0,9.0,3.0,84.47,435.0,53.0,1.0,27.0,11.0,3.0,2.0,2.0,8.0,,,,,1.0
20251110110,2025,1,Warriors,Raiders,False,8,30,49.0,1666.0,75.0,31.0,41.0,196.0,1565.0,627.0,2.0,21.0,38.19,125.0,3.57,9.0,449.0,255.0,12.0,22.0,670.0,1.0,33.0,2.0,6.0,4.0,3.0,83.18,356.0,44.0,1.0,28.0,13.0,5.0,1.0,1.0,7.0,,0.0,,,0.0
20251110110,2025,1,Raiders,Warriors,True,30,8,51.0,1713.0,69.0,30.0,43.0,190.0,1822.0,681.0,6.0,44.0,42.39,213.0,3.72,17.0,401.0,205.0,16.0,17.0,584.0,0.0,75.0,6.0,8.0,4.0,2.0,91.3,378.0,21.0,1.0,15.0,13.0,7.0,2.0,2.0,8.0,,1.0,,,1.0
20251110120,2025,1,Sharks,Panthers,False,22,28,50.0,1628.0,78.0,37.0,47.0,183.0,1631.0,542.0,5.0,35.0,34.71,127.0,3.82,6.0,431.0,238.0,11.0,21.0,719.0,,57.0,8.0,14.0,6.0,4.0,91.46,375.0,22.0,,13.0,12.0,4.0,3.0,,8.0,,,,,1.0
20251110120,2025,1,Panthers,Sharks,True,28,22,50.0,1659.0,78.0,36.0,46.0,195.0,1837.0,559.0,7.0,22.0,39.95,149.0,3.17,6.0,460.0,253.0,2.0,23.0,682.0,,62.0,8.0,13.0,8.0,2.0,89.07,391.0,35.0,,13.0,13.0,7.0,2.0,,8.0,,,,,0.0
20251110130,2025,1,Broncos,Roosters,False,50,14,59.0,1640.0,84.0,33.0,39.0,201.0,1922.0,526.0,10.0,37.0,49.29,171.0,3.75,17.0,411.0,217.0,13.0,21.0,438.0,4.0,43.0,3.0,7.0,3.0,6.0,84.64,259.0,30.0,,17.0,8.0,6.0,3.0,0.0,8.0,,1.0,,,1.0
20251110130,2025,1,Roosters,Broncos,True,14,50,41.0,1148.0,73.0,25.0,34.0,134.0,1273.0,411.0,3.0,30.0,37.46,93.0,3.63,8.0,310.0,177.0,4.0,13.0,415.0,1.0,47.0,8.0,17.0,2.0,1.0,85.84,376.0,37.0,,25.0,10.0,6.0,0.0,1.0,7.0,,0.0,,,2.0
20251110140,2025,1,Knights,Wests Tigers,False,10,8,49.0,1669.0,64.0,27.0,42.0,179.0,1817.0,654.0,7.0,51.0,43.28,149.0,3.64,11.0,418.0,232.0,4.0,20.0,530.0,2.0,78.0,14.0,18.0,7.0,5.0,87.17,367.0,26.0,,28.0,16.0,7.0,0.0,1.0,7.0,1.0,,,,
20251110140,2025,1,Wests Tigers,Knights,True,8,10,51.0,1743.0,79.0,31.0,39.0,182.0,1700.0,646.0,1.0,26.0,43.61,150.0,4.18,16.0,426.0,226.0,16.0,25.0,601.0,1.0,75.0,9.0,12.0,8.0,8.0,82.28,339.0,51.0,,22.0,7.0,6.0,1.0,1.0,8.0,2.0,,,,
20251110150,2025,1,Dolphins,Rabbitohs,False,14,16,47.0,1663.0,75.0,31.0,41.0,192.0,1774.0,538.0,4.0,36.0,43.28,235.0,3.33,8.0,428.0,229.0,23.0,24.0,667.0,,56.0,5.0,9.0,7.0,1.0,92.7,432.0,20.0,,14.0,12.0,5.0,1.0,0.0,8.0,1.0,,,,
20251110150,2025,1,Rabbitohs,Dolphins,True,16,14,53.0,1871.0,85.0,34.0,40.0,198.0,1691.0,583.0,2.0,20.0,42.28,146.0,3.57,9.0,454.0,232.0,6.0,24.0,863.0,,73.0,11.0,15.0,3.0,2.0,88.05,361.0,36.0,,13.0,6.0,5.0,2.0,1.0,8.0,0.0,,,,
20251110160,2025,1,Bulldogs,Dragons,False,28,20,55.0,1711.0,74.0,29.0,39.0,188.0,1799.0,483.0,6.0,29.0,46.14,232.0,3.33,6.0,414.0,231.0,21.0,19.0,433.0,,50.0,1.0,2.0,8.0,2.0,84.37,313.0,35.0,,23.0,12.0,6.0,1.0,3.0,8.0,0.0,,,,0.0
20251110160,2025,1,Dragons,Bulldogs,True,20,28,45.0,1413.0,68.0,26.0,38.0,166.0,1446.0,418.0,6.0,35.0,38.05,92.0,3.47,14.0,382.0,212.0,0.0,12.0,466.0,,57.0,8.0,14.0,2.0,1.0,89.95,358.0,29.0,,11.0,15.0,3.0,1.0,1.0,8.0,2.0,,,,2.0
20251110170,2025,1,Cowboys,Sea Eagles,False,12,42,43.0,1427.0,85.0,30.0,35.0,151.0,1511.0,434.0,3.0,27.0,43.19,130.0,3.71,5.0,348.0,189.0,4.0,21.0,599.0,0.0,67.0,4.0,6.0,7.0,4.0,89.43,389.0,36.0,1.0,10.0,8.0,9.0,3.0,1.0,8.0,,,,,2.0
20251110170,2025,1,Sea Eagles,Cowboys,True,42,12,57.0,1892.0,80.0,37.0,46.0,228.0,2113.0,579.0,11.0,36.0,45.95,189.0,4.08,8.0,473.0,264.0,1.0,22.0,636.0,3.0,70.0,7.0,10.0,4.0,5.0,89.34,285.0,27.0,2.0,7.0,11.0,5.0,1.0,1.0,8.0,,,,,0.0
20251110180,2025,1,Eels,Storm,False,18,56,50.0,1504.0,79.0,31.0,39.0,152.0,1267.0,423.0,3.0,13.0,32.5,125.0,4.06,11.0,400.0,227.0,24.0,22.0,566.0,2.0,57.0,4.0,7.0,3.0,2.0,80.51,285.0,41.0,0.0,28.0,12.0,4.0,0.0,0.0,8.0,1.0,,,,1.0
20251110180,2025,1,Storm,Eels,True,56,18,50.0,1483.0,76.0,32.0,42.0,186.0,1899.0,475.0,9.0,41.0,45.23,185.0,3.7,14.0,399.0,227.0,22.0,16.0,468.0,0.0,78.0,7.0,9.0,3.0,2.0,90.63,290.0,13.0,1.0,17.0,11.0,4.0,5.0,1.0,8.0,0.0,,,,1.0
20251110210,2025,2,Dolphins,Knights,False,12,26,52.0,1777.0,73.0,31.0,42.0,198.0,1752.0,588.0,2.0,29.0,41.73,127.0,3.93,10.0,469.0,277.0,20.0,20.0,558.0,0.0,83.0,10.0,12.0,7.0,3.0,85.55,361.0,39.0,0.0,22.0,10.0,5.0,1.0,1.0,7.0,,0.0,,,0.0
20251110210,2025,2,Knights,Dolphins,True,26,12,48.0,1639.0,79.0,34.0,43.0,186.0,1876.0,648.0,8.0,39.0,43.63,192.0,3.9,13.0,419.0,219.0,16.0,22.0,574.0,2.0,77.0,10.0,13.0,4.0,8.0,88.91,385.0,29.0,1.0,19.0,11.0,4.0,5.0,1.0,8.0,,1.0,,,1.0
20251110220,2025,2,Sea Eagles,Warriors,False,16,36,46.0,1443.0,72.0,26.0,36.0,145.0,1349.0,421.0,5.0,16.0,37.49,189.0,3.93,3.0,373.0,217.0,15.0,17.0,592.0,1.0,67.0,8.0,12.0,3.0,3.0,88.73,362.0,39.0,0.0,7.0,12.0,5.0,7.0,1.0,8.0,,1.0,,,4.0
20251110220,2025,2,Warriors,Sea Eagles,True,36,16,54.0,1707.0,91.0,43.0,47.0,186.0,1648.0,531.0,5.0,39.0,35.06,117.0,3.67,7.0,431.0,228.0,36.0,21.0,614.0,1.0,67.0,4.0,6.0,3.0,5.0,93.43,313.0,16.0,1.0,6.0,6.0,4.0,1.0,0.0,8.0,,0.0,,,1.0
20251110230,2025,2,Roosters,Panthers,False,38,32,48.0,1411.0,77.0,27.0,35.0,175.0,1470.0,446.0,8.0,46.0,42.0,141.0,3.4,11.0,368.0,203.0,6.0,16.0,391.0,0.0,50.0,5.0,10.0,10.0,3.0,89.25,332.0,29.0,,11.0,10.0,8.0,2.0,1.0,6.0,1.0,1.0,,,0.0
20251110230,2025,2,Panthers,Roosters,True,32,38,52.0,1499.0,71.0,28.0,39.0,180.0,1501.0,436.0,6.0,29.0,38.49,130.0,3.38,6.0,423.0,250.0,6.0,16.0,398.0,1.0,60.0,6.0,10.0,3.0,4.0,81.23,290.0,46.0,,21.0,13.0,3.0,0.0,0.0,7.0,2.0,0.0,,,1.0
20251110240,2025,2,Rabbitohs,Dragons,False,25,24,49.0,1702.0,81.0,35.0,43.0,187.0,1729.0,508.0,4.0,18.0,40.21,179.0,3.53,1.0,432.0,240.0,2.0,21.0,680.0,1.0,62.0,5.0,8.0,6.0,3.0,86.56,335.0,31.0,,21.0,10.0,3.0,0.0,0.0,8.0,1.0,,,,1.0
20251110240,2025,2,Dragons,Rabbitohs,True,24,25,51.0,1715.0,81.0,30.0,37.0,194.0,1892.0,555.0,7.0,31.0,51.14,264.0,3.74,13.0,462.0,260.0,6.0,19.0,611.0,0.0,78.0,7.0,9.0,5.0,0.0,94.49,377.0,18.0,,4.0,8.0,4.0,4.0,1.0,7.0,0.0,,,,1.0
20251110250,2025,2,Sharks,Cowboys,False,36,12,56.0,1821.0,83.0,41.0,49.0,216.0,1918.0,568.0,10.0,37.0,39.15,199.0,3.96,7.0,480.0,269.0,5.0,20.0,641.0,1.0,72.0,13.0,18.0,7.0,2.0,90.8,306.0,23.0,,8.0,11.0,7.0,1.0,0.0,8.0,,0.0,,,0.0
20251110250,2025,2,Cowboys,Sharks,True,12,36,44.0,1462.0,78.0,29.0,37.0,167.0,1472.0,449.0,2.0,23.0,39.8,140.0,3.36,6.0,385.0,215.0,32.0,20.0,523.0,0.0,55.0,6.0,11.0,8.0,1.0,88.51,362.0,37.0,,10.0,9.0,7.0,3.0,2.0,8.0,,1.0,,,3.0
20251110260,2025,2,Broncos,Raiders,False,22,32,48.0,1488.0,64.0,25.0,39.0,187.0,1573.0,565.0,4.0,35.0,40.35,162.0,3.57,13.0,387.0,214.0,3.0,15.0,390.0,1.0,36.0,5.0,14.0,3.0,2.0,85.11,343.0,44.0,1.0,16.0,14.0,4.0,2.0,1.0,7.0,,,1.0,,2.0
20251110260,2025,2,Raiders,Broncos,True,32,22,52.0,1637.0,79.0,31.0,39.0,187.0,1609.0,647.0,7.0,44.0,41.27,114.0,3.53,7.0,398.0,210.0,7.0,15.0,380.0,1.0,56.0,5.0,9.0,3.0,2.0,84.86,325.0,35.0,1.0,23.0,10.0,6.0,2.0,0.0,8.0,,,0.0,,0.0
20251110270,2025,2,Wests Tigers,Eels,False,32,6,51.0,1594.0,82.0,32.0,39.0,182.0,1707.0,513.0,8.0,41.0,43.78,196.0,3.79,10.0,421.0,231.0,27.0,23.0,643.0,0.0,80.0,8.0,10.0,6.0,5.0,86.74,327.0,33.0,,17.0,14.0,9.0,3.0,0.0,8.0,,,,,1.0
20251110270,2025,2,Eels,Wests Tigers,True,6,32,49.0,1559.0,73.0,30.0,41.0,172.0,1567.0,541.0,4.0,33.0,38.23,106.0,3.65,12.0,417.0,236.0,3.0,16.0,387.0,1.0,27.0,3.0,11.0,4.0,4.0,85.79,326.0,41.0,,13.0,13.0,6.0,0.0,1.0,8.0,,,,,1.0
20251110280,2025,2,Titans,Bulldogs,False,24,40,48.0,1563.0,76.0,29.0,38.0,176.0,1515.0,600.0,5.0,32.0,39.89,122.0,3.38,13.0,394.0,204.0,1.0,21.0,580.0,0.0,75.0,3.0,4.0,6.0,1.0,87.04,329.0,31.0,1.0,18.0,13.0,5.0,3.0,0.0,8.0,,,,,
20251110280,2025,2,Bulldogs,Titans,True,40,24,52.0,1660.0,75.0,34.0,45.0,188.0,1811.0,644.0,6.0,31.0,40.26,232.0,3.48,11.0,419.0,227.0,14.0,18.0,629.0,2.0,88.0,7.0,8.0,2.0,1.0,85.16,327.0,32.0,0.0,25.0,12.0,5.0,1.0,2.0,8.0,,,,,
20251110310,2025,3,Panthers,Storm,False,24,30,53.0,1658.0,88.0,39.0,44.0,191.0,1539.0,442.0,7.0,29.0,35.0,125.0,3.64,8.0,447.0,261.0,20.0,21.0,519.0,3.0,46.0,6.0,13.0,7.0,5.0,91.69,342.0,23.0,,8.0,8.0,6.0,4.0,0.0,8.0,,,,,0.0
20251110310,2025,3,Storm,Panthers,True,30,24,47.0,1424.0,74.0,29.0,39.0,154.0,1394.0,486.0,3.0,23.0,35.75,188.0,3.85,6.0,375.0,205.0,32.0,18.0,399.0,0.0,62.0,8.0,13.0,9.0,3.0,89.2,322.0,29.0,,10.0,15.0,8.0,5.0,1.0,8.0,,,,,1.0
20251110320,2025,3,Roosters,Warriors,False,6,14,47.0,1792.0,70.0,28.0,40.0,197.0,1811.0,579.0,5.0,40.0,45.29,145.0,3.73,3.0,452.0,258.0,27.0,24.0,708.0,0.0,71.0,10.0,14.0,7.0,3.0,91.62,448.0,33.0,,8.0,13.0,4.0,3.0,1.0,7.0,1.0,,1.0,,
20251110320,2025,3,Warriors,Roosters,True,14,6,53.0,2028.0,86.0,38.0,44.0,204.0,2030.0,730.0,3.0,33.0,46.14,173.0,3.71,5.0,496.0,272.0,45.0,25.0,695.0,2.0,54.0,7.0,13.0,8.0,3.0,89.07,383.0,40.0,,7.0,8.0,2.0,1.0,1.0,7.0,0.0,,0.0,,
20251110330,2025,3,Cowboys,Broncos,False,16,26,47.0,1606.0,76.0,35.0,46.0,186.0,1632.0,505.0,2.0,29.0,35.48,172.0,3.38,2.0,408.0,222.0,16.0,23.0,652.0,1.0,57.0,4.0,7.0,7.0,4.0,87.19,354.0,38.0,,14.0,15.0,3.0,6.0,2.0,7.0,1.0,,0.0,,3.0
20251110330,2025,3,Broncos,Cowboys,True,26,16,53.0,1794.0,84.0,42.0,50.0,196.0,1641.0,556.0,7.0,38.0,32.83,258.0,3.55,9.0,427.0,212.0,8.0,24.0,789.0,2.0,73.0,11.0,15.0,1.0,5.0,90.93,341.0,29.0,,5.0,10.0,7.0,2.0,2.0,7.0,0.0,,1.0,,1.0
20251110340,2025,3,Rabbitohs,Sharks,False,12,27,43.0,1387.0,71.0,25.0,35.0,172.0,1354.0,391.0,4.0,20.0,38.7,99.0,3.52,7.0,358.0,196.0,31.0,19.0,633.0,0.0,83.0,10.0,12.0,4.0,3.0,84.32,371.0,48.0,1.0,21.0,12.0,6.0,1.0,1.0,7.0,1.0,,0.0,,1.0
20251110340,2025,3,Sharks,Rabbitohs,True,27,12,57.0,1784.0,75.0,34.0,45.0,201.0,1974.0,610.0,6.0,48.0,43.88,193.0,3.61,13.0,471.0,267.0,4.0,17.0,507.0,1.0,62.0,5.0,8.0,6.0,3.0,90.72,303.0,20.0,0.0,11.0,11.0,5.0,0.0,0.0,8.0,0.0,,2.0,,0.0
20251110350,2025,3,Wests Tigers,Dolphins,False,30,18,55.0,1779.0,85.0,36.0,42.0,205.0,1813.0,641.0,6.0,32.0,43.17,112.0,3.49,12.0,445.0,254.0,27.0,23.0,534.0,,67.0,6.0,9.0,5.0,8.0,90.69,302.0,24.0,,7.0,7.0,9.0,4.0,1.0,8.0,,,,,
20251110350,2025,3,Dolphins,Wests Tigers,True,18,30,45.0,1479.0,77.0,31.0,40.0,169.0,1504.0,528.0,3.0,24.0,37.61,105.0,3.6,7.0,375.0,210.0,7.0,17.0,524.0,,58.0,7.0,12.0,5.0,2.0,89.15,378.0,32.0,,14.0,12.0,7.0,3.0,0.0,8.0,,,,,
20251110360,2025,3,Knights,Titans,False,6,26,49.0,1708.0,67.0,29.0,43.0,189.0,1679.0,568.0,4.0,45.0,39.07,147.0,3.57,16.0,436.0,247.0,15.0,13.0,325.0,,73.0,8.0,11.0,3.0,3.0,86.01,369.0,39.0,0.0,21.0,18.0,8.0,3.0,0.0,8.0,1.0,,,,1.0
20251110360,2025,3,Titans,Knights,True,26,6,51.0,1779.0,81.0,35.0,43.0,190.0,1690.0,638.0,3.0,39.0,39.32,109.0,3.56,13.0,417.0,212.0,15.0,23.0,670.0,,80.0,4.0,5.0,8.0,1.0,82.01,310.0,45.0,3.0,23.0,10.0,10.0,2.0,1.0,8.0,0.0,,,,2.0
20251110370,2025,3,Bulldogs,Eels,False,16,8,51.0,1892.0,86.0,40.0,46.0,203.0,1584.0,456.0,4.0,35.0,34.45,188.0,3.64,5.0,472.0,248.0,17.0,30.0,1140.0,1.0,54.0,7.0,13.0,6.0,3.0,87.67,391.0,35.0,,20.0,5.0,7.0,1.0,1.0,8.0,0.0,,,,1.0
20251110370,2025,3,Eels,Bulldogs,True,8,16,49.0,1801.0,77.0,34.0,44.0,195.0,1662.0,470.0,3.0,35.0,37.77,271.0,3.58,10.0,446.0,230.0,4.0,30.0,886.0,2.0,50.0,3.0,6.0,9.0,4.0,90.07,381.0,35.0,,7.0,12.0,4.0,1.0,2.0,8.0,2.0,,,,3.0
20251110380,2025,3,Raiders,Sea Eagles,False,12,40,36.0,1097.0,67.0,19.0,28.0,139.0,1142.0,399.0,3.0,24.0,40.79,161.0,3.52,13.0,279.0,137.0,6.0,13.0,345.0,1.0,33.0,3.0,9.0,4.0,2.0,88.84,406.0,38.0,0.0,13.0,12.0,10.0,6.0,,6.0,,1.0,,,1.0
20251110380,2025,3,Sea Eagles,Raiders,True,40,12,64.0,2045.0,87.0,42.0,48.0,202.0,1723.0,681.0,5.0,38.0,35.9,111.0,3.59,7.0,515.0,309.0,16.0,23.0,602.0,4.0,71.0,5.0,7.0,5.0,5.0,83.15,222.0,24.0,1.0,21.0,6.0,4.0,1.0,,8.0,,0.0,,,0.0
20251110410,2025,4,Panthers,Rabbitohs,False,18,28,46.0,1608.0,69.0,30.0,43.0,182.0,1796.0,579.0,5.0,37.0,41.78,289.0,3.3,16.0,455.0,262.0,14.0,19.0,393.0,0.0,60.0,6.0,10.0,3.0,5.0,91.53,443.0,34.0,0.0,7.0,16.0,6.0,2.0,,8.0,,0.0,,,
20251110410,2025,4,Rabbitohs,Panthers,True,28,18,54.0,1910.0,82.0,37.0,45.0,204.0,1641.0,553.0,6.0,34.0,36.48,141.0,3.92,4.0,467.0,255.0,6.0,26.0,852.0,3.0,50.0,5.0,10.0,3.0,4.0,84.01,310.0,37.0,1.0,22.0,10.0,2.0,6.0,,8.0,,1.0,,,
20251110420,2025,4,Titans,Roosters,False,30,12,51.0,1699.0,81.0,36.0,44.0,178.0,1718.0,608.0,4.0,26.0,39.05,135.0,3.63,8.0,402.0,211.0,23.0,22.0,659.0,1.0,36.0,4.0,11.0,5.0,2.0,84.08,317.0,43.0,1.0,17.0,11.0,5.0,1.0,0.0,8.0,1.0,,,,
20251110420,2025,4,Roosters,Titans,True,12,30,49.0,1586.0,57.0,24.0,42.0,187.0,1762.0,591.0,6.0,43.0,41.97,233.0,3.46,14.0,432.0,246.0,21.0,18.0,440.0,2.0,67.0,6.0,9.0,6.0,5.0,90.05,362.0,26.0,0.0,14.0,19.0,8.0,1.0,1.0,7.0,2.0,,,,
20251110430,2025,4,Broncos,Dolphins,False,20,12,47.0,1715.0,89.0,33.0,37.0,178.0,1511.0,506.0,5.0,46.0,40.84,172.0,3.65,5.0,408.0,212.0,7.0,29.0,1100.0,1.0,89.0,8.0,9.0,6.0,3.0,86.25,370.0,42.0,,17.0,6.0,5.0,4.0,1.0,7.0,0.0,,,,1.0
20251110430,2025,4,Dolphins,Broncos,True,12,20,53.0,1926.0,80.0,37.0,46.0,210.0,1796.0,591.0,3.0,42.0,39.05,211.0,3.44,13.0,477.0,263.0,25.0,22.0,684.0,1.0,78.0,7.0,9.0,4.0,4.0,87.74,372.0,46.0,,6.0,9.0,2.0,1.0,1.0,8.0,1.0,,,,0.0
20251110440,2025,4,Storm,Dragons,False,8,14,51.0,1676.0,74.0,32.0,43.0,190.0,1692.0,562.0,4.0,27.0,39.37,118.0,3.47,11.0,436.0,246.0,6.0,22.0,450.0,1.0,50.0,3.0,6.0,6.0,5.0,92.56,336.0,22.0,,5.0,15.0,4.0,6.0,0.0,8.0,0.0,,,,0.0
20251110440,2025,4,Dragons,Storm,True,14,8,49.0,1587.0,73.0,31.0,42.0,176.0,1590.0,550.0,2.0,22.0,37.86,72.0,3.7,4.0,397.0,219.0,17.0,17.0,578.0,1.0,44.0,8.0,18.0,7.0,2.0,89.55,377.0,27.0,,17.0,13.0,9.0,3.0,2.0,7.0,1.0,,,,1.0
20251110450,2025,4,Raiders,Cowboys,False,20,30,52.0,1693.0,76.0,35.0,46.0,182.0,1571.0,585.0,4.0,44.0,34.15,140.0,3.49,11.0,406.0,209.0,6.0,19.0,522.0,4.0,43.0,6.0,14.0,7.0,4.0,89.06,350.0,31.0,,12.0,14.0,8.0,4.0,4.0,8.0,,0.0,1.0,,3.0
20251110450,2025,4,Cowboys,Raiders,True,30,20,48.0,1555.0,76.0,33.0,43.0,171.0,1702.0,517.0,9.0,31.0,39.6,136.0,3.62,10.0,395.0,220.0,34.0,17.0,369.0,0.0,40.0,4.0,10.0,6.0,6.0,84.48,343.0,44.0,,19.0,11.0,7.0,6.0,1.0,8.0,,1.0,0.0,,2.0
20251110460,2025,4,Bulldogs,Sharks,False,20,6,55.0,1873.0,85.0,41.0,48.0,214.0,1536.0,509.0,6.0,27.0,32.01,133.0,3.53,13.0,499.0,274.0,7.0,28.0,967.0,5.0,83.0,10.0,12.0,2.0,5.0,88.71,338.0,27.0,,16.0,8.0,10.0,3.0,3.0,7.0,0.0,1.0,,,
20251110460,2025,4,Sharks,Bulldogs,True,6,20,45.0,1576.0,80.0,37.0,46.0,190.0,1458.0,458.0,3.0,27.0,31.7,149.0,3.22,9.0,426.0,226.0,9.0,25.0,667.0,2.0,62.0,5.0,8.0,8.0,1.0,89.36,378.0,27.0,,18.0,14.0,6.0,1.0,0.0,8.0,1.0,0.0,,,
20251110470,2025,4,Eels,Sea Eagles,False,12,26,45.0,1532.0,73.0,28.0,38.0,172.0,1433.0,412.0,2.0,34.0,37.73,97.0,3.58,8.0,422.0,244.0,34.0,20.0,576.0,0.0,60.0,6.0,10.0,3.0,6.0,90.67,379.0,29.0,0.0,10.0,12.0,6.0,1.0,,8.0,1.0,,,,2.0
20251110470,2025,4,Sea Eagles,Eels,True,26,12,55.0,1816.0,86.0,38.0,44.0,207.0,1891.0,590.0,6.0,29.0,42.98,212.0,3.75,7.0,488.0,275.0,20.0,25.0,779.0,1.0,67.0,4.0,6.0,7.0,5.0,86.27,308.0,34.0,1.0,15.0,10.0,5.0,2.0,,8.0,0.0,,,,0.0
20251110480,2025,4,Warriors,Wests Tigers,False,26,24,52.0,1768.0,83.0,36.0,43.0,203.0,2051.0,654.0,4.0,42.0,47.71,206.0,3.57,11.0,426.0,229.0,3.0,18.0,443.0,1.0,100.0,5.0,5.0,5.0,3.0,87.01,335.0,37.0,,13.0,8.0,5.0,4.0,0.0,7.0,1.0,,,,2.0
20251110480,2025,4,Wests Tigers,Warriors,True,24,26,48.0,1606.0,80.0,33.0,41.0,176.0,1558.0,521.0,3.0,37.0,38.02,77.0,3.34,9.0,396.0,215.0,20.0,21.0,692.0,2.0,70.0,7.0,10.0,3.0,5.0,85.65,364.0,42.0,,19.0,7.0,8.0,3.0,3.0,8.0,1.0,,,,2.0
20251110510,2025,5,Sharks,Raiders,False,20,24,52.0,1743.0,86.0,38.0,44.0,202.0,1846.0,623.0,2.0,24.0,41.96,146.0,3.63,4.0,474.0,267.0,24.0,23.0,587.0,1.0,69.0,9.0,13.0,13.0,3.0,86.74,386.0,31.0,,28.0,9.0,2.0,2.0,0.0,8.0,,0.0,,,1.0
20251110510,2025,5,Raiders,Sharks,True,24,20,48.0,1637.0,81.0,30.0,37.0,183.0,1633.0,589.0,4.0,31.0,44.15,120.0,3.2,16.0,421.0,210.0,14.0,22.0,684.0,0.0,56.0,9.0,16.0,7.0,3.0,92.31,420.0,24.0,,11.0,9.0,7.0,4.0,2.0,7.0,,1.0,,,0.0
20251110520,2025,5,Cowboys,Panthers,False,22,18,49.0,1666.0,77.0,34.0,44.0,181.0,1737.0,607.0,4.0,41.0,39.5,142.0,3.67,3.0,443.0,254.0,40.0,21.0,552.0,,43.0,3.0,7.0,7.0,3.0,89.11,360.0,25.0,1.0,19.0,13.0,6.0,4.0,3.0,8.0,0.0,1.0,,,
20251110520,2025,5,Panthers,Cowboys,True,18,22,51.0,1737.0,68.0,31.0,45.0,212.0,1898.0,623.0,7.0,25.0,42.19,184.0,3.33,13.0,511.0,306.0,8.0,17.0,573.0,,45.0,5.0,11.0,2.0,1.0,88.01,345.0,41.0,0.0,6.0,16.0,6.0,3.0,3.0,7.0,1.0,1.0,,,
20251110530,2025,5,Roosters,Rabbitohs,False,14,20,47.0,1557.0,65.0,23.0,35.0,182.0,1670.0,526.0,6.0,40.0,47.72,199.0,3.42,16.0,405.0,227.0,13.0,18.0,474.0,2.0,57.0,4.0,7.0,5.0,2.0,92.63,402.0,24.0,,8.0,16.0,11.0,2.0,3.0,8.0,,,,,
20251110530,2025,5,Rabbitohs,Roosters,True,20,14,53.0,1701.0,86.0,37.0,43.0,201.0,1595.0,513.0,3.0,24.0,37.1,121.0,3.5,6.0,428.0,226.0,22.0,20.0,664.0,1.0,86.0,6.0,7.0,2.0,4.0,81.95,286.0,40.0,,23.0,7.0,6.0,1.0,0.0,8.0,,,,,
20251110540,2025,5,Dragons,Eels,False,22,23,46.0,1451.0,73.0,28.0,38.0,190.0,1610.0,542.0,7.0,31.0,42.37,130.0,3.47,12.0,400.0,216.0,21.0,15.0,537.0,1.0,80.0,12.0,15.0,2.0,1.0,89.54,351.0,23.0,,18.0,12.0,6.0,4.0,1.0,8.0,,,,,1.0
20251110540,2025,5,Eels,Dragons,True,23,22,54.0,1718.0,83.0,35.0,42.0,202.0,1811.0,608.0,6.0,23.0,43.13,178.0,3.59,11.0,474.0,281.0,1.0,20.0,472.0,1.0,100.0,3.0,3.0,6.0,4.0,86.54,315.0,31.0,,18.0,9.0,6.0,2.0,5.0,8.0,,,,,0.0
20251110550,2025,5,Dolphins,Titans,False,36,10,55.0,1729.0,76.0,33.0,43.0,216.0,1981.0,619.0,5.0,26.0,46.09,187.0,3.55,12.0,447.0,251.0,1.0,18.0,496.0,2.0,62.0,5.0,8.0,9.0,3.0,90.96,352.0,25.0,,10.0,10.0,4.0,5.0,2.0,8.0,,1.0,,,
20251110550,2025,5,Titans,Dolphins,True,10,36,45.0,1411.0,72.0,27.0,37.0,159.0,1458.0,523.0,2.0,25.0,39.43,100.0,3.38,7.0,352.0,180.0,27.0,17.0,533.0,2.0,60.0,9.0,15.0,3.0,4.0,87.99,337.0,26.0,,20.0,10.0,9.0,1.0,2.0,7.0,,1.0,,,
20251110560,2025,5,Wests Tigers,Broncos,False,24,46,51.0,1368.0,82.0,34.0,41.0,194.0,1400.0,426.0,4.0,33.0,34.17,125.0,3.57,5.0,363.0,213.0,14.0,16.0,379.0,3.0,50.0,4.0,8.0,4.0,4.0,85.36,274.0,33.0,1.0,14.0,9.0,6.0,2.0,1.0,8.0,0.0,1.0,0.0,,3.0
20251110560,2025,5,Broncos,Wests Tigers,True,46,24,49.0,1343.0,72.0,27.0,37.0,169.0,1367.0,498.0,5.0,33.0,36.96,109.0,3.4,8.0,340.0,188.0,8.0,13.0,368.0,1.0,64.0,7.0,11.0,4.0,2.0,84.93,248.0,33.0,0.0,11.0,14.0,9.0,4.0,2.0,7.0,1.0,1.0,1.0,,0.0
20251110570,2025,5,Storm,Sea Eagles,False,48,24,53.0,1590.0,84.0,32.0,38.0,179.0,1645.0,530.0,9.0,34.0,43.3,133.0,3.75,10.0,394.0,216.0,35.0,16.0,417.0,,50.0,5.0,10.0,4.0,4.0,82.57,270.0,37.0,,20.0,11.0,7.0,4.0,0.0,8.0,,,,,
20251110570,2025,5,Sea Eagles,Storm,True,24,48,47.0,1410.0,79.0,27.0,34.0,169.0,1465.0,429.0,9.0,37.0,43.09,98.0,3.85,14.0,362.0,209.0,1.0,13.0,326.0,,40.0,6.0,15.0,3.0,3.0,85.75,313.0,34.0,,18.0,8.0,7.0,3.0,1.0,8.0,,,,,
20251110580,2025,5,Knights,Bulldogs,False,0,20,43.0,1491.0,76.0,30.0,39.0,192.0,1301.0,449.0,1.0,34.0,33.38,96.0,3.44,8.0,399.0,216.0,7.0,20.0,588.0,3.0,46.0,6.0,13.0,0.0,4.0,87.77,409.0,37.0,,20.0,15.0,8.0,4.0,3.0,7.0,,1.0,,,0.0
20251110580,2025,5,Bulldogs,Knights,True,20,0,57.0,1958.0,78.0,39.0,50.0,223.0,1935.0,710.0,2.0,37.0,38.7,206.0,3.6,11.0,488.0,276.0,12.0,24.0,571.0,4.0,83.0,5.0,6.0,9.0,5.0,87.11,331.0,34.0,,15.0,14.0,7.0,1.0,1.0,8.0,,0.0,,,2.0
20251110610,2025,6,Panthers,Dolphins,False,12,30,54.0,1825.0,79.0,34.0,43.0,234.0,2002.0,655.0,3.0,20.0,46.57,159.0,3.46,12.0,536.0,324.0,28.0,28.0,522.0,4.0,43.0,3.0,7.0,5.0,8.0,91.58,370.0,25.0,,9.0,12.0,6.0,2.0,1.0,7.0,,1.0,,,1.0
20251110610,2025,6,Dolphins,Panthers,True,30,12,46.0,1556.0,78.0,32.0,41.0,176.0,1674.0,530.0,6.0,25.0,40.83,210.0,3.68,7.0,401.0,220.0,15.0,20.0,602.0,1.0,56.0,9.0,16.0,5.0,3.0,91.55,390.0,20.0,,16.0,12.0,6.0,1.0,1.0,8.0,,0.0,,,0.0
20251110620,2025,6,Titans,Dragons,False,16,38,47.0,1505.0,75.0,28.0,37.0,164.0,1604.0,608.0,3.0,36.0,43.36,105.0,3.5,12.0,383.0,207.0,23.0,21.0,537.0,2.0,62.0,8.0,13.0,1.0,4.0,86.82,349.0,33.0,,20.0,13.0,5.0,3.0,3.0,7.0,1.0,1.0,,,
20251110620,2025,6,Dragons,Titans,True,38,16,53.0,1700.0,72.0,32.0,44.0,211.0,2008.0,717.0,9.0,33.0,45.64,196.0,3.58,17.0,455.0,251.0,19.0,16.0,379.0,0.0,33.0,3.0,9.0,8.0,3.0,85.57,338.0,36.0,,21.0,12.0,7.0,1.0,0.0,8.0,0.0,0.0,,,
20251110630,2025,6,Roosters,Broncos,False,26,16,53.0,1647.0,78.0,36.0,46.0,193.0,1536.0,508.0,4.0,26.0,33.39,159.0,3.46,5.0,425.0,229.0,1.0,20.0,650.0,0.0,75.0,6.0,8.0,4.0,2.0,87.94,299.0,24.0,0.0,17.0,13.0,8.0,1.0,3.0,7.0,0.0,1.0,,,0.0
20251110630,2025,6,Broncos,Roosters,True,16,26,47.0,1441.0,71.0,28.0,39.0,175.0,1505.0,456.0,4.0,24.0,38.6,173.0,3.5,9.0,379.0,212.0,19.0,16.0,515.0,1.0,50.0,4.0,8.0,1.0,2.0,91.1,348.0,26.0,2.0,8.0,13.0,5.0,6.0,2.0,7.0,1.0,1.0,,,1.0
20251110640,2025,6,Sea Eagles,Sharks,False,18,24,48.0,1624.0,81.0,31.0,38.0,178.0,1765.0,451.0,3.0,23.0,46.45,165.0,3.4,3.0,458.0,267.0,14.0,23.0,544.0,2.0,86.0,6.0,7.0,6.0,6.0,86.98,374.0,31.0,2.0,25.0,10.0,7.0,0.0,1.0,8.0,,,,,1.0
20251110640,2025,6,Sharks,Sea Eagles,True,24,18,52.0,1798.0,80.0,34.0,42.0,200.0,1668.0,461.0,5.0,31.0,39.73,111.0,3.74,12.0,496.0,295.0,8.0,19.0,605.0,2.0,58.0,7.0,12.0,7.0,2.0,92.78,334.0,23.0,0.0,3.0,12.0,4.0,1.0,0.0,8.0,,,,,1.0
20251110650,2025,6,Cowboys,Rabbitohs,False,24,16,53.0,1748.0,75.0,33.0,44.0,189.0,1959.0,669.0,5.0,28.0,44.54,278.0,3.51,8.0,441.0,236.0,33.0,22.0,639.0,2.0,75.0,6.0,8.0,7.0,3.0,91.11,328.0,17.0,,15.0,13.0,5.0,1.0,0.0,8.0,0.0,0.0,,,1.0
20251110650,2025,6,Rabbitohs,Cowboys,True,16,24,47.0,1555.0,75.0,31.0,41.0,178.0,1547.0,518.0,4.0,17.0,37.74,139.0,3.84,8.0,399.0,207.0,3.0,20.0,738.0,0.0,67.0,8.0,12.0,5.0,2.0,90.55,364.0,28.0,,10.0,13.0,6.0,1.0,2.0,8.0,1.0,1.0,,,1.0
20251110660,2025,6,Raiders,Eels,False,50,12,56.0,1758.0,88.0,39.0,44.0,201.0,2090.0,715.0,8.0,45.0,47.52,205.0,3.42,14.0,435.0,231.0,9.0,22.0,598.0,2.0,50.0,4.0,8.0,3.0,7.0,87.41,250.0,21.0,0.0,15.0,8.0,4.0,2.0,0.0,8.0,1.0,,,,1.0
20251110660,2025,6,Eels,Raiders,True,12,50,44.0,1330.0,66.0,24.0,36.0,136.0,1393.0,467.0,3.0,21.0,38.72,184.0,3.52,10.0,356.0,197.0,11.0,19.0,533.0,1.0,60.0,6.0,10.0,4.0,5.0,84.78,362.0,45.0,1.0,20.0,16.0,7.0,4.0,1.0,8.0,0.0,,,,0.0
20251110670,2025,6,Warriors,Storm,False,14,42,47.0,1581.0,69.0,27.0,39.0,177.0,1551.0,457.0,2.0,31.0,39.79,113.0,3.36,10.0,410.0,233.0,30.0,15.0,364.0,2.0,33.0,3.0,9.0,3.0,4.0,86.7,365.0,29.0,0.0,27.0,14.0,3.0,4.0,1.0,6.0,2.0,1.0,0.0,,
20251110670,2025,6,Storm,Warriors,True,42,14,53.0,1714.0,78.0,33.0,42.0,198.0,1714.0,486.0,8.0,29.0,40.81,135.0,3.59,16.0,440.0,241.0,37.0,20.0,622.0,1.0,67.0,6.0,9.0,7.0,3.0,87.11,311.0,31.0,1.0,15.0,12.0,6.0,2.0,1.0,8.0,0.0,0.0,1.0,,
20251110680,2025,6,Wests Tigers,Knights,False,20,4,57.0,1912.0,78.0,32.0,41.0,212.0,1975.0,662.0,2.0,32.0,48.19,168.0,3.46,12.0,473.0,265.0,12.0,20.0,538.0,0.0,82.0,9.0,11.0,5.0,7.0,84.98,283.0,29.0,,21.0,16.0,4.0,2.0,,8.0,,1.0,,,1.0
20251110680,2025,6,Knights,Wests Tigers,True,4,20,43.0,1438.0,67.0,27.0,40.0,165.0,1498.0,482.0,1.0,29.0,37.47,111.0,3.36,14.0,363.0,197.0,2.0,18.0,536.0,4.0,67.0,8.0,12.0,4.0,6.0,88.26,391.0,32.0,,20.0,15.0,6.0,0.0,,7.0,,1.0,,,1.0
20251110710,2025,7,Dragons,Sea Eagles,False,20,18,47.0,1532.0,75.0,34.0,45.0,182.0,1798.0,603.0,6.0,25.0,39.96,100.0,3.48,11.0,404.0,220.0,28.0,16.0,499.0,1.0,33.0,3.0,9.0,5.0,2.0,93.06,389.0,18.0,0.0,11.0,13.0,5.0,5.0,0.0,9.0,1.0,0.0,,,
20251110710,2025,7,Sea Eagles,Dragons,True,18,20,53.0,1768.0,73.0,31.0,42.0,205.0,1994.0,674.0,2.0,18.0,47.49,174.0,3.5,6.0,474.0,273.0,40.0,20.0,544.0,1.0,89.0,8.0,9.0,5.0,3.0,89.16,329.0,25.0,1.0,15.0,12.0,9.0,2.0,3.0,6.0,2.0,1.0,,,
20251110720,2025,7,Rabbitohs,Bulldogs,False,0,32,39.0,1378.0,72.0,26.0,36.0,157.0,1273.0,462.0,0.0,19.0,35.36,138.0,3.51,4.0,346.0,175.0,25.0,18.0,631.0,1.0,69.0,11.0,16.0,2.0,4.0,86.36,418.0,38.0,1.0,28.0,14.0,10.0,3.0,2.0,8.0,,1.0,,,
20251110720,2025,7,Bulldogs,Rabbitohs,True,32,0,61.0,2103.0,82.0,41.0,50.0,222.0,2152.0,709.0,8.0,38.0,43.05,229.0,3.62,19.0,528.0,296.0,30.0,26.0,636.0,6.0,100.0,7.0,7.0,5.0,10.0,90.03,307.0,19.0,1.0,15.0,8.0,6.0,2.0,1.0,7.0,,1.0,,,
20251110730,2025,7,Storm,Dolphins,False,22,42,46.0,1358.0,66.0,22.0,33.0,167.0,1405.0,537.0,3.0,25.0,42.58,152.0,3.49,10.0,370.0,212.0,7.0,16.0,332.0,2.0,60.0,6.0,10.0,3.0,3.0,86.47,326.0,38.0,0.0,13.0,16.0,6.0,4.0,2.0,7.0,,1.0,,,0.0
20251110730,2025,7,Dolphins,Storm,True,42,22,54.0,1618.0,80.0,33.0,41.0,192.0,1541.0,510.0,5.0,38.0,37.6,120.0,3.54,9.0,431.0,246.0,13.0,20.0,527.0,1.0,69.0,9.0,13.0,7.0,2.0,87.78,273.0,25.0,1.0,13.0,8.0,4.0,0.0,0.0,7.0,,1.0,,,2.0
20251110740,2025,7,Broncos,Warriors,False,18,20,46.0,1458.0,69.0,30.0,43.0,149.0,1288.0,496.0,3.0,27.0,29.96,71.0,3.79,7.0,359.0,189.0,20.0,18.0,540.0,1.0,36.0,4.0,11.0,2.0,6.0,91.0,384.0,25.0,,13.0,12.0,10.0,1.0,1.0,8.0,0.0,,1.0,,3.0
20251110740,2025,7,Warriors,Broncos,True,20,18,54.0,1736.0,84.0,38.0,45.0,180.0,1465.0,524.0,3.0,25.0,32.57,68.0,3.68,6.0,427.0,234.0,18.0,22.0,646.0,1.0,44.0,4.0,9.0,1.0,4.0,89.73,332.0,27.0,,11.0,13.0,4.0,3.0,1.0,8.0,1.0,,1.0,,0.0
20251110750,2025,7,Panthers,Roosters,False,40,12,54.0,1741.0,85.0,35.0,41.0,208.0,1754.0,617.0,4.0,36.0,42.79,246.0,3.47,7.0,473.0,263.0,10.0,26.0,748.0,3.0,75.0,6.0,8.0,9.0,3.0,87.87,326.0,28.0,,17.0,9.0,4.0,3.0,1.0,8.0,,,,,
20251110750,2025,7,Roosters,Panthers,True,12,40,46.0,1488.0,81.0,30.0,37.0,172.0,1369.0,499.0,3.0,28.0,37.02,133.0,3.52,9.0,388.0,210.0,11.0,23.0,669.0,1.0,56.0,9.0,16.0,1.0,3.0,89.39,379.0,36.0,,9.0,10.0,6.0,1.0,1.0,7.0,,,,,
20251110760,2025,7,Raiders,Titans,False,30,20,53.0,1616.0,78.0,33.0,42.0,168.0,1546.0,520.0,4.0,34.0,36.82,151.0,3.6,6.0,386.0,210.0,1.0,18.0,577.0,2.0,50.0,6.0,12.0,6.0,2.0,92.28,311.0,18.0,0.0,8.0,11.0,7.0,0.0,2.0,8.0,,,,,
20251110760,2025,7,Titans,Raiders,True,20,30,47.0,1488.0,78.0,29.0,37.0,152.0,1462.0,509.0,3.0,18.0,39.52,220.0,3.41,4.0,371.0,202.0,10.0,23.0,649.0,1.0,45.0,5.0,11.0,5.0,2.0,89.18,338.0,34.0,1.0,7.0,14.0,9.0,3.0,2.0,8.0,,,,,
20251110770,2025,7,Sharks,Knights,False,34,14,56.0,2025.0,85.0,40.0,47.0,233.0,1885.0,621.0,4.0,41.0,40.11,134.0,3.43,9.0,525.0,295.0,6.0,21.0,652.0,,73.0,8.0,11.0,7.0,2.0,80.55,294.0,45.0,2.0,26.0,10.0,5.0,2.0,2.0,8.0,,0.0,,,0.0
20251110770,2025,7,Knights,Sharks,True,14,34,44.0,1546.0,66.0,28.0,42.0,198.0,1702.0,549.0,4.0,45.0,40.54,177.0,3.37,19.0,444.0,252.0,13.0,17.0,475.0,,58.0,7.0,12.0,6.0,3.0,88.21,419.0,41.0,0.0,15.0,16.0,7.0,3.0,2.0,7.0,,1.0,,,1.0
20251110780,2025,7,Eels,Wests Tigers,False,38,22,52.0,1577.0,87.0,36.0,41.0,174.0,1665.0,516.0,6.0,35.0,40.62,161.0,3.72,9.0,391.0,222.0,17.0,18.0,502.0,,20.0,2.0,10.0,5.0,2.0,84.64,270.0,31.0,1.0,18.0,7.0,10.0,0.0,2.0,7.0,2.0,2.0,1.0,,2.0
20251110780,2025,7,Wests Tigers,Eels,True,22,38,48.0,1414.0,72.0,27.0,37.0,164.0,1384.0,470.0,5.0,31.0,37.41,98.0,3.81,11.0,382.0,221.0,15.0,15.0,431.0,,64.0,7.0,11.0,3.0,3.0,85.75,325.0,35.0,1.0,19.0,11.0,8.0,4.0,1.0,6.0,0.0,1.0,0.0,,1.0
20251110810,2025,8,Bulldogs,Broncos,False,18,42,44.0,1328.0,75.0,27.0,36.0,145.0,1204.0,375.0,3.0,10.0,33.47,138.0,3.61,7.0,365.0,215.0,20.0,16.0,481.0,2.0,50.0,4.0,8.0,4.0,3.0,89.06,399.0,34.0,,15.0,9.0,8.0,0.0,6.0,6.0,1.0,3.0,0.0,,0.0
20251110810,2025,8,Broncos,Bulldogs,True,42,18,56.0,1609.0,83.0,36.0,43.0,185.0,1537.0,506.0,4.0,34.0,35.75,184.0,3.61,10.0,409.0,210.0,34.0,23.0,682.0,4.0,46.0,6.0,13.0,2.0,7.0,92.31,288.0,10.0,,14.0,8.0,8.0,2.0,1.0,7.0,1.0,1.0,2.0,,1.0
20251110820,2025,8,Dragons,Roosters,False,18,46,45.0,1294.0,73.0,25.0,34.0,150.0,1431.0,394.0,4.0,23.0,42.1,107.0,3.19,10.0,365.0,215.0,19.0,13.0,428.0,3.0,38.0,3.0,8.0,1.0,3.0,89.04,325.0,27.0,,13.0,11.0,6.0,2.0,0.0,7.0,2.0,0.0,,,0.0
20251110820,2025,8,Roosters,Dragons,True,46,18,55.0,1515.0,81.0,31.0,38.0,171.0,1960.0,547.0,10.0,27.0,51.58,305.0,3.27,9.0,409.0,230.0,22.0,16.0,443.0,2.0,33.0,1.0,3.0,4.0,4.0,86.67,273.0,23.0,,19.0,13.0,3.0,2.0,1.0,8.0,0.0,1.0,,,1.0
20251110830,2025,8,Knights,Warriors,False,12,26,48.0,1784.0,72.0,32.0,44.0,185.0,1684.0,595.0,3.0,25.0,38.28,147.0,3.63,10.0,461.0,264.0,19.0,22.0,665.0,2.0,50.0,6.0,12.0,4.0,6.0,89.21,430.0,32.0,0.0,20.0,15.0,3.0,3.0,1.0,8.0,0.0,1.0,,,0.0
20251110830,2025,8,Warriors,Knights,True,26,12,52.0,1993.0,81.0,36.0,44.0,198.0,1909.0,657.0,7.0,32.0,43.4,184.0,3.74,13.0,453.0,235.0,25.0,23.0,664.0,0.0,62.0,5.0,8.0,6.0,1.0,89.3,384.0,25.0,2.0,21.0,9.0,6.0,4.0,1.0,8.0,1.0,1.0,,,1.0
20251110840,2025,8,Rabbitohs,Storm,False,16,24,48.0,1604.0,83.0,35.0,42.0,180.0,1382.0,483.0,3.0,27.0,32.93,82.0,3.52,9.0,420.0,229.0,3.0,21.0,671.0,0.0,71.0,10.0,14.0,7.0,2.0,85.68,371.0,48.0,1.0,14.0,11.0,4.0,5.0,1.0,8.0,,1.0,,,2.0
20251110840,2025,8,Storm,Rabbitohs,True,24,16,52.0,1741.0,79.0,35.0,44.0,199.0,1887.0,669.0,7.0,48.0,42.9,179.0,3.47,8.0,451.0,247.0,8.0,21.0,483.0,3.0,57.0,4.0,7.0,10.0,3.0,88.03,331.0,27.0,0.0,18.0,14.0,6.0,4.0,1.0,6.0,,1.0,,,1.0
20251110850,2025,8,Titans,Cowboys,False,18,50,45.0,1401.0,86.0,31.0,36.0,160.0,1414.0,442.0,4.0,18.0,39.29,94.0,3.47,6.0,369.0,197.0,33.0,19.0,595.0,1.0,20.0,2.0,10.0,1.0,4.0,83.53,350.0,48.0,0.0,21.0,7.0,5.0,1.0,1.0,8.0,0.0,2.0,,,
20251110850,2025,8,Cowboys,Titans,True,50,18,55.0,1754.0,76.0,29.0,38.0,219.0,2111.0,549.0,13.0,48.0,55.58,244.0,3.52,15.0,457.0,259.0,28.0,14.0,349.0,1.0,56.0,5.0,9.0,3.0,4.0,91.3,294.0,18.0,1.0,10.0,12.0,6.0,4.0,1.0,7.0,1.0,1.0,,,
20251110860,2025,8,Sea Eagles,Panthers,False,26,10,51.0,1736.0,88.0,38.0,43.0,180.0,1521.0,590.0,6.0,32.0,35.39,159.0,3.53,9.0,435.0,243.0,16.0,22.0,674.0,1.0,50.0,2.0,4.0,4.0,5.0,87.04,329.0,31.0,1.0,18.0,6.0,7.0,3.0,3.0,8.0,0.0,1.0,,,
20251110860,2025,8,Panthers,Sea Eagles,True,10,26,49.0,1599.0,78.0,32.0,41.0,182.0,1378.0,480.0,4.0,31.0,33.62,196.0,3.17,12.0,426.0,238.0,10.0,21.0,618.0,3.0,86.0,6.0,7.0,3.0,4.0,89.28,358.0,32.0,0.0,11.0,11.0,9.0,3.0,5.0,6.0,2.0,2.0,,,
20251110870,2025,8,Dolphins,Raiders,False,28,40,47.0,1468.0,72.0,26.0,36.0,175.0,1649.0,517.0,3.0,25.0,45.82,152.0,3.41,6.0,404.0,224.0,19.0,17.0,400.0,1.0,77.0,10.0,13.0,3.0,7.0,86.46,396.0,44.0,,18.0,10.0,5.0,6.0,1.0,7.0,1.0,1.0,,,1.0
20251110870,2025,8,Raiders,Dolphins,True,40,28,53.0,1656.0,87.0,36.0,41.0,178.0,1782.0,586.0,8.0,44.0,43.48,212.0,3.33,12.0,411.0,217.0,15.0,21.0,456.0,3.0,56.0,5.0,9.0,5.0,6.0,90.46,332.0,25.0,,10.0,5.0,5.0,2.0,3.0,7.0,0.0,0.0,,,1.0
20251110880,2025,8,Sharks,Wests Tigers,False,18,20,47.0,1634.0,76.0,29.0,38.0,192.0,1848.0,558.0,4.0,36.0,48.65,96.0,3.47,11.0,434.0,243.0,15.0,14.0,312.0,1.0,75.0,9.0,12.0,7.0,3.0,83.19,376.0,32.0,1.0,44.0,15.0,10.0,2.0,2.0,7.0,0.0,1.0,,,2.0
20251110880,2025,8,Wests Tigers,Sharks,True,20,18,53.0,1894.0,82.0,39.0,47.0,238.0,1889.0,603.0,4.0,32.0,40.19,80.0,3.33,31.0,503.0,271.0,8.0,20.0,503.0,2.0,80.0,8.0,10.0,4.0,9.0,86.16,330.0,36.0,1.0,17.0,7.0,7.0,2.0,1.0,9.0,1.0,1.0,,,0.0
20251110910,2025,9,Eels,Sharks,False,18,28,45.0,1543.0,78.0,32.0,41.0,181.0,1652.0,536.0,6.0,32.0,40.3,120.0,3.41,13.0,428.0,252.0,34.0,16.0,514.0,,50.0,6.0,12.0,4.0,1.0,89.53,385.0,30.0,1.0,15.0,10.0,8.0,3.0,0.0,8.0,1.0,0.0,0.0,,
20251110910,2025,9,Sharks,Eels,True,28,18,55.0,1833.0,85.0,34.0,40.0,206.0,1826.0,634.0,4.0,30.0,45.67,187.0,3.58,7.0,490.0,282.0,22.0,22.0,710.0,,83.0,5.0,6.0,7.0,1.0,84.7,310.0,32.0,2.0,24.0,8.0,7.0,4.0,1.0,7.0,0.0,1.0,1.0,,
20251110920,2025,9,Dolphins,Roosters,False,26,36,46.0,1443.0,77.0,28.0,36.0,189.0,1439.0,478.0,4.0,25.0,39.98,121.0,3.45,8.0,401.0,225.0,12.0,19.0,590.0,1.0,62.0,5.0,8.0,8.0,1.0,84.33,382.0,48.0,,23.0,10.0,3.0,1.0,1.0,8.0,,,,,
20251110920,2025,9,Roosters,Dolphins,True,36,26,54.0,1744.0,79.0,31.0,39.0,195.0,1825.0,669.0,8.0,48.0,46.81,194.0,3.45,18.0,450.0,242.0,18.0,20.0,534.0,1.0,67.0,6.0,9.0,6.0,3.0,88.17,313.0,25.0,,17.0,12.0,4.0,1.0,1.0,8.0,,,,,
20251110930,2025,9,Knights,Rabbitohs,False,30,4,49.0,1772.0,73.0,33.0,45.0,206.0,2175.0,684.0,11.0,49.0,48.34,191.0,3.58,12.0,455.0,243.0,13.0,20.0,650.0,1.0,83.0,15.0,18.0,4.0,2.0,90.35,412.0,29.0,0.0,15.0,14.0,3.0,4.0,0.0,8.0,,,,,1.0
20251110930,2025,9,Rabbitohs,Knights,True,4,30,51.0,1856.0,79.0,34.0,43.0,218.0,1995.0,666.0,2.0,29.0,46.4,142.0,3.58,11.0,489.0,275.0,28.0,22.0,594.0,0.0,60.0,3.0,5.0,13.0,3.0,83.6,372.0,49.0,1.0,24.0,11.0,3.0,1.0,1.0,8.0,,,,,2.0
20251110940,2025,9,Cowboys,Warriors,False,26,30,55.0,1779.0,73.0,30.0,41.0,184.0,1818.0,614.0,5.0,36.0,44.35,183.0,3.59,6.0,456.0,256.0,3.0,22.0,478.0,2.0,62.0,5.0,8.0,7.0,7.0,91.34,327.0,25.0,0.0,6.0,13.0,5.0,3.0,1.0,8.0,,,,,0.0
20251110940,2025,9,Warriors,Cowboys,True,30,26,45.0,1458.0,80.0,33.0,41.0,163.0,1559.0,483.0,5.0,25.0,38.04,166.0,3.37,3.0,364.0,187.0,10.0,24.0,718.0,0.0,50.0,8.0,16.0,5.0,5.0,89.51,384.0,36.0,1.0,9.0,10.0,3.0,2.0,0.0,8.0,,,,,1.0
20251110950,2025,9,Dragons,Wests Tigers,False,28,34,50.0,1563.0,76.0,30.0,39.0,183.0,1718.0,542.0,12.0,42.0,44.07,153.0,3.46,13.0,428.0,253.0,24.0,14.0,481.0,1.0,58.0,7.0,12.0,1.0,1.0,91.07,357.0,16.0,0.0,19.0,12.0,4.0,1.0,,7.0,,,,,0.0
20251110950,2025,9,Wests Tigers,Dragons,True,34,28,50.0,1577.0,78.0,30.0,38.0,182.0,1618.0,546.0,2.0,16.0,42.6,175.0,3.42,13.0,400.0,210.0,13.0,19.0,461.0,0.0,67.0,2.0,3.0,7.0,6.0,82.48,306.0,42.0,1.0,23.0,11.0,4.0,4.0,,7.0,,,,,1.0
20251110960,2025,9,Bulldogs,Titans,False,38,18,55.0,1714.0,76.0,33.0,43.0,204.0,1959.0,554.0,7.0,38.0,45.57,283.0,3.72,7.0,441.0,251.0,4.0,20.0,525.0,2.0,71.0,5.0,7.0,5.0,3.0,86.89,318.0,32.0,,16.0,11.0,4.0,1.0,1.0,7.0,,1.0,,,0.0
20251110960,2025,9,Titans,Bulldogs,True,18,38,45.0,1401.0,83.0,30.0,36.0,157.0,1385.0,421.0,1.0,32.0,38.48,134.0,3.37,10.0,362.0,184.0,15.0,23.0,673.0,3.0,31.0,4.0,13.0,0.0,5.0,86.75,347.0,38.0,,15.0,8.0,5.0,3.0,2.0,8.0,,2.0,,,1.0
20251110970,2025,9,Broncos,Panthers,False,8,32,47.0,1633.0,78.0,32.0,41.0,180.0,1596.0,568.0,4.0,47.0,38.93,192.0,3.84,10.0,410.0,215.0,0.0,25.0,659.0,4.0,67.0,10.0,15.0,5.0,3.0,88.84,398.0,35.0,1.0,15.0,11.0,4.0,1.0,,8.0,,,0.0,,0.0
20251110970,2025,9,Panthers,Broncos,True,32,8,53.0,1750.0,82.0,33.0,40.0,210.0,1794.0,535.0,7.0,35.0,44.87,210.0,3.38,11.0,460.0,243.0,26.0,27.0,787.0,3.0,73.0,11.0,15.0,5.0,6.0,84.65,364.0,47.0,1.0,19.0,10.0,3.0,4.0,,8.0,,,1.0,,1.0
20251110980,2025,9,Raiders,Storm,False,20,18,52.0,1754.0,85.0,34.0,40.0,206.0,1668.0,585.0,5.0,36.0,41.71,208.0,3.37,17.0,430.0,228.0,15.0,23.0,583.0,1.0,55.0,6.0,11.0,5.0,4.0,90.2,359.0,31.0,,8.0,8.0,6.0,,1.0,8.0,1.0,1.0,0.0,,3.0
20251110980,2025,9,Storm,Raiders,True,18,20,48.0,1663.0,80.0,33.0,41.0,176.0,1563.0,518.0,4.0,31.0,38.14,151.0,3.44,7.0,406.0,213.0,11.0,26.0,791.0,1.0,83.0,10.0,12.0,8.0,2.0,85.44,358.0,36.0,,25.0,9.0,9.0,,1.0,8.0,1.0,1.0,1.0,,1.0
20251111010,2025,10,Dolphins,Eels,False,20,16,48.0,1628.0,89.0,35.0,39.0,195.0,1930.0,623.0,5.0,33.0,49.5,257.0,3.43,6.0,428.0,225.0,22.0,27.0,698.0,0.0,83.0,5.0,6.0,16.0,2.0,88.46,391.0,37.0,0.0,14.0,7.0,8.0,1.0,0.0,8.0,0.0,,,,
20251111010,2025,10,Eels,Dolphins,True,16,20,52.0,1820.0,77.0,34.0,44.0,209.0,1887.0,569.0,7.0,37.0,42.89,144.0,3.47,7.0,506.0,304.0,35.0,21.0,761.0,3.0,77.0,17.0,22.0,3.0,1.0,90.02,370.0,33.0,1.0,8.0,10.0,3.0,3.0,1.0,8.0,1.0,,,,
20251111020,2025,10,Titans,Knights,False,24,20,54.0,1825.0,77.0,31.0,40.0,200.0,1896.0,661.0,8.0,32.0,47.42,118.0,3.72,23.0,466.0,255.0,25.0,20.0,614.0,1.0,83.0,10.0,12.0,4.0,2.0,89.23,348.0,31.0,0.0,11.0,9.0,6.0,2.0,1.0,7.0,,,,,1.0
20251111020,2025,10,Knights,Titans,True,20,24,46.0,1575.0,75.0,33.0,44.0,179.0,1714.0,640.0,4.0,31.0,38.96,166.0,3.48,7.0,395.0,212.0,28.0,20.0,548.0,0.0,67.0,8.0,12.0,7.0,3.0,84.14,382.0,32.0,1.0,40.0,12.0,4.0,2.0,3.0,8.0,,,,,0.0
20251111030,2025,10,Broncos,Rabbitohs,False,14,22,49.0,1611.0,78.0,33.0,42.0,174.0,1777.0,517.0,9.0,29.0,42.33,208.0,3.43,13.0,415.0,220.0,5.0,23.0,632.0,5.0,86.0,6.0,7.0,3.0,8.0,90.89,359.0,19.0,,17.0,12.0,7.0,2.0,,8.0,,,,,1.0
20251111030,2025,10,Rabbitohs,Broncos,True,22,14,51.0,1686.0,80.0,36.0,45.0,191.0,1555.0,484.0,3.0,19.0,34.56,153.0,3.43,8.0,430.0,221.0,2.0,22.0,659.0,0.0,67.0,8.0,12.0,3.0,4.0,87.26,322.0,29.0,,18.0,11.0,6.0,1.0,,8.0,,,,,2.0
20251111040,2025,10,Bulldogs,Raiders,False,32,20,51.0,1597.0,75.0,30.0,40.0,170.0,1733.0,489.0,8.0,34.0,43.33,193.0,3.83,7.0,418.0,241.0,5.0,17.0,504.0,0.0,33.0,3.0,9.0,4.0,3.0,84.32,355.0,45.0,,21.0,10.0,4.0,3.0,0.0,6.0,1.0,,,,
20251111040,2025,10,Raiders,Bulldogs,True,20,32,49.0,1525.0,81.0,31.0,38.0,163.0,1435.0,504.0,4.0,45.0,37.77,176.0,3.26,11.0,394.0,206.0,10.0,19.0,623.0,1.0,67.0,4.0,6.0,6.0,4.0,87.73,329.0,34.0,,12.0,15.0,4.0,3.0,1.0,8.0,0.0,,,,
20251111050,2025,10,Warriors,Dragons,False,15,14,52.0,1821.0,92.0,37.0,40.0,184.0,1701.0,568.0,3.0,23.0,42.53,125.0,3.56,5.0,417.0,211.0,28.0,26.0,743.0,0.0,67.0,8.0,12.0,6.0,3.0,88.1,370.0,28.0,1.0,22.0,8.0,7.0,5.0,1.0,8.0,1.0,,,,0.0
20251111050,2025,10,Dragons,Warriors,True,14,15,48.0,1712.0,73.0,34.0,46.0,185.0,1710.0,541.0,5.0,28.0,37.18,164.0,3.7,14.0,435.0,242.0,2.0,17.0,386.0,1.0,54.0,7.0,13.0,7.0,4.0,92.77,398.0,23.0,0.0,8.0,15.0,6.0,1.0,0.0,8.0,0.0,,,,1.0
20251111060,2025,10,Panthers,Cowboys,False,30,30,53.0,2074.0,78.0,39.0,50.0,225.0,1848.0,659.0,3.0,42.0,36.97,132.0,3.35,19.0,565.0,312.0,4.0,30.0,880.0,2.0,58.0,7.0,12.0,8.0,4.0,89.63,363.0,30.0,0.0,12.0,13.0,5.0,3.0,,10.0,,,,,0.0
20251111060,2025,10,Cowboys,Panthers,True,30,30,47.0,1776.0,77.0,38.0,49.0,213.0,1765.0,533.0,6.0,30.0,36.03,215.0,3.47,9.0,485.0,258.0,22.0,23.0,659.0,0.0,67.0,12.0,18.0,10.0,3.0,85.44,405.0,42.0,1.0,27.0,16.0,1.0,2.0,,9.0,,,,,1.0
20251111070,2025,10,Wests Tigers,Storm,False,0,64,44.0,1402.0,72.0,21.0,29.0,151.0,1234.0,403.0,1.0,20.0,42.56,37.0,3.67,11.0,367.0,218.0,4.0,15.0,368.0,0.0,40.0,8.0,20.0,3.0,5.0,81.49,339.0,51.0,0.0,26.0,11.0,3.0,5.0,1.0,8.0,,,,,
20251111070,2025,10,Storm,Wests Tigers,True,64,0,56.0,1770.0,77.0,35.0,45.0,203.0,2128.0,590.0,10.0,51.0,47.3,210.0,3.54,18.0,444.0,235.0,30.0,22.0,485.0,2.0,70.0,7.0,10.0,10.0,3.0,88.41,267.0,20.0,1.0,15.0,16.0,3.0,0.0,0.0,8.0,,,,,
20251111080,2025,10,Sharks,Sea Eagles,False,30,14,54.0,1749.0,81.0,35.0,43.0,199.0,1633.0,562.0,4.0,30.0,38.0,168.0,3.39,9.0,469.0,257.0,6.0,24.0,694.0,0.0,83.0,5.0,6.0,2.0,4.0,91.92,307.0,17.0,2.0,10.0,11.0,5.0,2.0,0.0,8.0,1.0,,,,
20251111080,2025,10,Sea Eagles,Sharks,True,14,30,46.0,1472.0,66.0,28.0,42.0,166.0,1459.0,477.0,3.0,17.0,34.74,190.0,3.44,5.0,413.0,234.0,7.0,20.0,631.0,1.0,60.0,3.0,5.0,6.0,3.0,88.51,362.0,30.0,0.0,17.0,15.0,7.0,2.0,1.0,7.0,0.0,,,,
20251111110,2025,11,Eels,Knights,False,28,6,55.0,1893.0,77.0,35.0,45.0,201.0,1983.0,585.0,7.0,49.0,44.08,168.0,3.79,9.0,482.0,268.0,41.0,23.0,764.0,0.0,67.0,4.0,6.0,6.0,1.0,91.6,338.0,22.0,1.0,9.0,15.0,5.0,4.0,,8.0,1.0,0.0,,,
20251111110,2025,11,Knights,Eels,True,6,28,45.0,1539.0,69.0,30.0,43.0,174.0,1642.0,525.0,3.0,22.0,38.19,223.0,3.39,6.0,421.0,247.0,21.0,19.0,592.0,2.0,36.0,4.0,11.0,2.0,3.0,84.51,371.0,49.0,0.0,19.0,14.0,3.0,4.0,,8.0,1.0,1.0,,,
20251111120,2025,11,Roosters,Bulldogs,False,20,24,50.0,1648.0,67.0,31.0,46.0,201.0,1676.0,466.0,4.0,36.0,36.43,243.0,3.4,12.0,450.0,245.0,3.0,25.0,793.0,4.0,75.0,6.0,8.0,8.0,5.0,87.84,325.0,29.0,0.0,16.0,17.0,4.0,0.0,,7.0,,,,,1.0
20251111120,2025,11,Bulldogs,Roosters,True,24,20,50.0,1630.0,81.0,35.0,43.0,179.0,1603.0,476.0,4.0,29.0,37.28,199.0,3.3,7.0,433.0,231.0,5.0,23.0,742.0,1.0,71.0,10.0,14.0,5.0,4.0,86.02,326.0,36.0,1.0,17.0,8.0,4.0,1.0,,8.0,,,,,2.0
20251111130,2025,11,Warriors,Dolphins,False,16,12,46.0,1552.0,82.0,32.0,39.0,170.0,1559.0,586.0,2.0,30.0,39.98,116.0,3.3,4.0,414.0,232.0,28.0,19.0,549.0,0.0,36.0,5.0,14.0,5.0,1.0,88.18,373.0,32.0,,18.0,8.0,8.0,6.0,1.0,8.0,1.0,1.0,,,
20251111130,2025,11,Dolphins,Warriors,True,12,16,54.0,1819.0,74.0,35.0,47.0,206.0,1735.0,587.0,2.0,32.0,36.92,128.0,3.71,10.0,479.0,284.0,33.0,19.0,508.0,4.0,64.0,7.0,11.0,5.0,6.0,90.72,352.0,30.0,,6.0,16.0,8.0,2.0,2.0,6.0,1.0,0.0,,,
20251111140,2025,11,Sea Eagles,Cowboys,False,24,6,50.0,1700.0,67.0,29.0,43.0,184.0,1657.0,502.0,7.0,37.0,38.55,135.0,3.63,14.0,441.0,233.0,7.0,21.0,632.0,1.0,91.0,10.0,11.0,9.0,1.0,91.21,353.0,20.0,0.0,14.0,15.0,6.0,2.0,1.0,8.0,1.0,1.0,,,0.0
20251111140,2025,11,Cowboys,Sea Eagles,True,6,24,50.0,1658.0,72.0,31.0,43.0,201.0,1612.0,474.0,2.0,20.0,37.49,148.0,3.6,9.0,469.0,271.0,6.0,20.0,460.0,2.0,69.0,9.0,13.0,4.0,7.0,84.48,332.0,37.0,1.0,24.0,14.0,3.0,1.0,0.0,8.0,0.0,0.0,,,1.0
20251111150,2025,11,Storm,Sharks,False,26,31,51.0,1544.0,72.0,27.0,37.0,180.0,1637.0,546.0,4.0,20.0,44.27,138.0,3.37,19.0,406.0,221.0,10.0,20.0,489.0,0.0,75.0,6.0,8.0,7.0,3.0,88.46,299.0,23.0,0.0,16.0,12.0,5.0,5.0,2.0,8.0,,,,,0.0
20251111150,2025,11,Sharks,Storm,True,31,26,49.0,1423.0,76.0,33.0,43.0,168.0,1530.0,489.0,5.0,23.0,35.6,154.0,3.39,11.0,387.0,211.0,3.0,15.0,419.0,2.0,75.0,9.0,12.0,5.0,2.0,85.11,303.0,20.0,1.0,33.0,11.0,7.0,1.0,1.0,8.0,,,,,1.0
20251111160,2025,11,Dragons,Broncos,False,30,26,51.0,1603.0,87.0,36.0,41.0,183.0,1639.0,461.0,3.0,31.0,39.98,168.0,3.4,10.0,416.0,227.0,26.0,23.0,745.0,0.0,50.0,4.0,8.0,2.0,3.0,87.89,341.0,28.0,,19.0,6.0,7.0,0.0,,8.0,1.0,1.0,,,0.0
20251111160,2025,11,Broncos,Dragons,True,26,30,49.0,1589.0,72.0,27.0,37.0,180.0,1782.0,517.0,7.0,28.0,48.18,242.0,3.58,11.0,378.0,198.0,21.0,18.0,528.0,1.0,57.0,4.0,7.0,4.0,0.0,86.97,327.0,31.0,,18.0,13.0,6.0,3.0,,8.0,0.0,0.0,,,1.0
20251111170,2025,11,Titans,Raiders,False,24,40,45.0,1532.0,80.0,32.0,40.0,167.0,1503.0,441.0,5.0,16.0,37.59,160.0,3.64,5.0,402.0,223.0,1.0,19.0,575.0,1.0,47.0,9.0,19.0,6.0,2.0,84.85,364.0,34.0,0.0,31.0,9.0,1.0,2.0,,6.0,,,,,2.0
20251111170,2025,11,Raiders,Titans,True,40,24,55.0,2016.0,78.0,33.0,42.0,201.0,1985.0,613.0,8.0,34.0,47.27,253.0,3.55,18.0,434.0,226.0,25.0,22.0,549.0,3.0,50.0,5.0,10.0,8.0,5.0,92.86,338.0,16.0,2.0,10.0,10.0,6.0,4.0,,6.0,,,,,0.0
20251111180,2025,11,Rabbitohs,Wests Tigers,False,22,12,49.0,1818.0,88.0,37.0,42.0,187.0,1792.0,735.0,4.0,40.0,42.68,162.0,3.45,5.0,418.0,210.0,1.0,23.0,777.0,1.0,77.0,10.0,13.0,6.0,1.0,85.19,374.0,38.0,1.0,27.0,9.0,8.0,3.0,,8.0,,1.0,,,2.0
20251111180,2025,11,Wests Tigers,Rabbitohs,True,12,22,51.0,1850.0,80.0,37.0,46.0,209.0,2004.0,763.0,5.0,38.0,43.58,192.0,3.45,19.0,487.0,269.0,12.0,23.0,573.0,0.0,100.0,6.0,6.0,7.0,6.0,89.4,405.0,40.0,0.0,8.0,12.0,3.0,2.0,,7.0,,1.0,,,1.0
20251111210,2025,12,Dolphins,Bulldogs,False,44,8,55.0,1589.0,80.0,36.0,45.0,188.0,1513.0,546.0,7.0,33.0,33.64,122.0,3.35,6.0,425.0,227.0,22.0,21.0,553.0,2.0,36.0,4.0,11.0,7.0,5.0,93.2,315.0,13.0,,10.0,9.0,5.0,2.0,1.0,7.0,1.0,,,,1.0
20251111210,2025,12,Bulldogs,Dolphins,True,8,44,45.0,1317.0,64.0,25.0,39.0,142.0,1091.0,368.0,0.0,13.0,27.99,97.0,3.5,6.0,365.0,196.0,8.0,19.0,616.0,3.0,57.0,8.0,14.0,3.0,5.0,90.73,411.0,33.0,,9.0,16.0,6.0,4.0,1.0,7.0,1.0,,,,0.0
20251111220,2025,12,Sea Eagles,Eels,False,10,30,51.0,1740.0,87.0,35.0,40.0,191.0,1777.0,583.0,3.0,25.0,44.45,189.0,3.69,15.0,468.0,261.0,19.0,26.0,751.0,1.0,50.0,8.0,16.0,8.0,1.0,90.42,368.0,27.0,0.0,12.0,9.0,6.0,1.0,,8.0,1.0,,,,0.0
20251111220,2025,12,Eels,Sea Eagles,True,30,10,49.0,1677.0,88.0,39.0,44.0,185.0,1884.0,628.0,5.0,27.0,42.83,233.0,3.57,6.0,453.0,252.0,36.0,26.0,779.0,1.0,65.0,11.0,17.0,3.0,4.0,87.94,350.0,25.0,1.0,23.0,8.0,5.0,1.0,,8.0,0.0,,,,2.0
20251111230,2025,12,Knights,Panthers,False,25,6,54.0,1920.0,85.0,36.0,42.0,209.0,2125.0,751.0,9.0,50.0,50.6,221.0,3.54,10.0,483.0,266.0,5.0,20.0,597.0,1.0,50.0,6.0,12.0,4.0,4.0,89.58,361.0,27.0,0.0,15.0,8.0,7.0,1.0,0.0,8.0,0.0,0.0,,,
20251111230,2025,12,Panthers,Knights,True,6,25,46.0,1679.0,79.0,31.0,39.0,181.0,1751.0,623.0,2.0,27.0,44.9,139.0,3.62,5.0,431.0,249.0,23.0,22.0,590.0,3.0,38.0,3.0,8.0,3.0,4.0,86.34,436.0,50.0,1.0,19.0,10.0,8.0,3.0,1.0,8.0,1.0,1.0,,,
20251111240,2025,12,Sharks,Roosters,False,16,42,50.0,1499.0,80.0,32.0,40.0,182.0,1564.0,533.0,4.0,28.0,39.11,173.0,3.38,5.0,423.0,251.0,9.0,18.0,469.0,1.0,54.0,7.0,13.0,2.0,5.0,86.39,311.0,33.0,,16.0,11.0,7.0,1.0,1.0,8.0,,1.0,,,0.0
20251111240,2025,12,Roosters,Sharks,True,42,16,50.0,1483.0,75.0,31.0,41.0,180.0,1702.0,503.0,6.0,33.0,41.52,154.0,3.52,11.0,408.0,225.0,2.0,20.0,445.0,0.0,75.0,6.0,8.0,8.0,4.0,89.08,310.0,28.0,,10.0,13.0,8.0,2.0,0.0,7.0,,0.0,,,1.0
20251111250,2025,12,Raiders,Warriors,False,16,10,52.0,1770.0,77.0,35.0,45.0,174.0,1647.0,574.0,3.0,34.0,36.6,207.0,3.65,5.0,399.0,208.0,2.0,21.0,458.0,3.0,25.0,2.0,8.0,7.0,5.0,89.87,355.0,30.0,,10.0,10.0,10.0,5.0,4.0,8.0,,2.0,,,2.0
20251111250,2025,12,Warriors,Raiders,True,10,16,48.0,1617.0,75.0,34.0,45.0,164.0,1617.0,552.0,2.0,30.0,35.93,218.0,3.47,4.0,400.0,223.0,21.0,19.0,577.0,2.0,56.0,10.0,18.0,3.0,2.0,89.73,367.0,34.0,,8.0,14.0,7.0,3.0,1.0,8.0,,1.0,,,3.0
20251111310,2025,13,Knights,Dragons,False,6,20,47.0,1632.0,70.0,28.0,40.0,178.0,1586.0,495.0,2.0,18.0,39.67,108.0,3.38,7.0,444.0,255.0,27.0,20.0,558.0,1.0,50.0,6.0,12.0,3.0,3.0,87.47,412.0,39.0,1.0,20.0,16.0,9.0,2.0,2.0,8.0,,,,,1.0
20251111310,2025,13,Dragons,Knights,True,20,6,53.0,1891.0,77.0,35.0,45.0,202.0,1954.0,699.0,4.0,39.0,43.43,185.0,3.56,10.0,507.0,288.0,45.0,22.0,516.0,4.0,46.0,6.0,13.0,6.0,6.0,92.62,389.0,18.0,0.0,13.0,13.0,5.0,1.0,0.0,7.0,,,,,1.0
20251111320,2025,13,Storm,Titans,False,28,16,52.0,1703.0,87.0,35.0,40.0,174.0,1767.0,619.0,2.0,24.0,44.18,121.0,3.74,9.0,418.0,225.0,16.0,23.0,533.0,0.0,73.0,11.0,15.0,7.0,5.0,88.24,330.0,20.0,2.0,24.0,6.0,8.0,3.0,0.0,7.0,,,,,
20251111320,2025,13,Titans,Storm,True,16,28,48.0,1649.0,66.0,30.0,45.0,169.0,1635.0,587.0,2.0,20.0,36.35,115.0,3.65,11.0,415.0,236.0,24.0,19.0,472.0,1.0,50.0,8.0,16.0,9.0,5.0,90.75,363.0,24.0,0.0,13.0,15.0,5.0,1.0,1.0,7.0,,,,,
20251111330,2025,13,Wests Tigers,Cowboys,False,28,32,52.0,1761.0,78.0,32.0,41.0,205.0,1956.0,590.0,8.0,43.0,47.72,148.0,3.1,17.0,479.0,279.0,9.0,19.0,501.0,1.0,73.0,11.0,15.0,5.0,3.0,85.75,331.0,40.0,0.0,15.0,12.0,3.0,4.0,1.0,8.0,,2.0,,,0.0
20251111330,2025,13,Cowboys,Wests Tigers,True,32,28,48.0,1617.0,82.0,32.0,39.0,185.0,2019.0,583.0,8.0,40.0,51.78,159.0,3.34,8.0,424.0,242.0,33.0,18.0,494.0,0.0,73.0,8.0,11.0,10.0,4.0,81.75,318.0,43.0,1.0,28.0,10.0,3.0,3.0,1.0,8.0,,0.0,,,1.0
20251111340,2025,13,Broncos,Sea Eagles,False,6,34,42.0,1522.0,75.0,28.0,37.0,168.0,1477.0,549.0,2.0,24.0,39.94,262.0,3.3,4.0,394.0,209.0,3.0,23.0,692.0,0.0,85.0,11.0,13.0,6.0,4.0,93.49,431.0,22.0,0.0,8.0,11.0,4.0,5.0,,7.0,,,0.0,,1.0
20251111340,2025,13,Sea Eagles,Broncos,True,34,6,58.0,2133.0,88.0,46.0,52.0,228.0,1882.0,643.0,6.0,22.0,36.2,197.0,3.42,6.0,560.0,310.0,4.0,35.0,1084.0,2.0,85.0,11.0,13.0,4.0,10.0,89.88,302.0,24.0,1.0,10.0,6.0,3.0,1.0,,7.0,,,1.0,,0.0
20251111350,2025,13,Warriors,Rabbitohs,False,36,30,50.0,1631.0,80.0,32.0,40.0,175.0,1738.0,544.0,6.0,29.0,43.46,225.0,3.47,9.0,404.0,205.0,26.0,24.0,703.0,2.0,73.0,8.0,11.0,6.0,1.0,88.63,374.0,34.0,2.0,14.0,9.0,4.0,2.0,1.0,7.0,0.0,,,,2.0
20251111350,2025,13,Rabbitohs,Warriors,True,30,36,50.0,1629.0,82.0,33.0,40.0,188.0,1529.0,456.0,5.0,34.0,38.25,141.0,3.51,7.0,416.0,219.0,5.0,21.0,674.0,1.0,31.0,4.0,13.0,8.0,2.0,88.95,346.0,29.0,1.0,14.0,7.0,1.0,1.0,1.0,8.0,1.0,,,,2.0
20251111360,2025,13,Eels,Panthers,False,10,18,50.0,1822.0,81.0,36.0,44.0,195.0,1572.0,530.0,4.0,33.0,35.73,113.0,3.74,11.0,495.0,290.0,25.0,22.0,736.0,1.0,72.0,13.0,18.0,3.0,1.0,91.67,363.0,26.0,,7.0,9.0,4.0,3.0,0.0,8.0,2.0,,,,0.0
20251111360,2025,13,Panthers,Eels,True,18,10,50.0,1825.0,86.0,39.0,45.0,203.0,1804.0,596.0,4.0,26.0,40.1,220.0,3.31,5.0,466.0,255.0,26.0,27.0,748.0,1.0,88.0,7.0,8.0,9.0,4.0,89.04,406.0,33.0,,17.0,12.0,7.0,2.0,1.0,7.0,0.0,,,,1.0
20251111370,2025,13,Raiders,Roosters,False,26,24,58.0,2014.0,88.0,38.0,43.0,212.0,1769.0,627.0,4.0,35.0,41.14,255.0,3.44,8.0,497.0,259.0,26.0,31.0,778.0,2.0,67.0,6.0,9.0,7.0,9.0,84.42,298.0,36.0,,19.0,8.0,4.0,1.0,0.0,8.0,0.0,,1.0,,0.0
20251111370,2025,13,Roosters,Raiders,True,24,26,42.0,1469.0,63.0,26.0,41.0,165.0,1461.0,478.0,4.0,36.0,35.63,271.0,3.41,13.0,393.0,211.0,4.0,19.0,575.0,1.0,61.0,11.0,18.0,8.0,1.0,90.08,454.0,35.0,,15.0,16.0,1.0,2.0,1.0,8.0,1.0,,0.0,,1.0
20251111410,2025,14,Sea Eagles,Knights,False,22,26,53.0,1885.0,84.0,37.0,44.0,191.0,1883.0,642.0,8.0,32.0,42.81,226.0,3.56,3.0,490.0,285.0,2.0,24.0,806.0,0.0,33.0,3.0,9.0,5.0,2.0,87.53,379.0,37.0,0.0,17.0,9.0,2.0,2.0,0.0,9.0,1.0,,,,1.0
20251111410,2025,14,Knights,Sea Eagles,True,26,22,47.0,1775.0,73.0,31.0,42.0,203.0,1812.0,498.0,6.0,37.0,43.15,266.0,3.49,10.0,452.0,250.0,12.0,23.0,817.0,1.0,71.0,5.0,7.0,4.0,1.0,91.52,421.0,32.0,1.0,7.0,11.0,5.0,5.0,3.0,8.0,0.0,,,,0.0
20251111420,2025,14,Cowboys,Storm,False,14,38,46.0,1506.0,61.0,26.0,42.0,186.0,1699.0,516.0,6.0,28.0,40.47,155.0,3.54,15.0,421.0,239.0,43.0,17.0,344.0,2.0,50.0,7.0,14.0,7.0,4.0,85.68,347.0,42.0,0.0,16.0,16.0,5.0,3.0,2.0,8.0,,,,,1.0
20251111420,2025,14,Storm,Cowboys,True,38,14,54.0,1794.0,81.0,39.0,48.0,201.0,1821.0,668.0,6.0,42.0,37.96,110.0,3.34,9.0,453.0,239.0,18.0,25.0,661.0,1.0,54.0,7.0,13.0,6.0,5.0,86.23,313.0,28.0,1.0,22.0,12.0,5.0,1.0,0.0,7.0,,,,,0.0
20251111430,2025,14,Dragons,Dolphins,False,6,56,40.0,1222.0,78.0,25.0,32.0,137.0,1132.0,400.0,3.0,22.0,35.38,69.0,3.46,11.0,349.0,200.0,33.0,17.0,474.0,2.0,67.0,6.0,9.0,4.0,4.0,88.86,375.0,27.0,,20.0,10.0,2.0,2.0,,8.0,,,0.0,,
20251111430,2025,14,Dolphins,Dragons,True,56,6,60.0,1811.0,86.0,33.0,38.0,233.0,2234.0,635.0,8.0,27.0,58.8,251.0,3.56,11.0,495.0,293.0,15.0,19.0,544.0,0.0,86.0,6.0,7.0,6.0,2.0,85.07,245.0,22.0,,21.0,7.0,7.0,1.0,,8.0,,,1.0,,
20251111440,2025,14,Warriors,Sharks,False,40,10,49.0,1655.0,92.0,36.0,39.0,181.0,1719.0,512.0,5.0,39.0,44.09,212.0,3.24,10.0,428.0,227.0,14.0,24.0,713.0,0.0,78.0,7.0,9.0,9.0,0.0,87.47,363.0,31.0,1.0,21.0,6.0,6.0,5.0,,8.0,2.0,,,,1.0
20251111440,2025,14,Sharks,Warriors,True,10,40,51.0,1719.0,85.0,35.0,41.0,183.0,1525.0,506.0,5.0,31.0,37.2,110.0,3.6,12.0,457.0,265.0,3.0,20.0,592.0,1.0,64.0,9.0,14.0,5.0,3.0,86.28,371.0,39.0,0.0,20.0,7.0,6.0,0.0,,8.0,1.0,,,,1.0
20251111450,2025,14,Titans,Broncos,False,14,44,49.0,1566.0,83.0,31.0,37.0,174.0,1577.0,547.0,3.0,32.0,42.63,107.0,3.56,9.0,412.0,236.0,9.0,17.0,412.0,0.0,62.0,5.0,8.0,5.0,2.0,85.75,313.0,39.0,1.0,13.0,9.0,5.0,3.0,,8.0,0.0,,0.0,,
20251111450,2025,14,Broncos,Titans,True,44,14,51.0,1616.0,79.0,35.0,44.0,190.0,1841.0,566.0,9.0,39.0,41.86,133.0,3.62,8.0,407.0,227.0,35.0,20.0,604.0,2.0,62.0,5.0,8.0,5.0,1.0,86.97,327.0,32.0,1.0,17.0,13.0,6.0,2.0,,7.0,1.0,,1.0,,
20251111460,2025,14,Rabbitohs,Raiders,False,12,36,46.0,1624.0,72.0,29.0,40.0,174.0,1468.0,457.0,3.0,29.0,36.72,171.0,3.5,1.0,400.0,213.0,24.0,24.0,911.0,3.0,73.0,11.0,15.0,4.0,4.0,90.36,422.0,37.0,,8.0,11.0,2.0,5.0,0.0,8.0,,,,,
20251111460,2025,14,Raiders,Rabbitohs,True,36,12,54.0,1985.0,86.0,39.0,45.0,194.0,1878.0,646.0,7.0,37.0,41.74,244.0,3.54,5.0,448.0,231.0,5.0,26.0,701.0,2.0,82.0,9.0,11.0,7.0,5.0,92.67,379.0,29.0,,1.0,6.0,2.0,2.0,2.0,7.0,,,,,
20251111470,2025,14,Panthers,Wests Tigers,False,18,14,49.0,1669.0,87.0,34.0,39.0,202.0,1668.0,457.0,7.0,39.0,42.79,148.0,3.27,9.0,439.0,235.0,4.0,27.0,734.0,1.0,70.0,7.0,10.0,8.0,1.0,90.51,391.0,25.0,,16.0,8.0,7.0,1.0,1.0,8.0,1.0,,,,
20251111470,2025,14,Wests Tigers,Panthers,True,14,18,51.0,1817.0,81.0,31.0,38.0,209.0,1622.0,590.0,2.0,25.0,42.7,173.0,3.54,9.0,472.0,272.0,37.0,20.0,592.0,0.0,67.0,6.0,9.0,8.0,2.0,87.83,361.0,39.0,,11.0,10.0,6.0,1.0,0.0,8.0,0.0,,,,
20251111480,2025,14,Eels,Bulldogs,False,12,30,40.0,1359.0,67.0,25.0,37.0,151.0,1329.0,438.0,2.0,26.0,35.93,136.0,3.48,6.0,373.0,206.0,15.0,18.0,657.0,0.0,67.0,10.0,15.0,4.0,0.0,85.62,399.0,38.0,1.0,29.0,16.0,6.0,4.0,1.0,8.0,2.0,0.0,,,2.0
20251111480,2025,14,Bulldogs,Eels,True,30,12,60.0,2006.0,90.0,47.0,52.0,232.0,2284.0,710.0,6.0,38.0,43.94,291.0,3.51,16.0,539.0,306.0,6.0,27.0,667.0,2.0,44.0,4.0,9.0,7.0,7.0,87.86,304.0,26.0,2.0,16.0,10.0,3.0,2.0,2.0,8.0,0.0,1.0,,,1.0
20251111510,2025,15,Dragons,Sharks,False,18,30,44.0,1480.0,88.0,32.0,36.0,171.0,1588.0,522.0,4.0,26.0,44.13,100.0,3.31,7.0,424.0,231.0,43.0,23.0,850.0,0.0,43.0,10.0,23.0,3.0,1.0,87.53,400.0,35.0,0.0,22.0,6.0,6.0,1.0,,8.0,,0.0,,,2.0
20251111510,2025,15,Sharks,Dragons,True,30,18,56.0,1863.0,87.0,41.0,47.0,208.0,2205.0,625.0,5.0,35.0,46.93,357.0,3.35,14.0,445.0,228.0,30.0,28.0,704.0,3.0,83.0,5.0,6.0,18.0,3.0,90.6,376.0,26.0,1.0,13.0,10.0,4.0,0.0,,8.0,,1.0,,,0.0
20251111520,2025,15,Sea Eagles,Titans,False,8,28,49.0,1776.0,80.0,33.0,41.0,196.0,1760.0,604.0,4.0,41.0,42.93,191.0,3.6,10.0,477.0,284.0,28.0,25.0,655.0,,70.0,7.0,10.0,8.0,2.0,86.77,387.0,45.0,0.0,14.0,11.0,7.0,1.0,,8.0,,,,,
20251111520,2025,15,Titans,Sea Eagles,True,28,8,51.0,1911.0,90.0,39.0,43.0,193.0,1846.0,641.0,7.0,45.0,42.94,245.0,3.69,7.0,452.0,247.0,28.0,24.0,766.0,,38.0,5.0,13.0,3.0,2.0,86.26,364.0,41.0,1.0,17.0,5.0,6.0,5.0,,8.0,,,,,
20251111530,2025,15,Roosters,Knights,False,12,8,46.0,1724.0,80.0,32.0,40.0,184.0,1817.0,648.0,3.0,27.0,45.45,134.0,3.42,12.0,432.0,225.0,25.0,25.0,857.0,0.0,47.0,8.0,17.0,6.0,1.0,91.16,454.0,35.0,2.0,9.0,12.0,6.0,2.0,0.0,7.0,,,,,1.0
20251111530,2025,15,Knights,Roosters,True,8,12,54.0,2039.0,77.0,35.0,45.0,230.0,2060.0,732.0,3.0,35.0,45.78,250.0,3.39,5.0,560.0,319.0,20.0,26.0,708.0,1.0,55.0,6.0,11.0,9.0,3.0,89.21,372.0,27.0,0.0,18.0,13.0,3.0,0.0,1.0,8.0,,,,,0.0
20251111540,2025,15,Dolphins,Cowboys,False,58,4,56.0,1797.0,78.0,36.0,46.0,229.0,2260.0,676.0,11.0,39.0,49.14,233.0,3.49,20.0,504.0,286.0,9.0,16.0,480.0,1.0,88.0,7.0,8.0,6.0,1.0,93.5,302.0,16.0,1.0,5.0,14.0,4.0,2.0,2.0,6.0,1.0,1.0,,,1.0
20251111540,2025,15,Cowboys,Dolphins,True,4,58,44.0,1430.0,74.0,26.0,35.0,160.0,1415.0,476.0,2.0,16.0,40.45,51.0,3.38,4.0,376.0,209.0,6.0,15.0,419.0,1.0,64.0,7.0,11.0,7.0,2.0,82.82,347.0,40.0,1.0,32.0,12.0,4.0,5.0,1.0,9.0,1.0,0.0,,,0.0
20251111550,2025,15,Bulldogs,Rabbitohs,False,24,18,56.0,1937.0,83.0,36.0,43.0,226.0,1941.0,562.0,6.0,32.0,45.15,266.0,3.68,16.0,506.0,275.0,28.0,27.0,740.0,2.0,50.0,3.0,6.0,3.0,4.0,91.43,352.0,22.0,,11.0,9.0,11.0,0.0,3.0,8.0,,1.0,,,
20251111550,2025,15,Rabbitohs,Bulldogs,True,18,24,44.0,1514.0,88.0,39.0,44.0,172.0,1248.0,404.0,4.0,22.0,28.37,150.0,3.3,5.0,430.0,241.0,13.0,24.0,854.0,0.0,60.0,6.0,10.0,2.0,1.0,88.14,394.0,32.0,,21.0,7.0,4.0,2.0,0.0,8.0,,0.0,,,
20251111610,2025,16,Raiders,Wests Tigers,False,16,12,46.0,1627.0,82.0,32.0,39.0,163.0,1464.0,514.0,4.0,25.0,37.55,108.0,3.85,4.0,374.0,196.0,8.0,25.0,656.0,2.0,38.0,8.0,21.0,4.0,6.0,86.57,374.0,46.0,,12.0,11.0,3.0,6.0,,8.0,,,,,
20251111610,2025,16,Wests Tigers,Raiders,True,12,16,54.0,1840.0,68.0,32.0,47.0,189.0,1808.0,596.0,4.0,46.0,38.48,185.0,3.63,7.0,478.0,280.0,71.0,25.0,476.0,4.0,33.0,6.0,18.0,8.0,13.0,91.35,338.0,25.0,,7.0,16.0,4.0,2.0,,7.0,,,,,
20251111620,2025,16,Panthers,Warriors,False,28,18,55.0,1874.0,73.0,33.0,45.0,200.0,1964.0,585.0,6.0,33.0,43.66,194.0,3.44,9.0,460.0,253.0,19.0,26.0,645.0,3.0,50.0,6.0,12.0,8.0,3.0,89.87,355.0,39.0,1.0,1.0,13.0,6.0,4.0,2.0,6.0,,,,,0.0
20251111620,2025,16,Warriors,Panthers,True,18,28,45.0,1492.0,79.0,34.0,43.0,151.0,1485.0,522.0,2.0,39.0,34.53,135.0,3.43,1.0,364.0,196.0,21.0,22.0,640.0,2.0,44.0,7.0,16.0,5.0,2.0,88.14,394.0,33.0,0.0,20.0,9.0,5.0,3.0,0.0,8.0,,,,,2.0
20251111630,2025,16,Knights,Dolphins,False,26,20,48.0,1644.0,82.0,34.0,41.0,182.0,1568.0,498.0,3.0,40.0,38.26,135.0,3.2,5.0,430.0,242.0,19.0,25.0,780.0,,78.0,7.0,9.0,7.0,3.0,92.4,401.0,21.0,,12.0,7.0,6.0,1.0,,7.0,0.0,1.0,,,2.0
20251111630,2025,16,Dolphins,Knights,True,20,26,52.0,1754.0,82.0,32.0,39.0,202.0,1819.0,515.0,6.0,21.0,46.66,177.0,3.46,7.0,456.0,262.0,27.0,20.0,572.0,,78.0,7.0,9.0,8.0,2.0,87.97,351.0,40.0,,8.0,8.0,2.0,2.0,,8.0,1.0,0.0,,,2.0
20251111640,2025,16,Storm,Rabbitohs,False,25,24,50.0,1693.0,74.0,32.0,43.0,194.0,1829.0,589.0,4.0,30.0,42.54,230.0,3.52,8.0,449.0,242.0,21.0,22.0,673.0,2.0,88.0,7.0,8.0,6.0,3.0,93.8,363.0,20.0,0.0,4.0,14.0,5.0,2.0,,8.0,,,,,
20251111640,2025,16,Rabbitohs,Storm,True,24,25,50.0,1743.0,84.0,37.0,44.0,181.0,1671.0,527.0,4.0,20.0,37.99,172.0,3.45,3.0,455.0,248.0,5.0,25.0,840.0,0.0,60.0,6.0,10.0,4.0,3.0,89.33,360.0,30.0,1.0,13.0,10.0,3.0,1.0,,8.0,,,,,
20251111650,2025,16,Sharks,Broncos,False,28,34,50.0,1724.0,75.0,30.0,40.0,174.0,1568.0,372.0,9.0,31.0,39.2,214.0,3.41,7.0,404.0,221.0,17.0,19.0,564.0,1.0,62.0,8.0,13.0,4.0,4.0,85.82,339.0,33.0,,23.0,13.0,7.0,3.0,,8.0,0.0,1.0,,,
20251111650,2025,16,Broncos,Sharks,True,34,28,50.0,1621.0,85.0,36.0,42.0,183.0,1655.0,492.0,11.0,33.0,39.41,139.0,3.51,14.0,418.0,219.0,24.0,22.0,671.0,0.0,67.0,6.0,9.0,4.0,3.0,88.83,342.0,31.0,,12.0,6.0,4.0,1.0,,8.0,1.0,0.0,,,
20251111660,2025,16,Cowboys,Roosters,False,8,42,46.0,1595.0,67.0,27.0,40.0,180.0,1561.0,527.0,3.0,23.0,39.03,183.0,3.65,8.0,429.0,244.0,30.0,15.0,485.0,1.0,70.0,7.0,10.0,2.0,3.0,85.05,387.0,45.0,2.0,23.0,16.0,2.0,1.0,,7.0,,,,,1.0
20251111660,2025,16,Roosters,Cowboys,True,42,8,54.0,1844.0,81.0,36.0,44.0,229.0,1982.0,675.0,6.0,45.0,45.06,200.0,3.56,18.0,494.0,268.0,35.0,25.0,752.0,0.0,67.0,4.0,6.0,5.0,5.0,89.84,336.0,23.0,1.0,15.0,9.0,4.0,3.0,,7.0,,,,,0.0
20251111670,2025,16,Titans,Eels,False,20,36,49.0,1685.0,82.0,37.0,45.0,187.0,1887.0,662.0,3.0,20.0,41.94,200.0,3.51,4.0,435.0,238.0,11.0,22.0,666.0,,42.0,5.0,12.0,4.0,3.0,86.11,341.0,31.0,3.0,24.0,10.0,1.0,0.0,1.0,7.0,0.0,0.0,,,3.0
20251111670,2025,16,Eels,Titans,True,36,20,51.0,1774.0,80.0,33.0,41.0,202.0,1935.0,626.0,8.0,31.0,47.22,266.0,3.49,14.0,472.0,266.0,15.0,23.0,673.0,,71.0,5.0,7.0,5.0,1.0,92.63,377.0,20.0,1.0,10.0,12.0,5.0,4.0,2.0,8.0,1.0,1.0,,,1.0
20251111710,2025,17,Bulldogs,Panthers,False,6,8,52.0,1907.0,72.0,32.0,44.0,221.0,1915.0,644.0,3.0,29.0,43.53,115.0,3.6,17.0,522.0,297.0,8.0,24.0,806.0,1.0,88.0,14.0,16.0,5.0,2.0,87.37,408.0,32.0,1.0,27.0,11.0,7.0,2.0,0.0,7.0,,,,,0.0
20251111710,2025,17,Panthers,Bulldogs,True,8,6,48.0,1728.0,86.0,38.0,44.0,200.0,1671.0,516.0,3.0,32.0,37.99,184.0,3.07,15.0,481.0,260.0,19.0,27.0,860.0,1.0,80.0,8.0,10.0,12.0,1.0,88.84,446.0,29.0,0.0,27.0,10.0,4.0,2.0,1.0,6.0,,,,,1.0
20251111720,2025,17,Wests Tigers,Sea Eagles,False,10,28,49.0,1771.0,81.0,35.0,43.0,171.0,1357.0,510.0,3.0,25.0,31.58,88.0,3.65,7.0,441.0,250.0,15.0,23.0,738.0,1.0,50.0,10.0,20.0,6.0,3.0,91.34,401.0,30.0,0.0,8.0,8.0,7.0,4.0,3.0,8.0,2.0,,,,0.0
20251111720,2025,17,Sea Eagles,Wests Tigers,True,28,10,51.0,1800.0,80.0,38.0,47.0,195.0,1705.0,572.0,5.0,30.0,36.29,204.0,3.72,5.0,485.0,275.0,15.0,22.0,511.0,1.0,50.0,5.0,10.0,8.0,3.0,90.59,366.0,25.0,1.0,13.0,14.0,5.0,2.0,1.0,8.0,0.0,,,,3.0
20251111730,2025,17,Raiders,Knights,False,22,18,50.0,1802.0,83.0,36.0,43.0,190.0,1963.0,644.0,4.0,39.0,45.65,251.0,3.48,14.0,433.0,218.0,7.0,23.0,711.0,2.0,54.0,7.0,13.0,8.0,2.0,90.57,384.0,31.0,,9.0,11.0,2.0,4.0,,8.0,,,1.0,,2.0
20251111730,2025,17,Knights,Raiders,True,18,22,50.0,1809.0,80.0,36.0,45.0,207.0,1947.0,605.0,5.0,31.0,43.28,155.0,3.44,6.0,519.0,315.0,4.0,25.0,747.0,1.0,90.0,9.0,10.0,10.0,2.0,86.55,399.0,39.0,,23.0,10.0,2.0,3.0,,7.0,,,0.0,,1.0
20251111740,2025,17,Warriors,Broncos,False,12,26,46.0,1414.0,74.0,26.0,35.0,159.0,1351.0,390.0,4.0,17.0,38.63,136.0,3.22,12.0,369.0,203.0,3.0,18.0,550.0,0.0,38.0,3.0,8.0,5.0,1.0,89.13,369.0,36.0,,9.0,11.0,8.0,2.0,0.0,8.0,1.0,,,,2.0
20251111740,2025,17,Broncos,Warriors,True,26,12,54.0,1751.0,85.0,36.0,42.0,176.0,1552.0,516.0,6.0,36.0,36.96,154.0,3.6,6.0,414.0,224.0,23.0,21.0,642.0,1.0,56.0,5.0,9.0,5.0,4.0,90.06,299.0,17.0,,16.0,10.0,5.0,4.0,1.0,7.0,0.0,,,,0.0
20251111750,2025,17,Eels,Dragons,False,20,34,53.0,1689.0,85.0,35.0,41.0,193.0,1731.0,476.0,6.0,36.0,42.23,177.0,3.48,14.0,455.0,259.0,8.0,24.0,565.0,1.0,78.0,7.0,9.0,13.0,3.0,88.42,336.0,30.0,,14.0,11.0,6.0,1.0,2.0,8.0,0.0,,,,2.0
20251111750,2025,17,Dragons,Eels,True,34,20,47.0,1479.0,82.0,33.0,40.0,176.0,1665.0,507.0,5.0,30.0,41.63,175.0,3.31,10.0,402.0,216.0,10.0,18.0,531.0,0.0,42.0,8.0,19.0,7.0,0.0,84.39,346.0,36.0,,28.0,10.0,7.0,0.0,2.0,7.0,2.0,,,,1.0
20251111760,2025,17,Rabbitohs,Dolphins,False,28,50,47.0,1494.0,72.0,29.0,40.0,179.0,1651.0,507.0,7.0,31.0,41.29,139.0,3.43,9.0,411.0,234.0,9.0,16.0,588.0,,67.0,4.0,6.0,4.0,1.0,89.45,356.0,34.0,0.0,8.0,14.0,5.0,2.0,0.0,8.0,1.0,,,,1.0
20251111760,2025,17,Dolphins,Rabbitohs,True,50,28,53.0,1669.0,84.0,37.0,44.0,201.0,2009.0,591.0,6.0,34.0,45.67,163.0,3.4,5.0,434.0,240.0,17.0,20.0,599.0,,40.0,2.0,5.0,5.0,1.0,85.95,318.0,31.0,1.0,21.0,7.0,6.0,3.0,2.0,7.0,0.0,,,,0.0
20251111770,2025,17,Sharks,Storm,False,6,30,45.0,1518.0,79.0,31.0,39.0,171.0,1284.0,431.0,1.0,21.0,32.93,111.0,3.4,7.0,423.0,238.0,3.0,23.0,808.0,0.0,60.0,12.0,20.0,5.0,2.0,91.06,387.0,26.0,0.0,12.0,11.0,4.0,5.0,2.0,8.0,,,,,
20251111770,2025,17,Storm,Sharks,True,30,6,55.0,1890.0,89.0,43.0,48.0,206.0,1793.0,567.0,2.0,26.0,37.35,229.0,3.39,9.0,504.0,270.0,23.0,34.0,860.0,3.0,62.0,5.0,8.0,10.0,5.0,90.57,317.0,21.0,1.0,12.0,8.0,5.0,2.0,0.0,8.0,,,,,
20251111780,2025,17,Cowboys,Titans,False,30,24,47.0,1515.0,76.0,30.0,39.0,153.0,1322.0,397.0,5.0,20.0,33.91,169.0,3.78,6.0,377.0,196.0,3.0,20.0,592.0,3.0,45.0,5.0,11.0,6.0,3.0,88.73,370.0,29.0,,18.0,15.0,5.0,3.0,0.0,7.0,0.0,,,,
20251111780,2025,17,Titans,Cowboys,True,24,30,53.0,1696.0,80.0,32.0,40.0,181.0,1459.0,494.0,4.0,29.0,36.5,140.0,3.73,12.0,451.0,254.0,0.0,22.0,601.0,0.0,58.0,7.0,12.0,7.0,2.0,91.55,325.0,20.0,,10.0,10.0,3.0,1.0,2.0,5.0,1.0,,,,
20251111810,2025,18,Broncos,Bulldogs,False,22,18,47.0,1466.0,72.0,32.0,44.0,164.0,1470.0,483.0,6.0,31.0,33.43,86.0,3.47,8.0,385.0,198.0,35.0,23.0,561.0,2.0,38.0,3.0,8.0,2.0,5.0,90.89,369.0,23.0,,14.0,15.0,6.0,5.0,,6.0,1.0,,,,1.0
20251111810,2025,18,Bulldogs,Broncos,True,18,22,53.0,1671.0,72.0,34.0,47.0,190.0,1516.0,481.0,2.0,23.0,32.27,108.0,3.62,9.0,447.0,252.0,26.0,18.0,598.0,2.0,64.0,7.0,11.0,1.0,5.0,88.17,328.0,31.0,,13.0,13.0,5.0,2.0,,5.0,1.0,,,,0.0
20251111820,2025,18,Dragons,Raiders,False,24,28,47.0,1482.0,67.0,25.0,37.0,172.0,1631.0,505.0,3.0,18.0,44.09,151.0,3.47,6.0,419.0,251.0,38.0,20.0,650.0,2.0,50.0,7.0,14.0,3.0,3.0,90.39,367.0,27.0,,12.0,14.0,5.0,0.0,1.0,6.0,,1.0,,,1.0
20251111820,2025,18,Raiders,Dragons,True,28,24,53.0,1681.0,84.0,32.0,38.0,176.0,1955.0,593.0,6.0,27.0,51.45,363.0,3.22,7.0,409.0,219.0,17.0,23.0,666.0,1.0,38.0,3.0,8.0,8.0,5.0,92.24,333.0,18.0,,10.0,9.0,6.0,2.0,1.0,8.0,,0.0,,,0.0
20251111830,2025,18,Storm,Cowboys,False,26,20,54.0,1795.0,79.0,34.0,43.0,204.0,1971.0,682.0,5.0,36.0,45.86,230.0,3.41,12.0,458.0,238.0,23.0,26.0,745.0,1.0,83.0,5.0,6.0,7.0,3.0,89.11,319.0,25.0,1.0,14.0,10.0,5.0,1.0,0.0,7.0,1.0,,,,1.0
20251111830,2025,18,Cowboys,Storm,True,20,26,46.0,1508.0,74.0,29.0,39.0,196.0,1805.0,515.0,6.0,25.0,46.28,207.0,3.42,11.0,388.0,202.0,5.0,20.0,676.0,1.0,45.0,5.0,11.0,5.0,2.0,85.98,368.0,36.0,0.0,24.0,14.0,5.0,1.0,1.0,7.0,2.0,,,,1.0
20251111840,2025,18,Wests Tigers,Roosters,False,30,28,49.0,1522.0,83.0,30.0,36.0,175.0,1706.0,574.0,4.0,26.0,47.39,208.0,3.57,10.0,384.0,202.0,2.0,19.0,571.0,2.0,36.0,4.0,11.0,1.0,6.0,89.39,337.0,33.0,1.0,7.0,7.0,4.0,4.0,,8.0,0.0,,,,1.0
20251111840,2025,18,Roosters,Wests Tigers,True,28,30,51.0,1637.0,81.0,31.0,38.0,182.0,1691.0,580.0,6.0,33.0,44.52,175.0,3.02,4.0,433.0,254.0,3.0,17.0,473.0,1.0,80.0,4.0,5.0,6.0,0.0,89.45,356.0,26.0,0.0,16.0,12.0,6.0,2.0,,8.0,1.0,,,,0.0
20251111850,2025,18,Rabbitohs,Sea Eagles,False,12,30,48.0,1622.0,76.0,32.0,42.0,192.0,1309.0,485.0,4.0,29.0,31.18,134.0,3.44,5.0,430.0,231.0,8.0,22.0,687.0,2.0,75.0,9.0,12.0,3.0,3.0,88.89,360.0,36.0,,9.0,13.0,7.0,1.0,1.0,8.0,1.0,,,,
20251111850,2025,18,Sea Eagles,Rabbitohs,True,30,12,52.0,1711.0,80.0,34.0,42.0,190.0,1501.0,505.0,6.0,36.0,35.76,172.0,3.48,6.0,456.0,254.0,10.0,24.0,760.0,1.0,100.0,4.0,4.0,6.0,3.0,89.89,329.0,29.0,,8.0,10.0,6.0,2.0,1.0,8.0,0.0,,,,
20251111910,2025,19,Dolphins,Sharks,False,12,24,46.0,1564.0,82.0,33.0,40.0,186.0,1737.0,576.0,4.0,27.0,43.43,138.0,3.23,8.0,445.0,247.0,25.0,21.0,711.0,0.0,77.0,10.0,13.0,1.0,3.0,87.0,415.0,40.0,0.0,22.0,9.0,7.0,3.0,0.0,8.0,,,,,
20251111910,2025,19,Sharks,Dolphins,True,24,12,54.0,1851.0,78.0,36.0,46.0,214.0,2087.0,670.0,6.0,40.0,45.37,246.0,3.42,13.0,475.0,257.0,38.0,21.0,600.0,2.0,40.0,2.0,5.0,12.0,2.0,89.09,343.0,27.0,1.0,15.0,11.0,5.0,2.0,1.0,8.0,,,,,
20251111920,2025,19,Storm,Knights,False,32,14,53.0,1754.0,80.0,34.0,42.0,195.0,1889.0,603.0,4.0,34.0,44.99,177.0,3.5,10.0,446.0,237.0,4.0,28.0,720.0,0.0,57.0,8.0,14.0,11.0,5.0,87.5,322.0,32.0,1.0,14.0,10.0,3.0,3.0,1.0,8.0,,,1.0,,0.0
20251111920,2025,19,Knights,Storm,True,14,32,47.0,1584.0,83.0,31.0,37.0,189.0,1725.0,506.0,4.0,32.0,46.64,215.0,3.3,9.0,448.0,264.0,15.0,23.0,629.0,1.0,44.0,8.0,18.0,7.0,1.0,87.87,391.0,34.0,1.0,20.0,9.0,5.0,1.0,1.0,8.0,,,0.0,,2.0
20251111930,2025,19,Roosters,Dragons,False,31,24,49.0,1537.0,78.0,26.0,33.0,168.0,1580.0,534.0,5.0,35.0,47.89,104.0,3.47,9.0,384.0,209.0,30.0,18.0,519.0,1.0,100.0,8.0,8.0,7.0,1.0,92.04,370.0,21.0,,11.0,10.0,7.0,3.0,2.0,7.0,,1.0,,,
20251111930,2025,19,Dragons,Roosters,True,24,31,51.0,1613.0,76.0,30.0,39.0,191.0,1788.0,552.0,4.0,21.0,45.87,161.0,3.61,7.0,442.0,266.0,21.0,13.0,359.0,1.0,58.0,7.0,12.0,4.0,3.0,87.77,323.0,35.0,,10.0,9.0,4.0,0.0,0.0,6.0,,0.0,,,
20251111940,2025,19,Bulldogs,Cowboys,False,12,8,49.0,1742.0,79.0,34.0,43.0,207.0,1899.0,661.0,2.0,30.0,44.17,141.0,3.44,10.0,486.0,258.0,7.0,24.0,724.0,0.0,88.0,7.0,8.0,9.0,2.0,83.69,395.0,57.0,2.0,20.0,15.0,7.0,0.0,0.0,8.0,2.0,,,,1.0
20251111940,2025,19,Cowboys,Bulldogs,True,8,12,51.0,1814.0,65.0,31.0,47.0,228.0,1887.0,620.0,5.0,57.0,40.16,159.0,3.4,9.0,486.0,263.0,26.0,23.0,770.0,2.0,78.0,7.0,9.0,7.0,2.0,87.88,348.0,30.0,0.0,18.0,17.0,3.0,1.0,1.0,7.0,1.0,,,,2.0
20251111950,2025,19,Wests Tigers,Warriors,False,14,34,49.0,1599.0,81.0,30.0,37.0,169.0,1341.0,422.0,3.0,29.0,36.25,98.0,3.95,4.0,427.0,253.0,7.0,20.0,597.0,3.0,93.0,13.0,14.0,3.0,6.0,88.06,332.0,35.0,,10.0,9.0,5.0,4.0,,8.0,,,,,1.0
20251111950,2025,19,Warriors,Wests Tigers,True,34,14,51.0,1710.0,82.0,37.0,45.0,180.0,1739.0,562.0,10.0,35.0,38.65,202.0,3.74,5.0,427.0,239.0,15.0,20.0,476.0,2.0,70.0,7.0,10.0,8.0,4.0,90.69,341.0,29.0,,6.0,9.0,4.0,1.0,,8.0,,,,,2.0
20251111960,2025,19,Panthers,Eels,False,32,10,54.0,1874.0,87.0,42.0,48.0,205.0,1668.0,499.0,9.0,36.0,34.76,136.0,3.39,8.0,486.0,259.0,22.0,27.0,779.0,2.0,55.0,6.0,11.0,4.0,6.0,83.17,331.0,36.0,2.0,31.0,9.0,5.0,2.0,0.0,8.0,,,,,1.0
20251111960,2025,19,Eels,Panthers,True,10,32,46.0,1550.0,75.0,30.0,40.0,185.0,1461.0,468.0,2.0,36.0,36.53,140.0,3.37,16.0,467.0,275.0,45.0,17.0,384.0,1.0,36.0,4.0,11.0,6.0,3.0,88.45,383.0,36.0,1.0,14.0,20.0,5.0,3.0,1.0,8.0,,,,,1.0
20251111970,2025,19,Broncos,Titans,False,26,14,53.0,1741.0,78.0,33.0,42.0,183.0,1827.0,580.0,5.0,46.0,43.5,144.0,3.52,6.0,438.0,244.0,23.0,21.0,630.0,2.0,83.0,5.0,6.0,3.0,4.0,85.0,306.0,28.0,2.0,26.0,16.0,6.0,1.0,0.0,8.0,0.0,,,,0.0
20251111970,2025,19,Titans,Broncos,True,14,26,47.0,1578.0,70.0,28.0,40.0,171.0,1607.0,544.0,3.0,28.0,40.18,156.0,3.44,9.0,406.0,232.0,0.0,15.0,412.0,1.0,50.0,2.0,4.0,5.0,1.0,85.68,323.0,46.0,0.0,8.0,14.0,4.0,2.0,2.0,7.0,1.0,,,,3.0
20251112010,2025,20,Cowboys,Dolphins,False,24,43,50.0,1576.0,77.0,28.0,36.0,181.0,1705.0,541.0,4.0,30.0,47.38,167.0,3.67,13.0,419.0,241.0,28.0,19.0,419.0,2.0,40.0,2.0,5.0,7.0,5.0,90.71,332.0,25.0,,9.0,13.0,6.0,0.0,0.0,7.0,,,,,1.0
20251112010,2025,20,Dolphins,Cowboys,True,43,24,50.0,1574.0,84.0,32.0,38.0,180.0,1927.0,535.0,10.0,25.0,50.71,179.0,3.59,7.0,412.0,233.0,25.0,16.0,564.0,0.0,47.0,7.0,15.0,4.0,0.0,85.56,326.0,30.0,,25.0,10.0,3.0,4.0,1.0,8.0,,,,,0.0
20251112020,2025,20,Roosters,Sharks,False,18,31,45.0,1424.0,65.0,25.0,38.0,153.0,1306.0,468.0,1.0,29.0,34.39,124.0,3.36,3.0,389.0,224.0,31.0,16.0,561.0,,78.0,7.0,9.0,6.0,0.0,87.8,403.0,40.0,,16.0,17.0,5.0,6.0,0.0,8.0,,,,,
20251112020,2025,20,Sharks,Roosters,True,31,18,55.0,1736.0,81.0,39.0,48.0,197.0,1811.0,577.0,6.0,40.0,37.74,186.0,3.64,7.0,456.0,248.0,41.0,19.0,545.0,,22.0,2.0,9.0,9.0,2.0,90.93,331.0,29.0,,4.0,10.0,5.0,2.0,2.0,6.0,,,,,
20251112030,2025,20,Rabbitohs,Panthers,False,10,30,50.0,1954.0,92.0,35.0,38.0,220.0,1631.0,568.0,5.0,40.0,42.92,182.0,3.52,14.0,498.0,272.0,28.0,32.0,818.0,1.0,33.0,4.0,12.0,10.0,2.0,85.75,397.0,42.0,1.0,24.0,4.0,3.0,2.0,1.0,8.0,,,,,
20251112030,2025,20,Panthers,Rabbitohs,True,30,10,50.0,1894.0,74.0,32.0,43.0,220.0,1792.0,512.0,6.0,42.0,41.7,282.0,3.42,15.0,495.0,266.0,16.0,29.0,771.0,1.0,73.0,11.0,15.0,7.0,3.0,87.07,404.0,40.0,0.0,20.0,12.0,3.0,1.0,0.0,8.0,,,,,
20251112040,2025,20,Eels,Raiders,False,16,40,44.0,1489.0,59.0,19.0,32.0,169.0,1517.0,471.0,4.0,25.0,47.43,131.0,3.2,10.0,403.0,226.0,13.0,19.0,554.0,1.0,71.0,5.0,7.0,8.0,2.0,84.47,408.0,45.0,2.0,30.0,16.0,5.0,4.0,1.0,8.0,0.0,,,,
20251112040,2025,20,Raiders,Eels,True,40,16,56.0,1806.0,81.0,35.0,43.0,215.0,1985.0,699.0,12.0,45.0,46.17,167.0,3.33,19.0,489.0,266.0,11.0,18.0,509.0,1.0,38.0,5.0,13.0,4.0,6.0,87.78,316.0,25.0,1.0,19.0,9.0,1.0,0.0,0.0,8.0,1.0,,,,
20251112050,2025,20,Dragons,Bulldogs,False,18,20,49.0,1687.0,89.0,35.0,39.0,183.0,1668.0,604.0,6.0,34.0,42.78,104.0,3.46,16.0,463.0,256.0,25.0,24.0,742.0,1.0,64.0,9.0,14.0,5.0,1.0,88.75,347.0,25.0,,19.0,7.0,6.0,4.0,0.0,7.0,2.0,,,,2.0
20251112050,2025,20,Bulldogs,Dragons,True,20,18,51.0,1730.0,81.0,35.0,43.0,190.0,1885.0,624.0,6.0,25.0,43.85,241.0,3.65,9.0,454.0,266.0,11.0,21.0,550.0,4.0,60.0,6.0,10.0,9.0,3.0,85.71,348.0,34.0,,24.0,10.0,6.0,2.0,2.0,8.0,0.0,,,,1.0
20251112060,2025,20,Sea Eagles,Storm,False,18,16,52.0,1794.0,90.0,37.0,41.0,211.0,1805.0,604.0,4.0,15.0,44.04,162.0,3.6,3.0,467.0,254.0,17.0,28.0,859.0,2.0,62.0,5.0,8.0,9.0,5.0,89.56,343.0,27.0,,13.0,11.0,5.0,3.0,1.0,7.0,1.0,,,,
20251112060,2025,20,Storm,Sea Eagles,True,16,18,48.0,1625.0,67.0,31.0,46.0,188.0,1778.0,623.0,4.0,27.0,38.66,187.0,3.39,9.0,427.0,230.0,14.0,19.0,653.0,1.0,73.0,8.0,11.0,8.0,1.0,94.65,389.0,15.0,,7.0,16.0,6.0,2.0,2.0,8.0,1.0,,,,
20251112070,2025,20,Titans,Wests Tigers,False,20,21,45.0,1425.0,72.0,26.0,36.0,161.0,1370.0,469.0,4.0,23.0,38.07,122.0,3.54,6.0,376.0,201.0,5.0,20.0,524.0,1.0,56.0,5.0,9.0,7.0,4.0,84.37,340.0,41.0,0.0,22.0,12.0,8.0,2.0,1.0,7.0,,,,,1.0
20251112070,2025,20,Wests Tigers,Titans,True,21,20,55.0,1760.0,76.0,32.0,42.0,205.0,1674.0,528.0,8.0,41.0,39.86,172.0,3.4,15.0,473.0,274.0,2.0,19.0,431.0,1.0,33.0,3.0,9.0,4.0,8.0,89.49,298.0,23.0,1.0,12.0,14.0,3.0,1.0,0.0,6.0,,,,,1.0
20251112080,2025,20,Warriors,Knights,False,20,15,51.0,1638.0,82.0,34.0,41.0,172.0,1614.0,565.0,3.0,24.0,39.39,189.0,3.52,11.0,415.0,216.0,11.0,22.0,593.0,2.0,45.0,5.0,11.0,2.0,3.0,88.11,326.0,30.0,,14.0,9.0,6.0,1.0,1.0,8.0,1.0,,,,0.0
20251112080,2025,20,Knights,Warriors,True,15,20,49.0,1619.0,80.0,29.0,36.0,179.0,1512.0,511.0,6.0,30.0,42.0,121.0,3.88,9.0,426.0,250.0,33.0,19.0,595.0,1.0,56.0,5.0,9.0,4.0,0.0,89.14,353.0,24.0,,19.0,9.0,7.0,1.0,1.0,6.0,0.0,,,,2.0
20251112110,2025,21,Storm,Roosters,False,34,30,49.0,1478.0,85.0,34.0,40.0,176.0,1455.0,514.0,3.0,36.0,36.39,173.0,3.62,12.0,388.0,203.0,23.0,20.0,549.0,1.0,50.0,7.0,14.0,7.0,4.0,85.48,318.0,44.0,,10.0,11.0,4.0,4.0,2.0,8.0,0.0,,,,0.0
20251112110,2025,21,Roosters,Storm,True,30,34,51.0,1533.0,80.0,33.0,41.0,165.0,1490.0,518.0,2.0,44.0,36.35,195.0,3.36,7.0,415.0,242.0,11.0,21.0,486.0,1.0,44.0,7.0,16.0,8.0,3.0,86.34,335.0,36.0,,17.0,10.0,3.0,4.0,0.0,7.0,1.0,,,,2.0
20251112120,2025,21,Dragons,Cowboys,False,32,38,55.0,1681.0,91.0,43.0,47.0,198.0,1772.0,678.0,6.0,34.0,37.71,126.0,3.28,14.0,477.0,275.0,35.0,17.0,611.0,1.0,44.0,4.0,9.0,1.0,2.0,90.03,280.0,25.0,,6.0,4.0,5.0,1.0,1.0,7.0,1.0,,,,1.0
20251112120,2025,21,Cowboys,Dragons,True,38,32,45.0,1329.0,78.0,29.0,37.0,161.0,1863.0,521.0,9.0,25.0,50.37,321.0,3.22,6.0,342.0,181.0,24.0,15.0,455.0,3.0,60.0,3.0,5.0,4.0,2.0,87.01,375.0,34.0,,22.0,14.0,10.0,3.0,3.0,8.0,1.0,,,,1.0
20251112130,2025,21,Eels,Broncos,False,22,20,51.0,1678.0,86.0,33.0,38.0,183.0,1381.0,428.0,4.0,30.0,36.34,171.0,3.53,3.0,450.0,255.0,6.0,25.0,824.0,0.0,83.0,5.0,6.0,4.0,1.0,87.43,327.0,40.0,1.0,7.0,9.0,5.0,3.0,0.0,8.0,,,,,2.0
20251112130,2025,21,Broncos,Eels,True,20,22,49.0,1630.0,82.0,33.0,40.0,179.0,1585.0,498.0,3.0,40.0,39.63,174.0,3.38,4.0,393.0,210.0,23.0,21.0,629.0,1.0,80.0,4.0,5.0,6.0,1.0,89.92,348.0,30.0,1.0,9.0,8.0,7.0,3.0,1.0,8.0,,,,,0.0
20251112140,2025,21,Titans,Warriors,False,24,16,54.0,1915.0,90.0,40.0,44.0,207.0,1876.0,659.0,5.0,26.0,42.65,159.0,4.04,12.0,460.0,241.0,21.0,26.0,713.0,1.0,80.0,8.0,10.0,9.0,4.0,90.62,338.0,21.0,1.0,14.0,6.0,6.0,3.0,1.0,7.0,1.0,1.0,,,0.0
20251112140,2025,21,Warriors,Titans,True,16,24,46.0,1653.0,78.0,33.0,42.0,183.0,1709.0,576.0,4.0,21.0,40.69,218.0,3.52,6.0,426.0,239.0,32.0,19.0,582.0,1.0,83.0,10.0,12.0,7.0,0.0,89.74,420.0,26.0,0.0,22.0,11.0,4.0,4.0,1.0,8.0,0.0,1.0,,,2.0
20251112150,2025,21,Wests Tigers,Panthers,False,2,36,45.0,1616.0,83.0,30.0,36.0,163.0,1540.0,652.0,1.0,30.0,42.78,109.0,3.58,7.0,418.0,233.0,19.0,24.0,772.0,0.0,68.0,13.0,19.0,4.0,5.0,87.11,392.0,43.0,0.0,15.0,10.0,1.0,4.0,3.0,8.0,,,,,0.0
20251112150,2025,21,Panthers,Wests Tigers,True,36,2,55.0,1964.0,88.0,38.0,43.0,220.0,2177.0,697.0,7.0,43.0,50.65,289.0,3.41,10.0,516.0,293.0,16.0,30.0,600.0,1.0,89.0,8.0,9.0,9.0,10.0,89.78,369.0,30.0,1.0,12.0,9.0,2.0,3.0,0.0,8.0,,,,,1.0
20251112160,2025,21,Sharks,Rabbitohs,False,14,12,58.0,2040.0,81.0,39.0,48.0,216.0,1855.0,630.0,2.0,36.0,38.65,263.0,3.57,8.0,507.0,279.0,2.0,24.0,632.0,1.0,50.0,1.0,2.0,12.0,1.0,92.13,316.0,21.0,1.0,6.0,12.0,2.0,1.0,1.0,8.0,,0.0,,,0.0
20251112160,2025,21,Rabbitohs,Sharks,True,12,14,42.0,1496.0,80.0,29.0,36.0,162.0,1305.0,425.0,4.0,21.0,36.27,93.0,3.41,4.0,402.0,218.0,2.0,24.0,944.0,0.0,58.0,7.0,12.0,1.0,1.0,89.57,412.0,36.0,1.0,12.0,11.0,10.0,4.0,1.0,8.0,,1.0,,,1.0
20251112170,2025,21,Knights,Raiders,False,18,44,45.0,1467.0,66.0,24.0,36.0,179.0,1515.0,420.0,3.0,35.0,42.09,170.0,3.6,13.0,399.0,236.0,4.0,19.0,398.0,2.0,18.0,2.0,11.0,7.0,2.0,88.79,380.0,36.0,1.0,12.0,14.0,2.0,3.0,0.0,8.0,,,,,
20251112170,2025,21,Raiders,Knights,True,44,18,55.0,1767.0,80.0,33.0,41.0,176.0,1697.0,604.0,7.0,36.0,41.39,158.0,3.51,8.0,426.0,224.0,20.0,24.0,711.0,1.0,93.0,14.0,15.0,5.0,3.0,84.16,287.0,35.0,0.0,19.0,9.0,6.0,0.0,3.0,8.0,,,,,
20251112180,2025,21,Sea Eagles,Bulldogs,False,4,42,44.0,1547.0,75.0,31.0,41.0,170.0,1286.0,433.0,2.0,29.0,31.39,138.0,3.36,8.0,416.0,224.0,10.0,25.0,911.0,0.0,80.0,12.0,15.0,5.0,0.0,83.68,359.0,39.0,1.0,31.0,12.0,4.0,3.0,4.0,7.0,0.0,,2.0,,
20251112180,2025,21,Bulldogs,Sea Eagles,True,42,4,56.0,1993.0,87.0,43.0,49.0,244.0,2146.0,550.0,11.0,39.0,43.81,350.0,3.49,21.0,550.0,320.0,8.0,27.0,763.0,1.0,78.0,7.0,9.0,7.0,5.0,89.62,354.0,29.0,0.0,12.0,7.0,5.0,1.0,0.0,8.0,1.0,,0.0,,
20251112210,2025,22,Storm,Eels,False,16,10,54.0,1748.0,84.0,39.0,46.0,194.0,1715.0,685.0,1.0,40.0,37.28,186.0,3.27,6.0,448.0,239.0,14.0,28.0,732.0,3.0,100.0,7.0,7.0,4.0,7.0,93.7,342.0,18.0,,5.0,7.0,10.0,0.0,0.0,8.0,,,,,0.0
20251112210,2025,22,Eels,Storm,True,10,16,46.0,1501.0,68.0,28.0,41.0,163.0,1408.0,527.0,4.0,18.0,34.36,163.0,3.62,4.0,422.0,246.0,31.0,16.0,577.0,0.0,50.0,7.0,14.0,6.0,2.0,87.91,378.0,40.0,,12.0,14.0,7.0,2.0,1.0,8.0,,,,,1.0
20251112220,2025,22,Dolphins,Warriors,False,20,18,48.0,1734.0,80.0,33.0,41.0,183.0,1736.0,530.0,9.0,46.0,42.35,120.0,3.62,9.0,459.0,264.0,18.0,21.0,653.0,1.0,67.0,10.0,15.0,5.0,4.0,86.24,395.0,44.0,0.0,19.0,11.0,6.0,4.0,2.0,8.0,,1.0,,,
20251112220,2025,22,Warriors,Dolphins,True,18,20,52.0,1869.0,83.0,36.0,43.0,191.0,1925.0,653.0,3.0,44.0,44.78,236.0,3.61,11.0,469.0,260.0,28.0,25.0,619.0,2.0,42.0,5.0,12.0,8.0,2.0,85.03,335.0,46.0,2.0,13.0,9.0,5.0,2.0,1.0,7.0,,0.0,,,
20251112230,2025,22,Rabbitohs,Broncos,False,14,60,47.0,1519.0,76.0,32.0,42.0,173.0,1271.0,342.0,3.0,26.0,30.26,155.0,3.57,4.0,392.0,222.0,7.0,18.0,512.0,0.0,67.0,10.0,15.0,2.0,2.0,85.08,325.0,44.0,3.0,13.0,12.0,3.0,5.0,1.0,8.0,,,,,0.0
20251112230,2025,22,Broncos,Rabbitohs,True,60,14,53.0,1665.0,78.0,36.0,46.0,181.0,1864.0,579.0,10.0,44.0,40.52,300.0,3.44,10.0,433.0,235.0,24.0,23.0,648.0,1.0,62.0,5.0,8.0,6.0,5.0,90.77,305.0,26.0,0.0,5.0,13.0,6.0,3.0,1.0,7.0,,,,,1.0
20251112240,2025,22,Panthers,Titans,False,30,26,48.0,1719.0,75.0,34.0,45.0,187.0,1752.0,520.0,5.0,25.0,38.94,205.0,3.35,5.0,453.0,248.0,29.0,21.0,634.0,2.0,56.0,9.0,16.0,6.0,1.0,86.95,413.0,46.0,1.0,16.0,11.0,8.0,4.0,2.0,6.0,1.0,1.0,,,0.0
20251112240,2025,22,Titans,Panthers,True,26,30,52.0,1894.0,89.0,42.0,47.0,195.0,1841.0,603.0,6.0,46.0,39.18,156.0,3.59,8.0,471.0,267.0,22.0,26.0,557.0,0.0,73.0,8.0,11.0,10.0,4.0,92.36,399.0,25.0,1.0,8.0,8.0,2.0,2.0,0.0,7.0,2.0,0.0,,,3.0
20251112250,2025,22,Raiders,Dragons,False,12,18,44.0,1368.0,64.0,24.0,37.0,154.0,1368.0,583.0,2.0,13.0,36.98,144.0,3.45,8.0,340.0,179.0,37.0,13.0,388.0,3.0,50.0,4.0,8.0,3.0,4.0,91.59,403.0,21.0,,16.0,14.0,7.0,3.0,1.0,6.0,1.0,,,,3.0
20251112250,2025,22,Dragons,Raiders,True,18,12,56.0,1768.0,83.0,36.0,43.0,185.0,1625.0,634.0,2.0,21.0,37.81,167.0,3.82,9.0,483.0,285.0,27.0,22.0,611.0,6.0,50.0,3.0,6.0,3.0,9.0,91.74,311.0,13.0,,15.0,10.0,7.0,1.0,1.0,7.0,0.0,,,,1.0
20251112260,2025,22,Roosters,Sea Eagles,False,20,4,48.0,1608.0,75.0,31.0,41.0,180.0,1421.0,556.0,1.0,39.0,34.68,114.0,3.52,6.0,408.0,218.0,6.0,18.0,384.0,1.0,50.0,5.0,10.0,4.0,3.0,91.28,356.0,20.0,,14.0,16.0,4.0,,0.0,8.0,0.0,,,,1.0
20251112260,2025,22,Sea Eagles,Roosters,True,4,20,52.0,1697.0,67.0,25.0,37.0,178.0,1157.0,439.0,2.0,20.0,31.27,64.0,3.48,8.0,467.0,275.0,20.0,20.0,495.0,3.0,64.0,7.0,11.0,3.0,7.0,87.53,330.0,39.0,,8.0,15.0,8.0,,1.0,8.0,1.0,,,,1.0
20251112270,2025,22,Bulldogs,Wests Tigers,False,14,28,48.0,1472.0,67.0,27.0,40.0,159.0,1315.0,389.0,4.0,29.0,32.89,154.0,3.87,4.0,385.0,233.0,28.0,16.0,539.0,2.0,25.0,2.0,8.0,3.0,5.0,89.2,322.0,30.0,,9.0,13.0,8.0,3.0,1.0,6.0,0.0,0.0,,,
20251112270,2025,22,Wests Tigers,Bulldogs,True,28,14,52.0,1592.0,79.0,35.0,44.0,153.0,1260.0,391.0,3.0,30.0,28.65,111.0,3.61,6.0,364.0,196.0,25.0,21.0,635.0,2.0,80.0,4.0,5.0,3.0,4.0,87.35,290.0,29.0,,13.0,9.0,7.0,3.0,2.0,8.0,1.0,1.0,,,
20251112280,2025,22,Cowboys,Sharks,False,12,32,49.0,1629.0,68.0,28.0,41.0,180.0,1352.0,485.0,1.0,38.0,32.99,98.0,3.51,8.0,436.0,246.0,23.0,19.0,476.0,3.0,56.0,5.0,9.0,4.0,5.0,88.68,384.0,40.0,,9.0,14.0,7.0,2.0,,6.0,,1.0,,,1.0
20251112280,2025,22,Sharks,Cowboys,True,32,12,51.0,1662.0,79.0,34.0,43.0,189.0,1639.0,549.0,7.0,40.0,38.12,226.0,3.64,6.0,442.0,241.0,37.0,22.0,595.0,0.0,46.0,6.0,13.0,6.0,4.0,87.47,349.0,38.0,,12.0,13.0,3.0,3.0,,8.0,,0.0,,,1.0
20251112310,2025,23,Broncos,Storm,False,2,22,45.0,1554.0,62.0,23.0,37.0,185.0,1539.0,489.0,0.0,25.0,41.6,113.0,3.75,9.0,415.0,234.0,10.0,22.0,587.0,1.0,64.0,7.0,11.0,6.0,5.0,85.59,380.0,43.0,0.0,21.0,16.0,6.0,3.0,1.0,8.0,,,,,
20251112310,2025,23,Storm,Broncos,True,22,2,55.0,1956.0,72.0,34.0,47.0,208.0,1851.0,577.0,5.0,43.0,39.39,136.0,3.54,12.0,472.0,260.0,36.0,22.0,630.0,2.0,50.0,6.0,12.0,5.0,4.0,89.36,336.0,25.0,1.0,15.0,13.0,4.0,2.0,0.0,7.0,,,,,
20251112320,2025,23,Panthers,Knights,False,48,12,60.0,2077.0,88.0,46.0,52.0,226.0,2119.0,707.0,9.0,37.0,40.75,275.0,3.55,11.0,559.0,318.0,16.0,27.0,665.0,2.0,57.0,4.0,7.0,7.0,7.0,87.6,318.0,32.0,,13.0,9.0,1.0,2.0,0.0,7.0,,,,,0.0
20251112320,2025,23,Knights,Panthers,True,12,48,40.0,1384.0,70.0,26.0,37.0,153.0,1282.0,502.0,1.0,32.0,34.66,148.0,3.52,5.0,383.0,207.0,31.0,21.0,701.0,3.0,45.0,10.0,22.0,2.0,5.0,89.82,450.0,37.0,,14.0,17.0,6.0,3.0,1.0,7.0,,,,,2.0
20251112330,2025,23,Sea Eagles,Raiders,False,12,28,55.0,1845.0,82.0,32.0,39.0,198.0,1635.0,484.0,3.0,33.0,41.93,186.0,3.46,5.0,483.0,288.0,14.0,23.0,497.0,4.0,83.0,5.0,6.0,4.0,9.0,87.77,323.0,32.0,,13.0,8.0,6.0,1.0,0.0,8.0,,0.0,,,0.0
20251112330,2025,23,Raiders,Sea Eagles,True,28,12,45.0,1492.0,83.0,31.0,37.0,161.0,1387.0,459.0,5.0,32.0,37.49,101.0,3.41,10.0,379.0,203.0,25.0,18.0,594.0,1.0,40.0,2.0,5.0,4.0,1.0,89.22,356.0,33.0,,10.0,9.0,4.0,2.0,1.0,8.0,,1.0,,,1.0
20251112340,2025,23,Sharks,Dragons,False,14,22,48.0,1600.0,63.0,26.0,41.0,180.0,1574.0,492.0,2.0,22.0,38.4,247.0,3.53,11.0,419.0,231.0,33.0,18.0,493.0,0.0,67.0,8.0,12.0,11.0,2.0,91.81,426.0,26.0,1.0,12.0,15.0,8.0,3.0,1.0,8.0,1.0,1.0,,,1.0
20251112340,2025,23,Dragons,Sharks,True,22,14,52.0,1757.0,88.0,40.0,45.0,198.0,1524.0,517.0,4.0,26.0,33.87,107.0,3.33,9.0,506.0,285.0,14.0,25.0,808.0,1.0,82.0,9.0,11.0,4.0,6.0,89.17,354.0,22.0,0.0,21.0,6.0,7.0,3.0,2.0,8.0,1.0,0.0,,,0.0
20251112350,2025,23,Roosters,Dolphins,False,64,12,55.0,1562.0,82.0,34.0,41.0,170.0,1774.0,620.0,10.0,42.0,43.28,214.0,3.09,11.0,399.0,216.0,9.0,20.0,522.0,2.0,57.0,4.0,7.0,4.0,5.0,89.53,265.0,21.0,2.0,10.0,9.0,6.0,1.0,1.0,7.0,0.0,2.0,,,2.0
20251112350,2025,23,Dolphins,Roosters,True,12,64,45.0,1276.0,69.0,23.0,33.0,153.0,1237.0,394.0,2.0,21.0,37.5,123.0,3.47,5.0,379.0,241.0,33.0,12.0,336.0,0.0,44.0,7.0,16.0,4.0,2.0,83.87,312.0,42.0,0.0,18.0,13.0,6.0,0.0,0.0,7.0,1.0,2.0,,,0.0
20251112360,2025,23,Warriors,Bulldogs,False,14,32,44.0,1266.0,83.0,31.0,37.0,132.0,974.0,346.0,0.0,14.0,26.35,148.0,3.64,3.0,317.0,162.0,6.0,22.0,456.0,1.0,62.0,5.0,8.0,3.0,3.0,85.28,307.0,44.0,1.0,9.0,8.0,7.0,5.0,0.0,6.0,2.0,,0.0,,
20251112360,2025,23,Bulldogs,Warriors,True,32,14,56.0,1602.0,84.0,38.0,45.0,166.0,1235.0,444.0,6.0,44.0,27.46,176.0,3.54,5.0,412.0,235.0,22.0,22.0,755.0,4.0,73.0,8.0,11.0,1.0,5.0,94.04,300.0,14.0,0.0,5.0,8.0,8.0,2.0,1.0,8.0,0.0,,1.0,,
20251112370,2025,23,Rabbitohs,Titans,False,20,18,49.0,1578.0,81.0,31.0,38.0,177.0,1427.0,418.0,4.0,26.0,37.57,125.0,3.83,6.0,397.0,217.0,24.0,18.0,637.0,0.0,83.0,5.0,6.0,3.0,0.0,82.72,316.0,41.0,,25.0,8.0,4.0,3.0,1.0,7.0,2.0,,,,0.0
20251112370,2025,23,Titans,Rabbitohs,True,18,20,51.0,1746.0,78.0,29.0,37.0,194.0,1749.0,533.0,6.0,41.0,47.27,290.0,3.7,14.0,457.0,257.0,21.0,20.0,522.0,2.0,60.0,3.0,5.0,3.0,3.0,90.91,330.0,26.0,,7.0,12.0,5.0,1.0,1.0,7.0,0.0,,,,1.0
20251112380,2025,23,Cowboys,Eels,False,18,19,51.0,1722.0,95.0,40.0,42.0,188.0,1656.0,505.0,1.0,32.0,39.45,228.0,3.52,6.0,439.0,238.0,42.0,29.0,855.0,3.0,54.0,7.0,13.0,6.0,5.0,88.21,359.0,33.0,1.0,15.0,5.0,9.0,1.0,1.0,8.0,,,,,0.0
20251112380,2025,23,Eels,Cowboys,True,19,18,49.0,1645.0,81.0,36.0,44.0,187.0,1591.0,501.0,2.0,33.0,36.17,228.0,3.21,9.0,452.0,245.0,8.0,22.0,619.0,0.0,59.0,10.0,17.0,6.0,3.0,89.56,343.0,32.0,0.0,8.0,11.0,7.0,0.0,1.0,8.0,,,,,1.0
20251112410,2025,24,Storm,Panthers,False,22,18,48.0,1768.0,89.0,34.0,38.0,193.0,1730.0,647.0,4.0,31.0,45.53,190.0,3.34,9.0,447.0,232.0,24.0,28.0,1040.0,0.0,75.0,12.0,16.0,8.0,0.0,90.23,425.0,40.0,1.0,6.0,4.0,4.0,1.0,,8.0,,,1.0,,
20251112410,2025,24,Panthers,Storm,True,18,22,52.0,1886.0,85.0,36.0,42.0,218.0,1997.0,663.0,6.0,40.0,47.56,339.0,3.43,5.0,503.0,278.0,34.0,28.0,779.0,1.0,64.0,7.0,11.0,9.0,2.0,90.91,440.0,31.0,0.0,13.0,8.0,3.0,0.0,,9.0,,,0.0,,
20251112420,2025,24,Dragons,Warriors,False,10,14,51.0,1850.0,85.0,35.0,41.0,201.0,1766.0,646.0,5.0,35.0,43.07,109.0,3.87,9.0,483.0,277.0,15.0,22.0,679.0,1.0,70.0,7.0,10.0,3.0,5.0,91.08,388.0,22.0,,16.0,7.0,4.0,8.0,,8.0,,,,,0.0
20251112420,2025,24,Warriors,Dragons,True,14,10,49.0,1785.0,77.0,35.0,45.0,190.0,1855.0,718.0,3.0,22.0,41.24,217.0,3.67,9.0,457.0,254.0,30.0,19.0,517.0,1.0,88.0,7.0,8.0,7.0,3.0,87.87,384.0,35.0,,18.0,10.0,4.0,4.0,,7.0,,,,,1.0
20251112430,2025,24,Bulldogs,Roosters,False,12,32,45.0,1353.0,77.0,28.0,36.0,166.0,1148.0,308.0,2.0,15.0,31.91,170.0,3.51,7.0,358.0,200.0,11.0,22.0,783.0,3.0,50.0,5.0,10.0,5.0,3.0,88.1,370.0,37.0,1.0,13.0,11.0,9.0,1.0,2.0,8.0,,,,,1.0
20251112430,2025,24,Roosters,Bulldogs,True,32,12,55.0,1661.0,84.0,37.0,44.0,204.0,1330.0,447.0,3.0,37.0,30.24,138.0,3.62,10.0,447.0,248.0,25.0,26.0,676.0,2.0,75.0,3.0,4.0,6.0,3.0,90.94,281.0,15.0,0.0,13.0,10.0,5.0,0.0,1.0,7.0,,,,,0.0
20251112440,2025,24,Titans,Sharks,False,22,54,45.0,1382.0,74.0,29.0,39.0,166.0,1696.0,493.0,3.0,34.0,43.5,148.0,3.66,14.0,374.0,212.0,22.0,17.0,437.0,0.0,45.0,5.0,11.0,5.0,2.0,87.62,354.0,43.0,2.0,7.0,11.0,4.0,2.0,,7.0,1.0,,,,1.0
20251112440,2025,24,Sharks,Titans,True,54,22,55.0,1702.0,80.0,37.0,46.0,192.0,1896.0,588.0,7.0,43.0,41.23,239.0,3.41,5.0,451.0,250.0,15.0,20.0,663.0,1.0,82.0,9.0,11.0,7.0,4.0,80.61,266.0,34.0,0.0,30.0,12.0,4.0,2.0,,8.0,0.0,,,,0.0
20251112450,2025,24,Dolphins,Broncos,False,28,38,49.0,1389.0,77.0,28.0,36.0,151.0,1465.0,432.0,4.0,28.0,40.72,187.0,3.15,2.0,370.0,215.0,14.0,12.0,439.0,0.0,38.0,3.0,8.0,3.0,1.0,80.31,310.0,60.0,,16.0,9.0,2.0,3.0,1.0,6.0,,,0.0,,0.0
20251112450,2025,24,Broncos,Dolphins,True,38,28,51.0,1411.0,82.0,28.0,34.0,162.0,1654.0,547.0,5.0,60.0,48.66,209.0,3.36,10.0,369.0,194.0,29.0,18.0,567.0,1.0,25.0,1.0,4.0,3.0,2.0,90.85,298.0,28.0,,2.0,10.0,9.0,2.0,2.0,7.0,,,1.0,,1.0
20251112460,2025,24,Eels,Rabbitohs,False,16,20,50.0,1616.0,70.0,29.0,41.0,205.0,1757.0,558.0,9.0,31.0,42.86,231.0,3.43,16.0,446.0,254.0,10.0,17.0,376.0,1.0,100.0,7.0,7.0,6.0,4.0,92.64,340.0,26.0,,1.0,15.0,4.0,5.0,3.0,8.0,,,,,1.0
20251112460,2025,24,Rabbitohs,Eels,True,20,16,50.0,1594.0,86.0,37.0,43.0,203.0,1480.0,464.0,6.0,26.0,34.42,80.0,3.52,1.0,431.0,244.0,19.0,22.0,698.0,0.0,60.0,3.0,5.0,2.0,0.0,84.7,310.0,31.0,,25.0,7.0,9.0,1.0,3.0,8.0,,,,,0.0
20251112470,2025,24,Sea Eagles,Wests Tigers,False,12,26,43.0,1383.0,66.0,28.0,42.0,176.0,1435.0,387.0,3.0,37.0,34.19,144.0,3.47,7.0,382.0,219.0,22.0,17.0,474.0,0.0,73.0,8.0,11.0,5.0,2.0,86.7,365.0,44.0,,12.0,16.0,7.0,2.0,,7.0,,,,,3.0
20251112470,2025,24,Wests Tigers,Sea Eagles,True,26,12,57.0,1862.0,77.0,34.0,44.0,201.0,1788.0,577.0,6.0,44.0,40.64,132.0,3.7,10.0,510.0,300.0,13.0,21.0,576.0,3.0,36.0,4.0,11.0,3.0,7.0,85.12,286.0,37.0,,13.0,11.0,7.0,2.0,,8.0,,,,,1.0
20251112480,2025,24,Knights,Cowboys,False,4,38,48.0,1562.0,68.0,30.0,44.0,166.0,1457.0,476.0,5.0,32.0,33.11,59.0,3.36,13.0,438.0,254.0,8.0,20.0,598.0,0.0,40.0,6.0,15.0,4.0,3.0,85.15,344.0,46.0,0.0,14.0,16.0,5.0,2.0,0.0,7.0,,0.0,,,1.0
20251112480,2025,24,Cowboys,Knights,True,38,4,52.0,1726.0,67.0,31.0,46.0,191.0,1951.0,538.0,4.0,46.0,42.43,201.0,3.46,6.0,418.0,223.0,43.0,18.0,514.0,1.0,42.0,5.0,12.0,7.0,3.0,85.07,302.0,32.0,3.0,21.0,23.0,5.0,3.0,1.0,7.0,,1.0,,,0.0
20251112510,2025,25,Dragons,Rabbitohs,False,0,40,44.0,1553.0,76.0,29.0,38.0,163.0,1568.0,590.0,1.0,13.0,41.27,148.0,3.73,5.0,419.0,239.0,4.0,21.0,747.0,0.0,53.0,9.0,17.0,7.0,1.0,93.32,419.0,25.0,,5.0,12.0,2.0,0.0,,7.0,,,,,
20251112510,2025,25,Rabbitohs,Dragons,True,40,0,56.0,2047.0,95.0,39.0,41.0,213.0,2205.0,648.0,6.0,25.0,53.79,285.0,3.93,3.0,509.0,288.0,14.0,29.0,764.0,1.0,62.0,5.0,8.0,11.0,6.0,93.5,345.0,13.0,,11.0,5.0,5.0,1.0,,8.0,,,,,
20251112520,2025,25,Raiders,Panthers,False,20,16,53.0,2044.0,85.0,40.0,47.0,214.0,2038.0,728.0,5.0,46.0,43.37,248.0,3.64,14.0,500.0,271.0,34.0,25.0,782.0,1.0,23.0,3.0,13.0,8.0,3.0,91.57,402.0,33.0,0.0,4.0,8.0,5.0,3.0,1.0,8.0,,,,,0.0
20251112520,2025,25,Panthers,Raiders,True,16,20,47.0,1759.0,84.0,39.0,46.0,188.0,1781.0,607.0,2.0,33.0,38.72,261.0,3.55,4.0,455.0,246.0,32.0,25.0,906.0,2.0,69.0,11.0,16.0,1.0,2.0,86.03,425.0,46.0,1.0,23.0,12.0,6.0,3.0,1.0,8.0,,,,,1.0
20251112530,2025,25,Bulldogs,Storm,False,14,20,54.0,1832.0,79.0,34.0,43.0,217.0,1700.0,498.0,10.0,28.0,39.53,256.0,3.5,15.0,499.0,291.0,23.0,23.0,676.0,2.0,80.0,4.0,5.0,6.0,5.0,89.92,321.0,29.0,,7.0,14.0,6.0,2.0,1.0,7.0,,0.0,0.0,,1.0
20251112530,2025,25,Storm,Bulldogs,True,20,14,46.0,1553.0,90.0,37.0,41.0,178.0,1279.0,417.0,3.0,29.0,31.22,91.0,3.48,5.0,419.0,229.0,9.0,25.0,797.0,0.0,91.0,10.0,11.0,3.0,2.0,86.56,335.0,28.0,,24.0,8.0,3.0,3.0,1.0,7.0,,1.0,1.0,,1.0
20251112540,2025,25,Dolphins,Sea Eagles,False,30,58,48.0,1503.0,75.0,27.0,36.0,177.0,1594.0,501.0,9.0,39.0,44.3,120.0,3.21,5.0,430.0,258.0,22.0,16.0,352.0,0.0,25.0,2.0,8.0,6.0,2.0,83.47,313.0,30.0,1.0,32.0,10.0,3.0,3.0,,8.0,,,,,0.0
20251112540,2025,25,Sea Eagles,Dolphins,True,58,30,52.0,1637.0,78.0,30.0,38.0,212.0,2072.0,632.0,10.0,30.0,54.55,217.0,3.62,21.0,466.0,262.0,17.0,18.0,514.0,1.0,58.0,7.0,12.0,4.0,4.0,86.34,297.0,39.0,1.0,8.0,13.0,3.0,2.0,,8.0,,,,,1.0
20251112550,2025,25,Warriors,Titans,False,32,18,54.0,1825.0,85.0,36.0,42.0,184.0,1737.0,620.0,4.0,33.0,41.36,201.0,3.96,13.0,429.0,232.0,9.0,24.0,626.0,3.0,33.0,4.0,12.0,8.0,3.0,85.96,306.0,31.0,0.0,19.0,7.0,7.0,1.0,0.0,8.0,,,,,1.0
20251112550,2025,25,Titans,Warriors,True,18,32,46.0,1499.0,70.0,29.0,41.0,161.0,1372.0,509.0,3.0,31.0,33.47,103.0,3.72,9.0,362.0,194.0,26.0,18.0,494.0,2.0,69.0,11.0,16.0,4.0,6.0,86.83,356.0,33.0,1.0,21.0,15.0,4.0,4.0,1.0,6.0,,,,,0.0
20251112560,2025,25,Roosters,Eels,False,10,30,47.0,1593.0,57.0,20.0,35.0,180.0,1352.0,490.0,3.0,28.0,38.65,183.0,3.51,9.0,385.0,211.0,19.0,16.0,532.0,0.0,56.0,5.0,9.0,4.0,0.0,90.93,351.0,20.0,0.0,15.0,22.0,5.0,1.0,1.0,8.0,0.0,,,,2.0
20251112560,2025,25,Eels,Roosters,True,30,10,53.0,1811.0,85.0,40.0,47.0,216.0,1482.0,488.0,1.0,20.0,31.55,120.0,3.6,10.0,539.0,321.0,35.0,29.0,687.0,1.0,67.0,2.0,3.0,7.0,5.0,85.17,293.0,28.0,3.0,23.0,11.0,4.0,0.0,0.0,8.0,1.0,,,,1.0
20251112570,2025,25,Broncos,Knights,False,46,12,53.0,1688.0,78.0,33.0,42.0,181.0,1910.0,498.0,14.0,55.0,45.49,205.0,3.72,8.0,409.0,215.0,33.0,22.0,602.0,1.0,62.0,5.0,8.0,3.0,6.0,81.07,304.0,40.0,,31.0,10.0,7.0,2.0,,7.0,,1.0,,,2.0
20251112570,2025,25,Knights,Broncos,True,12,46,47.0,1516.0,65.0,26.0,40.0,174.0,1432.0,472.0,5.0,40.0,35.8,118.0,3.6,14.0,424.0,256.0,14.0,18.0,408.0,1.0,62.0,5.0,8.0,3.0,5.0,84.11,344.0,55.0,,10.0,14.0,3.0,0.0,,8.0,,0.0,,,0.0
20251112580,2025,25,Cowboys,Wests Tigers,False,34,28,52.0,1651.0,79.0,31.0,39.0,177.0,1699.0,558.0,6.0,40.0,43.57,125.0,3.72,8.0,420.0,231.0,14.0,21.0,563.0,1.0,45.0,5.0,11.0,7.0,4.0,85.16,310.0,40.0,1.0,14.0,10.0,4.0,0.0,,6.0,0.0,,,,1.0
20251112580,2025,25,Wests Tigers,Cowboys,True,28,34,48.0,1584.0,76.0,29.0,38.0,182.0,1699.0,518.0,6.0,40.0,44.72,145.0,3.3,10.0,425.0,243.0,20.0,18.0,533.0,0.0,45.0,5.0,11.0,7.0,3.0,87.5,350.0,40.0,0.0,10.0,10.0,3.0,2.0,,7.0,1.0,,,,0.0
20251112610,2025,26,Panthers,Bulldogs,False,4,28,42.0,1372.0,75.0,28.0,37.0,157.0,1150.0,399.0,4.0,31.0,31.09,88.0,3.61,11.0,378.0,208.0,32.0,17.0,420.0,1.0,60.0,9.0,15.0,3.0,4.0,86.1,415.0,44.0,1.0,23.0,16.0,6.0,3.0,1.0,7.0,1.0,1.0,,,
20251112610,2025,26,Bulldogs,Panthers,True,28,4,58.0,1867.0,81.0,35.0,43.0,206.0,1903.0,594.0,10.0,44.0,44.27,153.0,3.8,11.0,534.0,327.0,22.0,17.0,395.0,2.0,62.0,5.0,8.0,4.0,6.0,85.56,314.0,31.0,1.0,22.0,11.0,6.0,2.0,2.0,8.0,1.0,0.0,,,
20251112620,2025,26,Eels,Warriors,False,26,22,46.0,1595.0,91.0,34.0,37.0,176.0,1673.0,502.0,3.0,22.0,45.24,148.0,3.55,7.0,407.0,210.0,13.0,27.0,883.0,,35.0,6.0,17.0,6.0,3.0,88.71,393.0,39.0,2.0,11.0,7.0,5.0,6.0,,8.0,1.0,,,,1.0
20251112620,2025,26,Warriors,Eels,True,22,26,54.0,1884.0,81.0,36.0,44.0,210.0,2046.0,725.0,5.0,39.0,46.5,242.0,3.4,7.0,496.0,282.0,14.0,22.0,589.0,,40.0,4.0,10.0,7.0,1.0,92.17,365.0,22.0,0.0,9.0,11.0,3.0,1.0,,8.0,0.0,,,,1.0
20251112630,2025,26,Roosters,Storm,False,40,10,58.0,1817.0,88.0,38.0,43.0,204.0,1645.0,562.0,8.0,40.0,38.27,130.0,3.59,14.0,499.0,299.0,20.0,19.0,610.0,2.0,60.0,3.0,5.0,5.0,1.0,88.92,289.0,20.0,1.0,16.0,5.0,7.0,0.0,0.0,6.0,,,,,
20251112630,2025,26,Storm,Roosters,True,10,40,42.0,1347.0,74.0,23.0,31.0,156.0,1159.0,396.0,2.0,20.0,37.39,108.0,3.45,9.0,365.0,207.0,18.0,17.0,456.0,0.0,100.0,8.0,8.0,4.0,2.0,86.49,365.0,40.0,1.0,17.0,12.0,7.0,3.0,1.0,7.0,,,,,
20251112640,2025,26,Wests Tigers,Raiders,False,10,24,46.0,1489.0,75.0,25.0,33.0,169.0,1405.0,455.0,2.0,34.0,42.58,114.0,3.4,9.0,413.0,243.0,13.0,16.0,413.0,1.0,53.0,8.0,15.0,7.0,5.0,88.71,385.0,33.0,,16.0,11.0,9.0,6.0,1.0,8.0,,,,,1.0
20251112640,2025,26,Raiders,Wests Tigers,True,24,10,54.0,1750.0,77.0,37.0,48.0,185.0,1539.0,497.0,4.0,33.0,32.07,123.0,3.77,8.0,395.0,207.0,35.0,18.0,410.0,3.0,56.0,5.0,9.0,4.0,6.0,85.88,304.0,34.0,,16.0,11.0,5.0,1.0,0.0,6.0,,,,,1.0
20251112650,2025,26,Sea Eagles,Dragons,False,40,24,53.0,1789.0,77.0,34.0,44.0,211.0,2107.0,686.0,9.0,23.0,47.9,227.0,3.55,6.0,471.0,270.0,10.0,19.0,464.0,1.0,62.0,8.0,13.0,8.0,3.0,89.94,313.0,18.0,1.0,17.0,12.0,4.0,3.0,2.0,8.0,,1.0,,,
20251112650,2025,26,Dragons,Sea Eagles,True,24,40,47.0,1557.0,77.0,31.0,40.0,186.0,1695.0,605.0,4.0,18.0,42.4,97.0,3.12,10.0,450.0,265.0,22.0,21.0,606.0,0.0,38.0,5.0,13.0,6.0,3.0,93.0,412.0,23.0,0.0,8.0,11.0,5.0,1.0,1.0,8.0,,0.0,,,
20251112660,2025,26,Broncos,Cowboys,False,38,30,46.0,1449.0,69.0,27.0,39.0,171.0,1832.0,578.0,11.0,49.0,46.99,192.0,3.51,12.0,379.0,198.0,23.0,13.0,471.0,1.0,55.0,6.0,11.0,2.0,1.0,85.68,335.0,32.0,0.0,24.0,17.0,5.0,3.0,0.0,8.0,1.0,0.0,,,1.0
20251112660,2025,26,Cowboys,Broncos,True,30,38,54.0,1656.0,76.0,33.0,43.0,207.0,1767.0,524.0,4.0,32.0,41.11,121.0,3.46,16.0,450.0,256.0,8.0,19.0,487.0,0.0,100.0,4.0,4.0,7.0,3.0,81.79,301.0,49.0,1.0,18.0,13.0,2.0,0.0,1.0,6.0,0.0,1.0,,,1.0
20251112670,2025,26,Knights,Sharks,False,16,40,48.0,1589.0,73.0,28.0,38.0,176.0,1404.0,526.0,3.0,38.0,36.96,132.0,3.3,13.0,419.0,235.0,16.0,20.0,535.0,0.0,45.0,5.0,11.0,6.0,3.0,87.87,355.0,37.0,,12.0,10.0,5.0,4.0,1.0,7.0,,,1.0,,1.0
20251112670,2025,26,Sharks,Knights,True,40,16,52.0,1687.0,80.0,34.0,42.0,200.0,1629.0,525.0,7.0,37.0,38.8,132.0,3.75,10.0,452.0,256.0,27.0,20.0,487.0,2.0,83.0,10.0,12.0,6.0,5.0,85.22,323.0,38.0,,18.0,11.0,5.0,2.0,1.0,8.0,,,0.0,,1.0
20251112680,2025,26,Titans,Dolphins,False,30,36,48.0,1570.0,77.0,28.0,36.0,186.0,1677.0,588.0,5.0,32.0,46.6,200.0,3.28,10.0,431.0,233.0,28.0,24.0,580.0,1.0,78.0,7.0,9.0,7.0,5.0,88.5,331.0,30.0,1.0,13.0,14.0,2.0,1.0,1.0,7.0,0.0,,,,
20251112680,2025,26,Dolphins,Titans,True,36,30,52.0,1705.0,81.0,30.0,37.0,194.0,1753.0,481.0,8.0,30.0,47.39,162.0,3.23,9.0,448.0,257.0,13.0,20.0,614.0,0.0,24.0,4.0,17.0,7.0,0.0,88.37,357.0,32.0,0.0,15.0,9.0,1.0,1.0,1.0,7.0,1.0,,,,
20251112710,2025,27,Storm,Broncos,False,14,30,52.0,1531.0,71.0,28.0,39.0,179.0,1525.0,499.0,4.0,25.0,39.12,111.0,3.4,10.0,417.0,251.0,48.0,15.0,366.0,0.0,50.0,2.0,4.0,6.0,0.0,88.14,327.0,26.0,0.0,18.0,14.0,10.0,5.0,1.0,7.0,1.0,1.0,1.0,,2.0
20251112710,2025,27,Broncos,Storm,True,30,14,48.0,1428.0,90.0,36.0,40.0,160.0,1413.0,510.0,3.0,26.0,35.33,111.0,4.0,9.0,350.0,187.0,13.0,18.0,588.0,2.0,57.0,4.0,7.0,1.0,3.0,89.12,336.0,25.0,1.0,16.0,4.0,11.0,1.0,0.0,7.0,1.0,1.0,1.0,,3.0
20251112720,2025,27,Warriors,Sea Eagles,False,26,27,50.0,1638.0,75.0,33.0,44.0,180.0,1685.0,560.0,7.0,41.0,38.31,143.0,3.64,14.0,449.0,253.0,26.0,18.0,469.0,,45.0,5.0,11.0,4.0,2.0,86.49,333.0,35.0,,17.0,14.0,4.0,5.0,1.0,8.0,0.0,0.0,0.0,,2.0
20251112720,2025,27,Sea Eagles,Warriors,True,27,26,50.0,1662.0,70.0,34.0,48.0,179.0,1578.0,554.0,4.0,35.0,32.88,116.0,3.72,9.0,433.0,243.0,30.0,16.0,478.0,,70.0,7.0,10.0,6.0,1.0,83.46,318.0,41.0,,22.0,16.0,4.0,6.0,0.0,8.0,1.0,2.0,1.0,,1.0
20251112730,2025,27,Rabbitohs,Roosters,False,6,36,48.0,1521.0,78.0,29.0,37.0,185.0,1467.0,552.0,2.0,24.0,39.67,122.0,3.62,12.0,421.0,236.0,15.0,21.0,530.0,4.0,50.0,5.0,10.0,2.0,7.0,82.14,322.0,43.0,2.0,27.0,9.0,7.0,2.0,2.0,7.0,0.0,1.0,,,1.0
20251112730,2025,27,Roosters,Rabbitohs,True,36,6,52.0,1686.0,69.0,32.0,46.0,191.0,1841.0,712.0,8.0,43.0,40.03,194.0,3.44,17.0,453.0,248.0,6.0,20.0,419.0,2.0,92.0,12.0,13.0,6.0,4.0,88.22,307.0,24.0,0.0,17.0,17.0,3.0,3.0,0.0,6.0,1.0,0.0,,,0.0
20251112740,2025,27,Panthers,Dragons,False,40,20,53.0,1726.0,82.0,32.0,39.0,207.0,1857.0,512.0,8.0,32.0,47.62,294.0,3.24,11.0,459.0,254.0,20.0,24.0,704.0,3.0,40.0,2.0,5.0,5.0,5.0,92.16,376.0,21.0,,11.0,12.0,3.0,0.0,0.0,7.0,,,,,
20251112740,2025,27,Dragons,Panthers,True,20,40,47.0,1537.0,82.0,28.0,34.0,169.0,1257.0,448.0,4.0,21.0,36.97,95.0,3.35,8.0,419.0,233.0,19.0,20.0,737.0,0.0,50.0,5.0,10.0,4.0,1.0,89.61,388.0,32.0,,13.0,6.0,4.0,1.0,1.0,8.0,,,,,
20251112750,2025,27,Wests Tigers,Titans,False,28,36,51.0,1607.0,83.0,31.0,37.0,182.0,1484.0,499.0,3.0,36.0,40.13,140.0,3.7,16.0,419.0,229.0,18.0,20.0,517.0,0.0,57.0,4.0,7.0,3.0,4.0,83.89,302.0,40.0,,18.0,9.0,3.0,3.0,,8.0,1.0,,,,1.0
20251112750,2025,27,Titans,Wests Tigers,True,36,28,49.0,1555.0,68.0,28.0,41.0,170.0,1679.0,486.0,9.0,40.0,40.96,202.0,3.8,10.0,392.0,216.0,31.0,16.0,459.0,2.0,14.0,1.0,7.0,2.0,3.0,85.07,319.0,36.0,,20.0,14.0,4.0,2.0,,7.0,1.0,,,,0.0
20251112760,2025,27,Sharks,Bulldogs,False,24,6,55.0,2003.0,95.0,44.0,46.0,221.0,1675.0,641.0,3.0,37.0,36.42,168.0,3.43,8.0,525.0,283.0,3.0,28.0,845.0,0.0,100.0,9.0,9.0,8.0,3.0,85.6,321.0,35.0,0.0,19.0,9.0,5.0,2.0,1.0,8.0,0.0,,,,
20251112760,2025,27,Bulldogs,Sharks,True,6,24,45.0,1691.0,82.0,32.0,39.0,179.0,1519.0,475.0,4.0,35.0,38.97,194.0,3.58,10.0,467.0,270.0,27.0,23.0,635.0,1.0,62.0,5.0,8.0,5.0,5.0,88.54,425.0,37.0,1.0,18.0,12.0,5.0,3.0,2.0,8.0,1.0,,,,
20251112770,2025,27,Raiders,Dolphins,False,24,62,42.0,1139.0,62.0,22.0,35.0,127.0,1089.0,335.0,4.0,33.0,31.13,101.0,3.41,5.0,303.0,166.0,18.0,14.0,418.0,0.0,46.0,6.0,13.0,5.0,0.0,83.06,309.0,41.0,2.0,22.0,12.0,8.0,2.0,1.0,6.0,,,,,1.0
20251112770,2025,27,Dolphins,Raiders,True,62,24,58.0,1618.0,75.0,34.0,45.0,212.0,2010.0,498.0,15.0,41.0,44.68,257.0,3.81,15.0,446.0,266.0,20.0,17.0,364.0,1.0,40.0,4.0,10.0,10.0,3.0,85.76,259.0,33.0,1.0,10.0,12.0,7.0,0.0,0.0,7.0,,,,,0.0
20251112780,2025,27,Knights,Eels,False,10,66,39.0,1129.0,86.0,25.0,29.0,129.0,1104.0,346.0,3.0,28.0,38.07,176.0,3.29,10.0,335.0,187.0,6.0,24.0,594.0,1.0,62.0,5.0,8.0,6.0,6.0,84.32,355.0,44.0,,22.0,6.0,5.0,2.0,,8.0,,,,,
20251112780,2025,27,Eels,Knights,True,66,10,61.0,1743.0,78.0,36.0,46.0,193.0,1966.0,512.0,12.0,44.0,42.75,286.0,3.17,13.0,467.0,271.0,36.0,19.0,542.0,1.0,67.0,8.0,12.0,5.0,3.0,84.97,243.0,28.0,,15.0,9.0,4.0,1.0,,7.0,,,,,
20251112810,2025,28,Bulldogs,Storm,False,18,26,48.0,1657.0,79.0,35.0,44.0,190.0,1658.0,557.0,2.0,31.0,37.69,212.0,3.62,12.0,462.0,255.0,12.0,25.0,868.0,0.0,89.0,8.0,9.0,4.0,2.0,83.51,390.0,61.0,1.0,16.0,10.0,4.0,3.0,1.0,8.0,1.0,,0.0,,
20251112810,2025,28,Storm,Bulldogs,True,26,18,52.0,1830.0,82.0,39.0,47.0,202.0,1785.0,631.0,6.0,61.0,37.98,198.0,3.54,11.0,475.0,252.0,16.0,27.0,897.0,3.0,62.0,5.0,8.0,8.0,2.0,87.08,337.0,31.0,1.0,19.0,11.0,3.0,4.0,0.0,6.0,1.0,,1.0,,
20251112820,2025,28,Panthers,Warriors,False,24,8,56.0,1818.0,83.0,41.0,49.0,196.0,1748.0,624.0,3.0,45.0,35.68,179.0,3.51,8.0,452.0,238.0,23.0,25.0,749.0,5.0,62.0,8.0,13.0,5.0,7.0,90.5,362.0,31.0,,7.0,9.0,8.0,1.0,1.0,7.0,1.0,,,,0.0
20251112820,2025,28,Warriors,Panthers,True,8,24,44.0,1467.0,72.0,29.0,40.0,158.0,1394.0,523.0,3.0,31.0,34.87,112.0,3.61,5.0,375.0,200.0,10.0,20.0,613.0,1.0,60.0,6.0,10.0,8.0,1.0,87.96,409.0,45.0,,11.0,16.0,5.0,1.0,1.0,6.0,2.0,,,,3.0
20251112830,2025,28,Roosters,Sharks,False,10,20,49.0,1686.0,68.0,30.0,44.0,183.0,1493.0,533.0,5.0,41.0,33.93,201.0,3.39,7.0,453.0,259.0,13.0,21.0,521.0,1.0,86.0,6.0,7.0,7.0,1.0,90.98,353.0,22.0,,13.0,16.0,3.0,1.0,,7.0,,,,,
20251112830,2025,28,Sharks,Roosters,True,20,10,51.0,1702.0,79.0,31.0,39.0,203.0,1513.0,510.0,3.0,22.0,38.79,153.0,3.51,7.0,446.0,233.0,5.0,22.0,758.0,1.0,80.0,8.0,10.0,6.0,0.0,87.16,353.0,41.0,,11.0,11.0,4.0,3.0,,7.0,,,,,
20251112840,2025,28,Broncos,Raiders,False,29,28,57.0,2222.0,80.0,44.0,55.0,244.0,2197.0,638.0,7.0,67.0,39.95,259.0,3.47,15.0,568.0,317.0,40.0,26.0,683.0,3.0,33.0,3.0,9.0,8.0,4.0,88.84,374.0,35.0,1.0,12.0,12.0,7.0,2.0,1.0,9.0,0.0,2.0,2.0,,0.0
20251112840,2025,28,Raiders,Broncos,True,28,29,43.0,1615.0,72.0,32.0,44.0,188.0,1787.0,525.0,4.0,35.0,40.62,156.0,3.44,9.0,413.0,212.0,27.0,19.0,592.0,0.0,58.0,7.0,12.0,3.0,5.0,82.89,436.0,67.0,1.0,23.0,17.0,5.0,6.0,1.0,9.0,1.0,1.0,0.0,,1.0
20251112910,2025,29,Sharks,Raiders,False,32,12,50.0,1680.0,78.0,36.0,46.0,182.0,1687.0,552.0,5.0,42.0,36.67,148.0,3.67,4.0,427.0,228.0,35.0,24.0,753.0,,50.0,7.0,14.0,13.0,3.0,84.7,382.0,46.0,0.0,23.0,11.0,8.0,3.0,2.0,8.0,,,,,1.0
20251112910,2025,29,Raiders,Sharks,True,12,32,50.0,1670.0,78.0,36.0,46.0,180.0,1528.0,560.0,4.0,46.0,33.22,107.0,3.2,14.0,436.0,233.0,26.0,25.0,624.0,,44.0,7.0,16.0,4.0,4.0,87.5,343.0,42.0,1.0,7.0,9.0,6.0,3.0,0.0,7.0,,,,,0.0
20251112920,2025,29,Panthers,Bulldogs,False,46,26,51.0,1646.0,85.0,34.0,40.0,200.0,1791.0,496.0,8.0,50.0,44.78,256.0,3.39,10.0,452.0,249.0,29.0,21.0,562.0,,44.0,4.0,9.0,4.0,3.0,83.78,315.0,39.0,1.0,22.0,11.0,8.0,1.0,1.0,8.0,,,1.0,,
20251112920,2025,29,Bulldogs,Panthers,True,26,46,49.0,1636.0,77.0,31.0,40.0,179.0,1481.0,413.0,5.0,39.0,37.04,146.0,3.62,12.0,451.0,271.0,16.0,17.0,546.0,,56.0,5.0,9.0,1.0,2.0,85.45,376.0,50.0,1.0,14.0,11.0,4.0,1.0,1.0,6.0,,,0.0,,
20251113010,2025,30,Sharks,Storm,False,14,22,47.0,1548.0,87.0,34.0,39.0,182.0,1582.0,505.0,3.0,31.0,40.58,119.0,3.53,10.0,419.0,239.0,7.0,17.0,570.0,0.0,57.0,8.0,14.0,5.0,1.0,86.12,391.0,36.0,1.0,27.0,6.0,9.0,3.0,0.0,8.0,2.0,,,,
20251113010,2025,30,Storm,Sharks,True,22,14,53.0,1765.0,87.0,35.0,40.0,200.0,1752.0,545.0,4.0,36.0,43.82,162.0,3.44,16.0,445.0,235.0,55.0,25.0,678.0,2.0,50.0,4.0,8.0,8.0,3.0,87.26,315.0,31.0,0.0,15.0,7.0,9.0,2.0,1.0,8.0,1.0,,,,
20251113020,2025,30,Panthers,Broncos,False,14,16,52.0,1941.0,85.0,36.0,42.0,215.0,1832.0,508.0,3.0,41.0,43.64,201.0,3.2,2.0,524.0,301.0,24.0,28.0,725.0,2.0,71.0,10.0,14.0,8.0,6.0,86.02,363.0,47.0,,12.0,11.0,5.0,3.0,0.0,8.0,,,,,
20251113020,2025,30,Broncos,Panthers,True,16,14,48.0,1788.0,86.0,38.0,44.0,189.0,1626.0,596.0,1.0,47.0,36.95,161.0,3.53,8.0,457.0,245.0,52.0,25.0,802.0,0.0,60.0,9.0,15.0,4.0,4.0,90.16,403.0,41.0,,3.0,9.0,6.0,0.0,1.0,7.0,,,,,
20251113110,2025,31,Broncos,Storm,False,26,22,51.0,1674.0,85.0,36.0,42.0,194.0,1761.0,558.0,8.0,51.0,41.94,171.0,3.61,6.0,441.0,245.0,20.0,20.0,659.0,2.0,46.0,6.0,13.0,2.0,4.0,86.91,332.0,38.0,1.0,12.0,7.0,7.0,3.0,2.0,6.0,3.0,0.0,,,1.0
20251113110,2025,31,Storm,Broncos,True,22,26,49.0,1570.0,80.0,33.0,41.0,184.0,1705.0,485.0,6.0,38.0,41.6,215.0,3.39,9.0,440.0,258.0,21.0,18.0,571.0,0.0,67.0,6.0,9.0,8.0,2.0,85.03,335.0,51.0,0.0,8.0,11.0,4.0,4.0,2.0,8.0,0.0,1.0,,,1.0
20261110110,2026,1,Cowboys,Knights,False,18,28,51.0,1726.0,76.0,33.0,43.0,201.0,1855.0,659.0,2.0,37.0,43.15,168.0,3.3,7.0,453.0,248.0,26.0,19.0,581.0,1.0,42.0,5.0,12.0,6.0,4.0,86.18,374.0,41.0,1.0,19.0,12.0,5.0,0.0,1.0,8.0,,1.0,0.0,,1.0
20261110110,2026,1,Knights,Cowboys,True,28,18,49.0,1668.0,75.0,31.0,41.0,191.0,1745.0,624.0,5.0,41.0,42.57,121.0,3.4,12.0,464.0,263.0,27.0,23.0,706.0,1.0,56.0,5.0,9.0,5.0,4.0,88.4,381.0,37.0,1.0,13.0,12.0,4.0,2.0,2.0,7.0,,0.0,1.0,,3.0
20261110120,2026,1,Dragons,Bulldogs,False,14,15,48.0,1790.0,88.0,37.0,42.0,202.0,1752.0,610.0,1.0,27.0,41.72,99.0,3.69,9.0,469.0,233.0,11.0,27.0,1018.0,0.0,75.0,9.0,12.0,8.0,1.0,88.2,441.0,30.0,,29.0,6.0,9.0,2.0,2.0,10.0,1.0,,,,1.0
20261110120,2026,1,Bulldogs,Dragons,True,15,14,52.0,1966.0,80.0,38.0,47.0,238.0,2333.0,719.0,5.0,30.0,49.65,304.0,3.56,17.0,546.0,309.0,21.0,23.0,697.0,1.0,56.0,5.0,9.0,9.0,3.0,90.74,402.0,27.0,,14.0,10.0,3.0,2.0,0.0,10.0,0.0,,,,1.0
20261110130,2026,1,Eels,Storm,False,4,52,41.0,1272.0,63.0,24.0,38.0,156.0,1310.0,397.0,3.0,29.0,34.49,100.0,3.79,11.0,357.0,206.0,18.0,10.0,280.0,,44.0,4.0,9.0,4.0,0.0,88.5,408.0,38.0,,15.0,17.0,4.0,8.0,1.0,8.0,1.0,2.0,,,1.0
20261110130,2026,1,Storm,Eels,True,52,4,59.0,1863.0,85.0,41.0,48.0,225.0,2178.0,693.0,13.0,38.0,45.38,167.0,3.58,9.0,494.0,276.0,19.0,19.0,428.0,,33.0,3.0,9.0,6.0,2.0,86.15,280.0,29.0,,16.0,8.0,6.0,5.0,0.0,8.0,1.0,0.0,,,0.0
20261110140,2026,1,Roosters,Warriors,False,18,42,44.0,1318.0,71.0,27.0,38.0,148.0,1501.0,452.0,6.0,47.0,39.52,179.0,3.69,12.0,357.0,207.0,19.0,17.0,283.0,3.0,44.0,4.0,9.0,5.0,5.0,87.12,345.0,32.0,0.0,19.0,13.0,11.0,3.0,1.0,7.0,0.0,,,,3.0
20261110140,2026,1,Warriors,Roosters,True,42,18,56.0,1650.0,81.0,36.0,44.0,196.0,1727.0,635.0,7.0,32.0,39.26,106.0,3.9,16.0,440.0,241.0,35.0,18.0,528.0,0.0,50.0,5.0,10.0,7.0,1.0,78.98,248.0,47.0,1.0,19.0,8.0,4.0,4.0,0.0,8.0,1.0,,,,1.0
20261110150,2026,1,Panthers,Broncos,False,26,0,58.0,1731.0,73.0,36.0,49.0,197.0,1832.0,557.0,2.0,37.0,37.4,162.0,3.52,11.0,490.0,287.0,17.0,18.0,416.0,0.0,57.0,4.0,7.0,7.0,2.0,89.87,275.0,20.0,1.0,11.0,14.0,2.0,3.0,,8.0,0.0,,,,2.0
20261110150,2026,1,Broncos,Panthers,True,0,26,42.0,1282.0,61.0,22.0,36.0,145.0,1244.0,428.0,1.0,20.0,34.56,71.0,3.53,6.0,341.0,191.0,7.0,15.0,471.0,1.0,70.0,7.0,10.0,1.0,2.0,87.37,346.0,37.0,0.0,13.0,19.0,8.0,4.0,,7.0,1.0,,,,1.0
20261110160,2026,1,Titans,Sharks,False,10,50,47.0,1355.0,78.0,26.0,33.0,149.0,1187.0,392.0,3.0,23.0,35.98,46.0,3.67,7.0,350.0,190.0,38.0,19.0,429.0,3.0,40.0,4.0,10.0,6.0,4.0,86.73,340.0,37.0,,15.0,10.0,5.0,2.0,3.0,7.0,,,0.0,,
20261110160,2026,1,Sharks,Titans,True,50,10,53.0,1558.0,80.0,33.0,41.0,176.0,1632.0,508.0,7.0,37.0,39.82,163.0,3.82,11.0,399.0,215.0,15.0,17.0,443.0,2.0,67.0,8.0,12.0,7.0,4.0,90.06,308.0,23.0,,11.0,8.0,8.0,2.0,1.0,8.0,,,1.0,,
20261110170,2026,1,Raiders,Sea Eagles,False,29,28,50.0,1697.0,80.0,34.0,42.0,188.0,1697.0,532.0,6.0,49.0,40.41,165.0,3.31,12.0,433.0,229.0,17.0,17.0,465.0,2.0,57.0,4.0,7.0,4.0,4.0,88.45,360.0,36.0,0.0,11.0,10.0,8.0,4.0,0.0,7.0,1.0,,,,1.0
20261110170,2026,1,Sea Eagles,Raiders,True,28,29,50.0,1684.0,81.0,35.0,43.0,172.0,1512.0,469.0,4.0,36.0,35.17,157.0,3.73,8.0,451.0,264.0,40.0,17.0,563.0,1.0,60.0,6.0,10.0,3.0,0.0,83.45,358.0,49.0,1.0,22.0,8.0,5.0,3.0,1.0,8.0,0.0,,,,2.0
20261110180,2026,1,Rabbitohs,Dolphins,False,40,30,59.0,1712.0,77.0,34.0,44.0,196.0,1889.0,504.0,8.0,37.0,42.94,165.0,3.5,7.0,454.0,257.0,37.0,20.0,543.0,5.0,50.0,4.0,8.0,4.0,5.0,86.94,253.0,19.0,0.0,19.0,13.0,3.0,2.0,,8.0,,1.0,1.0,,2.0
20261110180,2026,1,Dolphins,Rabbitohs,True,30,40,41.0,1197.0,65.0,25.0,38.0,153.0,1652.0,405.0,4.0,19.0,43.48,161.0,3.47,14.0,348.0,188.0,21.0,13.0,402.0,0.0,67.0,6.0,9.0,5.0,1.0,89.13,377.0,37.0,1.0,9.0,14.0,7.0,1.0,,8.0,,1.0,0.0,,2.0
20261110210,2026,2,Eels,Broncos,False,40,32,53.0,1496.0,88.0,37.0,42.0,160.0,1525.0,472.0,4.0,28.0,36.32,193.0,3.91,5.0,379.0,205.0,20.0,19.0,601.0,0.0,62.0,5.0,8.0,3.0,6.0,86.33,259.0,32.0,,9.0,5.0,3.0,4.0,0.0,8.0,1.0,,,,
20261110210,2026,2,Broncos,Eels,True,32,40,47.0,1316.0,75.0,28.0,37.0,156.0,1617.0,446.0,4.0,32.0,43.72,299.0,3.47,7.0,356.0,185.0,19.0,21.0,610.0,3.0,29.0,4.0,14.0,5.0,3.0,89.47,323.0,28.0,,10.0,12.0,8.0,4.0,1.0,8.0,1.0,,,,
20261110220,2026,2,Raiders,Warriors,False,6,40,45.0,1545.0,78.0,32.0,41.0,164.0,1553.0,514.0,4.0,29.0,37.88,209.0,3.55,13.0,381.0,202.0,33.0,18.0,533.0,1.0,22.0,2.0,9.0,5.0,4.0,89.98,404.0,41.0,0.0,4.0,12.0,5.0,4.0,,8.0,0.0,,0.0,,4.0
20261110220,2026,2,Warriors,Raiders,True,40,6,55.0,1852.0,86.0,43.0,50.0,190.0,1809.0,644.0,3.0,41.0,36.19,152.0,3.95,2.0,463.0,246.0,39.0,26.0,840.0,0.0,50.0,4.0,8.0,6.0,3.0,87.2,327.0,29.0,1.0,19.0,9.0,3.0,5.0,,7.0,2.0,,1.0,,2.0
20261110230,2026,2,Rabbitohs,Roosters,False,18,26,51.0,1581.0,80.0,34.0,42.0,178.0,1515.0,463.0,2.0,32.0,36.07,134.0,3.54,7.0,421.0,234.0,17.0,18.0,513.0,3.0,64.0,9.0,14.0,6.0,4.0,87.82,310.0,35.0,,8.0,11.0,7.0,2.0,1.0,8.0,,,,,2.0
20261110230,2026,2,Roosters,Rabbitohs,True,26,18,49.0,1494.0,74.0,29.0,39.0,165.0,1664.0,575.0,4.0,35.0,42.67,227.0,3.39,7.0,380.0,202.0,11.0,22.0,633.0,2.0,86.0,6.0,7.0,8.0,3.0,89.43,330.0,32.0,,7.0,14.0,5.0,4.0,1.0,8.0,,,,,0.0
20261110240,2026,2,Cowboys,Wests Tigers,False,16,44,43.0,1248.0,67.0,25.0,37.0,155.0,1523.0,495.0,4.0,32.0,41.19,105.0,3.25,9.0,337.0,188.0,21.0,11.0,289.0,,33.0,4.0,12.0,5.0,4.0,82.94,350.0,46.0,0.0,26.0,13.0,6.0,5.0,1.0,6.0,,1.0,,,4.0
20261110240,2026,2,Wests Tigers,Cowboys,True,44,16,57.0,1601.0,76.0,35.0,46.0,196.0,1958.0,693.0,8.0,46.0,42.58,128.0,3.69,21.0,426.0,230.0,22.0,16.0,410.0,,56.0,5.0,9.0,5.0,4.0,84.66,265.0,32.0,2.0,16.0,13.0,3.0,6.0,1.0,8.0,,0.0,,,1.0
20261110250,2026,2,Storm,Dragons,False,46,20,50.0,1639.0,87.0,36.0,41.0,177.0,1718.0,561.0,8.0,44.0,41.92,183.0,3.89,8.0,386.0,203.0,17.0,18.0,658.0,1.0,56.0,5.0,9.0,3.0,2.0,88.95,338.0,27.0,1.0,15.0,7.0,2.0,6.0,0.0,8.0,0.0,,,,2.0
20261110250,2026,2,Dragons,Storm,True,20,46,50.0,1604.0,76.0,30.0,39.0,174.0,1667.0,579.0,5.0,27.0,42.75,192.0,3.78,7.0,428.0,242.0,27.0,17.0,536.0,1.0,80.0,4.0,5.0,5.0,1.0,86.57,361.0,44.0,2.0,12.0,11.0,4.0,4.0,1.0,6.0,3.0,,,,1.0
20261110260,2026,2,Sharks,Panthers,False,6,26,48.0,1656.0,74.0,32.0,43.0,189.0,1380.0,424.0,2.0,31.0,32.1,111.0,3.45,9.0,442.0,248.0,7.0,18.0,597.0,2.0,100.0,4.0,4.0,7.0,2.0,88.36,372.0,30.0,0.0,19.0,13.0,5.0,3.0,1.0,7.0,,,0.0,,2.0
20261110260,2026,2,Panthers,Sharks,True,26,6,52.0,1778.0,82.0,37.0,45.0,208.0,1649.0,488.0,6.0,30.0,36.66,136.0,3.48,10.0,473.0,257.0,7.0,25.0,765.0,2.0,50.0,4.0,8.0,5.0,6.0,89.05,358.0,31.0,1.0,13.0,11.0,3.0,8.0,0.0,8.0,,,1.0,,2.0
20261110270,2026,2,Knights,Sea Eagles,False,36,16,56.0,1693.0,82.0,39.0,47.0,193.0,1807.0,502.0,5.0,42.0,38.45,154.0,3.8,13.0,443.0,246.0,19.0,20.0,579.0,1.0,56.0,5.0,9.0,4.0,3.0,89.08,253.0,19.0,1.0,12.0,10.0,3.0,2.0,0.0,8.0,,0.0,,,0.0
20261110270,2026,2,Sea Eagles,Knights,True,16,36,44.0,1292.0,71.0,27.0,38.0,139.0,1406.0,433.0,4.0,19.0,37.02,97.0,3.38,8.0,352.0,196.0,19.0,18.0,547.0,1.0,62.0,5.0,8.0,3.0,4.0,84.44,331.0,42.0,1.0,19.0,15.0,5.0,6.0,1.0,8.0,,1.0,,,1.0
20261110280,2026,2,Titans,Dolphins,False,14,18,49.0,1699.0,80.0,34.0,42.0,179.0,1577.0,521.0,2.0,25.0,37.56,142.0,3.47,7.0,420.0,219.0,17.0,25.0,815.0,1.0,57.0,8.0,14.0,5.0,4.0,87.82,346.0,32.0,,16.0,11.0,5.0,7.0,1.0,7.0,,,,,1.0
20261110280,2026,2,Dolphins,Titans,True,18,14,51.0,1753.0,76.0,38.0,50.0,190.0,1885.0,569.0,2.0,32.0,37.72,322.0,3.32,10.0,440.0,246.0,36.0,20.0,550.0,3.0,89.0,8.0,9.0,10.0,2.0,91.71,387.0,25.0,,10.0,14.0,4.0,3.0,2.0,8.0,,,,,1.0
20261110310,2026,3,Bulldogs,Raiders,False,14,10,52.0,1753.0,91.0,41.0,45.0,191.0,1714.0,483.0,4.0,22.0,38.09,216.0,3.69,10.0,461.0,259.0,25.0,27.0,970.0,4.0,57.0,4.0,7.0,8.0,4.0,82.97,341.0,51.0,,19.0,7.0,3.0,5.0,0.0,7.0,0.0,0.0,1.0,,
20261110310,2026,3,Raiders,Bulldogs,True,10,14,48.0,1569.0,77.0,31.0,40.0,173.0,1565.0,476.0,3.0,51.0,39.15,192.0,3.69,15.0,426.0,231.0,37.0,20.0,626.0,1.0,75.0,9.0,12.0,3.0,4.0,90.66,369.0,22.0,,16.0,9.0,9.0,3.0,2.0,7.0,1.0,1.0,0.0,,
20261110320,2026,3,Panthers,Roosters,False,40,4,51.0,1666.0,88.0,39.0,44.0,191.0,1880.0,497.0,8.0,31.0,42.75,137.0,3.51,9.0,472.0,264.0,24.0,23.0,679.0,1.0,50.0,7.0,14.0,4.0,4.0,82.73,340.0,44.0,1.0,27.0,10.0,3.0,7.0,1.0,8.0,1.0,,,,1.0
20261110320,2026,3,Roosters,Panthers,True,4,40,49.0,1576.0,67.0,29.0,43.0,185.0,1716.0,563.0,4.0,44.0,39.92,203.0,3.54,19.0,425.0,234.0,33.0,17.0,394.0,3.0,42.0,5.0,12.0,7.0,5.0,89.72,358.0,31.0,0.0,10.0,16.0,7.0,4.0,0.0,8.0,0.0,,,,0.0
20261110330,2026,3,Broncos,Storm,False,18,14,49.0,1661.0,72.0,31.0,43.0,192.0,1674.0,605.0,3.0,37.0,38.93,93.0,3.47,4.0,450.0,256.0,19.0,20.0,602.0,2.0,64.0,9.0,14.0,6.0,3.0,86.4,343.0,39.0,,15.0,11.0,5.0,5.0,2.0,6.0,0.0,,1.0,,1.0
20261110330,2026,3,Storm,Broncos,True,14,18,51.0,1741.0,84.0,33.0,39.0,218.0,1975.0,631.0,5.0,39.0,50.65,140.0,3.47,10.0,446.0,250.0,15.0,22.0,535.0,0.0,67.0,6.0,9.0,10.0,2.0,89.58,361.0,37.0,,5.0,10.0,6.0,6.0,0.0,7.0,1.0,,0.0,,0.0
20261110340,2026,3,Warriors,Knights,False,38,12,56.0,1781.0,87.0,42.0,48.0,199.0,1841.0,599.0,7.0,36.0,38.37,132.0,3.69,5.0,461.0,250.0,34.0,25.0,658.0,0.0,62.0,5.0,8.0,5.0,1.0,89.8,317.0,24.0,1.0,12.0,8.0,4.0,4.0,0.0,8.0,1.0,0.0,,,1.0
20261110340,2026,3,Knights,Warriors,True,12,38,44.0,1397.0,63.0,24.0,38.0,163.0,1520.0,493.0,4.0,24.0,40.01,165.0,3.57,7.0,380.0,212.0,14.0,16.0,471.0,2.0,45.0,5.0,11.0,5.0,3.0,89.55,377.0,36.0,1.0,8.0,15.0,11.0,3.0,3.0,8.0,0.0,2.0,,,1.0
20261110350,2026,3,Dolphins,Sharks,False,38,10,52.0,1685.0,85.0,36.0,42.0,197.0,1772.0,494.0,6.0,25.0,42.2,192.0,3.35,10.0,460.0,252.0,25.0,21.0,683.0,0.0,71.0,5.0,7.0,8.0,1.0,87.06,343.0,33.0,,18.0,6.0,1.0,4.0,1.0,7.0,,,,,3.0
20261110350,2026,3,Sharks,Dolphins,True,10,38,48.0,1599.0,84.0,32.0,38.0,177.0,1549.0,493.0,4.0,33.0,40.78,222.0,3.69,12.0,403.0,207.0,15.0,21.0,673.0,2.0,70.0,7.0,10.0,6.0,3.0,91.22,395.0,25.0,,13.0,11.0,6.0,1.0,2.0,8.0,,,,,1.0
20261110360,2026,3,Wests Tigers,Rabbitohs,False,16,20,54.0,1663.0,84.0,37.0,44.0,192.0,1808.0,643.0,4.0,42.0,41.1,123.0,3.6,14.0,434.0,230.0,20.0,22.0,416.0,0.0,43.0,6.0,14.0,7.0,5.0,87.28,302.0,29.0,,15.0,11.0,5.0,1.0,1.0,8.0,0.0,,,,2.0
20261110360,2026,3,Rabbitohs,Wests Tigers,True,20,16,46.0,1432.0,75.0,31.0,41.0,170.0,1539.0,502.0,4.0,29.0,37.54,70.0,3.58,11.0,389.0,200.0,11.0,22.0,671.0,1.0,42.0,8.0,19.0,4.0,4.0,83.55,315.0,42.0,,20.0,16.0,8.0,4.0,1.0,8.0,1.0,,,,1.0
20261110370,2026,3,Dragons,Eels,False,20,30,50.0,1692.0,74.0,32.0,43.0,206.0,2039.0,710.0,5.0,38.0,47.43,282.0,3.34,18.0,489.0,280.0,6.0,21.0,552.0,0.0,50.0,5.0,10.0,7.0,3.0,89.49,366.0,33.0,,10.0,12.0,3.0,5.0,2.0,7.0,0.0,1.0,,,1.0
20261110370,2026,3,Eels,Dragons,True,30,20,50.0,1676.0,86.0,38.0,44.0,192.0,1839.0,602.0,3.0,33.0,41.82,165.0,3.27,6.0,449.0,241.0,36.0,25.0,886.0,1.0,54.0,7.0,13.0,7.0,2.0,84.83,358.0,38.0,,26.0,11.0,8.0,1.0,0.0,8.0,1.0,1.0,,,0.0
20261110380,2026,3,Titans,Cowboys,False,16,30,40.0,1250.0,77.0,34.0,44.0,147.0,1368.0,445.0,6.0,31.0,31.1,120.0,3.32,7.0,341.0,183.0,17.0,14.0,490.0,1.0,40.0,6.0,15.0,2.0,0.0,90.02,379.0,29.0,2.0,13.0,13.0,6.0,4.0,1.0,7.0,1.0,0.0,,,
20261110380,2026,3,Cowboys,Titans,True,30,16,60.0,1863.0,88.0,39.0,44.0,215.0,1965.0,655.0,5.0,29.0,44.67,212.0,3.23,9.0,506.0,292.0,36.0,21.0,659.0,5.0,80.0,4.0,5.0,4.0,4.0,87.66,277.0,31.0,0.0,8.0,10.0,7.0,8.0,1.0,7.0,0.0,1.0,,,
20261110410,2026,4,Roosters,Sea Eagles,False,33,16,58.0,2029.0,96.0,49.0,51.0,218.0,2094.0,711.0,4.0,37.0,41.08,285.0,3.67,10.0,554.0,319.0,47.0,35.0,840.0,3.0,75.0,6.0,8.0,16.0,7.0,86.53,289.0,32.0,1.0,13.0,5.0,0.0,3.0,0.0,7.0,2.0,0.0,,,0.0
20261110410,2026,4,Sea Eagles,Roosters,True,16,33,42.0,1445.0,75.0,27.0,36.0,172.0,1763.0,495.0,4.0,32.0,48.99,141.0,3.67,4.0,400.0,216.0,23.0,19.0,580.0,0.0,61.0,14.0,23.0,4.0,4.0,88.86,391.0,37.0,1.0,12.0,13.0,4.0,3.0,1.0,7.0,1.0,1.0,,,3.0
20261110420,2026,4,Wests Tigers,Warriors,False,32,14,51.0,1758.0,77.0,34.0,44.0,181.0,1643.0,473.0,6.0,46.0,37.35,92.0,3.8,7.0,441.0,237.0,13.0,19.0,651.0,1.0,58.0,7.0,12.0,5.0,0.0,92.11,362.0,20.0,0.0,11.0,14.0,9.0,3.0,1.0,8.0,0.0,0.0,,,0.0
20261110420,2026,4,Warriors,Wests Tigers,True,14,32,49.0,1610.0,77.0,35.0,45.0,171.0,1475.0,460.0,3.0,20.0,32.79,190.0,3.63,5.0,414.0,231.0,20.0,22.0,622.0,3.0,25.0,2.0,8.0,3.0,4.0,85.75,355.0,46.0,1.0,13.0,14.0,3.0,3.0,0.0,7.0,1.0,1.0,,,3.0
20261110430,2026,4,Dolphins,Broncos,False,12,26,52.0,1902.0,74.0,38.0,51.0,231.0,2137.0,720.0,3.0,53.0,41.92,180.0,3.37,25.0,519.0,292.0,19.0,21.0,462.0,1.0,58.0,7.0,12.0,5.0,4.0,87.03,369.0,46.0,,9.0,15.0,3.0,4.0,1.0,8.0,,,,,0.0
20261110430,2026,4,Broncos,Dolphins,True,26,12,48.0,1753.0,85.0,35.0,41.0,196.0,1839.0,548.0,5.0,46.0,44.86,138.0,3.45,5.0,446.0,241.0,12.0,27.0,801.0,2.0,67.0,6.0,9.0,8.0,5.0,79.92,378.0,53.0,,42.0,10.0,5.0,7.0,0.0,7.0,,,,,3.0
20261110440,2026,4,Knights,Bulldogs,False,24,16,49.0,1726.0,82.0,37.0,45.0,181.0,1700.0,524.0,5.0,57.0,37.8,129.0,3.48,6.0,435.0,233.0,25.0,24.0,800.0,5.0,70.0,14.0,20.0,3.0,6.0,86.89,371.0,30.0,2.0,26.0,8.0,5.0,5.0,1.0,8.0,1.0,1.0,,,2.0
20261110440,2026,4,Bulldogs,Knights,True,16,24,51.0,1719.0,79.0,34.0,43.0,216.0,2060.0,659.0,7.0,30.0,47.91,228.0,3.46,12.0,505.0,299.0,24.0,22.0,455.0,2.0,80.0,8.0,10.0,6.0,10.0,84.25,353.0,57.0,0.0,9.0,11.0,3.0,5.0,3.0,6.0,0.0,0.0,,,0.0
20261110450,2026,4,Eels,Panthers,False,20,48,50.0,1449.0,73.0,28.0,38.0,154.0,1503.0,527.0,4.0,30.0,39.57,126.0,3.57,8.0,432.0,265.0,14.0,14.0,398.0,2.0,36.0,5.0,14.0,5.0,3.0,86.78,348.0,39.0,1.0,14.0,12.0,5.0,2.0,0.0,7.0,2.0,0.0,,,2.0
20261110450,2026,4,Panthers,Eels,True,48,20,50.0,1483.0,82.0,33.0,40.0,183.0,1736.0,596.0,5.0,39.0,43.41,171.0,3.19,9.0,424.0,240.0,16.0,19.0,458.0,0.0,50.0,4.0,8.0,5.0,5.0,85.85,279.0,30.0,0.0,16.0,7.0,6.0,5.0,2.0,7.0,0.0,1.0,,,1.0
20261110460,2026,4,Storm,Cowboys,False,24,28,49.0,1468.0,76.0,29.0,38.0,153.0,1387.0,541.0,7.0,33.0,36.5,61.0,3.45,6.0,362.0,197.0,12.0,16.0,542.0,1.0,75.0,3.0,4.0,3.0,3.0,87.84,289.0,36.0,1.0,4.0,9.0,5.0,2.0,2.0,8.0,1.0,,,,1.0
20261110460,2026,4,Cowboys,Storm,True,28,24,51.0,1436.0,78.0,29.0,37.0,178.0,1561.0,596.0,9.0,36.0,42.21,176.0,3.43,3.0,400.0,229.0,34.0,15.0,424.0,1.0,83.0,5.0,6.0,5.0,1.0,87.23,280.0,33.0,0.0,8.0,12.0,5.0,2.0,2.0,7.0,0.0,,,,4.0
20261110470,2026,4,Sharks,Raiders,False,34,22,50.0,1571.0,78.0,30.0,38.0,180.0,1730.0,620.0,5.0,40.0,45.53,206.0,3.6,13.0,417.0,216.0,33.0,21.0,625.0,2.0,62.0,5.0,8.0,11.0,1.0,81.91,317.0,48.0,,22.0,12.0,3.0,2.0,,8.0,,0.0,,,2.0
20261110470,2026,4,Raiders,Sharks,True,22,34,50.0,1542.0,76.0,30.0,39.0,180.0,1729.0,520.0,7.0,48.0,44.33,197.0,3.38,15.0,424.0,241.0,41.0,19.0,468.0,1.0,25.0,3.0,12.0,4.0,5.0,84.86,325.0,40.0,,18.0,12.0,3.0,1.0,,7.0,,1.0,,,0.0
20261110480,2026,4,Dragons,Titans,False,14,22,51.0,1632.0,78.0,32.0,41.0,188.0,1619.0,537.0,1.0,19.0,39.5,128.0,3.53,8.0,450.0,269.0,16.0,18.0,445.0,0.0,45.0,5.0,11.0,7.0,0.0,87.25,349.0,31.0,0.0,20.0,11.0,7.0,5.0,1.0,8.0,,,,,3.0
20261110480,2026,4,Titans,Dragons,True,22,14,49.0,1559.0,73.0,33.0,45.0,175.0,1707.0,537.0,3.0,31.0,37.95,83.0,3.63,13.0,410.0,220.0,18.0,18.0,532.0,1.0,42.0,5.0,12.0,6.0,3.0,91.41,351.0,19.0,1.0,14.0,13.0,10.0,2.0,1.0,7.0,,,,,1.0
20261110510,2026,5,Sea Eagles,Dolphins,False,52,18,62.0,1759.0,89.0,42.0,47.0,209.0,2081.0,676.0,8.0,37.0,44.3,153.0,3.47,13.0,493.0,284.0,49.0,20.0,457.0,1.0,78.0,7.0,9.0,6.0,6.0,80.92,212.0,24.0,,26.0,5.0,3.0,3.0,0.0,7.0,0.0,0.0,,,0.0
20261110510,2026,5,Dolphins,Sea Eagles,True,18,52,38.0,1078.0,64.0,20.0,31.0,135.0,1412.0,376.0,4.0,24.0,45.55,140.0,3.53,14.0,296.0,161.0,26.0,11.0,316.0,0.0,36.0,4.0,11.0,7.0,0.0,87.17,394.0,37.0,,21.0,14.0,9.0,3.0,3.0,6.0,1.0,1.0,,,1.0
20261110520,2026,5,Bulldogs,Rabbitohs,False,24,32,48.0,1450.0,61.0,24.0,39.0,173.0,1573.0,413.0,3.0,33.0,40.34,214.0,3.25,10.0,410.0,233.0,16.0,16.0,570.0,0.0,67.0,2.0,3.0,5.0,1.0,89.61,345.0,26.0,0.0,14.0,17.0,8.0,0.0,2.0,7.0,0.0,,,,1.0
20261110520,2026,5,Rabbitohs,Bulldogs,True,32,24,52.0,1546.0,84.0,38.0,45.0,171.0,1426.0,391.0,6.0,26.0,31.7,188.0,3.35,7.0,434.0,234.0,15.0,26.0,894.0,1.0,57.0,4.0,7.0,1.0,6.0,84.91,287.0,33.0,1.0,18.0,10.0,2.0,2.0,0.0,7.0,1.0,,,,0.0
20261110530,2026,5,Storm,Panthers,False,10,50,45.0,1433.0,94.0,34.0,36.0,159.0,1184.0,489.0,2.0,19.0,32.89,86.0,3.55,5.0,381.0,205.0,12.0,22.0,766.0,1.0,86.0,12.0,14.0,4.0,3.0,88.81,381.0,34.0,,14.0,5.0,4.0,5.0,1.0,8.0,,,,,
20261110530,2026,5,Panthers,Storm,True,50,10,55.0,1761.0,86.0,38.0,44.0,216.0,1958.0,688.0,10.0,34.0,44.51,318.0,3.54,11.0,480.0,273.0,16.0,21.0,631.0,3.0,40.0,2.0,5.0,9.0,3.0,92.42,305.0,19.0,,6.0,8.0,5.0,4.0,0.0,8.0,,,,,
20261110540,2026,5,Cowboys,Dragons,False,32,0,53.0,1828.0,74.0,35.0,47.0,209.0,2176.0,633.0,10.0,35.0,46.31,211.0,3.46,14.0,477.0,269.0,39.0,22.0,600.0,1.0,72.0,13.0,18.0,7.0,5.0,89.59,327.0,25.0,,13.0,13.0,10.0,2.0,2.0,7.0,,1.0,1.0,,2.0
20261110540,2026,5,Dragons,Cowboys,True,0,32,47.0,1573.0,86.0,37.0,43.0,168.0,1642.0,647.0,2.0,25.0,38.19,103.0,3.36,9.0,433.0,248.0,16.0,24.0,659.0,1.0,73.0,8.0,11.0,11.0,4.0,87.34,400.0,35.0,,23.0,9.0,5.0,2.0,2.0,8.0,,0.0,0.0,,2.0
20261110550,2026,5,Broncos,Titans,False,26,12,47.0,1518.0,76.0,32.0,42.0,185.0,1786.0,647.0,3.0,28.0,42.53,132.0,3.41,6.0,397.0,206.0,6.0,19.0,557.0,0.0,75.0,9.0,12.0,7.0,1.0,85.97,337.0,37.0,1.0,18.0,13.0,9.0,7.0,0.0,7.0,,,,,3.0
20261110550,2026,5,Titans,Broncos,True,12,26,53.0,1702.0,78.0,40.0,51.0,201.0,1910.0,625.0,2.0,37.0,37.45,123.0,3.54,11.0,459.0,268.0,7.0,23.0,482.0,3.0,36.0,4.0,11.0,9.0,7.0,89.89,320.0,28.0,0.0,8.0,14.0,5.0,2.0,2.0,8.0,,,,,1.0
20261110560,2026,5,Warriors,Sharks,False,22,36,51.0,1628.0,76.0,35.0,46.0,191.0,1651.0,519.0,3.0,26.0,35.9,120.0,3.33,14.0,424.0,225.0,36.0,18.0,619.0,1.0,80.0,12.0,15.0,3.0,1.0,86.2,306.0,34.0,1.0,15.0,12.0,1.0,2.0,0.0,8.0,2.0,,,,2.0
20261110560,2026,5,Sharks,Warriors,True,36,22,49.0,1520.0,80.0,33.0,41.0,175.0,1838.0,541.0,9.0,34.0,44.84,190.0,3.3,10.0,387.0,200.0,28.0,22.0,605.0,2.0,25.0,2.0,8.0,8.0,5.0,87.38,353.0,26.0,0.0,25.0,12.0,10.0,2.0,1.0,7.0,2.0,,,,4.0
20261110570,2026,5,Raiders,Knights,False,12,32,46.0,1559.0,74.0,32.0,43.0,176.0,1678.0,539.0,3.0,41.0,39.04,114.0,3.54,8.0,391.0,201.0,26.0,18.0,440.0,1.0,43.0,10.0,23.0,9.0,1.0,87.01,375.0,36.0,1.0,20.0,14.0,6.0,9.0,0.0,8.0,0.0,1.0,,,0.0
20261110570,2026,5,Knights,Raiders,True,32,12,54.0,1828.0,86.0,43.0,50.0,204.0,2011.0,585.0,5.0,36.0,40.23,196.0,3.58,12.0,504.0,282.0,29.0,26.0,554.0,1.0,62.0,8.0,13.0,15.0,4.0,86.75,360.0,41.0,0.0,14.0,12.0,5.0,4.0,2.0,6.0,1.0,0.0,,,1.0
20261110580,2026,5,Wests Tigers,Eels,False,22,20,54.0,1937.0,83.0,40.0,48.0,231.0,1938.0,633.0,3.0,47.0,40.38,276.0,3.62,17.0,536.0,300.0,59.0,25.0,728.0,1.0,67.0,4.0,6.0,8.0,1.0,89.22,364.0,21.0,1.0,23.0,11.0,4.0,7.0,2.0,10.0,0.0,1.0,,,0.0
20261110580,2026,5,Eels,Wests Tigers,True,20,22,46.0,1657.0,79.0,38.0,48.0,187.0,1550.0,410.0,6.0,21.0,32.3,176.0,3.49,10.0,435.0,236.0,24.0,20.0,760.0,2.0,50.0,5.0,10.0,2.0,2.0,82.75,379.0,47.0,0.0,32.0,12.0,7.0,6.0,1.0,9.0,1.0,0.0,,,2.0
20261110610,2026,6,Panthers,Bulldogs,False,16,32,46.0,1429.0,65.0,28.0,43.0,167.0,1492.0,459.0,4.0,32.0,34.72,108.0,3.2,4.0,437.0,253.0,22.0,18.0,466.0,1.0,50.0,4.0,8.0,3.0,6.0,88.74,339.0,34.0,0.0,9.0,16.0,4.0,6.0,1.0,8.0,,1.0,,,1.0
20261110610,2026,6,Bulldogs,Panthers,True,32,16,54.0,1650.0,79.0,35.0,44.0,192.0,1852.0,551.0,7.0,34.0,42.09,150.0,3.67,6.0,472.0,268.0,23.0,19.0,496.0,2.0,64.0,7.0,11.0,7.0,3.0,89.25,332.0,32.0,2.0,8.0,10.0,6.0,4.0,1.0,7.0,,0.0,,,1.0
20261110620,2026,6,Sea Eagles,Dragons,False,28,18,51.0,1785.0,79.0,35.0,44.0,195.0,1760.0,544.0,4.0,25.0,40.01,144.0,3.6,8.0,460.0,254.0,26.0,22.0,730.0,1.0,67.0,6.0,9.0,7.0,0.0,89.55,360.0,24.0,,18.0,12.0,8.0,4.0,2.0,7.0,0.0,,,,
20261110620,2026,6,Dragons,Sea Eagles,True,18,28,49.0,1759.0,73.0,33.0,45.0,197.0,1664.0,577.0,5.0,24.0,36.99,152.0,3.5,13.0,483.0,275.0,29.0,20.0,582.0,0.0,64.0,9.0,14.0,7.0,2.0,90.33,383.0,25.0,,16.0,12.0,3.0,6.0,0.0,7.0,2.0,,,,
20261110630,2026,6,Cowboys,Broncos,False,35,31,54.0,1779.0,85.0,34.0,40.0,221.0,2362.0,699.0,8.0,33.0,59.07,273.0,3.36,18.0,450.0,236.0,30.0,24.0,500.0,1.0,100.0,3.0,3.0,11.0,8.0,89.84,327.0,29.0,0.0,8.0,8.0,5.0,2.0,1.0,7.0,1.0,0.0,,,
20261110630,2026,6,Broncos,Cowboys,True,31,35,46.0,1490.0,86.0,32.0,37.0,174.0,1744.0,595.0,6.0,29.0,47.15,131.0,3.48,6.0,380.0,195.0,5.0,23.0,773.0,0.0,71.0,12.0,17.0,2.0,3.0,86.62,356.0,33.0,1.0,22.0,5.0,4.0,4.0,1.0,8.0,0.0,1.0,,,
20261110640,2026,6,Raiders,Rabbitohs,False,36,34,48.0,1564.0,72.0,29.0,40.0,173.0,1711.0,494.0,4.0,36.0,42.78,137.0,3.36,6.0,385.0,193.0,12.0,19.0,481.0,2.0,53.0,8.0,15.0,9.0,3.0,88.65,375.0,33.0,1.0,15.0,12.0,3.0,1.0,,7.0,,,,,1.0
20261110640,2026,6,Rabbitohs,Raiders,True,34,36,52.0,1684.0,80.0,33.0,41.0,192.0,1859.0,515.0,8.0,33.0,45.35,147.0,3.66,9.0,462.0,254.0,26.0,22.0,542.0,0.0,82.0,9.0,11.0,7.0,3.0,88.38,327.0,36.0,1.0,7.0,11.0,3.0,1.0,,8.0,,,,,0.0
20261110650,2026,6,Roosters,Sharks,False,34,22,55.0,1659.0,73.0,36.0,49.0,190.0,1835.0,637.0,6.0,42.0,37.46,180.0,3.32,7.0,452.0,259.0,41.0,18.0,458.0,3.0,62.0,5.0,8.0,8.0,5.0,92.31,312.0,19.0,,7.0,16.0,4.0,4.0,0.0,7.0,2.0,,,,2.0
20261110650,2026,6,Sharks,Roosters,True,22,34,45.0,1349.0,81.0,31.0,38.0,158.0,1405.0,479.0,4.0,19.0,36.99,121.0,3.37,4.0,384.0,208.0,29.0,18.0,575.0,1.0,46.0,6.0,13.0,6.0,3.0,87.62,354.0,42.0,,8.0,12.0,8.0,3.0,2.0,8.0,0.0,,,,2.0
20261110660,2026,6,Warriors,Storm,False,38,14,54.0,1705.0,88.0,38.0,43.0,192.0,1442.0,518.0,6.0,35.0,33.56,97.0,3.58,10.0,436.0,229.0,15.0,20.0,635.0,,82.0,9.0,11.0,7.0,0.0,85.67,275.0,32.0,0.0,14.0,8.0,8.0,3.0,1.0,8.0,,,,,2.0
20261110660,2026,6,Storm,Warriors,True,14,38,46.0,1534.0,80.0,32.0,40.0,162.0,1242.0,382.0,3.0,32.0,31.07,154.0,3.57,10.0,367.0,212.0,40.0,17.0,482.0,,62.0,5.0,8.0,6.0,2.0,86.97,347.0,35.0,1.0,17.0,9.0,7.0,7.0,2.0,8.0,,,,,0.0
20261110670,2026,6,Titans,Eels,False,52,10,52.0,1651.0,76.0,33.0,43.0,192.0,2017.0,644.0,10.0,38.0,46.93,221.0,3.48,15.0,446.0,248.0,33.0,17.0,536.0,,62.0,5.0,8.0,8.0,1.0,84.87,303.0,33.0,1.0,21.0,9.0,7.0,2.0,2.0,8.0,0.0,,,,2.0
20261110670,2026,6,Eels,Titans,True,10,52,48.0,1465.0,64.0,25.0,39.0,180.0,1616.0,508.0,4.0,33.0,41.46,152.0,3.42,12.0,446.0,267.0,24.0,19.0,469.0,,100.0,9.0,9.0,4.0,4.0,85.28,336.0,38.0,0.0,20.0,14.0,4.0,2.0,0.0,8.0,1.0,,,,1.0
20261110680,2026,6,Knights,Wests Tigers,False,22,42,43.0,1413.0,82.0,28.0,34.0,153.0,1313.0,416.0,4.0,29.0,38.64,75.0,3.41,9.0,393.0,214.0,39.0,22.0,607.0,1.0,40.0,8.0,20.0,5.0,4.0,84.12,376.0,46.0,0.0,25.0,11.0,5.0,1.0,0.0,7.0,,,,,0.0
20261110680,2026,6,Wests Tigers,Knights,True,42,22,57.0,1859.0,76.0,33.0,43.0,223.0,2177.0,735.0,10.0,46.0,50.63,261.0,3.34,15.0,499.0,283.0,60.0,23.0,421.0,2.0,67.0,8.0,12.0,10.0,5.0,87.5,308.0,29.0,1.0,15.0,11.0,3.0,0.0,2.0,8.0,,,,,2.0
20261110710,2026,7,Sea Eagles,Cowboys,False,38,6,55.0,1788.0,77.0,34.0,44.0,199.0,1962.0,700.0,5.0,32.0,44.61,143.0,3.38,7.0,456.0,243.0,41.0,23.0,708.0,1.0,71.0,5.0,7.0,6.0,3.0,86.46,281.0,31.0,1.0,13.0,11.0,6.0,2.0,1.0,7.0,1.0,,,,0.0
20261110710,2026,7,Cowboys,Sea Eagles,True,6,38,45.0,1383.0,58.0,23.0,39.0,174.0,1665.0,488.0,3.0,31.0,42.71,186.0,3.37,10.0,380.0,214.0,16.0,11.0,322.0,2.0,33.0,4.0,12.0,3.0,2.0,89.98,368.0,33.0,0.0,8.0,17.0,4.0,3.0,0.0,8.0,0.0,,,,1.0
20261110720,2026,7,Storm,Raiders,False,22,26,47.0,1495.0,67.0,23.0,34.0,175.0,1716.0,494.0,6.0,24.0,50.5,139.0,3.45,8.0,394.0,220.0,29.0,15.0,476.0,0.0,56.0,5.0,9.0,5.0,0.0,87.02,362.0,37.0,0.0,17.0,13.0,6.0,3.0,1.0,8.0,1.0,,,,1.0
20261110720,2026,7,Raiders,Storm,True,26,22,53.0,1704.0,86.0,37.0,43.0,181.0,1813.0,628.0,7.0,37.0,42.17,195.0,3.67,13.0,429.0,231.0,26.0,25.0,732.0,2.0,67.0,4.0,6.0,3.0,2.0,88.64,320.0,24.0,2.0,17.0,6.0,3.0,1.0,1.0,7.0,1.0,,,,1.0
20261110730,2026,7,Panthers,Dolphins,False,23,22,49.0,1873.0,74.0,38.0,51.0,205.0,1898.0,619.0,5.0,23.0,37.23,156.0,3.28,11.0,510.0,282.0,9.0,23.0,691.0,3.0,57.0,8.0,14.0,6.0,5.0,87.07,404.0,44.0,2.0,16.0,14.0,1.0,6.0,0.0,8.0,,0.0,,,1.0
20261110730,2026,7,Dolphins,Panthers,True,22,23,51.0,1913.0,80.0,36.0,45.0,228.0,2182.0,748.0,6.0,44.0,48.49,200.0,3.35,10.0,550.0,318.0,13.0,22.0,612.0,0.0,64.0,7.0,11.0,11.0,1.0,90.43,397.0,23.0,1.0,19.0,13.0,6.0,3.0,2.0,8.0,,1.0,,,1.0
20261110740,2026,7,Titans,Warriors,False,20,28,51.0,1686.0,72.0,31.0,43.0,189.0,1671.0,538.0,6.0,25.0,38.86,170.0,3.83,19.0,450.0,241.0,26.0,21.0,587.0,3.0,70.0,7.0,10.0,7.0,2.0,85.71,324.0,44.0,,10.0,13.0,3.0,3.0,0.0,8.0,1.0,,,,1.0
20261110740,2026,7,Warriors,Titans,True,28,20,49.0,1603.0,87.0,36.0,41.0,176.0,1716.0,521.0,7.0,44.0,41.85,157.0,3.35,8.0,422.0,221.0,28.0,22.0,740.0,2.0,36.0,5.0,14.0,7.0,3.0,86.19,362.0,25.0,,33.0,6.0,4.0,7.0,1.0,7.0,1.0,,,,0.0
20261110750,2026,7,Dragons,Rabbitohs,False,12,30,46.0,1468.0,76.0,32.0,42.0,171.0,1513.0,474.0,5.0,22.0,36.03,102.0,3.39,15.0,421.0,238.0,13.0,19.0,659.0,1.0,82.0,9.0,11.0,5.0,2.0,90.68,399.0,32.0,2.0,9.0,10.0,7.0,2.0,3.0,8.0,,0.0,,1.0,1.0
20261110750,2026,7,Rabbitohs,Dragons,True,30,12,54.0,1675.0,85.0,36.0,42.0,202.0,2029.0,661.0,7.0,32.0,48.31,284.0,3.55,3.0,445.0,242.0,32.0,22.0,574.0,0.0,62.0,5.0,8.0,5.0,2.0,85.92,293.0,22.0,1.0,26.0,6.0,8.0,3.0,3.0,8.0,,1.0,,0.0,2.0
20261110760,2026,7,Broncos,Wests Tigers,False,21,20,46.0,1468.0,76.0,30.0,39.0,159.0,1494.0,487.0,4.0,24.0,38.33,128.0,3.55,4.0,371.0,195.0,10.0,20.0,653.0,1.0,36.0,4.0,11.0,5.0,2.0,85.75,355.0,32.0,1.0,27.0,11.0,2.0,5.0,0.0,7.0,,,,,3.0
20261110760,2026,7,Wests Tigers,Broncos,True,20,21,54.0,1741.0,74.0,32.0,43.0,199.0,1881.0,611.0,6.0,32.0,43.76,167.0,3.47,17.0,449.0,248.0,11.0,20.0,476.0,2.0,75.0,6.0,8.0,7.0,5.0,91.67,319.0,24.0,0.0,5.0,17.0,4.0,3.0,1.0,8.0,,,,,0.0
20261110770,2026,7,Knights,Roosters,False,24,38,44.0,1392.0,86.0,31.0,36.0,164.0,1243.0,312.0,4.0,16.0,34.55,94.0,3.8,11.0,394.0,217.0,22.0,20.0,651.0,0.0,31.0,5.0,16.0,7.0,1.0,84.12,339.0,49.0,,15.0,8.0,3.0,3.0,0.0,7.0,0.0,,,,1.0
20261110770,2026,7,Roosters,Knights,True,38,24,56.0,1713.0,75.0,31.0,41.0,199.0,1864.0,590.0,6.0,49.0,45.47,244.0,3.09,11.0,449.0,249.0,30.0,20.0,453.0,2.0,67.0,8.0,12.0,6.0,2.0,89.68,313.0,16.0,,20.0,16.0,3.0,3.0,1.0,7.0,1.0,,,,0.0
20261110780,2026,7,Bulldogs,Eels,False,20,38,51.0,1576.0,75.0,30.0,40.0,179.0,1514.0,497.0,5.0,37.0,37.87,193.0,3.47,13.0,467.0,268.0,17.0,23.0,730.0,0.0,45.0,5.0,11.0,5.0,2.0,87.01,308.0,33.0,,13.0,13.0,6.0,0.0,1.0,6.0,1.0,,,,1.0
20261110780,2026,7,Eels,Bulldogs,True,38,20,49.0,1562.0,82.0,37.0,45.0,173.0,1449.0,463.0,3.0,33.0,32.22,155.0,3.45,6.0,413.0,220.0,13.0,26.0,886.0,3.0,75.0,6.0,8.0,6.0,3.0,85.64,334.0,37.0,,19.0,10.0,1.0,2.0,1.0,8.0,1.0,,,,0.0
20261110810,2026,8,Raiders,Wests Tigers,False,14,33,46.0,1538.0,78.0,29.0,37.0,172.0,1466.0,410.0,5.0,22.0,39.64,160.0,3.33,7.0,403.0,223.0,27.0,21.0,649.0,0.0,62.0,8.0,13.0,2.0,3.0,88.32,416.0,38.0,0.0,17.0,9.0,5.0,2.0,0.0,7.0,,0.0,,,
20261110810,2026,8,Wests Tigers,Raiders,True,33,14,54.0,1801.0,83.0,36.0,43.0,203.0,1875.0,609.0,7.0,38.0,43.62,244.0,3.42,11.0,453.0,238.0,37.0,23.0,712.0,3.0,62.0,5.0,8.0,7.0,4.0,90.54,335.0,22.0,1.0,13.0,11.0,5.0,4.0,5.0,8.0,,1.0,,,
20261110820,2026,8,Sharks,Cowboys,False,34,46,49.0,1420.0,80.0,28.0,35.0,165.0,1522.0,554.0,9.0,25.0,43.49,122.0,3.54,9.0,394.0,213.0,25.0,16.0,551.0,,67.0,8.0,12.0,5.0,1.0,85.98,325.0,36.0,,17.0,10.0,4.0,0.0,2.0,8.0,0.0,,0.0,,3.0
20261110820,2026,8,Cowboys,Sharks,True,46,34,51.0,1494.0,80.0,33.0,41.0,189.0,1737.0,463.0,12.0,36.0,42.38,188.0,3.13,9.0,388.0,214.0,27.0,16.0,527.0,,17.0,1.0,6.0,7.0,1.0,89.49,315.0,25.0,,12.0,9.0,2.0,3.0,0.0,8.0,1.0,,1.0,,2.0
20261110830,2026,8,Bulldogs,Broncos,False,12,32,51.0,1611.0,72.0,26.0,36.0,168.0,1717.0,595.0,3.0,21.0,47.71,249.0,3.47,5.0,425.0,241.0,12.0,18.0,385.0,5.0,78.0,7.0,9.0,4.0,8.0,91.81,370.0,23.0,,10.0,14.0,7.0,1.0,4.0,8.0,,1.0,,,1.0
20261110830,2026,8,Broncos,Bulldogs,True,32,12,49.0,1563.0,93.0,40.0,43.0,176.0,1527.0,477.0,5.0,23.0,35.52,145.0,3.54,7.0,413.0,216.0,3.0,24.0,822.0,2.0,92.0,11.0,12.0,4.0,3.0,91.18,331.0,21.0,,11.0,4.0,2.0,3.0,1.0,8.0,,1.0,,,0.0
20261110840,2026,8,Roosters,Dragons,False,62,16,54.0,1502.0,81.0,36.0,44.0,176.0,1810.0,535.0,7.0,30.0,41.14,279.0,3.31,6.0,404.0,222.0,33.0,19.0,485.0,2.0,29.0,2.0,7.0,7.0,2.0,88.75,276.0,24.0,,11.0,11.0,6.0,2.0,1.0,7.0,0.0,0.0,,,1.0
20261110840,2026,8,Dragons,Roosters,True,16,62,46.0,1271.0,68.0,24.0,35.0,142.0,1150.0,373.0,2.0,24.0,32.87,117.0,3.54,9.0,351.0,196.0,10.0,18.0,537.0,1.0,9.0,1.0,11.0,4.0,3.0,90.08,345.0,30.0,,8.0,13.0,5.0,1.0,1.0,7.0,1.0,2.0,,,1.0
20261110850,2026,8,Dolphins,Warriors,False,18,20,47.0,1524.0,74.0,29.0,39.0,173.0,1607.0,570.0,2.0,36.0,41.22,189.0,3.48,6.0,405.0,223.0,17.0,19.0,490.0,0.0,42.0,5.0,12.0,12.0,3.0,89.12,385.0,34.0,,13.0,15.0,7.0,2.0,2.0,7.0,,1.0,,,2.0
20261110850,2026,8,Warriors,Dolphins,True,20,18,53.0,1764.0,85.0,40.0,47.0,186.0,1722.0,604.0,9.0,34.0,36.66,130.0,3.79,10.0,460.0,250.0,17.0,22.0,667.0,1.0,62.0,10.0,16.0,4.0,3.0,87.77,330.0,36.0,,10.0,11.0,7.0,1.0,2.0,7.0,,0.0,,,0.0
20261110860,2026,8,Rabbitohs,Storm,False,48,6,55.0,1707.0,81.0,35.0,43.0,202.0,2118.0,636.0,14.0,34.0,49.27,257.0,3.43,6.0,451.0,249.0,7.0,18.0,561.0,2.0,80.0,4.0,5.0,5.0,3.0,84.1,275.0,39.0,,13.0,9.0,8.0,5.0,0.0,8.0,1.0,,0.0,,
20261110860,2026,8,Storm,Rabbitohs,True,6,48,45.0,1330.0,65.0,27.0,41.0,154.0,1332.0,453.0,1.0,39.0,32.51,76.0,3.41,8.0,367.0,206.0,22.0,15.0,490.0,0.0,82.0,9.0,11.0,1.0,2.0,89.39,379.0,34.0,,11.0,14.0,2.0,5.0,2.0,8.0,0.0,,1.0,,
20261110870,2026,8,Panthers,Knights,False,44,12,56.0,1830.0,77.0,38.0,49.0,236.0,2216.0,603.0,10.0,58.0,45.23,198.0,2.9,13.0,520.0,292.0,43.0,21.0,536.0,1.0,62.0,5.0,8.0,7.0,2.0,84.78,323.0,32.0,1.0,26.0,12.0,2.0,2.0,1.0,8.0,0.0,,,,1.0
20261110870,2026,8,Knights,Panthers,True,12,44,44.0,1488.0,65.0,27.0,41.0,174.0,1350.0,360.0,3.0,32.0,32.93,165.0,3.6,12.0,397.0,215.0,15.0,19.0,641.0,0.0,73.0,8.0,11.0,6.0,2.0,83.3,379.0,58.0,1.0,18.0,15.0,1.0,3.0,0.0,8.0,2.0,,,,2.0
20261110880,2026,8,Eels,Sea Eagles,False,18,33,46.0,1469.0,76.0,29.0,38.0,178.0,1461.0,460.0,2.0,24.0,38.47,135.0,3.24,11.0,412.0,223.0,16.0,19.0,729.0,0.0,40.0,6.0,15.0,4.0,2.0,85.48,365.0,32.0,,30.0,14.0,3.0,4.0,2.0,8.0,2.0,1.0,,,2.0
20261110880,2026,8,Sea Eagles,Eels,True,33,18,54.0,1726.0,87.0,43.0,49.0,194.0,1977.0,626.0,9.0,32.0,40.35,245.0,3.49,16.0,484.0,274.0,22.0,23.0,572.0,2.0,67.0,6.0,9.0,5.0,6.0,87.46,300.0,24.0,,19.0,9.0,4.0,5.0,1.0,8.0,0.0,0.0,,,0.0
20261110910,2026,9,Cowboys,Bulldogs,False,28,12,50.0,1669.0,77.0,34.0,44.0,192.0,1693.0,596.0,6.0,33.0,38.49,104.0,3.24,12.0,448.0,238.0,28.0,22.0,618.0,2.0,53.0,8.0,15.0,6.0,4.0,90.12,374.0,30.0,,11.0,13.0,6.0,3.0,0.0,8.0,,,1.0,,3.0
20261110910,2026,9,Bulldogs,Cowboys,True,12,28,50.0,1673.0,81.0,39.0,48.0,177.0,1612.0,623.0,1.0,30.0,33.6,164.0,3.44,11.0,455.0,247.0,23.0,25.0,736.0,3.0,55.0,6.0,11.0,7.0,5.0,87.95,387.0,33.0,,20.0,12.0,3.0,2.0,1.0,8.0,,,0.0,,0.0
20261110920,2026,9,Storm,Dolphins,False,10,28,42.0,1417.0,71.0,28.0,39.0,151.0,1392.0,433.0,2.0,20.0,35.71,169.0,3.37,11.0,361.0,187.0,6.0,19.0,648.0,1.0,63.0,12.0,19.0,2.0,4.0,90.18,404.0,29.0,1.0,15.0,13.0,4.0,4.0,,8.0,,0.0,,,0.0
20261110920,2026,9,Dolphins,Storm,True,28,10,58.0,1919.0,71.0,33.0,46.0,225.0,2064.0,614.0,8.0,29.0,44.88,278.0,3.53,8.0,511.0,291.0,8.0,23.0,591.0,4.0,67.0,4.0,6.0,10.0,4.0,89.58,318.0,20.0,0.0,17.0,11.0,4.0,4.0,,6.0,,1.0,,,1.0
20261110930,2026,9,Raiders,Titans,False,28,12,54.0,1836.0,83.0,36.0,43.0,201.0,2082.0,724.0,6.0,37.0,48.44,288.0,3.53,7.0,483.0,269.0,26.0,23.0,703.0,,57.0,4.0,7.0,12.0,2.0,88.98,339.0,29.0,1.0,13.0,9.0,8.0,3.0,1.0,7.0,,,,,0.0
20261110930,2026,9,Titans,Raiders,True,12,28,46.0,1584.0,68.0,28.0,41.0,176.0,1622.0,607.0,4.0,29.0,39.58,112.0,3.57,8.0,431.0,235.0,23.0,21.0,737.0,,73.0,11.0,15.0,2.0,3.0,89.58,387.0,37.0,0.0,8.0,14.0,4.0,2.0,0.0,8.0,,,,,1.0
20261110940,2026,9,Warriors,Eels,False,36,14,52.0,1611.0,86.0,38.0,44.0,175.0,1812.0,590.0,8.0,38.0,41.19,217.0,3.52,8.0,424.0,227.0,20.0,20.0,702.0,,44.0,4.0,9.0,5.0,1.0,89.25,332.0,27.0,2.0,13.0,9.0,3.0,8.0,0.0,8.0,0.0,,,,0.0
20261110940,2026,9,Eels,Warriors,True,14,36,48.0,1543.0,70.0,29.0,41.0,168.0,1498.0,514.0,4.0,27.0,36.55,165.0,3.52,7.0,413.0,235.0,20.0,15.0,549.0,,71.0,5.0,7.0,4.0,0.0,86.65,318.0,38.0,1.0,11.0,13.0,8.0,5.0,1.0,8.0,1.0,,,,1.0
20261110950,2026,9,Broncos,Roosters,False,24,38,43.0,1242.0,79.0,27.0,34.0,162.0,1024.0,319.0,5.0,14.0,30.14,89.0,3.56,3.0,356.0,208.0,6.0,14.0,483.0,1.0,33.0,4.0,12.0,3.0,1.0,92.68,342.0,15.0,,12.0,9.0,9.0,6.0,2.0,7.0,1.0,1.0,,,3.0
20261110950,2026,9,Roosters,Broncos,True,38,24,57.0,1640.0,80.0,37.0,46.0,175.0,1508.0,568.0,5.0,15.0,32.79,167.0,3.52,8.0,401.0,220.0,10.0,17.0,319.0,3.0,50.0,3.0,6.0,7.0,6.0,92.91,275.0,14.0,,7.0,12.0,5.0,3.0,3.0,7.0,0.0,0.0,,,0.0
20261110960,2026,9,Rabbitohs,Knights,False,38,42,48.0,1272.0,73.0,28.0,38.0,161.0,1416.0,416.0,5.0,21.0,37.28,148.0,3.42,8.0,380.0,212.0,31.0,17.0,398.0,,100.0,1.0,1.0,2.0,4.0,86.98,274.0,30.0,,11.0,13.0,6.0,1.0,0.0,7.0,0.0,,,,1.0
20261110960,2026,9,Knights,Rabbitohs,True,42,38,52.0,1411.0,67.0,25.0,37.0,159.0,1492.0,393.0,9.0,30.0,40.34,124.0,3.36,10.0,387.0,226.0,42.0,11.0,405.0,,62.0,5.0,8.0,0.0,1.0,90.37,291.0,21.0,,10.0,12.0,6.0,1.0,3.0,7.0,1.0,,,,1.0
20261110970,2026,9,Wests Tigers,Sharks,False,10,52,37.0,1166.0,61.0,22.0,36.0,132.0,1266.0,371.0,3.0,25.0,35.18,74.0,3.37,5.0,319.0,174.0,17.0,13.0,404.0,0.0,42.0,8.0,19.0,3.0,1.0,91.61,426.0,29.0,0.0,10.0,17.0,3.0,5.0,0.0,8.0,,,,,0.0
20261110970,2026,9,Sharks,Wests Tigers,True,52,10,63.0,1942.0,80.0,40.0,50.0,195.0,2112.0,770.0,5.0,29.0,42.24,283.0,3.51,7.0,464.0,245.0,26.0,27.0,618.0,6.0,60.0,3.0,5.0,13.0,8.0,85.81,254.0,25.0,3.0,17.0,13.0,3.0,2.0,1.0,8.0,,,,,2.0
20261110980,2026,9,Sea Eagles,Panthers,False,16,18,45.0,1576.0,81.0,30.0,37.0,173.0,1355.0,528.0,4.0,14.0,36.64,113.0,3.38,7.0,448.0,249.0,4.0,24.0,821.0,,50.0,7.0,14.0,3.0,2.0,87.09,371.0,38.0,3.0,17.0,12.0,3.0,4.0,2.0,6.0,,0.0,,,1.0
20261110980,2026,9,Panthers,Sea Eagles,True,18,16,55.0,1951.0,76.0,35.0,46.0,227.0,1813.0,547.0,5.0,38.0,39.43,239.0,3.53,9.0,526.0,298.0,31.0,24.0,540.0,,83.0,5.0,6.0,7.0,8.0,93.39,353.0,14.0,0.0,11.0,14.0,3.0,1.0,1.0,8.0,,1.0,,,0.0
20261111010,2026,10,Bulldogs,Dolphins,False,12,44,44.0,1260.0,75.0,25.0,33.0,144.0,1385.0,508.0,3.0,18.0,41.98,196.0,3.34,6.0,356.0,213.0,12.0,13.0,373.0,2.0,40.0,2.0,5.0,3.0,4.0,88.24,360.0,40.0,,8.0,10.0,8.0,5.0,1.0,8.0,,1.0,,,2.0
20261111010,2026,10,Dolphins,Bulldogs,True,44,12,56.0,1571.0,88.0,39.0,44.0,175.0,1706.0,530.0,9.0,40.0,38.78,159.0,3.31,5.0,438.0,253.0,26.0,18.0,595.0,1.0,57.0,4.0,7.0,6.0,2.0,91.59,305.0,18.0,,10.0,5.0,10.0,2.0,0.0,7.0,,1.0,,,1.0
20261111020,2026,10,Titans,Roosters,False,12,28,47.0,1688.0,78.0,32.0,41.0,193.0,1804.0,623.0,6.0,29.0,44.01,157.0,3.34,11.0,456.0,253.0,24.0,23.0,762.0,,54.0,13.0,24.0,4.0,4.0,87.45,404.0,37.0,1.0,21.0,12.0,2.0,4.0,1.0,7.0,,,,,
20261111020,2026,10,Roosters,Titans,True,28,12,53.0,1872.0,86.0,39.0,45.0,225.0,2311.0,815.0,4.0,37.0,51.36,224.0,3.39,15.0,498.0,266.0,22.0,28.0,649.0,,60.0,3.0,5.0,10.0,7.0,88.89,360.0,29.0,0.0,16.0,7.0,6.0,2.0,1.0,7.0,,,,,
20261111030,2026,10,Eels,Cowboys,False,33,30,55.0,1827.0,91.0,43.0,47.0,198.0,2068.0,625.0,7.0,33.0,44.01,207.0,3.41,5.0,499.0,277.0,9.0,26.0,901.0,1.0,62.0,5.0,8.0,7.0,2.0,84.51,300.0,42.0,1.0,13.0,6.0,0.0,3.0,0.0,9.0,,,,,2.0
20261111030,2026,10,Cowboys,Eels,True,30,33,45.0,1509.0,71.0,28.0,39.0,184.0,2011.0,598.0,9.0,42.0,51.56,248.0,3.38,9.0,400.0,204.0,5.0,17.0,595.0,0.0,50.0,5.0,10.0,6.0,1.0,90.1,373.0,33.0,0.0,8.0,18.0,4.0,2.0,1.0,9.0,,,,,3.0
20261111040,2026,10,Knights,Dragons,False,44,10,53.0,1659.0,80.0,34.0,42.0,190.0,2052.0,552.0,14.0,35.0,48.88,286.0,3.85,9.0,430.0,247.0,27.0,18.0,589.0,,40.0,4.0,10.0,6.0,1.0,89.37,311.0,21.0,1.0,16.0,10.0,5.0,2.0,,8.0,1.0,,,,
20261111040,2026,10,Dragons,Knights,True,10,44,47.0,1472.0,79.0,27.0,34.0,171.0,1416.0,509.0,0.0,21.0,41.66,140.0,3.41,12.0,415.0,231.0,13.0,21.0,601.0,,60.0,6.0,10.0,6.0,3.0,87.82,346.0,35.0,1.0,13.0,13.0,3.0,3.0,,7.0,0.0,,,,
20261111050,2026,10,Sharks,Rabbitohs,False,12,36,47.0,1502.0,80.0,33.0,41.0,176.0,1582.0,491.0,3.0,35.0,38.6,208.0,3.21,12.0,405.0,218.0,21.0,22.0,677.0,,100.0,5.0,5.0,8.0,3.0,93.01,386.0,26.0,,3.0,11.0,8.0,2.0,3.0,7.0,1.0,,,,
20261111050,2026,10,Rabbitohs,Sharks,True,36,12,53.0,1727.0,88.0,40.0,45.0,205.0,1700.0,486.0,6.0,26.0,37.79,125.0,3.54,2.0,463.0,260.0,26.0,24.0,901.0,,83.0,10.0,12.0,3.0,3.0,85.56,320.0,35.0,,19.0,6.0,3.0,6.0,0.0,6.0,3.0,,,,
20261111060,2026,10,Broncos,Sea Eagles,False,4,32,39.0,1224.0,55.0,21.0,38.0,135.0,1069.0,415.0,1.0,13.0,28.13,61.0,3.47,5.0,340.0,195.0,8.0,12.0,365.0,2.0,64.0,7.0,11.0,0.0,2.0,87.41,375.0,40.0,2.0,14.0,20.0,7.0,4.0,1.0,7.0,1.0,1.0,0.0,,0.0
20261111060,2026,10,Sea Eagles,Broncos,True,32,4,61.0,1869.0,77.0,34.0,44.0,206.0,1987.0,686.0,7.0,40.0,45.18,181.0,3.6,9.0,488.0,285.0,8.0,22.0,518.0,0.0,100.0,1.0,1.0,8.0,2.0,92.11,245.0,13.0,0.0,8.0,13.0,7.0,1.0,2.0,8.0,0.0,1.0,1.0,,1.0
20261111070,2026,10,Wests Tigers,Storm,False,16,44,50.0,1592.0,90.0,30.0,33.0,206.0,1606.0,475.0,5.0,33.0,48.68,142.0,3.72,21.0,478.0,287.0,47.0,18.0,417.0,1.0,40.0,2.0,5.0,8.0,2.0,84.58,340.0,47.0,0.0,15.0,6.0,6.0,6.0,3.0,8.0,1.0,,,,2.0
20261111070,2026,10,Storm,Wests Tigers,True,44,16,50.0,1574.0,83.0,40.0,48.0,189.0,1713.0,509.0,7.0,47.0,35.7,140.0,3.25,12.0,415.0,223.0,30.0,16.0,484.0,2.0,43.0,6.0,14.0,2.0,0.0,83.06,309.0,33.0,1.0,30.0,9.0,2.0,4.0,0.0,8.0,0.0,,,,1.0
20261111080,2026,10,Panthers,Raiders,False,30,18,49.0,1640.0,82.0,33.0,40.0,192.0,1827.0,586.0,6.0,34.0,45.7,240.0,3.14,10.0,435.0,221.0,9.0,23.0,735.0,1.0,67.0,10.0,15.0,7.0,1.0,88.97,379.0,33.0,0.0,14.0,8.0,6.0,2.0,1.0,7.0,0.0,,,,1.0
20261111080,2026,10,Raiders,Panthers,True,18,30,51.0,1680.0,80.0,33.0,41.0,189.0,1637.0,592.0,4.0,33.0,39.94,169.0,3.35,10.0,448.0,248.0,19.0,25.0,807.0,2.0,60.0,6.0,10.0,6.0,4.0,88.52,370.0,34.0,1.0,14.0,9.0,0.0,4.0,1.0,8.0,1.0,,,,0.0
20261111110,2026,11,Bulldogs,Sharks,False,16,38,51.0,1604.0,76.0,32.0,42.0,182.0,1606.0,456.0,5.0,35.0,38.25,183.0,3.31,7.0,451.0,256.0,26.0,20.0,631.0,3.0,38.0,5.0,13.0,8.0,4.0,92.15,364.0,16.0,,15.0,12.0,5.0,3.0,2.0,7.0,,,,,0.0
20261111110,2026,11,Sharks,Bulldogs,True,38,16,49.0,1571.0,86.0,39.0,45.0,181.0,1536.0,517.0,4.0,16.0,34.14,167.0,3.39,10.0,414.0,208.0,16.0,26.0,815.0,2.0,69.0,9.0,13.0,9.0,2.0,87.98,344.0,35.0,,12.0,13.0,1.0,4.0,1.0,8.0,,,,,1.0
20261111120,2026,11,Dolphins,Rabbitohs,False,32,10,49.0,1549.0,79.0,34.0,43.0,188.0,1773.0,558.0,7.0,29.0,41.23,192.0,3.43,8.0,429.0,237.0,10.0,20.0,712.0,1.0,62.0,5.0,8.0,6.0,2.0,85.92,360.0,36.0,1.0,23.0,13.0,4.0,8.0,2.0,8.0,,,,,1.0
20261111120,2026,11,Rabbitohs,Dolphins,True,10,32,51.0,1641.0,70.0,33.0,47.0,200.0,1684.0,602.0,4.0,36.0,35.85,155.0,3.46,14.0,459.0,266.0,9.0,13.0,358.0,2.0,67.0,6.0,9.0,1.0,5.0,87.94,328.0,29.0,0.0,16.0,15.0,5.0,5.0,2.0,8.0,,,,,0.0
20261111130,2026,11,Sea Eagles,Wests Tigers,False,46,18,53.0,1669.0,80.0,36.0,45.0,197.0,2114.0,571.0,14.0,38.0,46.98,255.0,3.83,5.0,448.0,254.0,34.0,20.0,447.0,0.0,80.0,4.0,5.0,9.0,3.0,84.55,290.0,28.0,0.0,25.0,14.0,6.0,2.0,1.0,8.0,1.0,0.0,,,1.0
20261111130,2026,11,Wests Tigers,Sea Eagles,True,18,46,47.0,1491.0,74.0,29.0,39.0,182.0,1572.0,515.0,3.0,28.0,40.32,105.0,3.45,16.0,434.0,249.0,32.0,18.0,585.0,2.0,53.0,8.0,15.0,0.0,3.0,86.96,340.0,38.0,2.0,13.0,11.0,5.0,4.0,4.0,8.0,0.0,1.0,,,1.0
20261111140,2026,11,Cowboys,Roosters,False,18,12,52.0,1820.0,91.0,44.0,48.0,206.0,1539.0,514.0,2.0,26.0,32.08,79.0,3.4,8.0,461.0,233.0,26.0,29.0,1033.0,1.0,50.0,7.0,14.0,5.0,4.0,84.3,333.0,47.0,1.0,15.0,5.0,7.0,6.0,2.0,8.0,0.0,2.0,,,2.0
20261111140,2026,11,Roosters,Cowboys,True,12,18,48.0,1712.0,70.0,35.0,50.0,200.0,1960.0,663.0,3.0,47.0,39.21,287.0,3.3,12.0,467.0,261.0,48.0,21.0,522.0,0.0,50.0,6.0,12.0,8.0,5.0,91.1,399.0,26.0,0.0,13.0,18.0,5.0,5.0,0.0,8.0,1.0,0.0,,,0.0
20261111150,2026,11,Storm,Eels,False,34,8,52.0,1636.0,71.0,35.0,49.0,203.0,2026.0,667.0,8.0,47.0,41.36,296.0,3.38,12.0,438.0,232.0,13.0,19.0,451.0,0.0,73.0,11.0,15.0,9.0,2.0,89.36,319.0,28.0,,10.0,16.0,7.0,3.0,,8.0,,,,,1.0
20261111150,2026,11,Eels,Storm,True,8,34,48.0,1524.0,77.0,34.0,44.0,181.0,1496.0,525.0,4.0,28.0,34.0,97.0,3.34,5.0,452.0,262.0,8.0,23.0,591.0,1.0,60.0,9.0,15.0,6.0,4.0,84.06,348.0,47.0,,19.0,16.0,4.0,3.0,,8.0,,,,,2.0
20261111160,2026,11,Knights,Titans,False,36,12,51.0,1666.0,79.0,34.0,43.0,194.0,2000.0,540.0,7.0,32.0,46.51,153.0,3.69,10.0,462.0,259.0,50.0,22.0,589.0,2.0,56.0,5.0,9.0,7.0,4.0,87.47,328.0,26.0,2.0,21.0,13.0,6.0,2.0,1.0,8.0,,,,,
20261111160,2026,11,Titans,Knights,True,12,36,49.0,1653.0,63.0,26.0,41.0,184.0,1637.0,508.0,5.0,26.0,39.94,156.0,3.42,13.0,459.0,267.0,29.0,15.0,452.0,2.0,50.0,6.0,12.0,5.0,3.0,87.34,331.0,32.0,0.0,16.0,17.0,3.0,1.0,0.0,7.0,,,,,
20261111170,2026,11,Broncos,Warriors,False,12,42,45.0,1475.0,81.0,31.0,38.0,153.0,1348.0,386.0,4.0,31.0,35.49,131.0,3.75,3.0,355.0,200.0,22.0,17.0,513.0,2.0,50.0,3.0,6.0,3.0,3.0,88.67,368.0,30.0,2.0,17.0,11.0,13.0,3.0,2.0,6.0,2.0,1.0,,,1.0
20261111170,2026,11,Warriors,Broncos,True,42,12,55.0,1794.0,87.0,42.0,48.0,189.0,1768.0,501.0,6.0,30.0,36.85,212.0,3.61,7.0,438.0,237.0,16.0,19.0,587.0,1.0,75.0,6.0,8.0,3.0,1.0,89.55,300.0,31.0,1.0,4.0,11.0,5.0,2.0,1.0,8.0,0.0,1.0,,,2.0
20261111180,2026,11,Dragons,Panthers,False,6,28,47.0,1727.0,76.0,33.0,43.0,198.0,1723.0,631.0,3.0,36.0,40.09,189.0,3.4,12.0,472.0,249.0,1.0,23.0,788.0,0.0,57.0,12.0,21.0,8.0,0.0,90.72,440.0,33.0,1.0,12.0,10.0,2.0,3.0,2.0,8.0,,,,,
20261111180,2026,11,Panthers,Dragons,True,28,6,53.0,1942.0,85.0,41.0,48.0,224.0,2042.0,731.0,6.0,33.0,42.56,261.0,3.26,9.0,513.0,269.0,7.0,36.0,995.0,4.0,70.0,7.0,10.0,9.0,8.0,87.63,411.0,36.0,0.0,22.0,10.0,2.0,5.0,0.0,8.0,,,,,
20261111210,2026,12,Dolphins,Raiders,False,30,22,53.0,1684.0,79.0,35.0,44.0,187.0,1827.0,583.0,7.0,25.0,41.53,280.0,3.35,5.0,443.0,248.0,16.0,19.0,544.0,5.0,38.0,5.0,13.0,9.0,2.0,91.98,344.0,23.0,,7.0,11.0,2.0,6.0,0.0,6.0,,,,,
20261111210,2026,12,Raiders,Dolphins,True,22,30,47.0,1494.0,77.0,31.0,40.0,151.0,1358.0,464.0,3.0,23.0,33.97,168.0,3.45,5.0,399.0,223.0,21.0,22.0,749.0,3.0,50.0,4.0,8.0,3.0,5.0,90.77,364.0,25.0,,12.0,11.0,5.0,3.0,2.0,6.0,,,,,
20261111220,2026,12,Storm,Bulldogs,False,20,30,44.0,1508.0,71.0,28.0,39.0,167.0,1530.0,499.0,3.0,36.0,39.23,128.0,3.51,3.0,375.0,192.0,8.0,23.0,784.0,0.0,77.0,10.0,13.0,6.0,1.0,81.47,378.0,52.0,0.0,34.0,11.0,1.0,5.0,0.0,8.0,,,,,0.0
20261111220,2026,12,Bulldogs,Storm,True,30,20,56.0,1814.0,81.0,36.0,44.0,218.0,2088.0,647.0,8.0,52.0,47.46,199.0,3.25,17.0,491.0,268.0,27.0,22.0,664.0,2.0,62.0,5.0,8.0,7.0,4.0,89.72,358.0,36.0,1.0,5.0,9.0,4.0,0.0,2.0,7.0,,,,,1.0
20261111230,2026,12,Warriors,Dragons,False,30,12,47.0,1569.0,70.0,31.0,44.0,180.0,1790.0,566.0,6.0,25.0,40.69,232.0,3.72,5.0,398.0,207.0,20.0,15.0,495.0,1.0,44.0,4.0,9.0,8.0,0.0,89.2,388.0,30.0,1.0,17.0,15.0,4.0,7.0,1.0,7.0,1.0,,,,1.0
20261111230,2026,12,Dragons,Warriors,True,12,30,53.0,1769.0,68.0,30.0,44.0,192.0,1689.0,556.0,2.0,30.0,38.39,62.0,3.59,12.0,475.0,267.0,28.0,17.0,537.0,1.0,50.0,4.0,8.0,4.0,4.0,91.75,378.0,25.0,0.0,9.0,15.0,4.0,6.0,0.0,7.0,0.0,,,,0.0
20261111240,2026,12,Titans,Sea Eagles,False,10,12,47.0,1709.0,68.0,30.0,44.0,194.0,1548.0,585.0,2.0,28.0,35.19,168.0,3.5,14.0,473.0,262.0,10.0,20.0,612.0,1.0,48.0,12.0,25.0,6.0,3.0,90.67,379.0,24.0,,15.0,18.0,3.0,3.0,1.0,7.0,,,,,2.0
20261111240,2026,12,Sea Eagles,Titans,True,12,10,53.0,1881.0,86.0,40.0,46.0,197.0,1636.0,600.0,3.0,24.0,35.57,212.0,3.58,8.0,511.0,293.0,12.0,30.0,753.0,1.0,78.0,7.0,9.0,14.0,2.0,87.47,335.0,28.0,,20.0,10.0,4.0,4.0,1.0,8.0,,,,,1.0
20261111250,2026,12,Rabbitohs,Cowboys,False,18,30,49.0,1582.0,71.0,30.0,42.0,189.0,1855.0,597.0,7.0,36.0,44.18,193.0,3.51,9.0,431.0,236.0,14.0,20.0,558.0,2.0,69.0,9.0,13.0,4.0,5.0,84.63,358.0,39.0,0.0,26.0,15.0,2.0,2.0,,8.0,,,0.0,,1.0
20261111250,2026,12,Cowboys,Rabbitohs,True,30,18,51.0,1651.0,75.0,31.0,41.0,196.0,1828.0,511.0,6.0,39.0,44.6,148.0,3.03,14.0,453.0,246.0,22.0,23.0,711.0,0.0,44.0,4.0,9.0,8.0,3.0,87.12,318.0,36.0,2.0,11.0,9.0,6.0,2.0,,8.0,,,1.0,,2.0
20261111310,2026,13,Sea Eagles,Sharks,False,22,28,48.0,1606.0,75.0,31.0,41.0,165.0,1397.0,468.0,4.0,23.0,34.09,146.0,3.63,11.0,406.0,221.0,24.0,16.0,730.0,0.0,67.0,8.0,12.0,1.0,2.0,89.18,379.0,27.0,1.0,19.0,15.0,5.0,8.0,0.0,8.0,1.0,,1.0,,0.0
20261111310,2026,13,Sharks,Sea Eagles,True,28,22,52.0,1723.0,95.0,43.0,45.0,191.0,1663.0,525.0,4.0,27.0,36.97,197.0,3.32,12.0,437.0,228.0,27.0,24.0,696.0,2.0,67.0,2.0,3.0,10.0,3.0,88.69,353.0,23.0,0.0,22.0,7.0,3.0,4.0,1.0,7.0,0.0,,0.0,,2.0
20261111320,2026,13,Eels,Knights,False,22,28,54.0,1614.0,71.0,30.0,42.0,193.0,1686.0,509.0,4.0,27.0,40.15,158.0,3.39,15.0,494.0,297.0,22.0,20.0,571.0,1.0,83.0,5.0,6.0,6.0,5.0,82.69,277.0,41.0,2.0,17.0,13.0,3.0,3.0,0.0,7.0,1.0,,,,
20261111320,2026,13,Knights,Eels,True,28,22,46.0,1420.0,73.0,28.0,38.0,161.0,1560.0,455.0,6.0,41.0,41.07,152.0,3.56,9.0,379.0,208.0,44.0,17.0,536.0,0.0,54.0,7.0,13.0,4.0,3.0,84.73,333.0,27.0,0.0,33.0,12.0,6.0,3.0,1.0,7.0,0.0,,,,
20261111330,2026,13,Bulldogs,Wests Tigers,False,16,22,53.0,1877.0,84.0,38.0,45.0,207.0,1922.0,593.0,6.0,56.0,42.71,271.0,3.57,14.0,471.0,256.0,26.0,20.0,569.0,1.0,50.0,6.0,12.0,11.0,0.0,85.02,352.0,39.0,,23.0,8.0,6.0,0.0,1.0,8.0,0.0,,,,0.0
20261111330,2026,13,Wests Tigers,Bulldogs,True,22,16,47.0,1669.0,89.0,35.0,39.0,184.0,1579.0,555.0,4.0,39.0,40.49,126.0,3.41,13.0,414.0,209.0,14.0,27.0,907.0,0.0,73.0,11.0,15.0,7.0,2.0,83.57,407.0,56.0,,24.0,8.0,4.0,4.0,0.0,8.0,1.0,,,,3.0
20261111340,2026,13,Roosters,Storm,False,4,18,42.0,1391.0,61.0,24.0,39.0,176.0,1564.0,612.0,3.0,20.0,40.12,108.0,3.45,7.0,407.0,234.0,26.0,12.0,301.0,0.0,48.0,10.0,21.0,4.0,3.0,85.88,377.0,42.0,0.0,20.0,18.0,8.0,2.0,3.0,8.0,,1.0,,,1.0
20261111340,2026,13,Storm,Roosters,True,18,4,58.0,1932.0,91.0,41.0,45.0,205.0,1864.0,555.0,7.0,42.0,41.43,135.0,3.54,14.0,479.0,265.0,13.0,28.0,662.0,3.0,80.0,4.0,5.0,6.0,8.0,91.14,319.0,20.0,1.0,11.0,9.0,4.0,6.0,1.0,7.0,,0.0,,,0.0
20261111350,2026,13,Dragons,Broncos,False,30,26,49.0,1646.0,81.0,30.0,37.0,198.0,1908.0,551.0,3.0,36.0,51.58,176.0,3.31,9.0,432.0,222.0,13.0,24.0,675.0,0.0,55.0,6.0,11.0,10.0,4.0,89.35,344.0,28.0,2.0,13.0,11.0,7.0,2.0,2.0,8.0,0.0,,,,3.0
20261111350,2026,13,Broncos,Dragons,True,26,30,51.0,1751.0,68.0,32.0,47.0,202.0,1971.0,535.0,6.0,28.0,41.95,199.0,3.68,7.0,479.0,282.0,30.0,21.0,661.0,2.0,50.0,8.0,16.0,4.0,2.0,86.25,345.0,36.0,1.0,19.0,16.0,2.0,1.0,2.0,8.0,1.0,,,,0.0
20261111360,2026,13,Cowboys,Raiders,False,12,26,49.0,1661.0,76.0,30.0,39.0,205.0,1828.0,557.0,4.0,45.0,46.87,146.0,3.33,15.0,454.0,250.0,13.0,23.0,535.0,2.0,58.0,7.0,12.0,4.0,7.0,79.95,319.0,52.0,0.0,28.0,11.0,4.0,5.0,1.0,7.0,0.0,,,,
20261111360,2026,13,Raiders,Cowboys,True,26,12,51.0,1748.0,80.0,36.0,45.0,191.0,2004.0,651.0,7.0,52.0,44.54,221.0,3.53,17.0,442.0,241.0,26.0,18.0,490.0,2.0,88.0,7.0,8.0,7.0,4.0,81.09,313.0,45.0,1.0,28.0,13.0,7.0,1.0,1.0,7.0,1.0,,,,
20261111370,2026,13,Warriors,Panthers,False,18,20,50.0,1725.0,89.0,35.0,39.0,206.0,1638.0,595.0,4.0,40.0,42.01,174.0,3.49,7.0,471.0,263.0,5.0,22.0,695.0,0.0,60.0,6.0,10.0,8.0,0.0,88.73,378.0,34.0,,14.0,8.0,4.0,1.0,0.0,8.0,,,,,2.0
20261111370,2026,13,Panthers,Warriors,True,20,18,50.0,1750.0,92.0,36.0,39.0,205.0,1718.0,599.0,6.0,34.0,44.07,166.0,3.35,10.0,475.0,257.0,9.0,24.0,705.0,1.0,53.0,9.0,17.0,9.0,2.0,88.19,381.0,40.0,,11.0,8.0,4.0,5.0,3.0,8.0,,,,,0.0
20261111410,2026,14,Rabbitohs,Sea Eagles,False,14,28,45.0,1409.0,77.0,31.0,40.0,167.0,1305.0,383.0,4.0,29.0,32.65,126.0,3.47,6.0,399.0,222.0,10.0,18.0,611.0,0.0,64.0,7.0,11.0,6.0,1.0,88.8,349.0,37.0,0.0,7.0,10.0,10.0,4.0,1.0,7.0,,0.0,2.0,,1.0
20261111410,2026,14,Sea Eagles,Rabbitohs,True,28,14,55.0,1730.0,75.0,34.0,45.0,203.0,1811.0,605.0,4.0,37.0,40.26,158.0,3.36,7.0,482.0,288.0,34.0,17.0,507.0,2.0,60.0,6.0,10.0,7.0,2.0,88.0,286.0,29.0,1.0,10.0,13.0,5.0,3.0,1.0,8.0,,1.0,0.0,,1.0
20261111420,2026,14,Knights,Storm,False,30,32,44.0,1454.0,71.0,27.0,38.0,179.0,1717.0,523.0,9.0,33.0,45.2,210.0,3.55,15.0,407.0,227.0,22.0,18.0,502.0,0.0,43.0,9.0,21.0,6.0,3.0,88.41,389.0,36.0,,15.0,16.0,3.0,1.0,0.0,8.0,1.0,,0.0,,1.0
20261111420,2026,14,Storm,Knights,True,32,30,56.0,1888.0,90.0,37.0,41.0,206.0,1823.0,618.0,5.0,36.0,44.47,139.0,3.68,12.0,493.0,282.0,32.0,28.0,703.0,3.0,46.0,6.0,13.0,7.0,7.0,84.19,277.0,33.0,,19.0,6.0,3.0,4.0,1.0,7.0,0.0,,1.0,,1.0
20261111430,2026,14,Roosters,Raiders,False,26,0,51.0,1715.0,80.0,38.0,47.0,190.0,1910.0,721.0,6.0,34.0,40.65,211.0,3.41,9.0,460.0,244.0,5.0,27.0,902.0,3.0,82.0,9.0,11.0,7.0,3.0,85.71,354.0,30.0,1.0,29.0,13.0,6.0,3.0,,8.0,,,1.0,,1.0
20261111430,2026,14,Raiders,Roosters,True,0,26,49.0,1721.0,73.0,31.0,42.0,202.0,1632.0,552.0,1.0,30.0,38.86,112.0,3.49,17.0,440.0,245.0,14.0,20.0,541.0,1.0,56.0,5.0,9.0,4.0,5.0,88.41,351.0,34.0,0.0,12.0,14.0,4.0,2.0,,8.0,,,0.0,,0.0
20261111440,2026,14,Dolphins,Cowboys,False,40,14,55.0,1805.0,83.0,40.0,48.0,204.0,2050.0,711.0,7.0,49.0,42.71,227.0,3.44,15.0,483.0,261.0,19.0,21.0,535.0,2.0,67.0,6.0,9.0,9.0,3.0,91.84,315.0,18.0,1.0,10.0,11.0,8.0,0.0,0.0,8.0,0.0,,,,1.0
20261111440,2026,14,Cowboys,Dolphins,True,14,40,45.0,1498.0,78.0,30.0,38.0,160.0,1363.0,502.0,4.0,18.0,35.89,125.0,3.53,5.0,407.0,241.0,39.0,19.0,603.0,0.0,50.0,8.0,16.0,6.0,2.0,84.97,390.0,49.0,0.0,20.0,11.0,5.0,3.0,1.0,7.0,1.0,,,,3.0
20261111450,2026,14,Titans,Broncos,False,28,23,48.0,1600.0,74.0,32.0,43.0,176.0,1800.0,612.0,5.0,29.0,41.88,156.0,3.57,5.0,404.0,214.0,19.0,22.0,642.0,1.0,53.0,8.0,15.0,5.0,3.0,86.78,348.0,37.0,0.0,16.0,13.0,2.0,4.0,,7.0,0.0,,,,0.0
20261111450,2026,14,Broncos,Titans,True,23,28,52.0,1719.0,84.0,38.0,45.0,200.0,1916.0,692.0,8.0,37.0,42.59,208.0,3.45,8.0,467.0,258.0,30.0,25.0,764.0,2.0,57.0,8.0,14.0,6.0,3.0,89.86,328.0,29.0,1.0,8.0,10.0,5.0,1.0,,7.0,1.0,,,,1.0
20261111460,2026,14,Panthers,Wests Tigers,False,68,0,64.0,2008.0,87.0,41.0,47.0,246.0,2350.0,608.0,15.0,46.0,50.0,267.0,3.32,14.0,552.0,318.0,49.0,21.0,461.0,2.0,78.0,7.0,9.0,6.0,4.0,90.82,267.0,11.0,1.0,16.0,7.0,1.0,3.0,0.0,7.0,0.0,,,,
20261111460,2026,14,Wests Tigers,Panthers,True,0,68,36.0,1151.0,75.0,21.0,28.0,124.0,900.0,304.0,1.0,11.0,32.15,53.0,3.64,10.0,305.0,159.0,17.0,18.0,558.0,0.0,50.0,7.0,14.0,6.0,1.0,85.65,412.0,46.0,1.0,23.0,10.0,4.0,5.0,3.0,7.0,1.0,,,,
20261111470,2026,14,Dragons,Sharks,False,12,34,47.0,1535.0,78.0,33.0,42.0,168.0,1406.0,484.0,3.0,30.0,33.49,204.0,3.5,6.0,400.0,205.0,10.0,26.0,918.0,2.0,50.0,5.0,10.0,8.0,3.0,87.09,371.0,28.0,0.0,27.0,11.0,1.0,1.0,,8.0,1.0,,,,1.0
20261111470,2026,14,Sharks,Dragons,True,34,12,53.0,1748.0,77.0,34.0,44.0,203.0,1939.0,565.0,9.0,28.0,44.08,249.0,3.49,16.0,464.0,238.0,29.0,23.0,771.0,1.0,73.0,8.0,11.0,7.0,1.0,89.21,339.0,30.0,1.0,11.0,14.0,4.0,0.0,,7.0,0.0,,,,0.0
20261111480,2026,14,Eels,Bulldogs,False,12,14,46.0,1627.0,73.0,31.0,42.0,172.0,1518.0,507.0,4.0,29.0,36.16,127.0,3.46,6.0,425.0,221.0,18.0,27.0,955.0,3.0,59.0,10.0,17.0,7.0,2.0,83.33,375.0,54.0,1.0,21.0,14.0,3.0,2.0,2.0,8.0,0.0,,,,1.0
20261111480,2026,14,Bulldogs,Eels,True,14,12,54.0,1846.0,76.0,35.0,46.0,224.0,2006.0,675.0,7.0,54.0,43.61,252.0,3.42,12.0,509.0,279.0,37.0,26.0,749.0,2.0,50.0,6.0,12.0,6.0,6.0,89.47,323.0,29.0,0.0,9.0,12.0,1.0,2.0,0.0,6.0,1.0,,,,1.0
20261111510,2026,15,Broncos,Rabbitohs,False,6,48,40.0,1296.0,68.0,24.0,35.0,156.0,1368.0,434.0,2.0,15.0,39.09,144.0,3.3,6.0,378.0,209.0,24.0,20.0,605.0,1.0,43.0,6.0,14.0,9.0,1.0,89.51,418.0,34.0,1.0,15.0,14.0,3.0,2.0,,7.0,,,,,1.0
20261111510,2026,15,Rabbitohs,Broncos,True,48,6,60.0,1948.0,82.0,38.0,46.0,227.0,1986.0,639.0,7.0,34.0,43.17,179.0,3.47,10.0,547.0,306.0,16.0,28.0,738.0,1.0,69.0,9.0,13.0,7.0,4.0,90.82,267.0,15.0,0.0,12.0,10.0,2.0,0.0,,8.0,,,,,1.0
20261111520,2026,15,Roosters,Dolphins,False,10,48,47.0,1626.0,80.0,33.0,41.0,172.0,1604.0,548.0,4.0,34.0,39.12,262.0,3.42,4.0,406.0,214.0,29.0,24.0,942.0,,50.0,9.0,18.0,5.0,2.0,89.57,421.0,35.0,2.0,14.0,9.0,5.0,1.0,,8.0,,,,,0.0
20261111520,2026,15,Dolphins,Roosters,True,48,10,53.0,1859.0,86.0,40.0,46.0,220.0,2185.0,655.0,10.0,35.0,47.52,330.0,3.27,9.0,480.0,250.0,13.0,28.0,845.0,,33.0,3.0,9.0,10.0,3.0,90.27,371.0,34.0,0.0,6.0,9.0,2.0,4.0,,8.0,,,,,1.0
20261111530,2026,15,Sharks,Warriors,False,10,8,55.0,1955.0,84.0,39.0,46.0,201.0,1535.0,490.0,2.0,35.0,33.38,172.0,3.88,10.0,471.0,241.0,19.0,28.0,782.0,5.0,50.0,4.0,8.0,7.0,6.0,92.0,391.0,24.0,,10.0,10.0,6.0,2.0,4.0,8.0,,,,,1.0
20261111530,2026,15,Warriors,Sharks,True,8,10,45.0,1594.0,79.0,34.0,43.0,177.0,1414.0,423.0,2.0,24.0,32.9,164.0,3.2,7.0,421.0,207.0,7.0,26.0,795.0,0.0,62.0,8.0,13.0,8.0,1.0,88.53,386.0,35.0,,15.0,14.0,6.0,1.0,2.0,8.0,,,,,0.0
20261111540,2026,15,Raiders,Eels,False,12,15,51.0,1746.0,76.0,33.0,43.0,179.0,1636.0,615.0,4.0,34.0,38.07,217.0,3.49,8.0,464.0,270.0,48.0,23.0,631.0,4.0,55.0,6.0,11.0,7.0,4.0,88.03,331.0,29.0,0.0,16.0,12.0,6.0,0.0,1.0,8.0,,1.0,,,0.0
20261111540,2026,15,Eels,Raiders,True,15,12,49.0,1632.0,73.0,30.0,41.0,189.0,1664.0,550.0,4.0,29.0,40.59,163.0,3.47,10.0,446.0,248.0,29.0,24.0,605.0,1.0,75.0,9.0,12.0,4.0,4.0,87.89,341.0,34.0,1.0,13.0,11.0,5.0,1.0,0.0,8.0,,0.0,,,4.0
20261111550,2026,15,Titans,Wests Tigers,False,28,36,48.0,1567.0,77.0,28.0,36.0,192.0,1709.0,439.0,6.0,36.0,47.48,170.0,3.55,14.0,422.0,222.0,30.0,22.0,579.0,1.0,42.0,5.0,12.0,8.0,2.0,84.81,335.0,44.0,,16.0,14.0,4.0,2.0,1.0,6.0,0.0,,,,
20261111550,2026,15,Wests Tigers,Titans,True,36,28,52.0,1724.0,90.0,36.0,40.0,198.0,1752.0,539.0,4.0,44.0,43.8,182.0,3.29,14.0,465.0,255.0,24.0,24.0,696.0,0.0,38.0,5.0,13.0,9.0,2.0,85.51,354.0,36.0,,24.0,8.0,1.0,2.0,2.0,7.0,1.0,,,,
20261111610,2026,16,Dragons,Knights,False,20,22,51.0,1739.0,90.0,36.0,40.0,196.0,1816.0,608.0,1.0,43.0,45.42,205.0,3.5,14.0,475.0,263.0,37.0,29.0,852.0,1.0,50.0,8.0,16.0,12.0,5.0,87.6,339.0,37.0,,11.0,11.0,5.0,1.0,0.0,8.0,,,,,
20261111610,2026,16,Knights,Dragons,True,22,20,49.0,1656.0,89.0,33.0,37.0,183.0,1837.0,654.0,3.0,37.0,49.66,166.0,3.54,8.0,445.0,247.0,31.0,27.0,816.0,0.0,40.0,6.0,15.0,9.0,3.0,84.58,362.0,43.0,,23.0,7.0,4.0,1.0,1.0,8.0,,,,,
20261111620,2026,16,Dolphins,Wests Tigers,False,36,22,50.0,1740.0,80.0,32.0,40.0,199.0,1823.0,604.0,6.0,35.0,45.6,139.0,3.59,6.0,443.0,247.0,20.0,19.0,524.0,,54.0,7.0,13.0,8.0,1.0,87.9,356.0,35.0,,14.0,10.0,4.0,3.0,,8.0,,,,,4.0
20261111620,2026,16,Wests Tigers,Dolphins,True,22,36,50.0,1724.0,80.0,33.0,41.0,189.0,1691.0,577.0,3.0,35.0,41.26,142.0,3.46,8.0,466.0,258.0,22.0,21.0,556.0,,64.0,9.0,14.0,7.0,3.0,89.31,376.0,35.0,,10.0,13.0,2.0,1.0,,8.0,,,,,1.0
20261111630,2026,16,Panthers,Titans,False,18,19,55.0,1987.0,82.0,37.0,45.0,220.0,2216.0,770.0,2.0,42.0,49.26,339.0,3.48,19.0,525.0,286.0,22.0,26.0,483.0,5.0,42.0,5.0,12.0,15.0,8.0,87.25,356.0,43.0,,9.0,17.0,1.0,4.0,2.0,7.0,1.0,,,,0.0
20261111630,2026,16,Titans,Panthers,True,19,18,45.0,1665.0,78.0,30.0,38.0,186.0,1675.0,639.0,5.0,43.0,44.09,60.0,3.41,7.0,433.0,235.0,14.0,20.0,605.0,1.0,46.0,11.0,24.0,2.0,3.0,85.03,409.0,42.0,,30.0,10.0,3.0,4.0,1.0,8.0,0.0,,,,1.0
20261111640,2026,16,Sea Eagles,Bulldogs,False,12,13,52.0,1911.0,82.0,38.0,46.0,209.0,1762.0,651.0,7.0,34.0,38.31,158.0,3.49,12.0,537.0,305.0,23.0,30.0,874.0,2.0,67.0,6.0,9.0,5.0,8.0,87.88,348.0,24.0,1.0,24.0,11.0,5.0,4.0,,8.0,1.0,,1.0,,1.0
20261111640,2026,16,Bulldogs,Sea Eagles,True,13,12,48.0,1810.0,78.0,39.0,50.0,215.0,1683.0,596.0,5.0,24.0,33.67,250.0,3.39,13.0,504.0,274.0,18.0,24.0,716.0,1.0,69.0,9.0,13.0,5.0,7.0,88.33,386.0,34.0,0.0,17.0,13.0,3.0,2.0,,9.0,0.0,,0.0,,0.0
20261111650,2026,16,Cowboys,Warriors,False,20,38,44.0,1429.0,78.0,29.0,37.0,163.0,1440.0,406.0,6.0,33.0,38.93,112.0,3.46,10.0,367.0,199.0,13.0,19.0,527.0,,50.0,5.0,10.0,4.0,2.0,89.64,372.0,27.0,1.0,16.0,13.0,7.0,4.0,2.0,7.0,0.0,1.0,1.0,,2.0
20261111650,2026,16,Warriors,Cowboys,True,38,20,56.0,1862.0,80.0,37.0,46.0,216.0,1940.0,607.0,10.0,27.0,42.19,180.0,3.79,13.0,483.0,271.0,32.0,15.0,473.0,,42.0,5.0,12.0,6.0,1.0,86.14,292.0,33.0,1.0,14.0,11.0,6.0,1.0,2.0,8.0,2.0,0.0,0.0,,0.0
20261111660,2026,16,Raiders,Storm,False,20,42,47.0,1502.0,75.0,24.0,32.0,165.0,1405.0,416.0,2.0,37.0,43.93,109.0,3.59,18.0,371.0,196.0,21.0,20.0,537.0,1.0,43.0,6.0,14.0,4.0,5.0,86.73,366.0,44.0,1.0,12.0,9.0,5.0,2.0,1.0,5.0,1.0,,,,0.0
20261111660,2026,16,Storm,Raiders,True,42,20,53.0,1620.0,86.0,31.0,36.0,202.0,1766.0,549.0,7.0,44.0,49.07,155.0,3.62,10.0,422.0,231.0,38.0,22.0,495.0,0.0,50.0,6.0,12.0,13.0,1.0,82.52,288.0,37.0,0.0,24.0,6.0,3.0,1.0,0.0,8.0,0.0,,,,1.0
20261111670,2026,16,Sharks,Roosters,False,8,27,47.0,1513.0,83.0,31.0,37.0,184.0,1458.0,456.0,3.0,20.0,39.41,127.0,3.48,9.0,425.0,239.0,4.0,20.0,574.0,0.0,70.0,7.0,10.0,8.0,1.0,89.43,389.0,20.0,0.0,26.0,9.0,9.0,2.0,2.0,8.0,1.0,,,,
20261111670,2026,16,Roosters,Sharks,True,27,8,53.0,1764.0,84.0,39.0,46.0,204.0,1626.0,569.0,3.0,20.0,35.35,185.0,3.47,18.0,481.0,260.0,15.0,24.0,706.0,1.0,100.0,9.0,9.0,7.0,3.0,89.44,322.0,20.0,1.0,18.0,12.0,4.0,3.0,0.0,7.0,0.0,,,,
20261111710,2026,17,Rabbitohs,Eels,False,32,12,52.0,1661.0,76.0,33.0,43.0,197.0,1849.0,592.0,6.0,40.0,43.01,154.0,3.55,9.0,463.0,267.0,29.0,17.0,517.0,2.0,44.0,4.0,9.0,2.0,2.0,86.82,303.0,24.0,3.0,22.0,12.0,4.0,3.0,0.0,7.0,1.0,,,,3.0
20261111710,2026,17,Eels,Rabbitohs,True,12,32,48.0,1500.0,65.0,27.0,41.0,180.0,1587.0,513.0,3.0,24.0,38.73,123.0,3.22,12.0,455.0,269.0,13.0,16.0,417.0,1.0,50.0,1.0,2.0,4.0,3.0,85.82,333.0,40.0,0.0,15.0,18.0,5.0,1.0,1.0,8.0,0.0,,,,3.0
20261111720,2026,17,Bulldogs,Titans,False,30,12,53.0,1756.0,75.0,33.0,44.0,200.0,1807.0,606.0,5.0,30.0,41.07,256.0,3.46,20.0,476.0,259.0,35.0,22.0,556.0,4.0,54.0,7.0,13.0,11.0,5.0,85.82,345.0,33.0,,24.0,11.0,4.0,1.0,1.0,7.0,,,,,1.0
20261111720,2026,17,Titans,Bulldogs,True,12,30,47.0,1562.0,82.0,33.0,40.0,194.0,1490.0,477.0,4.0,33.0,37.26,78.0,3.29,15.0,454.0,248.0,35.0,22.0,592.0,0.0,71.0,12.0,17.0,4.0,4.0,85.62,387.0,30.0,,35.0,9.0,1.0,1.0,1.0,7.0,,,,,2.0
20261111730,2026,17,Roosters,Broncos,False,24,18,51.0,1639.0,77.0,34.0,44.0,205.0,1799.0,602.0,6.0,36.0,40.9,190.0,3.44,12.0,439.0,242.0,22.0,24.0,501.0,2.0,38.0,3.0,8.0,10.0,6.0,89.84,345.0,27.0,,12.0,13.0,7.0,1.0,4.0,7.0,,,,,
20261111730,2026,17,Broncos,Roosters,True,18,24,49.0,1606.0,84.0,33.0,39.0,173.0,1439.0,504.0,2.0,27.0,36.9,113.0,3.42,7.0,426.0,240.0,9.0,20.0,743.0,0.0,42.0,8.0,19.0,0.0,3.0,86.4,343.0,36.0,,18.0,8.0,7.0,3.0,0.0,8.0,,,,,
20261111740,2026,17,Warriors,Dolphins,False,24,26,51.0,1798.0,80.0,32.0,40.0,195.0,1685.0,530.0,4.0,30.0,42.14,147.0,3.58,6.0,461.0,245.0,22.0,26.0,716.0,,33.0,3.0,9.0,9.0,3.0,86.51,359.0,45.0,,11.0,12.0,2.0,4.0,1.0,8.0,1.0,,,,
20261111740,2026,17,Dolphins,Warriors,True,26,24,49.0,1747.0,77.0,35.0,45.0,198.0,1726.0,540.0,8.0,44.0,38.37,194.0,3.47,8.0,452.0,248.0,18.0,21.0,658.0,,64.0,9.0,14.0,7.0,1.0,90.29,372.0,30.0,,10.0,14.0,0.0,3.0,0.0,8.0,1.0,,,,
20261111750,2026,17,Panthers,Cowboys,False,12,26,45.0,1390.0,64.0,25.0,39.0,157.0,1424.0,555.0,3.0,28.0,36.52,144.0,3.66,9.0,364.0,191.0,28.0,19.0,559.0,0.0,50.0,9.0,18.0,6.0,3.0,91.61,382.0,26.0,0.0,9.0,17.0,5.0,4.0,1.0,8.0,1.0,1.0,,,0.0
20261111750,2026,17,Cowboys,Panthers,True,26,12,55.0,1704.0,77.0,34.0,44.0,186.0,1761.0,634.0,5.0,26.0,40.03,175.0,3.62,5.0,459.0,250.0,25.0,23.0,679.0,1.0,36.0,4.0,11.0,7.0,4.0,88.09,281.0,28.0,1.0,10.0,13.0,1.0,3.0,0.0,7.0,0.0,0.0,,,1.0
20261111760,2026,17,Storm,Sea Eagles,False,4,30,41.0,1391.0,78.0,29.0,37.0,166.0,1511.0,526.0,3.0,25.0,40.85,232.0,3.43,11.0,348.0,177.0,26.0,22.0,529.0,0.0,60.0,6.0,10.0,8.0,5.0,89.98,422.0,37.0,,10.0,9.0,5.0,4.0,0.0,8.0,0.0,1.0,0.0,,
20261111760,2026,17,Sea Eagles,Storm,True,30,4,59.0,1983.0,95.0,41.0,43.0,213.0,1876.0,760.0,6.0,37.0,43.63,161.0,3.66,6.0,502.0,281.0,14.0,30.0,932.0,3.0,69.0,11.0,16.0,3.0,4.0,86.38,279.0,25.0,,19.0,5.0,1.0,6.0,2.0,7.0,1.0,1.0,1.0,,
20261111770,2026,17,Dragons,Raiders,False,16,24,48.0,1657.0,81.0,35.0,43.0,174.0,1603.0,518.0,2.0,26.0,37.28,101.0,3.72,6.0,445.0,248.0,36.0,25.0,741.0,1.0,45.0,5.0,11.0,5.0,4.0,88.34,379.0,31.0,1.0,19.0,16.0,2.0,0.0,,7.0,,,0.0,,2.0
20261111770,2026,17,Raiders,Dragons,True,24,16,52.0,1784.0,70.0,31.0,44.0,188.0,1875.0,584.0,1.0,31.0,42.62,189.0,3.41,11.0,427.0,221.0,33.0,19.0,555.0,1.0,36.0,4.0,11.0,7.0,3.0,89.56,343.0,26.0,0.0,14.0,16.0,4.0,3.0,,6.0,,,1.0,,0.0
20261111780,2026,17,Wests Tigers,Knights,False,6,12,52.0,1886.0,83.0,36.0,43.0,199.0,1822.0,598.0,1.0,26.0,42.37,162.0,4.04,8.0,483.0,274.0,36.0,26.0,618.0,1.0,43.0,3.0,7.0,11.0,6.0,85.95,318.0,41.0,,11.0,14.0,3.0,4.0,0.0,7.0,1.0,,0.0,,
20261111780,2026,17,Knights,Wests Tigers,True,12,6,48.0,1762.0,68.0,31.0,45.0,187.0,1763.0,558.0,5.0,41.0,39.19,122.0,3.93,7.0,455.0,261.0,25.0,21.0,674.0,0.0,54.0,13.0,24.0,4.0,4.0,91.18,393.0,26.0,,12.0,14.0,4.0,6.0,1.0,8.0,0.0,,1.0,,
20261111810,2026,18,Rabbitohs,Panthers,False,14,36,49.0,1753.0,77.0,34.0,44.0,184.0,1615.0,590.0,5.0,32.0,36.71,167.0,3.38,6.0,463.0,265.0,23.0,20.0,588.0,0.0,60.0,12.0,20.0,6.0,3.0,86.07,377.0,44.0,0.0,17.0,13.0,4.0,3.0,1.0,5.0,,1.0,,,0.0
20261111810,2026,18,Panthers,Rabbitohs,True,36,14,51.0,1834.0,86.0,39.0,45.0,211.0,1967.0,648.0,6.0,44.0,43.73,163.0,3.12,14.0,518.0,283.0,22.0,28.0,653.0,2.0,70.0,7.0,10.0,9.0,3.0,89.81,379.0,32.0,1.0,11.0,11.0,4.0,5.0,1.0,8.0,,1.0,,,1.0
20261111820,2026,18,Wests Tigers,Dragons,False,10,24,52.0,1756.0,76.0,29.0,38.0,190.0,1808.0,644.0,2.0,18.0,47.59,112.0,3.7,3.0,459.0,272.0,21.0,26.0,501.0,1.0,22.0,2.0,9.0,12.0,6.0,88.28,339.0,28.0,0.0,17.0,14.0,7.0,4.0,1.0,6.0,2.0,0.0,,,0.0
20261111820,2026,18,Dragons,Wests Tigers,True,24,10,48.0,1645.0,71.0,30.0,42.0,183.0,1736.0,623.0,5.0,28.0,41.35,91.0,3.51,11.0,435.0,239.0,13.0,17.0,408.0,2.0,35.0,7.0,20.0,8.0,2.0,94.55,382.0,18.0,1.0,4.0,17.0,3.0,2.0,0.0,7.0,0.0,1.0,,,1.0
20261111830,2026,18,Sharks,Broncos,False,28,16,53.0,1610.0,78.0,32.0,41.0,185.0,1687.0,596.0,3.0,18.0,41.16,170.0,3.42,9.0,448.0,244.0,7.0,21.0,589.0,,60.0,3.0,5.0,6.0,1.0,91.69,342.0,21.0,1.0,10.0,11.0,10.0,2.0,1.0,8.0,1.0,,,,
20261111830,2026,18,Broncos,Sharks,True,16,28,47.0,1471.0,75.0,34.0,45.0,171.0,1315.0,443.0,3.0,21.0,29.24,147.0,3.44,6.0,388.0,208.0,14.0,18.0,585.0,,57.0,4.0,7.0,4.0,1.0,90.88,329.0,18.0,0.0,15.0,13.0,5.0,1.0,0.0,7.0,0.0,,,,
20261111840,2026,18,Sea Eagles,Eels,False,14,23,47.0,1555.0,65.0,27.0,41.0,187.0,1613.0,506.0,5.0,31.0,39.35,150.0,3.58,10.0,427.0,236.0,28.0,20.0,641.0,1.0,53.0,10.0,19.0,4.0,1.0,84.44,342.0,45.0,1.0,18.0,17.0,4.0,3.0,2.0,8.0,2.0,,,,1.0
20261111840,2026,18,Eels,Sea Eagles,True,23,14,53.0,1702.0,76.0,36.0,47.0,196.0,1675.0,502.0,6.0,45.0,35.65,202.0,3.58,13.0,494.0,280.0,24.0,22.0,548.0,1.0,50.0,6.0,12.0,9.0,2.0,86.91,312.0,31.0,2.0,16.0,14.0,4.0,0.0,2.0,8.0,2.0,,,,1.0
20261111850,2026,18,Dolphins,Knights,False,12,13,47.0,1668.0,75.0,31.0,41.0,202.0,1739.0,539.0,3.0,30.0,42.42,152.0,3.55,11.0,449.0,245.0,18.0,26.0,710.0,1.0,54.0,7.0,13.0,7.0,3.0,87.64,397.0,41.0,,15.0,13.0,3.0,2.0,,8.0,,,0.0,,0.0
20261111850,2026,18,Knights,Dolphins,True,13,12,53.0,1893.0,72.0,32.0,44.0,207.0,1848.0,618.0,2.0,41.0,42.02,222.0,3.74,8.0,489.0,276.0,26.0,23.0,541.0,1.0,71.0,10.0,14.0,8.0,5.0,88.67,360.0,30.0,,16.0,15.0,2.0,2.0,,8.0,,,1.0,,1.0
20261111910,2026,19,Warriors,Wests Tigers,False,32,6,49.0,1674.0,74.0,32.0,43.0,186.0,1878.0,469.0,12.0,41.0,43.67,224.0,3.56,5.0,440.0,245.0,11.0,21.0,456.0,2.0,47.0,7.0,15.0,4.0,5.0,85.47,353.0,38.0,0.0,22.0,16.0,5.0,6.0,1.0,8.0,0.0,0.0,,,
20261111910,2026,19,Wests Tigers,Warriors,True,6,32,51.0,1756.0,84.0,37.0,44.0,178.0,1374.0,503.0,2.0,38.0,31.25,117.0,3.79,16.0,439.0,238.0,9.0,23.0,664.0,2.0,50.0,6.0,12.0,8.0,3.0,87.63,340.0,41.0,1.0,7.0,10.0,5.0,1.0,1.0,6.0,1.0,1.0,,,
20261111920,2026,19,Sharks,Dolphins,False,66,0,59.0,1844.0,91.0,43.0,47.0,210.0,1927.0,632.0,11.0,36.0,41.0,154.0,3.5,12.0,483.0,265.0,18.0,22.0,675.0,,78.0,7.0,9.0,6.0,4.0,85.08,268.0,33.0,1.0,14.0,6.0,6.0,4.0,2.0,8.0,,,,,
20261111920,2026,19,Dolphins,Sharks,True,0,66,41.0,1249.0,69.0,25.0,36.0,140.0,1230.0,359.0,2.0,33.0,34.18,149.0,3.4,6.0,348.0,202.0,21.0,14.0,327.0,,42.0,5.0,12.0,6.0,2.0,87.26,404.0,36.0,0.0,23.0,16.0,4.0,7.0,0.0,8.0,,,,,
20261111930,2026,19,Raiders,Bulldogs,False,40,16,55.0,1691.0,77.0,31.0,40.0,172.0,1562.0,563.0,3.0,28.0,39.06,135.0,3.5,13.0,427.0,233.0,12.0,23.0,607.0,2.0,30.0,3.0,10.0,3.0,5.0,88.69,298.0,24.0,,14.0,10.0,3.0,6.0,,7.0,,,2.0,,0.0
20261111930,2026,19,Bulldogs,Raiders,True,16,40,45.0,1313.0,72.0,26.0,36.0,147.0,1301.0,468.0,4.0,24.0,36.14,58.0,3.8,7.0,372.0,213.0,30.0,14.0,326.0,0.0,29.0,4.0,14.0,5.0,3.0,87.47,342.0,28.0,,21.0,14.0,6.0,1.0,,7.0,,,0.0,,2.0
20261111940,2026,19,Eels,Roosters,False,12,28,42.0,1261.0,69.0,25.0,36.0,160.0,1231.0,436.0,3.0,24.0,34.22,74.0,3.41,9.0,381.0,220.0,8.0,13.0,430.0,1.0,47.0,7.0,15.0,2.0,1.0,87.89,392.0,40.0,1.0,14.0,18.0,4.0,5.0,1.0,8.0,,,,,1.0
20261111940,2026,19,Roosters,Eels,True,28,12,58.0,1766.0,75.0,36.0,48.0,215.0,1790.0,713.0,4.0,40.0,37.31,201.0,3.54,10.0,494.0,288.0,19.0,21.0,563.0,4.0,71.0,5.0,7.0,6.0,2.0,86.04,265.0,24.0,2.0,19.0,12.0,4.0,3.0,1.0,7.0,,,,,2.0
20261111950,2026,19,Knights,Rabbitohs,False,24,26,49.0,1697.0,70.0,31.0,44.0,205.0,1799.0,520.0,5.0,47.0,40.89,156.0,3.14,18.0,502.0,303.0,38.0,19.0,429.0,3.0,58.0,7.0,12.0,7.0,4.0,88.89,400.0,41.0,,9.0,14.0,4.0,4.0,0.0,9.0,0.0,,,,
20261111950,2026,19,Rabbitohs,Knights,True,26,24,51.0,1728.0,83.0,35.0,42.0,181.0,1670.0,588.0,7.0,41.0,39.78,112.0,3.71,6.0,461.0,254.0,10.0,24.0,646.0,1.0,64.0,9.0,14.0,7.0,4.0,79.28,287.0,47.0,,28.0,10.0,9.0,0.0,2.0,8.0,1.0,,,,
20261111960,2026,19,Cowboys,Sea Eagles,False,19,18,49.0,1665.0,82.0,38.0,46.0,204.0,1776.0,591.0,4.0,37.0,38.61,194.0,3.57,13.0,460.0,254.0,20.0,19.0,433.0,2.0,50.0,4.0,8.0,6.0,4.0,89.43,347.0,30.0,0.0,11.0,10.0,6.0,5.0,0.0,7.0,,,,,1.0
20261111960,2026,19,Sea Eagles,Cowboys,True,18,19,51.0,1775.0,83.0,35.0,42.0,188.0,1638.0,593.0,6.0,30.0,39.0,106.0,3.69,8.0,460.0,259.0,23.0,19.0,618.0,1.0,62.0,8.0,13.0,4.0,3.0,85.29,348.0,37.0,1.0,23.0,11.0,5.0,8.0,3.0,7.0,,,,,0.0
20261111970,2026,19,Titans,Storm,False,18,22,48.0,1603.0,67.0,29.0,43.0,193.0,1680.0,570.0,5.0,31.0,39.09,184.0,3.41,16.0,442.0,242.0,7.0,23.0,643.0,1.0,64.0,7.0,11.0,10.0,3.0,85.03,375.0,43.0,2.0,23.0,17.0,3.0,1.0,,8.0,0.0,,,,1.0
20261111970,2026,19,Storm,Titans,True,22,18,52.0,1773.0,79.0,35.0,44.0,198.0,1726.0,593.0,7.0,43.0,39.23,141.0,3.37,14.0,450.0,234.0,4.0,25.0,698.0,1.0,60.0,9.0,15.0,9.0,2.0,84.81,296.0,31.0,1.0,22.0,15.0,3.0,3.0,,7.0,1.0,,,,0.0
20261112010,2026,20,Broncos,Panthers,False,14,12,57.0,1950.0,89.0,41.0,46.0,203.0,1738.0,729.0,4.0,33.0,37.8,125.0,3.75,4.0,520.0,303.0,27.0,25.0,770.0,3.0,31.0,5.0,16.0,7.0,6.0,93.03,347.0,18.0,,8.0,8.0,2.0,5.0,0.0,6.0,0.0,,,,0.0
20261112010,2026,20,Panthers,Broncos,True,12,14,43.0,1604.0,78.0,30.0,38.0,169.0,1594.0,516.0,5.0,18.0,41.95,121.0,3.53,6.0,407.0,225.0,15.0,24.0,485.0,0.0,56.0,9.0,16.0,7.0,7.0,91.26,407.0,33.0,,6.0,13.0,7.0,2.0,1.0,7.0,1.0,,,,2.0
20261112020,2026,20,Knights,Sharks,False,18,20,51.0,1664.0,73.0,30.0,41.0,174.0,1346.0,477.0,4.0,28.0,32.83,121.0,3.49,5.0,438.0,235.0,26.0,29.0,773.0,2.0,67.0,8.0,12.0,8.0,5.0,91.94,388.0,23.0,,11.0,13.0,7.0,2.0,1.0,8.0,,,,,
20261112020,2026,20,Sharks,Knights,True,20,18,49.0,1639.0,76.0,32.0,42.0,186.0,1521.0,546.0,3.0,23.0,36.22,183.0,3.53,6.0,425.0,223.0,21.0,21.0,583.0,1.0,38.0,5.0,13.0,11.0,2.0,91.13,380.0,28.0,,9.0,13.0,2.0,2.0,0.0,8.0,,,,,
20261112030,2026,20,Storm,Roosters,False,6,14,46.0,1706.0,80.0,34.0,42.0,198.0,1420.0,453.0,2.0,17.0,33.81,152.0,3.3,9.0,449.0,239.0,11.0,25.0,827.0,1.0,60.0,6.0,10.0,6.0,3.0,90.38,404.0,27.0,,16.0,11.0,3.0,2.0,2.0,8.0,1.0,,0.0,,0.0
20261112030,2026,20,Roosters,Storm,True,14,6,54.0,2004.0,80.0,37.0,46.0,228.0,1783.0,658.0,3.0,27.0,38.77,226.0,3.76,8.0,515.0,287.0,3.0,30.0,809.0,1.0,91.0,10.0,11.0,8.0,2.0,92.16,376.0,17.0,,15.0,13.0,2.0,4.0,0.0,7.0,0.0,,1.0,,1.0
20261112040,2026,20,Rabbitohs,Raiders,False,24,34,53.0,1742.0,76.0,33.0,43.0,196.0,1824.0,601.0,6.0,34.0,42.43,235.0,3.51,12.0,469.0,260.0,25.0,20.0,629.0,3.0,57.0,4.0,7.0,11.0,1.0,89.04,333.0,31.0,0.0,10.0,12.0,4.0,1.0,0.0,8.0,,,0.0,,
20261112040,2026,20,Raiders,Rabbitohs,True,34,24,47.0,1499.0,83.0,30.0,36.0,170.0,1580.0,451.0,4.0,31.0,43.9,139.0,3.11,8.0,383.0,194.0,16.0,21.0,859.0,0.0,82.0,9.0,11.0,7.0,1.0,87.68,363.0,34.0,2.0,17.0,9.0,3.0,5.0,1.0,7.0,,,1.0,,
20261112050,2026,20,Dragons,Warriors,False,12,20,45.0,1541.0,83.0,30.0,36.0,165.0,1391.0,490.0,4.0,31.0,38.66,64.0,3.36,9.0,396.0,211.0,14.0,24.0,671.0,0.0,54.0,7.0,13.0,5.0,4.0,93.67,385.0,21.0,,5.0,10.0,7.0,4.0,1.0,8.0,0.0,,,,0.0
20261112050,2026,20,Warriors,Dragons,True,20,12,55.0,1775.0,86.0,38.0,44.0,200.0,1960.0,649.0,6.0,21.0,44.55,299.0,3.48,2.0,456.0,249.0,19.0,25.0,645.0,3.0,50.0,6.0,12.0,7.0,5.0,86.56,322.0,31.0,,19.0,10.0,5.0,1.0,0.0,8.0,1.0,,,,1.0
20261112060,2026,20,Wests Tigers,Bulldogs,False,0,32,45.0,1487.0,75.0,28.0,37.0,180.0,1404.0,495.0,0.0,26.0,37.96,107.0,3.53,8.0,436.0,254.0,12.0,24.0,707.0,1.0,50.0,3.0,6.0,3.0,6.0,88.02,382.0,29.0,,23.0,12.0,3.0,2.0,3.0,7.0,,2.0,0.0,,1.0
20261112060,2026,20,Bulldogs,Wests Tigers,True,32,0,55.0,1804.0,74.0,35.0,47.0,205.0,1998.0,680.0,5.0,29.0,42.52,234.0,3.52,14.0,502.0,288.0,1.0,21.0,659.0,1.0,83.0,10.0,12.0,5.0,3.0,90.37,338.0,26.0,,10.0,13.0,2.0,1.0,0.0,6.0,,0.0,2.0,,1.0
20261112070,2026,20,Sea Eagles,Titans,False,32,38,46.0,1422.0,65.0,25.0,38.0,178.0,1686.0,463.0,7.0,34.0,44.38,141.0,3.22,12.0,410.0,232.0,29.0,16.0,457.0,,33.0,3.0,9.0,3.0,2.0,87.59,346.0,28.0,0.0,21.0,16.0,4.0,2.0,0.0,8.0,0.0,1.0,,,1.0
20261112070,2026,20,Titans,Sea Eagles,True,38,32,54.0,1693.0,71.0,30.0,42.0,193.0,1696.0,562.0,7.0,28.0,40.39,97.0,3.48,14.0,460.0,256.0,37.0,18.0,482.0,,25.0,3.0,12.0,6.0,2.0,85.34,291.0,34.0,1.0,16.0,13.0,1.0,1.0,1.0,7.0,1.0,1.0,,,1.0
20261112080,2026,20,Cowboys,Dolphins,False,16,36,44.0,1499.0,76.0,29.0,38.0,166.0,1521.0,498.0,2.0,23.0,40.04,117.0,3.55,3.0,398.0,223.0,42.0,20.0,521.0,0.0,55.0,6.0,11.0,5.0,2.0,83.37,371.0,55.0,1.0,19.0,13.0,5.0,4.0,1.0,8.0,,,,,
20261112080,2026,20,Dolphins,Cowboys,True,36,16,56.0,1881.0,82.0,39.0,47.0,205.0,1868.0,621.0,10.0,55.0,39.76,182.0,3.54,11.0,502.0,286.0,28.0,20.0,554.0,1.0,67.0,6.0,9.0,6.0,2.0,92.46,319.0,23.0,0.0,3.0,10.0,5.0,3.0,1.0,8.0,,,,,
20261112110,2026,21,Panthers,Eels,False,24,18,50.0,1801.0,82.0,37.0,45.0,201.0,1698.0,626.0,4.0,39.0,37.74,149.0,3.45,17.0,472.0,249.0,53.0,24.0,788.0,0.0,68.0,13.0,19.0,9.0,1.0,91.07,357.0,27.0,0.0,8.0,10.0,5.0,3.0,,8.0,1.0,2.0,,,0.0
20261112110,2026,21,Eels,Panthers,True,18,24,50.0,1742.0,85.0,36.0,42.0,189.0,1781.0,635.0,6.0,27.0,42.42,203.0,3.33,4.0,489.0,282.0,18.0,29.0,726.0,1.0,67.0,8.0,12.0,7.0,6.0,85.13,355.0,39.0,1.0,23.0,10.0,3.0,2.0,,8.0,1.0,0.0,,,1.0
20261112120,2026,21,Roosters,Knights,False,23,22,47.0,1506.0,82.0,29.0,35.0,174.0,1474.0,510.0,5.0,31.0,42.13,133.0,3.24,11.0,397.0,220.0,12.0,18.0,529.0,0.0,46.0,6.0,13.0,9.0,2.0,85.9,402.0,39.0,1.0,27.0,13.0,4.0,2.0,3.0,6.0,0.0,,0.0,,1.0
20261112120,2026,21,Knights,Roosters,True,22,23,53.0,1796.0,84.0,32.0,38.0,197.0,1626.0,520.0,5.0,39.0,42.81,177.0,3.66,11.0,465.0,269.0,32.0,20.0,522.0,1.0,62.0,8.0,13.0,11.0,1.0,87.59,346.0,31.0,0.0,18.0,10.0,5.0,1.0,1.0,8.0,2.0,,1.0,,1.0
20261112130,2026,21,Storm,Rabbitohs,False,26,28,50.0,1643.0,87.0,35.0,40.0,195.0,1911.0,625.0,7.0,45.0,47.8,235.0,3.27,11.0,443.0,249.0,21.0,19.0,447.0,,57.0,4.0,7.0,10.0,0.0,91.4,372.0,31.0,0.0,4.0,6.0,3.0,3.0,,8.0,,,,,2.0
20261112130,2026,21,Rabbitohs,Storm,True,28,26,50.0,1644.0,86.0,33.0,38.0,199.0,1637.0,549.0,10.0,31.0,43.08,97.0,3.57,3.0,466.0,270.0,5.0,21.0,674.0,,87.0,13.0,15.0,4.0,1.0,84.52,344.0,45.0,1.0,18.0,9.0,3.0,3.0,,7.0,,,,,1.0
20261112140,2026,21,Wests Tigers,Raiders,False,10,56,44.0,1336.0,82.0,28.0,34.0,147.0,1202.0,399.0,3.0,20.0,35.37,77.0,3.6,9.0,365.0,214.0,29.0,16.0,532.0,,55.0,6.0,11.0,2.0,4.0,89.75,359.0,30.0,,11.0,7.0,5.0,6.0,1.0,7.0,,,1.0,,2.0
20261112140,2026,21,Raiders,Wests Tigers,True,56,10,56.0,1684.0,88.0,37.0,42.0,183.0,1890.0,560.0,10.0,30.0,45.01,237.0,3.64,8.0,413.0,226.0,25.0,18.0,498.0,,14.0,1.0,7.0,10.0,0.0,87.3,268.0,20.0,,19.0,7.0,7.0,3.0,2.0,7.0,,,0.0,,0.0
20261112150,2026,21,Warriors,Bulldogs,False,6,18,49.0,1765.0,71.0,30.0,42.0,197.0,1658.0,533.0,1.0,43.0,39.48,127.0,3.15,17.0,460.0,257.0,19.0,19.0,599.0,,57.0,8.0,14.0,8.0,1.0,84.44,380.0,42.0,,28.0,14.0,6.0,2.0,0.0,8.0,0.0,,,,0.0
20261112150,2026,21,Bulldogs,Warriors,True,18,6,51.0,1764.0,87.0,36.0,41.0,199.0,1778.0,605.0,6.0,42.0,43.37,125.0,3.6,19.0,476.0,260.0,21.0,27.0,759.0,,75.0,9.0,12.0,7.0,4.0,82.4,323.0,43.0,,26.0,10.0,7.0,1.0,1.0,7.0,2.0,,,,1.0
20261112160,2026,21,Broncos,Cowboys,False,10,18,50.0,1757.0,81.0,36.0,44.0,190.0,1814.0,677.0,2.0,39.0,41.23,183.0,3.5,4.0,440.0,248.0,8.0,22.0,699.0,0.0,46.0,6.0,13.0,9.0,3.0,89.29,350.0,34.0,,8.0,9.0,7.0,2.0,1.0,6.0,2.0,,,,0.0
20261112160,2026,21,Cowboys,Broncos,True,18,10,50.0,1733.0,74.0,29.0,39.0,188.0,1921.0,650.0,5.0,34.0,49.26,158.0,3.42,4.0,408.0,208.0,28.0,24.0,718.0,1.0,82.0,9.0,11.0,6.0,4.0,88.21,344.0,39.0,,7.0,15.0,5.0,4.0,3.0,5.0,2.0,,,,1.0
20261112170,2026,21,Titans,Dragons,False,38,18,53.0,1778.0,90.0,37.0,41.0,206.0,2010.0,632.0,8.0,31.0,49.03,250.0,3.66,8.0,454.0,240.0,27.0,25.0,738.0,1.0,50.0,5.0,10.0,6.0,3.0,89.31,309.0,22.0,0.0,15.0,5.0,2.0,6.0,1.0,8.0,,,0.0,,1.0
20261112170,2026,21,Dragons,Titans,True,18,38,47.0,1606.0,75.0,30.0,40.0,184.0,1605.0,545.0,4.0,22.0,40.15,152.0,3.34,8.0,420.0,236.0,13.0,23.0,707.0,0.0,67.0,6.0,9.0,3.0,3.0,90.37,394.0,31.0,1.0,11.0,11.0,3.0,2.0,2.0,7.0,,,1.0,,0.0
20261112180,2026,21,Sharks,Sea Eagles,False,48,12,53.0,1749.0,81.0,35.0,43.0,206.0,1954.0,613.0,12.0,42.0,45.44,222.0,3.51,11.0,466.0,263.0,38.0,17.0,516.0,1.0,88.0,7.0,8.0,4.0,2.0,90.76,324.0,21.0,0.0,12.0,11.0,4.0,3.0,1.0,8.0,,,,,0.0
20261112180,2026,21,Sea Eagles,Sharks,True,12,48,47.0,1482.0,77.0,28.0,36.0,161.0,1411.0,549.0,1.0,21.0,39.19,120.0,3.4,6.0,406.0,232.0,17.0,20.0,635.0,0.0,57.0,4.0,7.0,6.0,3.0,85.78,350.0,42.0,2.0,16.0,9.0,3.0,6.0,1.0,7.0,,,,,1.0
20261112210,2026,22,Roosters,Cowboys,False,82,12,64.0,1776.0,90.0,40.0,44.0,206.0,2280.0,679.0,11.0,41.0,51.82,295.0,3.62,16.0,471.0,261.0,32.0,22.0,590.0,1.0,67.0,4.0,6.0,7.0,6.0,89.75,219.0,18.0,1.0,7.0,8.0,6.0,1.0,,8.0,,,1.0,,
20261112210,2026,22,Cowboys,Roosters,True,12,82,36.0,982.0,68.0,22.0,32.0,124.0,1174.0,357.0,3.0,18.0,36.71,143.0,3.22,4.0,278.0,154.0,16.0,13.0,426.0,0.0,50.0,7.0,14.0,6.0,1.0,83.87,338.0,41.0,0.0,24.0,10.0,7.0,1.0,,8.0,,,0.0,,
20261112220,2026,22,Dolphins,Dragons,False,28,22,50.0,1677.0,70.0,28.0,40.0,201.0,2073.0,637.0,7.0,34.0,51.84,266.0,3.36,10.0,472.0,269.0,40.0,15.0,509.0,0.0,89.0,8.0,9.0,6.0,0.0,92.13,398.0,24.0,0.0,10.0,13.0,6.0,2.0,2.0,8.0,,,,,
20261112220,2026,22,Dragons,Dolphins,True,22,28,50.0,1665.0,80.0,34.0,42.0,199.0,1853.0,598.0,7.0,24.0,44.12,118.0,3.09,8.0,462.0,264.0,14.0,22.0,691.0,2.0,67.0,4.0,6.0,6.0,4.0,88.3,385.0,34.0,1.0,17.0,9.0,5.0,3.0,2.0,8.0,,,,,
20261112230,2026,22,Bulldogs,Storm,False,36,22,50.0,1484.0,76.0,30.0,39.0,172.0,1639.0,535.0,9.0,38.0,42.04,126.0,3.45,8.0,414.0,236.0,20.0,18.0,445.0,1.0,50.0,5.0,10.0,6.0,4.0,85.56,326.0,34.0,1.0,21.0,14.0,8.0,4.0,1.0,7.0,0.0,1.0,,,1.0
20261112230,2026,22,Storm,Bulldogs,True,22,36,50.0,1563.0,76.0,33.0,43.0,184.0,1404.0,466.0,4.0,34.0,32.67,119.0,3.44,15.0,402.0,214.0,7.0,17.0,412.0,2.0,70.0,7.0,10.0,4.0,6.0,85.29,313.0,38.0,0.0,16.0,14.0,4.0,3.0,2.0,8.0,2.0,0.0,,,0.0
20261112240,2026,22,Warriors,Titans,False,42,6,58.0,1902.0,83.0,36.0,43.0,217.0,2311.0,774.0,12.0,48.0,53.74,207.0,3.42,15.0,520.0,293.0,29.0,19.0,534.0,1.0,67.0,4.0,6.0,8.0,1.0,86.78,315.0,33.0,3.0,15.0,8.0,5.0,6.0,0.0,8.0,1.0,0.0,,,1.0
20261112240,2026,22,Titans,Warriors,True,6,42,42.0,1420.0,67.0,27.0,40.0,170.0,1501.0,518.0,3.0,33.0,37.53,89.0,3.35,9.0,388.0,212.0,7.0,15.0,515.0,1.0,67.0,8.0,12.0,4.0,1.0,84.39,373.0,48.0,0.0,21.0,15.0,3.0,3.0,1.0,8.0,0.0,1.0,,,2.0
20261112250,2026,22,Raiders,Panthers,False,18,42,50.0,1672.0,80.0,33.0,41.0,180.0,1623.0,523.0,4.0,44.0,39.61,166.0,3.46,10.0,422.0,233.0,27.0,21.0,701.0,1.0,67.0,6.0,9.0,3.0,2.0,88.81,373.0,39.0,1.0,8.0,10.0,4.0,2.0,2.0,6.0,1.0,,,,
20261112250,2026,22,Panthers,Raiders,True,42,18,50.0,1642.0,85.0,34.0,40.0,196.0,2042.0,628.0,8.0,39.0,51.06,238.0,3.38,3.0,444.0,245.0,15.0,22.0,698.0,0.0,75.0,3.0,4.0,5.0,3.0,85.96,355.0,44.0,0.0,14.0,7.0,4.0,5.0,3.0,7.0,1.0,,,,
20261112260,2026,22,Knights,Broncos,False,30,6,54.0,1727.0,85.0,36.0,42.0,211.0,1857.0,661.0,10.0,36.0,44.23,181.0,3.37,13.0,489.0,293.0,10.0,21.0,598.0,1.0,71.0,5.0,7.0,4.0,3.0,88.24,315.0,31.0,,11.0,8.0,8.0,2.0,0.0,8.0,1.0,1.0,,,
20261112260,2026,22,Broncos,Knights,True,6,30,46.0,1462.0,65.0,25.0,38.0,174.0,1485.0,568.0,3.0,31.0,39.09,107.0,3.32,8.0,395.0,224.0,25.0,14.0,351.0,1.0,88.0,7.0,8.0,6.0,1.0,86.18,343.0,36.0,,19.0,15.0,8.0,3.0,1.0,7.0,0.0,2.0,,,
20261112270,2026,22,Rabbitohs,Sharks,False,16,32,44.0,1424.0,74.0,26.0,35.0,172.0,1460.0,429.0,7.0,23.0,41.72,140.0,3.19,11.0,402.0,227.0,31.0,14.0,417.0,0.0,46.0,6.0,13.0,1.0,4.0,81.19,354.0,51.0,0.0,31.0,11.0,6.0,3.0,1.0,8.0,1.0,0.0,0.0,,1.0
20261112270,2026,22,Sharks,Rabbitohs,True,32,16,56.0,1756.0,90.0,37.0,41.0,201.0,1658.0,494.0,6.0,51.0,40.44,156.0,3.44,17.0,473.0,262.0,17.0,22.0,654.0,2.0,60.0,3.0,5.0,6.0,3.0,87.68,299.0,23.0,1.0,19.0,10.0,3.0,0.0,2.0,7.0,1.0,1.0,1.0,,2.0
20261112280,2026,22,Eels,Wests Tigers,False,16,13,45.0,1431.0,67.0,25.0,37.0,162.0,1398.0,387.0,4.0,26.0,37.79,127.0,3.42,7.0,399.0,223.0,22.0,16.0,466.0,1.0,85.0,11.0,13.0,4.0,1.0,86.21,350.0,48.0,1.0,8.0,19.0,6.0,2.0,2.0,8.0,1.0,,,,2.0
20261112280,2026,22,Wests Tigers,Eels,True,13,16,55.0,1747.0,77.0,34.0,44.0,190.0,1634.0,536.0,5.0,48.0,37.15,172.0,3.37,6.0,464.0,266.0,21.0,20.0,517.0,4.0,43.0,3.0,7.0,5.0,7.0,88.25,293.0,26.0,1.0,13.0,15.0,5.0,1.0,1.0,7.0,0.0,,,,0.0
20261112310,2026,23,Cowboys,Titans,False,30,8,47.0,1610.0,76.0,33.0,43.0,183.0,1920.0,641.0,5.0,40.0,44.65,234.0,3.25,9.0,399.0,211.0,24.0,19.0,575.0,0.0,58.0,7.0,12.0,6.0,3.0,87.0,348.0,37.0,0.0,15.0,13.0,8.0,4.0,1.0,8.0,,1.0,1.0,,1.0
20261112310,2026,23,Titans,Cowboys,True,8,30,53.0,1742.0,83.0,36.0,43.0,192.0,1809.0,729.0,3.0,37.0,42.09,133.0,3.71,10.0,480.0,272.0,18.0,20.0,559.0,1.0,64.0,7.0,11.0,3.0,4.0,85.86,334.0,40.0,1.0,15.0,10.0,2.0,5.0,1.0,8.0,,0.0,0.0,,0.0
20261112320,2026,23,Panthers,Warriors,False,12,28,47.0,1543.0,75.0,31.0,41.0,167.0,1434.0,463.0,6.0,37.0,34.99,179.0,3.36,7.0,417.0,236.0,33.0,21.0,751.0,1.0,53.0,8.0,15.0,3.0,1.0,90.51,410.0,35.0,,8.0,11.0,5.0,2.0,1.0,7.0,1.0,1.0,1.0,,1.0
20261112320,2026,23,Warriors,Panthers,True,28,12,53.0,1766.0,83.0,35.0,42.0,183.0,1811.0,624.0,8.0,35.0,43.13,178.0,3.53,5.0,443.0,234.0,20.0,25.0,675.0,1.0,50.0,4.0,8.0,9.0,3.0,87.27,336.0,37.0,,12.0,9.0,3.0,5.0,0.0,8.0,1.0,0.0,0.0,,1.0
20261112330,2026,23,Bulldogs,Roosters,False,18,20,51.0,1527.0,66.0,28.0,42.0,187.0,1457.0,462.0,5.0,25.0,34.7,122.0,3.47,15.0,439.0,243.0,15.0,22.0,614.0,0.0,42.0,5.0,12.0,10.0,3.0,87.07,330.0,31.0,1.0,18.0,17.0,4.0,1.0,0.0,8.0,0.0,,,,
20261112330,2026,23,Roosters,Bulldogs,True,20,18,49.0,1476.0,72.0,32.0,44.0,174.0,1396.0,452.0,2.0,31.0,31.75,150.0,3.35,10.0,407.0,218.0,7.0,22.0,720.0,1.0,73.0,8.0,11.0,10.0,2.0,86.92,319.0,25.0,0.0,23.0,12.0,6.0,2.0,1.0,7.0,1.0,,,,
20261112340,2026,23,Sea Eagles,Storm,False,20,42,49.0,1475.0,69.0,30.0,43.0,162.0,1301.0,435.0,5.0,23.0,30.26,125.0,3.89,8.0,386.0,219.0,16.0,14.0,315.0,1.0,40.0,4.0,10.0,5.0,2.0,83.65,307.0,43.0,,17.0,14.0,6.0,2.0,2.0,6.0,1.0,0.0,,,1.0
20261112340,2026,23,Storm,Sea Eagles,True,42,20,51.0,1579.0,77.0,31.0,40.0,170.0,1387.0,446.0,4.0,43.0,34.68,129.0,3.53,12.0,406.0,213.0,14.0,19.0,532.0,1.0,44.0,4.0,9.0,2.0,3.0,89.94,313.0,23.0,,12.0,10.0,7.0,6.0,1.0,8.0,2.0,1.0,,,1.0
20261112350,2026,23,Broncos,Dolphins,False,32,40,46.0,1373.0,79.0,27.0,34.0,139.0,1334.0,450.0,6.0,37.0,39.25,124.0,3.82,5.0,341.0,179.0,11.0,16.0,563.0,0.0,44.0,4.0,9.0,6.0,2.0,90.91,330.0,27.0,0.0,6.0,13.0,6.0,3.0,,8.0,1.0,,1.0,,2.0
20261112350,2026,23,Dolphins,Broncos,True,40,32,54.0,1561.0,74.0,32.0,43.0,171.0,1763.0,541.0,7.0,27.0,41.0,206.0,3.8,4.0,415.0,241.0,15.0,15.0,398.0,1.0,44.0,4.0,9.0,6.0,0.0,87.54,309.0,37.0,1.0,7.0,13.0,4.0,2.0,,5.0,1.0,,0.0,,0.0
20261112360,2026,23,Eels,Rabbitohs,False,24,28,54.0,1706.0,83.0,35.0,42.0,200.0,1801.0,600.0,3.0,24.0,42.89,272.0,3.45,12.0,487.0,271.0,21.0,28.0,678.0,5.0,50.0,3.0,6.0,9.0,5.0,88.28,324.0,40.0,,3.0,9.0,4.0,2.0,0.0,8.0,,1.0,0.0,,0.0
20261112360,2026,23,Rabbitohs,Eels,True,28,24,46.0,1507.0,80.0,29.0,36.0,169.0,1707.0,516.0,11.0,40.0,47.43,192.0,3.41,3.0,407.0,225.0,5.0,16.0,563.0,0.0,65.0,11.0,17.0,3.0,1.0,89.46,365.0,24.0,,19.0,11.0,4.0,3.0,2.0,8.0,,0.0,1.0,,1.0
20261112370,2026,23,Knights,Raiders,False,30,24,50.0,1580.0,73.0,28.0,38.0,181.0,1533.0,434.0,10.0,42.0,40.36,140.0,3.61,5.0,426.0,251.0,26.0,16.0,576.0,0.0,72.0,13.0,18.0,8.0,0.0,88.22,352.0,35.0,1.0,12.0,12.0,3.0,2.0,1.0,8.0,,0.0,,,
20261112370,2026,23,Raiders,Knights,True,24,30,50.0,1629.0,81.0,31.0,38.0,171.0,1585.0,530.0,3.0,35.0,41.72,194.0,3.39,8.0,400.0,218.0,18.0,21.0,607.0,1.0,44.0,4.0,9.0,7.0,2.0,87.86,369.0,42.0,1.0,9.0,10.0,6.0,1.0,3.0,7.0,,1.0,,,
20261112380,2026,23,Sharks,Dragons,False,16,24,53.0,1813.0,80.0,34.0,42.0,203.0,1716.0,549.0,4.0,29.0,40.87,217.0,3.52,7.0,466.0,255.0,27.0,21.0,652.0,2.0,50.0,6.0,12.0,11.0,1.0,85.64,346.0,38.0,1.0,20.0,8.0,5.0,2.0,2.0,7.0,,1.0,,,
20261112380,2026,23,Dragons,Sharks,True,24,16,47.0,1539.0,76.0,32.0,42.0,180.0,1652.0,535.0,7.0,38.0,39.35,133.0,3.24,9.0,424.0,223.0,8.0,23.0,786.0,1.0,79.0,11.0,14.0,7.0,2.0,89.6,405.0,29.0,0.0,18.0,12.0,3.0,3.0,1.0,6.0,,0.0,,,
20261112410,2026,24,Roosters,Panthers,False,12,6,48.0,1829.0,78.0,37.0,47.0,191.0,1668.0,640.0,4.0,44.0,35.5,147.0,3.68,7.0,481.0,256.0,10.0,28.0,782.0,3.0,73.0,8.0,11.0,8.0,4.0,88.32,416.0,37.0,3.0,18.0,14.0,6.0,5.0,1.0,8.0,,,,,5.0
20261112410,2026,24,Panthers,Roosters,True,6,12,52.0,1997.0,73.0,39.0,53.0,239.0,1828.0,577.0,3.0,37.0,34.5,145.0,3.4,13.0,552.0,316.0,27.0,22.0,631.0,1.0,57.0,8.0,14.0,9.0,3.0,87.72,393.0,44.0,0.0,11.0,16.0,3.0,5.0,1.0,8.0,,,,,0.0
20261112420,2026,24,Dolphins,Sea Eagles,False,22,0,51.0,1765.0,74.0,32.0,43.0,192.0,1898.0,672.0,6.0,24.0,44.14,96.0,3.65,6.0,473.0,265.0,24.0,19.0,525.0,1.0,67.0,6.0,9.0,10.0,2.0,90.42,368.0,26.0,1.0,13.0,17.0,7.0,6.0,1.0,8.0,,1.0,,,0.0
20261112420,2026,24,Sea Eagles,Dolphins,True,0,22,49.0,1647.0,74.0,32.0,43.0,176.0,1572.0,608.0,1.0,26.0,36.56,104.0,3.56,7.0,458.0,278.0,19.0,15.0,491.0,0.0,67.0,8.0,12.0,7.0,2.0,92.35,374.0,24.0,0.0,7.0,14.0,4.0,5.0,1.0,7.0,,1.0,,,1.0
20261112430,2026,24,Rabbitohs,Bulldogs,False,22,6,55.0,2030.0,87.0,43.0,49.0,263.0,2009.0,674.0,4.0,41.0,41.01,234.0,3.52,5.0,529.0,286.0,18.0,30.0,870.0,2.0,77.0,17.0,22.0,7.0,4.0,87.21,341.0,27.0,3.0,23.0,7.0,4.0,2.0,0.0,8.0,1.0,,,,
20261112430,2026,24,Bulldogs,Rabbitohs,True,6,22,45.0,1655.0,77.0,31.0,40.0,209.0,1614.0,571.0,1.0,27.0,40.36,174.0,3.45,12.0,452.0,237.0,6.0,25.0,762.0,1.0,62.0,8.0,13.0,11.0,2.0,90.13,429.0,41.0,0.0,6.0,11.0,7.0,2.0,1.0,8.0,0.0,,,,
20261112440,2026,24,Raiders,Sharks,False,24,20,46.0,1646.0,89.0,35.0,39.0,172.0,1379.0,428.0,4.0,41.0,35.38,71.0,3.37,10.0,416.0,223.0,16.0,23.0,741.0,0.0,35.0,6.0,17.0,3.0,2.0,86.51,404.0,34.0,1.0,29.0,9.0,9.0,3.0,1.0,8.0,,,,,1.0
20261112440,2026,24,Sharks,Raiders,True,20,24,54.0,1902.0,82.0,38.0,46.0,217.0,1925.0,580.0,4.0,34.0,41.86,293.0,3.61,17.0,519.0,293.0,52.0,24.0,481.0,2.0,40.0,2.0,5.0,12.0,5.0,85.08,325.0,41.0,1.0,16.0,16.0,4.0,3.0,0.0,8.0,,,,,1.0
20261112450,2026,24,Cowboys,Eels,False,30,32,48.0,1514.0,84.0,33.0,39.0,178.0,1688.0,622.0,5.0,32.0,43.28,204.0,3.07,9.0,399.0,194.0,5.0,25.0,712.0,1.0,41.0,7.0,17.0,9.0,3.0,89.74,350.0,33.0,,7.0,8.0,7.0,1.0,2.0,8.0,0.0,1.0,,,0.0
20261112450,2026,24,Eels,Cowboys,True,32,30,52.0,1648.0,90.0,37.0,41.0,177.0,1853.0,642.0,7.0,33.0,45.21,301.0,3.37,4.0,429.0,224.0,18.0,26.0,663.0,0.0,64.0,9.0,14.0,7.0,6.0,87.76,344.0,32.0,,16.0,7.0,3.0,2.0,0.0,8.0,1.0,0.0,,,2.0
20261112460,2026,24,Warriors,Broncos,False,40,6,52.0,1589.0,85.0,34.0,40.0,184.0,1712.0,561.0,5.0,35.0,42.81,273.0,3.55,4.0,406.0,209.0,5.0,23.0,698.0,0.0,71.0,5.0,7.0,10.0,1.0,86.74,327.0,32.0,1.0,18.0,8.0,5.0,5.0,2.0,8.0,,1.0,,,3.0
20261112460,2026,24,Broncos,Warriors,True,6,40,48.0,1483.0,79.0,34.0,43.0,168.0,1196.0,435.0,3.0,32.0,27.82,88.0,3.57,10.0,379.0,205.0,22.0,19.0,617.0,4.0,64.0,7.0,11.0,2.0,3.0,89.14,361.0,35.0,0.0,9.0,10.0,6.0,2.0,0.0,7.0,,0.0,,,0.0
20261112470,2026,24,Titans,Knights,False,26,36,52.0,1647.0,82.0,33.0,40.0,202.0,1909.0,576.0,5.0,34.0,47.75,183.0,3.56,10.0,434.0,242.0,36.0,20.0,476.0,,50.0,4.0,8.0,10.0,4.0,84.53,317.0,45.0,1.0,13.0,8.0,8.0,2.0,2.0,7.0,1.0,,,,1.0
20261112470,2026,24,Knights,Titans,True,36,26,48.0,1554.0,79.0,34.0,43.0,164.0,1687.0,474.0,7.0,45.0,39.24,176.0,3.97,7.0,435.0,260.0,24.0,18.0,520.0,,50.0,7.0,14.0,3.0,4.0,86.72,333.0,34.0,0.0,17.0,11.0,5.0,4.0,0.0,8.0,0.0,,,,0.0
20261112480,2026,24,Dragons,Wests Tigers,False,24,22,47.0,1706.0,82.0,32.0,39.0,180.0,1708.0,526.0,5.0,37.0,43.81,149.0,3.68,5.0,424.0,226.0,11.0,23.0,740.0,2.0,41.0,7.0,17.0,8.0,2.0,89.29,375.0,30.0,1.0,15.0,10.0,2.0,0.0,,8.0,2.0,,,,0.0
20261112480,2026,24,Wests Tigers,Dragons,True,22,24,53.0,1857.0,87.0,34.0,39.0,230.0,1946.0,574.0,5.0,30.0,49.91,223.0,3.4,8.0,515.0,293.0,29.0,30.0,741.0,1.0,77.0,10.0,13.0,11.0,5.0,88.89,360.0,37.0,1.0,8.0,10.0,2.0,1.0,,7.0,0.0,,,,1.0
20261112510,2026,25,Panthers,Storm,False,22,14,44.0,1568.0,82.0,34.0,41.0,163.0,1455.0,462.0,5.0,30.0,35.5,129.0,3.66,8.0,400.0,222.0,16.0,19.0,647.0,1.0,47.0,7.0,15.0,5.0,2.0,84.56,378.0,40.0,1.0,29.0,9.0,10.0,4.0,1.0,8.0,0.0,3.0,0.0,,1.0
20261112510,2026,25,Storm,Panthers,True,14,22,56.0,1941.0,85.0,42.0,49.0,216.0,1767.0,601.0,5.0,40.0,36.07,181.0,3.75,19.0,521.0,295.0,42.0,27.0,620.0,2.0,50.0,5.0,10.0,3.0,7.0,88.43,321.0,30.0,0.0,12.0,10.0,4.0,5.0,0.0,8.0,1.0,1.0,1.0,,0.0
20261112520,2026,25,Broncos,Raiders,False,34,30,45.0,1391.0,81.0,31.0,38.0,157.0,1519.0,477.0,5.0,33.0,39.99,207.0,3.54,3.0,357.0,185.0,17.0,21.0,623.0,2.0,56.0,9.0,16.0,3.0,6.0,85.61,345.0,37.0,,21.0,8.0,5.0,4.0,1.0,6.0,,1.0,0.0,,2.0
20261112520,2026,25,Raiders,Broncos,True,30,34,55.0,1666.0,86.0,37.0,43.0,190.0,1673.0,535.0,5.0,37.0,38.92,140.0,3.48,15.0,457.0,259.0,22.0,21.0,557.0,2.0,50.0,6.0,12.0,4.0,7.0,90.24,342.0,33.0,,4.0,8.0,1.0,4.0,0.0,7.0,,0.0,1.0,,0.0
20261112530,2026,25,Eels,Dolphins,False,16,34,50.0,1614.0,72.0,29.0,40.0,191.0,1566.0,553.0,4.0,16.0,39.16,137.0,3.44,7.0,455.0,266.0,13.0,21.0,697.0,0.0,67.0,8.0,12.0,4.0,3.0,83.21,327.0,48.0,0.0,18.0,15.0,2.0,3.0,1.0,8.0,,,,,
20261112530,2026,25,Dolphins,Eels,True,34,16,50.0,1652.0,78.0,32.0,41.0,199.0,1907.0,613.0,9.0,48.0,46.51,252.0,3.44,12.0,447.0,247.0,18.0,23.0,624.0,2.0,38.0,3.0,8.0,8.0,4.0,92.43,354.0,16.0,1.0,13.0,12.0,6.0,1.0,2.0,7.0,,,,,
20261112540,2026,25,Sea Eagles,Knights,False,44,24,55.0,1500.0,77.0,27.0,35.0,168.0,1660.0,523.0,9.0,28.0,47.43,148.0,3.81,13.0,416.0,244.0,14.0,18.0,477.0,3.0,60.0,3.0,5.0,3.0,4.0,87.16,258.0,27.0,,11.0,8.0,8.0,5.0,1.0,7.0,1.0,0.0,,,0.0
20261112540,2026,25,Knights,Sea Eagles,True,24,44,45.0,1224.0,75.0,27.0,36.0,138.0,1409.0,407.0,7.0,27.0,39.16,123.0,3.4,8.0,388.0,244.0,20.0,12.0,360.0,0.0,64.0,7.0,11.0,3.0,2.0,85.17,293.0,28.0,,23.0,10.0,3.0,0.0,3.0,7.0,0.0,1.0,,,1.0
20261112550,2026,25,Warriors,Rabbitohs,False,45,26,51.0,1604.0,89.0,34.0,38.0,177.0,1611.0,481.0,8.0,32.0,42.41,168.0,3.39,9.0,432.0,233.0,10.0,22.0,608.0,0.0,69.0,9.0,13.0,10.0,3.0,89.41,346.0,30.0,,11.0,7.0,1.0,4.0,,7.0,1.0,,,,1.0
20261112550,2026,25,Rabbitohs,Warriors,True,26,45,49.0,1501.0,77.0,27.0,35.0,174.0,1438.0,406.0,9.0,30.0,41.1,143.0,3.58,7.0,414.0,237.0,21.0,18.0,462.0,1.0,50.0,8.0,16.0,7.0,2.0,87.88,319.0,32.0,,12.0,10.0,4.0,3.0,,8.0,1.0,,,,0.0
20261112560,2026,25,Bulldogs,Dragons,False,44,14,51.0,1599.0,85.0,36.0,42.0,179.0,1719.0,555.0,7.0,22.0,40.95,146.0,3.5,9.0,440.0,245.0,11.0,24.0,723.0,1.0,73.0,8.0,11.0,7.0,5.0,86.33,322.0,33.0,1.0,18.0,10.0,9.0,4.0,5.0,7.0,,2.0,,,0.0
20261112560,2026,25,Dragons,Bulldogs,True,14,44,49.0,1593.0,75.0,36.0,48.0,191.0,1625.0,511.0,8.0,33.0,33.86,124.0,3.32,11.0,465.0,279.0,5.0,19.0,591.0,3.0,58.0,7.0,12.0,4.0,3.0,90.37,338.0,22.0,0.0,14.0,16.0,2.0,3.0,0.0,7.0,,1.0,,,1.0
20261112570,2026,25,Sharks,Titans,False,30,22,53.0,1725.0,82.0,38.0,46.0,199.0,1788.0,625.0,9.0,39.0,38.88,196.0,3.74,11.0,451.0,241.0,16.0,20.0,690.0,,75.0,9.0,12.0,4.0,0.0,88.48,338.0,27.0,,17.0,9.0,4.0,4.0,0.0,7.0,1.0,,,,0.0
20261112570,2026,25,Titans,Sharks,True,22,30,47.0,1545.0,84.0,33.0,39.0,178.0,1540.0,499.0,6.0,27.0,39.51,183.0,3.45,11.0,409.0,211.0,24.0,22.0,681.0,,67.0,4.0,6.0,10.0,1.0,86.9,378.0,39.0,,18.0,8.0,3.0,7.0,1.0,7.0,1.0,,,,1.0
20261112580,2026,25,Wests Tigers,Roosters,False,25,24,50.0,1713.0,82.0,34.0,41.0,194.0,1633.0,552.0,4.0,20.0,39.84,171.0,3.47,6.0,451.0,246.0,26.0,22.0,692.0,0.0,67.0,8.0,12.0,6.0,2.0,87.83,361.0,43.0,1.0,7.0,10.0,5.0,3.0,1.0,8.0,0.0,,1.0,,
20261112580,2026,25,Roosters,Wests Tigers,True,24,25,50.0,1671.0,80.0,33.0,41.0,193.0,1773.0,558.0,9.0,43.0,43.25,236.0,3.43,5.0,447.0,249.0,25.0,23.0,561.0,1.0,78.0,7.0,9.0,3.0,4.0,91.81,370.0,20.0,0.0,13.0,10.0,5.0,2.0,5.0,6.0,2.0,,0.0,,
20261112610,2026,26,Storm,Broncos,False,46,20,49.0,1513.0,68.0,31.0,45.0,162.0,1498.0,497.0,5.0,39.0,33.3,131.0,3.71,6.0,377.0,200.0,15.0,19.0,490.0,1.0,86.0,12.0,14.0,7.0,2.0,91.57,315.0,18.0,2.0,11.0,18.0,4.0,5.0,1.0,8.0,1.0,1.0,,,4.0
20261112610,2026,26,Broncos,Storm,True,20,46,51.0,1523.0,73.0,36.0,49.0,179.0,1519.0,486.0,5.0,18.0,31.0,108.0,3.77,7.0,402.0,218.0,47.0,21.0,494.0,2.0,33.0,4.0,12.0,6.0,5.0,86.36,304.0,39.0,1.0,9.0,14.0,6.0,1.0,1.0,6.0,3.0,0.0,,,1.0
20261112620,2026,26,Dragons,Sea Eagles,False,10,44,41.0,1213.0,63.0,23.0,36.0,141.0,1291.0,444.0,4.0,22.0,35.87,122.0,3.19,9.0,355.0,196.0,5.0,16.0,462.0,1.0,47.0,7.0,15.0,2.0,3.0,85.89,347.0,37.0,0.0,20.0,15.0,4.0,7.0,1.0,7.0,,,,,1.0
20261112620,2026,26,Sea Eagles,Dragons,True,44,10,59.0,1734.0,80.0,41.0,51.0,209.0,2026.0,647.0,8.0,37.0,39.73,180.0,3.31,12.0,495.0,291.0,22.0,22.0,553.0,1.0,40.0,2.0,5.0,8.0,5.0,87.66,270.0,22.0,1.0,16.0,12.0,1.0,4.0,0.0,7.0,,,,,1.0
20261112630,2026,26,Bulldogs,Panthers,False,10,24,49.0,1596.0,84.0,37.0,44.0,183.0,1485.0,487.0,4.0,24.0,33.76,140.0,3.52,11.0,463.0,265.0,32.0,25.0,813.0,2.0,86.0,12.0,14.0,6.0,5.0,87.76,373.0,31.0,,21.0,8.0,6.0,0.0,1.0,7.0,1.0,,,,1.0
20261112630,2026,26,Panthers,Bulldogs,True,24,10,51.0,1721.0,93.0,40.0,43.0,214.0,1695.0,475.0,4.0,31.0,39.43,228.0,3.41,16.0,479.0,255.0,7.0,33.0,942.0,1.0,90.0,9.0,10.0,10.0,4.0,90.0,360.0,24.0,,16.0,5.0,7.0,3.0,2.0,8.0,0.0,,,,0.0
20261112640,2026,26,Rabbitohs,Titans,False,42,22,50.0,1753.0,85.0,36.0,42.0,200.0,1917.0,610.0,8.0,39.0,45.64,197.0,3.46,4.0,464.0,250.0,18.0,24.0,849.0,1.0,80.0,8.0,10.0,5.0,3.0,82.52,321.0,48.0,0.0,20.0,7.0,4.0,4.0,3.0,8.0,,,,,1.0
20261112640,2026,26,Titans,Rabbitohs,True,22,42,50.0,1684.0,82.0,34.0,41.0,210.0,1913.0,629.0,5.0,48.0,46.68,195.0,3.3,14.0,467.0,263.0,20.0,19.0,545.0,0.0,62.0,5.0,8.0,6.0,1.0,89.73,393.0,39.0,1.0,6.0,8.0,2.0,3.0,0.0,7.0,,,,,1.0
20261112650,2026,26,Dolphins,Roosters,False,26,12,50.0,1742.0,88.0,37.0,42.0,189.0,1600.0,589.0,4.0,29.0,38.1,144.0,3.31,6.0,456.0,254.0,18.0,24.0,837.0,1.0,45.0,5.0,11.0,5.0,3.0,84.67,370.0,37.0,,30.0,6.0,6.0,5.0,3.0,8.0,,2.0,,,1.0
20261112650,2026,26,Roosters,Dolphins,True,12,26,50.0,1706.0,81.0,35.0,43.0,202.0,1928.0,649.0,7.0,37.0,44.85,172.0,3.23,23.0,479.0,273.0,20.0,20.0,455.0,1.0,30.0,3.0,10.0,4.0,4.0,91.4,393.0,29.0,,8.0,12.0,6.0,2.0,0.0,8.0,,0.0,,,1.0
20261112660,2026,26,Wests Tigers,Cowboys,False,10,24,50.0,1559.0,82.0,32.0,39.0,169.0,1449.0,544.0,1.0,24.0,37.16,67.0,3.53,5.0,420.0,241.0,15.0,23.0,606.0,3.0,100.0,7.0,7.0,7.0,5.0,86.6,323.0,34.0,,16.0,6.0,11.0,3.0,2.0,8.0,1.0,,,,0.0
20261112660,2026,26,Cowboys,Wests Tigers,True,24,10,50.0,1554.0,70.0,28.0,40.0,178.0,1620.0,575.0,4.0,34.0,40.51,157.0,3.48,10.0,405.0,230.0,22.0,13.0,369.0,1.0,71.0,10.0,14.0,4.0,3.0,90.8,316.0,24.0,,8.0,15.0,5.0,2.0,0.0,7.0,0.0,,,,1.0
20261112670,2026,26,Knights,Warriors,False,32,46,46.0,1313.0,75.0,27.0,36.0,150.0,1415.0,356.0,11.0,37.0,39.32,68.0,3.21,8.0,377.0,225.0,13.0,12.0,424.0,1.0,31.0,4.0,13.0,1.0,2.0,84.63,347.0,55.0,0.0,8.0,10.0,8.0,4.0,1.0,8.0,0.0,,,1.0,1.0
20261112670,2026,26,Warriors,Knights,True,46,32,54.0,1497.0,79.0,34.0,43.0,179.0,1808.0,600.0,8.0,55.0,42.05,229.0,3.5,7.0,393.0,216.0,63.0,15.0,296.0,1.0,50.0,2.0,4.0,6.0,1.0,82.89,252.0,37.0,1.0,15.0,14.0,3.0,3.0,0.0,8.0,2.0,,,0.0,1.0
20261112680,2026,26,Sharks,Eels,False,18,38,48.0,1605.0,86.0,33.0,38.0,174.0,1691.0,500.0,5.0,40.0,44.52,353.0,3.37,6.0,430.0,234.0,41.0,23.0,621.0,3.0,50.0,4.0,8.0,13.0,0.0,85.96,349.0,38.0,0.0,19.0,12.0,7.0,5.0,3.0,8.0,,1.0,,,2.0
20261112680,2026,26,Eels,Sharks,True,38,18,52.0,1653.0,85.0,41.0,48.0,196.0,1701.0,423.0,8.0,38.0,35.44,132.0,3.24,11.0,463.0,252.0,23.0,22.0,782.0,0.0,53.0,10.0,19.0,5.0,2.0,87.21,334.0,40.0,1.0,9.0,9.0,1.0,4.0,1.0,8.0,,1.0,,,1.0
20261112710,2026,27,Broncos,Bulldogs,False,34,20,45.0,1408.0,76.0,30.0,39.0,155.0,1507.0,501.0,7.0,46.0,38.65,117.0,3.37,11.0,366.0,185.0,13.0,21.0,719.0,4.0,57.0,8.0,14.0,6.0,1.0,83.29,349.0,37.0,1.0,33.0,14.0,4.0,5.0,0.0,5.0,0.0,1.0,,,1.0
20261112710,2026,27,Bulldogs,Broncos,True,20,34,55.0,1697.0,72.0,34.0,47.0,204.0,1937.0,634.0,6.0,37.0,41.21,139.0,3.13,18.0,522.0,312.0,58.0,19.0,413.0,1.0,58.0,7.0,12.0,6.0,6.0,81.52,300.0,46.0,0.0,22.0,16.0,2.0,2.0,1.0,7.0,1.0,0.0,,,1.0
20261112720,2026,27,Dolphins,Titans,False,24,20,47.0,1639.0,74.0,29.0,39.0,179.0,1879.0,712.0,5.0,37.0,48.19,213.0,3.31,10.0,425.0,226.0,24.0,20.0,540.0,0.0,44.0,7.0,16.0,14.0,0.0,90.95,422.0,40.0,0.0,2.0,16.0,7.0,7.0,1.0,8.0,,0.0,,,2.0
20261112720,2026,27,Titans,Dolphins,True,20,24,53.0,1867.0,85.0,41.0,48.0,191.0,1836.0,709.0,2.0,40.0,38.27,120.0,3.39,1.0,473.0,263.0,18.0,23.0,656.0,3.0,50.0,9.0,18.0,6.0,5.0,87.99,381.0,37.0,2.0,15.0,9.0,4.0,2.0,2.0,8.0,,2.0,,,1.0
20261112730,2026,27,Roosters,Rabbitohs,False,20,50,40.0,1180.0,62.0,20.0,32.0,128.0,1081.0,391.0,4.0,23.0,33.78,144.0,3.42,6.0,288.0,146.0,7.0,12.0,419.0,0.0,67.0,6.0,9.0,1.0,0.0,84.72,366.0,53.0,1.0,13.0,13.0,7.0,1.0,,7.0,1.0,1.0,1.0,,4.0
20261112730,2026,27,Rabbitohs,Roosters,True,50,20,60.0,1755.0,85.0,40.0,47.0,226.0,1890.0,617.0,12.0,53.0,40.22,229.0,3.32,7.0,480.0,281.0,18.0,19.0,468.0,3.0,67.0,2.0,3.0,3.0,6.0,87.27,233.0,23.0,0.0,11.0,8.0,2.0,2.0,,7.0,1.0,1.0,0.0,,1.0
20261112740,2026,27,Sea Eagles,Warriors,False,30,31,40.0,1191.0,67.0,21.0,31.0,140.0,1273.0,281.0,9.0,35.0,41.09,97.0,3.6,12.0,337.0,196.0,18.0,13.0,500.0,0.0,25.0,2.0,8.0,1.0,1.0,87.47,384.0,40.0,1.0,15.0,12.0,7.0,4.0,1.0,7.0,0.0,1.0,,,3.0
20261112740,2026,27,Warriors,Sea Eagles,True,31,30,60.0,1800.0,80.0,36.0,45.0,204.0,1751.0,550.0,6.0,40.0,38.93,215.0,3.45,8.0,480.0,273.0,53.0,15.0,457.0,1.0,33.0,1.0,3.0,4.0,1.0,79.1,212.0,35.0,1.0,21.0,8.0,5.0,1.0,1.0,8.0,1.0,0.0,,,0.0
20261112750,2026,27,Raiders,Cowboys,False,50,30,53.0,1449.0,78.0,32.0,41.0,165.0,1738.0,497.0,8.0,48.0,42.4,179.0,3.64,14.0,377.0,207.0,45.0,20.0,623.0,1.0,62.0,5.0,8.0,5.0,4.0,86.92,279.0,31.0,1.0,11.0,9.0,6.0,7.0,3.0,8.0,1.0,0.0,,,0.0
20261112750,2026,27,Cowboys,Raiders,True,30,50,47.0,1278.0,75.0,30.0,40.0,152.0,1664.0,488.0,7.0,31.0,41.62,180.0,3.11,7.0,337.0,190.0,15.0,11.0,257.0,2.0,50.0,3.0,6.0,5.0,2.0,80.12,278.0,48.0,0.0,21.0,12.0,7.0,2.0,2.0,8.0,0.0,1.0,,,1.0
20261112760,2026,27,Storm,Sharks,False,24,20,52.0,1574.0,75.0,31.0,41.0,188.0,1479.0,444.0,5.0,50.0,36.08,113.0,3.48,15.0,408.0,221.0,30.0,18.0,536.0,0.0,50.0,5.0,10.0,3.0,4.0,89.31,351.0,24.0,0.0,18.0,14.0,8.0,6.0,1.0,9.0,1.0,0.0,,,1.0
20261112760,2026,27,Sharks,Storm,True,20,24,48.0,1465.0,75.0,34.0,45.0,165.0,1394.0,528.0,3.0,24.0,30.99,140.0,3.56,9.0,383.0,202.0,6.0,21.0,661.0,2.0,60.0,3.0,5.0,10.0,1.0,82.18,332.0,50.0,1.0,22.0,12.0,5.0,3.0,3.0,8.0,1.0,2.0,,,1.0
20261112770,2026,27,Eels,Dragons,False,22,24,48.0,1517.0,75.0,30.0,40.0,178.0,1672.0,539.0,6.0,27.0,41.8,259.0,3.35,4.0,428.0,241.0,36.0,21.0,507.0,2.0,45.0,5.0,11.0,4.0,6.0,85.5,336.0,38.0,,19.0,12.0,11.0,2.0,1.0,8.0,,0.0,,,1.0
20261112770,2026,27,Dragons,Eels,True,24,22,52.0,1651.0,85.0,41.0,48.0,194.0,1615.0,530.0,5.0,38.0,33.66,119.0,3.26,13.0,446.0,235.0,9.0,21.0,644.0,1.0,81.0,13.0,16.0,5.0,0.0,90.41,330.0,27.0,,8.0,11.0,3.0,1.0,2.0,8.0,,1.0,,,1.0
20261112780,2026,27,Wests Tigers,Panthers,False,10,38,48.0,1544.0,82.0,33.0,40.0,181.0,1588.0,517.0,7.0,31.0,39.7,122.0,3.24,6.0,452.0,275.0,31.0,19.0,604.0,1.0,71.0,12.0,17.0,2.0,3.0,86.45,370.0,41.0,,17.0,9.0,7.0,2.0,0.0,8.0,1.0,0.0,,,0.0
20261112780,2026,27,Panthers,Wests Tigers,True,38,10,52.0,1679.0,85.0,36.0,42.0,204.0,1894.0,563.0,11.0,41.0,45.12,205.0,3.3,12.0,461.0,267.0,6.0,20.0,467.0,2.0,60.0,3.0,5.0,11.0,1.0,88.83,318.0,31.0,,9.0,12.0,4.0,3.0,1.0,7.0,0.0,1.0,,,1.0
20261112810,2026,28,Knights,Rabbitohs,False,20,10,51.0,1787.0,83.0,35.0,42.0,187.0,1839.0,584.0,6.0,39.0,43.81,159.0,3.4,11.0,509.0,301.0,15.0,23.0,491.0,0.0,41.0,7.0,17.0,7.0,7.0,91.52,367.0,22.0,2.0,12.0,14.0,6.0,5.0,0.0,8.0,,,,,0.0
20261112810,2026,28,Rabbitohs,Knights,True,10,20,49.0,1675.0,83.0,36.0,43.0,184.0,1540.0,539.0,3.0,22.0,35.83,96.0,3.6,8.0,475.0,279.0,12.0,23.0,570.0,2.0,29.0,5.0,17.0,5.0,5.0,85.79,320.0,39.0,1.0,14.0,11.0,7.0,2.0,1.0,8.0,,,,,2.0
20261112820,2026,28,Dolphins,Warriors,False,26,16,47.0,1491.0,81.0,30.0,37.0,172.0,1556.0,502.0,5.0,54.0,42.06,165.0,3.12,5.0,410.0,229.0,6.0,19.0,624.0,0.0,36.0,4.0,11.0,9.0,0.0,88.03,375.0,41.0,0.0,10.0,11.0,9.0,4.0,3.0,7.0,0.0,1.0,,,1.0
20261112820,2026,28,Warriors,Dolphins,True,16,26,53.0,1661.0,83.0,36.0,43.0,187.0,1595.0,555.0,2.0,42.0,37.11,177.0,3.17,6.0,457.0,254.0,25.0,23.0,616.0,1.0,55.0,6.0,11.0,6.0,4.0,83.63,332.0,55.0,1.0,10.0,10.0,4.0,3.0,1.0,8.0,1.0,2.0,,,0.0
20261112830,2026,28,Cowboys,Sharks,False,16,26,46.0,1370.0,64.0,27.0,42.0,182.0,1522.0,463.0,6.0,30.0,36.25,119.0,3.37,4.0,392.0,230.0,19.0,16.0,471.0,4.0,30.0,3.0,10.0,3.0,3.0,88.13,349.0,38.0,1.0,9.0,18.0,6.0,2.0,1.0,6.0,0.0,,,,1.0
20261112830,2026,28,Sharks,Cowboys,True,26,16,54.0,1590.0,82.0,34.0,41.0,192.0,1758.0,618.0,5.0,38.0,42.89,170.0,3.46,4.0,423.0,221.0,7.0,21.0,688.0,0.0,100.0,7.0,7.0,8.0,1.0,89.83,309.0,30.0,1.0,5.0,10.0,9.0,1.0,1.0,8.0,1.0,,,,1.0
20261112840,2026,28,Roosters,Panthers,False,12,19,45.0,1581.0,73.0,30.0,41.0,175.0,1526.0,490.0,5.0,27.0,37.22,104.0,3.52,9.0,439.0,240.0,24.0,23.0,893.0,,57.0,12.0,21.0,7.0,0.0,90.83,436.0,31.0,2.0,13.0,12.0,7.0,1.0,1.0,8.0,1.0,0.0,,,0.0
20261112840,2026,28,Panthers,Roosters,True,19,12,55.0,1928.0,78.0,37.0,47.0,226.0,1847.0,555.0,2.0,31.0,39.31,188.0,3.24,11.0,522.0,282.0,27.0,26.0,641.0,,56.0,5.0,9.0,14.0,2.0,89.42,355.0,27.0,0.0,15.0,13.0,2.0,1.0,1.0,8.0,1.0,1.0,,,1.0
20261112910,2026,29,Sharks,Roosters,False,10,46,49.0,1465.0,75.0,27.0,36.0,180.0,1426.0,426.0,3.0,20.0,39.63,140.0,3.49,10.0,418.0,236.0,16.0,15.0,479.0,3.0,30.0,3.0,10.0,3.0,1.0,84.92,338.0,48.0,,12.0,9.0,4.0,6.0,0.0,8.0,,,,,
20261112910,2026,29,Roosters,Sharks,True,46,10,51.0,1626.0,79.0,31.0,39.0,184.0,1665.0,496.0,9.0,48.0,42.71,176.0,3.42,9.0,413.0,228.0,30.0,16.0,436.0,1.0,75.0,6.0,8.0,4.0,2.0,90.23,314.0,20.0,,14.0,10.0,3.0,5.0,2.0,8.0,,,,,
20261112920,2026,29,Knights,Warriors,False,12,10,49.0,1716.0,73.0,31.0,42.0,190.0,1675.0,491.0,6.0,45.0,39.88,117.0,3.51,4.0,492.0,292.0,15.0,23.0,649.0,2.0,59.0,10.0,17.0,10.0,2.0,81.49,361.0,62.0,2.0,20.0,17.0,3.0,1.0,1.0,8.0,1.0,,,,
20261112920,2026,29,Warriors,Knights,True,10,12,51.0,1850.0,78.0,33.0,42.0,221.0,1962.0,563.0,7.0,62.0,46.72,155.0,3.21,14.0,523.0,304.0,23.0,22.0,493.0,0.0,62.0,8.0,13.0,9.0,3.0,88.02,360.0,45.0,0.0,4.0,14.0,5.0,1.0,1.0,7.0,1.0,,,,
20261113010,2026,30,Roosters,Dolphins,False,36,20,50.0,1590.0,85.0,36.0,42.0,169.0,1808.0,619.0,8.0,41.0,43.05,214.0,3.39,5.0,427.0,234.0,21.0,22.0,627.0,2.0,45.0,5.0,11.0,7.0,1.0,89.08,359.0,32.0,2.0,12.0,10.0,4.0,3.0,2.0,8.0,0.0,,,,
20261113010,2026,30,Dolphins,Roosters,True,20,36,50.0,1597.0,81.0,31.0,38.0,192.0,1599.0,498.0,4.0,32.0,42.08,156.0,3.43,10.0,464.0,267.0,11.0,19.0,597.0,0.0,50.0,6.0,12.0,6.0,1.0,88.1,370.0,41.0,0.0,9.0,11.0,3.0,2.0,1.0,8.0,1.0,,,,
20261113020,2026,30,Knights,Panthers,False,22,14,46.0,1561.0,81.0,31.0,38.0,164.0,1516.0,416.0,4.0,31.0,39.9,108.0,3.5,2.0,433.0,252.0,13.0,21.0,716.0,0.0,41.0,9.0,22.0,6.0,2.0,90.07,408.0,32.0,1.0,13.0,9.0,6.0,1.0,,8.0,,,,1.0,0.0
20261113020,2026,30,Panthers,Knights,True,14,22,54.0,1855.0,76.0,32.0,42.0,220.0,1973.0,577.0,2.0,32.0,46.98,235.0,3.12,9.0,527.0,316.0,21.0,23.0,363.0,3.0,88.0,7.0,8.0,10.0,5.0,90.79,345.0,31.0,0.0,4.0,15.0,3.0,2.0,,8.0,,,,0.0,1.0
20261113110,2026,31,Knights,Roosters,False,18,19,42.0,1467.0,75.0,28.0,37.0,176.0,1447.0,414.0,2.0,21.0,39.13,100.0,3.3,5.0,430.0,241.0,13.0,22.0,854.0,0.0,36.0,9.0,25.0,2.0,2.0,86.86,443.0,47.0,0.0,20.0,9.0,4.0,2.0,1.0,8.0,,,,,
20261113110,2026,31,Roosters,Knights,True,19,18,58.0,2006.0,90.0,38.0,42.0,240.0,2101.0,717.0,3.0,47.0,50.03,333.0,3.58,11.0,540.0,289.0,27.0,29.0,618.0,3.0,75.0,6.0,8.0,19.0,4.0,91.59,316.0,21.0,1.0,8.0,14.0,2.0,1.0,0.0,7.0,,,,,
