market,side,prob,odds,close_odds,result,clv,season,edge,profit,profit_close,model
head to head,home,0.4371818795053196,2.5,2.1,0.0,0.0761762222733901,2023,0.09295469876329898,-1.0,-1.0,A
head to head,home,0.607107279528242,1.56,1.75,1.0,-0.05969051729650232,2023,-0.05291264393594253,0.56,0.75,A
head to head,home,0.8345650196172333,1.22,1.22,0.0,0.005743807359606223,2023,0.018169323933024506,-1.0,-1.0,A
head to head,home,0.5506415571544535,1.8,1.47,1.0,0.1228629562541872,2023,-0.008845197121983617,0.8,0.47,A
head to head,home,0.6889017382122993,1.44,1.28,1.0,0.09010997094413176,2023,-0.00798149697428907,0.43999999999999995,0.28,A
head to head,home,0.500988981984015,2.05,2.75,0.0,-0.11487016153423574,2023,0.027027413067230555,-1.0,-1.0,A
head to head,home,0.5868861872045164,2.05,1.54,0.0,0.1587199244160437,2023,0.2031166837692584,-1.0,-1.0,A
head to head,home,0.6879398527567011,1.44,1.52,1.0,-0.027527116944672247,2023,-0.009366612030350385,0.43999999999999995,0.52,A
head to head,home,0.6036338263829312,1.62,1.47,0.0,0.0690030110404819,2023,-0.022113201259651438,-1.0,-1.0,A
head to head,home,0.4508028481357785,2.1,1.77,1.0,0.08809020436927406,2023,-0.0533140189148652,1.1,0.77,A
head to head,home,0.7702797956885086,1.18,1.24,1.0,-0.026877013856252407,2023,-0.09106984108755989,0.17999999999999994,0.24,A
head to head,home,0.7922732364558207,1.35,1.38,0.0,-0.007831782798557008,2023,0.06956886921535799,-1.0,-1.0,A
head to head,home,0.6294024049358196,1.56,1.58,0.0,-0.0030321219284294987,2023,-0.0181322483001215,-1.0,-1.0,A
head to head,home,0.5910293845002736,1.62,2.1,1.0,-0.12937035279227965,2023,-0.042532397109556586,0.6200000000000001,1.1,A
head to head,home,0.5921135663071515,1.82,1.65,1.0,0.058718271588574455,2023,0.07764669067901586,0.8200000000000001,0.6499999999999999,A
head to head,home,0.553313518630391,1.75,2.18,1.0,-0.10731021555763842,2023,-0.03170134239681577,0.75,1.1800000000000002,A
head to head,home,0.3461450900389179,2.75,2.8,1.0,-0.0009758001561279706,2023,-0.04810100239297577,1.75,1.7999999999999998,A
head to head,home,0.7683679571356806,1.27,1.3,0.0,-0.00701195219123496,2023,-0.02417269443768555,-1.0,-1.0,A
head to head,home,0.701531614311369,1.31,1.27,1.0,0.031362555081720145,2023,-0.08099358525210654,0.31000000000000005,0.27,A
head to head,home,0.6358701662893338,1.62,1.35,1.0,0.12603126356925753,2023,0.03010966938872084,0.6200000000000001,0.3500000000000001,A
head to head,home,0.5242529811803462,1.952,2.18,1.0,-0.04824699110413411,2023,0.02334181926403578,0.952,1.1800000000000002,A
head to head,home,0.3223855298128371,3.35,3.0,1.0,0.03662037426215742,2023,0.07999152487300432,2.35,2.0,A
head to head,home,0.7424728969481897,1.333,1.28,1.0,0.03513392349833211,2023,-0.010283628368063069,0.33299999999999996,0.28,A
head to head,home,0.7439404020056708,1.31,1.5,1.0,-0.09172839755364026,2023,-0.0254380733725712,0.31000000000000005,0.5,A
head to head,home,0.7022049335154041,1.45,1.63,1.0,-0.06430964345537193,2023,0.01819715359733598,0.44999999999999996,0.6299999999999999,A
head to head,home,0.5851336552530627,1.91,1.77,1.0,0.04263565891472865,2023,0.1176052815333497,0.9099999999999999,0.77,A
head to head,home,0.3669917422670121,2.45,2.55,1.0,-0.012499314062033029,2023,-0.1008702314458203,1.4500000000000002,1.5499999999999998,A
head to head,home,0.3976173080403773,2.45,2.85,0.0,-0.05181812909586492,2023,-0.025837595301075544,-1.0,-1.0,A
head to head,home,0.6855870368385768,1.47,1.54,1.0,-0.02401013174790234,2023,0.007812944152707946,0.47,0.54,A
head to head,home,0.3239085679775698,3.25,4.25,0.0,-0.06761305139779838,2023,0.05270284592710173,-1.0,-1.0,A
head to head,home,0.6684377095561291,1.47,1.53,0.0,-0.02248201438848918,2023,-0.017396566952490145,-1.0,-1.0,A
head to head,home,0.8533759403061164,1.13,1.15,1.0,-0.0023538873468746946,2023,-0.03568518745408855,0.1299999999999999,0.1499999999999999,A
head to head,home,0.7686310119699866,1.36,1.22,0.0,0.08495890074837442,2023,0.0453381762791818,-1.0,-1.0,A
head to head,home,0.4660765174926074,2.0,1.91,1.0,0.022247873466078427,2023,-0.06784696501478515,1.0,0.9099999999999999,A
head to head,home,0.5294620265410858,2.2,1.7,1.0,0.12886597938144329,2023,0.16481645839038883,1.2000000000000002,0.7,A
head to head,home,0.3448147477599699,2.7,4.5,0.0,-0.1392312723247975,2023,-0.06900018104808125,-1.0,-1.0,A
head to head,home,0.7276839148007781,1.4,1.22,0.0,0.1048951048951049,2023,0.018757480721089292,-1.0,-1.0,A
head to head,home,0.7990941667545781,1.44,1.3,1.0,0.0796226415094341,2023,0.15069560012659244,0.43999999999999995,0.30000000000000004,A
head to head,home,0.7872032236309852,1.25,1.14,0.0,0.07843137254901955,2023,-0.01599597046126855,-1.0,-1.0,A
head to head,home,0.5784766016012797,1.56,2.0,1.0,-0.13045308805907302,2023,-0.0975765015020037,0.56,1.0,A
head to head,home,0.5227311618548794,1.82,1.952,1.0,-0.030309949818683957,2023,-0.04862928542411937,0.8200000000000001,0.952,A
head to head,home,0.2167072821998712,3.85,4.25,0.0,-0.025012140082266876,2023,-0.16567696353049588,-1.0,-1.0,A
head to head,home,0.3328809166930456,3.0,3.7,0.0,-0.05818181818181811,2023,-0.0013572499208631683,-1.0,-1.0,A
head to head,home,0.5183470877121694,2.15,2.25,1.0,-0.016963528413910023,2023,0.1144462385811642,1.15,1.25,A
head to head,home,0.3725564513543334,1.82,2.62,1.0,-0.15641045096997758,2023,-0.3219472585351132,0.8200000000000001,1.62,A
head to head,home,0.4473748271559101,2.0,1.93,1.0,0.02356020942408371,2023,-0.10525034568817981,1.0,0.9299999999999999,A
head to head,home,0.1398960189004471,5.0,6.0,0.0,-0.0312746457806424,2023,-0.30051990549776453,-1.0,-1.0,A
head to head,home,0.28346895772435,3.75,3.5,0.0,0.021338963940338906,2023,0.06300859146631255,-1.0,-1.0,A
head to head,home,0.6696575938109237,1.52,1.44,1.0,0.04166713844133196,2023,0.01787954259260416,0.52,0.43999999999999995,A
head to head,home,0.7369901322781889,1.56,1.3,1.0,0.12902743142144646,2023,0.14970460635397465,0.56,0.30000000000000004,A
head to head,home,0.3744801134656007,2.75,2.55,1.0,0.031290022121318095,2023,0.02982031203040192,1.75,1.5499999999999998,A
head to head,home,0.5752221188325926,1.72,2.3,0.0,-0.1378340365682138,2023,-0.010617955607940766,-1.0,-1.0,A
head to head,home,0.2722750340391583,3.0,5.6,0.0,-0.14658418504572343,2023,-0.18317489788252506,-1.0,-1.0,A
head to head,home,0.6991833364745716,1.45,1.65,1.0,-0.07248342374924643,2023,0.01381583788812879,0.44999999999999996,0.6499999999999999,A
head to head,home,0.6568011003118492,1.68,1.8,1.0,-0.034542776810817966,2023,0.10342584852390657,0.6799999999999999,0.8,A
head to head,home,0.3541102704384549,2.75,4.0,0.0,-0.10425137797054299,2023,-0.026196756294249113,-1.0,-1.0,A
head to head,home,0.7751391125454583,1.25,1.18,1.0,0.05314226003881173,2023,-0.03107610931817706,0.25,0.17999999999999994,A
head to head,home,0.8082462920437371,1.25,1.27,1.0,-0.0028914791723140265,2023,0.010307865054671295,0.25,0.27,A
head to head,home,0.7790202268783448,1.25,1.27,1.0,-0.0028914791723140265,2023,-0.026224716402069026,0.25,0.27,A
head to head,home,0.7668711854330513,1.333,1.5,1.0,-0.07420508057751385,2023,0.022239290182257454,0.33299999999999996,0.5,A
head to head,home,0.5022011280063261,1.68,2.45,0.0,-0.1749507559284746,2023,-0.15630210494937213,-1.0,-1.0,A
head to head,home,0.6576961904276966,1.45,1.6,1.0,-0.05476190476190468,2023,-0.04634052387984,0.44999999999999996,0.6000000000000001,A
head to head,home,0.7495391580998341,1.36,1.56,0.0,-0.08599083916688266,2023,0.01937325501577436,-1.0,-1.0,A
head to head,home,0.9100641677218329,1.1,1.09,0.0,0.015890477936682745,2023,0.0010705844940162024,-1.0,-1.0,A
head to head,home,0.3813071951111954,2.35,2.85,0.0,-0.06785398881365912,2023,-0.10392809148869087,-1.0,-1.0,A
head to head,home,0.6464071968665731,1.68,1.47,0.0,0.08872739563968235,2023,0.08596409073584277,-1.0,-1.0,A
head to head,home,0.3592851528365877,2.4,2.8,0.0,-0.05272262954114837,2023,-0.1377156331921896,-1.0,-1.0,A
head to head,home,0.3630344914876309,2.8,3.7,0.0,-0.08259452905963471,2023,0.016496576165366372,-1.0,-1.0,A
head to head,home,0.1831021641165406,4.0,4.25,0.0,-0.012230028623471195,2023,-0.2675913435338376,-1.0,-1.0,A
head to head,home,0.720578383858002,1.5,1.27,0.0,0.12486694126903308,2023,0.08086757578700299,-1.0,-1.0,A
head to head,home,0.475206446570745,1.91,2.0,0.0,-0.019480519480519376,2023,-0.09235568704987707,-1.0,-1.0,A
head to head,home,0.4227211492439215,2.6,2.1,1.0,0.09151068254868588,2023,0.0990749880341959,1.6,1.1,A
head to head,home,0.7520207575975131,1.4,1.24,0.0,0.09231660871005143,2023,0.052829060636518266,-1.0,-1.0,A
head to head,home,0.3301899136733526,2.75,2.9,1.0,-0.013440860215053696,2023,-0.09197773739828041,1.75,1.9,A
head to head,home,0.5714638581903607,1.72,1.68,1.0,0.016963528413910134,2023,-0.01708216391257955,0.72,0.6799999999999999,A
head to head,home,0.4657938594312117,2.15,2.18,0.0,-0.0034188034188035177,2023,0.0014567977771051677,-1.0,-1.0,A
head to head,home,0.7444827453429392,1.54,1.47,1.0,0.03284688658439294,2023,0.14650342782812653,0.54,0.47,A
head to head,home,0.9009787537504688,1.15,1.14,1.0,0.018669813912318145,2023,0.03612556681303891,0.1499999999999999,0.1399999999999999,A
head to head,home,0.6682630709110263,1.62,1.44,1.0,0.08146807109940757,2023,0.08258617487586273,0.6200000000000001,0.43999999999999995,A
head to head,home,0.4797468515470375,2.4,1.68,1.0,0.17553415934635014,2023,0.15139244371288996,1.4,0.6799999999999999,A
head to head,home,0.5231524701805869,1.82,1.77,1.0,0.01907544949064488,2023,-0.047862504271331874,0.8200000000000001,0.77,A
head to head,home,0.3927308967464584,2.35,2.6,0.0,-0.036131252304289097,2023,-0.07708239264582273,-1.0,-1.0,A
head to head,home,0.3648605681166775,1.91,3.35,0.0,-0.2127659574468086,2023,-0.30311631489714597,-1.0,-1.0,A
head to head,home,0.3842295874316557,3.0,2.75,1.0,0.030159414045669963,2023,0.15268876229496708,2.0,1.75,A
head to head,home,0.7974973154961866,1.4,1.333,0.0,0.042369693207682135,2023,0.1164962416946611,-1.0,-1.0,A
head to head,home,0.7968981928532202,1.27,1.36,1.0,-0.04696397098698468,2023,0.012060704923589682,0.27,0.3600000000000001,A
head to head,home,0.375347353498877,2.35,2.18,1.0,0.0359623498864004,2023,-0.11793371927763907,1.35,1.1800000000000002,A
head to head,home,0.4017094891453319,2.6,2.8,0.0,-0.021591363454618206,2023,0.04444467177786304,-1.0,-1.0,A
head to head,home,0.5649510861150657,1.87,2.0,1.0,-0.030207887350744478,2023,0.056458531035173065,0.8700000000000001,1.0,A
head to head,home,0.6331778345102249,1.62,1.58,0.0,0.021205752772573194,2023,0.025748091906564463,-1.0,-1.0,A
head to head,home,0.6379495671445681,1.65,1.47,1.0,0.07473569084943499,2023,0.052616785788537346,0.6499999999999999,0.47,A
head to head,home,0.7651943879604377,1.27,1.18,1.0,0.057108363673139206,2023,-0.0282031272902441,0.27,0.17999999999999994,A
head to head,home,0.5706109598952862,1.47,1.42,0.0,0.031251017285718996,2023,-0.16120188895392928,-1.0,-1.0,A
head to head,home,0.6495430807026339,1.952,1.65,0.0,0.09300584888288321,2023,0.26790809353154144,-1.0,-1.0,A
head to head,home,0.5547607594868014,1.48,1.32,1.0,0.0844945897340581,2023,-0.17895407595953394,0.48,0.32000000000000006,A
head to head,home,0.4774646223589412,2.2,2.05,0.0,0.03454277681081808,2023,0.050422169189670685,-1.0,-1.0,A
head to head,home,0.6022961096949442,1.45,1.42,1.0,0.02397112691230352,2023,-0.12667064094233094,0.44999999999999996,0.41999999999999993,A
head to head,home,0.3065964439752662,2.75,3.4,0.0,-0.06359854315696267,2023,-0.15685977906801796,-1.0,-1.0,A
head to head,home,0.6608389624146317,1.52,1.58,0.0,-0.01859517988550241,2023,0.00447522287024027,-1.0,-1.0,A
head to head,home,0.738253769443143,1.38,1.3,1.0,0.04803571428571429,2023,0.018790201831537345,0.3799999999999999,0.30000000000000004,A
head to head,home,0.329623373079259,2.55,3.0,1.0,-0.052197405138581676,2023,-0.15946039864788963,1.5499999999999998,2.0,A
head to head,home,0.923804066359096,1.19,1.11,1.0,0.06430539624780818,2023,0.09932683896732408,0.18999999999999995,0.1100000000000001,A
head to head,home,0.5973558444623348,1.52,1.85,1.0,-0.10705510705510701,2023,-0.09201911641725113,0.52,0.8500000000000001,A
head to head,home,0.5998678203897431,1.52,1.5,0.0,0.014612698823225245,2023,-0.08820091300759048,-1.0,-1.0,A
head to head,home,0.6492836691422543,1.52,1.4,1.0,0.06235326235326233,2023,-0.013088822903773445,0.52,0.3999999999999999,A
head to head,home,0.2853787907532776,3.2,2.25,1.0,0.1292353019954467,2023,-0.08678786958951168,2.2,1.25,A
head to head,home,0.8264972792269011,1.25,1.19,1.0,0.04584968074467266,2023,0.03312159903362644,0.25,0.18999999999999995,A
head to head,home,0.2876434081693202,3.0,2.5,0.0,0.06605463502015235,2023,-0.13706977549203936,-1.0,-1.0,A
head to head,home,0.5637864078711843,1.58,1.63,1.0,-0.012562814070351647,2023,-0.10921747556352879,0.5800000000000001,0.6299999999999999,A
head to head,home,0.2987612242511208,3.0,2.75,0.0,0.03169997850848927,2023,-0.10371632724663771,-1.0,-1.0,A
head to head,home,0.4170892420761879,2.55,1.8,1.0,0.15900315900315903,2023,0.0635775672942791,1.5499999999999998,0.8,A
head to head,home,0.4547252890528942,2.15,1.53,0.0,0.18055555555555558,2023,-0.022340628536277496,-1.0,-1.0,A
head to head,home,0.7726594924076604,1.22,1.56,1.0,-0.15914420227946113,2023,-0.057355419262654306,0.21999999999999997,0.56,A
head to head,home,0.3515990685751238,2.25,2.75,0.0,-0.07473569084943493,2023,-0.2089020957059715,-1.0,-1.0,A
head to head,home,0.7653349603362931,1.47,1.12,1.0,0.21020540619600891,2023,0.12504239169435083,0.47,0.1200000000000001,A
head to head,home,0.4535719250688431,1.82,2.62,0.0,-0.15948253952117109,2023,-0.1744990963747055,-1.0,-1.0,A
head to head,home,0.2645611791390848,2.45,2.8,0.0,-0.04785096083321111,2023,-0.3518251111092422,-1.0,-1.0,A
head to head,home,0.8028033236973262,1.28,1.6,1.0,-0.1455268389662029,2023,0.02758825433257761,0.28,0.6000000000000001,A
head to head,home,0.7749563245657128,1.38,1.25,1.0,0.06994047619047605,2023,0.06943972790068353,0.3799999999999999,0.25,A
head to head,home,0.7997723841820124,1.35,1.25,0.0,0.06199677938808379,2023,0.07969271864571681,-1.0,-1.0,A
head to head,home,0.7805099261270818,1.35,1.48,0.0,-0.05640353582074209,2023,0.05368840027156052,-1.0,-1.0,A
head to head,home,0.7230092170871538,1.42,1.65,0.0,-0.08901781528363806,2023,0.02667308826375847,-1.0,-1.0,A
head to head,home,0.8395004953540912,1.28,1.11,1.0,0.11325178698799565,2023,0.07456063405323676,0.28,0.1100000000000001,A
head to head,home,0.4882731014301411,2.5,1.5,0.0,0.25473421128520624,2023,0.2206827535753526,-1.0,-1.0,A
head to head,home,0.3918820408749865,2.2,1.72,0.0,0.1259846682527095,2023,-0.1378595100750296,-1.0,-1.0,A
head to head,home,0.6533639255705721,1.5,1.65,1.0,-0.05186786045075653,2023,-0.019954111644141848,0.5,0.6499999999999999,A
head to head,home,0.7968326134139287,1.45,1.13,1.0,0.19713848842289228,2023,0.15540728945019655,0.44999999999999996,0.1299999999999999,A
head to head,home,0.8162327379086036,1.28,1.35,1.0,-0.03900509983576805,2023,0.04477790452301256,0.28,0.3500000000000001,A
head to head,home,0.4454517593304437,2.0,2.18,0.0,-0.038295460679009186,2023,-0.10909648133911265,-1.0,-1.0,A
head to head,home,0.4926144252579097,2.05,1.57,1.0,0.1447007780938649,2023,0.009859571778714882,1.0499999999999998,0.5700000000000001,A
head to head,home,0.2348591774908798,3.2,11.0,0.0,-0.21110868457450682,2023,-0.2484506320291846,-1.0,-1.0,A
head to head,home,0.3919608573331067,2.9,4.25,0.0,-0.1028384942319368,2023,0.13668648626600932,-1.0,-1.0,A
head to head,home,0.6876693468560842,1.68,2.55,0.0,-0.1920103092783505,2023,0.15528450271822125,-1.0,-1.0,A
head to head,home,0.7484261922518538,1.5,1.6,0.0,-0.034146341463414775,2023,0.12263928837778071,-1.0,-1.0,A
head to head,home,0.6726106174133365,1.62,1.68,0.0,-0.014215609908085236,2023,0.0896292002096053,-1.0,-1.0,A
head to head,home,0.7949098327182922,1.31,1.22,1.0,0.05906255906255897,2023,0.041331880860962844,0.31000000000000005,0.21999999999999997,A
head to head,home,0.2609279796674097,3.5,2.9,0.0,0.05944796267376917,2023,-0.08675207116406602,-1.0,-1.0,A
head to head,home,0.4565669354380549,1.91,2.45,0.0,-0.10794044665012409,2023,-0.12795715331331525,-1.0,-1.0,A
head to head,home,0.3869986847085749,2.3,2.75,0.0,-0.0633835094321416,2023,-0.10990302517027783,-1.0,-1.0,A
head to head,home,0.4886270024928908,1.91,1.85,1.0,0.019480519480519543,2023,-0.06672242523857863,0.9099999999999999,0.8500000000000001,A
head to head,home,0.1695741320052061,3.75,3.7,0.0,0.007011952191235016,2023,-0.36409700498047715,-1.0,-1.0,A
head to head,home,0.8276113485420851,1.35,1.25,1.0,0.05538302277432705,2023,0.11727532053181489,0.3500000000000001,0.25,A
head to head,home,0.6091090882894044,1.68,1.54,1.0,0.05646157336223634,2023,0.023303268326199333,0.6799999999999999,0.54,A
head to head,home,0.7568119571068077,1.5,1.42,1.0,0.04458669021079342,2023,0.13521793566021145,0.5,0.41999999999999993,A
head to head,home,0.6144504678804521,1.68,1.93,0.0,-0.0670103092783505,2023,0.03227678603915951,-1.0,-1.0,A
head to head,home,0.4781243205045981,2.02,2.22,0.0,-0.037530719093920306,2023,-0.034188872580711904,-1.0,-1.0,A
head to head,home,0.2971704206052008,3.2,3.2,1.0,0.0,2023,-0.049054654063357295,2.2,2.2,A
head to head,home,0.6325146476062948,1.65,1.38,1.0,0.11504120879120894,2023,0.043649168550386364,0.6499999999999999,0.3799999999999999,A
head to head,home,0.9819805123072832,1.04,1.025,1.0,0.0224161790391878,2023,0.021259732799574493,0.040000000000000036,0.02499999999999991,A
head to head,home,0.7248923601566157,1.3,1.35,0.0,-0.0250164581961817,2023,-0.05763993179639948,-1.0,-1.0,A
head to head,home,0.7422764150584065,1.36,1.38,1.0,-0.003064429633034438,2023,0.009495924479432816,0.3600000000000001,0.3799999999999999,A
head to head,home,0.1400354553193419,5.5,10.0,0.0,-0.0770914628343009,2023,-0.22980499574361957,-1.0,-1.0,A
head to head,home,0.6984209732578972,1.36,1.44,1.0,-0.037418721629247864,2023,-0.05014747636925976,0.3600000000000001,0.43999999999999995,A
head to head,home,0.6430435407386199,1.4,1.65,0.0,-0.09953970080552355,2023,-0.09973904296593217,-1.0,-1.0,A
head to head,home,0.3879505081777888,2.6,2.85,0.0,-0.02864435621100403,2023,0.008671321262250897,-1.0,-1.0,A
head to head,home,0.9161841992112286,1.25,1.12,1.0,0.09111361079865032,2023,0.1452302490140358,0.25,0.1200000000000001,A
head to head,home,0.3886014285769653,2.6,2.3,1.0,0.051867860450756365,2023,0.01036371430010985,1.6,1.2999999999999998,A
head to head,home,0.303317625987884,2.45,3.3,1.0,-0.09718193785921453,2023,-0.25687181632968425,1.4500000000000002,2.3,A
head to head,home,0.606366793469415,1.58,1.58,1.0,0.004925371273239776,2023,-0.041940466318324265,0.5800000000000001,0.5800000000000001,A
head to head,home,0.2899000362380579,2.75,3.2,0.0,-0.04392805156997298,2023,-0.20277490034534085,-1.0,-1.0,A
head to head,home,0.8524564914588977,1.35,1.19,1.0,0.10123270351899971,2023,0.15081626346951205,0.3500000000000001,0.18999999999999995,A
head to head,home,0.5077240866711731,1.91,1.93,0.0,0.0,2023,-0.03024699445805945,-1.0,-1.0,A
head to head,home,0.3501795461553197,2.45,3.7,0.0,-0.1290274314214463,2023,-0.14206011191946666,-1.0,-1.0,A
head to head,home,0.7569691967457584,1.47,1.24,0.0,0.12665277613974402,2023,0.11274471921626472,-1.0,-1.0,A
head to head,home,0.7943861621764552,1.31,1.14,1.0,0.11268540680305372,2023,0.04064587245115625,0.31000000000000005,0.1399999999999999,A
head to head,home,0.8143460824153237,1.21,1.28,1.0,-0.045119180751025056,2023,-0.01464124027745839,0.20999999999999996,0.28,A
head to head,home,0.1582859067533185,5.0,6.5,0.0,-0.0428389045116577,2023,-0.20857046623340758,-1.0,-1.0,A
head to head,home,0.7495616256670117,1.45,1.28,1.0,0.0957254246727931,2023,0.08686435721716701,0.44999999999999996,0.28,A
head to head,home,0.7813416135092285,1.35,1.25,1.0,0.05538302277432705,2023,0.05481117823745851,0.3500000000000001,0.25,A
head to head,home,0.8671328656208527,1.14,1.11,1.0,0.03268206470788371,2023,-0.01146853319222807,0.1399999999999999,0.1100000000000001,A
head to head,home,0.1169607287924936,6.0,5.0,0.0,0.032453237834574794,2023,-0.2982356272450384,-1.0,-1.0,A
head to head,home,0.7747468787735584,1.333,1.28,1.0,0.03513392349833211,2023,0.03273758940515337,0.33299999999999996,0.28,A
head to head,home,0.7860579455661103,1.3,1.24,1.0,0.03944091297721275,2023,0.021875329235943486,0.30000000000000004,0.24,A
head to head,home,0.8486022137079288,1.2,1.28,1.0,-0.04261611884116434,2023,0.018322656449514474,0.19999999999999996,0.28,A
head to head,home,0.5653341684200013,1.58,1.58,0.0,0.004925371273239776,2023,-0.1067720138963979,-1.0,-1.0,A
head to head,home,0.787226619085423,1.38,1.19,1.0,0.11579015693514871,2023,0.08637273433788373,0.3799999999999999,0.18999999999999995,A
head to head,home,0.5595850004640716,1.65,2.35,0.0,-0.1673753382296096,2023,-0.07668474923428192,-1.0,-1.0,A
head to head,home,0.4233534511873215,2.25,1.5,1.0,0.21807140228192878,2023,-0.04745473482852669,1.25,0.5,A
head to head,home,0.1067172721483281,5.5,9.0,0.0,-0.0666761242729465,2023,-0.4130550031841954,-1.0,-1.0,A
head to head,home,0.1701730983197028,3.85,5.5,0.0,-0.07511454417293228,2023,-0.3448335714691443,-1.0,-1.0,A
head to head,home,0.4781807785738345,2.0,2.35,1.0,-0.0683793371754125,2023,-0.04363844285233098,1.0,1.35,A
head to head,home,0.8028498285950041,1.3,1.38,1.0,-0.03600392121914264,2023,0.043704777173505294,0.30000000000000004,0.3799999999999999,A
head to head,home,0.8974267908008713,1.14,1.1,0.0,0.04457806344598769,2023,0.023066541512993144,-1.0,-1.0,A
head to head,home,0.8863206569315438,1.15,1.13,1.0,0.02483272401186465,2023,0.01926875547127538,0.1499999999999999,0.1299999999999999,A
head to head,home,0.3728337339853262,3.2,3.2,0.0,0.0015355675841682848,2023,0.193067948753044,-1.0,-1.0,A
head to head,home,0.9104352787438704,1.14,1.09,1.0,0.045545193125988925,2023,0.03789621776801222,0.1399999999999999,0.09000000000000008,A
head to head,home,0.860029164840618,1.18,1.17,1.0,0.012856319546039052,2023,0.01483441451192924,0.17999999999999994,0.16999999999999993,A
head to head,home,0.2826366815487869,3.2,3.3,0.0,-0.007923033389926393,2023,-0.09556261904388186,-1.0,-1.0,A
head to head,home,0.2820810232830538,3.1,2.5,0.0,0.07620073891625628,2023,-0.12554882782253318,-1.0,-1.0,A
head to head,home,0.5099158868114039,1.82,1.42,1.0,0.1551728222501244,2023,-0.0719530860032449,0.8200000000000001,0.41999999999999993,A
head to head,home,0.568232786144387,1.62,1.56,0.0,0.02902885292047863,2023,-0.079462886446093,-1.0,-1.0,A
head to head,home,0.7763315088806,1.38,1.2,1.0,0.09750939849624052,2023,0.07133748225522796,0.3799999999999999,0.19999999999999996,A
head to head,home,0.520229149395929,1.91,1.7,0.0,0.061855670103092786,2023,-0.0063623246537756195,-1.0,-1.0,A
head to head,home,0.5065913489451841,1.87,1.5,1.0,0.1304209574886267,2023,-0.05267417747250569,0.8700000000000001,0.5,A
head to head,home,0.7712191028878999,1.62,1.22,1.0,0.1999785928357357,2023,0.24937494667839788,0.6200000000000001,0.21999999999999997,A
head to head,home,0.338283826609343,2.75,1.91,0.0,0.15344956880389954,2023,-0.06971947682430679,-1.0,-1.0,A
head to head,home,0.7694916549634977,1.36,1.24,1.0,0.07238040456332095,2023,0.04650865075035693,0.3600000000000001,0.24,A
head to head,home,0.750631352469917,1.44,1.28,1.0,0.08259452905963482,2023,0.08090914755668033,0.43999999999999995,0.28,A
head to head,home,0.623690766952276,1.58,1.63,1.0,-0.012562814070351647,2023,-0.014568588215403855,0.5800000000000001,0.6299999999999999,A
head to head,home,0.885786837184104,1.21,1.12,1.0,0.06959635228327221,2023,0.07180207299276575,0.20999999999999996,0.1200000000000001,A
head to head,home,0.5834130365031279,1.78,2.02,0.0,-0.059514846862402215,2023,0.03847520497556767,-1.0,-1.0,A
head to head,home,0.846816594053509,1.25,1.17,1.0,0.060013046314416285,2023,0.05852074256688611,0.25,0.16999999999999993,A
head to head,home,0.7039705458716372,1.4,1.38,1.0,0.016871774513696036,2023,-0.014441235779708017,0.3999999999999999,0.3799999999999999,A
head to head,home,0.5749688248473555,1.52,1.52,1.0,0.006314615010267199,2023,-0.12604738623201972,0.52,0.52,A
head to head,home,0.8504355363973763,1.25,1.19,1.0,0.04584968074467266,2023,0.06304442049672043,0.25,0.18999999999999995,A
head to head,home,0.8065576715615028,1.27,1.25,1.0,0.009951636904761973,2023,0.02432824288310864,0.27,0.25,A
head to head,home,0.689339790154538,1.65,1.6,1.0,0.023076923076923106,2023,0.1374106537549875,0.6499999999999999,0.6000000000000001,A
head to head,home,0.3904391146827238,2.6,1.952,1.0,0.1273966010688144,2024,0.01514169817508182,1.6,0.952,A
head to head,home,0.4249197235150386,2.4,2.45,1.0,-0.004925371273239665,2024,0.01980733643609267,1.4,1.4500000000000002,A
head to head,home,0.6541740194283612,1.44,1.37,0.0,0.039841459890177955,2024,-0.05798941202315999,-1.0,-1.0,A
head to head,home,0.604051887159867,1.6,1.54,0.0,0.028535173779827283,2024,-0.033516980544212704,-1.0,-1.0,A
head to head,home,0.4321522833183835,2.25,2.68,1.0,-0.0642252484357747,2024,-0.027657362533637153,1.25,1.6800000000000002,A
head to head,home,0.6264582292246117,1.48,1.38,1.0,0.05031779661016966,2024,-0.07284182074757473,0.48,0.3799999999999999,A
head to head,home,0.6662568655601435,1.42,1.52,0.0,-0.044760669760669725,2024,-0.05391525090459626,-1.0,-1.0,A
head to head,home,0.4459832021469486,2.65,2.45,0.0,0.033706042453992224,2024,0.18185548568941368,-1.0,-1.0,A
head to head,home,0.6960270191401583,1.44,1.38,1.0,0.03158692722371981,2024,0.002278907561827914,0.43999999999999995,0.3799999999999999,A
head to head,home,0.7385548191841774,1.42,1.27,1.0,0.08771698643615156,2024,0.04874784324153181,0.41999999999999993,0.27,A
head to head,home,0.7279955664556101,1.35,1.37,1.0,-0.006302920749690855,2024,-0.01720598528492623,0.3500000000000001,0.3700000000000001,A
head to head,home,0.6727681313193151,1.72,1.38,1.0,0.14313440077632222,2024,0.1571611858692219,0.72,0.3799999999999999,A
head to head,home,0.6718419536304205,1.54,1.44,1.0,0.0493908837888396,2024,0.034636608590847606,0.54,0.43999999999999995,A
head to head,home,0.686848828086742,1.5,1.42,1.0,0.04458669021079342,2024,0.030273242130113065,0.5,0.41999999999999993,A
head to head,home,0.4378372058589828,1.952,2.15,1.0,-0.04055468341182633,2024,-0.14534177416326566,0.952,1.15,A
head to head,home,0.5549405059222832,1.44,2.0,1.0,-0.17985787797108538,2024,-0.20088567147191227,0.43999999999999995,1.0,A
head to head,home,0.6990176352200652,1.56,1.24,1.0,0.16316222194967955,2024,0.09046751094330174,0.56,0.24,A
head to head,home,0.5855505765768936,1.36,1.36,1.0,0.0,2024,-0.20365121585542467,0.3600000000000001,0.3600000000000001,A
head to head,home,0.6352033701990648,1.65,1.56,1.0,0.03404949165547677,2024,0.04808556082845694,0.6499999999999999,0.56,A
head to head,home,0.5510680269211112,1.72,1.75,1.0,-0.004273504273504258,2024,-0.052162993695688664,0.72,0.75,A
head to head,home,0.3972278801147658,2.15,3.0,0.0,-0.1231774761186526,2024,-0.1459600577532536,-1.0,-1.0,A
head to head,home,0.2856290986553377,2.55,4.0,1.0,-0.1353691353691355,2024,-0.2716457984288889,1.5499999999999998,3.0,A
head to head,home,0.5851184632742932,1.65,1.75,1.0,-0.02564102564102555,2024,-0.03455453559741628,0.6499999999999999,0.75,A
head to head,home,0.4170480152089183,2.25,1.77,1.0,0.11955873583780563,2024,-0.06164196577993375,1.25,0.77,A
head to head,home,0.4735244787024126,2.35,1.54,0.0,0.21840859150134634,2024,0.11278252495066976,-1.0,-1.0,A
head to head,home,0.5613767708197664,1.44,1.53,1.0,-0.035377358490566,2024,-0.19161745001953634,0.43999999999999995,0.53,A
head to head,home,0.5744458406161435,1.44,2.0,1.0,-0.17985787797108538,2024,-0.1727979895127535,0.43999999999999995,1.0,A
head to head,home,0.3411676825127748,2.4,3.2,1.0,-0.09873931058802787,2024,-0.18119756196934056,1.4,2.2,A
head to head,home,0.4069048488259746,1.72,2.22,0.0,-0.1218820861678005,2024,-0.30012366001932367,-1.0,-1.0,A
head to head,home,0.6466695346806549,1.54,1.28,1.0,0.13167544824657884,2024,-0.004128916591791376,0.54,0.28,A
head to head,home,0.6104371024332993,1.4,1.67,1.0,-0.10783858998144702,2024,-0.14538805659338105,0.3999999999999999,0.6699999999999999,A
head to head,home,0.7180045870796425,1.31,1.45,0.0,-0.068827198238963,2024,-0.059413990925668236,-1.0,-1.0,A
head to head,home,0.6353530225530908,1.44,1.44,1.0,0.0039583058450983755,2024,-0.08509164752354925,0.43999999999999995,0.43999999999999995,A
head to head,home,0.3430343249713031,2.8,3.7,1.0,-0.08259452905963471,2024,-0.03950389008035138,1.7999999999999998,2.7,A
head to head,home,0.7385196413417858,1.38,1.52,1.0,-0.06542865917865925,2024,0.019157105051664347,0.3799999999999999,0.52,A
head to head,home,0.4959670067743449,1.72,2.05,0.0,-0.088023088023088,2024,-0.14693674834812676,-1.0,-1.0,A
head to head,home,0.4045510752199452,1.82,2.25,1.0,-0.09753980126081857,2024,-0.2637170430996997,0.8200000000000001,1.25,A
head to head,home,0.6698440229307838,1.56,1.45,1.0,0.04378933618335101,2024,0.04495667577202278,0.56,0.44999999999999996,A
head to head,home,0.8032835086145764,1.18,1.13,1.0,0.04566697564266187,2024,-0.05212545983479988,0.17999999999999994,0.1299999999999999,A
head to head,home,0.5225061978606876,1.82,1.8,1.0,0.008907323043448767,2024,-0.049038719893548466,0.8200000000000001,0.8,A
head to head,home,0.4963844988573018,2.25,1.57,0.0,0.186375813241485,2024,0.11686512242892899,-1.0,-1.0,A
head to head,home,0.7737799573184867,1.28,1.11,1.0,0.10861245144115572,2024,-0.009561654632337047,0.28,0.1100000000000001,A
head to head,home,0.7235182134417253,1.35,1.3,1.0,0.02264492753623193,2024,-0.023250411853670827,0.3500000000000001,0.30000000000000004,A
head to head,home,0.5190876690581886,1.87,2.3,1.0,-0.09300584888288332,2024,-0.029306058861187312,0.8700000000000001,1.2999999999999998,A
head to head,home,0.4489178914505296,1.87,3.7,0.0,-0.2507273678702251,2024,-0.1605235429875096,-1.0,-1.0,A
head to head,home,0.5768268733481796,1.82,1.833,0.0,-0.0017757064238228537,2024,0.0498249094936869,-1.0,-1.0,A
head to head,home,0.7699888803325936,1.44,1.37,1.0,0.039841459890177955,2024,0.10878398767893471,0.43999999999999995,0.3700000000000001,A
head to head,home,0.51977960587393,1.91,1.87,0.0,0.010727367870225102,2024,-0.00722095278079371,-1.0,-1.0,A
head to head,home,0.3272179410687813,2.75,3.2,1.0,-0.046992481203007475,2024,-0.10015066206085133,1.75,2.2,A
head to head,home,0.6124274694640351,1.72,1.38,0.0,0.13640873015873023,2024,0.053375247478140375,-1.0,-1.0,A
head to head,home,0.8404426441254458,1.16,1.18,1.0,-0.0026268230151725858,2024,-0.02508653281448292,0.15999999999999992,0.17999999999999994,A
head to head,home,0.2763260968740383,3.5,3.5,0.0,0.003462852624863788,2024,-0.03285866094086587,-1.0,-1.0,A
head to head,home,0.6878232915334519,1.38,1.4,1.0,-0.0030753968253969255,2024,-0.05080385768383644,0.3799999999999999,0.3999999999999999,A
head to head,home,0.405705417594234,2.4,1.93,1.0,0.10301507537688442,2024,-0.02630699777383838,1.4,0.9299999999999999,A
head to head,home,0.657894798020766,1.6,1.56,1.0,0.020826837937270026,2024,0.05263167683322556,0.6000000000000001,0.56,A
head to head,home,0.8333022448107148,1.21,1.25,0.0,-0.02618630639646402,2024,0.008295716220964922,-1.0,-1.0,A
head to head,home,0.3452209152658878,3.25,2.8,0.0,0.0461443806398687,2024,0.12196797461413533,-1.0,-1.0,A
head to head,home,0.8025077005232657,1.333,1.23,1.0,0.05812725704705968,2024,0.06974276479751307,0.33299999999999996,0.22999999999999998,A
head to head,home,0.6440359034564322,1.56,1.333,1.0,0.104380837357812,2024,0.004696009392034295,0.56,0.33299999999999996,A
head to head,home,0.3186065528854235,3.25,4.5,0.0,-0.0829519450800916,2024,0.03547129687762629,-1.0,-1.0,A
head to head,home,0.2865114038949743,2.75,3.35,0.0,-0.06059150117446077,2024,-0.21209363928882063,-1.0,-1.0,A
head to head,home,0.6015316110935477,1.82,1.45,0.0,0.1312016953378209,2024,0.09478753219025693,-1.0,-1.0,A
head to head,home,0.4070642779408975,2.0,2.9,0.0,-0.14773608687221268,2024,-0.185871444118205,-1.0,-1.0,A
head to head,home,0.1400215360209272,4.4,,0.0,,2024,-0.38390524150792027,-1.0,-1.0,A
head to head,home,0.7074558004156587,1.28,,0.0,,2024,-0.09445657546795683,-1.0,-1.0,A
head to head,home,0.6192314998787347,1.51,,0.0,,2024,-0.06496043518311057,-1.0,-1.0,A
head to head,home,0.6912756416914085,1.48,,1.0,,2024,0.023087949703284538,0.48,,A
head to head,home,0.1729758748123568,4.55,,0.0,,2024,-0.2129597696037766,-1.0,-1.0,A
head to head,home,0.6129021574635083,1.47,,0.0,,2024,-0.09903382852864284,-1.0,-1.0,A
head to head,home,0.4590012265432933,2.35,,1.0,,2024,0.07865288237673917,1.35,,A
head to head,home,0.8762822548334193,1.31,,1.0,,2024,0.1479297538317792,0.31000000000000005,,A
head to head,home,0.5374421129915405,2.25,,1.0,,2024,0.2092447542309661,1.25,,A
head to head,home,0.8417052416506343,1.16,,1.0,,2024,-0.02362191968526428,0.15999999999999992,,A
head to head,home,0.2970746695875864,4.55,,0.0,,2024,0.35168974662351804,-1.0,-1.0,A
head to head,home,0.3549196514346054,2.0,,0.0,,2024,-0.2901606971307892,-1.0,-1.0,A
head to head,home,0.4660819124969113,1.74,,1.0,,2024,-0.18901747225537435,0.74,,A
head to head,home,0.5712075719430494,1.44,,0.0,,2024,-0.1774610964020089,-1.0,-1.0,A
head to head,home,0.7547654755242528,1.41,,1.0,,2024,0.06421932048919632,0.4099999999999999,,A
head to head,home,0.3964660250641212,2.5,,1.0,,2024,-0.00883493733969698,1.5,,A
head to head,home,0.4622569682368035,2.25,,1.0,,2024,0.04007817853280793,1.25,,A
head to head,home,0.356151389350512,2.4,,0.0,,2024,-0.14523666555877124,-1.0,-1.0,A
head to head,home,0.3567223861721736,1.94,,0.0,,2024,-0.3079585708259832,-1.0,-1.0,A
head to head,home,0.4879968048129554,2.25,,1.0,,2024,0.09799281082914968,1.25,,A
head to head,home,0.341467618876486,3.15,,0.0,,2024,0.07562299946093098,-1.0,-1.0,A
head to head,home,0.2085743315249564,4.3,,1.0,,2024,-0.10313037444268747,3.3,,A
head to head,home,0.7751241719697841,1.25,,1.0,,2024,-0.031094785037769856,0.25,,A
head to head,home,0.2930530042619103,2.9,,0.0,,2024,-0.15014628764046023,-1.0,-1.0,A
head to head,home,0.6436337477322454,1.55,,1.0,,2024,-0.0023676910150196573,0.55,,A
head to head,home,0.7495914935255775,1.29,,1.0,,2024,-0.033026973352004996,0.29000000000000004,,A
head to head,home,0.3368499844980664,3.25,,1.0,,2024,0.09476244961871583,2.25,,A
head to head,home,0.2931353975856533,4.15,,0.0,,2024,0.2165118999804614,-1.0,-1.0,A
head to head,home,0.5732586022520989,1.8,,0.0,,2024,0.03186548405377798,-1.0,-1.0,A
head to head,home,0.4794787088270968,2.4,,1.0,,2024,0.15074890118503226,1.4,,A
head to head,home,0.8228828197564468,1.21,,0.0,,2024,-0.0043117880946993425,-1.0,-1.0,A
head to head,home,0.4564413062215701,2.15,,1.0,,2024,-0.018651191623624386,1.15,,A
head to head,home,0.3155351090268974,2.95,,1.0,,2024,-0.0691714283706526,1.9500000000000002,,A
head to head,home,0.6241933802443316,1.79,,0.0,,2024,0.11730615063735361,-1.0,-1.0,A
head to head,home,0.6895797588920096,1.35,,0.0,,2024,-0.06906732549578698,-1.0,-1.0,A
head to head,home,0.6670206758352624,1.58,,0.0,,2024,0.05389266781971469,-1.0,-1.0,A
head to head,home,0.7542144275090864,1.26,,0.0,,2024,-0.049689821338551154,-1.0,-1.0,A
head to head,home,0.699937107992351,1.38,,1.0,,2024,-0.03408679097055567,0.3799999999999999,,A
head to head,home,0.5520003992413131,1.83,,0.0,,2024,0.010160730611602942,-1.0,-1.0,A
head to head,home,0.5839791671108954,1.55,,0.0,,2024,-0.09483229097811219,-1.0,-1.0,A
head to head,home,0.6374373744843141,1.5,,0.0,,2024,-0.043843938273528726,-1.0,-1.0,A
head to head,home,0.771862692782901,1.23,,1.0,,2024,-0.05060888787703177,0.22999999999999998,,A
head to head,home,0.7669398058934411,1.33,,1.0,,2024,0.020029941838276777,0.33000000000000007,,A
head to head,home,0.6029983260631844,2.05,,1.0,,2024,0.23614656842952786,1.0499999999999998,,A
head to head,home,0.7303317745498006,1.38,,0.0,,2024,0.00785784887872465,-1.0,-1.0,A
head to head,home,0.588196421133063,1.7,,0.0,,2024,-6.608407379282699e-05,-1.0,-1.0,A
head to head,home,0.3968785813772701,2.65,,1.0,,2024,0.05172824064976567,1.65,,A
head to head,home,0.6126413128043775,2.15,,1.0,,2024,0.31717882252941165,1.15,,A
head to head,home,0.517045091066443,2.15,,0.0,,2024,0.11164694579285239,-1.0,-1.0,A
head to head,home,0.3817197671610741,2.35,,0.0,,2024,-0.1029585471714759,-1.0,-1.0,A
head to head,home,0.6658048108448602,1.43,,1.0,,2024,-0.04789912049184997,0.42999999999999994,,A
head to head,home,0.2030045705826013,3.95,,0.0,,2024,-0.19813194619872487,-1.0,-1.0,A
head to head,home,0.4250858843503298,2.5,,0.0,,2024,0.06271471087582459,-1.0,-1.0,A
head to head,home,0.339963282217265,2.3,,1.0,,2024,-0.2180844509002905,1.2999999999999998,,A
head to head,home,0.7512903497926455,1.22,,1.0,,2024,-0.08342577325297251,0.21999999999999997,,A
head to head,home,0.5613983452354303,1.61,,1.0,,2024,-0.09614866417095713,0.6100000000000001,,A
head to head,home,0.5527921545912988,2.15,,1.0,,2024,0.18850313237129246,1.15,,A
head to head,home,0.3989502447480746,2.2,,1.0,,2024,-0.12230946155423583,1.2000000000000002,,A
head to head,home,0.4440954237129643,2.2,,1.0,,2024,-0.0229900678314785,1.2000000000000002,,A
head to head,home,0.6044996115046204,1.83,,1.0,,2024,0.10623428905345533,0.8300000000000001,,A
head to head,home,0.8145456429943556,1.22,,1.0,,2024,-0.006254315546886158,0.21999999999999997,,A
head to head,home,0.5081353654825264,1.95,,1.0,,2024,-0.009136037309073641,0.95,,A
head to head,home,0.7723326913235009,1.28,,0.0,,2024,-0.01141415510591881,-1.0,-1.0,A
head to head,home,0.860973121562931,1.12,,1.0,,2024,-0.035710103849517116,0.1200000000000001,,A
head to head,home,0.4759458635657932,1.9,,0.0,,2024,-0.09570285922499289,-1.0,-1.0,A
head to head,home,0.7885899586241885,1.4,,0.0,,2024,0.10402594207386384,-1.0,-1.0,A
head to head,home,0.3297053822881436,2.3,,0.0,,2024,-0.24167762073726973,-1.0,-1.0,A
head to head,home,0.6630042486771748,1.52,,1.0,,2024,0.007766457989305753,0.52,,A
head to head,home,0.1748234368981621,4.2,,0.0,,2024,-0.2657415650277192,-1.0,-1.0,A
head to head,home,0.5425024878646207,1.75,,0.0,,2024,-0.05062064623691365,-1.0,-1.0,A
head to head,home,0.8595771371902858,1.22,,1.0,,2024,0.04868410737214868,0.21999999999999997,,A
head to head,home,0.4778202834313236,1.9,,0.0,,2024,-0.09214146148048519,-1.0,-1.0,A
head to head,home,0.5049256094863631,1.85,,1.0,,2024,-0.06588762245022817,0.8500000000000001,,A
head to head,home,0.8713558525092768,1.24,,1.0,,2024,0.08048125711150322,0.24,,A
head to head,home,0.5868642496361923,1.6,,1.0,,2024,-0.06101720058209226,0.6000000000000001,,A
head to head,home,0.7343415355053089,1.47,,0.0,,2024,0.0794820571928041,-1.0,-1.0,A
head to head,home,0.6357248294402401,1.78,,1.0,,2024,0.13159019640362746,0.78,,A
head to head,home,0.3991870001091566,2.0,,1.0,,2024,-0.20162599978168683,1.0,,A
head to head,home,0.7979816405512161,1.28,,1.0,,2024,0.021416499905556607,0.28,,A
head to head,home,0.3927839353116553,2.25,,0.0,,2024,-0.1162361455487756,-1.0,-1.0,A
head to head,home,0.4372490614699492,2.0,,1.0,,2024,-0.12550187706010163,1.0,,A
head to head,home,0.7802414576882044,1.2,,1.0,,2024,-0.06371025077415471,0.19999999999999996,,A
head to head,home,0.7870432285672139,1.38,,1.0,,2024,0.08611965542275501,0.3799999999999999,,A
head to head,home,0.5070763461414713,1.8,,1.0,,2024,-0.08726257694535156,0.8,,A
head to head,home,0.8236552251753206,1.24,,1.0,,2024,0.02133247921739767,0.24,,A
head to head,home,0.1249926674879046,4.75,,0.0,,2024,-0.40628482943245314,-1.0,-1.0,A
head to head,home,0.7090580430218574,1.45,,0.0,,2024,0.028134162381693084,-1.0,-1.0,A
head to head,home,0.4822569934995844,1.8,,1.0,,2024,-0.13193741170074802,0.8,,A
head to head,home,0.7006793129980685,1.48,,1.0,,2024,0.03700538323714131,0.48,,A
head to head,home,0.1948569196061332,3.8,,0.0,,2024,-0.2595437054966939,-1.0,-1.0,A
head to head,home,0.7191098892067012,1.48,,0.0,,2024,0.06428263602591766,-1.0,-1.0,A
head to head,home,0.5656097950505582,1.65,,1.0,,2024,-0.06674383816657903,0.6499999999999999,,A
head to head,home,0.2126806092422038,3.35,,0.0,,2024,-0.28751995903861727,-1.0,-1.0,A
head to head,home,0.8284972419504089,1.278,,0.0,,2024,0.05881947521262254,-1.0,-1.0,A
head to head,home,0.2143837587698615,3.35,,0.0,,2024,-0.28181440812096403,-1.0,-1.0,A
head to head,home,0.3001378595471813,3.35,,1.0,,2024,0.005461829483057512,2.35,,A
head to head,home,0.91202169273967,1.2,,0.0,,2024,0.09442603128760396,-1.0,-1.0,A
head to head,home,0.7969103428737423,1.32,,1.0,,2024,0.05192165259333992,0.32000000000000006,,A
head to head,home,0.9155391408578734,1.2,,1.0,,2024,0.09864696902944803,0.19999999999999996,,A
head to head,home,0.7533854827308645,1.4,,1.0,,2024,0.054739675823210154,0.3999999999999999,,A
head to head,home,0.1894636221211121,4.4,,0.0,,2024,-0.16636006266710668,-1.0,-1.0,A
head to head,home,0.4281726414645875,1.95,,0.0,,2024,-0.1650633491440544,-1.0,-1.0,A
head to head,home,0.0820753827832931,5.5,,0.0,,2024,-0.5485853946918879,-1.0,-1.0,A
head to head,home,0.3435581063082489,2.15,,0.0,,2024,-0.26135007143726485,-1.0,-1.0,A
head to head,home,0.7132947606654196,1.5,,0.0,,2024,0.06994214099812934,-1.0,-1.0,A
head to head,home,0.3294692514644911,2.3,,0.0,,2024,-0.24222072163167063,-1.0,-1.0,A
head to head,home,0.6424910627608227,1.4,,1.0,,2024,-0.10051251213484835,0.3999999999999999,,A
head to head,home,0.8422532744376301,1.3,,1.0,,2024,0.09492925676891906,0.30000000000000004,,A
head to head,home,0.6130964775086397,1.5,,0.0,,2024,-0.08035528373704048,-1.0,-1.0,A
head to head,home,0.826571304108024,1.15,,1.0,,2024,-0.04944300027577242,0.1499999999999999,,A
head to head,home,0.8980719944709854,1.22,,1.0,,2024,0.09564783325460224,0.21999999999999997,,A
head to head,home,0.7446544634815574,1.5,,1.0,,2024,0.11698169522233615,0.5,,A
head to head,home,0.6847284870235782,1.54,,1.0,,2024,0.05448187001631055,0.54,,A
head to head,home,0.3551444745028048,2.55,,1.0,,2024,-0.09438159001784785,1.5499999999999998,,A
head to head,home,0.6474391314691046,1.54,,1.0,,2024,-0.0029437375375789276,0.54,,A
head to head,home,0.7490349829257927,1.35,,1.0,,2024,0.011197226949820172,0.3500000000000001,,A
head to head,home,0.1563309899357048,4.6,,1.0,,2024,-0.28087744629575795,3.5999999999999996,,A
head to head,home,0.2962152138160524,2.6,,0.0,,2024,-0.22984044407826365,-1.0,-1.0,A
head to head,home,0.7888899307871962,1.38,,1.0,,2024,0.08866810448633067,0.3799999999999999,,A
head to head,home,0.2336237195352065,3.2,,1.0,,2024,-0.25240409748733916,2.2,,A
head to head,home,0.8771084595678649,1.2,,1.0,,2024,0.0525301514814378,0.19999999999999996,,A
head to head,home,0.4282456438373156,2.5,,0.0,,2024,0.07061410959328907,-1.0,-1.0,A
head to head,home,0.1625314388547292,4.2,,0.0,,2024,-0.3173679568101373,-1.0,-1.0,A
head to head,home,0.3355251527534255,2.3,,0.0,,2024,-0.22829214866712144,-1.0,-1.0,A
head to head,home,0.8019537413283696,1.37,,1.0,,2024,0.09867662561986634,0.3700000000000001,,A
head to head,home,0.6048506412341452,1.65,,0.0,,2024,-0.0019964419636604447,-1.0,-1.0,A
head to head,home,0.9098842666840185,1.15,,1.0,,2024,0.046366906686621245,0.1499999999999999,,A
head to head,home,0.4259548474684619,2.3,,1.0,,2024,-0.020303850822537717,1.2999999999999998,,A
head to head,home,0.3669985253950644,2.5,,1.0,,2024,-0.08250368651233897,1.5,,A
head to head,home,0.8708668938612469,1.2,,0.0,,2024,0.04504027263349619,-1.0,-1.0,A
head to head,home,0.7660051082945772,1.33,,1.0,,2024,0.018786794031787846,0.33000000000000007,,A
head to head,home,0.885206789345518,1.18,,0.0,,2024,0.04454401142771114,-1.0,-1.0,A
head to head,home,0.2191928890650106,2.7,,0.0,,2024,-0.40817919952447135,-1.0,-1.0,A
head to head,home,0.5434532401747745,2.15,,0.0,,2024,0.16842446637576503,-1.0,-1.0,A
head to head,home,0.2882088881089323,7.0,,0.0,,2024,1.0174622167625262,-1.0,-1.0,A
head to head,home,0.5953703856344551,1.55,,0.0,,2024,-0.07717590226659454,-1.0,-1.0,A
head to head,home,0.5635687584762024,1.7,,0.0,,2024,-0.04193311059045601,-1.0,-1.0,A
head to head,home,0.937048480004494,1.08,,1.0,,2024,0.012012358404853707,0.08000000000000007,,A
head to head,home,0.4790477164813297,1.85,,0.0,,2024,-0.11376172450954003,-1.0,-1.0,A
head to head,home,0.6261248221293454,1.75,,1.0,,2024,0.09571843872635455,0.75,,A
head to head,home,0.7217022232114731,1.45,,1.0,,2024,0.046468223656636054,0.44999999999999996,,A
head to head,home,0.788921465306704,1.3,,1.0,,2024,0.025597904898715385,0.30000000000000004,,A
head to head,home,0.6834391981584591,1.45,,1.0,,2024,-0.009013162670234331,0.44999999999999996,,A
head to head,home,0.5650963390281276,1.8,,0.0,,2024,0.017173410250629795,-1.0,-1.0,A
head to head,home,0.5961486819821264,1.65,,1.0,,2024,-0.01635467472949137,0.6499999999999999,,A
head to head,home,0.668898930348498,1.62,,1.0,,2024,0.08361626716456683,0.6200000000000001,,A
head to head,home,0.7998462507111519,1.3,,1.0,,2024,0.039800125924497554,0.30000000000000004,,A
head to head,home,0.8056408909572472,1.25,,1.0,,2024,0.007051113696558975,0.25,,A
head to head,home,0.534350324160018,2.0,,0.0,,2024,0.06870064832003608,-1.0,-1.0,A
head to head,home,0.427397495989976,2.6,,1.0,,2025,0.11123348957393775,1.6,,A
head to head,home,0.6029642442388056,1.58,,1.0,,2025,-0.04731649410268712,0.5800000000000001,,A
head to head,home,0.550207876721621,2.0,,0.0,,2025,0.10041575344324194,-1.0,-1.0,A
head to head,home,0.601266479687704,1.7,,0.0,,2025,0.02215301546909676,-1.0,-1.0,A
head to head,home,0.6039911232386228,1.55,,1.0,,2025,-0.06381375898013464,0.55,,A
head to head,home,0.3897588530282713,3.5,,0.0,,2025,0.36415598559894957,-1.0,-1.0,A
head to head,home,0.6279511940366048,1.6,,1.0,,2025,0.004721910458567846,0.6000000000000001,,A
head to head,home,0.7938897709808916,1.25,,1.0,,2025,-0.00763778627388545,0.25,,A
head to head,home,0.6216598311044484,1.6,,1.0,,2025,-0.00534427023288242,0.6000000000000001,,A
head to head,home,0.3313374382275899,2.7,,1.0,,2025,-0.10538891678550733,1.7000000000000002,,A
head to head,home,0.8764760007918793,1.12,,0.0,,2025,-0.018346879113095182,-1.0,-1.0,A
head to head,home,0.56551606542501,1.45,,0.0,,2025,-0.1800017051337356,-1.0,-1.0,A
head to head,home,0.3429421298712774,2.6,,0.0,,2025,-0.10835046233467871,-1.0,-1.0,A
head to head,home,0.3378513332504754,3.7,,1.0,,2025,0.25004993302675893,2.7,,A
head to head,home,0.3972748027889921,2.25,,0.0,,2025,-0.10613169372476783,-1.0,-1.0,A
head to head,home,0.7055745659505973,1.4,,1.0,,2025,-0.012195607669163833,0.3999999999999999,,A
head to head,home,0.6859444886098482,1.43,,1.0,,2025,-0.019099381287917105,0.42999999999999994,,A
head to head,home,0.6152296689427893,1.74,,1.0,,2025,0.0704996239604534,0.74,,A
head to head,home,0.7858251860563767,1.22,,1.0,,2025,-0.04129327301122043,0.21999999999999997,,A
head to head,home,0.7882897150106678,1.18,,1.0,,2025,-0.06981813628741207,0.17999999999999994,,A
head to head,home,0.4395857419344579,2.0,,0.0,,2025,-0.12082851613108425,-1.0,-1.0,A
head to head,home,0.427166595161085,1.9,,1.0,,2025,-0.18838346919393856,0.8999999999999999,,A
head to head,home,0.3288683499409315,2.6,,0.0,,2025,-0.14494229015357807,-1.0,-1.0,A
head to head,home,0.6051752016511756,1.52,,1.0,,2025,-0.08013369349021315,0.52,,A
head to head,home,0.3575847677096713,3.15,,1.0,,2025,0.12639201828546454,2.15,,A
head to head,home,0.5932125969999953,1.55,,0.0,,2025,-0.08052047465000722,-1.0,-1.0,A
head to head,home,0.2766452351549439,4.5,,0.0,,2025,0.2449035581972474,-1.0,-1.0,A
head to head,home,0.3276762073203388,2.8,,1.0,,2025,-0.08250661950305138,1.7999999999999998,,A
head to head,home,0.5347282284583916,1.89,,1.0,,2025,0.010636351786360132,0.8899999999999999,,A
head to head,home,0.7316408254354582,1.26,,0.0,,2025,-0.07813255995132273,-1.0,-1.0,A
head to head,home,0.8584559578686122,1.16,,1.0,,2025,-0.0041910888724099316,0.15999999999999992,,A
head to head,home,0.6037202699093243,1.65,,0.0,,2025,-0.0038615546496150177,-1.0,-1.0,A
head to head,home,0.3860972756012423,2.6,,1.0,,2025,0.0038529165632299467,1.6,,A
head to head,home,0.7432038314770932,1.22,,0.0,,2025,-0.09329132559794628,-1.0,-1.0,A
head to head,home,0.5910213962539854,1.8,,1.0,,2025,0.06383851325717371,0.8,,A
head to head,home,0.3875295598076432,2.45,,1.0,,2025,-0.050552578471274145,1.4500000000000002,,A
head to head,home,0.6850457133870522,1.48,,0.0,,2025,0.01386765581283722,-1.0,-1.0,A
head to head,home,0.7638449953687574,1.22,,1.0,,2025,-0.06810910565011596,0.21999999999999997,,A
head to head,home,0.4769161327052518,2.45,,0.0,,2025,0.168444525127867,-1.0,-1.0,A
head to head,home,0.6749352314984789,1.46,,1.0,,2025,-0.014594562012220869,0.45999999999999996,,A
head to head,home,0.3939068593250349,2.9,,1.0,,2025,0.14232989204260105,1.9,,A
head to head,home,0.6226762834510086,1.68,,1.0,,2025,0.04609615619769425,0.6799999999999999,,A
head to head,home,0.7059039598659131,1.3,,0.0,,2025,-0.08232485217431285,-1.0,-1.0,A
head to head,home,0.6491492460496249,1.5,,1.0,,2025,-0.02627613092556269,0.5,,A
head to head,home,0.5107234900816058,1.95,,0.0,,2025,-0.00408919434086874,-1.0,-1.0,A
head to head,home,0.432958644594271,2.55,,0.0,,2025,0.10404454371539096,-1.0,-1.0,A
head to head,home,0.7972513091628646,1.18,,1.0,,2025,-0.059243455187819816,0.17999999999999994,,A
head to head,home,0.6480455122841173,1.47,,0.0,,2025,-0.04737309694234759,-1.0,-1.0,A
head to head,home,0.6032523625289874,1.6,,0.0,,2025,-0.034796219953620144,-1.0,-1.0,A
head to head,home,0.74117329749706,1.33,,1.0,,2025,-0.014239514328910241,0.33000000000000007,,A
head to head,home,0.3088270746756795,3.9,,1.0,,2025,0.20442559123515003,2.9,,A
head to head,home,0.3911162081059481,3.0,,1.0,,2025,0.17334862431784437,2.0,,A
head to head,home,0.4885198746183326,2.2,,0.0,,2025,0.0747437241603317,-1.0,-1.0,A
head to head,home,0.4661149370993054,1.95,,0.0,,2025,-0.09107587265635453,-1.0,-1.0,A
head to head,home,0.3458300086061961,3.0,,0.0,,2025,0.0374900258185884,-1.0,-1.0,A
head to head,home,0.6955304813989877,1.45,,0.0,,2025,0.00851919802853196,-1.0,-1.0,A
head to head,home,0.34181648020517,2.4,,1.0,,2025,-0.179640447507592,1.4,,A
head to head,home,0.5156345949938698,1.9,,1.0,,2025,-0.020294269511647478,0.8999999999999999,,A
head to head,home,0.6266356359370223,1.45,,1.0,,2025,-0.09137832789131772,0.44999999999999996,,A
head to head,home,0.8018011835742702,1.17,,1.0,,2025,-0.06189261521810385,0.16999999999999993,,A
head to head,home,0.7126309291792843,1.45,,1.0,,2025,0.03331484730996226,0.44999999999999996,,A
head to head,home,0.6915535783013201,1.36,,0.0,,2025,-0.059487133510204515,-1.0,-1.0,A
head to head,home,0.6211280442627284,1.56,,1.0,,2025,-0.031040250950143733,0.56,,A
head to head,home,0.3475618107802422,2.9,,1.0,,2025,0.007929251262702275,1.9,,A
head to head,home,0.7148188756659781,1.48,,1.0,,2025,0.05793193598564761,0.48,,A
head to head,home,0.5691274701045852,1.85,,1.0,,2025,0.052885819693482716,0.8500000000000001,,A
head to head,home,0.5627870266245987,1.7,,0.0,,2025,-0.04326205473818223,-1.0,-1.0,A
head to head,home,0.4791899389460125,1.95,,1.0,,2025,-0.06557961905527565,0.95,,A
head to head,home,0.5205119950097165,1.9,,1.0,,2025,-0.011027209481538791,0.8999999999999999,,A
head to head,home,0.2128238034063427,4.0,,0.0,,2025,-0.14870478637462925,-1.0,-1.0,A
head to head,home,0.4638957923481029,2.2,,1.0,,2025,0.02057074316582641,1.2000000000000002,,A
head to head,home,0.6345955051211964,1.5,,0.0,,2025,-0.04810674231820533,-1.0,-1.0,A
head to head,home,0.50836311603418,1.8,,0.0,,2025,-0.08494639113847591,-1.0,-1.0,A
head to head,home,0.7575814903597873,1.52,,0.0,,2025,0.15152386534687667,-1.0,-1.0,A
head to head,home,0.3858366433305846,3.3,,1.0,,2025,0.2732609229909291,2.3,,A
head to head,home,0.4960612091211808,1.9,,0.0,,2025,-0.05748370266975655,-1.0,-1.0,A
head to head,home,0.4700233025870894,2.0,,0.0,,2025,-0.05995339482582118,-1.0,-1.0,A
head to head,home,0.7998486796728562,1.22,,1.0,,2025,-0.02418461079911538,0.21999999999999997,,A
head to head,home,0.5502528444421464,1.65,,0.0,,2025,-0.09208280667045854,-1.0,-1.0,A
head to head,home,0.6620713261394846,1.68,,0.0,,2025,0.112279827914334,-1.0,-1.0,A
head to head,home,0.7043146204459416,1.37,,1.0,,2025,-0.03508896998905986,0.3700000000000001,,A
head to head,home,0.4989678035933981,1.95,,0.0,,2025,-0.027012782992873685,-1.0,-1.0,A
head to head,home,0.533410270038414,1.74,,0.0,,2025,-0.07186613013315957,-1.0,-1.0,A
head to head,home,0.4577933719750464,2.35,,1.0,,2025,0.07581442414135897,1.35,,A
head to head,home,0.7106041757307014,1.3,,0.0,,2025,-0.07621457155008804,-1.0,-1.0,A
head to head,home,0.7578721515492826,1.35,,1.0,,2025,0.02312740459153151,0.3500000000000001,,A
head to head,home,0.4361549815710573,1.9,,0.0,,2025,-0.17130553501499113,-1.0,-1.0,A
head to head,home,0.7231730806141711,1.22,,0.0,,2025,-0.11772884165071129,-1.0,-1.0,A
head to head,home,0.3621170852522374,2.65,,1.0,,2025,-0.04038972408157093,1.65,,A
head to head,home,0.6605515074918986,1.34,,0.0,,2025,-0.11486097996085576,-1.0,-1.0,A
head to head,home,0.3357660565837814,2.55,,1.0,,2025,-0.14379655571135752,1.5499999999999998,,A
head to head,home,0.5955720390321368,1.65,,0.0,,2025,-0.017306135596974248,-1.0,-1.0,A
head to head,home,0.5691588602308651,1.5,,1.0,,2025,-0.14626170965370222,0.5,,A
head to head,home,0.2267839963653215,3.6,,0.0,,2025,-0.18357761308484255,-1.0,-1.0,A
head to head,home,0.6761515240015359,1.4,,1.0,,2025,-0.05338786639784987,0.3999999999999999,,A
head to head,home,0.5988742650818233,1.65,,1.0,,2025,-0.011857462614991654,0.6499999999999999,,A
head to head,home,0.5192380979477704,2.05,,0.0,,2025,0.06443810079292933,-1.0,-1.0,A
head to head,home,0.6355361949700777,1.6,,1.0,,2025,0.016857911952124383,0.6000000000000001,,A
head to head,home,0.5459563997173463,1.9,,0.0,,2025,0.037317159462957994,-1.0,-1.0,A
head to head,home,0.3804373057126159,2.45,,1.0,,2025,-0.06792860100409093,1.4500000000000002,,A
head to head,home,0.8300735224146749,1.23,,1.0,,2025,0.020990432570050066,0.22999999999999998,,A
head to head,home,0.6314989123259918,1.6,,1.0,,2025,0.010398259721586811,0.6000000000000001,,A
head to head,home,0.6358083813272355,1.45,,0.0,,2025,-0.07807784707550858,-1.0,-1.0,A
head to head,home,0.7239887236552627,1.4,,1.0,,2025,0.013584213117367794,0.3999999999999999,,A
head to head,home,0.6915302792830909,1.4,,1.0,,2025,-0.03185760900367285,0.3999999999999999,,A
head to head,home,0.2921432280960372,3.5,,0.0,,2025,0.022501298336130127,-1.0,-1.0,A
head to head,home,0.7216451589432278,1.4,,1.0,,2025,0.010303222520518851,0.3999999999999999,,A
head to head,home,0.7225890310766551,1.32,,1.0,,2025,-0.04618247897881522,0.32000000000000006,,A
head to head,home,0.2456723574461547,3.4,,1.0,,2025,-0.16471398468307408,2.4,,A
head to head,home,0.4586646309203285,2.55,,0.0,,2025,0.16959480884683753,-1.0,-1.0,A
head to head,home,0.4140741365807022,2.25,,0.0,,2025,-0.06833319269342009,-1.0,-1.0,A
head to head,home,0.3854653560807868,2.8,,0.0,,2025,0.07930299702620291,-1.0,-1.0,A
head to head,home,0.3314314787324066,3.15,,0.0,,2025,0.04400915800708072,-1.0,-1.0,A
head to head,home,0.7468448545301951,1.26,,0.0,,2025,-0.05897548329195412,-1.0,-1.0,A
head to head,home,0.7396360406651068,1.34,,0.0,,2025,-0.008887705508756838,-1.0,-1.0,A
head to head,home,0.2721341701714295,2.9,,0.0,,2025,-0.2108109065028545,-1.0,-1.0,A
head to head,home,0.6218959245176159,1.5,,1.0,,2025,-0.06715611322357617,0.5,,A
head to head,home,0.7259568041431125,1.48,,1.0,,2025,0.0744160701318064,0.48,,A
head to head,home,0.5783378877844539,2.0,,1.0,,2025,0.15667577556890788,1.0,,A
head to head,home,0.4884702460903964,2.1,,1.0,,2025,0.025787516789832488,1.1,,A
head to head,home,0.6558707761754816,1.54,,1.0,,2025,0.010040995310241607,0.54,,A
head to head,home,0.3722282006069817,3.2,,0.0,,2025,0.19113024194234152,-1.0,-1.0,A
head to head,home,0.6237763368476523,1.5,,1.0,,2025,-0.06433549472852151,0.5,,A
head to head,home,0.5480452115854701,1.63,,1.0,,2025,-0.10668630511568367,0.6299999999999999,,A
head to head,home,0.6897967853551907,1.56,,1.0,,2025,0.07608298515409762,0.56,,A
head to head,home,0.7641263830703238,1.33,,1.0,,2025,0.016288089483530666,0.33000000000000007,,A
head to head,home,0.4175138587079759,2.2,,0.0,,2025,-0.08146951084245291,-1.0,-1.0,A
head to head,home,0.6573762364923721,1.55,,0.0,,2025,0.018933166563176673,-1.0,-1.0,A
head to head,home,0.7493512209821838,1.35,,1.0,,2025,0.011624148325948047,0.3500000000000001,,A
head to head,home,0.3223579641364191,3.65,,0.0,,2025,0.1766065690979297,-1.0,-1.0,A
head to head,home,0.7801908891291887,1.2,,0.0,,2025,-0.06377093304497361,-1.0,-1.0,A
head to head,home,0.7368521950691406,1.35,,1.0,,2025,-0.00524953665666017,0.3500000000000001,,A
head to head,home,0.5780616401705966,1.68,,1.0,,2025,-0.02885644451339775,0.6799999999999999,,A
head to head,home,0.3178107277982542,4.0,,0.0,,2025,0.2712429111930168,-1.0,-1.0,A
head to head,home,0.3640989510280071,2.55,,0.0,,2025,-0.07154767487858193,-1.0,-1.0,A
head to head,home,0.2977461082211941,2.85,,0.0,,2025,-0.15142359156959684,-1.0,-1.0,A
head to head,home,0.7299502937616869,1.37,,1.0,,2025,3.190245351114562e-05,0.3700000000000001,,A
head to head,home,0.2831980522883467,3.75,,0.0,,2025,0.0619926960813002,-1.0,-1.0,A
head to head,home,0.2239895933872614,3.75,,0.0,,2025,-0.16003902479776977,-1.0,-1.0,A
head to head,home,0.6415013642568754,1.53,,1.0,,2025,-0.018502912686980566,0.53,,A
head to head,home,0.575222427839905,1.63,,1.0,,2025,-0.06238744262095497,0.6299999999999999,,A
head to head,home,0.8271325472165545,1.22,,1.0,,2025,0.009101707604196374,0.21999999999999997,,A
head to head,home,0.792864826881975,1.32,,1.0,,2025,0.04658157148420705,0.32000000000000006,,A
head to head,home,0.7678698792376966,1.32,,1.0,,2025,0.013588240593759515,0.32000000000000006,,A
head to head,home,0.757691663026715,1.33,,0.0,,2025,0.007729911825530955,-1.0,-1.0,A
head to head,home,0.714102286645742,1.53,,1.0,,2025,0.09257649856798533,0.53,,A
head to head,home,0.3556255572270993,2.6,,0.0,,2025,-0.0753735512095417,-1.0,-1.0,A
head to head,home,0.3171978998387238,2.6,,0.0,,2025,-0.17528546041931803,-1.0,-1.0,A
head to head,home,0.5513439885201715,1.55,,1.0,,2025,-0.14541681779373417,0.55,,A
head to head,home,0.8055934508868758,1.2,,0.0,,2025,-0.03328785893574904,-1.0,-1.0,A
head to head,home,0.806046322970541,1.3,,0.0,,2025,0.0478602198617033,-1.0,-1.0,A
head to head,home,0.8242784655182296,1.25,,1.0,,2025,0.030348081897787038,0.25,,A
head to head,home,0.2604819755824841,4.2,,0.0,,2025,0.09402429744643315,-1.0,-1.0,A
head to head,home,0.7911994673672859,1.2,,1.0,,2025,-0.050560639159257015,0.19999999999999996,,A
head to head,home,0.6015537212306736,1.6,,1.0,,2025,-0.03751404603092212,0.6000000000000001,,A
head to head,home,0.2520761492618438,3.15,,0.0,,2025,-0.20596012982519207,-1.0,-1.0,A
head to head,home,0.5424150489133064,1.72,,0.0,,2025,-0.06704611586911302,-1.0,-1.0,A
head to head,home,0.7438027157602728,1.18,,1.0,,2025,-0.1223127954028782,0.17999999999999994,,A
head to head,home,0.1782224831643264,4.0,,0.0,,2025,-0.2871100673426944,-1.0,-1.0,A
head to head,home,0.2978571522331883,2.7,,1.0,,2025,-0.1957856889703915,1.7000000000000002,,A
head to head,home,0.5615437338565558,1.72,,0.0,,2025,-0.03414477776672409,-1.0,-1.0,A
head to head,home,0.2096447364090477,4.0,,1.0,,2025,-0.16142105436380916,3.0,,A
head to head,home,0.7598247947159034,1.38,,1.0,,2025,0.04855821670794658,0.3799999999999999,,A
head to head,home,0.7116632258127242,1.47,,1.0,,2025,0.04614494194470464,0.47,,A
head to head,home,0.2014343465921534,3.9,,0.0,,2025,-0.21440604829060173,-1.0,-1.0,A
head to head,home,0.7065086068534344,1.42,,1.0,,2025,0.0032422217318768265,0.41999999999999993,,A
head to head,home,0.3634579494598631,2.55,,1.0,,2025,-0.07318222887734915,1.5499999999999998,,A
head to head,home,0.4956098770963677,1.95,,0.0,,2025,-0.03356073966208295,-1.0,-1.0,A
head to head,home,0.7007572924133105,1.3,,1.0,,2025,-0.08901551986269629,0.30000000000000004,,A
head to head,home,0.6157706339590872,1.49,,0.0,,2025,-0.08250175540096016,-1.0,-1.0,A
head to head,home,0.596643213876803,1.62,,1.0,,2025,-0.0334379935195791,0.6200000000000001,,A
head to head,home,0.60282525658778,1.8,,0.0,,2025,0.08508546185800392,-1.0,-1.0,A
head to head,home,0.6446847351473816,1.53,,1.0,,2025,-0.013632355224506232,0.53,,A
head to head,home,0.4948241800624346,2.2,,1.0,,2025,0.08861319613735619,1.2000000000000002,,A
head to head,home,0.7892028816444939,1.3,,1.0,,2025,0.025963746137842136,0.30000000000000004,,A
head to head,home,0.6238605392047014,1.65,,1.0,,2025,0.029369889687757222,0.6499999999999999,,A
head to head,home,0.42886928230703,2.25,,1.0,,2025,-0.03504411480918257,1.25,,A
head to head,home,0.3826949784152036,2.5,,1.0,,2025,-0.04326255396199097,1.5,,A
head to head,home,0.6910878142070402,1.45,,1.0,,2025,0.002077330600208427,0.44999999999999996,,A
head to head,home,0.4481737840162109,2.25,,1.0,,2025,0.008391014036474465,1.25,,A
head to head,home,0.6267651586140295,1.7,,0.0,,2025,0.0655007696438501,-1.0,-1.0,A
head to head,home,0.6942227927576659,1.4,,1.0,,2025,-0.02808809013926783,0.3999999999999999,,A
head to head,home,0.5869488135587886,1.75,,1.0,,2025,0.027160423727879968,0.75,,A
head to head,home,0.3144556911380998,2.25,,0.0,,2025,-0.29247469493927547,-1.0,-1.0,A
head to head,home,0.2767062625397894,3.3,,1.0,,2025,-0.08686933361869498,2.3,,A
head to head,home,0.3203963216766701,3.05,,0.0,,2025,-0.022791218886156317,-1.0,-1.0,A
head to head,home,0.528331267627522,1.7,,0.0,,2025,-0.10183684503321255,-1.0,-1.0,A
head to head,home,0.7430644947432543,2.4,,1.0,,2025,0.7833547873838103,1.4,,A
head to head,home,0.6719319039222285,1.56,,0.0,,2025,0.04821377011867645,-1.0,-1.0,A
head to head,home,0.5861239078448521,1.48,,0.0,,2025,-0.1325366163896189,-1.0,-1.0,A
head to head,home,0.7939494544378445,1.26,,1.0,,2025,0.00037631259168402487,0.26,,A
head to head,home,0.4415583448715671,1.95,,0.0,,2025,-0.13896122750044415,-1.0,-1.0,A
head to head,home,0.3791706035439536,2.55,,0.0,,2025,-0.03311496096291844,-1.0,-1.0,A
head to head,home,0.8958559973675233,1.12,,1.0,,2025,0.00335871705162627,0.1200000000000001,,A
head to head,home,0.6939658547026893,1.65,,1.0,,2025,0.14504366025943738,0.6499999999999999,,A
head to head,home,0.4275917820470687,1.9,,1.0,,2025,-0.18757561411056944,0.8999999999999999,,A
head to head,home,0.6254143521251272,1.5,,1.0,,2025,-0.06187847181230921,0.5,,A
head to head,home,0.7791724438390928,1.4,,1.0,,2025,0.09084142137472973,0.3999999999999999,,A
head to head,home,0.2116389651134735,3.15,,0.0,,2025,-0.33333725989255847,-1.0,-1.0,A
head to head,home,0.4703627397968578,1.95,,1.0,,2025,-0.0827926573961274,0.95,,A
head to head,home,0.6272121927060452,1.6,,0.0,,2025,0.003539508329672314,-1.0,-1.0,A
head to head,home,0.7427094099139826,1.36,,1.0,,2025,0.010084797483016494,0.3600000000000001,,A
head to head,home,0.8025695557930719,1.25,,1.0,,2025,0.0032119447413399005,0.25,,A
head to head,home,0.6858117944749519,1.5,,1.0,,2025,0.028717691712427884,0.5,,A
head to head,home,0.3112255964050642,3.15,,0.0,,2025,-0.019639371324047805,-1.0,-1.0,A
head to head,home,0.459068421194231,2.2,,1.0,,2025,0.009950526627308331,1.2000000000000002,,A
head to head,home,0.6413953385004834,1.65,,0.0,,2025,0.05830230852579743,-1.0,-1.0,A
head to head,home,0.5994876006397674,1.53,,0.0,,2025,-0.08278397102115598,-1.0,-1.0,A
head to head,home,0.3064338198863778,2.8,,0.0,,2025,-0.14198530431814216,-1.0,-1.0,A
head to head,home,0.6919562899672871,1.46,,1.0,,2025,0.010256183352239212,0.45999999999999996,,A
head to head,home,0.3421366469708058,2.1,,1.0,,2025,-0.2815130413613077,1.1,,A
head to head,home,0.6734205708377505,1.7,1.72,0.0,-0.0028860028860028253,2025,0.1448149704241759,-1.0,-1.0,A
head to head,away,0.5628181204946804,1.54,1.77,1.0,-0.0761762222733901,2023,-0.1332600944381922,0.54,0.77,A
head to head,away,0.39289272047175805,2.45,2.15,0.0,0.05969051729650232,2023,-0.037412834844192666,-1.0,-1.0,A
head to head,away,0.16543498038276672,4.35,4.5,1.0,-0.005743807359606223,2023,-0.28035783533496483,3.3499999999999996,3.5,A
head to head,away,0.4493584428455465,2.02,2.75,0.0,-0.1228629562541872,2023,-0.09229594545199604,-1.0,-1.0,A
head to head,away,0.3110982617877007,2.8,3.85,0.0,-0.09010997094413176,2023,-0.12892486699443806,-1.0,-1.0,A
head to head,away,0.499011018015985,1.78,1.48,1.0,0.11487016153423574,2023,-0.11176038793154663,0.78,0.48,A
head to head,away,0.41311381279548365,1.78,2.55,1.0,-0.1587199244160437,2023,-0.26465741322403913,0.78,1.5499999999999998,A
head to head,away,0.3120601472432989,2.8,2.62,0.0,0.027527116944672247,2023,-0.1262315877187632,-1.0,-1.0,A
head to head,away,0.39636617361706883,2.3,2.8,1.0,-0.0690030110404819,2023,-0.08835780068074173,1.2999999999999998,1.7999999999999998,A
head to head,away,0.5491971518642216,1.75,2.1,0.0,-0.08809020436927406,2023,-0.03890498423761224,-1.0,-1.0,A
head to head,away,0.22972020431149143,4.75,4.25,0.0,0.026877013856252407,2023,0.09117097047958422,-1.0,-1.0,A
head to head,away,0.2077267635441793,3.25,3.2,1.0,0.007831782798557008,2023,-0.32488801848141735,2.25,2.2,A
head to head,away,0.37059759506418044,2.45,2.45,1.0,0.0030321219284294987,2023,-0.09203589209275786,1.4500000000000002,1.4500000000000002,A
head to head,away,0.40897061549972635,2.3,1.77,0.0,0.12937035279227965,2023,-0.0593675843506295,-1.0,-1.0,A
head to head,away,0.4078864336928485,2.0,2.3,0.0,-0.058718271588574455,2023,-0.184227132614303,-1.0,-1.0,A
head to head,away,0.446686481369609,2.1,1.7,0.0,0.10731021555763842,2023,-0.06195838912382112,-1.0,-1.0,A
head to head,away,0.6538549099610821,1.45,1.47,0.0,0.0009758001561279706,2023,-0.051910380556431046,-1.0,-1.0,A
head to head,away,0.23163204286431938,3.75,3.7,1.0,0.00701195219123496,2023,-0.13137983925880237,2.75,2.7,A
head to head,away,0.298468385688631,3.5,4.0,0.0,-0.031362555081720145,2023,0.04463934991020846,-1.0,-1.0,A
head to head,away,0.3641298337106662,2.3,3.35,0.0,-0.12603126356925753,2023,-0.16250138246546775,-1.0,-1.0,A
head to head,away,0.47574701881965376,1.87,1.72,0.0,0.04824699110413411,2023,-0.11035307480724743,-1.0,-1.0,A
head to head,away,0.6776144701871629,1.333,1.42,0.0,-0.03662037426215742,2023,-0.09673991124051184,-1.0,-1.0,A
head to head,away,0.25752710305181026,3.35,3.85,0.0,-0.03513392349833211,2023,-0.13728420477643566,-1.0,-1.0,A
head to head,away,0.2560595979943292,3.5,2.62,0.0,0.09172839755364026,2023,-0.10379140701984779,-1.0,-1.0,A
head to head,away,0.29779506648459586,2.75,2.35,0.0,0.06430964345537193,2023,-0.18106356716736138,-1.0,-1.0,A
head to head,away,0.4148663447469373,1.91,2.1,0.0,-0.04263565891472865,2023,-0.20760528153334978,-1.0,-1.0,A
head to head,away,0.6330082577329879,1.56,1.54,0.0,0.012499314062033029,2023,-0.012507117936538914,-1.0,-1.0,A
head to head,away,0.6023826919596227,1.56,1.45,1.0,0.05181812909586492,2023,-0.06028300054298863,0.56,0.44999999999999996,A
head to head,away,0.3144129631614232,2.7,2.55,0.0,0.02401013174790234,2023,-0.15108499946415732,-1.0,-1.0,A
head to head,away,0.6760914320224303,1.35,1.24,1.0,0.06761305139779838,2023,-0.08727656676971907,0.3500000000000001,0.24,A
head to head,away,0.33156229044387087,2.7,2.55,1.0,0.02248201438848918,2023,-0.10478181580154855,1.7000000000000002,1.5499999999999998,A
head to head,away,0.1466240596938836,6.0,6.0,0.0,0.0023538873468746946,2023,-0.12025564183669846,-1.0,-1.0,A
head to head,away,0.23136898803001338,3.2,4.5,1.0,-0.08495890074837442,2023,-0.25961923830395717,2.2,3.5,A
head to head,away,0.5339234825073926,1.82,1.9,0.0,-0.022247873466078427,2023,-0.02825926183654537,-1.0,-1.0,A
head to head,away,0.47053797345891424,1.68,2.18,0.0,-0.12886597938144329,2023,-0.20949620458902407,-1.0,-1.0,A
head to head,away,0.6551852522400301,1.47,1.22,1.0,0.1392312723247975,2023,-0.03687767920715579,0.47,0.21999999999999997,A
head to head,away,0.2723160851992219,3.0,4.5,1.0,-0.1048951048951049,2023,-0.1830517444023343,2.0,3.5,A
head to head,away,0.20090583324542188,2.8,3.7,0.0,-0.0796226415094341,2023,-0.4374636669128188,-1.0,-1.0,A
head to head,away,0.21279677636901484,4.0,6.0,1.0,-0.07843137254901955,2023,-0.14881289452394064,3.0,5.0,A
head to head,away,0.42152339839872033,2.45,1.85,0.0,0.13045308805907302,2023,0.032732326076864826,-1.0,-1.0,A
head to head,away,0.47726883814512056,2.0,1.9,0.0,0.030309949818683957,2023,-0.04546232370975889,-1.0,-1.0,A
head to head,away,0.7832927178001288,1.27,1.22,1.0,0.025012140082266876,2023,-0.005218248393836444,0.27,0.21999999999999997,A
head to head,away,0.6671190833069545,1.4,1.3,1.0,0.05818181818181811,2023,-0.06603328337026382,0.3999999999999999,0.30000000000000004,A
head to head,away,0.4816529122878306,1.72,1.68,0.0,0.016963528413910023,2023,-0.17155699086493137,-1.0,-1.0,A
head to head,away,0.6274435486456666,2.0,1.52,0.0,0.15641045096997758,2023,0.2548870972913333,-1.0,-1.0,A
head to head,away,0.5526251728440899,1.82,1.93,0.0,-0.02356020942408371,2023,0.00577781457624349,-1.0,-1.0,A
head to head,away,0.8601039810995529,1.18,1.14,1.0,0.0312746457806424,2023,0.014922697697472342,0.17999999999999994,0.1399999999999999,A
head to head,away,0.71653104227565,1.28,1.333,1.0,-0.021338963940338906,2023,-0.08284026588716797,0.28,0.33299999999999996,A
head to head,away,0.3303424061890763,2.55,2.9,0.0,-0.04166713844133196,2023,-0.15762686421785554,-1.0,-1.0,A
head to head,away,0.2630098677218111,2.45,3.7,0.0,-0.12902743142144646,2023,-0.35562582408156274,-1.0,-1.0,A
head to head,away,0.6255198865343994,1.45,1.54,0.0,-0.031290022121318095,2023,-0.09299616452512094,-1.0,-1.0,A
head to head,away,0.42477788116740745,2.15,1.65,1.0,0.1378340365682138,2023,-0.08672755549007405,1.15,0.6499999999999999,A
head to head,away,0.7277249659608417,1.4,1.16,1.0,0.14658418504572343,2023,0.018814952345178382,0.3999999999999999,0.15999999999999992,A
head to head,away,0.30081666352542835,2.75,2.3,0.0,0.07248342374924643,2023,-0.1727541753050721,-1.0,-1.0,A
head to head,away,0.34319889968815076,2.2,2.05,0.0,0.034542776810817966,2023,-0.24496242068606822,-1.0,-1.0,A
head to head,away,0.6458897295615451,1.45,1.27,1.0,0.10425137797054299,2023,-0.06345989213575964,0.44999999999999996,0.27,A
head to head,away,0.2248608874545417,4.0,5.2,0.0,-0.05314226003881173,2023,-0.10055645018183323,-1.0,-1.0,A
head to head,away,0.1917537079562629,4.0,4.0,0.0,0.0028914791723140265,2023,-0.2329851681749484,-1.0,-1.0,A
head to head,away,0.22097977312165518,4.0,4.0,0.0,0.0028914791723140265,2023,-0.1160809075133793,-1.0,-1.0,A
head to head,away,0.23312881456694867,3.35,2.68,0.0,0.07420508057751385,2023,-0.21901847120072193,-1.0,-1.0,A
head to head,away,0.4977988719936739,2.2,1.58,1.0,0.1749507559284746,2023,0.09515751838608266,1.2000000000000002,0.5800000000000001,A
head to head,away,0.34230380957230344,2.75,2.4,0.0,0.05476190476190468,2023,-0.05866452367616559,-1.0,-1.0,A
head to head,away,0.25046084190016593,3.2,2.5,1.0,0.08599083916688266,2023,-0.19852530591946893,2.2,1.5,A
head to head,away,0.08993583227816715,7.0,8.0,1.0,-0.015890477936682745,2023,-0.37044917405282995,6.0,7.0,A
head to head,away,0.6186928048888046,1.6,1.45,1.0,0.06785398881365912,2023,-0.010091512177912598,0.6000000000000001,0.44999999999999996,A
head to head,away,0.3535928031334269,2.2,2.8,1.0,-0.08872739563968235,2023,-0.22209583310646075,1.2000000000000002,1.7999999999999998,A
head to head,away,0.6407148471634123,1.58,1.47,1.0,0.05272262954114837,2023,0.01232945851819145,0.5800000000000001,0.47,A
head to head,away,0.6369655085123691,1.44,1.28,1.0,0.08259452905963471,2023,-0.08276966774218852,0.43999999999999995,0.28,A
head to head,away,0.8168978358834594,1.25,1.24,1.0,0.012230028623471195,2023,0.021122294854324375,0.25,0.24,A
head to head,away,0.279421616141998,2.6,4.0,1.0,-0.12486694126903308,2023,-0.27350379803080516,1.6,3.0,A
head to head,away,0.5247935534292549,1.91,1.85,1.0,0.019480519480519376,2023,0.0023556870498768756,0.9099999999999999,0.8500000000000001,A
head to head,away,0.5772788507560784,1.5,1.77,0.0,-0.09151068254868588,2023,-0.13408172386588235,-1.0,-1.0,A
head to head,away,0.24797924240248692,3.0,4.25,1.0,-0.09231660871005143,2023,-0.25606227279253924,2.0,3.25,A
head to head,away,0.6698100863266474,1.45,1.44,0.0,0.013440860215053696,2023,-0.028775374826361277,-1.0,-1.0,A
head to head,away,0.4285361418096393,2.15,2.25,0.0,-0.016963528413910134,2023,-0.0786472951092756,-1.0,-1.0,A
head to head,away,0.5342061405687883,1.72,1.72,1.0,0.0034188034188035177,2023,-0.0811654382216841,0.72,0.72,A
head to head,away,0.25551725465706077,2.5,2.75,0.0,-0.03284688658439294,2023,-0.3612068633573481,-1.0,-1.0,A
head to head,away,0.09902124624953124,5.5,6.25,0.0,-0.018669813912318145,2023,-0.4553831456275782,-1.0,-1.0,A
head to head,away,0.3317369290889737,2.3,2.9,0.0,-0.08146807109940757,2023,-0.23700506309536062,-1.0,-1.0,A
head to head,away,0.5202531484529624,1.58,2.25,0.0,-0.17553415934635014,2023,-0.17800002544431925,-1.0,-1.0,A
head to head,away,0.47684752981941314,2.0,2.1,0.0,-0.01907544949064488,2023,-0.04630494036117372,-1.0,-1.0,A
head to head,away,0.6072691032535416,1.6,1.52,1.0,0.036131252304289097,2023,-0.028369434794333515,0.6000000000000001,0.52,A
head to head,away,0.6351394318833226,1.91,1.35,1.0,0.2127659574468086,2023,0.213116314897146,0.9099999999999999,0.3500000000000001,A
head to head,away,0.6157704125683443,1.4,1.47,0.0,-0.030159414045669963,2023,-0.13792142240431804,-1.0,-1.0,A
head to head,away,0.20250268450381337,3.0,3.5,1.0,-0.042369693207682135,2023,-0.3924919464885599,2.0,2.5,A
head to head,away,0.20310180714677983,3.85,3.25,0.0,0.04696397098698468,2023,-0.21805804248489757,-1.0,-1.0,A
head to head,away,0.6246526465011231,1.6,1.72,0.0,-0.0359623498864004,2023,-0.0005557655982030285,-1.0,-1.0,A
head to head,away,0.5982905108546681,1.5,1.47,1.0,0.021591363454618206,2023,-0.10256423371799783,0.5,0.47,A
head to head,away,0.4350489138849343,1.952,1.85,0.0,0.030207887350744478,2023,-0.15078452009660837,-1.0,-1.0,A
head to head,away,0.3668221654897751,2.3,2.45,1.0,-0.021205752772573194,2023,-0.15630901937351738,1.2999999999999998,1.4500000000000002,A
head to head,away,0.3620504328554319,2.25,2.75,0.0,-0.07473569084943499,2023,-0.18538652607527817,-1.0,-1.0,A
head to head,away,0.2348056120395623,3.85,5.0,0.0,-0.057108363673139206,2023,-0.09599839364768514,-1.0,-1.0,A
head to head,away,0.4293890401047138,2.7,3.0,1.0,-0.031251017285718996,2023,0.15935040828272728,1.7000000000000002,2.0,A
head to head,away,0.3504569192973661,1.87,2.3,1.0,-0.09300584888288321,2023,-0.3446455609139253,0.8700000000000001,1.2999999999999998,A
head to head,away,0.44523924051319863,2.65,3.5,0.0,-0.0844945897340581,2023,0.17988398735997624,-1.0,-1.0,A
head to head,away,0.5225353776410588,1.68,1.8,1.0,-0.03454277681081808,2023,-0.12214056556302122,0.6799999999999999,0.8,A
head to head,away,0.3977038903050558,2.75,3.0,0.0,-0.02397112691230352,2023,0.09368569833890339,-1.0,-1.0,A
head to head,away,0.6934035560247338,1.45,1.333,1.0,0.06359854315696267,2023,0.0054351562358638805,0.44999999999999996,0.33299999999999996,A
head to head,away,0.3391610375853683,2.55,2.45,1.0,0.01859517988550241,2023,-0.13513935415731082,1.5499999999999998,1.4500000000000002,A
head to head,away,0.261746230556857,3.1,3.7,0.0,-0.04803571428571429,2023,-0.18858668527374334,-1.0,-1.0,A
head to head,away,0.670376626920741,1.52,1.42,0.0,0.052197405138581676,2023,0.018972472919526195,-1.0,-1.0,A
head to head,away,0.07619593364090405,4.6,6.75,0.0,-0.06430539624780818,2023,-0.6494987052518414,-1.0,-1.0,A
head to head,away,0.4026441555376652,2.55,2.0,0.0,0.10705510705510701,2023,0.026742596621046166,-1.0,-1.0,A
head to head,away,0.40013217961025693,2.55,2.68,1.0,-0.014612698823225245,2023,0.02033705800615504,1.5499999999999998,1.6800000000000002,A
head to head,away,0.3507163308577457,2.55,3.1,0.0,-0.06235326235326233,2023,-0.10567335631274855,-1.0,-1.0,A
head to head,away,0.7146212092467223,1.36,1.68,0.0,-0.1292353019954467,2023,-0.028115155424457527,-1.0,-1.0,A
head to head,away,0.17350272077309892,4.0,5.0,0.0,-0.04584968074467266,2023,-0.30598911690760433,-1.0,-1.0,A
head to head,away,0.7123565918306798,1.4,1.56,1.0,-0.06605463502015235,2023,-0.002700771437048388,0.3999999999999999,0.56,A
head to head,away,0.4362135921288157,2.4,2.35,0.0,0.012562814070351647,2023,0.046912621109157726,-1.0,-1.0,A
head to head,away,0.7012387757488792,1.4,1.48,1.0,-0.03169997850848927,2023,-0.018265713951569285,0.3999999999999999,0.48,A
head to head,away,0.5829107579238121,1.52,2.05,0.0,-0.15900315900315903,2023,-0.11397564795580561,-1.0,-1.0,A
head to head,away,0.5452747109471058,1.72,2.55,1.0,-0.18055555555555558,2023,-0.0621274971709781,0.72,1.5499999999999998,A
head to head,away,0.2273405075923396,4.2,2.5,0.0,0.15914420227946113,2023,-0.04516986811217372,-1.0,-1.0,A
head to head,away,0.6484009314248762,1.65,1.47,1.0,0.07473569084943493,2023,0.06986153685104557,0.6499999999999999,0.47,A
head to head,away,0.2346650396637069,2.7,6.75,0.0,-0.21020540619600891,2023,-0.3664043929079913,-1.0,-1.0,A
head to head,away,0.546428074931157,2.0,1.5,1.0,0.15948253952117109,2023,0.09285614986231394,1.0,0.5,A
head to head,away,0.7354388208609153,1.56,1.45,1.0,0.04785096083321111,2023,0.14728456054302796,0.56,0.44999999999999996,A
head to head,away,0.1971966763026738,3.75,2.4,0.0,0.1455268389662029,2023,-0.2605124638649733,-1.0,-1.0,A
head to head,away,0.22504367543428716,3.1,4.0,0.0,-0.06994047619047605,2023,-0.30236460615370975,-1.0,-1.0,A
head to head,away,0.20022761581798765,3.25,4.15,1.0,-0.06199677938808379,2023,-0.34926024859154015,2.25,3.1500000000000004,A
head to head,away,0.2194900738729182,3.25,2.75,1.0,0.05640353582074209,2023,-0.28665725991301594,2.25,1.75,A
head to head,away,0.2769907829128462,2.9,2.3,1.0,0.08901781528363806,2023,-0.19672672955274606,1.9,1.2999999999999998,A
head to head,away,0.16049950464590879,3.75,6.75,0.0,-0.11325178698799565,2023,-0.39812685757784205,-1.0,-1.0,A
head to head,away,0.5117268985698589,1.54,2.62,1.0,-0.25473421128520624,2023,-0.21194057620241735,0.54,1.62,A
head to head,away,0.6081179591250134,1.68,2.18,1.0,-0.1259846682527095,2023,0.021638171330022438,0.6799999999999999,1.1800000000000002,A
head to head,away,0.3466360744294279,2.6,2.3,0.0,0.05186786045075653,2023,-0.09874620648348742,-1.0,-1.0,A
head to head,away,0.20316738658607125,2.75,6.5,0.0,-0.19713848842289228,2023,-0.44128968688830406,-1.0,-1.0,A
head to head,away,0.18376726209139638,3.75,3.25,0.0,0.03900509983576805,2023,-0.31087276715726353,-1.0,-1.0,A
head to head,away,0.5545482406695563,1.82,1.7,1.0,0.038295460679009186,2023,0.00927779801859252,0.8200000000000001,0.7,A
head to head,away,0.5073855747420903,1.78,2.45,0.0,-0.1447007780938649,2023,-0.0968536769590792,-1.0,-1.0,A
head to head,away,0.7651408225091202,1.36,1.05,1.0,0.21110868457450682,2023,0.04059151861240351,0.3600000000000001,0.050000000000000044,A
head to head,away,0.6080391426668933,1.42,1.24,1.0,0.1028384942319368,2023,-0.13658441741301153,0.41999999999999993,0.24,A
head to head,away,0.31233065314391584,2.2,1.53,1.0,0.1920103092783505,2023,-0.31287256308338507,1.2000000000000002,0.53,A
head to head,away,0.2515738077481462,2.6,2.4,1.0,0.034146341463414775,2023,-0.34590809985481985,1.6,1.4,A
head to head,away,0.3273893825866635,2.3,2.25,1.0,0.014215609908085236,2023,-0.24700442005067402,1.2999999999999998,1.25,A
head to head,away,0.2050901672817078,3.5,4.5,0.0,-0.05906255906255897,2023,-0.28218441451402265,-1.0,-1.0,A
head to head,away,0.7390720203325902,1.31,1.44,1.0,-0.05944796267376917,2023,-0.031815653364306806,0.31000000000000005,0.43999999999999995,A
head to head,away,0.5434330645619452,1.91,1.58,1.0,0.10794044665012409,2023,0.03795715331331517,0.9099999999999999,0.5800000000000001,A
head to head,away,0.6130013152914251,1.62,1.48,1.0,0.0633835094321416,2023,-0.006937869227891302,0.6200000000000001,0.48,A
head to head,away,0.5113729975071092,1.91,2.0,0.0,-0.019480519480519543,2023,-0.02327757476142145,-1.0,-1.0,A
head to head,away,0.8304258679947939,1.27,1.3,1.0,-0.007011952191235016,2023,0.054640852353388336,0.27,0.30000000000000004,A
head to head,away,0.17238865145791493,3.25,4.0,0.0,-0.05538302277432705,2023,-0.43973688276177647,-1.0,-1.0,A
head to head,away,0.39089091171059565,2.2,2.55,0.0,-0.05646157336223634,2023,-0.14003999423668956,-1.0,-1.0,A
head to head,away,0.2431880428931923,2.6,3.0,0.0,-0.04458669021079342,2023,-0.36771108847770007,-1.0,-1.0,A
head to head,away,0.3855495321195479,2.2,1.93,1.0,0.0670103092783505,2023,-0.1517910293369945,1.2000000000000002,0.9299999999999999,A
head to head,away,0.5218756794954019,1.8,1.7,1.0,0.037530719093920306,2023,-0.06062377690827647,0.8,0.7,A
head to head,away,0.7028295793947992,1.36,1.36,0.0,0.0,2023,-0.04415177202307308,-1.0,-1.0,A
head to head,away,0.36748535239370517,2.25,3.1,0.0,-0.11504120879120894,2023,-0.17315795711416337,-1.0,-1.0,A
head to head,away,0.018019487692716774,11.0,15.0,0.0,-0.0224161790391878,2023,-0.8017856353801155,-1.0,-1.0,A
head to head,away,0.27510763984338427,3.6,3.3,1.0,0.0250164581961817,2023,-0.009612496563816575,2.6,2.3,A
head to head,away,0.25772358494159353,3.2,3.2,0.0,0.003064429633034438,2023,-0.17528452818690066,-1.0,-1.0,A
head to head,away,0.8599645446806581,1.15,1.06,1.0,0.0770914628343009,2023,-0.011040773617243316,0.1499999999999999,0.06000000000000005,A
head to head,away,0.3015790267421028,3.2,2.85,0.0,0.037418721629247864,2023,-0.034947114425270986,-1.0,-1.0,A
head to head,away,0.3569564592613801,3.0,2.3,1.0,0.09953970080552355,2023,0.07086937778414026,2.0,1.2999999999999998,A
head to head,away,0.6120494918222112,1.5,1.45,1.0,0.02864435621100403,2023,-0.08192576226668313,0.5,0.44999999999999996,A
head to head,away,0.08381580078877138,4.0,6.5,0.0,-0.09111361079865032,2023,-0.6647367968449145,-1.0,-1.0,A
head to head,away,0.6113985714230348,1.5,1.65,0.0,-0.051867860450756365,2023,-0.08290214286544784,-1.0,-1.0,A
head to head,away,0.696682374012116,1.56,1.36,0.0,0.09718193785921453,2023,0.08682450345890103,-1.0,-1.0,A
head to head,away,0.393633206530585,2.4,2.45,0.0,-0.004925371273239776,2023,-0.05528030432659614,-1.0,-1.0,A
head to head,away,0.7100999637619421,1.45,1.38,1.0,0.04392805156997298,2023,0.02964494745481594,0.44999999999999996,0.3799999999999999,A
head to head,away,0.14754350854110232,3.25,5.0,0.0,-0.10123270351899971,2023,-0.5204835972414175,-1.0,-1.0,A
head to head,away,0.4922759133288269,1.91,1.93,1.0,0.0,2023,-0.05975300554194063,0.9099999999999999,0.9299999999999999,A
head to head,away,0.6498204538446803,1.56,1.3,1.0,0.1290274314214463,2023,0.013719907997701286,0.56,0.30000000000000004,A
head to head,away,0.24303080325424165,2.7,4.25,1.0,-0.12665277613974402,2023,-0.34381683121354756,1.7000000000000002,3.25,A
head to head,away,0.2056138378235448,3.5,6.0,0.0,-0.11268540680305372,2023,-0.28035156761759317,-1.0,-1.0,A
head to head,away,0.1856539175846763,4.5,3.7,0.0,0.045119180751025056,2023,-0.1645573708689566,-1.0,-1.0,A
head to head,away,0.8417140932466816,1.18,1.13,1.0,0.0428389045116577,2023,-0.0067773699689157585,0.17999999999999994,0.1299999999999999,A
head to head,away,0.2504383743329883,2.75,3.85,0.0,-0.0957254246727931,2023,-0.31129447058428217,-1.0,-1.0,A
head to head,away,0.21865838649077152,3.25,4.0,0.0,-0.05538302277432705,2023,-0.2893602439049926,-1.0,-1.0,A
head to head,away,0.13286713437914732,5.75,7.25,0.0,-0.03268206470788371,2023,-0.23601397731990292,-1.0,-1.0,A
head to head,away,0.8830392712075064,1.13,1.18,1.0,-0.032453237834574794,2023,-0.0021656235355178577,0.1299999999999999,0.17999999999999994,A
head to head,away,0.2252531212264416,3.35,3.85,0.0,-0.03513392349833211,2023,-0.24540204389142062,-1.0,-1.0,A
head to head,away,0.2139420544338897,3.6,4.25,0.0,-0.03944091297721275,2023,-0.22980860403799708,-1.0,-1.0,A
head to head,away,0.15139778629207123,4.6,3.85,0.0,0.04261611884116434,2023,-0.3035701830564723,-1.0,-1.0,A
head to head,away,0.4346658315799987,2.4,2.45,1.0,-0.004925371273239776,2023,0.04319799579199679,1.4,1.4500000000000002,A
head to head,away,0.21277338091457698,3.1,5.0,0.0,-0.11579015693514871,2023,-0.34040251916481135,-1.0,-1.0,A
head to head,away,0.44041499953592844,2.25,1.63,1.0,0.1673753382296096,2023,-0.009066251044161033,1.25,0.6299999999999999,A
head to head,away,0.5766465488126785,1.65,2.68,0.0,-0.21807140228192878,2023,-0.04853319445908055,-1.0,-1.0,A
head to head,away,0.893282727851672,1.15,1.07,1.0,0.0666761242729465,2023,0.027275137029422636,0.1499999999999999,0.07000000000000006,A
head to head,away,0.8298269016802973,1.27,1.15,1.0,0.07511454417293228,2023,0.05388016513397753,0.27,0.1499999999999999,A
head to head,away,0.5218192214261654,1.82,1.62,0.0,0.0683793371754125,2023,-0.05028901700437882,-1.0,-1.0,A
head to head,away,0.1971501714049959,3.6,3.2,0.0,0.03600392121914264,2023,-0.2902593829420147,-1.0,-1.0,A
head to head,away,0.10257320919912871,5.75,8.0,1.0,-0.04457806344598769,2023,-0.4102040471050099,4.75,7.0,A
head to head,away,0.11367934306845617,5.5,6.5,0.0,-0.02483272401186465,2023,-0.37476361312349105,-1.0,-1.0,A
head to head,away,0.6271662660146737,1.36,1.37,1.0,-0.0015355675841682848,2023,-0.14705387822004368,0.3600000000000001,0.3700000000000001,A
head to head,away,0.08956472125612958,5.75,8.0,0.0,-0.045545193125988925,2023,-0.48500285277725497,-1.0,-1.0,A
head to head,away,0.13997083515938202,5.0,5.4,0.0,-0.012856319546039052,2023,-0.3001458242030899,-1.0,-1.0,A
head to head,away,0.7173633184512131,1.36,1.35,1.0,0.007923033389926393,2023,-0.02438588690635002,0.3600000000000001,0.3500000000000001,A
head to head,away,0.7179189767169463,1.38,1.56,1.0,-0.07620073891625628,2023,-0.009271812130614232,0.3799999999999999,0.56,A
head to head,away,0.4900841131885961,2.0,3.0,0.0,-0.1551728222501244,2023,-0.019831773622807747,-1.0,-1.0,A
head to head,away,0.431767213855613,2.3,2.5,1.0,-0.02902885292047863,2023,-0.006935408132090148,1.2999999999999998,1.5,A
head to head,away,0.22366849111940001,3.1,4.5,0.0,-0.09750939849624052,2023,-0.30662767752986,-1.0,-1.0,A
head to head,away,0.479770850604071,1.91,2.18,1.0,-0.061855670103092786,2023,-0.08363767534622446,0.9099999999999999,1.1800000000000002,A
head to head,away,0.4934086510548159,1.952,2.68,0.0,-0.1304209574886267,2023,-0.03686631314099942,-1.0,-1.0,A
head to head,away,0.22878089711210015,2.3,4.5,0.0,-0.1999785928357357,2023,-0.4738039366421697,-1.0,-1.0,A
head to head,away,0.661716173390657,1.45,1.9,1.0,-0.15344956880389954,2023,-0.04051154858354733,0.44999999999999996,0.8999999999999999,A
head to head,away,0.2305083450365023,3.2,4.25,0.0,-0.07238040456332095,2023,-0.2623732958831926,-1.0,-1.0,A
head to head,away,0.24936864753008303,2.8,3.7,0.0,-0.08259452905963482,2023,-0.30176778691576756,-1.0,-1.0,A
head to head,away,0.376309233047724,2.4,2.35,0.0,0.012562814070351647,2023,-0.09685784068546244,-1.0,-1.0,A
head to head,away,0.114213162815896,4.5,6.75,0.0,-0.06959635228327221,2023,-0.486040767328468,-1.0,-1.0,A
head to head,away,0.4165869634968721,2.05,1.833,1.0,0.059514846862402215,2023,-0.14599672483141235,1.0499999999999998,0.833,A
head to head,away,0.15318340594649105,4.0,5.4,0.0,-0.060013046314416285,2023,-0.3872663762140358,-1.0,-1.0,A
head to head,away,0.2960294541283628,3.0,3.2,0.0,-0.016871774513696036,2023,-0.11191163761491163,-1.0,-1.0,A
head to head,away,0.42503117515264455,2.55,2.62,0.0,-0.006314615010267199,2023,0.08382949663924344,-1.0,-1.0,A
head to head,away,0.14956446360262365,4.0,5.0,0.0,-0.04584968074467266,2023,-0.4017421455895054,-1.0,-1.0,A
head to head,away,0.19344232843849718,3.85,4.0,0.0,-0.009951636904761973,2023,-0.25524703551178585,-1.0,-1.0,A
head to head,away,0.31066020984546205,2.25,2.4,0.0,-0.023076923076923106,2023,-0.3010145278477103,-1.0,-1.0,A
head to head,away,0.6095608853172763,1.5,1.9,0.0,-0.1273966010688144,2024,-0.08565867202408561,-1.0,-1.0,A
head to head,away,0.5750802764849614,1.58,1.58,0.0,0.004925371273239665,2024,-0.09137316315376098,-1.0,-1.0,A
head to head,away,0.3458259805716388,2.8,3.2,1.0,-0.039841459890177955,2024,-0.031687254399411335,1.7999999999999998,2.2,A
head to head,away,0.395948112840133,2.35,2.55,1.0,-0.028535173779827283,2024,-0.06952193482568747,1.35,1.5499999999999998,A
head to head,away,0.5678477166816165,1.65,1.5,0.0,0.0642252484357747,2024,-0.06305126747533285,-1.0,-1.0,A
head to head,away,0.3735417707753883,2.65,3.1,0.0,-0.05031779661016966,2024,-0.010114307445221016,-1.0,-1.0,A
head to head,away,0.3337431344398565,2.9,2.55,1.0,0.044760669760669725,2024,-0.032144910124416226,1.9,1.5499999999999998,A
head to head,away,0.5540167978530515,1.48,1.58,1.0,-0.033706042453992224,2024,-0.18005513917748384,0.48,0.5800000000000001,A
head to head,away,0.3039729808598417,2.8,3.1,0.0,-0.03158692722371981,2024,-0.14887565359244326,-1.0,-1.0,A
head to head,away,0.2614451808158226,2.9,4.0,0.0,-0.08771698643615156,2024,-0.24180897563411452,-1.0,-1.0,A
head to head,away,0.27200443354438986,3.25,3.2,0.0,0.006302920749690855,2024,-0.11598559098073302,-1.0,-1.0,A
head to head,away,0.3272318686806849,2.15,3.2,0.0,-0.14313440077632222,2024,-0.2964514823365275,-1.0,-1.0,A
head to head,away,0.32815804636957946,2.5,2.9,0.0,-0.0493908837888396,2024,-0.17960488407605135,-1.0,-1.0,A
head to head,away,0.31315117191325803,2.6,3.0,0.0,-0.04458669021079342,2024,-0.18580695302552908,-1.0,-1.0,A
head to head,away,0.5621627941410172,1.87,1.75,0.0,0.04055468341182633,2024,0.0512444250437023,-1.0,-1.0,A
head to head,away,0.44505949407771683,2.8,1.85,0.0,0.17985787797108538,2024,0.246166583417607,-1.0,-1.0,A
head to head,away,0.3009823647799348,2.45,4.25,0.0,-0.16316222194967955,2024,-0.2625932062891597,-1.0,-1.0,A
head to head,away,0.4144494234231064,3.2,3.2,0.0,0.0,2024,0.3262381549539406,-1.0,-1.0,A
head to head,away,0.3647966298009352,2.25,2.45,0.0,-0.03404949165547677,2024,-0.17920758294789585,-1.0,-1.0,A
head to head,away,0.44893197307888877,2.15,2.15,0.0,0.004273504273504258,2024,-0.0347962578803892,-1.0,-1.0,A
head to head,away,0.6027721198852343,1.72,1.42,1.0,0.1231774761186526,2024,0.03676804620260299,0.72,0.41999999999999993,A
head to head,away,0.7143709013446623,1.52,1.25,0.0,0.1353691353691355,2024,0.08584377004388677,-1.0,-1.0,A
head to head,away,0.4148815367257068,2.25,2.15,0.0,0.02564102564102555,2024,-0.06651654236715965,-1.0,-1.0,A
head to head,away,0.5829519847910817,1.65,2.1,0.0,-0.11955873583780563,2024,-0.03812922509471528,-1.0,-1.0,A
head to head,away,0.5264755212975873,1.6,2.55,1.0,-0.21840859150134634,2024,-0.15763916592386018,0.6000000000000001,1.5499999999999998,A
head to head,away,0.43862322918023355,2.8,2.55,0.0,0.035377358490566,2024,0.22814504170465377,-1.0,-1.0,A
head to head,away,0.42555415938385655,2.8,1.85,0.0,0.17985787797108538,2024,0.19155164627479815,-1.0,-1.0,A
head to head,away,0.6588323174872253,1.58,1.36,0.0,0.09873931058802787,2024,0.04095506162981599,-1.0,-1.0,A
head to head,away,0.5930951511740254,2.15,1.7,1.0,0.1218820861678005,2024,0.27515457502415464,1.15,0.7,A
head to head,away,0.3533304653193451,2.5,3.85,0.0,-0.13167544824657884,2024,-0.11667383670163733,-1.0,-1.0,A
head to head,away,0.3895628975667007,3.0,2.25,0.0,0.10783858998144702,2024,0.16868869270010212,-1.0,-1.0,A
head to head,away,0.28199541292035746,3.5,2.8,1.0,0.068827198238963,2024,-0.013016054778748898,2.5,1.7999999999999998,A
head to head,away,0.3646469774469092,2.8,2.85,0.0,-0.0039583058450983755,2024,0.021011536851345713,-1.0,-1.0,A
head to head,away,0.656965675028697,1.44,1.28,0.0,0.08259452905963471,2024,-0.05396942795867643,-1.0,-1.0,A
head to head,away,0.2614803586582142,3.1,2.55,0.0,0.06542865917865925,2024,-0.189410888159536,-1.0,-1.0,A
head to head,away,0.5040329932256551,2.15,1.8,1.0,0.088023088023088,2024,0.08367093543515836,1.15,0.8,A
head to head,away,0.5954489247800547,2.0,1.67,0.0,0.09753980126081857,2024,0.19089784956010947,-1.0,-1.0,A
head to head,away,0.3301559770692162,2.45,2.75,0.0,-0.04378933618335101,2024,-0.19111785618042032,-1.0,-1.0,A
head to head,away,0.19671649138542358,4.6,6.0,0.0,-0.04566697564266187,2024,-0.09510413962705166,-1.0,-1.0,A
head to head,away,0.47749380213931236,2.0,2.05,0.0,-0.008907323043448767,2024,-0.045012395721375276,-1.0,-1.0,A
head to head,away,0.5036155011426982,1.65,2.45,1.0,-0.186375813241485,2024,-0.16903442311454808,0.6499999999999999,1.4500000000000002,A
head to head,away,0.2262200426815133,3.75,6.5,0.0,-0.10861245144115572,2024,-0.15167483994432507,-1.0,-1.0,A
head to head,away,0.2764817865582747,3.25,3.5,0.0,-0.02264492753623193,2024,-0.10143419368560713,-1.0,-1.0,A
head to head,away,0.4809123309418114,1.952,1.65,0.0,0.09300584888288332,2024,-0.06125913000158412,-1.0,-1.0,A
head to head,away,0.5510821085494704,1.952,1.3,1.0,0.2507273678702251,2024,0.07571227588856622,0.952,0.30000000000000004,A
head to head,away,0.4231731266518204,2.0,2.0,1.0,0.0017757064238228537,2024,-0.15365374669635923,1.0,1.0,A
head to head,away,0.2300111196674064,2.8,3.2,0.0,-0.039841459890177955,2024,-0.3559688649312621,-1.0,-1.0,A
head to head,away,0.48022039412607,1.91,1.952,1.0,-0.010727367870225102,2024,-0.08277904721920637,0.9099999999999999,0.952,A
head to head,away,0.6727820589312187,1.45,1.36,0.0,0.046992481203007475,2024,-0.024466014549732962,-1.0,-1.0,A
head to head,away,0.38757253053596485,2.15,3.1,1.0,-0.13640873015873023,2024,-0.1667190593476756,1.15,2.1,A
head to head,away,0.15955735587455422,5.0,5.0,0.0,0.0026268230151725858,2024,-0.2022132206272289,-1.0,-1.0,A
head to head,away,0.7236739031259617,1.31,1.333,1.0,-0.003462852624863788,2024,-0.05198718690499016,0.31000000000000005,0.33299999999999996,A
head to head,away,0.3121767084665481,3.1,3.1,0.0,0.0030753968253969255,2024,-0.03225220375370086,-1.0,-1.0,A
head to head,away,0.5942945824057659,1.58,1.93,0.0,-0.10301507537688442,2024,-0.06101455979888981,-1.0,-1.0,A
head to head,away,0.342105201979234,2.35,2.5,0.0,-0.020826837937270026,2024,-0.19605277534880006,-1.0,-1.0,A
head to head,away,0.1666977551892852,4.5,4.0,1.0,0.02618630639646402,2024,-0.2498601016482166,3.5,3.0,A
head to head,away,0.6547790847341122,1.35,1.44,1.0,-0.0461443806398687,2024,-0.1160482356089485,0.3500000000000001,0.43999999999999995,A
head to head,away,0.1974922994767343,3.35,4.2,0.0,-0.05812725704705968,2024,-0.3384007967529401,-1.0,-1.0,A
head to head,away,0.35596409654356775,2.45,3.35,0.0,-0.104380837357812,2024,-0.12788796346825893,-1.0,-1.0,A
head to head,away,0.6813934471145765,1.35,1.2,1.0,0.0829519450800916,2024,-0.08011884639532163,0.3500000000000001,0.19999999999999996,A
head to head,away,0.7134885961050257,1.45,1.333,1.0,0.06059150117446077,2024,0.034558464352287155,0.44999999999999996,0.33299999999999996,A
head to head,away,0.3984683889064523,2.0,2.75,1.0,-0.1312016953378209,2024,-0.20306322218709538,1.0,1.75,A
head to head,away,0.5929357220591025,1.82,1.42,1.0,0.14773608687221268,2024,0.07914301414756664,0.8200000000000001,0.41999999999999993,A
head to head,away,0.8599784639790728,1.2,,1.0,,2024,0.03197415677488746,0.19999999999999996,,A
head to head,away,0.2925441995843413,3.6,,1.0,,2024,0.053159118503628644,2.6,,A
head to head,away,0.3807685001212653,2.5,,1.0,,2024,-0.04807874969683679,1.5,,A
head to head,away,0.30872435830859146,2.6,,0.0,,2024,-0.19731666839766215,-1.0,-1.0,A
head to head,away,0.8270241251876432,1.19,,1.0,,2024,-0.015841291026704618,0.18999999999999995,,A
head to head,away,0.3870978425364917,2.65,,1.0,,2024,0.02580928272170291,1.65,,A
head to head,away,0.5409987734567068,1.57,,0.0,,2024,-0.15063192567297035,-1.0,-1.0,A
head to head,away,0.12371774516658074,3.35,,0.0,,2024,-0.5855455536919545,-1.0,-1.0,A
head to head,away,0.46255788700845946,1.61,,0.0,,2024,-0.2552818019163803,-1.0,-1.0,A
head to head,away,0.15829475834936568,5.0,,0.0,,2024,-0.20852620825317159,-1.0,-1.0,A
head to head,away,0.7029253304124137,1.19,,1.0,,2024,-0.16351885680922773,0.18999999999999995,,A
head to head,away,0.6450803485653946,1.78,,1.0,,2024,0.14824302044640247,0.78,,A
head to head,away,0.5339180875030887,2.05,,0.0,,2024,0.09453207938133157,-1.0,-1.0,A
head to head,away,0.4287924280569506,2.75,,1.0,,2024,0.17917917715661424,1.75,,A
head to head,away,0.24523452447574723,2.85,,0.0,,2024,-0.3010816052441204,-1.0,-1.0,A
head to head,away,0.6035339749358788,1.52,,0.0,,2024,-0.08262835809746427,-1.0,-1.0,A
head to head,away,0.5377430317631965,1.63,,0.0,,2024,-0.12347885822598981,-1.0,-1.0,A
head to head,away,0.6438486106494881,1.56,,1.0,,2024,0.0044038326132014305,0.56,,A
head to head,away,0.6432776138278264,1.83,,1.0,,2024,0.17719803330492234,0.8300000000000001,,A
head to head,away,0.5120031951870446,1.61,,0.0,,2024,-0.1756748557488581,-1.0,-1.0,A
head to head,away,0.658532381123514,1.35,,1.0,,2024,-0.11098128548325603,0.3500000000000001,,A
head to head,away,0.7914256684750436,1.21,,0.0,,2024,-0.04237494114519724,-1.0,-1.0,A
head to head,away,0.22487582803021589,3.85,,0.0,,2024,-0.13422806208366878,-1.0,-1.0,A
head to head,away,0.7069469957380897,1.4,,1.0,,2024,-0.010274205966674499,0.3999999999999999,,A
head to head,away,0.35636625226775465,2.4,,0.0,,2024,-0.14472099455738885,-1.0,-1.0,A
head to head,away,0.2504085064744225,3.5,,0.0,,2024,-0.12357022733952139,-1.0,-1.0,A
head to head,away,0.6631500155019336,1.33,,0.0,,2024,-0.11801047938242826,-1.0,-1.0,A
head to head,away,0.7068646024143467,1.22,,1.0,,2024,-0.13762518505449706,0.21999999999999997,,A
head to head,away,0.4267413977479011,1.98,,1.0,,2024,-0.1550520324591559,0.98,,A
head to head,away,0.5205212911729031,1.55,,0.0,,2024,-0.1931919986820001,-1.0,-1.0,A
head to head,away,0.17711718024355316,4.3,,1.0,,2024,-0.23839612495272144,3.3,,A
head to head,away,0.5435586937784299,1.67,,0.0,,2024,-0.09225698139002203,-1.0,-1.0,A
head to head,away,0.6844648909731026,1.39,,0.0,,2024,-0.04859380154738746,-1.0,-1.0,A
head to head,away,0.3758066197556684,1.99,,1.0,,2024,-0.25214482668621985,0.99,,A
head to head,away,0.3104202411079904,3.15,,1.0,,2024,-0.02217624050983036,2.15,,A
head to head,away,0.33297932416473763,2.35,,1.0,,2024,-0.2174985882128665,1.35,,A
head to head,away,0.2457855724909136,3.75,,1.0,,2024,-0.07830410315907399,2.75,,A
head to head,away,0.300062892007649,3.0,,0.0,,2024,-0.09981132397705295,-1.0,-1.0,A
head to head,away,0.44799960075868694,1.95,,1.0,,2024,-0.12640077852056053,0.95,,A
head to head,away,0.41602083288910463,2.4,,1.0,,2024,-0.0015500010661488872,1.4,,A
head to head,away,0.36256262551568585,2.55,,1.0,,2024,-0.07546530493500114,1.5499999999999998,,A
head to head,away,0.22813730721709902,4.05,,0.0,,2024,-0.07604390577074904,-1.0,-1.0,A
head to head,away,0.23306019410655887,3.25,,0.0,,2024,-0.24255436915368367,-1.0,-1.0,A
head to head,away,0.3970016739368156,1.75,,0.0,,2024,-0.30524707061057266,-1.0,-1.0,A
head to head,away,0.2696682254501994,3.0,,1.0,,2024,-0.19099532364940175,2.0,,A
head to head,away,0.41180357886693697,2.1,,1.0,,2024,-0.13521248437943234,1.1,,A
head to head,away,0.6031214186227298,1.46,,0.0,,2024,-0.11944272881081441,-1.0,-1.0,A
head to head,away,0.3873586871956225,1.69,,0.0,,2024,-0.345363818639398,-1.0,-1.0,A
head to head,away,0.48295490893355697,1.69,,1.0,,2024,-0.18380620390228875,0.69,,A
head to head,away,0.6182802328389259,1.57,,1.0,,2024,-0.029300034442886314,0.5700000000000001,,A
head to head,away,0.3341951891551398,2.75,,0.0,,2024,-0.08096322982336557,-1.0,-1.0,A
head to head,away,0.7969954294173986,1.24,,1.0,,2024,-0.011725667522425653,0.24,,A
head to head,away,0.5749141156496702,1.52,,1.0,,2024,-0.12613054421250125,0.52,,A
head to head,away,0.660036717782735,1.6,,0.0,,2024,0.05605874845237602,-1.0,-1.0,A
head to head,away,0.24870965020735447,4.2,,0.0,,2024,0.04458053087088887,-1.0,-1.0,A
head to head,away,0.4386016547645697,2.25,,0.0,,2024,-0.013146276779718136,-1.0,-1.0,A
head to head,away,0.4472078454087012,1.68,,0.0,,2024,-0.24869081971338203,-1.0,-1.0,A
head to head,away,0.6010497552519254,1.65,,0.0,,2024,-0.008267903834323187,-1.0,-1.0,A
head to head,away,0.5559045762870357,1.65,,0.0,,2024,-0.08275744912639116,-1.0,-1.0,A
head to head,away,0.3955003884953796,1.94,,0.0,,2024,-0.23272924631896363,-1.0,-1.0,A
head to head,away,0.1854543570056444,4.2,,0.0,,2024,-0.22109170057629357,-1.0,-1.0,A
head to head,away,0.49186463451747364,1.85,,0.0,,2024,-0.09005042614267367,-1.0,-1.0,A
head to head,away,0.2276673086764991,3.6,,1.0,,2024,-0.18039768876460327,2.6,,A
head to head,away,0.13902687843706896,6.0,,0.0,,2024,-0.16583872937758626,-1.0,-1.0,A
head to head,away,0.5240541364342068,1.9,,1.0,,2024,-0.004297140775007091,0.8999999999999999,,A
head to head,away,0.21141004137581154,2.9,,1.0,,2024,-0.3869108800101465,1.9,,A
head to head,away,0.6702946177118564,1.6,,1.0,,2024,0.07247138833897027,0.6000000000000001,,A
head to head,away,0.3369957513228252,2.5,,0.0,,2024,-0.15751062169293695,-1.0,-1.0,A
head to head,away,0.825176563101838,1.22,,1.0,,2024,0.006715406984242334,0.21999999999999997,,A
head to head,away,0.45749751213537926,2.05,,1.0,,2024,-0.062130100122472554,1.0499999999999998,,A
head to head,away,0.14042286280971417,4.2,,0.0,,2024,-0.4102239761992005,-1.0,-1.0,A
head to head,away,0.5221797165686763,1.9,,1.0,,2024,-0.007858538519515013,0.8999999999999999,,A
head to head,away,0.4950743905136369,1.95,,0.0,,2024,-0.03460493849840807,-1.0,-1.0,A
head to head,away,0.12864414749072317,4.0,,0.0,,2024,-0.4854234100371073,-1.0,-1.0,A
head to head,away,0.4131357503638077,2.3,,0.0,,2024,-0.049787774163242426,-1.0,-1.0,A
head to head,away,0.2656584644946911,2.65,,1.0,,2024,-0.29600506908906865,1.65,,A
head to head,away,0.3642751705597599,2.0,,0.0,,2024,-0.2714496588804802,-1.0,-1.0,A
head to head,away,0.6008129998908434,1.8,,0.0,,2024,0.08146339980351813,-1.0,-1.0,A
head to head,away,0.20201835944878388,3.6,,0.0,,2024,-0.27273390598437797,-1.0,-1.0,A
head to head,away,0.6072160646883447,1.63,,1.0,,2024,-0.010237814557998326,0.6299999999999999,,A
head to head,away,0.5627509385300509,1.8,,0.0,,2024,0.012951689354091522,-1.0,-1.0,A
head to head,away,0.2197585423117956,4.4,,0.0,,2024,-0.03306241382809927,-1.0,-1.0,A
head to head,away,0.21295677143278613,3.0,,0.0,,2024,-0.3611296857016416,-1.0,-1.0,A
head to head,away,0.49292365385852865,2.0,,0.0,,2024,-0.014152692282942692,-1.0,-1.0,A
head to head,away,0.17634477482467936,4.0,,0.0,,2024,-0.29462090070128255,-1.0,-1.0,A
head to head,away,0.8750073325120954,1.18,,1.0,,2024,0.03250865236427258,0.17999999999999994,,A
head to head,away,0.2909419569781426,2.7,,1.0,,2024,-0.21445671615901485,1.7000000000000002,,A
head to head,away,0.5177430065004156,2.0,,0.0,,2024,0.03548601300083121,-1.0,-1.0,A
head to head,away,0.2993206870019315,2.6,,0.0,,2024,-0.22176621379497807,-1.0,-1.0,A
head to head,away,0.8051430803938668,1.26,,1.0,,2024,0.014480281296272324,0.26,,A
head to head,away,0.28089011079329884,2.6,,1.0,,2024,-0.26968571193742297,1.6,,A
head to head,away,0.4343902049494418,2.2,,0.0,,2024,-0.04434154911122801,-1.0,-1.0,A
head to head,away,0.7873193907577962,1.32,,1.0,,2024,0.039261595800291094,0.32000000000000006,,A
head to head,away,0.17150275804959114,3.6,,1.0,,2024,-0.3825900710214719,2.6,,A
head to head,away,0.7856162412301385,1.32,,1.0,,2024,0.037013438423782796,0.32000000000000006,,A
head to head,away,0.6998621404528187,1.32,,0.0,,2024,-0.07618197460227927,-1.0,-1.0,A
head to head,away,0.08797830726032996,4.5,,1.0,,2024,-0.6040976173285152,3.5,,A
head to head,away,0.2030896571262577,3.35,,0.0,,2024,-0.3196496486270367,-1.0,-1.0,A
head to head,away,0.08446085914212664,4.5,,0.0,,2024,-0.61992613386043,-1.0,-1.0,A
head to head,away,0.24661451726913552,2.9,,0.0,,2024,-0.284817899919507,-1.0,-1.0,A
head to head,away,0.8105363778788879,1.2,,1.0,,2024,-0.027356346545334587,0.19999999999999996,,A
head to head,away,0.5718273585354126,1.85,,1.0,,2024,0.057880613290513194,0.8500000000000001,,A
head to head,away,0.9179246172167069,1.14,,1.0,,2024,0.04643406362704572,0.1399999999999999,,A
head to head,away,0.6564418936917511,1.68,,1.0,,2024,0.10282238140214184,0.6799999999999999,,A
head to head,away,0.28670523933458036,2.55,,1.0,,2024,-0.2689016396968201,1.5499999999999998,,A
head to head,away,0.670530748535509,1.6,,1.0,,2024,0.07284919765681441,0.6000000000000001,,A
head to head,away,0.3575089372391773,2.9,,0.0,,2024,0.03677591799361424,-1.0,-1.0,A
head to head,away,0.1577467255623699,3.45,,0.0,,2024,-0.4557737968098238,-1.0,-1.0,A
head to head,away,0.3869035224913603,2.55,,1.0,,2024,-0.013396017647031355,1.5499999999999998,,A
head to head,away,0.17342869589197596,5.25,,0.0,,2024,-0.08949934656712621,-1.0,-1.0,A
head to head,away,0.1019280055290146,4.15,,0.0,,2024,-0.5769987770545895,-1.0,-1.0,A
head to head,away,0.2553455365184426,2.55,,0.0,,2024,-0.3488688818779714,-1.0,-1.0,A
head to head,away,0.31527151297642175,2.45,,0.0,,2024,-0.2275847932077667,-1.0,-1.0,A
head to head,away,0.6448555254971953,1.5,,0.0,,2024,-0.032716711754207095,-1.0,-1.0,A
head to head,away,0.3525608685308954,2.45,,0.0,,2024,-0.13622587209930614,-1.0,-1.0,A
head to head,away,0.25096501707420726,3.15,,0.0,,2024,-0.20946019621624712,-1.0,-1.0,A
head to head,away,0.8436690100642952,1.18,,0.0,,2024,-0.004470568124131713,-1.0,-1.0,A
head to head,away,0.7037847861839476,1.48,,1.0,,2024,0.04160148355224247,0.48,,A
head to head,away,0.21111006921280384,3.0,,0.0,,2024,-0.3666697923615885,-1.0,-1.0,A
head to head,away,0.7663762804647936,1.34,,0.0,,2024,0.02694421582282347,-1.0,-1.0,A
head to head,away,0.12289154043213513,4.4,,0.0,,2024,-0.45927722209860544,-1.0,-1.0,A
head to head,away,0.5717543561626843,1.52,,1.0,,2024,-0.1309333786327198,0.52,,A
head to head,away,0.8374685611452708,1.22,,1.0,,2024,0.021711644597230295,0.21999999999999997,,A
head to head,away,0.6644748472465745,1.6,,1.0,,2024,0.06315975559451914,0.6000000000000001,,A
head to head,away,0.1980462586716304,3.1,,0.0,,2024,-0.3860565981179458,-1.0,-1.0,A
head to head,away,0.3951493587658548,2.2,,1.0,,2024,-0.13067141071511945,1.2000000000000002,,A
head to head,away,0.09011573331598155,5.2,,0.0,,2024,-0.531398186756896,-1.0,-1.0,A
head to head,away,0.5740451525315381,1.6,,0.0,,2024,-0.08152775594953898,-1.0,-1.0,A
head to head,away,0.6330014746049356,1.52,,0.0,,2024,-0.03783775860049787,-1.0,-1.0,A
head to head,away,0.12913310613875306,4.4,,1.0,,2024,-0.43181433298948646,3.4000000000000004,,A
head to head,away,0.23399489170542276,3.25,,0.0,,2024,-0.239516601957376,-1.0,-1.0,A
head to head,away,0.114793210654482,4.7,,1.0,,2024,-0.4604719099239346,3.7,,A
head to head,away,0.7808071109349894,1.45,,1.0,,2024,0.1321703108557346,0.44999999999999996,,A
head to head,away,0.4565467598252255,1.7,,1.0,,2024,-0.22387050829711663,0.7,,A
head to head,away,0.7117911118910677,1.1,,1.0,,2024,-0.2170297769198255,0.10000000000000009,,A
head to head,away,0.4046296143655449,2.4,,1.0,,2024,-0.028888925522692288,1.4,,A
head to head,away,0.43643124152379764,2.1,,1.0,,2024,-0.08349439280002491,1.1,,A
head to head,away,0.06295151999550597,7.5,,0.0,,2024,-0.5278636000337052,-1.0,-1.0,A
head to head,away,0.5209522835186703,1.95,,1.0,,2024,0.01585695286140698,0.95,,A
head to head,away,0.3738751778706546,2.05,,0.0,,2024,-0.23355588536515814,-1.0,-1.0,A
head to head,away,0.27829777678852685,2.75,,0.0,,2024,-0.2346811138315512,-1.0,-1.0,A
head to head,away,0.21107853469329596,3.5,,0.0,,2024,-0.26122512857346414,-1.0,-1.0,A
head to head,away,0.3165608018415409,2.75,,0.0,,2024,-0.12945779493576248,-1.0,-1.0,A
head to head,away,0.4349036609718724,2.0,,1.0,,2024,-0.13019267805625523,1.0,,A
head to head,away,0.40385131801787355,2.25,,0.0,,2024,-0.09133453445978446,-1.0,-1.0,A
head to head,away,0.331101069651502,2.25,,0.0,,2024,-0.2550225932841206,-1.0,-1.0,A
head to head,away,0.2001537492888481,3.5,,0.0,,2024,-0.29946187748903164,-1.0,-1.0,A
head to head,away,0.19435910904275278,4.0,,0.0,,2024,-0.2225635638289889,-1.0,-1.0,A
head to head,away,0.46564967583998196,1.8,,1.0,,2024,-0.16183058348803248,0.8,,A
head to head,away,0.572602504010024,1.5,,0.0,,2025,-0.141096243984964,-1.0,-1.0,A
head to head,away,0.39703575576119443,2.4,,0.0,,2025,-0.047114186173133454,-1.0,-1.0,A
head to head,away,0.44979212327837903,1.8,,1.0,,2025,-0.19037417809891777,0.8,,A
head to head,away,0.39873352031229603,2.15,,1.0,,2025,-0.14272293132856362,1.15,,A
head to head,away,0.3960088767613772,2.45,,0.0,,2025,-0.0297782519346258,-1.0,-1.0,A
head to head,away,0.6102411469717287,1.3,,1.0,,2025,-0.20668650893675267,0.30000000000000004,,A
head to head,away,0.3720488059633952,2.35,,0.0,,2025,-0.12568530598602135,-1.0,-1.0,A
head to head,away,0.20611022901910836,4.0,,0.0,,2025,-0.17555908392356656,-1.0,-1.0,A
head to head,away,0.37834016889555155,2.3,,0.0,,2025,-0.12981761154023153,-1.0,-1.0,A
head to head,away,0.6686625617724101,1.45,,0.0,,2025,-0.030439285430005403,-1.0,-1.0,A
head to head,away,0.12352399920812074,6.0,,1.0,,2025,-0.25885600475127557,5.0,,A
head to head,away,0.43448393457499,2.7,,1.0,,2025,0.17310662335247318,1.7000000000000002,,A
head to head,away,0.6570578701287226,1.48,,1.0,,2025,-0.02755435220949054,0.48,,A
head to head,away,0.6621486667495247,1.27,,0.0,,2025,-0.1590711932281037,-1.0,-1.0,A
head to head,away,0.6027251972110079,1.65,,1.0,,2025,-0.005503424601836948,0.6499999999999999,,A
head to head,away,0.2944254340494027,2.9,,0.0,,2025,-0.14616624125673228,-1.0,-1.0,A
head to head,away,0.31405551139015175,2.85,,0.0,,2025,-0.10494179253806746,-1.0,-1.0,A
head to head,away,0.3847703310572107,2.1,,0.0,,2025,-0.19198230477985745,-1.0,-1.0,A
head to head,away,0.21417481394362325,4.25,,0.0,,2025,-0.08975704073960111,-1.0,-1.0,A
head to head,away,0.2117102849893322,4.8,,0.0,,2025,0.016209367948794462,-1.0,-1.0,A
head to head,away,0.5604142580655421,1.8,,1.0,,2025,0.00874566451797576,0.8,,A
head to head,away,0.572833404838915,1.9,,0.0,,2025,0.08838346919393847,-1.0,-1.0,A
head to head,away,0.6711316500590685,1.5,,1.0,,2025,0.0066974750886026335,0.5,,A
head to head,away,0.39482479834882445,2.55,,0.0,,2025,0.00680323578950226,-1.0,-1.0,A
head to head,away,0.6424152322903287,1.35,,0.0,,2025,-0.1327394364080562,-1.0,-1.0,A
head to head,away,0.4067874030000047,2.4,,1.0,,2025,-0.02371023279998874,1.4,,A
head to head,away,0.7233547648450561,1.2,,1.0,,2025,-0.13197428218593266,0.19999999999999996,,A
head to head,away,0.6723237926796612,1.42,,0.0,,2025,-0.04530021439488108,-1.0,-1.0,A
head to head,away,0.46527177154160837,1.89,,0.0,,2025,-0.12063635178636023,-1.0,-1.0,A
head to head,away,0.26835917456454184,3.75,,1.0,,2025,0.006346904617031912,2.75,,A
head to head,away,0.14154404213138783,5.0,,0.0,,2025,-0.29227978934306087,-1.0,-1.0,A
head to head,away,0.39627973009067574,2.2,,1.0,,2025,-0.12818459380051328,1.2000000000000002,,A
head to head,away,0.6139027243987577,1.5,,0.0,,2025,-0.0791459134018635,-1.0,-1.0,A
head to head,away,0.25679616852290676,4.25,,1.0,,2025,0.09138371622235386,3.25,,A
head to head,away,0.4089786037460146,2.0,,0.0,,2025,-0.18204279250797084,-1.0,-1.0,A
head to head,away,0.6124704401923569,1.55,,0.0,,2025,-0.05067081770184689,-1.0,-1.0,A
head to head,away,0.3149542866129478,2.65,,1.0,,2025,-0.16537114047568846,1.65,,A
head to head,away,0.23615500463124262,4.25,,0.0,,2025,0.0036587696827812266,-1.0,-1.0,A
head to head,away,0.5230838672947482,1.55,,1.0,,2025,-0.18922000569314024,0.55,,A
head to head,away,0.3250647685015211,2.7,,0.0,,2025,-0.12232512504589299,-1.0,-1.0,A
head to head,away,0.6060931406749651,1.4,,0.0,,2025,-0.15146960305504886,-1.0,-1.0,A
head to head,away,0.37732371654899144,2.15,,0.0,,2025,-0.18875400941966847,-1.0,-1.0,A
head to head,away,0.29409604013408686,3.45,,1.0,,2025,0.014631338462599786,2.45,,A
head to head,away,0.3508507539503751,2.55,,0.0,,2025,-0.1053305774265435,-1.0,-1.0,A
head to head,away,0.4892765099183942,1.85,,1.0,,2025,-0.09483845665097068,0.8500000000000001,,A
head to head,away,0.567041355405729,1.5,,1.0,,2025,-0.14943796689140654,0.5,,A
head to head,away,0.20274869083713543,4.75,,0.0,,2025,-0.03694371852360678,-1.0,-1.0,A
head to head,away,0.35195448771588267,2.65,,1.0,,2025,-0.06732060755291092,1.65,,A
head to head,away,0.3967476374710126,2.35,,1.0,,2025,-0.06764305194312037,1.35,,A
head to head,away,0.25882670250294004,3.3,,0.0,,2025,-0.14587188174029786,-1.0,-1.0,A
head to head,away,0.6911729253243205,1.25,,0.0,,2025,-0.13603384334459934,-1.0,-1.0,A
head to head,away,0.608883791894052,1.38,,0.0,,2025,-0.15974036718620832,-1.0,-1.0,A
head to head,away,0.5114801253816674,1.66,,1.0,,2025,-0.15094299186643212,0.6599999999999999,,A
head to head,away,0.5338850629006946,1.85,,1.0,,2025,-0.012312633633714931,0.8500000000000001,,A
head to head,away,0.6541699913938039,1.38,,1.0,,2025,-0.09724541187655067,0.3799999999999999,,A
head to head,away,0.30446951860101235,2.7,,1.0,,2025,-0.17793229977726666,1.7000000000000002,,A
head to head,away,0.65818351979483,1.57,,0.0,,2025,0.03334812607788318,-1.0,-1.0,A
head to head,away,0.48436540500613023,1.9,,0.0,,2025,-0.07970573048835261,-1.0,-1.0,A
head to head,away,0.3733643640629777,2.75,,0.0,,2025,0.026752001173188544,-1.0,-1.0,A
head to head,away,0.19819881642572978,4.95,,0.0,,2025,-0.018915858692637566,-1.0,-1.0,A
head to head,away,0.2873690708207157,2.745,,0.0,,2025,-0.2111719005971353,-1.0,-1.0,A
head to head,away,0.30844642169867986,3.1,,1.0,,2025,-0.04381609273409237,2.1,,A
head to head,away,0.3788719557372716,2.4,,0.0,,2025,-0.09070730623054812,-1.0,-1.0,A
head to head,away,0.6524381892197578,1.45,,0.0,,2025,-0.05396462563135118,-1.0,-1.0,A
head to head,away,0.2851811243340219,2.65,,0.0,,2025,-0.24427002051484203,-1.0,-1.0,A
head to head,away,0.4308725298954148,1.95,,0.0,,2025,-0.1597985667039411,-1.0,-1.0,A
head to head,away,0.4372129733754013,2.15,,1.0,,2025,-0.05999210724288717,1.15,,A
head to head,away,0.5208100610539875,1.85,,0.0,,2025,-0.03650138705012307,-1.0,-1.0,A
head to head,away,0.47948800499028355,1.9,,0.0,,2025,-0.0889727905184613,-1.0,-1.0,A
head to head,away,0.7871761965936573,1.24,,1.0,,2025,-0.023901516223864938,0.24,,A
head to head,away,0.5361042076518971,1.67,,0.0,,2025,-0.1047059732213318,-1.0,-1.0,A
head to head,away,0.36540449487880355,2.6,,1.0,,2025,-0.04994831331511074,1.6,,A
head to head,away,0.49163688396581995,2.0,,1.0,,2025,-0.016726232068360103,1.0,,A
head to head,away,0.24241850964021272,2.5,,1.0,,2025,-0.3939537258994682,1.5,,A
head to head,away,0.6141633566694154,1.32,,0.0,,2025,-0.18930436919637172,-1.0,-1.0,A
head to head,away,0.5039387908788192,1.9,,1.0,,2025,-0.042516297330243535,0.8999999999999999,,A
head to head,away,0.5299766974129105,1.8,,1.0,,2025,-0.046041944656761036,0.8,,A
head to head,away,0.20015132032714378,4.25,,0.0,,2025,-0.14935688860963892,-1.0,-1.0,A
head to head,away,0.4497471555578536,2.2,,1.0,,2025,-0.010556257772721955,1.2000000000000002,,A
head to head,away,0.3379286738605154,2.2,,1.0,,2025,-0.25655691750686604,1.2000000000000002,,A
head to head,away,0.2956853795540584,3.1,,0.0,,2025,-0.08337532338241904,-1.0,-1.0,A
head to head,away,0.5010321964066019,1.85,,1.0,,2025,-0.07309043664778647,0.8500000000000001,,A
head to head,away,0.466589729961586,2.1,,1.0,,2025,-0.020161567080669407,1.1,,A
head to head,away,0.5422066280249536,1.6,,0.0,,2025,-0.13246939516007428,-1.0,-1.0,A
head to head,away,0.28939582426929855,3.55,,1.0,,2025,0.027355176156009797,2.55,,A
head to head,away,0.24212784845071744,3.2,,0.0,,2025,-0.22519088495770412,-1.0,-1.0,A
head to head,away,0.5638450184289427,1.9,,1.0,,2025,0.07130553501499115,0.8999999999999999,,A
head to head,away,0.27682691938582893,4.25,,1.0,,2025,0.17651440738977286,3.25,,A
head to head,away,0.6378829147477626,1.47,,0.0,,2025,-0.06231211532078895,-1.0,-1.0,A
head to head,away,0.3394484925081014,3.2,,1.0,,2025,0.08623517602592456,2.2,,A
head to head,away,0.6642339434162186,1.5,,0.0,,2025,-0.0036490848756721705,-1.0,-1.0,A
head to head,away,0.40442796096786315,2.25,,1.0,,2025,-0.0900370878223079,1.25,,A
head to head,away,0.43084113976913485,2.55,,0.0,,2025,0.09864490641129375,-1.0,-1.0,A
head to head,away,0.7732160036346785,1.28,,1.0,,2025,-0.010283515347611516,0.28,,A
head to head,away,0.3238484759984641,2.9,,0.0,,2025,-0.06083941960445405,-1.0,-1.0,A
head to head,away,0.4011257349181767,2.2,,0.0,,2025,-0.11752338318001121,-1.0,-1.0,A
head to head,away,0.4807619020522296,1.75,,1.0,,2025,-0.15866667140859825,0.75,,A
head to head,away,0.36446380502992226,2.3,,0.0,,2025,-0.16173324843117887,-1.0,-1.0,A
head to head,away,0.45404360028265367,1.9,,1.0,,2025,-0.13731715946295808,0.8999999999999999,,A
head to head,away,0.6195626942873841,1.53,,0.0,,2025,-0.05206907774030234,-1.0,-1.0,A
head to head,away,0.1699264775853251,4.1,,0.0,,2025,-0.30330144190016717,-1.0,-1.0,A
head to head,away,0.36850108767400824,2.3,,0.0,,2025,-0.1524474983497811,-1.0,-1.0,A
head to head,away,0.3641916186727645,2.7,,1.0,,2025,-0.016682629583535724,1.7000000000000002,,A
head to head,away,0.2760112763447373,2.9,,0.0,,2025,-0.1995672986002618,-1.0,-1.0,A
head to head,away,0.30846972071690915,2.9,,0.0,,2025,-0.10543780992096352,-1.0,-1.0,A
head to head,away,0.7078567719039628,1.3,,1.0,,2025,-0.07978619652484831,0.30000000000000004,,A
head to head,away,0.2783548410567722,2.9,,0.0,,2025,-0.1927709609353606,-1.0,-1.0,A
head to head,away,0.27741096892334494,3.4,,0.0,,2025,-0.056802705660627284,-1.0,-1.0,A
head to head,away,0.7543276425538453,1.32,,0.0,,2025,-0.004287511828924173,-1.0,-1.0,A
head to head,away,0.5413353690796715,1.5,,1.0,,2025,-0.1879969463804927,0.5,,A
head to head,away,0.5859258634192979,1.65,,1.0,,2025,-0.03322232535815861,0.6499999999999999,,A
head to head,away,0.6145346439192132,1.43,,1.0,,2025,-0.12121545919552512,0.42999999999999994,,A
head to head,away,0.6685685212675934,1.35,,1.0,,2025,-0.09743249628874895,0.3500000000000001,,A
head to head,away,0.2531551454698049,3.75,,1.0,,2025,-0.050668204488231616,2.75,,A
head to head,away,0.2603639593348932,3.2,,1.0,,2025,-0.16683533012834173,2.2,,A
head to head,away,0.7278658298285705,1.4,,1.0,,2025,0.019012161759998758,0.3999999999999999,,A
head to head,away,0.3781040754823841,2.55,,0.0,,2025,-0.035834607519920625,-1.0,-1.0,A
head to head,away,0.2740431958568875,2.6,,0.0,,2025,-0.28748769077209246,-1.0,-1.0,A
head to head,away,0.42166211221554606,1.8,,0.0,,2025,-0.24100819801201712,-1.0,-1.0,A
head to head,away,0.5115297539096035,1.72,,0.0,,2025,-0.12016882327548195,-1.0,-1.0,A
head to head,away,0.3441292238245184,2.45,,0.0,,2025,-0.15688340162992986,-1.0,-1.0,A
head to head,away,0.6277717993930183,1.34,,1.0,,2025,-0.15878578881335548,0.3400000000000001,,A
head to head,away,0.3762236631523477,2.55,,0.0,,2025,-0.04062965896151349,-1.0,-1.0,A
head to head,away,0.45195478841452985,2.25,,0.0,,2025,0.016898273932692165,-1.0,-1.0,A
head to head,away,0.31020321464480927,2.4,,0.0,,2025,-0.2555122848524578,-1.0,-1.0,A
head to head,away,0.23587361692967623,3.25,,0.0,,2025,-0.2334107449785523,-1.0,-1.0,A
head to head,away,0.5824861412920241,1.65,,1.0,,2025,-0.038897866868160214,0.6499999999999999,,A
head to head,away,0.3426237635076279,2.45,,1.0,,2025,-0.1605717794063115,1.4500000000000002,,A
head to head,away,0.25064877901781624,3.2,,0.0,,2025,-0.19792390714298802,-1.0,-1.0,A
head to head,away,0.6776420358635808,1.28,,1.0,,2025,-0.1326181940946165,0.28,,A
head to head,away,0.21980911087081134,4.5,,1.0,,2025,-0.010859001081348962,3.5,,A
head to head,away,0.26314780493085943,3.2,,0.0,,2025,-0.15792702422124982,-1.0,-1.0,A
head to head,away,0.4219383598294034,2.15,,0.0,,2025,-0.09283252636678263,-1.0,-1.0,A
head to head,away,0.6821892722017457,1.24,,1.0,,2025,-0.15408530246983532,0.24,,A
head to head,away,0.635901048971993,1.5,,1.0,,2025,-0.04614842654201057,0.5,,A
head to head,away,0.7022538917788059,1.42,,1.0,,2025,-0.0027994736740956094,0.41999999999999993,,A
head to head,away,0.27004970623831315,3.05,,0.0,,2025,-0.176348395973145,-1.0,-1.0,A
head to head,away,0.7168019477116533,1.27,,1.0,,2025,-0.08966152640620029,0.27,,A
head to head,away,0.7760104066127386,1.27,,1.0,,2025,-0.014466783601821964,0.27,,A
head to head,away,0.35849863574312457,2.45,,0.0,,2025,-0.12167834242934472,-1.0,-1.0,A
head to head,away,0.42477757216009504,2.25,,0.0,,2025,-0.04425046263978616,-1.0,-1.0,A
head to head,away,0.1728674527834455,4.2,,0.0,,2025,-0.27395669830952885,-1.0,-1.0,A
head to head,away,0.20713517311802498,3.3,,0.0,,2025,-0.3164539287105176,-1.0,-1.0,A
head to head,away,0.23213012076230344,3.3,,0.0,,2025,-0.23397060148439874,-1.0,-1.0,A
head to head,away,0.24230833697328502,3.25,,1.0,,2025,-0.21249790483682363,2.25,,A
head to head,away,0.28589771335425795,2.45,,0.0,,2025,-0.299550602282068,-1.0,-1.0,A
head to head,away,0.6443744427729007,1.48,,1.0,,2025,-0.04632582469610702,0.48,,A
head to head,away,0.6828021001612762,1.5,,1.0,,2025,0.024203150241914217,0.5,,A
head to head,away,0.4486560114798285,2.45,,0.0,,2025,0.0992072281255798,-1.0,-1.0,A
head to head,away,0.19440654911312416,4.5,,1.0,,2025,-0.12517052899094128,3.5,,A
head to head,away,0.19395367702945898,3.4,,1.0,,2025,-0.3405574980998395,2.4,,A
head to head,away,0.17572153448177041,4.0,,0.0,,2025,-0.29711386207291834,-1.0,-1.0,A
head to head,away,0.7395180244175159,1.23,,1.0,,2025,-0.09039282996645548,0.22999999999999998,,A
head to head,away,0.20880053263271414,4.5,,0.0,,2025,-0.06039760315278642,-1.0,-1.0,A
head to head,away,0.39844627876932637,2.35,,0.0,,2025,-0.06365124489208296,-1.0,-1.0,A
head to head,away,0.7479238507381563,1.35,,1.0,,2025,0.009697198496511072,0.3500000000000001,,A
head to head,away,0.4575849510866936,2.1,,1.0,,2025,-0.03907160271794341,1.1,,A
head to head,away,0.2561972842397272,4.75,,0.0,,2025,0.21693710013870415,-1.0,-1.0,A
head to head,away,0.8217775168356736,1.24,,1.0,,2025,0.019004120876235264,0.24,,A
head to head,away,0.7021428477668117,1.45,,0.0,,2025,0.018107129261876853,-1.0,-1.0,A
head to head,away,0.43845626614344424,2.1,,1.0,,2025,-0.07924184109876709,1.1,,A
head to head,away,0.7903552635909523,1.24,,0.0,,2025,-0.01995947314721913,-1.0,-1.0,A
head to head,away,0.24017520528409664,3.0,,0.0,,2025,-0.2794743841477101,-1.0,-1.0,A
head to head,away,0.28833677418727577,2.65,,0.0,,2025,-0.2359075484037192,-1.0,-1.0,A
head to head,away,0.7985656534078466,1.25,,1.0,,2025,-0.0017929332401918074,0.25,,A
head to head,away,0.2934913931465656,2.85,,0.0,,2025,-0.16354952953228807,-1.0,-1.0,A
head to head,away,0.6365420505401369,1.5,,0.0,,2025,-0.04518692418979464,-1.0,-1.0,A
head to head,away,0.5043901229036323,1.85,,1.0,,2025,-0.06687827262828028,0.8500000000000001,,A
head to head,away,0.29924270758668947,3.5,,0.0,,2025,0.04734947655341326,-1.0,-1.0,A
head to head,away,0.38422936604091285,2.6,,1.0,,2025,-0.0010036482936265356,1.6,,A
head to head,away,0.40335678612319703,2.3,,0.0,,2025,-0.0722793919166469,-1.0,-1.0,A
head to head,away,0.39717474341222003,1.98,,1.0,,2025,-0.21359400804380435,0.98,,A
head to head,away,0.35531526485261844,2.45,,0.0,,2025,-0.12947760111108475,-1.0,-1.0,A
head to head,away,0.5051758199375653,1.65,,0.0,,2025,-0.16645989710301723,-1.0,-1.0,A
head to head,away,0.21079711835550607,3.45,,0.0,,2025,-0.27274994167350397,-1.0,-1.0,A
head to head,away,0.3761394607952986,2.2,,0.0,,2025,-0.17249318625034304,-1.0,-1.0,A
head to head,away,0.5711307176929701,1.63,,0.0,,2025,-0.06905693016045888,-1.0,-1.0,A
head to head,away,0.6173050215847964,1.51,,0.0,,2025,-0.0678694174069574,-1.0,-1.0,A
head to head,away,0.30891218579295976,2.7,,0.0,,2025,-0.1659370983590086,-1.0,-1.0,A
head to head,away,0.5518262159837891,1.62,,0.0,,2025,-0.1060415301062616,-1.0,-1.0,A
head to head,away,0.3732348413859705,2.1,,1.0,,2025,-0.21620683308946187,1.1,,A
head to head,away,0.30577720724233415,2.85,,0.0,,2025,-0.12853495935934767,-1.0,-1.0,A
head to head,away,0.4130511864412114,2.05,,0.0,,2025,-0.15324506779551672,-1.0,-1.0,A
head to head,away,0.6855443088619002,1.62,,1.0,,2025,0.1105817803562783,0.6200000000000001,,A
head to head,away,0.7232937374602106,1.32,,0.0,,2025,-0.0452522665525219,-1.0,-1.0,A
head to head,away,0.6796036783233299,1.36,,1.0,,2025,-0.07573899748027124,0.3600000000000001,,A
head to head,away,0.471668732372478,2.1,,1.0,,2025,-0.00949566201779617,1.1,,A
head to head,away,0.2569355052567457,1.56,,0.0,,2025,-0.5991806117994767,-1.0,-1.0,A
head to head,away,0.32806809607777154,2.4,,1.0,,2025,-0.2126365694133483,1.4,,A
head to head,away,0.41387609215514787,2.6,,1.0,,2025,0.07607783960338454,1.6,,A
head to head,away,0.20605054556215552,3.75,,0.0,,2025,-0.22731045414191686,-1.0,-1.0,A
head to head,away,0.5584416551284329,1.85,,1.0,,2025,0.03311706198760089,0.8500000000000001,,A
head to head,away,0.6208293964560464,1.5,,1.0,,2025,-0.06875590531593034,0.5,,A
head to head,away,0.1041440026324767,6.0,,0.0,,2025,-0.3751359842051398,-1.0,-1.0,A
head to head,away,0.30603414529731066,2.2,,0.0,,2025,-0.3267248803459165,-1.0,-1.0,A
head to head,away,0.5724082179529313,1.9,,0.0,,2025,0.08757561411056947,-1.0,-1.0,A
head to head,away,0.3745856478748728,2.55,,0.0,,2025,-0.044806597919074376,-1.0,-1.0,A
head to head,away,0.2208275561609072,2.9,,0.0,,2025,-0.3596000871333691,-1.0,-1.0,A
head to head,away,0.7883610348865265,1.35,,1.0,,2025,0.06428739709681097,0.3500000000000001,,A
head to head,away,0.5296372602031423,1.85,,0.0,,2025,-0.020171068624186717,-1.0,-1.0,A
head to head,away,0.3727878072939548,2.3,,1.0,,2025,-0.14258804322390406,1.2999999999999998,,A
head to head,away,0.2572905900860174,3.1,,0.0,,2025,-0.202399170733346,-1.0,-1.0,A
head to head,away,0.19743044420692812,3.9,,0.0,,2025,-0.23002126759298036,-1.0,-1.0,A
head to head,away,0.3141882055250481,2.6,,0.0,,2025,-0.18311066563487488,-1.0,-1.0,A
head to head,away,0.6887744035949358,1.35,,1.0,,2025,-0.07015455514683655,0.3500000000000001,,A
head to head,away,0.5409315788057689,1.67,,0.0,,2025,-0.09664426339436594,-1.0,-1.0,A
head to head,away,0.35860466149951664,2.25,,1.0,,2025,-0.19313951162608756,1.25,,A
head to head,away,0.40051239936023264,2.5,,1.0,,2025,0.001280998400581712,1.5,,A
head to head,away,0.6935661801136221,1.43,,1.0,,2025,-0.008200362437520425,0.42999999999999994,,A
head to head,away,0.3080437100327129,2.7,,0.0,,2025,-0.16828198291167507,-1.0,-1.0,A
head to head,away,0.6578633530291942,1.72,,0.0,,2025,0.1315249672102139,-1.0,-1.0,A
head to head,away,0.32657942916224947,2.15,2.15,1.0,0.0028860028860028253,2025,-0.2978542273011636,1.15,1.15,A
line,home,0.5211828713969049,1.95,1.91,1.0,3.0,2023,0.016306599223964602,0.95,0.9099999999999999,A
line,home,0.474898115114047,1.91,2.0,1.0,-2.0,2023,-0.09294460013217021,0.9099999999999999,1.0,A
line,home,0.529937503664549,1.91,1.952,0.0,0.0,2023,0.012180631999288538,-1.0,-1.0,A
line,home,0.45136478963778415,1.91,1.91,1.0,5.0,2023,-0.13789325179183232,0.9099999999999999,0.9099999999999999,A
line,home,0.5155884513518061,1.87,1.87,0.0,4.0,2023,-0.03584959597212256,-1.0,-1.0,A
line,home,0.5072521220279063,1.91,1.952,0.0,-4.0,2023,-0.031148446926699047,-1.0,-1.0,A
line,home,0.5942313395739326,1.91,1.91,0.0,6.0,2023,0.13498185858621126,-1.0,-1.0,A
line,home,0.4966045301974134,1.91,1.87,0.0,-2.0,2023,-0.05148534732294041,-1.0,-1.0,A
line,home,0.48008623365191505,1.91,1.87,0.0,2.0,2023,-0.08303529372484231,-1.0,-1.0,A
line,home,0.4543883128154901,1.952,1.87,1.0,3.0,2023,-0.11303401338416341,0.952,0.8700000000000001,A
line,home,0.386490007730798,1.91,1.91,0.0,-2.0,2023,-0.26180408523417587,-1.0,-1.0,A
line,home,0.5411698734914264,1.91,1.87,0.0,-1.0,2023,0.03363445836862433,-1.0,-1.0,A
line,home,0.491746395751611,1.91,1.91,0.0,0.0,2023,-0.06076438411442309,-1.0,-1.0,A
line,home,0.45978052937484953,1.91,2.0,1.0,-5.0,2023,-0.12181918889403742,0.9099999999999999,1.0,A
line,home,0.5316996961722391,1.91,1.91,1.0,2.0,2023,0.015546419688976743,0.9099999999999999,0.9099999999999999,A
line,home,0.4579574966675467,1.952,1.91,0.0,-5.0,2023,-0.10606696650494885,-1.0,-1.0,A
line,home,0.5088154224928187,1.91,1.91,1.0,0.0,2023,-0.028162543038716237,0.9099999999999999,0.9099999999999999,A
line,home,0.4713374681277756,1.91,1.91,0.0,0.0,2023,-0.09974543587594864,-1.0,-1.0,A
line,home,0.427420203313908,1.91,2.0,1.0,2.0,2023,-0.18362741167043573,0.9099999999999999,1.0,A
line,home,0.4918774777872577,1.952,2.0,0.0,6.0,2023,-0.03985516335927297,-1.0,-1.0,A
line,home,0.5197951463850317,1.833,1.91,1.0,-1.0,2023,-0.047215496676237034,0.833,0.9099999999999999,A
line,home,0.503111350842311,1.91,1.91,1.0,2.0,2023,-0.039057319891186104,0.9099999999999999,0.9099999999999999,A
line,home,0.47839610685069067,1.91,2.0,1.0,2.0,2023,-0.08626343591518082,0.9099999999999999,1.0,A
line,home,0.4613703497634875,1.952,1.82,1.0,-3.0,2023,-0.09940507726167236,0.952,0.8200000000000001,A
line,home,0.49758690045265236,1.952,2.0,0.0,-2.0,2023,-0.02871037031642265,-1.0,-1.0,A
line,home,0.5032838686959996,2.02,1.87,1.0,0.0,2023,0.016633414765919285,1.02,0.8700000000000001,A
line,home,0.45776950792294674,1.91,1.91,1.0,-1.0,2023,-0.12566023986717179,0.9099999999999999,0.9099999999999999,A
line,home,0.4771520415386032,1.91,1.952,0.0,-2.0,2023,-0.08863960066126797,-1.0,-1.0,A
line,home,0.48874388292790166,1.91,1.87,1.0,-2.0,2023,-0.0664991836077079,0.9099999999999999,0.8700000000000001,A
line,home,0.5052144424124705,1.97,1.952,0.0,-3.0,2023,-0.004727548447433172,-1.0,-1.0,A
line,home,0.4911773860138626,1.91,1.87,0.0,-2.0,2023,-0.06185119271352246,-1.0,-1.0,A
line,home,0.5204273608390686,1.91,1.952,1.0,1.0,2023,-0.005983740797379067,0.9099999999999999,0.952,A
line,home,0.5205798920892546,1.91,1.91,0.0,4.0,2023,-0.005692406109523818,-1.0,-1.0,A
line,home,0.4773848170204345,1.91,2.1,1.0,4.0,2023,-0.0881949994909701,0.9099999999999999,1.1,A
line,home,0.5329121925087142,1.91,2.0,1.0,5.0,2023,0.017862287691644108,0.9099999999999999,1.0,A
line,home,0.49303409538394666,1.91,2.0,0.0,-5.0,2023,-0.05830487781666194,-1.0,-1.0,A
line,home,0.5056023437767867,2.0,1.82,0.0,3.0,2023,0.0112046875535734,-1.0,-1.0,A
line,home,0.5935280323033716,1.91,1.91,1.0,3.0,2023,0.13363854169943967,0.9099999999999999,0.9099999999999999,A
line,home,0.5436826339788946,1.91,1.91,0.0,7.0,2023,0.03843383089968855,-1.0,-1.0,A
line,home,0.4367790728279841,1.91,1.87,0.0,-6.0,2023,-0.16575197089855043,-1.0,-1.0,A
line,home,0.4547033714998666,1.91,1.833,1.0,-3.0,2023,-0.13151656043525484,0.9099999999999999,0.833,A
line,home,0.4219493734553445,1.87,1.952,1.0,-2.0,2023,-0.2109546716385058,0.8700000000000001,0.952,A
line,home,0.48512457847807827,1.952,1.91,0.0,-4.0,2023,-0.05303682281079125,-1.0,-1.0,A
line,home,0.5478746836686951,1.91,1.952,1.0,-1.0,2023,0.046440645807207526,0.9099999999999999,0.952,A
line,home,0.3421388686519163,1.952,2.0,1.0,-7.0,2023,-0.3321449283914595,0.952,1.0,A
line,home,0.45041791005037557,1.87,1.97,1.0,3.0,2023,-0.1577185082057977,0.8700000000000001,0.97,A
line,home,0.41409777076807786,1.91,1.91,1.0,-2.0,2023,-0.20907325783297137,0.9099999999999999,0.9099999999999999,A
line,home,0.4882130270719042,1.91,1.952,0.0,2.0,2023,-0.06751311829266293,-1.0,-1.0,A
line,home,0.49487736020102285,1.91,1.91,1.0,1.0,2023,-0.05478424201604637,0.9099999999999999,0.9099999999999999,A
line,home,0.5883566279673609,1.952,2.0,1.0,6.0,2023,0.1484721377922884,0.952,1.0,A
line,home,0.4897150686710639,1.91,1.91,1.0,2.0,2023,-0.06464421883826799,0.9099999999999999,0.9099999999999999,A
line,home,0.5024188390141607,1.91,1.91,0.0,-4.0,2023,-0.04038001748295306,-1.0,-1.0,A
line,home,0.4233970830029157,1.91,1.91,0.0,-7.0,2023,-0.19131157146443112,-1.0,-1.0,A
line,home,0.5011244235881115,1.91,1.87,0.0,-3.0,2023,-0.04285235094670714,-1.0,-1.0,A
line,home,0.5474486706042764,1.91,2.05,0.0,0.0,2023,0.04562696085416773,-1.0,-1.0,A
line,home,0.48547308192996624,1.91,1.91,1.0,-5.0,2023,-0.07274641351376454,0.9099999999999999,0.9099999999999999,A
line,home,0.4696276415291362,1.91,1.87,0.0,1.0,2023,-0.10301120467934988,-1.0,-1.0,A
line,home,0.5055640090170026,1.91,1.91,0.0,0.0,2023,-0.03437274277752511,-1.0,-1.0,A
line,home,0.47622078493443065,1.91,1.91,1.0,-2.0,2023,-0.09041830077523749,0.9099999999999999,0.9099999999999999,A
line,home,0.5120099272289318,1.91,2.0,1.0,-3.0,2023,-0.022061038992740367,0.9099999999999999,1.0,A
line,home,0.4337351546441569,1.91,1.82,0.0,-7.0,2023,-0.17156585462966034,-1.0,-1.0,A
line,home,0.46719901136832687,1.952,2.0,0.0,-2.0,2023,-0.08802752980902595,-1.0,-1.0,A
line,home,0.515204508007914,1.91,1.91,0.0,-4.0,2023,-0.01595938970488442,-1.0,-1.0,A
line,home,0.538994181022435,1.91,1.75,0.0,-1.0,2023,0.029478885752850736,-1.0,-1.0,A
line,home,0.473815261988147,1.91,1.87,0.0,-2.0,2023,-0.09501284960263923,-1.0,-1.0,A
line,home,0.534929087707241,1.91,2.0,0.0,4.0,2023,0.021714557520830402,-1.0,-1.0,A
line,home,0.4517432905426198,1.91,2.0,1.0,-1.0,2023,-0.13717031506359623,0.9099999999999999,1.0,A
line,home,0.4992174063007928,1.91,1.91,0.0,-3.0,2023,-0.04649475396548575,-1.0,-1.0,A
line,home,0.4213877024461661,1.91,1.87,0.0,-1.0,2023,-0.19514948832782286,-1.0,-1.0,A
line,home,0.5492195569984405,1.91,1.82,0.0,6.0,2023,0.04900935386702132,-1.0,-1.0,A
line,home,0.4046727975956558,2.05,1.91,0.0,-3.0,2023,-0.17042076492890568,-1.0,-1.0,A
line,home,0.5252179235437051,1.91,1.952,1.0,4.0,2023,0.003166233968476817,0.9099999999999999,0.952,A
line,home,0.5207311699565975,1.91,1.91,0.0,5.0,2023,-0.00540346538289882,-1.0,-1.0,A
line,home,0.4747609898325694,1.91,1.91,1.0,-1.0,2023,-0.09320650941979247,0.9099999999999999,0.9099999999999999,A
line,home,0.44026714005023615,1.91,1.87,1.0,0.0,2023,-0.15908976250404894,0.9099999999999999,0.8700000000000001,A
line,home,0.49480472695129446,1.91,1.82,0.0,0.0,2023,-0.05492297152302761,-1.0,-1.0,A
line,home,0.5997644485929783,1.91,2.0,1.0,2.0,2023,0.14555009681258846,0.9099999999999999,1.0,A
line,home,0.5929546323613782,1.91,1.91,1.0,1.0,2023,0.13254334781023247,0.9099999999999999,0.9099999999999999,A
line,home,0.5425419075436874,1.91,1.91,1.0,3.0,2023,0.036255043408442766,0.9099999999999999,0.9099999999999999,A
line,home,0.5354110095032577,1.952,1.91,1.0,6.0,2023,0.04512229055035899,0.952,0.9099999999999999,A
line,home,0.4495736683697837,1.91,1.87,1.0,0.0,2023,-0.14131429341371315,0.9099999999999999,0.8700000000000001,A
line,home,0.4509470930261576,1.952,1.91,0.0,-1.0,2023,-0.11975127441294042,-1.0,-1.0,A
line,home,0.33321766352636384,2.02,2.0,0.0,-9.0,2023,-0.32690031967674504,-1.0,-1.0,A
line,home,0.5460930826559346,1.91,1.952,1.0,1.0,2023,0.043037787872834965,0.9099999999999999,0.952,A
line,home,0.6028324969867725,1.87,1.87,0.0,2.0,2023,0.12729676936526468,-1.0,-1.0,A
line,home,0.5533763820558292,1.87,1.952,1.0,-1.0,2023,0.03481383444440067,0.8700000000000001,0.952,A
line,home,0.44948507565754603,1.87,1.87,1.0,2.0,2023,-0.1594629085203889,0.8700000000000001,0.8700000000000001,A
line,home,0.5284480118678508,1.91,1.91,0.0,-1.0,2023,0.009335702667595092,-1.0,-1.0,A
line,home,0.4938023622806673,1.97,1.87,1.0,-3.0,2023,-0.02720934630708538,0.97,0.8700000000000001,A
line,home,0.5104772530169981,1.87,1.952,0.0,1.0,2023,-0.045407536858213526,-1.0,-1.0,A
line,home,0.5030178296837667,1.87,2.0,1.0,3.0,2023,-0.059356658491356185,0.8700000000000001,1.0,A
line,home,0.4400198456349701,1.91,1.87,0.0,2.0,2023,-0.15956209483720718,-1.0,-1.0,A
line,home,0.41014350040644526,2.0,1.91,0.0,1.0,2023,-0.17971299918710948,-1.0,-1.0,A
line,home,0.6058413987386995,1.87,1.87,0.0,4.0,2023,0.13292341564136811,-1.0,-1.0,A
line,home,0.38874957817627853,1.952,1.91,1.0,4.0,2023,-0.2411608233999043,0.952,0.9099999999999999,A
line,home,0.5084881630199843,1.91,1.91,1.0,1.0,2023,-0.028787608631829942,0.9099999999999999,0.9099999999999999,A
line,home,0.4306858092783227,1.91,1.952,1.0,2.0,2023,-0.17739010427840374,0.9099999999999999,0.952,A
line,home,0.47281084885582675,1.91,1.952,0.0,-3.0,2023,-0.09693127868537099,-1.0,-1.0,A
line,home,0.5109173728216317,1.91,1.91,0.0,0.0,2023,-0.024147817910683433,-1.0,-1.0,A
line,home,0.4939331477083459,1.952,1.952,0.0,2.0,2023,-0.03584249567330877,-1.0,-1.0,A
line,home,0.43469312300297036,1.91,1.952,1.0,-3.0,2023,-0.1697361350643266,0.9099999999999999,0.952,A
line,home,0.6661101739216445,1.91,1.82,0.0,4.0,2023,0.27227043219034086,-1.0,-1.0,A
line,home,0.44778195678469784,1.91,1.91,1.0,-4.0,2023,-0.14473646254122718,0.9099999999999999,0.9099999999999999,A
line,home,0.43007862489199616,1.91,1.91,0.0,0.0,2023,-0.17854982645628736,-1.0,-1.0,A
line,home,0.4898768200156506,1.91,1.91,1.0,4.0,2023,-0.06433527377010739,0.9099999999999999,0.9099999999999999,A
line,home,0.5026531209805466,1.91,1.91,1.0,6.0,2023,-0.03993253892715609,0.9099999999999999,0.9099999999999999,A
line,home,0.5336051223512542,1.91,1.87,0.0,1.0,2023,0.01918578369089552,-1.0,-1.0,A
line,home,0.468762704894978,1.91,1.91,0.0,4.0,2023,-0.10466323365059205,-1.0,-1.0,A
line,home,0.4067237266685366,1.952,1.85,1.0,-1.0,2023,-0.20607528554301657,0.952,0.8500000000000001,A
line,home,0.4816274144300587,1.91,1.91,0.0,2.0,2023,-0.08009163843858791,-1.0,-1.0,A
line,home,0.5762768821336619,1.952,1.952,1.0,7.0,2023,0.12489247392490799,0.952,0.952,A
line,home,0.4771714099919904,1.952,2.0,0.0,8.0,2023,-0.06856140769563468,-1.0,-1.0,A
line,home,0.43609112461379995,1.91,1.91,1.0,-9.0,2023,-0.16706595198764218,0.9099999999999999,0.9099999999999999,A
line,home,0.41438144944741157,1.952,1.87,0.0,-4.0,2023,-0.1911274106786527,-1.0,-1.0,A
line,home,0.57222689871445,1.91,1.82,1.0,11.0,2023,0.09295337654459934,0.9099999999999999,0.8200000000000001,A
line,home,0.3855427316462851,1.91,1.91,0.0,-8.0,2023,-0.2636133825555955,-1.0,-1.0,A
line,home,0.35564649845605156,1.87,1.91,0.0,-2.0,2023,-0.3349410478871835,-1.0,-1.0,A
line,home,0.4987207559323549,1.91,1.952,0.0,-6.0,2023,-0.047443356169202255,-1.0,-1.0,A
line,home,0.5368775283632939,1.952,1.87,1.0,3.0,2023,0.047984935365149806,0.952,0.8700000000000001,A
line,home,0.5592802060511194,1.91,1.91,0.0,3.0,2023,0.0682251935576379,-1.0,-1.0,A
line,home,0.5274427940207367,1.91,1.91,0.0,-3.0,2023,0.007415736579607035,-1.0,-1.0,A
line,home,0.5118052723226506,1.91,1.82,0.0,-4.0,2023,-0.02245192986373734,-1.0,-1.0,A
line,home,0.5946592181302973,1.91,1.91,1.0,8.0,2023,0.13579910662886774,0.9099999999999999,0.9099999999999999,A
line,home,0.5802805902455351,1.91,1.87,0.0,9.0,2023,0.10833592736897213,-1.0,-1.0,A
line,home,0.4090508008262601,1.91,1.82,0.0,4.0,2023,-0.21871297042184323,-1.0,-1.0,A
line,home,0.4800654040880288,1.91,1.87,0.0,-2.0,2023,-0.0830750781918651,-1.0,-1.0,A
line,home,0.6136973565810451,1.91,1.91,1.0,9.0,2023,0.17216195106979604,0.9099999999999999,0.9099999999999999,A
line,home,0.5588471358043839,1.91,1.91,0.0,-2.0,2023,0.06739802938637318,-1.0,-1.0,A
line,home,0.4509788304181366,1.91,1.87,0.0,-1.0,2023,-0.1386304339013592,-1.0,-1.0,A
line,home,0.500278176113004,1.952,1.91,1.0,6.0,2023,-0.023457000227416258,0.952,0.9099999999999999,A
line,home,0.40421827552769585,1.91,1.952,0.0,-15.0,2023,-0.22794309374210098,-1.0,-1.0,A
line,home,0.5520191489234645,1.952,1.952,0.0,-4.0,2023,0.07754137869860256,-1.0,-1.0,A
line,home,0.5725477079363628,1.91,1.97,0.0,-7.0,2023,0.09356612215845295,-1.0,-1.0,A
line,home,0.5415462083617829,1.91,2.0,0.0,-1.0,2023,0.0343532579710053,-1.0,-1.0,A
line,home,0.5582336668714388,1.91,1.91,0.0,0.0,2023,0.06622630372444815,-1.0,-1.0,A
line,home,0.5629980541963285,1.87,1.91,1.0,4.0,2023,0.052806361347134345,0.8700000000000001,0.9099999999999999,A
line,home,0.4751550499260485,1.952,1.91,0.0,3.0,2023,-0.07249734254435336,-1.0,-1.0,A
line,home,0.3732535492880391,2.05,1.91,0.0,-6.0,2023,-0.2348302239595199,-1.0,-1.0,A
line,home,0.4419348096491232,1.91,1.87,0.0,-3.0,2023,-0.15590451357017476,-1.0,-1.0,A
line,home,0.49792055691076625,1.77,1.952,1.0,3.0,2023,-0.11868061426794374,0.77,0.952,A
line,home,0.4329795168015125,1.91,1.952,1.0,2.0,2023,-0.1730091229091112,0.9099999999999999,0.952,A
line,home,0.603031065130332,1.91,1.87,0.0,2.0,2023,0.15178933439893405,-1.0,-1.0,A
line,home,0.5063389493055822,1.91,1.87,1.0,3.0,2023,-0.03289260682633799,0.9099999999999999,0.8700000000000001,A
line,home,0.6114670508232198,1.91,1.91,0.0,1.0,2023,0.1679020670723499,-1.0,-1.0,A
line,home,0.5129986114140375,1.91,1.8,0.0,-4.0,2023,-0.020172652199188512,-1.0,-1.0,A
line,home,0.5085036659540015,1.833,1.87,0.0,-2.0,2023,-0.0679127803063152,-1.0,-1.0,A
line,home,0.46773066247693973,1.91,1.87,1.0,-1.0,2023,-0.10663443466904521,0.9099999999999999,0.8700000000000001,A
line,home,0.549235779645678,1.91,1.952,1.0,6.0,2023,0.049040339123245014,0.9099999999999999,0.952,A
line,home,0.7644265499188441,1.91,1.91,1.0,8.0,2023,0.4600547103449921,0.9099999999999999,0.9099999999999999,A
line,home,0.4925256334394645,1.91,1.87,0.0,0.0,2023,-0.05927604013062293,-1.0,-1.0,A
line,home,0.540259735345672,1.91,1.952,1.0,0.0,2023,0.03189609451023334,0.9099999999999999,0.952,A
line,home,0.45986400253804716,1.91,1.87,1.0,-6.0,2023,-0.12165975515232996,0.9099999999999999,0.8700000000000001,A
line,home,0.45032057667773884,1.91,1.952,1.0,-1.0,2023,-0.13988769854551886,0.9099999999999999,0.952,A
line,home,0.4311104987744517,1.91,2.1,0.0,-3.0,2023,-0.17657894734079738,-1.0,-1.0,A
line,home,0.5226135090037205,1.91,1.91,1.0,-1.0,2023,-0.0018081978028938739,0.9099999999999999,0.9099999999999999,A
line,home,0.7152819824353758,1.91,1.87,1.0,4.0,2023,0.3661885864515677,0.9099999999999999,0.8700000000000001,A
line,home,0.5295096144178507,1.91,2.0,1.0,3.0,2023,0.01136336353809475,0.9099999999999999,1.0,A
line,home,0.38614962478613607,1.91,1.952,1.0,-5.0,2023,-0.2624542166584801,0.9099999999999999,0.952,A
line,home,0.4514480962326654,1.91,1.87,1.0,0.0,2023,-0.13773413619560915,0.9099999999999999,0.8700000000000001,A
line,home,0.4091369330166045,1.91,1.952,0.0,-3.0,2023,-0.21854845793828548,-1.0,-1.0,A
line,home,0.6368339207584266,1.952,1.87,1.0,3.0,2023,0.24309981332044872,0.952,0.8700000000000001,A
line,home,0.43206543433949185,2.02,1.8,0.0,-3.0,2023,-0.1272278226342265,-1.0,-1.0,A
line,home,0.4616743607557602,1.91,1.91,1.0,-5.0,2023,-0.11820197095649809,0.9099999999999999,0.9099999999999999,A
line,home,0.5975105776887988,1.952,1.952,0.0,6.0,2023,0.16634064764853518,-1.0,-1.0,A
line,home,0.5227104448130354,1.91,1.87,0.0,7.0,2023,-0.001623050407102422,-1.0,-1.0,A
line,home,0.47030807667386254,1.91,2.0,0.0,-2.0,2023,-0.1017115735529226,-1.0,-1.0,A
line,home,0.42137751858776773,1.952,1.87,1.0,-3.0,2023,-0.1774710837166774,0.952,0.8700000000000001,A
line,home,0.5575153072132912,1.91,1.87,1.0,4.0,2023,0.06485423677738611,0.9099999999999999,0.8700000000000001,A
line,home,0.5570579628438341,1.91,2.0,1.0,3.0,2023,0.06398070903172304,0.9099999999999999,1.0,A
line,home,0.5313801756148806,1.87,1.91,0.0,3.0,2023,-0.006319071600173198,-1.0,-1.0,A
line,home,0.3916667006395673,1.91,1.91,1.0,2.0,2023,-0.25191660177842645,0.9099999999999999,0.9099999999999999,A
line,home,0.4919831103340937,1.952,1.833,1.0,0.0,2023,-0.03964896862784917,0.952,0.833,A
line,home,0.5077755278643795,1.91,2.0,1.0,2.0,2023,-0.03014874177903515,0.9099999999999999,1.0,A
line,home,0.5437579669038494,1.87,1.91,1.0,-3.0,2023,0.01682739811019829,0.8700000000000001,0.9099999999999999,A
line,home,0.42827113282170576,1.91,1.952,0.0,1.0,2023,-0.18200213631054207,-1.0,-1.0,A
line,home,0.5881600817137517,1.91,2.0,0.0,6.0,2023,0.12338575607326563,-1.0,-1.0,A
line,home,0.4550884851741389,1.91,1.952,0.0,-7.0,2023,-0.13078099331739468,-1.0,-1.0,A
line,home,0.4642782018808372,1.91,1.952,1.0,10.0,2023,-0.113228634407601,0.9099999999999999,0.952,A
line,home,0.4108600968431222,1.91,1.87,0.0,-4.0,2023,-0.21525721502963668,-1.0,-1.0,A
line,home,0.3970418172507705,1.952,1.87,1.0,-5.0,2023,-0.224974372726496,0.952,0.8700000000000001,A
line,home,0.49661229279865615,1.91,1.82,1.0,-3.0,2023,-0.05147052075456682,0.9099999999999999,0.8200000000000001,A
line,home,0.5407425171345625,1.91,1.87,1.0,-3.0,2023,0.03281820772701427,0.9099999999999999,0.8700000000000001,A
line,home,0.5495864368695231,1.91,2.0,0.0,2.0,2023,0.04971009442078911,-1.0,-1.0,A
line,home,0.5520982703241017,1.952,1.91,0.0,0.0,2023,0.0776958236726466,-1.0,-1.0,A
line,home,0.5773662544132743,1.91,1.91,0.0,1.0,2023,0.10276954592935383,-1.0,-1.0,A
line,home,0.5907325205918679,1.91,1.87,1.0,5.0,2023,0.12829911433046748,0.9099999999999999,0.8700000000000001,A
line,home,0.5505127878820415,1.87,1.82,1.0,2.0,2023,0.029458913339417636,0.8700000000000001,0.8200000000000001,A
line,home,0.4796702939038262,1.91,1.91,0.0,1.0,2023,-0.08382973864369203,-1.0,-1.0,A
line,home,0.47011425787210037,1.87,1.91,0.0,3.0,2023,-0.12088633777917224,-1.0,-1.0,A
line,home,0.44409192677196857,1.952,1.87,1.0,6.0,2023,-0.13313255894111742,0.952,0.8700000000000001,A
line,home,0.4734537877522545,1.91,1.91,0.0,1.0,2023,-0.09570326539319396,-1.0,-1.0,A
line,home,0.5451853779832069,1.952,2.0,1.0,6.0,2023,0.06420185782321974,0.952,1.0,A
line,home,0.5196579344067609,1.8,1.91,0.0,5.0,2023,-0.0646157180678304,-1.0,-1.0,A
line,home,0.48519313183247054,1.97,1.952,1.0,5.0,2023,-0.04416953029003301,0.97,0.952,A
line,home,0.6314256844232655,1.91,2.0,1.0,9.0,2023,0.20602305724843717,0.9099999999999999,1.0,A
line,home,0.47778787229169617,1.91,1.97,0.0,8.0,2023,-0.08742516392286037,-1.0,-1.0,A
line,home,0.5533919025383557,1.91,1.91,0.0,5.0,2023,0.05697853384825935,-1.0,-1.0,A
line,home,0.5645503769653137,1.91,1.82,1.0,5.0,2023,0.0782912200037491,0.9099999999999999,0.8200000000000001,A
line,home,0.5115761358375103,2.0,2.0,1.0,0.0,2023,0.02315227167502054,1.0,1.0,A
line,home,0.6281146507238282,1.909,2.0,1.0,6.0,2023,0.1990708682317881,0.909,1.0,A
line,home,0.5137147632482597,1.91,1.91,0.0,-3.0,2023,-0.018804802195824033,-1.0,-1.0,A
line,home,0.6048068803611759,1.87,1.87,0.0,3.0,2023,0.13098886627539907,-1.0,-1.0,A
line,home,0.5163231157199317,1.91,1.87,0.0,1.0,2023,-0.013822848974930468,-1.0,-1.0,A
line,home,0.43213742762535545,1.91,1.87,1.0,1.0,2023,-0.17461751323557118,0.9099999999999999,0.8700000000000001,A
line,home,0.5923029366162209,2.0,1.91,1.0,1.0,2023,0.18460587323244182,1.0,0.9099999999999999,A
line,home,0.563921834696991,1.952,1.91,1.0,0.0,2023,0.10077542132852635,0.952,0.9099999999999999,A
line,home,0.5671744621327732,2.0,1.82,0.0,1.0,2023,0.13434892426554645,-1.0,-1.0,A
line,home,0.48441278826299294,1.952,1.82,1.0,3.0,2024,-0.05442623731063778,0.952,0.8200000000000001,A
line,home,0.4790148013323422,1.91,1.85,1.0,-1.0,2024,-0.08508172945522641,0.9099999999999999,0.8500000000000001,A
line,home,0.4885247179088294,1.91,1.952,0.0,2.0,2024,-0.0669177887941359,-1.0,-1.0,A
line,home,0.4900125745562136,1.952,1.87,0.0,0.0,2024,-0.04349545446627101,-1.0,-1.0,A
line,home,0.4923171484267552,1.91,2.0,1.0,-2.0,2024,-0.05967424650489761,0.9099999999999999,1.0,A
line,home,0.4544166801832797,1.87,1.952,1.0,3.0,2024,-0.15024080805726692,0.8700000000000001,0.952,A
line,home,0.4805228937099681,1.91,1.87,0.0,-2.0,2024,-0.08220127301396096,-1.0,-1.0,A
line,home,0.5593265681581925,1.952,1.91,0.0,1.0,2024,0.09180546104479181,-1.0,-1.0,A
line,home,0.5399148401961369,1.91,1.87,1.0,1.0,2024,0.03123734477462148,0.9099999999999999,0.8700000000000001,A
line,home,0.5343227504185777,1.91,1.87,1.0,3.0,2024,0.0205564532994833,0.9099999999999999,0.8700000000000001,A
line,home,0.47481903114541724,1.91,1.91,0.0,-2.0,2024,-0.0930956505122531,-1.0,-1.0,A
line,home,0.5888026258769358,1.91,1.87,1.0,5.0,2024,0.12461301542494718,0.9099999999999999,0.8700000000000001,A
line,home,0.5521370511228884,1.91,1.91,0.0,2.0,2024,0.05458176764471667,-1.0,-1.0,A
line,home,0.49522135606071976,1.952,1.91,0.0,1.0,2024,-0.033327912969475015,-1.0,-1.0,A
line,home,0.4621108740909061,1.87,1.78,1.0,-1.0,2024,-0.13585266545000552,0.8700000000000001,0.78,A
line,home,0.39531956425769454,1.91,1.87,1.0,-8.0,2024,-0.24493963226780346,0.9099999999999999,0.8700000000000001,A
line,home,0.5603097799299683,1.91,1.87,1.0,6.0,2024,0.0701916796662394,0.9099999999999999,0.8700000000000001,A
line,home,0.3821019198370326,1.91,2.1,0.0,0.0,2024,-0.2701853331112677,-1.0,-1.0,A
line,home,0.526959646465157,1.91,1.87,1.0,0.0,2024,0.00649292474844998,0.9099999999999999,0.8700000000000001,A
line,home,0.478548031047392,1.91,1.91,1.0,0.0,2024,-0.0859732606994813,0.9099999999999999,0.9099999999999999,A
line,home,0.4395623869410105,1.91,1.87,0.0,-5.0,2024,-0.16043584094266994,-1.0,-1.0,A
line,home,0.40817578572733976,1.91,1.952,1.0,-6.0,2024,-0.22038424926078115,0.9099999999999999,0.952,A
line,home,0.4801927166503817,1.91,1.952,1.0,-1.0,2024,-0.082831911197771,0.9099999999999999,0.952,A
line,home,0.4994440160363199,1.91,1.87,1.0,5.0,2024,-0.04606192937062903,0.9099999999999999,0.8700000000000001,A
line,home,0.5435530349084419,1.952,1.833,0.0,8.0,2024,0.06101552414127842,-1.0,-1.0,A
line,home,0.3525400559090105,1.91,1.87,0.0,-2.0,2024,-0.32664849321378997,-1.0,-1.0,A
line,home,0.3724694041435831,1.91,1.91,1.0,-9.0,2024,-0.28858343808575637,0.9099999999999999,0.9099999999999999,A
line,home,0.4343917574175057,1.91,1.82,1.0,-4.0,2024,-0.17031174333256416,0.9099999999999999,0.8200000000000001,A
line,home,0.3333532967969379,1.91,1.87,0.0,-5.0,2024,-0.3632952031178486,-1.0,-1.0,A
line,home,0.4988891324458201,1.91,1.91,1.0,5.0,2024,-0.047121757028483646,0.9099999999999999,0.9099999999999999,A
line,home,0.4072415248482936,1.952,1.91,1.0,-5.0,2024,-0.2050645434961309,0.952,0.9099999999999999,A
line,home,0.4503030338241809,1.91,1.87,0.0,-3.0,2024,-0.13992120539581454,-1.0,-1.0,A
line,home,0.44627344925248436,1.91,1.91,0.0,0.0,2024,-0.14761771192775497,-1.0,-1.0,A
line,home,0.4957848784313095,1.91,2.0,1.0,-3.0,2024,-0.05305088219619891,0.9099999999999999,1.0,A
line,home,0.5305546392989599,1.91,1.87,1.0,-3.0,2024,0.013359361061013209,0.9099999999999999,0.8700000000000001,A
line,home,0.4144276538190953,1.91,1.91,0.0,-4.0,2024,-0.20844318120552796,-1.0,-1.0,A
line,home,0.37667554207683085,1.91,1.952,1.0,-4.0,2024,-0.28054971463325307,0.9099999999999999,0.952,A
line,home,0.5467367765568799,1.91,1.87,1.0,2.0,2024,0.04426724322364062,0.9099999999999999,0.8700000000000001,A
line,home,0.4828294072931792,1.91,1.952,0.0,2.0,2024,-0.07779583207002783,-1.0,-1.0,A
line,home,0.475722818666659,1.87,1.87,1.0,0.0,2024,-0.11039832909334757,0.8700000000000001,0.8700000000000001,A
line,home,0.5674609130420447,1.91,1.952,1.0,8.0,2024,0.08385034391030532,0.9099999999999999,0.952,A
line,home,0.4889585049724822,1.91,2.0,0.0,7.0,2024,-0.06608925550255895,-1.0,-1.0,A
line,home,0.4954638358207349,1.91,1.91,1.0,-1.0,2024,-0.05366407358239644,0.9099999999999999,0.9099999999999999,A
line,home,0.45785455519526547,1.952,1.91,1.0,-4.0,2024,-0.1062679082588418,0.952,0.9099999999999999,A
line,home,0.40329564664631934,1.952,1.87,0.0,-12.0,2024,-0.2127668977463847,-1.0,-1.0,A
line,home,0.5150659729256635,1.91,1.952,0.0,0.0,2024,-0.016223991711982855,-1.0,-1.0,A
line,home,0.5862028730896207,1.91,1.91,0.0,1.0,2024,0.1196474876011755,-1.0,-1.0,A
line,home,0.46444091827592093,2.1,1.97,0.0,0.0,2024,-0.024674071620566007,-1.0,-1.0,A
line,home,0.4632352475309287,1.91,2.0,1.0,-1.0,2024,-0.11522067721592621,0.9099999999999999,1.0,A
line,home,0.5378421564937883,1.91,1.82,0.0,5.0,2024,0.027278518903135707,-1.0,-1.0,A
line,home,0.49692091244689374,1.91,2.0,1.0,-1.0,2024,-0.05088105722643299,0.9099999999999999,1.0,A
line,home,0.5042872169779336,1.91,1.91,1.0,1.0,2024,-0.036811415572146955,0.9099999999999999,0.9099999999999999,A
line,home,0.4818048832868432,1.91,2.0,1.0,0.0,2024,-0.07975267292212962,0.9099999999999999,1.0,A
line,home,0.49425907526016477,1.91,1.8,1.0,3.0,2024,-0.05596516625308534,0.9099999999999999,0.8,A
line,home,0.524241733206891,1.952,1.91,1.0,0.0,2024,0.023319863219851245,0.952,0.9099999999999999,A
line,home,0.5676080963997574,1.91,1.87,0.0,-1.0,2024,0.08413146412353667,-1.0,-1.0,A
line,home,0.5462788737882381,1.91,1.91,0.0,2.0,2024,0.04339264893553474,-1.0,-1.0,A
line,home,0.5849819559730272,1.91,1.91,1.0,3.0,2024,0.11731553590848187,0.9099999999999999,0.9099999999999999,A
line,home,0.5199258214100778,1.91,1.91,1.0,4.0,2024,-0.006941681106751418,0.9099999999999999,0.9099999999999999,A
line,home,0.5022457204006139,1.91,1.82,0.0,-4.0,2024,-0.04071067403482753,-1.0,-1.0,A
line,home,0.43544699321961455,1.91,1.91,1.0,-3.0,2024,-0.16829624295053625,0.9099999999999999,0.9099999999999999,A
line,home,0.5455213881686773,1.91,1.91,0.0,5.0,2024,0.04194585140217377,-1.0,-1.0,A
line,home,0.42883955280711816,1.91,1.91,0.0,-6.0,2024,-0.1809164541384043,-1.0,-1.0,A
line,home,0.454104123048359,1.85,,0.0,,2024,-0.15990737236053576,-1.0,-1.0,A
line,home,0.4998946993678309,1.95,,0.0,,2024,-0.025205336232729803,-1.0,-1.0,A
line,home,0.47793374750242246,1.85,,0.0,,2024,-0.11582256712051842,-1.0,-1.0,A
line,home,0.49744588588311445,1.85,,1.0,,2024,-0.07972511111623826,0.8500000000000001,,A
line,home,0.44826488136014586,1.95,,1.0,,2024,-0.12588348134771554,0.95,,A
line,home,0.40822120088427394,1.95,,0.0,,2024,-0.2039686582756658,-1.0,-1.0,A
line,home,0.49151274099160885,1.9,,1.0,,2024,-0.06612579211594327,0.8999999999999999,,A
line,home,0.6137142050387407,1.9,,0.0,,2024,0.16605698957360726,-1.0,-1.0,A
line,home,0.5584523456833568,1.95,,1.0,,2024,0.08898207408254577,0.95,,A
line,home,0.5197181999221703,1.9,,0.0,,2024,-0.012535420147876564,-1.0,-1.0,A
line,home,0.4715381443643571,1.9,,0.0,,2024,-0.10407752570772155,-1.0,-1.0,A
line,home,0.40555325190481684,1.9,,0.0,,2024,-0.2294488213808481,-1.0,-1.0,A
line,home,0.3905140987331053,1.9,,1.0,,2024,-0.2580232124071,0.8999999999999999,,A
line,home,0.39404975404469744,1.95,,0.0,,2024,-0.23160297961284004,-1.0,-1.0,A
line,home,0.5034644481962385,1.95,,1.0,,2024,-0.018244326017334944,0.95,,A
line,home,0.4434464421945638,1.9,,1.0,,2024,-0.15745175983032877,0.8999999999999999,,A
line,home,0.5233331160851847,1.95,,1.0,,2024,0.020499576366110217,0.95,,A
line,home,0.6130608850116204,1.95,,1.0,,2024,0.19546872577265972,0.95,,A
line,home,0.4579870862877107,1.9,,1.0,,2024,-0.12982453605334976,0.8999999999999999,,A
line,home,0.569584853632817,1.8,,1.0,,2024,0.025252736539070675,0.8,,A
line,home,0.5430782079045784,1.9,,1.0,,2024,0.031848595018698855,0.8999999999999999,,A
line,home,0.38226590896120555,1.9,,1.0,,2024,-0.2736947729737095,0.8999999999999999,,A
line,home,0.5465803636946699,1.85,,1.0,,2024,0.011173672835139259,0.8500000000000001,,A
line,home,0.4730187474677665,1.9,,0.0,,2024,-0.1012643798112437,-1.0,-1.0,A
line,home,0.5366498635795163,1.9,,1.0,,2024,0.019634740801080852,0.8999999999999999,,A
line,home,0.5057489928310133,1.95,,1.0,,2024,-0.013789463979524186,0.95,,A
line,home,0.4312314311324127,1.85,,1.0,,2024,-0.20222185240503654,0.8500000000000001,,A
line,home,0.5677026560057976,1.85,,0.0,,2024,0.05024991361072573,-1.0,-1.0,A
line,home,0.4835699725942745,1.9,,0.0,,2024,-0.08121705207087848,-1.0,-1.0,A
line,home,0.5412487955537639,1.9,,1.0,,2024,0.028372711552151486,0.8999999999999999,,A
line,home,0.5487748683261127,1.9,,0.0,,2024,0.04267224981961393,-1.0,-1.0,A
line,home,0.46576876928055994,1.95,,1.0,,2024,-0.09175089990290819,0.95,,A
line,home,0.4452538594599558,1.95,,1.0,,2024,-0.13175497405308612,0.95,,A
line,home,0.5677789463483052,1.85,,0.0,,2024,0.05039105074436456,-1.0,-1.0,A
line,home,0.4933504360602108,1.85,,0.0,,2024,-0.08730169328861004,-1.0,-1.0,A
line,home,0.5707934372321127,1.85,,0.0,,2024,0.05596785887940858,-1.0,-1.0,A
line,home,0.40459208018577036,1.95,,0.0,,2024,-0.2110454436377478,-1.0,-1.0,A
line,home,0.49155164639265,1.9,,1.0,,2024,-0.0660518718539651,0.8999999999999999,,A
line,home,0.5172079372502673,1.85,,0.0,,2024,-0.04316531608700558,-1.0,-1.0,A
line,home,0.4449982993466802,1.85,,0.0,,2024,-0.17675314620864158,-1.0,-1.0,A
line,home,0.5031867452018339,1.9,,0.0,,2024,-0.0439451841165156,-1.0,-1.0,A
line,home,0.4718167084133687,1.9,,0.0,,2024,-0.10354825401459955,-1.0,-1.0,A
line,home,0.526265349891697,1.9,,1.0,,2024,-9.583520577571836e-05,0.8999999999999999,,A
line,home,0.6272115840504758,1.9,,1.0,,2024,0.19170200969590412,0.8999999999999999,,A
line,home,0.5451334392692776,1.9,,0.0,,2024,0.035753534611627336,-1.0,-1.0,A
line,home,0.49227914073440976,1.85,,0.0,,2024,-0.08928358964134187,-1.0,-1.0,A
line,home,0.49735380143461894,1.9,,1.0,,2024,-0.05502777727422403,0.8999999999999999,,A
line,home,0.6804762850235626,1.9,,1.0,,2024,0.29290494154476887,0.8999999999999999,,A
line,home,0.5515046679279679,1.9,,0.0,,2024,0.047858869063138965,-1.0,-1.0,A
line,home,0.49898081622702745,1.9,,0.0,,2024,-0.051936449168647925,-1.0,-1.0,A
line,home,0.49120231227735256,2.0,,1.0,,2024,-0.01759537544529488,1.0,,A
line,home,0.44364988457335286,1.9,,1.0,,2024,-0.15706521931062956,0.8999999999999999,,A
line,home,0.5342023192238955,1.9,,0.0,,2024,0.01498440652540145,-1.0,-1.0,A
line,home,0.4423031299099087,1.9,,1.0,,2024,-0.15962405317117345,0.8999999999999999,,A
line,home,0.5301372495923012,1.85,,1.0,,2024,-0.019246088254242677,0.8500000000000001,,A
line,home,0.471801280975776,1.85,,1.0,,2024,-0.12716763019481436,0.8500000000000001,,A
line,home,0.630994134177912,1.95,,1.0,,2024,0.23043856164692822,0.95,,A
line,home,0.49217508621442796,1.85,,1.0,,2024,-0.08947609050330818,0.8500000000000001,,A
line,home,0.5206667274652002,1.9,,1.0,,2024,-0.0107332178161198,0.8999999999999999,,A
line,home,0.548449865295622,1.9,,1.0,,2024,0.04205474406168186,0.8999999999999999,,A
line,home,0.4843615070026802,1.9,,0.0,,2024,-0.07971313669490765,-1.0,-1.0,A
line,home,0.5387289831348694,1.85,,1.0,,2024,-0.00335138120049161,0.8500000000000001,,A
line,home,0.5092855230301109,1.9,,0.0,,2024,-0.032357506242789436,-1.0,-1.0,A
line,home,0.5379674773821976,1.9,,1.0,,2024,0.022138207026175527,0.8999999999999999,,A
line,home,0.5144498509020102,1.85,,0.0,,2024,-0.04826777583128106,-1.0,-1.0,A
line,home,0.5897424955169283,1.9,,0.0,,2024,0.12051074148216356,-1.0,-1.0,A
line,home,0.38945693100887074,1.9,,0.0,,2024,-0.26003183108314565,-1.0,-1.0,A
line,home,0.4919333851942921,1.95,,0.0,,2024,-0.04072989887113043,-1.0,-1.0,A
line,home,0.4283771250928799,1.85,,1.0,,2024,-0.20750231857817214,0.8500000000000001,,A
line,home,0.47774621229048075,1.95,,0.0,,2024,-0.06839488603356259,-1.0,-1.0,A
line,home,0.5929406948820773,1.9,,1.0,,2024,0.12658732027594688,0.8999999999999999,,A
line,home,0.5021048927740008,1.8,,0.0,,2024,-0.09621119300679848,-1.0,-1.0,A
line,home,0.46689968096880896,1.9,,1.0,,2024,-0.11289060615926305,0.8999999999999999,,A
line,home,0.6062083420450793,1.9,,1.0,,2024,0.15179584988565065,0.8999999999999999,,A
line,home,0.450927150762851,1.9,,1.0,,2024,-0.1432384135505831,0.8999999999999999,,A
line,home,0.5508707366443797,1.9,,0.0,,2024,0.046654399624321385,-1.0,-1.0,A
line,home,0.4371513994338004,1.85,,1.0,,2024,-0.19126991104746927,0.8500000000000001,,A
line,home,0.4203745339331852,1.9,,1.0,,2024,-0.20128838552694817,0.8999999999999999,,A
line,home,0.5306026606615778,1.85,,1.0,,2024,-0.018385077776081005,0.8500000000000001,,A
line,home,0.46143450896248583,1.95,,0.0,,2024,-0.10020270752315263,-1.0,-1.0,A
line,home,0.4527479897334529,1.95,,1.0,,2024,-0.1171414200197668,0.95,,A
line,home,0.47112413614354365,1.95,,0.0,,2024,-0.08130793452008989,-1.0,-1.0,A
line,home,0.5705772363222308,1.9,,1.0,,2024,0.0840967490122384,0.8999999999999999,,A
line,home,0.4579277870354307,1.9,,1.0,,2024,-0.12993720463268177,0.8999999999999999,,A
line,home,0.5461880758118014,1.9,,0.0,,2024,0.03775734404242259,-1.0,-1.0,A
line,home,0.3751939850569733,1.9,,0.0,,2024,-0.28713142839175076,-1.0,-1.0,A
line,home,0.5324773511259964,1.9,,0.0,,2024,0.01170696713939301,-1.0,-1.0,A
line,home,0.44749829566701904,1.9,,1.0,,2024,-0.14975323823266384,0.8999999999999999,,A
line,home,0.535668075659295,1.9,,0.0,,2024,0.017769343752660482,-1.0,-1.0,A
line,home,0.4349342974587841,1.9,,0.0,,2024,-0.17362483482831026,-1.0,-1.0,A
line,home,0.5849119494183501,1.9,,0.0,,2024,0.11133270389486527,-1.0,-1.0,A
line,home,0.4874170023098111,1.9,,1.0,,2024,-0.0739076956113589,0.8999999999999999,,A
line,home,0.42669487234344866,1.9,,0.0,,2024,-0.18927974254744762,-1.0,-1.0,A
line,home,0.5982713472026141,1.9,,0.0,,2024,0.13671555968496674,-1.0,-1.0,A
line,home,0.431192514680707,1.9,,1.0,,2024,-0.18073422210665668,0.8999999999999999,,A
line,home,0.46039671954263456,1.95,,1.0,,2024,-0.10222639689186264,0.95,,A
line,home,0.5862884488630704,1.95,,0.0,,2024,0.1432624752829872,-1.0,-1.0,A
line,home,0.5968566578793242,1.85,,1.0,,2024,0.10418481707674987,0.8500000000000001,,A
line,home,0.6855263949080099,1.95,,0.0,,2024,0.3367764700706193,-1.0,-1.0,A
line,home,0.5607381396622311,1.95,,0.0,,2024,0.09343937234135047,-1.0,-1.0,A
line,home,0.48192685277034364,1.9,,1.0,,2024,-0.08433897973634708,0.8999999999999999,,A
line,home,0.40582797054407804,1.9,,0.0,,2024,-0.22892685596625173,-1.0,-1.0,A
line,home,0.32434339788312605,1.9,,1.0,,2024,-0.38374754402206057,0.8999999999999999,,A
line,home,0.412060542574968,1.95,,0.0,,2024,-0.1964819419788124,-1.0,-1.0,A
line,home,0.5660490293861404,1.95,,0.0,,2024,0.10379560730297377,-1.0,-1.0,A
line,home,0.39887852420243136,1.95,,0.0,,2024,-0.2221868778052588,-1.0,-1.0,A
line,home,0.46656920073925623,1.85,,0.0,,2024,-0.13684697863237594,-1.0,-1.0,A
line,home,0.6061181614787134,1.9,,1.0,,2024,0.15162450680955541,0.8999999999999999,,A
line,home,0.4648451791256721,1.9,,0.0,,2024,-0.11679415966122308,-1.0,-1.0,A
line,home,0.5020429996083968,1.9,,0.0,,2024,-0.0461183007440461,-1.0,-1.0,A
line,home,0.6073176959431604,1.95,,1.0,,2024,0.1842695070891629,0.95,,A
line,home,0.5891621324010449,1.9,,1.0,,2024,0.1194080515619853,0.8999999999999999,,A
line,home,0.5528784979855943,1.85,,1.0,,2024,0.022825221273349516,0.8500000000000001,,A
line,home,0.5046809534769627,1.95,,1.0,,2024,-0.01587214071992271,0.95,,A
line,home,0.5105581877563754,1.85,,1.0,,2024,-0.05546735265070546,0.8500000000000001,,A
line,home,0.5314184655871439,1.9,,0.0,,2024,0.009695084615573446,-1.0,-1.0,A
line,home,0.44541821595115294,1.9,,1.0,,2024,-0.15370538969280945,0.8999999999999999,,A
line,home,0.4463914972210148,1.9,,0.0,,2024,-0.1518561552800719,-1.0,-1.0,A
line,home,0.5844823835111541,1.9,,0.0,,2024,0.11051652867119266,-1.0,-1.0,A
line,home,0.45207505100975054,1.95,,1.0,,2024,-0.11845365053098644,0.95,,A
line,home,0.5737328289730317,1.9,,1.0,,2024,0.09009237504876011,0.8999999999999999,,A
line,home,0.503309103424442,1.85,,0.0,,2024,-0.0688781586647822,-1.0,-1.0,A
line,home,0.4773606293806044,1.9,,0.0,,2024,-0.0930148041768516,-1.0,-1.0,A
line,home,0.4223594322529866,1.9,,0.0,,2024,-0.19751707871932545,-1.0,-1.0,A
line,home,0.655851905323904,1.9,,0.0,,2024,0.24611862011541752,-1.0,-1.0,A
line,home,0.5045504709469083,1.9,,0.0,,2024,-0.041354105200874236,-1.0,-1.0,A
line,home,0.6130935963596154,1.85,,1.0,,2024,0.13422315326528844,0.8500000000000001,,A
line,home,0.48709450316116226,1.9,,1.0,,2024,-0.07452044399379176,0.8999999999999999,,A
line,home,0.5379839314536243,1.9,,1.0,,2024,0.022169469761886162,0.8999999999999999,,A
line,home,0.6360198528485796,1.9,,0.0,,2024,0.20843772041230135,-1.0,-1.0,A
line,home,0.5427941311818996,1.85,,1.0,,2024,0.004169142686514249,0.8500000000000001,,A
line,home,0.6238138110659878,1.9,,0.0,,2024,0.1852462410253768,-1.0,-1.0,A
line,home,0.4182924194350802,1.95,,0.0,,2024,-0.18432978210159356,-1.0,-1.0,A
line,home,0.5988216048878386,1.9,,0.0,,2024,0.13776104928689348,-1.0,-1.0,A
line,home,0.510202573881083,1.9,,1.0,,2024,-0.03061510962594227,0.8999999999999999,,A
line,home,0.5155051384702788,1.9,,0.0,,2024,-0.020540236906470333,-1.0,-1.0,A
line,home,0.4538982617973899,1.9,,0.0,,2024,-0.13759330258495928,-1.0,-1.0,A
line,home,0.694301169296672,1.9,,0.0,,2024,0.31917222166367676,-1.0,-1.0,A
line,home,0.4362936260746142,1.95,,0.0,,2024,-0.14922742915450238,-1.0,-1.0,A
line,home,0.543962569867007,1.9,,1.0,,2024,0.03352888274731325,0.8999999999999999,,A
line,home,0.5546173212800599,1.9,,1.0,,2024,0.05377291043211385,0.8999999999999999,,A
line,home,0.5848042315660819,1.8,,1.0,,2024,0.05264761681894736,0.8,,A
line,home,0.5254605688154004,1.9,,1.0,,2024,-0.0016249192507393762,0.8999999999999999,,A
line,home,0.5134779138635223,1.9,,0.0,,2024,-0.024391963659307736,-1.0,-1.0,A
line,home,0.48889438130021257,1.9,,1.0,,2024,-0.0711006755295962,0.8999999999999999,,A
line,home,0.5639609420054408,1.9,,1.0,,2024,0.07152578981033741,0.8999999999999999,,A
line,home,0.5500970356841345,2.0,,1.0,,2024,0.10019407136826897,1.0,,A
line,home,0.5556663222312272,1.85,,1.0,,2024,0.02798269612777049,0.8500000000000001,,A
line,home,0.5621860407850252,1.9,,0.0,,2024,0.06815347749154776,-1.0,-1.0,A
line,home,0.5220496155896514,1.8,,1.0,,2025,-0.06031069193862759,0.8,,A
line,home,0.44038305044734566,2.0,,1.0,,2025,-0.11923389910530868,1.0,,A
line,home,0.5458040745793911,1.9,,0.0,,2025,0.03702774170084289,-1.0,-1.0,A
line,home,0.562118724654124,1.8,,0.0,,2025,0.01181370437742335,-1.0,-1.0,A
line,home,0.4757316749219374,1.9,,0.0,,2025,-0.09610981764831894,-1.0,-1.0,A
line,home,0.5503628062843174,1.9,,1.0,,2025,0.04568933194020319,0.8999999999999999,,A
line,home,0.5087170145850649,2.0,,1.0,,2025,0.017434029170129817,1.0,,A
line,home,0.5623856140184748,1.9,,1.0,,2025,0.06853266663510205,0.8999999999999999,,A
line,home,0.5240080854644719,1.85,,1.0,,2025,-0.03058504189072697,0.8500000000000001,,A
line,home,0.47202534845075195,1.9,,1.0,,2025,-0.1031518379435713,0.8999999999999999,,A
line,home,0.6132909878773531,1.85,,0.0,,2025,0.13458832757310346,-1.0,-1.0,A
line,home,0.4246962626619213,1.9,,0.0,,2025,-0.19307710094234964,-1.0,-1.0,A
line,home,0.4708169848250402,1.9,,0.0,,2025,-0.1054477288324237,-1.0,-1.0,A
line,home,0.5704024913924519,1.9,,1.0,,2025,0.08376473364565862,0.8999999999999999,,A
line,home,0.4402996891120183,1.9,,0.0,,2025,-0.16343059068716537,-1.0,-1.0,A
line,home,0.5088123764472048,1.9,,1.0,,2025,-0.033256484750310955,0.8999999999999999,,A
line,home,0.5315120717991181,1.9,,0.0,,2025,0.009872936418324318,-1.0,-1.0,A
line,home,0.5538715722696457,1.95,,1.0,,2025,0.08004956592580914,0.95,,A
line,home,0.5161332362179992,1.9,,0.0,,2025,-0.019346851185801484,-1.0,-1.0,A
line,home,0.48897211538589913,1.9,,1.0,,2025,-0.07095298076679168,0.8999999999999999,,A
line,home,0.43760690550730313,1.9,,0.0,,2025,-0.16854687953612413,-1.0,-1.0,A
line,home,0.45814182627010747,1.8,,1.0,,2025,-0.17534471271380658,0.8,,A
line,home,0.43794653490320024,1.9,,0.0,,2025,-0.1679015836839196,-1.0,-1.0,A
line,home,0.46468010178766384,1.85,,1.0,,2025,-0.1403418116928219,0.8500000000000001,,A
line,home,0.6066620130910372,1.9,,1.0,,2025,0.15265782487297064,0.8999999999999999,,A
line,home,0.4591314725120094,1.9,,0.0,,2025,-0.12765020222718215,-1.0,-1.0,A
line,home,0.5435761031581867,1.95,,1.0,,2025,0.05997340115846406,0.95,,A
line,home,0.4971761185403572,1.9,,1.0,,2025,-0.055365374773321374,0.8999999999999999,,A
line,home,0.4817781942825802,2.0,,1.0,,2025,-0.03644361143483965,1.0,,A
line,home,0.4608843478338389,1.9,,0.0,,2025,-0.12431973911570615,-1.0,-1.0,A
line,home,0.566032356387009,1.9,,0.0,,2025,0.07546147713531703,-1.0,-1.0,A
line,home,0.5205264868216773,1.9,,0.0,,2025,-0.01099967503881305,-1.0,-1.0,A
line,home,0.47925995188862364,1.9,,1.0,,2025,-0.08940609141161515,0.8999999999999999,,A
line,home,0.42988313273965845,1.9,,0.0,,2025,-0.183222047794649,-1.0,-1.0,A
line,home,0.5434057206709805,1.85,,1.0,,2025,0.005300583241313994,0.8500000000000001,,A
line,home,0.4567159553163639,1.9,,1.0,,2025,-0.1322396848989087,0.8999999999999999,,A
line,home,0.5710447586247414,1.9,,0.0,,2025,0.08498504138700858,-1.0,-1.0,A
line,home,0.4474054147033217,1.95,,1.0,,2025,-0.1275594413285227,0.95,,A
line,home,0.5748511298645053,1.9,,0.0,,2025,0.09221714674255987,-1.0,-1.0,A
line,home,0.5225488499336938,1.9,,1.0,,2025,-0.007157185125981846,0.8999999999999999,,A
line,home,0.5583714576331359,1.9,,1.0,,2025,0.06090576950295823,0.8999999999999999,,A
line,home,0.5039236856833361,1.9,,1.0,,2025,-0.04254499720166138,0.8999999999999999,,A
line,home,0.4793898693008667,1.9,,0.0,,2025,-0.08915924832835331,-1.0,-1.0,A
line,home,0.5069972071136918,1.9,,1.0,,2025,-0.03670530648398562,0.8999999999999999,,A
line,home,0.5178595843162755,1.8,,0.0,,2025,-0.06785274823070397,-1.0,-1.0,A
line,home,0.5381158038454147,1.9,,0.0,,2025,0.022420027306287782,-1.0,-1.0,A
line,home,0.48532304104711016,1.9,,1.0,,2025,-0.07788622201049078,0.8999999999999999,,A
line,home,0.49296280596605413,1.85,,0.0,,2025,-0.08801880896279979,-1.0,-1.0,A
line,home,0.5010099070617577,1.85,,0.0,,2025,-0.0731316719357481,-1.0,-1.0,A
line,home,0.543692062130805,1.85,,1.0,,2025,0.0058303149419893785,0.8500000000000001,,A
line,home,0.5796557982308714,1.9,,1.0,,2025,0.10134601663865572,0.8999999999999999,,A
line,home,0.562808793766973,1.85,,1.0,,2025,0.04119626846890023,0.8500000000000001,,A
line,home,0.5567764657252613,1.9,,0.0,,2025,0.057875284877996425,-1.0,-1.0,A
line,home,0.4965641580453794,1.9,,0.0,,2025,-0.056528099713779145,-1.0,-1.0,A
line,home,0.5326757532911939,1.9,,0.0,,2025,0.012083931253268343,-1.0,-1.0,A
line,home,0.5238761087989701,1.85,,0.0,,2025,-0.03082919872190537,-1.0,-1.0,A
line,home,0.40946464037222585,1.9,,1.0,,2025,-0.22201718329277087,0.8999999999999999,,A
line,home,0.44843139019270667,2.0,,1.0,,2025,-0.10313721961458666,1.0,,A
line,home,0.40243213482411466,1.85,,1.0,,2025,-0.2555005505753878,0.8500000000000001,,A
line,home,0.45299418356423393,1.95,,0.0,,2025,-0.11666134204974388,-1.0,-1.0,A
line,home,0.5359631403048867,1.9,,1.0,,2025,0.01832996657928465,0.8999999999999999,,A
line,home,0.4796120640172356,1.9,,0.0,,2025,-0.08873707836725242,-1.0,-1.0,A
line,home,0.513174222304618,1.9,,1.0,,2025,-0.024968977621225963,0.8999999999999999,,A
line,home,0.4886097493242779,1.9,,1.0,,2025,-0.07164147628387196,0.8999999999999999,,A
line,home,0.5722459443541014,1.85,,1.0,,2025,0.05865499705508759,0.8500000000000001,,A
line,home,0.5146794203000569,1.95,,1.0,,2025,0.003624869585110879,0.95,,A
line,home,0.4794386800123456,1.95,,0.0,,2025,-0.0650945739759261,-1.0,-1.0,A
line,home,0.49732504566057145,1.9,,1.0,,2025,-0.05508241324491425,0.8999999999999999,,A
line,home,0.4710375437787412,1.95,,1.0,,2025,-0.08147678963145466,0.95,,A
line,home,0.4523420373558504,1.9,,0.0,,2025,-0.1405501290238843,-1.0,-1.0,A
line,home,0.5057223736659876,1.9,,1.0,,2025,-0.03912749003462357,0.8999999999999999,,A
line,home,0.48199788295308427,1.85,,0.0,,2025,-0.10830391653679405,-1.0,-1.0,A
line,home,0.4592876128085366,1.9,,0.0,,2025,-0.1273535356637805,-1.0,-1.0,A
line,home,0.6240195099357052,1.85,,0.0,,2025,0.15443609338105468,-1.0,-1.0,A
line,home,0.5720106977892809,1.9,,1.0,,2025,0.08682032579963361,0.8999999999999999,,A
line,home,0.5149186386708012,1.85,,0.0,,2025,-0.047400518459017715,-1.0,-1.0,A
line,home,0.5117593310208661,1.85,,1.0,,2025,-0.053245237611397656,0.8500000000000001,,A
line,home,0.4749270112115668,1.9,,1.0,,2025,-0.09763867869802312,0.8999999999999999,,A
line,home,0.4865647614343026,1.9,,0.0,,2025,-0.07552695327482506,-1.0,-1.0,A
line,home,0.5900809724256422,1.9,,0.0,,2025,0.12115384760872017,-1.0,-1.0,A
line,home,0.5129585647207832,1.95,,0.0,,2025,0.00026920120552720306,-1.0,-1.0,A
line,home,0.514372350756068,1.85,,0.0,,2025,-0.04841115110127414,-1.0,-1.0,A
line,home,0.4659771664676214,1.95,,0.0,,2025,-0.09134452538813831,-1.0,-1.0,A
line,home,0.5166878181086113,1.95,,1.0,,2025,0.007541245311792011,0.95,,A
line,home,0.46643514830945193,1.9,,0.0,,2025,-0.11377321821204134,-1.0,-1.0,A
line,home,0.5457501145660204,1.95,,1.0,,2025,0.06421272340373974,0.95,,A
line,home,0.47141243285309425,1.8,,0.0,,2025,-0.15145762086443038,-1.0,-1.0,A
line,home,0.4812768367017142,1.9,,0.0,,2025,-0.08557401026674316,-1.0,-1.0,A
line,home,0.4635510675770048,1.9,,1.0,,2025,-0.11925297160369086,0.8999999999999999,,A
line,home,0.43679515257723905,1.9,,0.0,,2025,-0.17008921010324585,-1.0,-1.0,A
line,home,0.5029927831814069,1.9,,1.0,,2025,-0.04431371195532685,0.8999999999999999,,A
line,home,0.5150166499795122,1.9,,0.0,,2025,-0.021468365038926795,-1.0,-1.0,A
line,home,0.4356803696364554,1.9,,1.0,,2025,-0.17220729769073473,0.8999999999999999,,A
line,home,0.4458430393241028,1.9,,0.0,,2025,-0.15289822528420471,-1.0,-1.0,A
line,home,0.4881177040442806,1.85,,0.0,,2025,-0.09698224751808082,-1.0,-1.0,A
line,home,0.5222366280799348,1.95,,1.0,,2025,0.01836142475587277,0.95,,A
line,home,0.5256177968724027,1.9,,0.0,,2025,-0.0013261859424348321,-1.0,-1.0,A
line,home,0.5021766066701571,1.95,,1.0,,2025,-0.020755616993193726,0.95,,A
line,home,0.5572112957490277,1.9,,0.0,,2025,0.05870146192315273,-1.0,-1.0,A
line,home,0.47273463247437514,1.95,,1.0,,2025,-0.07816746667496854,0.95,,A
line,home,0.536480612044863,1.95,,1.0,,2025,0.0461371934874828,0.95,,A
line,home,0.508589333696985,1.9,,1.0,,2025,-0.033680265975728596,0.8999999999999999,,A
line,home,0.48651848175676876,1.85,,0.0,,2025,-0.0999408087499778,-1.0,-1.0,A
line,home,0.5217089568451514,1.9,,1.0,,2025,-0.008752981994212372,0.8999999999999999,,A
line,home,0.5073535390474024,1.85,,1.0,,2025,-0.06139595276230547,0.8500000000000001,,A
line,home,0.5276127855846323,1.85,,1.0,,2025,-0.023916346668430122,0.8500000000000001,,A
line,home,0.5385239146080364,1.9,,1.0,,2025,0.023195437755269,0.8999999999999999,,A
line,home,0.4703522717616943,1.9,,1.0,,2025,-0.10633068365278087,0.8999999999999999,,A
line,home,0.46131741109764485,1.9,,1.0,,2025,-0.12349691891447478,0.8999999999999999,,A
line,home,0.5609761078670609,1.9,,1.0,,2025,0.06585460494741557,0.8999999999999999,,A
line,home,0.47799704906603424,1.9,,0.0,,2025,-0.09180560677453498,-1.0,-1.0,A
line,home,0.5224645018056705,1.95,,1.0,,2025,0.01880577852105736,0.95,,A
line,home,0.5067029428290964,1.9,,1.0,,2025,-0.037264408624716805,0.8999999999999999,,A
line,home,0.49357209358846243,1.9,,0.0,,2025,-0.062213022181921374,-1.0,-1.0,A
line,home,0.516547398037836,1.95,,0.0,,2025,0.007267426173780178,-1.0,-1.0,A
line,home,0.41109262454255135,1.95,,1.0,,2025,-0.19836938214202493,0.95,,A
line,home,0.5195628559231289,1.9,,1.0,,2025,-0.012830573746055118,0.8999999999999999,,A
line,home,0.593336435744804,1.9,,1.0,,2025,0.12733922791512753,0.8999999999999999,,A
line,home,0.5763579026282872,1.85,,1.0,,2025,0.06626211986233144,0.8500000000000001,,A
line,home,0.4957293077436357,1.85,,1.0,,2025,-0.08290078067427387,0.8500000000000001,,A
line,home,0.5005127977334735,1.85,,1.0,,2025,-0.07405132419307403,0.8500000000000001,,A
line,home,0.5537585180555296,1.95,,1.0,,2025,0.07982911020828265,0.95,,A
line,home,0.4921458396989003,1.85,,1.0,,2025,-0.08953019655703442,0.8500000000000001,,A
line,home,0.48209139725857153,1.9,,1.0,,2025,-0.0840263452087141,0.8999999999999999,,A
line,home,0.5850740681186528,1.9,,1.0,,2025,0.11164072942544023,0.8999999999999999,,A
line,home,0.5522563115038054,1.9,,1.0,,2025,0.04928699185723029,0.8999999999999999,,A
line,home,0.4849389928229471,1.9,,0.0,,2025,-0.07861591363640053,-1.0,-1.0,A
line,home,0.5241925340768874,1.85,,0.0,,2025,-0.03024381195775827,-1.0,-1.0,A
line,home,0.5116959870645452,1.9,,0.0,,2025,-0.0277776245773641,-1.0,-1.0,A
line,home,0.5391208813494136,2.0,,1.0,,2025,0.07824176269882721,1.0,,A
line,home,0.4966559076449943,1.9,,0.0,,2025,-0.056353775474510925,-1.0,-1.0,A
line,home,0.5182507237103245,1.85,,1.0,,2025,-0.04123616113589956,0.8500000000000001,,A
line,home,0.481097054155813,1.9,,1.0,,2025,-0.08591559710395535,0.8999999999999999,,A
line,home,0.5804370366444989,1.85,,0.0,,2025,0.07380851779232289,-1.0,-1.0,A
line,home,0.4785482110935051,1.9,,0.0,,2025,-0.09075839892234039,-1.0,-1.0,A
line,home,0.4418135471584637,1.9,,1.0,,2025,-0.16055426039891896,0.8999999999999999,,A
line,home,0.5047334487888373,1.9,,1.0,,2025,-0.04100644730120917,0.8999999999999999,,A
line,home,0.5213819378799834,1.9,,0.0,,2025,-0.00937431802803157,-1.0,-1.0,A
line,home,0.4444340750227577,1.9,,0.0,,2025,-0.15557525745676037,-1.0,-1.0,A
line,home,0.49263201116026784,1.9,,1.0,,2025,-0.06399917879549111,0.8999999999999999,,A
line,home,0.5046746240076189,1.95,,1.0,,2025,-0.01588448318514324,0.95,,A
line,home,0.5724438754267724,1.9,,1.0,,2025,0.08764336331086753,0.8999999999999999,,A
line,home,0.5625241464966947,1.85,,1.0,,2025,0.04066967101888519,0.8500000000000001,,A
line,home,0.577758790877646,1.9,,0.0,,2025,0.09774170266752735,-1.0,-1.0,A
line,home,0.5665975520772655,1.9,,0.0,,2025,0.07653534894680436,-1.0,-1.0,A
line,home,0.58736402488922,1.9,,0.0,,2025,0.11599164728951794,-1.0,-1.0,A
line,home,0.4650165226890398,1.9,,1.0,,2025,-0.11646860689082439,0.8999999999999999,,A
line,home,0.4395272388468455,1.8,,1.0,,2025,-0.208850970075678,0.8,,A
line,home,0.4304605117147943,1.9,,1.0,,2025,-0.18212502774189077,0.8999999999999999,,A
line,home,0.5321869497088947,1.9,,0.0,,2025,0.01115520444689988,-1.0,-1.0,A
line,home,0.6094045255009385,1.85,,0.0,,2025,0.12739837217673622,-1.0,-1.0,A
line,home,0.5993447869938988,1.9,,1.0,,2025,0.1387550952884078,0.8999999999999999,,A
line,home,0.4829531426357732,1.95,,1.0,,2025,-0.05824137186024225,0.95,,A
line,home,0.5163386771783548,1.9,,1.0,,2025,-0.018956513361125915,0.8999999999999999,,A
line,home,0.5347345987556908,1.8,,1.0,,2025,-0.03747772223975643,0.8,,A
line,home,0.46013400812955235,1.85,,1.0,,2025,-0.1487520849603281,0.8500000000000001,,A
line,home,0.46377346932116204,1.95,,0.0,,2025,-0.09564173482373406,-1.0,-1.0,A
line,home,0.4257568526182095,1.9,,1.0,,2025,-0.19106198002540198,0.8999999999999999,,A
line,home,0.4198358309755824,1.85,,1.0,,2025,-0.22330371269517246,0.8500000000000001,,A
line,home,0.4147963582926194,1.85,,1.0,,2025,-0.23262673715865412,0.8500000000000001,,A
line,home,0.4824388853714751,1.95,,0.0,,2025,-0.0592441735256235,-1.0,-1.0,A
line,home,0.39506681348262773,1.9,,1.0,,2025,-0.2493730543830074,0.8999999999999999,,A
line,home,0.5865232318400254,1.85,,1.0,,2025,0.08506797890404716,0.8500000000000001,,A
line,home,0.5671368352481433,1.85,,1.0,,2025,0.0492031452090651,0.8500000000000001,,A
line,home,0.4329598894484847,1.9,,0.0,,2025,-0.17737621004787918,-1.0,-1.0,A
line,home,0.564087234165586,1.9,,1.0,,2025,0.0717657449146134,0.8999999999999999,,A
line,home,0.4758785911812523,1.95,,1.0,,2025,-0.07203674719655806,0.95,,A
line,home,0.5147121007542892,1.9,,0.0,,2025,-0.0220470085668506,-1.0,-1.0,A
line,home,0.5032530890537398,1.95,,1.0,,2025,-0.018656476345207507,0.95,,A
line,home,0.47465591932559925,1.9,,0.0,,2025,-0.09815375328136144,-1.0,-1.0,A
line,home,0.488491638622755,1.85,,0.0,,2025,-0.09629046854790313,-1.0,-1.0,A
line,home,0.5450993132834723,1.9,,0.0,,2025,0.0356886952385973,-1.0,-1.0,A
line,home,0.5155596429557955,1.9,,0.0,,2025,-0.02043667838398866,-1.0,-1.0,A
line,home,0.5215581344502703,1.9,,1.0,,2025,-0.009039544544486411,0.8999999999999999,,A
line,home,0.5353341130482816,1.9,,1.0,,2025,0.017134814791734954,0.8999999999999999,,A
line,home,0.547164184862913,1.9,,1.0,,2025,0.03961195123953454,0.8999999999999999,,A
line,home,0.4894637690657813,1.9,,1.0,,2025,-0.07001883877501558,0.8999999999999999,,A
line,home,0.4844061359699485,1.9,,1.0,,2025,-0.07962834165709787,0.8999999999999999,,A
line,home,0.5468232569602962,1.9,,1.0,,2025,0.038964188224562823,0.8999999999999999,,A
line,home,0.46542124116008843,1.9,,1.0,,2025,-0.11569964179583203,0.8999999999999999,,A
line,home,0.5045881033696066,1.9,,0.0,,2025,-0.0412826035977476,-1.0,-1.0,A
line,home,0.4896504598851949,1.9,,0.0,,2025,-0.06966412621812978,-1.0,-1.0,A
line,home,0.5213271501025926,1.85,,1.0,,2025,-0.0355447723102037,0.8500000000000001,,A
line,home,0.38147696755585137,1.9,,0.0,,2025,-0.27519376164388243,-1.0,-1.0,A
line,home,0.4336905113001974,1.9,,1.0,,2025,-0.17598802852962492,0.8999999999999999,,A
line,home,0.5108820116618654,1.95,,0.0,,2025,-0.0037800772593624687,-1.0,-1.0,A
line,home,0.4576956261874314,1.9,,0.0,,2025,-0.13037831024388036,-1.0,-1.0,A
line,home,0.8336941262867843,1.9,,1.0,,2025,0.58401883994489,0.8999999999999999,,A
line,home,0.5587156004986569,1.9,,0.0,,2025,0.061559640947447924,-1.0,-1.0,A
line,home,0.40013760825276934,1.9,,0.0,,2025,-0.2397385443197383,-1.0,-1.0,A
line,home,0.5503543980726662,1.9,,1.0,,2025,0.045673356338065574,0.8999999999999999,,A
line,home,0.459031767494224,1.85,,0.0,,2025,-0.15079123013568563,-1.0,-1.0,A
line,home,0.4893829075849924,1.9,,0.0,,2025,-0.07017247558851447,-1.0,-1.0,A
line,home,0.628012974762961,1.9,,1.0,,2025,0.1932246520496259,0.8999999999999999,,A
line,home,0.5645163469507932,1.85,,1.0,,2025,0.04435524185896744,0.8500000000000001,,A
line,home,0.4590430616156986,1.85,,1.0,,2025,-0.15077033601095757,0.8500000000000001,,A
line,home,0.5083263326794979,1.9,,0.0,,2025,-0.034179967908954056,-1.0,-1.0,A
line,home,0.6062508695913733,1.9,,1.0,,2025,0.15187665222360924,0.8999999999999999,,A
line,home,0.3705258234657732,1.9,,0.0,,2025,-0.29600093541503103,-1.0,-1.0,A
line,home,0.5221541634806058,1.85,,1.0,,2025,-0.034014797560879106,0.8500000000000001,,A
line,home,0.5356716312607647,1.9,,0.0,,2025,0.01777609939545277,-1.0,-1.0,A
line,home,0.57119402635631,1.9,,1.0,,2025,0.08526865007698903,0.8999999999999999,,A
line,home,0.5625949795675422,1.9,,1.0,,2025,0.06893046117833013,0.8999999999999999,,A
line,home,0.5549485637668711,1.9,,1.0,,2025,0.05440227115705509,0.8999999999999999,,A
line,home,0.45918255095526456,1.9,,0.0,,2025,-0.12755315318499738,-1.0,-1.0,A
line,home,0.49539353858908003,1.9,,1.0,,2025,-0.058752276680748006,0.8999999999999999,,A
line,home,0.5489008837894988,1.95,,0.0,,2025,0.07035672338952259,-1.0,-1.0,A
line,home,0.472702633602431,1.9,,0.0,,2025,-0.10186499615538114,-1.0,-1.0,A
line,home,0.4238110891192398,1.95,,0.0,,2025,-0.17356837621748233,-1.0,-1.0,A
line,home,0.5052049895397237,1.95,,1.0,,2025,-0.014850270397538834,0.95,,A
line,home,0.362938666802013,2.0,,1.0,,2025,-0.27412266639597405,1.0,,A
line,home,0.5905960810559626,1.95,1.95,0.0,0.0,2025,0.15166235805912698,-1.0,-1.0,A
line,away,0.4788171286030951,1.87,1.91,0.0,-3.0,2023,-0.10461196951221208,-1.0,-1.0,A
line,away,0.525101884885953,1.91,1.82,0.0,2.0,2023,0.0029446001321702386,-1.0,-1.0,A
line,away,0.47006249633545105,1.91,1.87,1.0,0.0,2023,-0.10218063199928851,0.9099999999999999,0.8700000000000001,A
line,away,0.5486352103622159,1.91,1.91,0.0,-5.0,2023,0.047893251791832236,-1.0,-1.0,A
line,away,0.4844115486481939,1.95,1.952,1.0,-4.0,2023,-0.05539748013602186,0.95,0.952,A
line,away,0.49274787797209374,1.91,1.87,1.0,4.0,2023,-0.05885155307330103,0.9099999999999999,0.8700000000000001,A
line,away,0.4057686604260674,1.91,1.91,1.0,-6.0,2023,-0.22498185858621134,0.9099999999999999,0.9099999999999999,A
line,away,0.5033954698025866,1.91,1.952,1.0,2.0,2023,-0.03851465267705956,0.9099999999999999,0.952,A
line,away,0.519913766348085,1.91,1.952,1.0,-2.0,2023,-0.006964706275157773,0.9099999999999999,0.952,A
line,away,0.5456116871845099,1.87,1.952,0.0,-3.0,2023,0.02029385503503356,-1.0,-1.0,A
line,away,0.613509992269202,1.91,1.91,1.0,2.0,2023,0.17180408523417579,0.9099999999999999,0.9099999999999999,A
line,away,0.4588301265085736,1.91,1.952,1.0,1.0,2023,-0.12363445836862452,0.9099999999999999,0.952,A
line,away,0.508253604248389,1.91,1.91,1.0,0.0,2023,-0.029235615885577104,0.9099999999999999,0.9099999999999999,A
line,away,0.5402194706251504,1.91,1.82,0.0,5.0,2023,0.03181918889403734,-1.0,-1.0,A
line,away,0.4683003038277609,1.91,1.91,0.0,-2.0,2023,-0.10554641968897671,-1.0,-1.0,A
line,away,0.5420425033324533,1.87,1.91,1.0,5.0,2023,0.013619481231687658,0.8700000000000001,0.9099999999999999,A
line,away,0.49118457750718125,1.91,1.91,0.0,0.0,2023,-0.06183745696128384,-1.0,-1.0,A
line,away,0.5286625318722245,1.91,1.91,1.0,0.0,2023,0.00974543587594856,0.9099999999999999,0.9099999999999999,A
line,away,0.5725797966860919,1.91,1.82,0.0,-2.0,2023,0.09362741167043565,-1.0,-1.0,A
line,away,0.5081225222127423,1.87,1.82,1.0,-6.0,2023,-0.04981088346217177,0.8700000000000001,0.8200000000000001,A
line,away,0.48020485361496834,1.97,1.91,0.0,1.0,2023,-0.053996438378512424,-1.0,-1.0,A
line,away,0.49688864915768904,1.91,1.91,0.0,-2.0,2023,-0.050942680108813976,-1.0,-1.0,A
line,away,0.5216038931493093,1.91,1.82,0.0,-2.0,2023,-0.0037365640848192605,-1.0,-1.0,A
line,away,0.5386296502365124,1.87,2.0,0.0,3.0,2023,0.0072374459422783755,-1.0,-1.0,A
line,away,0.5024130995473477,1.87,1.82,1.0,2.0,2023,-0.060487503846459734,0.8700000000000001,0.8200000000000001,A
line,away,0.4967161313040004,1.8,1.952,0.0,0.0,2023,-0.10591096365279928,-1.0,-1.0,A
line,away,0.5422304920770533,1.91,1.91,0.0,1.0,2023,0.035660239867171706,-1.0,-1.0,A
line,away,0.5228479584613968,1.91,1.87,1.0,2.0,2023,-0.001360399338732221,0.9099999999999999,0.8700000000000001,A
line,away,0.5112561170720984,1.91,1.952,0.0,2.0,2023,-0.023500816392292068,-1.0,-1.0,A
line,away,0.4947855575875295,1.833,1.87,1.0,3.0,2023,-0.09305807294205848,0.833,0.8700000000000001,A
line,away,0.5088226139861374,1.91,1.952,1.0,2.0,2023,-0.028148807286477617,0.9099999999999999,0.952,A
line,away,0.4795726391609314,1.91,1.87,0.0,-1.0,2023,-0.08401625920262101,-1.0,-1.0,A
line,away,0.4794201079107454,1.91,1.91,1.0,-4.0,2023,-0.08430759389047626,0.9099999999999999,0.9099999999999999,A
line,away,0.5226151829795656,1.91,1.75,0.0,-4.0,2023,-0.0018050005090298749,-1.0,-1.0,A
line,away,0.46708780749128576,1.91,1.82,0.0,-5.0,2023,-0.1078622876916443,-1.0,-1.0,A
line,away,0.5069659046160533,1.91,1.82,1.0,5.0,2023,-0.031695122183338253,0.9099999999999999,0.8200000000000001,A
line,away,0.4943976562232133,1.82,2.0,1.0,-3.0,2023,-0.10019626567375173,0.8200000000000001,1.0,A
line,away,0.4064719676966284,1.91,1.91,0.0,-3.0,2023,-0.22363854169943975,-1.0,-1.0,A
line,away,0.4563173660211054,1.91,1.91,1.0,-7.0,2023,-0.12843383089968874,0.9099999999999999,0.9099999999999999,A
line,away,0.5632209271720159,1.91,1.952,1.0,6.0,2023,0.07575197089855035,0.9099999999999999,0.952,A
line,away,0.5452966285001334,1.91,1.97,0.0,3.0,2023,0.04151656043525476,-1.0,-1.0,A
line,away,0.5780506265446554,1.952,1.87,0.0,2.0,2023,0.12835482301516743,-1.0,-1.0,A
line,away,0.5148754215219218,1.87,1.91,1.0,4.0,2023,-0.03718296175400626,0.8700000000000001,0.9099999999999999,A
line,away,0.4521253163313049,1.91,1.87,0.0,1.0,2023,-0.1364406458072076,-1.0,-1.0,A
line,away,0.6578611313480838,1.87,1.82,0.0,7.0,2023,0.2302003156209167,-1.0,-1.0,A
line,away,0.5495820899496244,1.952,1.833,0.0,-3.0,2023,0.07278423958166691,-1.0,-1.0,A
line,away,0.5859022292319221,1.91,1.91,0.0,2.0,2023,0.11907325783297118,-1.0,-1.0,A
line,away,0.5117869729280957,1.91,1.87,1.0,-2.0,2023,-0.02248688170733726,0.9099999999999999,0.8700000000000001,A
line,away,0.5051226397989772,1.91,1.91,0.0,-1.0,2023,-0.0352157579839536,-1.0,-1.0,A
line,away,0.4116433720326391,1.87,1.82,0.0,-6.0,2023,-0.2302268942989648,-1.0,-1.0,A
line,away,0.5102849313289362,1.91,1.91,0.0,-2.0,2023,-0.025355781161731983,-1.0,-1.0,A
line,away,0.49758116098583927,1.91,1.91,1.0,4.0,2023,-0.04961998251704702,0.9099999999999999,0.9099999999999999,A
line,away,0.5766029169970843,1.91,1.91,1.0,7.0,2023,0.10131157146443104,0.9099999999999999,0.9099999999999999,A
line,away,0.4988755764118885,1.91,1.952,1.0,3.0,2023,-0.04714764905329294,0.9099999999999999,0.952,A
line,away,0.4525513293957236,1.91,1.78,1.0,0.0,2023,-0.13562696085416792,0.9099999999999999,0.78,A
line,away,0.5145269180700338,1.91,1.91,0.0,5.0,2023,-0.017253586486235428,-1.0,-1.0,A
line,away,0.5303723584708637,1.91,1.952,1.0,-1.0,2023,0.013011204679349575,0.9099999999999999,0.952,A
line,away,0.4944359909829974,1.91,1.91,1.0,0.0,2023,-0.05562725722247497,0.9099999999999999,0.9099999999999999,A
line,away,0.5237792150655693,1.91,1.91,0.0,2.0,2023,0.0004183007752374124,-1.0,-1.0,A
line,away,0.4879900727710682,1.91,1.82,0.0,3.0,2023,-0.06793896100725971,-1.0,-1.0,A
line,away,0.5662648453558431,1.91,2.0,1.0,7.0,2023,0.08156585462966026,0.9099999999999999,1.0,A
line,away,0.5328009886316731,1.87,1.82,1.0,2.0,2023,-0.003662151258771229,0.8700000000000001,0.8200000000000001,A
line,away,0.48479549199208605,1.91,1.91,1.0,4.0,2023,-0.07404061029511566,0.9099999999999999,0.9099999999999999,A
line,away,0.461005818977565,1.91,2.1,1.0,1.0,2023,-0.11947888575285093,0.9099999999999999,1.1,A
line,away,0.526184738011853,1.91,1.952,1.0,2.0,2023,0.005012849602639147,0.9099999999999999,0.952,A
line,away,0.465070912292759,1.91,1.82,1.0,-4.0,2023,-0.11171455752083037,0.9099999999999999,0.8200000000000001,A
line,away,0.5482567094573803,1.91,1.82,0.0,1.0,2023,0.04717031506359626,-1.0,-1.0,A
line,away,0.5007825936992072,1.91,1.91,1.0,3.0,2023,-0.04350524603451433,0.9099999999999999,0.9099999999999999,A
line,away,0.5786122975538339,1.91,1.952,1.0,1.0,2023,0.10514948832782278,0.9099999999999999,0.952,A
line,away,0.4507804430015595,1.91,2.0,1.0,-6.0,2023,-0.1390093538670214,0.9099999999999999,1.0,A
line,away,0.5953272024043442,1.77,1.91,1.0,3.0,2023,0.053729148255689196,0.77,0.9099999999999999,A
line,away,0.4747820764562949,1.91,1.87,0.0,-4.0,2023,-0.09316623396847679,-1.0,-1.0,A
line,away,0.4792688300434025,1.91,1.91,1.0,-5.0,2023,-0.08459653461710126,0.9099999999999999,0.9099999999999999,A
line,away,0.5252390101674306,1.91,1.91,0.0,1.0,2023,0.0032065094197923916,-1.0,-1.0,A
line,away,0.5597328599497639,1.91,1.952,0.0,0.0,2023,0.06908976250404897,-1.0,-1.0,A
line,away,0.5051952730487055,1.91,2.0,1.0,0.0,2023,-0.03507702847697258,0.9099999999999999,1.0,A
line,away,0.4002355514070217,1.91,1.82,0.0,-2.0,2023,-0.23555009681258854,-1.0,-1.0,A
line,away,0.40704536763862176,1.91,1.91,0.0,-1.0,2023,-0.22254334781023244,-1.0,-1.0,A
line,away,0.45745809245631264,1.91,1.91,0.0,-3.0,2023,-0.12625504340844285,-1.0,-1.0,A
line,away,0.4645889904967423,1.87,1.91,0.0,-6.0,2023,-0.13121858777109185,-1.0,-1.0,A
line,away,0.5504263316302163,1.91,1.952,0.0,0.0,2023,0.051314293413712964,-1.0,-1.0,A
line,away,0.5490529069738423,1.87,1.91,1.0,1.0,2023,0.026728936041085172,0.8700000000000001,0.9099999999999999,A
line,away,0.6667823364736362,1.8,1.82,1.0,9.0,2023,0.20020820565254516,0.8,0.8200000000000001,A
line,away,0.4539069173440654,1.91,1.87,0.0,-1.0,2023,-0.13303778787283516,-1.0,-1.0,A
line,away,0.39716750301322745,1.952,1.952,1.0,-2.0,2023,-0.22472903411818002,0.952,0.952,A
line,away,0.4466236179441708,1.952,1.87,0.0,1.0,2023,-0.12819069777297853,-1.0,-1.0,A
line,away,0.550514924342454,1.952,1.952,0.0,-2.0,2023,0.07460513231647004,-1.0,-1.0,A
line,away,0.47155198813214916,1.91,1.91,1.0,1.0,2023,-0.09933570266759517,0.9099999999999999,0.9099999999999999,A
line,away,0.5061976377193327,1.833,1.952,0.0,3.0,2023,-0.07213973006046326,-1.0,-1.0,A
line,away,0.4895227469830019,1.952,1.87,1.0,-1.0,2023,-0.044451597889180294,0.952,0.8700000000000001,A
line,away,0.49698217031623326,1.952,1.82,0.0,-3.0,2023,-0.029890803542712674,-1.0,-1.0,A
line,away,0.5599801543650299,1.91,1.952,1.0,-2.0,2023,0.0695620948372071,0.9099999999999999,0.952,A
line,away,0.5898564995935547,1.82,1.91,1.0,-1.0,2023,0.07353882926026967,0.8200000000000001,0.9099999999999999,A
line,away,0.39415860126130053,1.952,1.952,1.0,-4.0,2023,-0.23060241033794138,0.952,0.952,A
line,away,0.6112504218237215,1.87,1.91,0.0,-4.0,2023,0.14303828881035918,-1.0,-1.0,A
line,away,0.49151183698001566,1.91,1.91,0.0,-1.0,2023,-0.06121239136817014,-1.0,-1.0,A
line,away,0.5693141907216773,1.91,1.87,0.0,-2.0,2023,0.08739010427840355,-1.0,-1.0,A
line,away,0.5271891511441733,1.91,1.87,1.0,3.0,2023,0.006931278685371023,0.9099999999999999,0.8700000000000001,A
line,away,0.48908262717836826,1.91,1.91,1.0,0.0,2023,-0.06585218208931665,0.9099999999999999,0.9099999999999999,A
line,away,0.506066852291654,1.87,1.87,1.0,-2.0,2023,-0.05365498621460685,0.8700000000000001,0.8700000000000001,A
line,away,0.5653068769970296,1.91,1.87,0.0,3.0,2023,0.07973613506432664,-1.0,-1.0,A
line,away,0.3338898260783555,1.91,2.0,1.0,-4.0,2023,-0.36227043219034105,0.9099999999999999,1.0,A
line,away,0.5522180432153021,1.91,1.91,0.0,4.0,2023,0.05473646254122699,-1.0,-1.0,A
line,away,0.5699213751080039,1.91,1.91,1.0,0.0,2023,0.0885498264562874,0.9099999999999999,0.9099999999999999,A
line,away,0.5101231799843494,1.91,1.91,0.0,-4.0,2023,-0.025664726229892687,-1.0,-1.0,A
line,away,0.4973468790194534,1.91,1.91,0.0,-6.0,2023,-0.05006746107284399,-1.0,-1.0,A
line,away,0.46639487764874576,1.91,1.952,1.0,-1.0,2023,-0.1091857836908956,0.9099999999999999,0.952,A
line,away,0.5312372951050219,1.91,1.91,1.0,-4.0,2023,0.014663233650591856,0.9099999999999999,0.9099999999999999,A
line,away,0.5932762733314634,1.87,1.97,0.0,1.0,2023,0.10942663112983664,-1.0,-1.0,A
line,away,0.5183725855699413,1.91,1.91,1.0,-2.0,2023,-0.009908361561412282,0.9099999999999999,0.9099999999999999,A
line,away,0.4237231178663381,1.87,1.87,0.0,-7.0,2023,-0.20763776958994773,-1.0,-1.0,A
line,away,0.5228285900080096,1.87,1.82,1.0,-8.0,2023,-0.02231053668502192,0.8700000000000001,0.8200000000000001,A
line,away,0.5639088753862,1.91,1.91,0.0,9.0,2023,0.07706595198764199,-1.0,-1.0,A
line,away,0.5856185505525884,1.87,1.952,1.0,4.0,2023,0.09510668953334034,0.8700000000000001,0.952,A
line,away,0.42777310128555,1.91,2.0,0.0,-11.0,2023,-0.18295337654459953,-1.0,-1.0,A
line,away,0.6144572683537148,1.91,1.91,1.0,8.0,2023,0.17361338255559522,0.9099999999999999,0.9099999999999999,A
line,away,0.6443535015439484,1.952,1.91,1.0,2.0,2023,0.25777803501378727,0.952,0.9099999999999999,A
line,away,0.5012792440676451,1.91,1.87,1.0,6.0,2023,-0.042556643830797825,0.9099999999999999,0.8700000000000001,A
line,away,0.46312247163670606,1.87,1.952,0.0,-3.0,2023,-0.13396097803935958,-1.0,-1.0,A
line,away,0.4407197939488806,1.91,1.91,1.0,-3.0,2023,-0.1582251935576381,0.9099999999999999,0.9099999999999999,A
line,away,0.4725572059792633,1.91,1.91,1.0,3.0,2023,-0.09741573657960712,0.9099999999999999,0.9099999999999999,A
line,away,0.4881947276773494,1.91,2.0,1.0,4.0,2023,-0.06754807013626274,0.9099999999999999,1.0,A
line,away,0.4053407818697027,1.91,1.91,0.0,-8.0,2023,-0.22579910662886793,-1.0,-1.0,A
line,away,0.41971940975446487,1.91,1.952,1.0,-9.0,2023,-0.1983359273689721,0.9099999999999999,0.952,A
line,away,0.5909491991737399,1.91,2.0,1.0,-4.0,2023,0.12871297042184304,0.9099999999999999,1.0,A
line,away,0.5199345959119712,1.91,1.952,1.0,2.0,2023,-0.006924921808134976,0.9099999999999999,0.952,A
line,away,0.3863026434189549,1.91,1.91,0.0,-9.0,2023,-0.2621619510697961,-1.0,-1.0,A
line,away,0.44115286419561606,1.91,1.91,1.0,2.0,2023,-0.15739802938637337,0.9099999999999999,0.9099999999999999,A
line,away,0.5490211695818634,1.91,1.952,1.0,1.0,2023,0.048630433901359016,0.9099999999999999,0.952,A
line,away,0.49972182388699604,1.87,1.91,0.0,-6.0,2023,-0.06552018933131731,-1.0,-1.0,A
line,away,0.5957817244723042,1.91,1.87,1.0,15.0,2023,0.1379430937421009,0.9099999999999999,0.8700000000000001,A
line,away,0.4479808510765355,1.87,1.87,1.0,4.0,2023,-0.1622758084868785,0.8700000000000001,0.8700000000000001,A
line,away,0.4274522920636372,1.91,1.833,1.0,7.0,2023,-0.18356612215845292,0.9099999999999999,0.833,A
line,away,0.4584537916382171,1.91,1.82,1.0,1.0,2023,-0.12435325797100538,0.9099999999999999,0.8200000000000001,A
line,away,0.4417663331285612,1.91,1.91,1.0,0.0,2023,-0.15622630372444823,0.9099999999999999,0.9099999999999999,A
line,away,0.43700194580367147,1.952,1.91,0.0,-4.0,2023,-0.14697220179123327,-1.0,-1.0,A
line,away,0.5248449500739515,1.87,1.91,1.0,-3.0,2023,-0.01853994336171061,0.8700000000000001,0.9099999999999999,A
line,away,0.6267464507119609,1.77,1.91,1.0,6.0,2023,0.1093412177601707,0.77,0.9099999999999999,A
line,away,0.5580651903508769,1.91,1.952,1.0,3.0,2023,0.0659045135701748,0.9099999999999999,0.952,A
line,away,0.5020794430892337,2.05,1.87,0.0,-3.0,2023,0.029262858332929076,-1.0,-1.0,A
line,away,0.5670204831984875,1.91,1.87,0.0,-2.0,2023,0.08300912290911122,-1.0,-1.0,A
line,away,0.396968934869668,1.91,1.952,1.0,-2.0,2023,-0.24178933439893413,0.9099999999999999,0.952,A
line,away,0.4936610506944178,1.91,1.952,0.0,-3.0,2023,-0.05710739317366209,-1.0,-1.0,A
line,away,0.38853294917678016,1.91,1.91,1.0,-1.0,2023,-0.25790206707234997,0.9099999999999999,0.9099999999999999,A
line,away,0.48700138858596254,1.91,2.02,1.0,4.0,2023,-0.06982734780081157,0.9099999999999999,1.02,A
line,away,0.49149633404599846,1.97,1.952,1.0,2.0,2023,-0.031752221929383095,0.97,0.952,A
line,away,0.5322693375230603,1.91,1.952,0.0,1.0,2023,0.016634434669045017,-1.0,-1.0,A
line,away,0.45076422035432195,1.91,1.87,0.0,-6.0,2023,-0.1390403391232451,-1.0,-1.0,A
line,away,0.23557345008115593,1.91,1.91,0.0,-8.0,2023,-0.5500547103449922,-1.0,-1.0,A
line,away,0.5074743665605355,1.91,1.952,1.0,0.0,2023,-0.03072395986937726,0.9099999999999999,0.952,A
line,away,0.45974026465432805,1.91,1.87,0.0,0.0,2023,-0.12189609451023342,-1.0,-1.0,A
line,away,0.5401359974619528,1.91,1.952,0.0,6.0,2023,0.03165975515232988,-1.0,-1.0,A
line,away,0.5496794233222612,1.91,1.87,0.0,1.0,2023,0.04988769854551878,-1.0,-1.0,A
line,away,0.5688895012255484,1.91,1.75,1.0,3.0,2023,0.08657894734079741,0.9099999999999999,0.75,A
line,away,0.4773864909962795,1.91,1.91,0.0,1.0,2023,-0.0881918021971062,-1.0,-1.0,A
line,away,0.2847180175646242,1.91,1.952,0.0,-4.0,2023,-0.4561885864515678,-1.0,-1.0,A
line,away,0.4704903855821493,1.91,1.82,0.0,-3.0,2023,-0.10136336353809494,-1.0,-1.0,A
line,away,0.613850375213864,1.91,1.87,0.0,5.0,2023,0.17245421665848015,-1.0,-1.0,A
line,away,0.5485519037673345,1.91,1.952,0.0,0.0,2023,0.047734136195608956,-1.0,-1.0,A
line,away,0.5908630669833955,1.91,1.87,1.0,3.0,2023,0.1285484579382854,0.9099999999999999,0.8700000000000001,A
line,away,0.3631660792415734,1.87,1.952,0.0,-3.0,2023,-0.32087943181825773,-1.0,-1.0,A
line,away,0.5679345656605082,1.8,2.02,1.0,3.0,2023,0.022282218188914626,0.8,1.02,A
line,away,0.5383256392442398,1.91,1.91,0.0,5.0,2023,0.028201970956498013,-1.0,-1.0,A
line,away,0.4024894223112012,1.87,1.87,1.0,-6.0,2023,-0.24734478027805373,0.8700000000000001,0.8700000000000001,A
line,away,0.4772895551869646,1.91,1.952,1.0,-7.0,2023,-0.08837694959289766,0.9099999999999999,0.952,A
line,away,0.5296919233261375,1.91,1.82,1.0,2.0,2023,0.011711573552922516,0.9099999999999999,0.8200000000000001,A
line,away,0.5786224814122323,1.87,1.952,0.0,3.0,2023,0.08202404024087451,-1.0,-1.0,A
line,away,0.44248469278670877,1.91,1.952,0.0,-4.0,2023,-0.1548542367773863,-1.0,-1.0,A
line,away,0.44294203715616587,1.91,1.82,0.0,-3.0,2023,-0.15398070903172323,-1.0,-1.0,A
line,away,0.4686198243851194,1.952,1.91,1.0,-3.0,2023,-0.08525410280024692,0.952,0.9099999999999999,A
line,away,0.6083332993604327,1.91,1.91,0.0,-2.0,2023,0.16191660177842637,-1.0,-1.0,A
line,away,0.5080168896659063,1.87,1.97,0.0,0.0,2023,-0.05000841632475517,-1.0,-1.0,A
line,away,0.4922244721356205,1.91,1.82,0.0,-2.0,2023,-0.05985125822096493,-1.0,-1.0,A
line,away,0.45624203309615063,1.952,1.91,0.0,3.0,2023,-0.10941555139631398,-1.0,-1.0,A
line,away,0.5717288671782943,1.91,1.87,1.0,-1.0,2023,0.0920021363105421,0.9099999999999999,0.8700000000000001,A
line,away,0.41183991828624833,1.91,1.82,1.0,-6.0,2023,-0.2133857560732657,0.9099999999999999,0.8200000000000001,A
line,away,0.5449115148258611,1.91,1.87,1.0,7.0,2023,0.0407809933173946,0.9099999999999999,0.8700000000000001,A
line,away,0.5357217981191629,1.91,1.87,0.0,-10.0,2023,0.023228634407601145,-1.0,-1.0,A
line,away,0.5891399031568778,1.91,1.952,1.0,4.0,2023,0.1252572150296365,0.9099999999999999,0.952,A
line,away,0.6029581827492295,1.87,1.952,0.0,5.0,2023,0.12753180174105916,-1.0,-1.0,A
line,away,0.5033877072013438,1.91,2.0,0.0,3.0,2023,-0.03852947924543326,-1.0,-1.0,A
line,away,0.45925748286543755,1.91,1.952,0.0,3.0,2023,-0.12281820772701435,-1.0,-1.0,A
line,away,0.45041356313047687,1.91,1.82,1.0,-2.0,2023,-0.1397100944207892,0.9099999999999999,0.8200000000000001,A
line,away,0.44790172967589825,1.87,1.91,1.0,0.0,2023,-0.16242376550607018,0.8700000000000001,0.9099999999999999,A
line,away,0.42263374558672573,1.91,1.91,1.0,-1.0,2023,-0.1927695459293539,0.9099999999999999,0.9099999999999999,A
line,away,0.40926747940813213,1.91,1.952,0.0,-5.0,2023,-0.21829911433046767,-1.0,-1.0,A
line,away,0.4494872121179585,1.952,2.0,0.0,-2.0,2023,-0.12260096194574499,-1.0,-1.0,A
line,away,0.5203297060961738,1.91,1.91,1.0,-1.0,2023,-0.006170261356308049,0.9099999999999999,0.9099999999999999,A
line,away,0.5298857421278996,1.952,1.91,1.0,-3.0,2023,0.03433696863366009,0.952,0.9099999999999999,A
line,away,0.5559080732280315,1.87,1.952,0.0,-6.0,2023,0.03954809693641903,-1.0,-1.0,A
line,away,0.5265462122477456,1.91,1.91,1.0,-1.0,2023,0.005703265393193879,0.9099999999999999,0.9099999999999999,A
line,away,0.4548146220167931,1.87,1.82,0.0,-6.0,2023,-0.1494966568285968,-1.0,-1.0,A
line,away,0.4803420655932391,2.02,1.91,1.0,-5.0,2023,-0.029709027501656937,1.02,0.9099999999999999,A
line,away,0.5148068681675295,1.833,1.87,0.0,-5.0,2023,-0.05635901064891846,-1.0,-1.0,A
line,away,0.3685743155767345,1.91,1.82,0.0,-9.0,2023,-0.29602305724843714,-1.0,-1.0,A
line,away,0.5222121277083038,1.91,1.833,1.0,-8.0,2023,-0.0025748360771397083,0.9099999999999999,0.833,A
line,away,0.4466080974616443,1.91,1.91,1.0,-5.0,2023,-0.14697853384825943,0.9099999999999999,0.9099999999999999,A
line,away,0.43544962303468626,1.91,2.0,0.0,-5.0,2023,-0.1682912200037493,-1.0,-1.0,A
line,away,0.48842386416248973,1.82,1.82,0.0,0.0,2023,-0.11106856722426861,-1.0,-1.0,A
line,away,0.3718853492761718,1.91,1.82,0.0,-6.0,2023,-0.28969898288251195,-1.0,-1.0,A
line,away,0.4862852367517403,1.91,1.91,1.0,3.0,2023,-0.07119519780417605,0.9099999999999999,0.9099999999999999,A
line,away,0.3951931196388241,1.952,1.952,1.0,-3.0,2023,-0.22858303046501538,0.952,0.952,A
line,away,0.4836768842800683,1.91,1.952,1.0,-1.0,2023,-0.07617715102506961,0.9099999999999999,0.952,A
line,away,0.5678625723746445,1.91,1.952,0.0,-1.0,2023,0.0846175132355711,-1.0,-1.0,A
line,away,0.4076970633837791,1.82,1.91,0.0,-1.0,2023,-0.25799134464152207,-1.0,-1.0,A
line,away,0.436078165303009,1.87,1.91,0.0,0.0,2023,-0.18453383088337305,-1.0,-1.0,A
line,away,0.4328255378672268,1.82,2.0,1.0,-1.0,2023,-0.2122575210816472,0.8200000000000001,1.0,A
line,away,0.5155872117370071,1.87,2.0,0.0,-3.0,2024,-0.035851914051796774,-1.0,-1.0,A
line,away,0.5209851986676578,1.91,1.97,0.0,1.0,2024,-0.004918270544773673,-1.0,-1.0,A
line,away,0.5114752820911705,1.91,1.87,1.0,-2.0,2024,-0.02308221120586429,0.9099999999999999,0.8700000000000001,A
line,away,0.5099874254437864,1.87,1.952,1.0,0.0,2024,-0.046323514420119394,0.8700000000000001,0.952,A
line,away,0.5076828515732448,1.91,1.82,0.0,2.0,2024,-0.03032575349510247,-1.0,-1.0,A
line,away,0.5455833198167204,1.952,1.87,0.0,-3.0,2024,0.0649786402822381,-1.0,-1.0,A
line,away,0.5194771062900319,1.91,1.952,1.0,2.0,2024,-0.007798726986039228,0.9099999999999999,0.952,A
line,away,0.4406734318418075,1.87,1.91,1.0,-1.0,2024,-0.17594068245581984,0.8700000000000001,0.9099999999999999,A
line,away,0.4600851598038631,1.91,1.952,0.0,-1.0,2024,-0.12123734477462145,-1.0,-1.0,A
line,away,0.4656772495814223,1.91,1.952,0.0,-3.0,2024,-0.11055645329948338,-1.0,-1.0,A
line,away,0.5251809688545828,1.91,1.91,1.0,2.0,2024,0.003095650512253023,0.9099999999999999,0.9099999999999999,A
line,away,0.41119737412306423,1.91,1.952,0.0,-5.0,2024,-0.21461301542494737,-1.0,-1.0,A
line,away,0.44786294887711164,1.91,1.91,1.0,-2.0,2024,-0.14458176764471675,0.9099999999999999,0.9099999999999999,A
line,away,0.5047786439392803,1.87,1.91,1.0,-1.0,2024,-0.05606393583354585,0.8700000000000001,0.9099999999999999,A
line,away,0.5378891259090939,1.952,2.05,0.0,1.0,2024,0.04995957377455129,-1.0,-1.0,A
line,away,0.6046804357423055,1.91,1.952,0.0,8.0,2024,0.15493963226780338,-1.0,-1.0,A
line,away,0.43969022007003167,1.91,1.952,0.0,-6.0,2024,-0.1601916796662396,-1.0,-1.0,A
line,away,0.6178980801629674,1.91,1.75,1.0,0.0,2024,0.18018533311126772,0.9099999999999999,0.75,A
line,away,0.47304035353484297,1.91,1.952,0.0,0.0,2024,-0.09649292474844995,-1.0,-1.0,A
line,away,0.521451968952608,1.91,1.91,0.0,0.0,2024,-0.004026739300518667,-1.0,-1.0,A
line,away,0.5604376130589894,1.91,1.952,1.0,5.0,2024,0.07043584094266975,0.9099999999999999,0.952,A
line,away,0.5918242142726602,1.91,1.87,0.0,6.0,2024,0.13038424926078096,-1.0,-1.0,A
line,away,0.5198072833496183,1.91,1.87,0.0,1.0,2024,-0.007168088802228967,-1.0,-1.0,A
line,away,0.5005559839636802,1.91,1.952,0.0,-5.0,2024,-0.04393807062937094,-1.0,-1.0,A
line,away,0.45644696509155813,1.87,1.97,1.0,-8.0,2024,-0.14644417527878628,0.8700000000000001,0.97,A
line,away,0.6474599440909895,1.91,1.952,1.0,2.0,2024,0.23664849321379,0.9099999999999999,0.952,A
line,away,0.6275305958564169,1.91,1.91,0.0,9.0,2024,0.1985834380857563,-1.0,-1.0,A
line,away,0.5656082425824943,1.91,2.0,0.0,4.0,2024,0.08031174333256419,-1.0,-1.0,A
line,away,0.6666467032030621,1.91,1.952,1.0,5.0,2024,0.2732952031178486,0.9099999999999999,0.952,A
line,away,0.5011108675541799,1.91,1.91,0.0,-5.0,2024,-0.042878242971516434,-1.0,-1.0,A
line,away,0.5927584751517063,1.87,1.91,0.0,5.0,2024,0.10845834853369096,-1.0,-1.0,A
line,away,0.5496969661758191,1.91,1.952,1.0,3.0,2024,0.04992120539581446,0.9099999999999999,0.952,A
line,away,0.5537265507475156,1.91,1.91,1.0,0.0,2024,0.05761771192775478,0.9099999999999999,0.9099999999999999,A
line,away,0.5042151215686905,1.91,1.82,0.0,3.0,2024,-0.03694911780380117,-1.0,-1.0,A
line,away,0.46944536070104015,1.91,1.952,0.0,3.0,2024,-0.1033593610610134,-1.0,-1.0,A
line,away,0.5855723461809047,1.91,1.91,1.0,4.0,2024,0.11844318120552799,0.9099999999999999,0.9099999999999999,A
line,away,0.6233244579231692,1.91,1.87,0.0,4.0,2024,0.1905497146332531,-1.0,-1.0,A
line,away,0.4532632234431201,1.91,1.952,0.0,-2.0,2024,-0.1342672432236407,-1.0,-1.0,A
line,away,0.5171705927068209,1.91,1.87,1.0,-2.0,2024,-0.012204167929972143,0.9099999999999999,0.8700000000000001,A
line,away,0.524277181333341,1.952,1.952,0.0,0.0,2024,0.023389057962681647,-1.0,-1.0,A
line,away,0.4325390869579553,1.91,1.87,0.0,-8.0,2024,-0.1738503439103054,-1.0,-1.0,A
line,away,0.5110414950275177,1.91,1.82,1.0,-7.0,2024,-0.02391074449744124,0.9099999999999999,0.8200000000000001,A
line,away,0.5045361641792652,1.91,1.91,0.0,1.0,2024,-0.036335926417603526,-1.0,-1.0,A
line,away,0.5421454448047345,1.87,1.91,0.0,4.0,2024,0.013811981784853433,-1.0,-1.0,A
line,away,0.5967043533536807,1.87,1.952,1.0,12.0,2024,0.11583714077138296,0.8700000000000001,0.952,A
line,away,0.4849340270743365,1.91,1.87,1.0,0.0,2024,-0.07377600828801723,0.9099999999999999,0.8700000000000001,A
line,away,0.4137971269103793,1.91,1.91,1.0,-1.0,2024,-0.20964748760117558,0.9099999999999999,0.9099999999999999,A
line,away,0.5355590817240791,1.75,1.833,1.0,0.0,2024,-0.06277160698286166,0.75,0.833,A
line,away,0.5367647524690713,1.91,1.82,0.0,1.0,2024,0.025220677215926024,-1.0,-1.0,A
line,away,0.4621578435062117,1.91,2.0,1.0,-5.0,2024,-0.11727851890313568,0.9099999999999999,1.0,A
line,away,0.5030790875531063,1.91,1.82,0.0,1.0,2024,-0.03911894277356709,-1.0,-1.0,A
line,away,0.49571278302206645,1.91,1.91,0.0,-1.0,2024,-0.053188584427853125,-1.0,-1.0,A
line,away,0.5181951167131569,1.91,1.82,0.0,0.0,2024,-0.01024732707787035,-1.0,-1.0,A
line,away,0.5057409247398352,1.91,2.02,0.0,-3.0,2024,-0.03403483374691474,-1.0,-1.0,A
line,away,0.47575826679310895,1.87,1.91,0.0,0.0,2024,-0.11033204109688621,-1.0,-1.0,A
line,away,0.4323919036002426,1.91,1.952,1.0,1.0,2024,-0.17413146412353664,0.9099999999999999,0.952,A
line,away,0.45372112621176186,1.91,1.91,1.0,-2.0,2024,-0.13339264893553493,0.9099999999999999,0.9099999999999999,A
line,away,0.41501804402697284,1.91,1.91,0.0,-3.0,2024,-0.20731553590848195,-1.0,-1.0,A
line,away,0.4800741785899222,1.91,1.91,0.0,-4.0,2024,-0.08305831889324866,-1.0,-1.0,A
line,away,0.4977542795993861,1.91,2.0,1.0,4.0,2024,-0.04928932596517255,0.9099999999999999,1.0,A
line,away,0.5645530067803854,1.91,1.91,0.0,3.0,2024,0.07829624295053605,-1.0,-1.0,A
line,away,0.45447861183132265,1.91,1.91,1.0,-5.0,2024,-0.13194585140217374,0.9099999999999999,0.9099999999999999,A
line,away,0.5711604471928818,1.91,1.91,1.0,6.0,2024,0.09091645413840421,0.9099999999999999,0.9099999999999999,A
line,away,0.545895876951641,1.95,,1.0,,2024,0.06449696005569994,0.95,,A
line,away,0.5001053006321692,1.85,,1.0,,2024,-0.074805193830487,0.8500000000000001,,A
line,away,0.5220662524975775,1.95,,1.0,,2024,0.018029192370276226,0.95,,A
line,away,0.5025541141168856,1.95,,0.0,,2024,-0.02001947747207322,-1.0,-1.0,A
line,away,0.5517351186398541,1.85,,0.0,,2024,0.020709969483730273,-1.0,-1.0,A
line,away,0.5917787991157261,1.85,,1.0,,2024,0.09479077836409333,0.8500000000000001,,A
line,away,0.5084872590083911,1.9,,0.0,,2024,-0.03387420788405693,-1.0,-1.0,A
line,away,0.38628579496125925,1.9,,1.0,,2024,-0.26605698957360746,0.8999999999999999,,A
line,away,0.4415476543166432,1.85,,0.0,,2024,-0.18313683951421,-1.0,-1.0,A
line,away,0.4802818000778297,1.9,,1.0,,2024,-0.08746457985212353,0.8999999999999999,,A
line,away,0.5284618556356429,1.9,,1.0,,2024,0.004077525707721463,0.8999999999999999,,A
line,away,0.5944467480951832,1.9,,1.0,,2024,0.129448821380848,0.8999999999999999,,A
line,away,0.6094859012668947,1.9,,0.0,,2024,0.15802321240709993,-1.0,-1.0,A
line,away,0.6059502459553026,1.85,,1.0,,2024,0.12100795501730977,0.8500000000000001,,A
line,away,0.4965355518037615,1.85,,0.0,,2024,-0.08140922916304116,-1.0,-1.0,A
line,away,0.5565535578054361,1.9,,0.0,,2024,0.057451759830328575,-1.0,-1.0,A
line,away,0.47666688391481526,1.85,,0.0,,2024,-0.11816626475759173,-1.0,-1.0,A
line,away,0.38693911498837963,1.85,,0.0,,2024,-0.2841626372714976,-1.0,-1.0,A
line,away,0.5420129137122893,1.9,,0.0,,2024,0.02982453605334956,-1.0,-1.0,A
line,away,0.43041514636718303,2.0,,0.0,,2024,-0.13916970726563394,-1.0,-1.0,A
line,away,0.4569217920954216,1.9,,0.0,,2024,-0.13184859501869894,-1.0,-1.0,A
line,away,0.6177340910387945,1.9,,0.0,,2024,0.1736947729737095,-1.0,-1.0,A
line,away,0.4534196363053301,1.95,,0.0,,2024,-0.11583170920460628,-1.0,-1.0,A
line,away,0.5269812525322335,1.9,,1.0,,2024,0.001264379811243499,0.8999999999999999,,A
line,away,0.4633501364204837,1.9,,0.0,,2024,-0.11963474080108094,-1.0,-1.0,A
line,away,0.49425100716898673,1.85,,0.0,,2024,-0.08563563673737451,-1.0,-1.0,A
line,away,0.5687685688675873,1.95,,0.0,,2024,0.10909870929179522,-1.0,-1.0,A
line,away,0.4322973439942024,1.95,,1.0,,2024,-0.1570201792113054,0.95,,A
line,away,0.5164300274057255,1.9,,1.0,,2024,-0.018782947929121607,0.8999999999999999,,A
line,away,0.45875120444623607,1.9,,0.0,,2024,-0.12837271155215146,-1.0,-1.0,A
line,away,0.45122513167388734,1.9,,1.0,,2024,-0.14267224981961413,0.8999999999999999,,A
line,away,0.5342312307194401,1.85,,0.0,,2024,-0.011672223169035711,-1.0,-1.0,A
line,away,0.5547461405400442,1.85,,0.0,,2024,0.02628035999908196,-1.0,-1.0,A
line,away,0.43222105365169483,1.95,,1.0,,2024,-0.15716894537919512,0.95,,A
line,away,0.5066495639397892,1.95,,1.0,,2024,-0.01203335031741104,0.95,,A
line,away,0.42920656276788727,1.95,,1.0,,2024,-0.16304720260261985,0.95,,A
line,away,0.5954079198142297,1.85,,1.0,,2024,0.10150465165632494,0.8500000000000001,,A
line,away,0.5084483536073501,1.9,,0.0,,2024,-0.03394812814603487,-1.0,-1.0,A
line,away,0.48279206274973274,1.95,,1.0,,2024,-0.05855547763802116,0.95,,A
line,away,0.5550017006533198,1.95,,1.0,,2024,0.08225331627397359,0.95,,A
line,away,0.49681325479816607,1.9,,1.0,,2024,-0.05605481588348449,0.8999999999999999,,A
line,away,0.5281832915866314,1.9,,1.0,,2024,0.003548254014599461,0.8999999999999999,,A
line,away,0.47373465010830296,1.9,,0.0,,2024,-0.09990416479422437,-1.0,-1.0,A
line,away,0.37278841594952417,1.9,,0.0,,2024,-0.2917020096959041,-1.0,-1.0,A
line,away,0.4548665607307224,1.9,,1.0,,2024,-0.13575353461162742,0.8999999999999999,,A
line,away,0.5077208592655902,1.95,,1.0,,2024,-0.009944324432099139,0.95,,A
line,away,0.5026461985653811,1.9,,0.0,,2024,-0.044972222725776057,-1.0,-1.0,A
line,away,0.3195237149764374,1.9,,0.0,,2024,-0.39290494154476896,-1.0,-1.0,A
line,away,0.44849533207203207,1.9,,1.0,,2024,-0.14785886906313905,0.8999999999999999,,A
line,away,0.5010191837729725,1.9,,1.0,,2024,-0.048063550831352275,0.8999999999999999,,A
line,away,0.5087976877226474,1.8,,0.0,,2024,-0.08416416209923461,-1.0,-1.0,A
line,away,0.5563501154266471,1.9,,0.0,,2024,0.05706521931062958,-1.0,-1.0,A
line,away,0.4657976807761045,1.9,,1.0,,2024,-0.11498440652540143,0.8999999999999999,,A
line,away,0.5576968700900913,1.9,,0.0,,2024,0.05962405317117336,-1.0,-1.0,A
line,away,0.46986275040769876,1.95,,0.0,,2024,-0.08376763670498744,-1.0,-1.0,A
line,away,0.528198719024224,1.95,,0.0,,2024,0.029987502097236662,-1.0,-1.0,A
line,away,0.36900586582208805,1.85,,0.0,,2024,-0.3173391482291371,-1.0,-1.0,A
line,away,0.507824913785572,1.95,,0.0,,2024,-0.00974141811813456,-1.0,-1.0,A
line,away,0.47933327253479985,1.9,,0.0,,2024,-0.08926678218388029,-1.0,-1.0,A
line,away,0.451550134704378,1.9,,0.0,,2024,-0.14205474406168184,-1.0,-1.0,A
line,away,0.5156384929973198,1.9,,1.0,,2024,-0.02028686330509244,0.8999999999999999,,A
line,away,0.4612710168651306,1.95,,0.0,,2024,-0.10052151711299528,-1.0,-1.0,A
line,away,0.4907144769698891,1.9,,1.0,,2024,-0.06764249375721065,0.8999999999999999,,A
line,away,0.46203252261780237,1.9,,0.0,,2024,-0.1221382070261755,-1.0,-1.0,A
line,away,0.48555014909798977,1.95,,1.0,,2024,-0.05317720925892,0.95,,A
line,away,0.41025750448307174,1.9,,1.0,,2024,-0.22051074148216376,0.8999999999999999,,A
line,away,0.6105430689911293,1.9,,1.0,,2024,0.16003183108314567,0.8999999999999999,,A
line,away,0.5080666148057079,1.85,,1.0,,2024,-0.06007676260944028,0.8500000000000001,,A
line,away,0.5716228749071202,1.95,,0.0,,2024,0.11466460606888429,-1.0,-1.0,A
line,away,0.5222537877095192,1.85,,1.0,,2024,-0.03383049273738936,0.8500000000000001,,A
line,away,0.40705930511792265,1.9,,0.0,,2024,-0.22658732027594697,-1.0,-1.0,A
line,away,0.49789510722599917,2.0,,1.0,,2024,-0.0042097855480016655,1.0,,A
line,away,0.533100319031191,1.9,,0.0,,2024,0.012890606159262852,-1.0,-1.0,A
line,away,0.39379165795492066,1.9,,0.0,,2024,-0.25179584988565074,-1.0,-1.0,A
line,away,0.549072849237149,1.9,,0.0,,2024,0.04323841355058322,-1.0,-1.0,A
line,away,0.4491292633556203,1.9,,1.0,,2024,-0.14665439962432147,0.8999999999999999,,A
line,away,0.5628486005661997,1.95,,0.0,,2024,0.09755477110408939,-1.0,-1.0,A
line,away,0.5796254660668148,1.9,,0.0,,2024,0.10128838552694797,-1.0,-1.0,A
line,away,0.4693973393384222,1.95,,0.0,,2024,-0.0846751882900767,-1.0,-1.0,A
line,away,0.5385654910375142,1.85,,1.0,,2024,-0.0036538415805987823,0.8500000000000001,,A
line,away,0.547252010266547,1.85,,0.0,,2024,0.012416218993112071,-1.0,-1.0,A
line,away,0.5288758638564564,1.85,,1.0,,2024,-0.02157965186555566,0.8500000000000001,,A
line,away,0.4294227636777692,1.9,,0.0,,2024,-0.1840967490122385,-1.0,-1.0,A
line,away,0.5420722129645693,1.9,,0.0,,2024,0.02993720463268157,-1.0,-1.0,A
line,away,0.4538119241881986,1.9,,1.0,,2024,-0.13775734404242268,0.8999999999999999,,A
line,away,0.6248060149430267,1.9,,1.0,,2024,0.18713142839175068,0.8999999999999999,,A
line,away,0.46752264887400363,1.9,,1.0,,2024,-0.1117069671393931,0.8999999999999999,,A
line,away,0.552501704332981,1.9,,0.0,,2024,0.049753238232663755,-1.0,-1.0,A
line,away,0.464331924340705,1.9,,1.0,,2024,-0.11776934375266046,0.8999999999999999,,A
line,away,0.5650657025412159,1.9,,1.0,,2024,0.07362483482831017,0.8999999999999999,,A
line,away,0.4150880505816499,1.9,,1.0,,2024,-0.21133270389486525,0.8999999999999999,,A
line,away,0.5125829976901889,1.9,,0.0,,2024,-0.026092304388641185,-1.0,-1.0,A
line,away,0.5733051276565513,1.9,,1.0,,2024,0.08927974254744742,0.8999999999999999,,A
line,away,0.4017286527973859,1.9,,1.0,,2024,-0.23671555968496683,0.8999999999999999,,A
line,away,0.568807485319293,1.9,,0.0,,2024,0.0807342221066567,-1.0,-1.0,A
line,away,0.5396032804573654,1.85,,0.0,,2024,-0.001733931153873991,-1.0,-1.0,A
line,away,0.4137115511369296,1.85,,1.0,,2024,-0.23463363039668017,0.8500000000000001,,A
line,away,0.4031433421206758,1.95,,0.0,,2024,-0.21387048286468213,-1.0,-1.0,A
line,away,0.31447360509199007,1.85,,1.0,,2024,-0.4182238305798184,0.8500000000000001,,A
line,away,0.43926186033776893,1.85,,1.0,,2024,-0.18736555837512747,0.8500000000000001,,A
line,away,0.5180731472296564,1.9,,0.0,,2024,-0.015661020263653014,-1.0,-1.0,A
line,away,0.594172029455922,1.9,,1.0,,2024,0.12892685596625175,0.8999999999999999,,A
line,away,0.675656602116874,1.9,,0.0,,2024,0.2837475440220605,-1.0,-1.0,A
line,away,0.5879394574250321,1.85,,1.0,,2024,0.0876879962363093,0.8500000000000001,,A
line,away,0.43395097061385957,1.85,,1.0,,2024,-0.19719070436435981,0.8500000000000001,,A
line,away,0.6011214757975687,1.85,,1.0,,2024,0.11207473022550207,0.8500000000000001,,A
line,away,0.5334307992607438,1.95,,1.0,,2024,0.04019005855845026,0.95,,A
line,away,0.39388183852128655,1.9,,0.0,,2024,-0.2516245068095556,-1.0,-1.0,A
line,away,0.535154820874328,1.9,,1.0,,2024,0.016794159661223107,0.8999999999999999,,A
line,away,0.4979570003916032,1.9,,1.0,,2024,-0.053881699255953985,0.8999999999999999,,A
line,away,0.39268230405683957,1.85,,0.0,,2024,-0.2735377374948468,-1.0,-1.0,A
line,away,0.41083786759895513,1.9,,0.0,,2024,-0.21940805156198528,-1.0,-1.0,A
line,away,0.4471215020144057,1.95,,0.0,,2024,-0.12811307107190895,-1.0,-1.0,A
line,away,0.49531904652303727,1.85,,0.0,,2024,-0.08365976393238106,-1.0,-1.0,A
line,away,0.4894418122436246,1.95,,0.0,,2024,-0.04558846612493206,-1.0,-1.0,A
line,away,0.4685815344128561,1.9,,1.0,,2024,-0.10969508461557342,0.8999999999999999,,A
line,away,0.5545817840488471,1.9,,0.0,,2024,0.05370538969280947,-1.0,-1.0,A
line,away,0.5536085027789852,1.9,,1.0,,2024,0.051856155280071814,0.8999999999999999,,A
line,away,0.4155176164888459,1.9,,1.0,,2024,-0.21051652867119286,0.8999999999999999,,A
line,away,0.5479249489902495,1.85,,0.0,,2024,0.013661155631961464,-1.0,-1.0,A
line,away,0.4262671710269683,1.9,,0.0,,2024,-0.1900923750487602,-1.0,-1.0,A
line,away,0.496690896575558,1.95,,1.0,,2024,-0.03145275167766193,0.95,,A
line,away,0.5226393706193956,1.9,,1.0,,2024,-0.006985195823148493,0.8999999999999999,,A
line,away,0.5776405677470133,1.9,,1.0,,2024,0.09751707871932536,0.8999999999999999,,A
line,away,0.344148094676096,1.9,,1.0,,2024,-0.3461186201154177,0.8999999999999999,,A
line,away,0.4954495290530917,1.9,,1.0,,2024,-0.05864589479912585,0.8999999999999999,,A
line,away,0.38690640364038464,1.95,,0.0,,2024,-0.24553251290125,-1.0,-1.0,A
line,away,0.5129054968388378,1.9,,0.0,,2024,-0.025479556006208215,-1.0,-1.0,A
line,away,0.46201606854637567,1.9,,0.0,,2024,-0.12216946976188625,-1.0,-1.0,A
line,away,0.36398014715142035,1.9,,1.0,,2024,-0.30843772041230133,0.8999999999999999,,A
line,away,0.45720586881810044,1.95,,0.0,,2024,-0.10844855580470414,-1.0,-1.0,A
line,away,0.37618618893401223,1.9,,1.0,,2024,-0.28524624102537677,0.8999999999999999,,A
line,away,0.5817075805649198,1.85,,1.0,,2024,0.07615902404510155,0.8500000000000001,,A
line,away,0.40117839511216136,1.9,,1.0,,2024,-0.23776104928689346,0.8999999999999999,,A
line,away,0.48979742611891697,1.9,,0.0,,2024,-0.06938489037405782,-1.0,-1.0,A
line,away,0.4844948615297212,1.9,,1.0,,2024,-0.07945976309352976,0.8999999999999999,,A
line,away,0.5461017382026101,1.9,,1.0,,2024,0.037593302584959076,0.8999999999999999,,A
line,away,0.30569883070332804,1.9,,1.0,,2024,-0.41917222166367674,0.8999999999999999,,A
line,away,0.5637063739253858,1.85,,1.0,,2024,0.042856791761963775,0.8500000000000001,,A
line,away,0.456037430132993,1.9,,0.0,,2024,-0.13352888274731334,-1.0,-1.0,A
line,away,0.4453826787199401,1.9,,0.0,,2024,-0.15377291043211383,-1.0,-1.0,A
line,away,0.41519576843391814,2.0,,0.0,,2024,-0.1696084631321637,-1.0,-1.0,A
line,away,0.4745394311845996,1.9,,0.0,,2024,-0.09837508074926071,-1.0,-1.0,A
line,away,0.48652208613647774,1.9,,1.0,,2024,-0.07560803634069235,0.8999999999999999,,A
line,away,0.5111056186997874,1.9,,0.0,,2024,-0.028899324470403887,-1.0,-1.0,A
line,away,0.4360390579945592,1.9,,0.0,,2024,-0.1715257898103375,-1.0,-1.0,A
line,away,0.4499029643158655,1.8,,0.0,,2024,-0.19017466423144203,-1.0,-1.0,A
line,away,0.44433367776877275,1.95,,0.0,,2024,-0.13354932835089317,-1.0,-1.0,A
line,away,0.4378139592149748,1.9,,1.0,,2024,-0.16815347749154796,0.8999999999999999,,A
line,away,0.47795038441034865,2.0,,0.0,,2025,-0.0440992311793027,-1.0,-1.0,A
line,away,0.5596169495526544,1.8,,0.0,,2025,0.007310509194778048,-1.0,-1.0,A
line,away,0.45419592542060894,1.9,,1.0,,2025,-0.1370277417008431,0.8999999999999999,,A
line,away,0.43788127534587595,2.0,,1.0,,2025,-0.1242374493082481,1.0,,A
line,away,0.5242683250780626,1.9,,1.0,,2025,-0.0038901823516810374,0.8999999999999999,,A
line,away,0.44963719371568256,1.9,,0.0,,2025,-0.14568933194020317,-1.0,-1.0,A
line,away,0.4912829854149351,1.8,,0.0,,2025,-0.11569062625311677,-1.0,-1.0,A
line,away,0.43761438598152524,1.9,,0.0,,2025,-0.16853266663510202,-1.0,-1.0,A
line,away,0.47599191453552814,1.95,,0.0,,2025,-0.0718157666557202,-1.0,-1.0,A
line,away,0.527974651549248,1.9,,0.0,,2025,0.003151837943571323,-1.0,-1.0,A
line,away,0.38670901212264686,1.95,,1.0,,2025,-0.2459174263608387,0.95,,A
line,away,0.5753037373380787,1.9,,1.0,,2025,0.09307710094234944,0.8999999999999999,,A
line,away,0.5291830151749598,1.9,,1.0,,2025,0.005447728832423504,0.8999999999999999,,A
line,away,0.4295975086075481,1.9,,0.0,,2025,-0.1837647336456587,-1.0,-1.0,A
line,away,0.5597003108879817,1.9,,1.0,,2025,0.06343059068716506,0.8999999999999999,,A
line,away,0.4911876235527952,1.9,,0.0,,2025,-0.06674351524968913,-1.0,-1.0,A
line,away,0.4684879282008819,1.9,,1.0,,2025,-0.10987293641832441,0.8999999999999999,,A
line,away,0.4461284277303543,1.85,,0.0,,2025,-0.17466240869884442,-1.0,-1.0,A
line,away,0.4838667637820008,1.9,,1.0,,2025,-0.0806531488141986,0.8999999999999999,,A
line,away,0.5110278846141009,1.9,,0.0,,2025,-0.029047019233208404,-1.0,-1.0,A
line,away,0.5623930944926969,1.9,,1.0,,2025,0.06854687953612415,0.8999999999999999,,A
line,away,0.5418581737298925,2.0,,0.0,,2025,0.08371634745978507,-1.0,-1.0,A
line,away,0.5620534650967998,1.9,,1.0,,2025,0.06790158368391941,0.8999999999999999,,A
line,away,0.5353198982123362,1.95,,0.0,,2025,0.0438738015140554,-1.0,-1.0,A
line,away,0.3933379869089628,1.9,,0.0,,2025,-0.2526578248729707,-1.0,-1.0,A
line,away,0.5408685274879905,1.9,,1.0,,2025,0.02765020222718184,0.8999999999999999,,A
line,away,0.4564238968418133,1.85,,0.0,,2025,-0.15561579084264543,-1.0,-1.0,A
line,away,0.5028238814596429,1.9,,0.0,,2025,-0.044634625226678604,-1.0,-1.0,A
line,away,0.5182218057174198,1.8,,0.0,,2025,-0.06720074970864431,-1.0,-1.0,A
line,away,0.5391156521661611,1.9,,1.0,,2025,0.02431973911570595,0.8999999999999999,,A
line,away,0.433967643612991,1.9,,1.0,,2025,-0.17546147713531712,0.8999999999999999,,A
line,away,0.47947351317832265,1.9,,1.0,,2025,-0.08900032496118704,0.8999999999999999,,A
line,away,0.5207400481113764,1.9,,0.0,,2025,-0.010593908588384826,-1.0,-1.0,A
line,away,0.5701168672603416,1.9,,1.0,,2025,0.08322204779464903,0.8999999999999999,,A
line,away,0.4565942793290195,1.95,,0.0,,2025,-0.1096411553084119,-1.0,-1.0,A
line,away,0.5432840446836361,1.9,,0.0,,2025,0.032239684898908605,-1.0,-1.0,A
line,away,0.42895524137525864,1.9,,1.0,,2025,-0.18498504138700866,0.8999999999999999,,A
line,away,0.5525945852966783,1.85,,0.0,,2025,0.02229998279885481,-1.0,-1.0,A
line,away,0.42514887013549474,1.9,,1.0,,2025,-0.19221714674256007,0.8999999999999999,,A
line,away,0.47745115006630623,1.9,,0.0,,2025,-0.09284281487401824,-1.0,-1.0,A
line,away,0.4416285423668641,1.9,,0.0,,2025,-0.1609057695029582,-1.0,-1.0,A
line,away,0.4960763143166639,1.9,,0.0,,2025,-0.057455002798338706,-1.0,-1.0,A
line,away,0.5206101306991333,1.9,,1.0,,2025,-0.010840751671646776,0.8999999999999999,,A
line,away,0.4930027928863082,1.9,,0.0,,2025,-0.06329469351601447,-1.0,-1.0,A
line,away,0.48214041568372445,2.0,,1.0,,2025,-0.03571916863255109,1.0,,A
line,away,0.4618841961545853,1.9,,1.0,,2025,-0.12242002730628798,0.8999999999999999,,A
line,away,0.5146769589528899,1.9,,0.0,,2025,-0.022113777989509198,-1.0,-1.0,A
line,away,0.5070371940339459,1.95,,1.0,,2025,-0.011277471633805547,0.95,,A
line,away,0.49899009293824226,1.95,,1.0,,2025,-0.02696931877042763,0.95,,A
line,away,0.456307937869195,1.95,,0.0,,2025,-0.11019952115506981,-1.0,-1.0,A
line,away,0.42034420176912857,1.9,,0.0,,2025,-0.2013460166386558,-1.0,-1.0,A
line,away,0.437191206233027,1.95,,0.0,,2025,-0.1474771478455974,-1.0,-1.0,A
line,away,0.4432235342747387,1.9,,1.0,,2025,-0.1578752848779965,0.8999999999999999,,A
line,away,0.5034358419546205,1.9,,1.0,,2025,-0.043471900286221055,0.8999999999999999,,A
line,away,0.4673242467088061,1.9,,1.0,,2025,-0.11208393125326843,0.8999999999999999,,A
line,away,0.47612389120102994,1.95,,1.0,,2025,-0.07155841215799164,0.95,,A
line,away,0.5905353596277741,1.9,,0.0,,2025,0.12201718329277078,-1.0,-1.0,A
line,away,0.5515686098072934,1.8,,0.0,,2025,-0.007176502346871838,-1.0,-1.0,A
line,away,0.5975678651758853,1.95,,0.0,,2025,0.1652573370929764,-1.0,-1.0,A
line,away,0.5470058164357661,1.85,,1.0,,2025,0.011960760406167337,0.8500000000000001,,A
line,away,0.4640368596951133,1.9,,0.0,,2025,-0.11832996657928474,-1.0,-1.0,A
line,away,0.5203879359827643,1.9,,1.0,,2025,-0.01126292163274778,0.8999999999999999,,A
line,away,0.48682577769538204,1.9,,0.0,,2025,-0.07503102237877413,-1.0,-1.0,A
line,away,0.5113902506757221,1.9,,0.0,,2025,-0.028358523716128126,-1.0,-1.0,A
line,away,0.42775405564589863,1.95,,0.0,,2025,-0.1658795914904977,-1.0,-1.0,A
line,away,0.48532057969994313,1.85,,0.0,,2025,-0.10215692755510519,-1.0,-1.0,A
line,away,0.5205613199876544,1.85,,1.0,,2025,-0.03696155802283929,0.8500000000000001,,A
line,away,0.5026749543394285,1.9,,0.0,,2025,-0.04491758675508584,-1.0,-1.0,A
line,away,0.5289624562212588,1.85,,0.0,,2025,-0.021419455990671188,-1.0,-1.0,A
line,away,0.5476579626441496,1.9,,1.0,,2025,0.04055012902388411,0.8999999999999999,,A
line,away,0.4942776263340124,1.9,,0.0,,2025,-0.06087250996537652,-1.0,-1.0,A
line,away,0.5180021170469158,1.95,,1.0,,2025,0.010104128241485766,0.95,,A
line,away,0.5407123871914634,1.9,,1.0,,2025,0.027353535663780404,0.8999999999999999,,A
line,away,0.3759804900642948,1.95,,1.0,,2025,-0.2668380443746252,0.95,,A
line,away,0.42798930221071907,1.9,,0.0,,2025,-0.1868203257996338,-1.0,-1.0,A
line,away,0.48508136132919877,1.95,,1.0,,2025,-0.054091345408062375,0.95,,A
line,away,0.4882406689791339,1.95,,0.0,,2025,-0.04793069549068896,-1.0,-1.0,A
line,away,0.5250729887884332,1.9,,0.0,,2025,-0.0023613213019769708,-1.0,-1.0,A
line,away,0.5134352385656974,1.9,,1.0,,2025,-0.02447304672517503,0.8999999999999999,,A
line,away,0.40991902757435783,1.9,,1.0,,2025,-0.22115384760872014,0.8999999999999999,,A
line,away,0.48704143527921684,1.85,,1.0,,2025,-0.09897334473344876,0.8500000000000001,,A
line,away,0.485627649243932,1.95,,1.0,,2025,-0.053026083974332616,0.95,,A
line,away,0.5340228335323787,1.85,,1.0,,2025,-0.012057757965099447,0.8500000000000001,,A
line,away,0.4833121818913887,1.85,,0.0,,2025,-0.10587246350093082,-1.0,-1.0,A
line,away,0.533564851690548,1.9,,1.0,,2025,0.013773218212041138,0.8999999999999999,,A
line,away,0.4542498854339796,1.85,,0.0,,2025,-0.15963771194713772,-1.0,-1.0,A
line,away,0.5285875671469058,2.0,,1.0,,2025,0.0571751342938116,1.0,,A
line,away,0.5187231632982858,1.9,,1.0,,2025,-0.014425989733256928,0.8999999999999999,,A
line,away,0.5364489324229952,1.9,,0.0,,2025,0.019252971603690883,-1.0,-1.0,A
line,away,0.5632048474227609,1.9,,1.0,,2025,0.07008921010324554,0.8999999999999999,,A
line,away,0.49700721681859306,1.9,,0.0,,2025,-0.05568628804467324,-1.0,-1.0,A
line,away,0.48498335002048776,1.9,,1.0,,2025,-0.0785316349610733,0.8999999999999999,,A
line,away,0.5643196303635446,1.9,,0.0,,2025,0.07220729769073464,-1.0,-1.0,A
line,away,0.5541569606758971,1.9,,1.0,,2025,0.052898225284204514,0.8999999999999999,,A
line,away,0.5118822959557194,1.95,,1.0,,2025,-0.0018295228863470792,0.95,,A
line,away,0.47776337192006524,1.85,,0.0,,2025,-0.11613776194787928,-1.0,-1.0,A
line,away,0.47438220312759727,1.9,,1.0,,2025,-0.09867381405756526,0.8999999999999999,,A
line,away,0.49782339332984293,1.85,,0.0,,2025,-0.07902672233979058,-1.0,-1.0,A
line,away,0.4427887042509723,1.9,,1.0,,2025,-0.1587014619231527,0.8999999999999999,,A
line,away,0.5272653675256249,1.85,,0.0,,2025,-0.024559070077593836,-1.0,-1.0,A
line,away,0.46351938795513703,1.85,,0.0,,2025,-0.14248913228299642,-1.0,-1.0,A
line,away,0.491410666303015,1.9,,0.0,,2025,-0.06631973402427149,-1.0,-1.0,A
line,away,0.5134815182432313,1.95,,1.0,,2025,0.0012889605743009458,0.95,,A
line,away,0.4782910431548486,1.9,,0.0,,2025,-0.09124701800578772,-1.0,-1.0,A
line,away,0.49264646095259756,1.95,,0.0,,2025,-0.03933940114243473,-1.0,-1.0,A
line,away,0.4723872144153677,1.95,,0.0,,2025,-0.07884493189003305,-1.0,-1.0,A
line,away,0.4614760853919636,1.9,,0.0,,2025,-0.1231954377552692,-1.0,-1.0,A
line,away,0.5296477282383056,1.9,,0.0,,2025,0.0063306836527805554,-1.0,-1.0,A
line,away,0.5386825889023552,1.9,,0.0,,2025,0.023496918914474918,-1.0,-1.0,A
line,away,0.43902389213293913,1.9,,0.0,,2025,-0.16585460494741566,-1.0,-1.0,A
line,away,0.5220029509339658,1.9,,1.0,,2025,-0.008194393225465113,0.8999999999999999,,A
line,away,0.4775354981943295,1.85,,0.0,,2025,-0.11655932834049043,-1.0,-1.0,A
line,away,0.49329705717090355,1.9,,0.0,,2025,-0.06273559137528328,-1.0,-1.0,A
line,away,0.5064279064115376,1.9,,1.0,,2025,-0.037786977818078715,0.8999999999999999,,A
line,away,0.483452601962164,1.85,,1.0,,2025,-0.10561268636999654,0.8500000000000001,,A
line,away,0.5889073754574486,1.85,,0.0,,2025,0.08947864459628008,-1.0,-1.0,A
line,away,0.4804371440768711,1.9,,0.0,,2025,-0.08716942625394497,-1.0,-1.0,A
line,away,0.406663564255196,1.9,,0.0,,2025,-0.22733922791512762,-1.0,-1.0,A
line,away,0.42364209737171277,1.95,,0.0,,2025,-0.1738979101251601,-1.0,-1.0,A
line,away,0.5042706922563642,1.95,,0.0,,2025,-0.016672150100089822,-1.0,-1.0,A
line,away,0.49948720226652654,1.95,,0.0,,2025,-0.025999955580273237,-1.0,-1.0,A
line,away,0.44624148194447044,1.85,,0.0,,2025,-0.17445325840272963,-1.0,-1.0,A
line,away,0.5078541603010998,1.95,,0.0,,2025,-0.009684387412855489,-1.0,-1.0,A
line,away,0.5179086027414285,1.9,,0.0,,2025,-0.015973654791285985,-1.0,-1.0,A
line,away,0.4149259318813472,1.9,,0.0,,2025,-0.21164072942544043,-1.0,-1.0,A
line,away,0.4477436884961946,1.9,,0.0,,2025,-0.14928699185723027,-1.0,-1.0,A
line,away,0.5150610071770529,1.9,,1.0,,2025,-0.021384086363599453,0.8999999999999999,,A
line,away,0.4758074659231126,1.95,,1.0,,2025,-0.07217544144993038,0.95,,A
line,away,0.4883040129354548,1.9,,1.0,,2025,-0.07222237542263599,0.8999999999999999,,A
line,away,0.4608791186505864,1.8,,0.0,,2025,-0.17041758642894445,-1.0,-1.0,A
line,away,0.5033440923550057,1.9,,1.0,,2025,-0.043646224525489274,0.8999999999999999,,A
line,away,0.48174927628967545,1.95,,0.0,,2025,-0.06058891123513288,-1.0,-1.0,A
line,away,0.518902945844187,1.9,,0.0,,2025,-0.014084402896044845,-1.0,-1.0,A
line,away,0.41956296335550114,1.95,,1.0,,2025,-0.18185222145677282,0.95,,A
line,away,0.5214517889064949,1.9,,1.0,,2025,-0.0092416010776597,0.8999999999999999,,A
line,away,0.5581864528415363,1.9,,0.0,,2025,0.06055426039891909,-1.0,-1.0,A
line,away,0.4952665512111627,1.9,,0.0,,2025,-0.05899355269879092,-1.0,-1.0,A
line,away,0.47861806212001656,1.9,,1.0,,2025,-0.09062568197196852,0.8999999999999999,,A
line,away,0.5555659249772422,1.9,,1.0,,2025,0.05557525745676006,0.8999999999999999,,A
line,away,0.5073679888397322,1.9,,0.0,,2025,-0.03600082120450887,-1.0,-1.0,A
line,away,0.49532537599238113,1.85,,0.0,,2025,-0.08364805441409484,-1.0,-1.0,A
line,away,0.42755612457322756,1.9,,0.0,,2025,-0.18764336331086773,-1.0,-1.0,A
line,away,0.4374758535033053,1.95,,0.0,,2025,-0.1469220856685547,-1.0,-1.0,A
line,away,0.42224120912235397,1.9,,1.0,,2025,-0.19774170266752755,0.8999999999999999,,A
line,away,0.4334024479227345,1.9,,1.0,,2025,-0.17653534894680445,0.8999999999999999,,A
line,away,0.41263597511078,1.9,,1.0,,2025,-0.21599164728951803,0.8999999999999999,,A
line,away,0.5349834773109602,1.9,,0.0,,2025,0.01646860689082441,-1.0,-1.0,A
line,away,0.5604727611531545,2.0,,0.0,,2025,0.12094552230630895,-1.0,-1.0,A
line,away,0.5695394882852056,1.9,,0.0,,2025,0.08212502774189057,-1.0,-1.0,A
line,away,0.4678130502911053,1.9,,1.0,,2025,-0.11115520444689997,0.8999999999999999,,A
line,away,0.3905954744990615,1.95,,1.0,,2025,-0.2383388247268301,0.95,,A
line,away,0.4006552130061012,1.9,,0.0,,2025,-0.23875509528840777,-1.0,-1.0,A
line,away,0.5170468573642268,1.85,,0.0,,2025,-0.0434633138761803,-1.0,-1.0,A
line,away,0.4836613228216452,1.9,,0.0,,2025,-0.08104348663887417,-1.0,-1.0,A
line,away,0.46526540124430915,2.0,,0.0,,2025,-0.0694691975113817,-1.0,-1.0,A
line,away,0.5398659918704476,1.95,,0.0,,2025,0.052738684147372705,-1.0,-1.0,A
line,away,0.536226530678838,1.85,,1.0,,2025,-0.007980918244149704,0.8500000000000001,,A
line,away,0.5742431473817905,1.9,,0.0,,2025,0.091061980025402,-1.0,-1.0,A
line,away,0.5801641690244176,1.95,,0.0,,2025,0.1313201295976143,-1.0,-1.0,A
line,away,0.5852036417073806,1.95,,0.0,,2025,0.14114710132939212,-1.0,-1.0,A
line,away,0.5175611146285248,1.85,,1.0,,2025,-0.04251193793722896,0.8500000000000001,,A
line,away,0.6049331865173723,1.9,,0.0,,2025,0.1493730543830072,-1.0,-1.0,A
line,away,0.4134767681599746,1.95,,0.0,,2025,-0.19372030208804958,-1.0,-1.0,A
line,away,0.4328631647518567,1.95,,0.0,,2025,-0.15591682873387946,-1.0,-1.0,A
line,away,0.5670401105515153,1.9,,1.0,,2025,0.07737621004787898,0.8999999999999999,,A
line,away,0.43591276583441396,1.9,,0.0,,2025,-0.1717657449146135,-1.0,-1.0,A
line,away,0.5241214088187477,1.85,,0.0,,2025,-0.03037539368531672,-1.0,-1.0,A
line,away,0.4852878992457108,1.9,,1.0,,2025,-0.07795299143314949,0.8999999999999999,,A
line,away,0.4967469109462602,1.85,,0.0,,2025,-0.0810182147494185,-1.0,-1.0,A
line,away,0.5253440806744007,1.9,,1.0,,2025,-0.0018462467186386444,0.8999999999999999,,A
line,away,0.511508361377245,1.95,,1.0,,2025,-0.002558695314372361,0.95,,A
line,away,0.4549006867165277,1.9,,1.0,,2025,-0.1356886952385974,0.8999999999999999,,A
line,away,0.4844403570442045,1.9,,1.0,,2025,-0.07956332161601143,0.8999999999999999,,A
line,away,0.4784418655497297,1.9,,0.0,,2025,-0.09096045545551368,-1.0,-1.0,A
line,away,0.4646658869517184,1.9,,0.0,,2025,-0.11713481479173504,-1.0,-1.0,A
line,away,0.45283581513708704,1.9,,0.0,,2025,-0.13961195123953463,-1.0,-1.0,A
line,away,0.5105362309342187,1.9,,0.0,,2025,-0.0299811612249844,-1.0,-1.0,A
line,away,0.5155938640300515,1.9,,0.0,,2025,-0.02037165834290222,-1.0,-1.0,A
line,away,0.4531767430397038,1.9,,0.0,,2025,-0.1389641882245628,-1.0,-1.0,A
line,away,0.5345787588399116,1.9,,0.0,,2025,0.015699641795831942,-1.0,-1.0,A
line,away,0.4954118966303934,1.9,,1.0,,2025,-0.058717396402252486,0.8999999999999999,,A
line,away,0.510349540114805,1.9,,1.0,,2025,-0.030335873781870415,0.8999999999999999,,A
line,away,0.47867284989740744,1.95,,0.0,,2025,-0.06658794270005552,-1.0,-1.0,A
line,away,0.6185230324441486,1.9,,1.0,,2025,0.17519376164388234,0.8999999999999999,,A
line,away,0.5663094886998026,1.9,,0.0,,2025,0.07598802852962483,-1.0,-1.0,A
line,away,0.4891179883381346,1.85,,1.0,,2025,-0.09513172157445093,0.8500000000000001,,A
line,away,0.5423043738125686,1.9,,1.0,,2025,0.030378310243880158,0.8999999999999999,,A
line,away,0.1663058737132157,1.9,,0.0,,2025,-0.6840188399448901,-1.0,-1.0,A
line,away,0.4412843995013431,1.9,,1.0,,2025,-0.16155964094744812,0.8999999999999999,,A
line,away,0.5998623917472307,1.9,,1.0,,2025,0.1397385443197383,0.8999999999999999,,A
line,away,0.4496456019273338,1.9,,0.0,,2025,-0.14567335633806577,-1.0,-1.0,A
line,away,0.5409682325057761,1.95,,1.0,,2025,0.054888053386263236,0.95,,A
line,away,0.5106170924150075,1.9,,1.0,,2025,-0.02982752441148573,0.8999999999999999,,A
line,away,0.37198702523703897,1.9,,0.0,,2025,-0.293224652049626,-1.0,-1.0,A
line,away,0.4354836530492068,1.95,,0.0,,2025,-0.1508068765540468,-1.0,-1.0,A
line,away,0.5409569383843014,1.95,,0.0,,2025,0.05486602984938771,-1.0,-1.0,A
line,away,0.4916736673205021,1.9,,1.0,,2025,-0.06582003209104603,0.8999999999999999,,A
line,away,0.3937491304086267,1.9,,0.0,,2025,-0.25187665222360933,-1.0,-1.0,A
line,away,0.6294741765342269,1.9,,1.0,,2025,0.19600093541503094,0.8999999999999999,,A
line,away,0.47784583651939416,1.95,,0.0,,2025,-0.06820061878718142,-1.0,-1.0,A
line,away,0.46432836873923533,1.9,,1.0,,2025,-0.11777609939545286,0.8999999999999999,,A
line,away,0.42880597364369,1.9,,0.0,,2025,-0.185268650076989,-1.0,-1.0,A
line,away,0.43740502043245777,1.9,,0.0,,2025,-0.16893046117833033,-1.0,-1.0,A
line,away,0.4450514362331289,1.9,,0.0,,2025,-0.15440227115705507,-1.0,-1.0,A
line,away,0.5408174490447355,1.9,,1.0,,2025,0.027553153184997292,0.8999999999999999,,A
line,away,0.50460646141092,1.9,,0.0,,2025,-0.04124772331925197,-1.0,-1.0,A
line,away,0.45109911621050125,1.85,,1.0,,2025,-0.16546663501057268,0.8500000000000001,,A
line,away,0.5272973663975691,1.9,,1.0,,2025,0.00186499615538116,0.8999999999999999,,A
line,away,0.5761889108807602,1.85,,1.0,,2025,0.06594948512940646,0.8500000000000001,,A
line,away,0.4947950104602763,1.85,,0.0,,2025,-0.08462923064848882,-1.0,-1.0,A
line,away,0.6370613331979871,1.8,,0.0,,2025,0.14671039975637679,-1.0,-1.0,A
line,away,0.4094039189440374,1.85,1.85,1.0,0.0,2025,-0.24260274995353082,0.8500000000000001,0.8500000000000001,A
total,over,0.5860601023368086,1.91,1.87,0.0,0.0,2023,0.11937479546330443,-1.0,-1.0,A
total,over,0.5425772530551518,1.91,1.952,0.0,0.0,2023,0.03632255333533996,-1.0,-1.0,A
total,over,0.572220618690213,1.91,1.91,0.0,0.0,2023,0.0929413816983069,-1.0,-1.0,A
total,over,0.5212727634194615,1.91,1.85,0.0,0.0,2023,-0.004369021868828593,-1.0,-1.0,A
total,over,0.5393184632729607,1.91,1.93,0.0,0.0,2023,0.030098264851355028,-1.0,-1.0,A
total,over,0.5357444755684602,1.91,1.91,1.0,-2.0,2023,0.023271948335758852,0.9099999999999999,0.9099999999999999,A
total,over,0.44654470229120047,1.91,1.85,0.0,-1.0,2023,-0.14709961862380716,-1.0,-1.0,A
total,over,0.6104847495697829,1.91,1.91,0.0,0.0,2023,0.16602587167828542,-1.0,-1.0,A
total,over,0.5742809469053289,1.91,1.952,1.0,0.0,2023,0.09687660858917813,0.9099999999999999,0.952,A
total,over,0.5638883628807816,1.85,1.93,1.0,-1.0,2023,0.043193471329445954,0.8500000000000001,0.9299999999999999,A
total,over,0.5031607745667359,1.91,1.91,0.0,1.0,2023,-0.03896292057753448,-1.0,-1.0,A
total,over,0.5879368944958129,1.87,1.91,0.0,0.0,2023,0.09944199270717013,-1.0,-1.0,A
total,over,0.5291929516938744,1.91,1.91,0.0,0.0,2023,0.010758537735300111,-1.0,-1.0,A
total,over,0.5694563892869384,1.91,1.87,1.0,-2.0,2023,0.08766170353805225,0.9099999999999999,0.8700000000000001,A
total,over,0.578408876541649,1.91,1.93,1.0,2.0,2023,0.10476095419454956,0.9099999999999999,0.9299999999999999,A
total,over,0.6084191036104539,1.91,1.87,0.0,2.0,2023,0.16208048789596696,-1.0,-1.0,A
total,over,0.5484164813716766,1.91,1.91,1.0,0.0,2023,0.04747547941990238,0.9099999999999999,0.9099999999999999,A
total,over,0.5395762736634081,1.91,1.91,0.0,1.0,2023,0.030590682697109406,-1.0,-1.0,A
total,over,0.5501708444514208,1.91,1.91,1.0,1.0,2023,0.05082631290221373,0.9099999999999999,0.9099999999999999,A
total,over,0.5439187138657574,1.91,1.85,1.0,1.0,2023,0.03888474348359661,0.9099999999999999,0.8500000000000001,A
total,over,0.5510475167454073,1.91,1.85,1.0,1.0,2023,0.052500756983727914,0.9099999999999999,0.8500000000000001,A
total,over,0.5927160743168549,1.91,1.91,0.0,0.0,2023,0.13208770194519293,-1.0,-1.0,A
total,over,0.5146765802274439,1.91,1.91,0.0,0.0,2023,-0.016967731765582195,-1.0,-1.0,A
total,over,0.5429012318764495,1.91,1.952,0.0,1.0,2023,0.03694135288401834,-1.0,-1.0,A
total,over,0.5251220544140635,1.91,1.87,0.0,0.0,2023,0.002983123930861087,-1.0,-1.0,A
total,over,0.5217057238746887,1.91,1.91,0.0,1.0,2023,-0.003542067399344595,-1.0,-1.0,A
total,over,0.5274419932829769,1.91,1.97,0.0,0.0,2023,0.007414207170485909,-1.0,-1.0,A
total,over,0.5466855486557484,1.91,1.85,1.0,0.0,2023,0.044169397932479315,0.9099999999999999,0.8500000000000001,A
total,over,0.6195655624417991,1.85,1.91,1.0,2.0,2023,0.1461962905173284,0.8500000000000001,0.9099999999999999,A
total,over,0.5278854387950558,1.91,1.91,1.0,-2.0,2023,0.008261188098556582,0.9099999999999999,0.9099999999999999,A
total,over,0.5496110388102259,1.91,1.91,0.0,-1.0,2023,0.04975708412753144,-1.0,-1.0,A
total,over,0.5055019387328803,1.91,1.91,1.0,0.0,2023,-0.03449129702019871,0.9099999999999999,0.9099999999999999,A
total,over,0.5388993529262761,1.91,1.91,1.0,0.0,2023,0.029297764089187384,0.9099999999999999,0.9099999999999999,A
total,over,0.5697176409550021,1.91,1.91,0.0,-1.0,2023,0.08816069422405404,-1.0,-1.0,A
total,over,0.6220599524364406,1.91,1.91,0.0,0.0,2023,0.18813450915360153,-1.0,-1.0,A
total,over,0.488226743600809,2.0,1.87,1.0,-2.0,2023,-0.023546512798382047,1.0,0.8700000000000001,A
total,over,0.5248696989267282,2.0,1.82,1.0,0.0,2023,0.04973939785345638,1.0,0.8200000000000001,A
total,over,0.54381824171848,1.91,1.87,1.0,1.0,2023,0.03869284168229692,0.9099999999999999,0.8700000000000001,A
total,over,0.48906140135773823,1.91,1.87,0.0,0.0,2023,-0.06589272340672003,-1.0,-1.0,A
total,over,0.5188982858626018,1.85,1.85,0.0,2.0,2023,-0.04003817115418662,-1.0,-1.0,A
total,over,0.5461478755627243,1.91,1.91,1.0,2.0,2023,0.04314244232480324,0.9099999999999999,0.9099999999999999,A
total,over,0.5093080575086094,1.91,1.91,1.0,2.0,2023,-0.027221610158556064,0.9099999999999999,0.9099999999999999,A
total,over,0.4956645083868518,1.91,1.91,1.0,2.0,2023,-0.0532807889811131,0.9099999999999999,0.9099999999999999,A
total,over,0.595618336381772,1.91,1.952,0.0,3.0,2023,0.13763102248918435,-1.0,-1.0,A
total,over,0.5305726476673394,1.91,1.82,0.0,1.0,2023,0.013393757044618093,-1.0,-1.0,A
total,over,0.5763811393508287,1.91,1.91,0.0,2.0,2023,0.10088797616008272,-1.0,-1.0,A
total,over,0.5085876650778564,1.91,1.91,0.0,0.0,2023,-0.028597559701294406,-1.0,-1.0,A
total,over,0.5336395648136085,1.91,1.87,1.0,3.0,2023,0.019251568793992258,0.9099999999999999,0.8700000000000001,A
total,over,0.5452825712388562,1.91,1.91,0.0,0.0,2023,0.04148971106621513,-1.0,-1.0,A
total,over,0.539741377234841,1.91,1.91,0.0,2.0,2023,0.030906030518546235,-1.0,-1.0,A
total,over,0.5861938011917945,1.91,1.93,0.0,-2.0,2023,0.11963016027632745,-1.0,-1.0,A
total,over,0.5446379387675075,1.91,1.82,0.0,0.0,2023,0.040258463045939274,-1.0,-1.0,A
total,over,0.5656834805891146,1.91,1.91,1.0,1.0,2023,0.08045544792520865,0.9099999999999999,0.9099999999999999,A
total,over,0.5718707054884484,1.91,1.87,0.0,1.0,2023,0.09227304748293652,-1.0,-1.0,A
total,over,0.5471559810522395,1.91,1.87,1.0,3.0,2023,0.04506792380977731,0.9099999999999999,0.8700000000000001,A
total,over,0.5389416120599942,1.91,1.87,0.0,1.0,2023,0.02937847903458901,-1.0,-1.0,A
total,over,0.5540828501954154,1.91,1.952,1.0,1.0,2023,0.05829824387324334,0.9099999999999999,0.952,A
total,over,0.5096758755584557,1.91,2.0,1.0,0.0,2023,-0.0265190776833496,0.9099999999999999,1.0,A
total,over,0.5745157965395004,1.91,1.91,1.0,2.0,2023,0.09732517139044572,0.9099999999999999,0.9099999999999999,A
total,over,0.5792045423578636,1.91,1.91,1.0,2.0,2023,0.1062806759035193,0.9099999999999999,0.9099999999999999,A
total,over,0.5431749562833874,1.91,1.91,0.0,0.0,2023,0.037464166501269824,-1.0,-1.0,A
total,over,0.5277380702439286,1.91,1.93,1.0,0.0,2023,0.007979714165903484,0.9099999999999999,0.9299999999999999,A
total,over,0.4345074431548613,1.91,1.952,0.0,-3.0,2023,-0.17009078357421503,-1.0,-1.0,A
total,over,0.4035411363501053,1.91,1.91,0.0,-4.0,2023,-0.22923642957129886,-1.0,-1.0,A
total,over,0.5491537782912856,1.91,1.91,0.0,-2.0,2023,0.04888371653635559,-1.0,-1.0,A
total,over,0.5914554213233401,1.91,1.82,0.0,1.0,2023,0.12967985472757948,-1.0,-1.0,A
total,over,0.5612767252404298,1.91,1.91,1.0,0.0,2023,0.07203854520922093,0.9099999999999999,0.9099999999999999,A
total,over,0.521868195066034,1.91,1.87,0.0,2.0,2023,-0.0032317474238751087,-1.0,-1.0,A
total,over,0.5436878380703408,1.91,1.87,0.0,2.0,2023,0.03844377071435101,-1.0,-1.0,A
total,over,0.5923344408252014,1.91,1.82,1.0,5.0,2023,0.1313587819761346,0.9099999999999999,0.8200000000000001,A
total,over,0.5381159554851255,1.91,1.91,0.0,0.0,2023,0.02780147497658958,-1.0,-1.0,A
total,over,0.5310689020090333,1.91,1.87,0.0,3.0,2023,0.014341602837253609,-1.0,-1.0,A
total,over,0.37208179048183554,1.91,1.85,0.0,-1.0,2023,-0.2893237801796942,-1.0,-1.0,A
total,over,0.526838452903746,1.91,1.91,1.0,-3.0,2023,0.00626144504615489,0.9099999999999999,0.9099999999999999,A
total,over,0.5587658866169927,1.91,1.87,0.0,-1.0,2023,0.06724284343845599,-1.0,-1.0,A
total,over,0.5519527880229479,1.91,1.87,0.0,0.0,2023,0.054229825123830455,-1.0,-1.0,A
total,over,0.5285571135470315,1.91,1.91,1.0,-2.0,2023,0.009544086874830215,0.9099999999999999,0.9099999999999999,A
total,over,0.43580061620629446,1.91,1.82,0.0,0.0,2023,-0.16762082304597758,-1.0,-1.0,A
total,over,0.5380370605026349,1.91,1.82,1.0,0.0,2023,0.02765078556003253,0.9099999999999999,0.8200000000000001,A
total,over,0.583713757452027,1.91,1.91,1.0,2.0,2023,0.11489327673337146,0.9099999999999999,0.9099999999999999,A
total,over,0.5238612036993312,1.91,1.91,1.0,2.0,2023,0.0005748990657226116,0.9099999999999999,0.9099999999999999,A
total,over,0.5098787925005588,1.91,1.91,0.0,0.0,2023,-0.026131506323932796,-1.0,-1.0,A
total,over,0.5780810632935218,1.91,1.85,0.0,0.0,2023,0.1041348308906267,-1.0,-1.0,A
total,over,0.5610160820873986,1.91,1.85,1.0,0.0,2023,0.0715407167869313,0.9099999999999999,0.8500000000000001,A
total,over,0.5061003346078058,1.91,1.91,1.0,0.0,2023,-0.03334836089909099,0.9099999999999999,0.9099999999999999,A
total,over,0.4798766277690564,1.91,1.91,0.0,1.0,2023,-0.08343564096110234,-1.0,-1.0,A
total,over,0.4713592123626116,1.91,1.952,1.0,-1.0,2023,-0.09970390438741195,0.9099999999999999,0.952,A
total,over,0.5625359158703114,1.91,1.91,0.0,0.0,2023,0.07444359931229472,-1.0,-1.0,A
total,over,0.5298707697380349,1.91,1.85,0.0,2.0,2023,0.01205317019964669,-1.0,-1.0,A
total,over,0.5109537401365289,1.91,1.91,1.0,0.0,2023,-0.024078356339229723,0.9099999999999999,0.9099999999999999,A
total,over,0.5735801321911571,1.91,1.85,0.0,0.0,2023,0.09553805248510994,-1.0,-1.0,A
total,over,0.5479718478899465,1.91,1.85,0.0,0.0,2023,0.046626229469797664,-1.0,-1.0,A
total,over,0.546397156279226,1.91,1.91,1.0,1.0,2023,0.043618568493321686,0.9099999999999999,0.9099999999999999,A
total,over,0.5887237561162203,1.91,1.952,1.0,0.0,2023,0.1244623741819808,0.9099999999999999,0.952,A
total,over,0.5510489551995302,1.91,1.85,1.0,1.0,2023,0.05250350443110263,0.9099999999999999,0.8500000000000001,A
total,over,0.6001648201827746,1.91,1.91,0.0,0.0,2023,0.14631480654909956,-1.0,-1.0,A
total,over,0.5491878130601429,1.91,1.91,0.0,1.0,2023,0.04894872294487285,-1.0,-1.0,A
total,over,0.502461082448659,1.91,1.91,1.0,1.0,2023,-0.040299332523061504,0.9099999999999999,0.9099999999999999,A
total,over,0.5777552263557517,1.91,1.91,0.0,0.0,2023,0.10351248233948573,-1.0,-1.0,A
total,over,0.5270623255746906,1.91,1.91,1.0,-1.0,2023,0.006689041847658839,0.9099999999999999,0.9099999999999999,A
total,over,0.5561827986610516,1.91,1.91,1.0,0.0,2023,0.06230914544260857,0.9099999999999999,0.9099999999999999,A
total,over,0.5123344875313898,1.91,1.82,1.0,-1.0,2023,-0.021441128815045563,0.9099999999999999,0.8200000000000001,A
total,over,0.5103961895459085,1.91,1.93,0.0,0.0,2023,-0.02514327796731486,-1.0,-1.0,A
total,over,0.5399112817103731,1.91,1.85,1.0,1.0,2023,0.03123054806681247,0.9099999999999999,0.8500000000000001,A
total,over,0.48804258171964515,1.91,1.87,1.0,0.0,2023,-0.06783866891547785,0.9099999999999999,0.8700000000000001,A
total,over,0.5017346875865007,1.87,1.82,1.0,-2.0,2023,-0.06175613421324355,0.8700000000000001,0.8200000000000001,A
total,over,0.5078032898308322,1.91,1.85,1.0,0.0,2023,-0.030095716423110486,0.9099999999999999,0.8500000000000001,A
total,over,0.5533635933924524,1.91,1.952,0.0,-1.0,2023,0.056924463379584234,-1.0,-1.0,A
total,over,0.5096603420692029,1.91,1.91,1.0,0.0,2023,-0.026548746647822585,0.9099999999999999,0.9099999999999999,A
total,over,0.5484236412826633,1.91,1.87,1.0,1.0,2023,0.047489154849886805,0.9099999999999999,0.8700000000000001,A
total,over,0.6068138387429779,1.91,1.91,1.0,0.0,2023,0.15901443199908782,0.9099999999999999,0.9099999999999999,A
total,over,0.5260292127792537,1.91,1.87,0.0,1.0,2023,0.004715796408374606,-1.0,-1.0,A
total,over,0.617842479631928,1.91,1.952,0.0,1.0,2023,0.18007913609698245,-1.0,-1.0,A
total,over,0.5880444948070528,1.91,1.91,0.0,0.0,2023,0.12316498508147067,-1.0,-1.0,A
total,over,0.5556681119601439,1.87,1.82,1.0,2.0,2023,0.039099369365469094,0.8700000000000001,0.8200000000000001,A
total,over,0.5491704808183746,1.91,1.91,1.0,0.0,2023,0.04891561836309544,0.9099999999999999,0.9099999999999999,A
total,over,0.5662188611124972,1.91,1.91,1.0,2.0,2023,0.08147802472486965,0.9099999999999999,0.9099999999999999,A
total,over,0.548806223939203,1.91,1.82,0.0,-2.0,2023,0.04821988772387753,-1.0,-1.0,A
total,over,0.5429372915161753,1.91,1.91,0.0,-1.0,2023,0.03701022679589472,-1.0,-1.0,A
total,over,0.48561835801101205,1.91,1.91,0.0,4.0,2023,-0.072468936198967,-1.0,-1.0,A
total,over,0.5785858802670759,1.91,1.82,0.0,1.0,2023,0.105099031310115,-1.0,-1.0,A
total,over,0.578370178688217,1.91,1.91,0.0,1.0,2023,0.10468704129449447,-1.0,-1.0,A
total,over,0.5229154390362637,1.91,1.85,1.0,0.0,2023,-0.0012315114407364103,0.9099999999999999,0.8500000000000001,A
total,over,0.45777961193860234,1.87,1.952,0.0,-5.0,2023,-0.14395212567481352,-1.0,-1.0,A
total,over,0.56905482033255,1.91,2.02,1.0,0.0,2023,0.08689470683517042,0.9099999999999999,1.02,A
total,over,0.5205205293921101,1.91,1.91,1.0,0.0,2023,-0.005805788861069638,0.9099999999999999,0.9099999999999999,A
total,over,0.4697732222605026,1.91,1.91,1.0,0.0,2023,-0.10273314548244006,0.9099999999999999,0.9099999999999999,A
total,over,0.47097376105424305,1.91,1.91,0.0,1.0,2023,-0.10044011638639583,-1.0,-1.0,A
total,over,0.5132893837827507,1.87,1.85,1.0,0.0,2023,-0.0401488523262562,0.8700000000000001,0.8500000000000001,A
total,over,0.4967549841604998,1.91,1.87,0.0,0.0,2023,-0.05119798025344546,-1.0,-1.0,A
total,over,0.5626171008651961,1.91,1.85,1.0,5.0,2023,0.07459866265252457,0.9099999999999999,0.8500000000000001,A
total,over,0.6264174911666944,1.91,1.82,1.0,3.0,2023,0.1964574081283863,0.9099999999999999,0.8200000000000001,A
total,over,0.6142476029231168,1.91,1.91,1.0,3.0,2023,0.17321292158315305,0.9099999999999999,0.9099999999999999,A
total,over,0.5880924650509477,1.91,1.91,1.0,0.0,2023,0.1232566082473101,0.9099999999999999,0.9099999999999999,A
total,over,0.5018973169805993,1.91,1.91,0.0,3.0,2023,-0.04137612456705542,-1.0,-1.0,A
total,over,0.5498103817943784,1.91,1.91,1.0,2.0,2023,0.05013782922726251,0.9099999999999999,0.9099999999999999,A
total,over,0.5355282005104827,1.91,1.91,1.0,1.0,2023,0.022858862975021932,0.9099999999999999,0.9099999999999999,A
total,over,0.5773764107327681,1.91,1.87,0.0,1.0,2023,0.10278894449958709,-1.0,-1.0,A
total,over,0.5963760974680539,1.91,1.91,1.0,2.0,2023,0.13907834616398285,0.9099999999999999,0.9099999999999999,A
total,over,0.6107341136434691,1.91,1.952,1.0,3.0,2023,0.16650215705902593,0.9099999999999999,0.952,A
total,over,0.5709799607066384,1.91,1.91,0.0,2.0,2023,0.09057172494967913,-1.0,-1.0,A
total,over,0.5521311185615099,1.91,1.91,1.0,5.0,2023,0.05457043645248372,0.9099999999999999,0.9099999999999999,A
total,over,0.5481475202721087,1.85,1.91,0.0,2.0,2023,0.014072912503401147,-1.0,-1.0,A
total,over,0.5724972846503599,1.85,1.85,0.0,-2.0,2023,0.059119976603165814,-1.0,-1.0,A
total,over,0.4786173767586056,1.952,1.952,1.0,0.0,2023,-0.0657388805672019,0.952,0.952,A
total,over,0.460802032477573,1.85,1.85,1.0,2.0,2023,-0.14751623991648988,0.8500000000000001,0.8500000000000001,A
total,over,0.5190305755833529,1.85,1.91,1.0,2.0,2023,-0.03979343517079714,0.8500000000000001,0.9099999999999999,A
total,over,0.48485389205928003,1.91,1.87,0.0,0.0,2023,-0.07392906616677519,-1.0,-1.0,A
total,over,0.4205818317543244,1.91,1.91,1.0,1.0,2023,-0.19668870134924044,0.9099999999999999,0.9099999999999999,A
total,over,0.4457151415141279,1.91,1.91,1.0,0.0,2023,-0.14868407970801578,0.9099999999999999,0.9099999999999999,A
total,over,0.4516180683303035,2.0,1.91,0.0,0.0,2023,-0.09676386333939302,-1.0,-1.0,A
total,over,0.38446554800364074,1.91,1.91,1.0,2.0,2023,-0.26567080331304616,0.9099999999999999,0.9099999999999999,A
total,over,0.5370981163060914,1.91,1.91,1.0,1.0,2023,0.0258574021446345,0.9099999999999999,0.9099999999999999,A
total,over,0.4905830593437633,1.91,1.91,0.0,1.0,2023,-0.06298635665341212,-1.0,-1.0,A
total,over,0.48157009363060704,1.91,1.87,0.0,0.0,2023,-0.08020112116554057,-1.0,-1.0,A
total,over,0.5235332941450574,1.91,1.91,0.0,2.0,2023,-5.140818294036009e-05,-1.0,-1.0,A
total,over,0.4616095745780372,1.91,1.91,0.0,1.0,2023,-0.11832571255594904,-1.0,-1.0,A
total,over,0.4682687595969835,1.91,1.91,0.0,1.0,2023,-0.10560666916976158,-1.0,-1.0,A
total,over,0.47295561326943447,1.91,1.91,0.0,-2.0,2023,-0.09665477865538019,-1.0,-1.0,A
total,over,0.46478783523532785,1.91,1.82,0.0,1.0,2023,-0.11225523470052379,-1.0,-1.0,A
total,over,0.5322567146511945,1.91,1.82,0.0,-1.0,2023,0.016610324983781455,-1.0,-1.0,A
total,over,0.5042481347143958,1.91,1.952,1.0,-1.0,2023,-0.036886062695504096,0.9099999999999999,0.952,A
total,over,0.4035306296925903,1.91,1.91,1.0,-1.0,2023,-0.22925649728715258,0.9099999999999999,0.9099999999999999,A
total,over,0.4229212280323984,1.91,1.91,0.0,0.0,2023,-0.19222045445811908,-1.0,-1.0,A
total,over,0.4680583220754062,1.91,1.91,0.0,0.0,2023,-0.10600860483597419,-1.0,-1.0,A
total,over,0.4439779745752313,1.91,1.91,0.0,0.0,2023,-0.15200206856130827,-1.0,-1.0,A
total,over,0.46285532313143374,1.91,1.91,0.0,-1.0,2023,-0.1159463328189616,-1.0,-1.0,A
total,over,0.4374192197602592,1.91,1.91,0.0,0.0,2023,-0.16452929025790497,-1.0,-1.0,A
total,over,0.4583550572115706,1.91,1.91,1.0,1.0,2023,-0.12454184072590013,0.9099999999999999,0.9099999999999999,A
total,over,0.38743856885481176,1.91,1.952,0.0,0.0,2023,-0.25999233348730955,-1.0,-1.0,A
total,over,0.4425568005596863,1.91,1.952,1.0,0.0,2023,-0.15471651093099914,0.9099999999999999,0.952,A
total,over,0.4280571967344316,1.91,1.87,0.0,-1.0,2023,-0.18241075423723563,-1.0,-1.0,A
total,over,0.5135549814133543,1.91,1.82,1.0,0.0,2023,-0.019109985500493254,0.9099999999999999,0.8200000000000001,A
total,over,0.4646269212572767,1.91,1.97,1.0,1.0,2023,-0.11256258039860145,0.9099999999999999,0.97,A
total,over,0.43808709661969086,1.91,1.952,0.0,0.0,2023,-0.16325364545639054,-1.0,-1.0,A
total,over,0.4483258997480663,1.91,1.97,1.0,1.0,2023,-0.14369753148119335,0.9099999999999999,0.97,A
total,over,0.5226061799169066,1.87,1.952,1.0,1.0,2023,-0.022726443555384557,0.8700000000000001,0.952,A
total,over,0.4675235215033523,1.91,1.91,1.0,1.0,2023,-0.10703007392859709,0.9099999999999999,0.9099999999999999,A
total,over,0.46748541106781444,1.91,1.82,1.0,-1.0,2023,-0.10710286486047449,0.9099999999999999,0.8200000000000001,A
total,over,0.5115064693994066,1.91,1.82,1.0,0.0,2023,-0.02302264344713345,0.9099999999999999,0.8200000000000001,A
total,over,0.4408568630565855,1.91,1.97,0.0,1.0,2023,-0.15796339156192174,-1.0,-1.0,A
total,over,0.5259110683574847,1.91,1.85,1.0,1.0,2023,0.00449014056279573,0.9099999999999999,0.8500000000000001,A
total,over,0.5014346454790883,1.91,1.87,1.0,0.0,2023,-0.04225982713494136,0.9099999999999999,0.8700000000000001,A
total,over,0.44524628571879854,1.91,1.91,0.0,2.0,2023,-0.14957959427709477,-1.0,-1.0,A
total,over,0.4498942883916131,1.82,1.87,0.0,1.0,2023,-0.18119239512726415,-1.0,-1.0,A
total,over,0.43306407213040693,1.91,1.91,1.0,1.0,2023,-0.17284762223092276,0.9099999999999999,0.9099999999999999,A
total,over,0.4374880624690126,1.91,1.97,0.0,1.0,2023,-0.16439780068418597,-1.0,-1.0,A
total,over,0.5052268397535784,1.952,1.91,1.0,0.0,2023,-0.013797208801014982,0.952,0.9099999999999999,A
total,over,0.49137443535452313,1.91,1.85,1.0,2.0,2023,-0.0614748284728609,0.9099999999999999,0.8500000000000001,A
total,over,0.4962263693703796,1.91,1.91,0.0,1.0,2023,-0.05220763450257493,-1.0,-1.0,A
total,over,0.5142826305147579,1.91,1.952,1.0,0.0,2023,-0.017720175716812503,0.9099999999999999,0.952,A
total,over,0.4253631713798544,1.91,1.85,1.0,1.0,2023,-0.18755634266447807,0.9099999999999999,0.8500000000000001,A
total,over,0.4452728572436042,1.91,1.91,0.0,-2.0,2023,-0.149528842664716,-1.0,-1.0,A
total,over,0.41433195922914395,1.91,1.97,0.0,4.0,2023,-0.20862595787233507,-1.0,-1.0,A
total,over,0.5194419676649515,1.91,1.91,1.0,1.0,2023,-0.007865841759942649,0.9099999999999999,0.9099999999999999,A
total,over,0.48021077539768386,1.91,1.87,0.0,2.0,2023,-0.08279741899042381,-1.0,-1.0,A
total,over,0.4036852863792982,1.91,1.91,1.0,5.0,2023,-0.2289611030155405,0.9099999999999999,0.9099999999999999,A
total,over,0.5244440367898058,1.82,1.8,0.0,2.0,2023,-0.04551185304255345,-1.0,-1.0,A
total,over,0.46008533806183854,1.87,2.05,0.0,0.0,2023,-0.13964041782436187,-1.0,-1.0,A
total,over,0.5238609170636086,1.952,1.87,0.0,1.0,2023,0.02257651010816386,-1.0,-1.0,A
total,over,0.5531567499851684,1.952,1.87,0.0,1.0,2023,0.07976197597104862,-1.0,-1.0,A
total,over,0.5239974959001882,1.85,1.82,1.0,1.0,2023,-0.030604632584651847,0.8500000000000001,0.8200000000000001,A
total,over,0.5800372688504981,1.91,1.91,0.0,1.0,2023,0.10787118350445124,-1.0,-1.0,A
total,over,0.5376593295683347,1.91,1.91,1.0,0.0,2023,0.026929319475519353,0.9099999999999999,0.9099999999999999,A
total,over,0.5764736018172227,1.91,1.97,1.0,0.0,2023,0.10106457947089531,0.9099999999999999,0.97,A
total,over,0.526850603936464,1.91,1.91,1.0,1.0,2023,0.006284653518646266,0.9099999999999999,0.9099999999999999,A
total,over,0.5800142237160667,1.91,1.952,1.0,0.0,2023,0.10782716729768738,0.9099999999999999,0.952,A
total,over,0.5602796984715157,1.91,1.952,1.0,-2.0,2024,0.07013422408059489,0.9099999999999999,0.952,A
total,over,0.5454047259016609,1.952,1.91,0.0,0.0,2024,0.064630024960042,-1.0,-1.0,A
total,over,0.5662618548035306,1.91,1.82,0.0,1.0,2024,0.08156014267474343,-1.0,-1.0,A
total,over,0.6009267410135319,1.91,1.87,0.0,1.0,2024,0.14777007533584596,-1.0,-1.0,A
total,over,0.6799961262635148,1.91,1.91,0.0,1.0,2024,0.2987926011633133,-1.0,-1.0,A
total,over,0.6183843410630966,1.91,1.91,0.0,1.0,2024,0.1811140914305145,-1.0,-1.0,A
total,over,0.553730856352718,1.91,1.87,0.0,-1.0,2024,0.05762593563369145,-1.0,-1.0,A
total,over,0.565834066109635,1.91,1.91,1.0,1.0,2024,0.08074306626940286,0.9099999999999999,0.9099999999999999,A
total,over,0.5702537558592599,1.91,1.87,1.0,1.0,2024,0.08918467369118632,0.9099999999999999,0.8700000000000001,A
total,over,0.5921660836996182,1.91,1.89,0.0,1.0,2024,0.13103721986627082,-1.0,-1.0,A
total,over,0.6316265379488286,1.91,1.91,1.0,-1.0,2024,0.20640668748226254,0.9099999999999999,0.9099999999999999,A
total,over,0.5166171896208859,1.91,2.02,0.0,0.0,2024,-0.013261167824108022,-1.0,-1.0,A
total,over,0.5073439018535086,1.85,1.87,0.0,0.0,2024,-0.06141378157100896,-1.0,-1.0,A
total,over,0.5500049819235104,1.952,1.87,1.0,-1.0,2024,0.07360972471469229,0.952,0.8700000000000001,A
total,over,0.5730523239147944,1.91,1.91,0.0,0.0,2024,0.09452993867725734,-1.0,-1.0,A
total,over,0.49975185159716196,1.85,1.91,0.0,0.0,2024,-0.07545907454525036,-1.0,-1.0,A
total,over,0.6175735779560552,1.91,1.91,1.0,1.0,2024,0.17956553389606533,0.9099999999999999,0.9099999999999999,A
total,over,0.5482787680153893,1.91,1.87,0.0,0.0,2024,0.047212446909393524,-1.0,-1.0,A
total,over,0.6013348692475955,1.91,1.91,1.0,1.0,2024,0.14854960026290742,0.9099999999999999,0.9099999999999999,A
total,over,0.5267090855798889,1.91,1.87,0.0,0.0,2024,0.006014353457587829,-1.0,-1.0,A
total,over,0.566068904936572,1.91,1.91,1.0,0.0,2024,0.08119160842885242,0.9099999999999999,0.9099999999999999,A
total,over,0.4889559456200423,1.91,1.91,0.0,-1.0,2024,-0.06609414386571921,-1.0,-1.0,A
total,over,0.5810445259763918,1.91,1.85,1.0,2.0,2024,0.1097950446149083,0.9099999999999999,0.8500000000000001,A
total,over,0.5878351183286181,1.91,1.91,0.0,2.0,2024,0.12276507600766062,-1.0,-1.0,A
total,over,0.6262272750360474,1.82,2.0,1.0,3.0,2024,0.13973364056560622,0.8200000000000001,1.0,A
total,over,0.5880034236041043,1.91,1.91,0.0,2.0,2024,0.12308653908383915,-1.0,-1.0,A
total,over,0.4604067877777317,1.91,2.0,1.0,2.0,2024,-0.12062303534453245,0.9099999999999999,1.0,A
total,over,0.5256303214491864,1.91,1.97,0.0,1.0,2024,0.003953913967946088,-1.0,-1.0,A
total,over,0.5188796694808157,1.91,1.97,0.0,2.0,2024,-0.008939831291642109,-1.0,-1.0,A
total,over,0.5876786724096114,1.82,1.89,0.0,2.0,2024,0.06957518378549277,-1.0,-1.0,A
total,over,0.5582306719671685,1.91,1.91,1.0,0.0,2024,0.06622058345729176,0.9099999999999999,0.9099999999999999,A
total,over,0.528557887584701,1.85,1.91,0.0,2.0,2024,-0.022167907968303036,-1.0,-1.0,A
total,over,0.5919104040245545,1.91,1.82,1.0,0.0,2024,0.130548871686899,0.9099999999999999,0.8200000000000001,A
total,over,0.36593010632695533,1.91,1.91,1.0,-8.0,2024,-0.3010734969155153,0.9099999999999999,0.9099999999999999,A
total,over,0.3606454836159261,1.91,2.02,0.0,-7.0,2024,-0.31116712629358123,-1.0,-1.0,A
total,over,0.5531714923834244,1.91,1.91,0.0,-1.0,2024,0.056557550452340566,-1.0,-1.0,A
total,over,0.5766800736306058,1.91,1.91,1.0,-1.0,2024,0.10145894063445704,0.9099999999999999,0.9099999999999999,A
total,over,0.5356254866105624,1.87,1.91,0.0,-1.0,2024,0.0016196599617517293,-1.0,-1.0,A
total,over,0.4891435020554894,1.91,1.91,1.0,1.0,2024,-0.06573591107401533,0.9099999999999999,0.9099999999999999,A
total,over,0.5248960534021901,1.97,1.91,1.0,-2.0,2024,0.03404522520231468,0.97,0.9099999999999999,A
total,over,0.5949285045651831,1.91,1.952,1.0,1.0,2024,0.13631344371949972,0.9099999999999999,0.952,A
total,over,0.5082571318778675,1.87,1.91,0.0,1.0,2024,-0.04955916338838773,-1.0,-1.0,A
total,over,0.504209202016617,1.91,1.87,0.0,0.0,2024,-0.036960424148261506,-1.0,-1.0,A
total,over,0.5558322071749018,1.87,1.82,1.0,1.0,2024,0.03940622741706634,0.8700000000000001,0.8200000000000001,A
total,over,0.5484409449842207,1.952,1.91,1.0,2.0,2024,0.0705567246091987,0.952,0.9099999999999999,A
total,over,0.5416979464412647,1.91,1.91,0.0,0.0,2024,0.034643077702815495,-1.0,-1.0,A
total,over,0.5354533314823768,1.91,1.952,0.0,1.0,2024,0.022715863131339775,-1.0,-1.0,A
total,over,0.5959955679801785,1.91,1.91,0.0,-1.0,2024,0.1383515348421409,-1.0,-1.0,A
total,over,0.5218462417752163,1.91,1.85,0.0,0.0,2024,-0.0032736782093368832,-1.0,-1.0,A
total,over,0.5250154044344862,1.91,1.91,1.0,0.0,2024,0.002779422469868731,0.9099999999999999,0.9099999999999999,A
total,over,0.525630160911461,1.91,1.82,0.0,0.0,2024,0.003953607340890342,-1.0,-1.0,A
total,over,0.35027614572322463,1.91,1.91,1.0,0.0,2024,-0.330972561668641,0.9099999999999999,0.9099999999999999,A
total,over,0.38812942832178104,1.91,1.91,1.0,0.0,2024,-0.25867279190539827,0.9099999999999999,0.9099999999999999,A
total,over,0.5279247159949257,1.91,1.91,1.0,0.0,2024,0.008336207550308172,0.9099999999999999,0.9099999999999999,A
total,over,0.5828797027069128,1.91,1.91,1.0,4.0,2024,0.11330023217020346,0.9099999999999999,0.9099999999999999,A
total,over,0.49359315086810285,1.91,1.91,1.0,1.0,2024,-0.057237081841923554,0.9099999999999999,0.9099999999999999,A
total,over,0.5259807130825607,1.91,1.91,1.0,0.0,2024,0.00462316198769086,0.9099999999999999,0.9099999999999999,A
total,over,0.5130435309751393,1.91,1.91,1.0,0.0,2024,-0.02008685583748393,0.9099999999999999,0.9099999999999999,A
total,over,0.5213872077597967,1.952,1.91,1.0,-1.0,2024,0.017747829547123173,0.952,0.9099999999999999,A
total,over,0.5721980025639147,1.91,1.91,1.0,5.0,2024,0.09289818489707713,0.9099999999999999,0.9099999999999999,A
total,over,0.6321992213379289,1.91,1.91,1.0,2.0,2024,0.20750051275544412,0.9099999999999999,0.9099999999999999,A
total,over,0.519310964644795,1.91,1.91,0.0,0.0,2024,-0.008116057528441578,-1.0,-1.0,A
total,over,0.5624261107483589,1.91,1.91,0.0,0.0,2024,0.07423387152936556,-1.0,-1.0,A
total,over,0.5552317550912655,1.87,1.9,1.0,-1.0,2024,0.03828338202066672,0.8700000000000001,0.8999999999999999,A
total,over,0.38196595641354314,1.87,2.0,1.0,-1.0,2024,-0.2857236615066743,0.8700000000000001,1.0,A
total,over,0.57696133810459,1.85,1.9,1.0,1.0,2024,0.06737847549349163,0.8500000000000001,0.8999999999999999,A
total,over,0.5465979619688605,1.9,1.9,0.0,0.0,2024,0.038536127740834925,-1.0,-1.0,A
total,over,0.5265461772812081,1.85,1.85,0.0,2.0,2024,-0.02588957202976494,-1.0,-1.0,A
total,over,0.4554205955000921,1.87,1.85,1.0,0.0,2024,-0.14836348641482766,0.8700000000000001,0.8500000000000001,A
total,over,0.4259308298857841,1.87,1.85,0.0,0.0,2024,-0.20350934811358368,-1.0,-1.0,A
total,over,0.3552767615402991,1.9,1.9,0.0,-3.0,2024,-0.3249741530734318,-1.0,-1.0,A
total,over,0.3395824376946951,1.87,1.95,1.0,0.0,2024,-0.36498084151092014,0.8700000000000001,0.95,A
total,over,0.40157865076405197,1.87,1.9,0.0,0.0,2024,-0.2490479230712228,-1.0,-1.0,A
total,over,0.5342422243650882,1.87,1.9,0.0,-2.0,2024,-0.0009670404372850161,-1.0,-1.0,A
total,over,0.34887004123746046,1.87,1.95,0.0,0.0,2024,-0.34761302288594886,-1.0,-1.0,A
total,over,0.34265857126021904,1.87,1.9,0.0,-2.0,2024,-0.35922847174339034,-1.0,-1.0,A
total,over,0.5486508399175081,1.85,1.9,1.0,0.0,2024,0.015004053847389898,0.8500000000000001,0.8999999999999999,A
total,over,0.5089011102268403,1.85,1.85,1.0,0.0,2024,-0.05853294608034543,0.8500000000000001,0.8500000000000001,A
total,over,0.4625942070581692,1.85,1.95,0.0,1.0,2024,-0.1442007169423869,-1.0,-1.0,A
total,over,0.5538029701339348,1.87,1.9,1.0,1.0,2024,0.035611554150458025,0.8700000000000001,0.8999999999999999,A
total,over,0.33172703503389156,1.87,1.85,0.0,-2.0,2024,-0.3796704444866228,-1.0,-1.0,A
total,over,0.4878264888647094,1.87,1.9,1.0,0.0,2024,-0.08776446582299335,0.8700000000000001,0.8999999999999999,A
total,over,0.5851216395025306,1.8,1.95,1.0,1.0,2024,0.0532189511045551,0.8,0.95,A
total,over,0.45508610354409595,1.87,1.95,0.0,0.0,2024,-0.14898898637254054,-1.0,-1.0,A
total,over,0.41817174916446226,1.87,1.95,1.0,2.0,2024,-0.2180188290624555,0.8700000000000001,0.95,A
total,over,0.48787455735824115,1.87,1.9,1.0,1.0,2024,-0.08767457774008902,0.8700000000000001,0.8999999999999999,A
total,over,0.47923032134377525,1.87,1.8,0.0,0.0,2024,-0.10383929908714029,-1.0,-1.0,A
total,over,0.5604151177579764,1.87,1.9,1.0,2.0,2024,0.047976270207415794,0.8700000000000001,0.8999999999999999,A
total,over,0.44343271053364064,1.87,1.95,1.0,3.0,2024,-0.17078083130209198,0.8700000000000001,0.95,A
total,over,0.5563809558728597,1.87,2.0,1.0,3.0,2024,0.04043238748224787,0.8700000000000001,1.0,A
total,over,0.5792028118033237,1.87,1.85,1.0,3.0,2024,0.08310925807221525,0.8700000000000001,0.8500000000000001,A
total,over,0.5656878099639875,1.87,1.85,1.0,0.0,2024,0.057836204632656596,0.8700000000000001,0.8500000000000001,A
total,over,0.5044497047186091,1.87,1.85,1.0,1.0,2024,-0.05667905217620095,0.8700000000000001,0.8500000000000001,A
total,over,0.4402817382491774,1.87,1.9,1.0,3.0,2024,-0.17667314947403823,0.8700000000000001,0.8999999999999999,A
total,over,0.5952152757631655,1.8,1.87,1.0,4.0,2024,0.07138749637369779,0.8,0.8700000000000001,A
total,over,0.504875854451006,1.95,1.9,1.0,0.0,2024,-0.015492083820538238,0.95,0.8999999999999999,A
total,over,0.37483001654650094,1.87,1.9,0.0,-1.0,2024,-0.29906786905804317,-1.0,-1.0,A
total,over,0.40004624669319655,1.8,1.9,0.0,-3.0,2024,-0.2799167559522462,-1.0,-1.0,A
total,over,0.3330432961361489,1.87,1.95,1.0,0.0,2024,-0.3772090362254015,0.8700000000000001,0.95,A
total,over,0.4429776937286802,1.87,1.95,0.0,2.0,2024,-0.171631712727368,-1.0,-1.0,A
total,over,0.4881742870996698,1.87,1.85,1.0,-3.0,2024,-0.08711408312361735,0.8700000000000001,0.8500000000000001,A
total,over,0.4280579934970032,1.87,1.8,1.0,0.0,2024,-0.19953155216060403,0.8700000000000001,0.8,A
total,over,0.45587201928255866,1.85,1.9,1.0,0.0,2024,-0.15663676432726648,0.8500000000000001,0.8999999999999999,A
total,over,0.5202180998930291,1.85,1.85,0.0,0.0,2024,-0.037596515197896085,-1.0,-1.0,A
total,over,0.4701862349892663,1.87,2.0,1.0,3.0,2024,-0.12075174057007199,0.8700000000000001,1.0,A
total,over,0.535379674377896,1.87,1.9,1.0,-1.0,2024,0.001159991086665535,0.8700000000000001,0.8999999999999999,A
total,over,0.5291547825749917,1.87,1.9,0.0,0.0,2024,-0.010480556584765433,-1.0,-1.0,A
total,over,0.2915614314307232,1.87,1.85,1.0,1.0,2024,-0.45478012322454753,0.8700000000000001,0.8500000000000001,A
total,over,0.3030224368855272,1.85,1.9,1.0,1.0,2024,-0.43940849176177466,0.8500000000000001,0.8999999999999999,A
total,over,0.30866384646059053,1.87,1.95,0.0,-1.0,2024,-0.42279860711869566,-1.0,-1.0,A
total,over,0.28736082255126805,1.87,1.95,0.0,1.0,2024,-0.46263526182912873,-1.0,-1.0,A
total,over,0.3415398636175953,1.87,1.9,1.0,0.0,2024,-0.3613204550350967,0.8700000000000001,0.8999999999999999,A
total,over,0.4166538653347233,1.9,1.95,0.0,0.0,2024,-0.20835765586402577,-1.0,-1.0,A
total,over,0.403003916987725,1.9,1.85,0.0,0.0,2024,-0.23429255772332258,-1.0,-1.0,A
total,over,0.45707033506116246,1.87,1.9,0.0,0.0,2024,-0.14527847343562617,-1.0,-1.0,A
total,over,0.5134578216724288,1.9,1.8,1.0,1.0,2024,-0.024430138822385317,0.8999999999999999,0.8,A
total,over,0.44632660702581634,1.9,1.9,1.0,0.0,2024,-0.15197944665094898,0.8999999999999999,0.8999999999999999,A
total,over,0.28614400691525,1.87,1.95,0.0,-3.0,2024,-0.4649107070684825,-1.0,-1.0,A
total,over,0.334190578455007,1.85,1.95,0.0,0.0,2024,-0.38174742985823706,-1.0,-1.0,A
total,over,0.4957693216984662,1.85,1.95,1.0,1.0,2024,-0.08282675485783741,0.8500000000000001,0.95,A
total,over,0.4912657789391849,1.87,1.95,0.0,0.0,2024,-0.08133299338372424,-1.0,-1.0,A
total,over,0.5011076591677387,1.85,1.9,1.0,0.0,2024,-0.07295083053968332,0.8500000000000001,0.8999999999999999,A
total,over,0.47309245157792285,1.87,1.9,1.0,0.0,2024,-0.11531711554928425,0.8700000000000001,0.8999999999999999,A
total,over,0.4587877365081087,1.87,1.9,0.0,0.0,2024,-0.14206693272983661,-1.0,-1.0,A
total,over,0.262789098956032,1.87,1.95,0.0,-1.0,2024,-0.5085843849522202,-1.0,-1.0,A
total,over,0.4768329478635888,1.9,1.95,0.0,-1.0,2024,-0.09401739905918127,-1.0,-1.0,A
total,over,0.2521723944380139,1.87,1.95,0.0,-2.0,2024,-0.528437622400914,-1.0,-1.0,A
total,over,0.2843433001530925,1.9,1.8,0.0,0.0,2024,-0.45974772970912425,-1.0,-1.0,A
total,over,0.4626007047691297,1.85,1.8,0.0,0.0,2024,-0.14418869617711005,-1.0,-1.0,A
total,over,0.31625962216940945,1.87,1.95,0.0,0.0,2024,-0.4085945065432043,-1.0,-1.0,A
total,over,0.45774138691571936,1.85,1.9,0.0,1.0,2024,-0.15317843420591915,-1.0,-1.0,A
total,over,0.4336616787534681,1.8,1.95,1.0,1.0,2024,-0.21940897824375738,0.8,0.95,A
total,over,0.41019879574301144,1.9,1.9,0.0,0.0,2024,-0.22062228808827833,-1.0,-1.0,A
total,over,0.22289464002708453,1.9,1.95,1.0,0.0,2024,-0.5765001839485394,0.8999999999999999,0.95,A
total,over,0.4281778738555364,1.87,1.9,0.0,0.0,2024,-0.1993073758901469,-1.0,-1.0,A
total,over,0.49239125269752365,1.87,1.95,1.0,2.0,2024,-0.07922835745563073,0.8700000000000001,0.95,A
total,over,0.4682481653186037,1.87,1.85,1.0,0.0,2024,-0.12437593085421106,0.8700000000000001,0.8500000000000001,A
total,over,0.4356442138545792,1.87,1.9,0.0,1.0,2024,-0.18534532009193683,-1.0,-1.0,A
total,over,0.4425182408313995,1.87,1.95,1.0,1.0,2024,-0.17249088964528292,0.8700000000000001,0.95,A
total,over,0.4529629023349254,1.87,1.9,1.0,1.0,2024,-0.15295937263368942,0.8700000000000001,0.8999999999999999,A
total,over,0.4956024616243457,1.87,1.95,0.0,0.0,2024,-0.07322339676247347,-1.0,-1.0,A
total,over,0.43946085090609077,1.87,1.85,1.0,0.0,2024,-0.17820820880561017,0.8700000000000001,0.8500000000000001,A
total,over,0.4550414909441286,1.87,1.9,0.0,1.0,2024,-0.1490724119344795,-1.0,-1.0,A
total,over,0.3865375566600526,1.87,1.9,0.0,-1.0,2024,-0.2771747690457016,-1.0,-1.0,A
total,over,0.4796480423006235,1.87,1.9,1.0,0.0,2024,-0.10305816089783393,0.8700000000000001,0.8999999999999999,A
total,over,0.41413319936821746,1.87,1.8,0.0,0.0,2024,-0.2255709171814333,-1.0,-1.0,A
total,over,0.4869567929278922,1.9,1.9,0.0,0.0,2024,-0.07478209343700493,-1.0,-1.0,A
total,over,0.4387761346907868,1.9,1.9,0.0,0.0,2024,-0.1663253440875051,-1.0,-1.0,A
total,over,0.3874920713586675,1.87,1.9,0.0,0.0,2024,-0.2753898265592918,-1.0,-1.0,A
total,over,0.4133700088405471,1.87,1.9,1.0,0.0,2024,-0.22699808346817685,0.8700000000000001,0.8999999999999999,A
total,over,0.4254471745644066,1.87,1.9,1.0,0.0,2024,-0.20441378356455964,0.8700000000000001,0.8999999999999999,A
total,over,0.39178523931141473,1.87,1.95,1.0,0.0,2024,-0.2673616024876544,0.8700000000000001,0.95,A
total,over,0.4457398196235792,1.87,1.85,1.0,0.0,2024,-0.16646653730390681,0.8700000000000001,0.8500000000000001,A
total,over,0.3833621341702756,1.87,1.9,0.0,0.0,2024,-0.28311280910158465,-1.0,-1.0,A
total,over,0.41664414363433444,1.87,1.85,0.0,0.0,2024,-0.2208754514037945,-1.0,-1.0,A
total,over,0.44006464710320803,1.87,1.85,1.0,0.0,2024,-0.17707910991700093,0.8700000000000001,0.8500000000000001,A
total,over,0.42531299187119687,1.85,1.95,1.0,2.0,2024,-0.2131709650382858,0.8500000000000001,0.95,A
total,over,0.45612725591318026,1.8,1.9,1.0,1.0,2024,-0.1789709393562755,0.8,0.8999999999999999,A
total,over,0.3686617335267025,1.9,1.95,1.0,0.0,2024,-0.29954270629926527,0.8999999999999999,0.95,A
total,over,0.391698596936965,1.87,1.85,0.0,1.0,2024,-0.2675236237278754,-1.0,-1.0,A
total,over,0.4240480119077462,1.85,1.8,0.0,2.0,2024,-0.21551117797066943,-1.0,-1.0,A
total,over,0.37606722099596185,1.95,1.85,0.0,-1.0,2024,-0.2666689190578744,-1.0,-1.0,A
total,over,0.3975265945637345,1.87,1.95,0.0,1.0,2024,-0.25662526816581643,-1.0,-1.0,A
total,over,0.39989313358683287,1.87,1.8,0.0,0.0,2024,-0.25219984019262254,-1.0,-1.0,A
total,over,0.3888265145800456,1.87,1.9,0.0,0.0,2024,-0.27289441773531475,-1.0,-1.0,A
total,over,0.445879503111829,1.87,1.85,1.0,0.0,2024,-0.1662053291808797,0.8700000000000001,0.8500000000000001,A
total,over,0.42806273443897896,1.87,1.85,1.0,0.0,2024,-0.19952268659910932,0.8700000000000001,0.8500000000000001,A
total,over,0.4055790679359832,1.87,1.9,1.0,1.0,2024,-0.24156714295971138,0.8700000000000001,0.8999999999999999,A
total,over,0.42285520389951137,1.87,1.95,0.0,0.0,2024,-0.20926076870791366,-1.0,-1.0,A
total,over,0.3832534197251586,1.85,1.85,1.0,0.0,2024,-0.29098117350845654,0.8500000000000001,0.8500000000000001,A
total,over,0.38208943795106726,1.95,1.87,1.0,-1.0,2024,-0.25492559599541886,0.95,0.8700000000000001,A
total,over,0.495616306735685,1.87,1.8,1.0,0.0,2024,-0.07319750640426892,0.8700000000000001,0.8,A
total,over,0.3465521055645907,1.87,2.0,0.0,2.0,2024,-0.35194756259421534,-1.0,-1.0,A
total,over,0.2520991006297237,1.95,2.0,0.0,0.0,2024,-0.5084067537720388,-1.0,-1.0,A
total,over,0.39205975860951936,1.87,1.85,0.0,0.0,2024,-0.26684825140019874,-1.0,-1.0,A
total,over,0.4112752183354219,1.87,1.8,0.0,1.0,2024,-0.23091534171276096,-1.0,-1.0,A
total,over,0.38037562493419524,1.87,1.85,0.0,0.0,2024,-0.2886975813730549,-1.0,-1.0,A
total,over,0.36833479155709425,1.85,1.95,0.0,1.0,2024,-0.31858063561937555,-1.0,-1.0,A
total,over,0.3848030317967753,1.9,1.85,0.0,1.0,2024,-0.268874239586127,-1.0,-1.0,A
total,over,0.3843158874685101,1.9,1.9,1.0,1.0,2024,-0.26979981380983087,0.8999999999999999,0.8999999999999999,A
total,over,0.3379601277085801,1.85,1.8,1.0,0.0,2024,-0.37477376373912685,0.8500000000000001,0.8,A
total,over,0.38876828118605694,1.85,1.85,1.0,0.0,2024,-0.28077867980579463,0.8500000000000001,0.8500000000000001,A
total,over,0.466779957047031,1.85,1.95,0.0,0.0,2024,-0.13645707946299257,-1.0,-1.0,A
total,over,0.36197888267197276,1.87,1.85,1.0,1.0,2024,-0.32309948940341093,0.8700000000000001,0.8500000000000001,A
total,over,0.4143107965080039,1.87,1.9,1.0,0.0,2024,-0.2252388105300327,0.8700000000000001,0.8999999999999999,A
total,over,0.36942453066343983,1.87,1.9,1.0,0.0,2024,-0.30917612765936753,0.8700000000000001,0.8999999999999999,A
total,over,0.43963535190235914,1.87,1.9,1.0,0.0,2024,-0.1778818919425884,0.8700000000000001,0.8999999999999999,A
total,over,0.3684454489660193,1.87,1.9,1.0,0.0,2024,-0.31100701043354395,0.8700000000000001,0.8999999999999999,A
total,over,0.4591220124652494,1.8,1.9,1.0,1.0,2024,-0.17358037756255107,0.8,0.8999999999999999,A
total,over,0.3770605820790953,1.87,1.8,0.0,1.0,2024,-0.29489671151209174,-1.0,-1.0,A
total,over,0.3874573316426429,1.9,1.8,1.0,0.0,2024,-0.26383106987897853,0.8999999999999999,0.8,A
total,over,0.42193237375796266,1.8,1.8,0.0,2.0,2024,-0.24052172723566723,-1.0,-1.0,A
total,over,0.39138210187281025,1.87,1.9,1.0,1.0,2024,-0.2681154694978448,0.8700000000000001,0.8999999999999999,A
total,over,0.3787476954017218,1.9,1.85,0.0,2.0,2024,-0.2803793787367286,-1.0,-1.0,A
total,over,0.36022186822981744,1.87,1.85,0.0,2.0,2024,-0.3263851064102413,-1.0,-1.0,A
total,over,0.3899342717501142,1.87,1.85,1.0,3.0,2024,-0.27082291182728646,0.8700000000000001,0.8500000000000001,A
total,over,0.4245866678599358,1.9,1.85,1.0,2.0,2024,-0.193285331066122,0.8999999999999999,0.8500000000000001,A
total,over,0.38542470296334164,1.87,1.9,1.0,0.0,2024,-0.2792558054585511,0.8700000000000001,0.8999999999999999,A
total,over,0.38005934703113164,1.87,1.8,0.0,3.0,2024,-0.2892890210517838,-1.0,-1.0,A
total,over,0.44598287746224413,1.87,1.85,1.0,2.0,2024,-0.16601201914560337,0.8700000000000001,0.8500000000000001,A
total,over,0.347770281865612,1.9,1.85,0.0,3.0,2024,-0.3392364644553373,-1.0,-1.0,A
total,over,0.4060974856583715,1.87,1.95,1.0,3.0,2024,-0.2405977018188452,0.8700000000000001,0.95,A
total,over,0.37277374842413247,1.9,1.85,0.0,-2.0,2024,-0.2917298779941483,-1.0,-1.0,A
total,over,0.5401583527152655,1.87,1.85,0.0,0.0,2024,0.010096119577546414,-1.0,-1.0,A
total,over,0.4668621067389386,1.87,1.85,1.0,0.0,2024,-0.12696786039818486,0.8700000000000001,0.8500000000000001,A
total,over,0.5131436751963095,1.8,1.8,1.0,1.0,2024,-0.07634138464664275,0.8,0.8,A
total,over,0.5094581660320537,1.85,1.9,1.0,1.0,2024,-0.05750239284070058,0.8500000000000001,0.8999999999999999,A
total,over,0.5052212122290615,1.9,1.85,0.0,1.0,2024,-0.04007969676478329,-1.0,-1.0,A
total,over,0.5013758794020682,1.9,1.9,1.0,0.0,2024,-0.04738582913607048,0.8999999999999999,0.8999999999999999,A
total,over,0.49725507441000794,1.9,1.85,1.0,0.0,2024,-0.05521535862098492,0.8999999999999999,0.8500000000000001,A
total,over,0.3493582896621114,1.9,1.8,0.0,0.0,2024,-0.33621924964198835,-1.0,-1.0,A
total,over,0.5732581263188834,1.85,1.85,0.0,1.0,2024,0.06052753368993424,-1.0,-1.0,A
total,over,0.5707717972302677,1.9,1.8,0.0,0.0,2025,0.08446641473750871,-1.0,-1.0,A
total,over,0.5451408471626905,1.95,2.0,1.0,0.0,2025,0.06302465196724638,0.95,1.0,A
total,over,0.39759391163172525,1.85,1.85,1.0,1.0,2025,-0.2644512634813082,0.8500000000000001,0.8500000000000001,A
total,over,0.36873691981199586,1.9,1.85,0.0,-15.0,2025,-0.2993998523572079,-1.0,-1.0,A
total,over,0.5247845460684737,1.9,1.9,0.0,0.0,2025,-0.0029093624699000342,-1.0,-1.0,A
total,over,0.6099271241685031,1.9,1.85,1.0,0.0,2025,0.15886153592015595,0.8999999999999999,0.8500000000000001,A
total,over,0.5369953619112092,1.95,1.9,1.0,2.0,2025,0.04714095572685806,0.95,0.8999999999999999,A
total,over,0.511793255196998,1.9,1.9,1.0,5.0,2025,-0.027592815125703773,0.8999999999999999,0.8999999999999999,A
total,over,0.4470124502727752,1.9,2.0,0.0,0.0,2025,-0.15067634448172718,-1.0,-1.0,A
total,over,0.5025837880308536,1.87,1.85,1.0,0.0,2025,-0.0601683163823038,0.8700000000000001,0.8500000000000001,A
total,over,0.41854922750223017,1.8,1.85,1.0,1.0,2025,-0.24661139049598568,0.8,0.8500000000000001,A
total,over,0.4114187286431622,1.8,1.8,0.0,0.0,2025,-0.259446288442308,-1.0,-1.0,A
total,over,0.47837681482250044,1.87,1.9,0.0,0.0,2025,-0.10543535628192413,-1.0,-1.0,A
total,over,0.4924499536349468,1.87,1.9,1.0,0.0,2025,-0.07911858670264937,0.8700000000000001,0.8999999999999999,A
total,over,0.491797150070682,1.8,1.8,0.0,2.0,2025,-0.11476512987277243,-1.0,-1.0,A
total,over,0.48814067764753427,1.85,1.85,1.0,2.0,2025,-0.0969397463520616,0.8500000000000001,0.8500000000000001,A
total,over,0.33696503501485053,1.87,1.95,1.0,-2.0,2025,-0.36987538452222946,0.8700000000000001,0.95,A
total,over,0.501420775868764,1.87,1.95,0.0,2.0,2025,-0.06234314912541128,-1.0,-1.0,A
total,over,0.41222781343095405,1.9,1.85,0.0,1.0,2025,-0.21676715448118733,-1.0,-1.0,A
total,over,0.416985879510397,1.87,1.95,0.0,6.0,2025,-0.22023640531555755,-1.0,-1.0,A
total,over,0.4532759811766852,1.87,1.8,1.0,0.0,2025,-0.15237391519959864,0.8700000000000001,0.8,A
total,over,0.2642433298005381,1.9,1.9,0.0,0.0,2025,-0.49793767337897765,-1.0,-1.0,A
total,over,0.5245990556877838,1.85,1.9,0.0,2.0,2025,-0.029491746977600042,-1.0,-1.0,A
total,over,0.46573818978094716,1.85,1.95,1.0,2.0,2025,-0.13838434890524776,0.8500000000000001,0.95,A
total,over,0.49072516785081016,1.87,1.95,0.0,-1.0,2025,-0.08234393611898494,-1.0,-1.0,A
total,over,0.28454964217385875,1.9,1.95,0.0,0.0,2025,-0.4593556798696684,-1.0,-1.0,A
total,over,0.3223876364326483,1.87,1.9,0.0,-1.0,2025,-0.39713511987094763,-1.0,-1.0,A
total,over,0.34204737237051475,1.87,1.8,0.0,-4.0,2025,-0.36037141366713743,-1.0,-1.0,A
total,over,0.5129273783896335,1.87,1.95,1.0,-1.0,2025,-0.040825802411385226,0.8700000000000001,0.95,A
total,over,0.4660784365909787,1.87,1.95,0.0,-2.0,2025,-0.1284333235748698,-1.0,-1.0,A
total,over,0.2146778923333813,1.87,1.95,0.0,-1.0,2025,-0.598552341336577,-1.0,-1.0,A
total,over,0.2762043863750764,1.95,1.95,1.0,-2.0,2025,-0.46140144656860105,0.95,0.95,A
total,over,0.5155727083146925,1.87,1.9,0.0,0.0,2025,-0.03587903545152504,-1.0,-1.0,A
total,over,0.45355758537656665,1.8,1.85,0.0,0.0,2025,-0.18359634632218003,-1.0,-1.0,A
total,over,0.48660847485929065,1.87,1.95,0.0,0.0,2025,-0.09004215201312638,-1.0,-1.0,A
total,over,0.48505172620575443,1.87,1.95,0.0,0.0,2025,-0.09295327199523917,-1.0,-1.0,A
total,over,0.3969218486415188,1.87,1.95,0.0,0.0,2025,-0.25775614304035976,-1.0,-1.0,A
total,over,0.3916485599936964,1.95,1.95,1.0,0.0,2025,-0.23628530801229197,0.95,0.95,A
total,over,0.5186384665412637,1.95,1.8,1.0,0.0,2025,0.011345009755464153,0.95,0.8,A
total,over,0.45600533259554554,1.87,2.0,0.0,0.0,2025,-0.14727002804632983,-1.0,-1.0,A
total,over,0.49307742017566164,1.9,1.95,0.0,0.0,2025,-0.06315290166624288,-1.0,-1.0,A
total,over,0.46679585926361566,1.87,1.85,1.0,-1.0,2025,-0.12709174317703864,0.8700000000000001,0.8500000000000001,A
total,over,0.45306554572761026,1.95,1.95,0.0,0.0,2025,-0.11652218583116003,-1.0,-1.0,A
total,over,0.46595214026796933,1.87,1.85,0.0,0.0,2025,-0.12866949769889735,-1.0,-1.0,A
total,over,0.4629329565565953,1.85,1.85,0.0,0.0,2025,-0.1435740303702987,-1.0,-1.0,A
total,over,0.5286493368717688,1.87,1.9,1.0,0.0,2025,-0.011425740049792243,0.8700000000000001,0.8999999999999999,A
total,over,0.4091929023615093,1.87,1.9,1.0,2.0,2025,-0.23480927258397755,0.8700000000000001,0.8999999999999999,A
total,over,0.4805804068889159,1.87,1.9,0.0,0.0,2025,-0.1013146391177272,-1.0,-1.0,A
total,over,0.49824800719682755,1.9,1.86,0.0,-20.0,2025,-0.053328786326027666,-1.0,-1.0,A
total,over,0.4541050256396883,1.87,1.9,0.0,0.0,2025,-0.15082360205378287,-1.0,-1.0,A
total,over,0.4911033666453251,1.87,1.9,1.0,0.0,2025,-0.081636704373242,0.8700000000000001,0.8999999999999999,A
total,over,0.3559054688928208,1.85,1.9,0.0,0.0,2025,-0.3415748825482815,-1.0,-1.0,A
total,over,0.5245926004470131,1.9,1.9,1.0,0.0,2025,-0.003274059150675246,0.8999999999999999,0.8999999999999999,A
total,over,0.48549647079729386,1.87,2.0,0.0,1.0,2025,-0.09212159960906041,-1.0,-1.0,A
total,over,0.5090300084007047,1.9,1.95,1.0,0.0,2025,-0.03284298403866115,0.8999999999999999,0.95,A
total,over,0.4812053422799217,1.85,1.85,1.0,0.0,2025,-0.10977011678214488,0.8500000000000001,0.8500000000000001,A
total,over,0.36533810138496614,1.95,1.9,1.0,-2.0,2025,-0.28759070229931605,0.95,0.8999999999999999,A
total,over,0.5150893626276802,1.85,1.95,1.0,0.0,2025,-0.04708467913879155,0.8500000000000001,0.95,A
total,over,0.43961133982341133,1.95,1.9,0.0,-2.0,2025,-0.1427578873443479,-1.0,-1.0,A
total,over,0.27588672132326886,1.87,1.9,0.0,-2.0,2025,-0.48409183112548726,-1.0,-1.0,A
total,over,0.4628519405091846,1.87,1.8,1.0,0.0,2025,-0.13446687124782475,0.8700000000000001,0.8,A
total,over,0.5040837495405064,1.87,1.95,0.0,0.0,2025,-0.05736338835925303,-1.0,-1.0,A
total,over,0.48415142161287644,1.87,1.85,1.0,1.0,2025,-0.09463684158392105,0.8700000000000001,0.8500000000000001,A
total,over,0.5188101198495073,1.87,1.11,0.0,-21.0,2025,-0.029825075881421248,-1.0,-1.0,A
total,over,0.48403202834767367,1.87,1.85,0.0,0.0,2025,-0.09486010698985015,-1.0,-1.0,A
total,over,0.5042939664350293,1.87,1.9,1.0,0.0,2025,-0.05697028276649507,0.8700000000000001,0.8999999999999999,A
total,over,0.26554727530563116,1.87,2.0,0.0,0.0,2025,-0.5034265951784698,-1.0,-1.0,A
total,over,0.3206827066660827,1.87,1.9,1.0,-3.0,2025,-0.40032333853442537,0.8700000000000001,0.8999999999999999,A
total,over,0.32471253405243117,1.9,1.9,1.0,-2.0,2025,-0.3830461853003808,0.8999999999999999,0.8999999999999999,A
total,over,0.5205417597043467,1.87,1.9,1.0,1.0,2025,-0.026586909352871668,0.8700000000000001,0.8999999999999999,A
total,over,0.3532035456424145,1.87,1.85,0.0,1.0,2025,-0.33950936964868483,-1.0,-1.0,A
total,over,0.3583513549526578,1.9,1.9,0.0,1.0,2025,-0.31913242558995025,-1.0,-1.0,A
total,over,0.49529431875675917,1.87,1.85,0.0,0.0,2025,-0.07379962392486028,-1.0,-1.0,A
total,over,0.43466632310578507,1.8,1.95,0.0,0.0,2025,-0.2176006184095869,-1.0,-1.0,A
total,over,0.3106663048140225,1.87,1.95,0.0,0.0,2025,-0.41905400999777787,-1.0,-1.0,A
total,over,0.5056645099111139,1.95,1.85,1.0,-2.0,2025,-0.013954205673327946,0.95,0.8500000000000001,A
total,over,0.5020041383366401,1.87,1.9,0.0,0.0,2025,-0.06125226131048289,-1.0,-1.0,A
total,over,0.4367315506258307,1.87,1.9,1.0,2.0,2025,-0.18331200032969652,0.8700000000000001,0.8999999999999999,A
total,over,0.455872872111345,1.87,1.87,0.0,0.0,2025,-0.14751772915178485,-1.0,-1.0,A
total,over,0.4501006865365048,1.9,1.95,0.0,-1.0,2025,-0.1448086955806409,-1.0,-1.0,A
total,over,0.3531170096554577,1.87,1.95,1.0,1.0,2025,-0.33967119194429407,0.8700000000000001,0.95,A
total,over,0.46885015608684383,1.9,1.9,0.0,0.0,2025,-0.10918470343499675,-1.0,-1.0,A
total,over,0.481280100392482,1.87,1.85,0.0,1.0,2025,-0.10000621226605866,-1.0,-1.0,A
total,over,0.527650452896973,1.95,2.0,1.0,0.0,2025,0.028918383149097338,0.95,1.0,A
total,over,0.422613802275938,1.95,1.9,1.0,0.0,2025,-0.1759030855619209,0.95,0.8999999999999999,A
total,over,0.49648644872507375,1.9,1.95,1.0,0.0,2025,-0.05667574742235992,0.8999999999999999,0.95,A
total,over,0.31360222168520435,1.9,2.0,0.0,0.0,2025,-0.4041557787981117,-1.0,-1.0,A
total,over,0.3747861839542349,1.87,2.25,1.0,0.0,2025,-0.29914983600558065,0.8700000000000001,1.25,A
total,over,0.5458093056139375,1.9,1.85,0.0,-3.0,2025,0.037037680666481165,-1.0,-1.0,A
total,over,0.5041732921090174,1.85,1.85,0.0,-1.0,2025,-0.0672794095983178,-1.0,-1.0,A
total,over,0.5946858414453663,1.87,1.8,1.0,0.0,2025,0.11206252350283497,0.8700000000000001,0.8,A
total,over,0.3896146450181714,1.85,1.9,0.0,2.0,2025,-0.2792129067163829,-1.0,-1.0,A
total,over,0.3220175333295267,1.91,2.0,0.0,0.0,2025,-0.384946511340604,-1.0,-1.0,A
total,over,0.4075826549289305,1.87,2.0,0.0,-1.0,2025,-0.23782043528289998,-1.0,-1.0,A
total,over,0.4889113138023255,1.85,1.95,1.0,0.0,2025,-0.09551406946569774,0.8500000000000001,0.95,A
total,over,0.5262291000294792,1.87,1.95,0.0,0.0,2025,-0.015951582944873866,-1.0,-1.0,A
total,over,0.4715054463358933,1.81,1.8,1.0,0.0,2025,-0.14657514213203304,0.81,0.8,A
total,over,0.5309345572212906,1.87,1.9,0.0,0.0,2025,-0.007152377996186621,-1.0,-1.0,A
total,over,0.5882897284828565,1.87,1.85,1.0,1.0,2025,0.10010179226294169,0.8700000000000001,0.8500000000000001,A
total,over,0.4687316390562912,1.9,2.0,1.0,-1.0,2025,-0.10940988579304667,0.8999999999999999,1.0,A
total,over,0.30116671388395133,1.87,1.9,1.0,0.0,2025,-0.43681824503701094,0.8700000000000001,0.8999999999999999,A
total,over,0.4778286046247089,1.87,1.85,1.0,0.0,2025,-0.1064605093517943,0.8700000000000001,0.8500000000000001,A
total,over,0.4917964382682931,1.9,1.9,1.0,0.0,2025,-0.06558676729024315,0.8999999999999999,0.8999999999999999,A
total,over,0.28993497198962925,1.9,1.9,1.0,0.0,2025,-0.44912355321970443,0.8999999999999999,0.8999999999999999,A
total,over,0.29574830707140454,1.85,2.0,1.0,0.0,2025,-0.45286563191790163,0.8500000000000001,1.0,A
total,over,0.540753728600208,1.9,1.9,0.0,0.0,2025,0.027432084340395013,-1.0,-1.0,A
total,over,0.2937646819336761,1.87,1.9,0.0,-1.0,2025,-0.45066004478402566,-1.0,-1.0,A
total,over,0.4990501337927588,1.9,1.95,1.0,0.0,2025,-0.05180474579375827,0.8999999999999999,0.95,A
total,over,0.5424268165945082,1.87,1.95,0.0,0.0,2025,0.014338147031730308,-1.0,-1.0,A
total,over,0.3850797821132156,1.85,1.8,0.0,0.0,2025,-0.2876024030905512,-1.0,-1.0,A
total,over,0.5388333579125602,1.87,1.95,1.0,1.0,2025,0.007618379296487454,0.8700000000000001,0.95,A
total,over,0.3481521551990908,1.95,2.0,0.0,-1.0,2025,-0.3211032973617729,-1.0,-1.0,A
total,over,0.5761890188088576,1.87,1.85,0.0,0.0,2025,0.07747346517256393,-1.0,-1.0,A
total,over,0.4930464355072074,1.87,1.9,1.0,0.0,2025,-0.0780031656015221,0.8700000000000001,0.8999999999999999,A
total,over,0.2743117148606905,1.87,1.9,0.0,-1.0,2025,-0.4870370932105087,-1.0,-1.0,A
total,over,0.5499323386389948,1.9,1.95,1.0,0.0,2025,0.04487144341409022,0.8999999999999999,0.95,A
total,over,0.5014187723986852,1.87,1.9,1.0,0.0,2025,-0.06234689561445872,0.8700000000000001,0.8999999999999999,A
total,over,0.5406632172908852,1.87,1.85,1.0,1.0,2025,0.011040216333955355,0.8700000000000001,0.8500000000000001,A
total,over,0.5294429035807796,1.9,1.9,1.0,-1.0,2025,0.005941516803481317,0.8999999999999999,0.8999999999999999,A
total,over,0.5321224338489053,1.9,1.95,0.0,0.0,2025,0.01103262431292018,-1.0,-1.0,A
total,over,0.2720459618824833,1.9,1.85,0.0,0.0,2025,-0.4831126724232817,-1.0,-1.0,A
total,over,0.3184653006114914,1.9,2.0,0.0,0.0,2025,-0.3949159288381663,-1.0,-1.0,A
total,over,0.4733193927597103,1.9,1.85,0.0,0.0,2025,-0.10069315375655052,-1.0,-1.0,A
total,over,0.4941992847371293,1.87,1.85,1.0,0.0,2025,-0.07584733754156814,0.8700000000000001,0.8500000000000001,A
total,over,0.4721174252990492,1.87,1.85,1.0,0.0,2025,-0.11714041469077796,0.8700000000000001,0.8500000000000001,A
total,over,0.5134960117136886,1.85,1.95,0.0,1.0,2025,-0.050032378329676,-1.0,-1.0,A
total,over,0.3344475117192639,1.87,1.9,1.0,0.0,2025,-0.3745831530849765,0.8700000000000001,0.8999999999999999,A
total,over,0.5396091215839147,1.87,1.9,0.0,0.0,2025,0.00906905736192054,-1.0,-1.0,A
total,over,0.49288491298202464,1.95,1.9,1.0,-1.0,2025,-0.03887441968505201,0.95,0.8999999999999999,A
total,over,0.6039144822048024,1.8,1.9,0.0,2.0,2025,0.08704606796864423,-1.0,-1.0,A
total,over,0.4867501069297751,1.85,1.9,1.0,2.0,2025,-0.09951230217991602,0.8500000000000001,0.8999999999999999,A
total,over,0.5001401098354523,1.87,1.8,0.0,1.0,2025,-0.06473799460770413,-1.0,-1.0,A
total,over,0.5744409116241121,1.9,1.9,0.0,2.0,2025,0.09143773208581307,-1.0,-1.0,A
total,over,0.5341362385789478,1.87,1.85,0.0,-1.0,2025,-0.0011652338573676646,-1.0,-1.0,A
total,over,0.5775439489010978,1.87,1.85,1.0,0.0,2025,0.08000718444505295,0.8700000000000001,0.8500000000000001,A
total,over,0.5369981175688587,1.95,1.85,0.0,-1.0,2025,0.04714632925927442,-1.0,-1.0,A
total,over,0.3159777211536907,1.87,1.9,1.0,0.0,2025,-0.4091216614425983,0.8700000000000001,0.8999999999999999,A
total,over,0.5681103750897241,1.87,1.9,0.0,0.0,2025,0.062366401417784045,-1.0,-1.0,A
total,over,0.5814606210899226,1.85,1.95,0.0,1.0,2025,0.07570214901635675,-1.0,-1.0,A
total,over,0.5065647330701897,1.87,1.85,1.0,1.0,2025,-0.05272394915874523,0.8700000000000001,0.8500000000000001,A
total,over,0.5230654794615326,1.87,1.95,1.0,0.0,2025,-0.021867553406934026,0.8700000000000001,0.95,A
total,over,0.4581218571540563,1.87,1.95,0.0,-1.0,2025,-0.14331212712191466,-1.0,-1.0,A
total,over,0.46627805835793756,1.87,1.85,1.0,1.0,2025,-0.12806003087065676,0.8700000000000001,0.8500000000000001,A
total,over,0.4863860614301035,1.87,1.9,0.0,0.0,2025,-0.09045806512570642,-1.0,-1.0,A
total,over,0.4762742443160093,1.87,1.85,0.0,0.0,2025,-0.10936716312906258,-1.0,-1.0,A
total,over,0.5112690484421687,1.8,1.85,0.0,2.0,2025,-0.07971571280409628,-1.0,-1.0,A
total,over,0.48273890407332515,1.9,1.95,0.0,0.0,2025,-0.08279608226068225,-1.0,-1.0,A
total,over,0.5696475071440392,1.9,1.95,1.0,0.0,2025,0.08233026357367446,0.8999999999999999,0.95,A
total,over,0.50819869616395,1.87,1.85,1.0,0.0,2025,-0.04966843817341349,0.8700000000000001,0.8500000000000001,A
total,over,0.45731583448944246,1.87,1.9,0.0,2.0,2025,-0.1448193895047425,-1.0,-1.0,A
total,over,0.44985281073676014,1.9,1.9,0.0,0.0,2025,-0.14527965960015576,-1.0,-1.0,A
total,over,0.41521955439721975,1.87,1.95,0.0,0.0,2025,-0.22353943327719905,-1.0,-1.0,A
total,over,0.5153490493958265,1.9,1.95,0.0,0.0,2025,-0.02083680614792971,-1.0,-1.0,A
total,over,0.27831336288989594,1.87,1.95,1.0,0.0,2025,-0.4795540113958946,0.8700000000000001,0.95,A
total,over,0.4680093691849268,1.85,1.8,1.0,0.0,2025,-0.1341826670078854,0.8500000000000001,0.8,A
total,over,0.3673471131468097,1.87,1.95,0.0,-1.0,2025,-0.3130608984154659,-1.0,-1.0,A
total,over,0.5234745679772851,1.95,1.85,0.0,-1.0,2025,0.020775407555705838,-1.0,-1.0,A
total,over,0.42271676218328696,1.9,1.9,1.0,0.0,2025,-0.1968381518517548,0.8999999999999999,0.8999999999999999,A
total,over,0.5012303968495535,1.8,1.95,1.0,0.0,2025,-0.09778528567080369,0.8,0.95,A
total,over,0.41225803720230975,1.9,1.9,0.0,-2.0,2025,-0.2167097293156115,-1.0,-1.0,A
total,over,0.3312610099770703,1.95,1.9,0.0,-3.0,2025,-0.3540410305447129,-1.0,-1.0,A
total,over,0.33991224821134197,1.95,1.9,0.0,-2.0,2025,-0.3371711159878832,-1.0,-1.0,A
total,over,0.3205384666165086,1.87,1.95,0.0,-2.0,2025,-0.40059306742712886,-1.0,-1.0,A
total,over,0.5309415485774428,1.87,1.95,0.0,0.0,2025,-0.007139304160181936,-1.0,-1.0,A
total,over,0.3371295756951518,1.85,2.0,1.0,-1.0,2025,-0.3763102849639691,0.8500000000000001,1.0,A
total,over,0.4689691091897028,1.87,1.9,0.0,0.0,2025,-0.12302776581525565,-1.0,-1.0,A
total,over,0.3486498767463324,1.9,1.9,0.0,-1.0,2025,-0.3375652341819685,-1.0,-1.0,A
total,over,0.5500778182089732,1.85,1.95,1.0,1.0,2025,0.017643963686600372,0.8500000000000001,0.95,A
total,over,0.2944945655346581,1.87,1.9,1.0,-1.0,2025,-0.4492951624501894,0.8700000000000001,0.8999999999999999,A
total,over,0.4397897551053122,1.87,1.85,0.0,-1.0,2025,-0.17759315795306607,-1.0,-1.0,A
total,over,0.5195663030239601,1.87,1.95,0.0,0.0,2025,-0.02841101334519447,-1.0,-1.0,A
total,over,0.3848939823796616,1.87,1.9,0.0,-1.0,2025,-0.28024825295003275,-1.0,-1.0,A
total,over,0.5190095669262016,1.85,1.95,0.0,1.0,2025,-0.03983230118652703,-1.0,-1.0,A
total,over,0.5856538543669378,1.85,1.95,1.0,1.0,2025,0.0834596305788351,0.8500000000000001,0.95,A
total,over,0.42365951572038113,2.0,1.95,1.0,0.0,2025,-0.15268096855923774,1.0,0.95,A
total,over,0.5296251509912613,1.87,1.9,1.0,0.0,2025,-0.00960096764634133,0.8700000000000001,0.8999999999999999,A
total,over,0.4900193818108232,1.87,1.95,0.0,0.0,2025,-0.08366375601376053,-1.0,-1.0,A
total,over,0.44894535496618154,1.9,1.95,0.0,0.0,2025,-0.14700382556425506,-1.0,-1.0,A
total,over,0.4814633491008323,1.87,1.85,0.0,0.0,2025,-0.0996635371814435,-1.0,-1.0,A
total,over,0.40205690819123135,1.9,1.95,0.0,-1.0,2025,-0.23609187443666046,-1.0,-1.0,A
total,over,0.5862188027801487,1.85,1.95,0.0,1.0,2025,0.0845047851432752,-1.0,-1.0,A
total,over,0.5231652165944624,1.87,1.95,0.0,0.0,2025,-0.021681044968355323,-1.0,-1.0,A
total,over,0.4978643511795623,1.87,1.95,1.0,0.0,2025,-0.06899366329421841,0.8700000000000001,0.95,A
total,over,0.5089467460181241,1.85,1.9,1.0,0.0,2025,-0.05844851986647048,0.8500000000000001,0.8999999999999999,A
total,over,0.5286925194479066,1.85,1.85,0.0,-7.0,2025,-0.021918839021372705,-1.0,-1.0,A
total,over,0.528115607997736,1.87,1.9,1.0,0.0,2025,-0.012423813044233567,0.8700000000000001,0.8999999999999999,A
total,over,0.4867705961551156,1.87,1.1,1.0,-13.0,2025,-0.08973898518993384,0.8700000000000001,0.10000000000000009,A
total,over,0.5013817947268339,1.87,1.93,0.0,-12.0,2025,-0.06241604386082067,-1.0,-1.0,A
total,over,0.2998111844666689,1.87,1.95,1.0,-1.0,2025,-0.4393530850473292,0.8700000000000001,0.95,A
total,over,0.5328773269218322,1.87,1.9,1.0,0.0,2025,-0.003519398656173678,0.8700000000000001,0.8999999999999999,A
total,over,0.41647925333154157,1.87,1.95,0.0,0.0,2025,-0.22118379627001727,-1.0,-1.0,A
total,over,0.47791861317585815,1.85,1.95,1.0,1.0,2025,-0.11585056562466234,0.8500000000000001,0.95,A
total,over,0.5415237887477377,1.8,1.85,1.0,1.0,2025,-0.025257180254072198,0.8,0.8500000000000001,A
total,over,0.402407305254021,1.8,1.8,1.0,0.0,2025,-0.2756668505427622,0.8,0.8,A
total,over,0.5157517122802431,1.85,1.9,1.0,1.0,2025,-0.04585933228155026,0.8500000000000001,0.8999999999999999,A
total,over,0.5051529623911981,1.87,1.95,0.0,0.0,2025,-0.05536396032845947,-1.0,-1.0,A
total,over,0.4540359991214819,1.87,1.9,1.0,1.0,2025,-0.15095268164282882,0.8700000000000001,0.8999999999999999,A
total,over,0.43703649323883165,1.9,1.85,0.0,0.0,2025,-0.16963066284621986,-1.0,-1.0,A
total,over,0.48867365688021214,1.85,1.9,1.0,2.0,2025,-0.09595373477160751,0.8500000000000001,0.8999999999999999,A
total,over,0.44030095853434426,1.85,1.8,1.0,0.0,2025,-0.18544322671146307,0.8500000000000001,0.8,A
total,over,0.47406656868752517,1.9,2.0,0.0,0.0,2025,-0.09927351949370222,-1.0,-1.0,A
total,over,0.48367126233730384,1.95,1.8,1.0,2.0,2025,-0.05684103844225752,0.95,0.8,A
total,over,0.39222591465554146,1.8,1.8,1.0,2.0,2025,-0.2939933536200253,0.8,0.8,A
total,over,0.5170938351739743,1.9,1.8,1.0,-1.0,2025,-0.017521713169448838,0.8999999999999999,0.8,A
total,over,0.33322216700702556,1.9,1.9,0.0,0.0,2025,-0.36687788268665145,-1.0,-1.0,A
total,over,0.5173920259177082,1.9,1.95,0.0,0.0,2025,-0.016955150756354564,-1.0,-1.0,A
total,over,0.5432048604239494,1.9,1.85,1.0,1.0,2025,0.03208923480550396,0.8999999999999999,0.8500000000000001,A
total,over,0.4706257684185021,1.9,1.95,0.0,-2.0,2025,-0.10581104000484598,-1.0,-1.0,A
total,over,0.5342683181772645,1.9,1.95,1.0,0.0,2025,0.015109804536802551,0.8999999999999999,0.95,A
total,over,0.5290927436008646,1.9,1.8,0.0,1.0,2025,0.005276212841642591,-1.0,-1.0,A
total,over,0.5302827681541047,1.9,1.85,0.0,2.0,2025,0.007537259492798931,-1.0,-1.0,A
total,over,0.5809336610740984,1.9,1.85,1.0,0.0,2025,0.10377395604078687,0.8999999999999999,0.8500000000000001,A
total,under,0.4139398976631914,1.91,1.952,1.0,0.0,2023,-0.2093747954633045,0.9099999999999999,0.952,A
total,under,0.4574227469448482,1.91,1.87,1.0,0.0,2023,-0.12632255333534004,0.9099999999999999,0.8700000000000001,A
total,under,0.427779381309787,1.91,1.91,1.0,0.0,2023,-0.18294138169830687,0.9099999999999999,0.9099999999999999,A
total,under,0.4787272365805385,1.91,1.97,1.0,0.0,2023,-0.08563097813117149,0.9099999999999999,0.97,A
total,under,0.46068153672703926,1.91,1.89,1.0,0.0,2023,-0.120098264851355,0.9099999999999999,0.8899999999999999,A
total,under,0.46425552443153983,1.91,1.91,0.0,2.0,2023,-0.11327194833575893,-1.0,-1.0,A
total,under,0.5534552977087995,1.91,1.97,1.0,1.0,2023,0.05709961862380708,0.9099999999999999,0.97,A
total,under,0.38951525043021706,1.91,1.91,1.0,0.0,2023,-0.2560258716782854,0.9099999999999999,0.9099999999999999,A
total,under,0.42571905309467106,1.91,1.87,0.0,0.0,2023,-0.18687660858917832,-1.0,-1.0,A
total,under,0.4361116371192184,1.97,1.89,0.0,1.0,2023,-0.14086007487513974,-1.0,-1.0,A
total,under,0.4968392254332641,1.91,1.91,1.0,-1.0,2023,-0.0510370794224656,0.9099999999999999,0.9099999999999999,A
total,under,0.4120631055041871,1.952,1.91,1.0,0.0,2023,-0.1956528180558268,0.952,0.9099999999999999,A
total,under,0.47080704830612563,1.91,1.91,1.0,0.0,2023,-0.10075853773530008,0.9099999999999999,0.9099999999999999,A
total,under,0.4305436107130616,1.91,1.952,0.0,2.0,2023,-0.17766170353805244,-1.0,-1.0,A
total,under,0.42159112345835104,1.91,1.89,0.0,-2.0,2023,-0.19476095419454953,-1.0,-1.0,A
total,under,0.3915808963895461,1.91,1.952,1.0,-2.0,2023,-0.25208048789596704,0.9099999999999999,0.952,A
total,under,0.45158351862832335,1.91,1.91,0.0,0.0,2023,-0.13747547941990246,-1.0,-1.0,A
total,under,0.4604237263365919,1.91,1.91,1.0,-1.0,2023,-0.12059068269710949,0.9099999999999999,0.9099999999999999,A
total,under,0.44982915554857916,1.91,1.91,0.0,-1.0,2023,-0.1408263129022138,-1.0,-1.0,A
total,under,0.4560812861342426,1.91,1.97,0.0,-1.0,2023,-0.1288847434835967,-1.0,-1.0,A
total,under,0.4489524832545927,1.91,1.97,0.0,-1.0,2023,-0.142500756983728,-1.0,-1.0,A
total,under,0.4072839256831451,1.91,1.91,1.0,0.0,2023,-0.2220877019451929,0.9099999999999999,0.9099999999999999,A
total,under,0.4853234197725561,1.91,1.91,1.0,0.0,2023,-0.07303226823441789,0.9099999999999999,0.9099999999999999,A
total,under,0.45709876812355055,1.91,1.87,1.0,-1.0,2023,-0.12694135288401853,0.9099999999999999,0.8700000000000001,A
total,under,0.47487794558593655,1.91,1.952,1.0,0.0,2023,-0.09298312393086128,0.9099999999999999,0.952,A
total,under,0.4782942761253113,1.91,1.91,1.0,-1.0,2023,-0.08645793260065548,0.9099999999999999,0.9099999999999999,A
total,under,0.4725580067170231,1.91,1.85,1.0,0.0,2023,-0.09741420717048599,0.9099999999999999,0.8500000000000001,A
total,under,0.45331445134425163,1.91,1.97,0.0,0.0,2023,-0.1341693979324794,-1.0,-1.0,A
total,under,0.38043443755820094,1.97,1.91,0.0,-2.0,2023,-0.25054415801034413,-1.0,-1.0,A
total,under,0.4721145612049442,1.91,1.91,0.0,2.0,2023,-0.09826118809855655,-1.0,-1.0,A
total,under,0.4503889611897741,1.91,1.91,1.0,1.0,2023,-0.13975708412753152,0.9099999999999999,0.9099999999999999,A
total,under,0.4944980612671197,1.91,1.91,0.0,0.0,2023,-0.05550870297980137,-1.0,-1.0,A
total,under,0.4611006470737239,1.91,1.91,0.0,0.0,2023,-0.11929776408918735,-1.0,-1.0,A
total,under,0.4302823590449979,1.91,1.91,1.0,1.0,2023,-0.178160694224054,0.9099999999999999,0.9099999999999999,A
total,under,0.37794004756355937,1.91,1.91,1.0,0.0,2023,-0.2781345091536016,0.9099999999999999,0.9099999999999999,A
total,under,0.511773256399191,1.82,1.952,0.0,2.0,2023,-0.06857267335347228,-1.0,-1.0,A
total,under,0.4751303010732718,1.82,2.0,0.0,0.0,2023,-0.13526285204664523,-1.0,-1.0,A
total,under,0.45618175828151997,1.91,1.952,0.0,-1.0,2023,-0.1286928416822969,-1.0,-1.0,A
total,under,0.5109385986422618,1.91,1.952,1.0,0.0,2023,-0.024107276593280047,0.9099999999999999,0.952,A
total,under,0.4811017141373982,1.97,1.97,1.0,-2.0,2023,-0.052229623149325555,0.97,0.97,A
total,under,0.45385212443727574,1.91,1.91,0.0,-2.0,2023,-0.13314244232480332,-1.0,-1.0,A
total,under,0.4906919424913906,1.91,1.91,0.0,-2.0,2023,-0.06277838984144402,-1.0,-1.0,A
total,under,0.5043354916131482,1.91,1.91,0.0,-2.0,2023,-0.03671921101888709,-1.0,-1.0,A
total,under,0.404381663618228,1.91,1.87,1.0,-3.0,2023,-0.22763102248918454,0.9099999999999999,0.8700000000000001,A
total,under,0.46942735233266064,1.91,2.0,1.0,-1.0,2023,-0.10339375704461817,0.9099999999999999,1.0,A
total,under,0.4236188606491713,1.91,1.91,1.0,-2.0,2023,-0.1908879761600828,0.9099999999999999,0.9099999999999999,A
total,under,0.49141233492214365,1.91,1.91,1.0,0.0,2023,-0.061402440298705674,0.9099999999999999,0.9099999999999999,A
total,under,0.4663604351863915,1.91,1.952,0.0,-3.0,2023,-0.10925156879399234,-1.0,-1.0,A
total,under,0.45471742876114385,1.91,1.91,1.0,0.0,2023,-0.13148971106621532,0.9099999999999999,0.9099999999999999,A
total,under,0.46025862276515905,1.91,1.91,1.0,-2.0,2023,-0.1209060305185462,0.9099999999999999,0.9099999999999999,A
total,under,0.41380619880820546,1.91,1.89,1.0,2.0,2023,-0.20963016027632764,0.9099999999999999,0.8899999999999999,A
total,under,0.45536206123249245,1.91,2.0,1.0,0.0,2023,-0.13025846304593947,0.9099999999999999,1.0,A
total,under,0.43431651941088545,1.91,1.91,0.0,-1.0,2023,-0.17045544792520884,-1.0,-1.0,A
total,under,0.4281292945115516,1.91,1.952,1.0,-1.0,2023,-0.1822730474829365,0.9099999999999999,0.952,A
total,under,0.4528440189477605,1.91,1.952,0.0,-3.0,2023,-0.1350679238097775,-1.0,-1.0,A
total,under,0.46105838794000575,1.91,1.952,1.0,-1.0,2023,-0.11937847903458909,0.9099999999999999,0.952,A
total,under,0.44591714980458463,1.91,1.87,0.0,-1.0,2023,-0.14829824387324342,-1.0,-1.0,A
total,under,0.4903241244415443,1.91,1.82,0.0,0.0,2023,-0.06348092231665048,-1.0,-1.0,A
total,under,0.42548420346049964,1.91,1.91,0.0,-2.0,2023,-0.1873251713904457,-1.0,-1.0,A
total,under,0.42079545764213644,1.91,1.91,0.0,-2.0,2023,-0.19628067590351939,-1.0,-1.0,A
total,under,0.4568250437166126,1.91,1.91,1.0,0.0,2023,-0.12746416650127002,0.9099999999999999,0.9099999999999999,A
total,under,0.4722619297560714,1.91,1.89,0.0,0.0,2023,-0.09797971416590368,-1.0,-1.0,A
total,under,0.5654925568451388,1.91,1.87,1.0,3.0,2023,0.08009078357421506,0.9099999999999999,0.8700000000000001,A
total,under,0.5964588636498946,1.91,1.91,1.0,4.0,2023,0.13923642957129867,0.9099999999999999,0.9099999999999999,A
total,under,0.45084622170871436,1.91,1.91,1.0,2.0,2023,-0.13888371653635556,0.9099999999999999,0.9099999999999999,A
total,under,0.40854457867665994,1.91,2.0,1.0,-1.0,2023,-0.21967985472757956,0.9099999999999999,1.0,A
total,under,0.4387232747595702,1.91,1.91,0.0,0.0,2023,-0.162038545209221,-1.0,-1.0,A
total,under,0.478131804933966,1.91,1.952,1.0,-2.0,2023,-0.08676825257612497,0.9099999999999999,0.952,A
total,under,0.4563121619296592,1.91,1.952,1.0,-2.0,2023,-0.12844377071435098,0.9099999999999999,0.952,A
total,under,0.40766555917479863,1.91,2.0,0.0,-5.0,2023,-0.22135878197613468,-1.0,-1.0,A
total,under,0.4618840445148745,1.91,1.91,1.0,0.0,2023,-0.11780147497658966,0.9099999999999999,0.9099999999999999,A
total,under,0.46893109799096666,1.91,1.952,1.0,-3.0,2023,-0.10434160283725369,0.9099999999999999,0.952,A
total,under,0.6279182095181645,1.91,1.97,1.0,1.0,2023,0.1993237801796941,0.9099999999999999,0.97,A
total,under,0.473161547096254,1.91,1.91,0.0,3.0,2023,-0.09626144504615486,-1.0,-1.0,A
total,under,0.44123411338300733,1.91,1.952,1.0,1.0,2023,-0.15724284343845607,0.9099999999999999,0.952,A
total,under,0.4480472119770521,1.91,1.952,1.0,0.0,2023,-0.14422982512383054,0.9099999999999999,0.952,A
total,under,0.4714428864529685,1.91,1.91,0.0,2.0,2023,-0.09954408687483018,-1.0,-1.0,A
total,under,0.5641993837937056,1.91,2.0,1.0,0.0,2023,0.07762082304597762,0.9099999999999999,1.0,A
total,under,0.4619629394973651,1.91,2.0,0.0,0.0,2023,-0.11765078556003272,-1.0,-1.0,A
total,under,0.416286242547973,1.91,1.91,0.0,-2.0,2023,-0.20489327673337165,-1.0,-1.0,A
total,under,0.4761387963006688,1.91,1.91,0.0,-2.0,2023,-0.09057489906572258,-1.0,-1.0,A
total,under,0.4901212074994412,1.91,1.91,1.0,0.0,2023,-0.06386849367606728,0.9099999999999999,0.9099999999999999,A
total,under,0.4219189367064782,1.91,1.97,1.0,0.0,2023,-0.19413483089062666,0.9099999999999999,0.97,A
total,under,0.4389839179126014,1.91,1.97,0.0,0.0,2023,-0.16154071678693138,-1.0,-1.0,A
total,under,0.4938996653921942,1.91,1.91,0.0,0.0,2023,-0.05665163910090909,-1.0,-1.0,A
total,under,0.5201233722309436,1.91,1.91,1.0,-1.0,2023,-0.006564359038897738,0.9099999999999999,0.9099999999999999,A
total,under,0.5286407876373884,1.91,1.87,0.0,1.0,2023,0.009703904387411866,-1.0,-1.0,A
total,under,0.4374640841296886,1.91,1.91,1.0,0.0,2023,-0.1644435993122948,0.9099999999999999,0.9099999999999999,A
total,under,0.47012923026196507,1.91,1.97,1.0,-2.0,2023,-0.10205317019964677,0.9099999999999999,0.97,A
total,under,0.48904625986347106,1.91,1.91,0.0,0.0,2023,-0.06592164366077036,-1.0,-1.0,A
total,under,0.4264198678088429,1.91,1.97,1.0,0.0,2023,-0.18553805248511013,0.9099999999999999,0.97,A
total,under,0.45202815211005354,1.91,1.97,1.0,0.0,2023,-0.13662622946979774,0.9099999999999999,0.97,A
total,under,0.453602843720774,1.91,1.91,0.0,-1.0,2023,-0.13361856849332177,-1.0,-1.0,A
total,under,0.4112762438837797,1.91,1.87,0.0,0.0,2023,-0.21446237418198077,-1.0,-1.0,A
total,under,0.44895104480046977,1.91,1.97,0.0,-1.0,2023,-0.14250350443110282,-1.0,-1.0,A
total,under,0.3998351798172254,1.91,1.91,1.0,0.0,2023,-0.23631480654909953,0.9099999999999999,0.9099999999999999,A
total,under,0.45081218693985714,1.91,1.91,1.0,-1.0,2023,-0.13894872294487293,0.9099999999999999,0.9099999999999999,A
total,under,0.49753891755134105,1.91,1.91,0.0,-1.0,2023,-0.049700667476938576,-1.0,-1.0,A
total,under,0.4222447736442483,1.91,1.91,1.0,0.0,2023,-0.19351248233948581,0.9099999999999999,0.9099999999999999,A
total,under,0.47293767442530943,1.91,1.91,0.0,1.0,2023,-0.09668904184765903,-1.0,-1.0,A
total,under,0.4438172013389484,1.91,1.91,0.0,0.0,2023,-0.15230914544260854,-1.0,-1.0,A
total,under,0.48766551246861023,1.91,2.0,0.0,1.0,2023,-0.06855887118495452,-1.0,-1.0,A
total,under,0.4896038104540915,1.91,1.89,1.0,0.0,2023,-0.06485672203268522,0.9099999999999999,0.8899999999999999,A
total,under,0.46008871828962694,1.91,1.97,0.0,-1.0,2023,-0.12123054806681255,-1.0,-1.0,A
total,under,0.5119574182803548,1.91,1.952,0.0,0.0,2023,-0.02216133108452234,-1.0,-1.0,A
total,under,0.49826531241349925,1.952,2.0,0.0,2.0,2023,-0.02738611016884951,-1.0,-1.0,A
total,under,0.4921967101691678,1.91,1.97,0.0,0.0,2023,-0.059904283576889594,-1.0,-1.0,A
total,under,0.44663640660754755,1.91,1.87,1.0,1.0,2023,-0.1469244633795842,0.9099999999999999,0.8700000000000001,A
total,under,0.49033965793079715,1.91,1.91,0.0,0.0,2023,-0.0634512533521775,-1.0,-1.0,A
total,under,0.4515763587173367,1.91,1.952,0.0,-1.0,2023,-0.13748915484988689,-1.0,-1.0,A
total,under,0.3931861612570221,1.91,1.91,0.0,0.0,2023,-0.2490144319990878,-1.0,-1.0,A
total,under,0.47397078722074626,1.91,1.952,1.0,-1.0,2023,-0.09471579640837469,0.9099999999999999,0.952,A
total,under,0.38215752036807205,1.91,1.87,1.0,-1.0,2023,-0.2700791360969824,0.9099999999999999,0.8700000000000001,A
total,under,0.4119555051929472,1.91,1.91,1.0,0.0,2023,-0.21316498508147086,0.9099999999999999,0.9099999999999999,A
total,under,0.4443318880398561,1.952,2.0,0.0,-2.0,2023,-0.13266415454620084,-1.0,-1.0,A
total,under,0.4508295191816254,1.91,1.91,0.0,0.0,2023,-0.13891561836309552,-1.0,-1.0,A
total,under,0.4337811388875028,1.91,1.91,0.0,-2.0,2023,-0.17147802472486973,-1.0,-1.0,A
total,under,0.451193776060797,1.91,2.0,1.0,2.0,2023,-0.13821988772387772,0.9099999999999999,1.0,A
total,under,0.4570627084838247,1.91,1.91,1.0,1.0,2023,-0.1270102267958949,0.9099999999999999,0.9099999999999999,A
total,under,0.514381641988988,1.91,1.91,1.0,-4.0,2023,-0.017531063801033087,0.9099999999999999,0.9099999999999999,A
total,under,0.4214141197329241,1.91,2.0,1.0,-1.0,2023,-0.19509903131011508,0.9099999999999999,1.0,A
total,under,0.42162982131178295,1.91,1.91,1.0,-1.0,2023,-0.19468704129449466,0.9099999999999999,0.9099999999999999,A
total,under,0.4770845609637363,1.91,1.97,0.0,0.0,2023,-0.08876848855926367,-1.0,-1.0,A
total,under,0.5422203880613976,1.952,1.87,1.0,5.0,2023,0.058414197495848086,0.952,0.8700000000000001,A
total,under,0.43094517966745005,1.91,1.8,0.0,0.0,2023,-0.1768947068351704,-1.0,-1.0,A
total,under,0.47947947060788987,1.91,1.91,0.0,0.0,2023,-0.08419421113893044,-1.0,-1.0,A
total,under,0.5302267777394973,1.91,1.91,0.0,0.0,2023,0.012733145482439756,-1.0,-1.0,A
total,under,0.529026238945757,1.91,1.91,1.0,-1.0,2023,0.010440116386395637,0.9099999999999999,0.9099999999999999,A
total,under,0.4867106162172493,1.952,1.97,0.0,0.0,2023,-0.04994087714392936,-1.0,-1.0,A
total,under,0.5032450158395002,1.91,1.952,1.0,0.0,2023,-0.03880201974655462,0.9099999999999999,0.952,A
total,under,0.4373828991348039,1.91,1.97,0.0,-5.0,2023,-0.16459866265252465,-1.0,-1.0,A
total,under,0.37358250883330557,1.91,2.0,0.0,-3.0,2023,-0.2864574081283864,-1.0,-1.0,A
total,under,0.38575239707688325,1.91,1.91,0.0,-3.0,2023,-0.263212921583153,-1.0,-1.0,A
total,under,0.4119075349490523,1.91,1.91,0.0,0.0,2023,-0.2132566082473102,-1.0,-1.0,A
total,under,0.49810268301940075,1.91,1.91,1.0,-3.0,2023,-0.04862387543294466,0.9099999999999999,0.9099999999999999,A
total,under,0.45018961820562164,1.91,1.91,0.0,-2.0,2023,-0.1401378292272627,-1.0,-1.0,A
total,under,0.46447179948951733,1.91,1.91,0.0,-1.0,2023,-0.1128588629750219,-1.0,-1.0,A
total,under,0.42262358926723187,1.91,1.952,1.0,-1.0,2023,-0.19278894449958717,0.9099999999999999,0.952,A
total,under,0.40362390253194613,1.91,1.91,0.0,-2.0,2023,-0.22907834616398293,-1.0,-1.0,A
total,under,0.3892658863565309,1.91,1.87,0.0,-3.0,2023,-0.256502157059026,-1.0,-1.0,A
total,under,0.42902003929336163,1.91,1.91,1.0,-2.0,2023,-0.18057172494967932,0.9099999999999999,0.9099999999999999,A
total,under,0.44786888143849013,1.91,1.91,0.0,-5.0,2023,-0.1445704364524839,-1.0,-1.0,A
total,under,0.45185247972789133,1.97,1.91,1.0,-2.0,2023,-0.10985061493605408,0.97,0.9099999999999999,A
total,under,0.42750271534964013,1.97,1.97,1.0,2.0,2023,-0.15781965076120896,0.97,0.97,A
total,under,0.5213826232413944,1.87,1.87,0.0,0.0,2023,-0.02501449453859239,-1.0,-1.0,A
total,under,0.539197967522427,1.97,1.97,0.0,-2.0,2023,0.062219996019181156,-1.0,-1.0,A
total,under,0.48096942441664714,1.97,1.91,0.0,-2.0,2023,-0.05249023389920515,-1.0,-1.0,A
total,under,0.51514610794072,1.91,1.952,1.0,0.0,2023,-0.016070933833224776,0.9099999999999999,0.952,A
total,under,0.5794181682456756,1.91,1.91,0.0,-1.0,2023,0.10668870134924036,-1.0,-1.0,A
total,under,0.5542848584858722,1.91,1.91,0.0,0.0,2023,0.0586840797080157,-1.0,-1.0,A
total,under,0.5483819316696965,1.82,1.91,1.0,0.0,2023,-0.0019448843611523658,0.8200000000000001,0.9099999999999999,A
total,under,0.6155344519963593,1.91,1.91,0.0,-2.0,2023,0.17567080331304608,-1.0,-1.0,A
total,under,0.4629018836939086,1.91,1.91,0.0,-1.0,2023,-0.11585740214463458,-1.0,-1.0,A
total,under,0.5094169406562368,1.91,1.91,1.0,-1.0,2023,-0.027013643346587846,0.9099999999999999,0.9099999999999999,A
total,under,0.5184299063693929,1.91,1.952,1.0,0.0,2023,-0.009798878834459623,0.9099999999999999,0.952,A
total,under,0.47646670585494255,1.91,1.91,1.0,-2.0,2023,-0.08994859181705972,0.9099999999999999,0.9099999999999999,A
total,under,0.5383904254219628,1.91,1.91,1.0,-1.0,2023,0.028325712555948845,0.9099999999999999,0.9099999999999999,A
total,under,0.5317312404030166,1.91,1.91,1.0,-1.0,2023,0.015606669169761611,0.9099999999999999,0.9099999999999999,A
total,under,0.5270443867305655,1.91,1.91,1.0,2.0,2023,0.006654778655380111,0.9099999999999999,0.9099999999999999,A
total,under,0.5352121647646721,1.91,2.0,1.0,-1.0,2023,0.022255234700523818,0.9099999999999999,1.0,A
total,under,0.4677432853488055,1.91,2.0,1.0,1.0,2023,-0.10661032498378153,0.9099999999999999,1.0,A
total,under,0.4957518652856042,1.91,1.87,0.0,1.0,2023,-0.053113937304495984,-1.0,-1.0,A
total,under,0.5964693703074098,1.91,1.91,0.0,1.0,2023,0.13925649728715261,-1.0,-1.0,A
total,under,0.5770787719676016,1.91,1.91,1.0,0.0,2023,0.10222045445811911,0.9099999999999999,0.9099999999999999,A
total,under,0.5319416779245938,1.91,1.91,1.0,0.0,2023,0.016008604835973994,0.9099999999999999,0.9099999999999999,A
total,under,0.5560220254247688,1.91,1.91,1.0,0.0,2023,0.0620020685613083,0.9099999999999999,0.9099999999999999,A
total,under,0.5371446768685663,1.91,1.91,1.0,1.0,2023,0.025946332818961526,0.9099999999999999,0.9099999999999999,A
total,under,0.5625807802397408,1.91,1.91,1.0,0.0,2023,0.07452929025790489,0.9099999999999999,0.9099999999999999,A
total,under,0.5416449427884293,1.91,1.91,0.0,-1.0,2023,0.03454184072589994,-1.0,-1.0,A
total,under,0.6125614311451882,1.91,1.87,1.0,0.0,2023,0.16999233348730947,0.9099999999999999,0.8700000000000001,A
total,under,0.5574431994403137,1.91,1.87,0.0,0.0,2023,0.06471651093099928,-1.0,-1.0,A
total,under,0.5719428032655685,1.91,1.952,1.0,1.0,2023,0.09241075423723566,0.9099999999999999,0.952,A
total,under,0.4864450185866457,1.91,2.0,0.0,0.0,2023,-0.07089001449950683,-1.0,-1.0,A
total,under,0.5353730787427233,1.91,1.85,0.0,-1.0,2023,0.022562580398601595,-1.0,-1.0,A
total,under,0.5619129033803092,1.91,1.87,1.0,0.0,2023,0.07325364545639057,0.9099999999999999,0.8700000000000001,A
total,under,0.5516741002519336,1.91,1.85,0.0,-1.0,2023,0.05369753148119316,-1.0,-1.0,A
total,under,0.4773938200830934,1.952,1.87,0.0,-1.0,2023,-0.06812726319780171,-1.0,-1.0,A
total,under,0.5324764784966477,1.91,1.91,0.0,-1.0,2023,0.017030073928597123,-1.0,-1.0,A
total,under,0.5325145889321856,1.91,2.0,0.0,1.0,2023,0.01710286486047452,-1.0,-1.0,A
total,under,0.4884935306005934,1.91,2.0,0.0,0.0,2023,-0.06697735655286663,-1.0,-1.0,A
total,under,0.5591431369434146,1.91,1.85,1.0,-1.0,2023,0.06796339156192177,0.9099999999999999,0.8500000000000001,A
total,under,0.4740889316425153,1.91,1.97,0.0,-1.0,2023,-0.09449014056279581,-1.0,-1.0,A
total,under,0.49856535452091166,1.91,1.952,0.0,0.0,2023,-0.047740172865058716,-1.0,-1.0,A
total,under,0.5547537142812015,1.91,1.91,1.0,-2.0,2023,0.059579594277094694,0.9099999999999999,0.9099999999999999,A
total,under,0.550105711608387,2.0,1.952,1.0,-1.0,2023,0.1002114232167739,1.0,0.952,A
total,under,0.5669359278695931,1.91,1.91,0.0,-1.0,2023,0.0828476222309229,-1.0,-1.0,A
total,under,0.5625119375309874,1.91,1.85,1.0,-1.0,2023,0.07439780068418589,0.9099999999999999,0.8500000000000001,A
total,under,0.4947731602464216,1.87,1.91,0.0,0.0,2023,-0.07477419033919153,-1.0,-1.0,A
total,under,0.5086255646454769,1.91,1.97,0.0,-2.0,2023,-0.02852517152713907,-1.0,-1.0,A
total,under,0.5037736306296203,1.91,1.91,1.0,-1.0,2023,-0.03779236549742526,0.9099999999999999,0.9099999999999999,A
total,under,0.48571736948524213,1.91,1.87,0.0,0.0,2023,-0.07227982428318758,-1.0,-1.0,A
total,under,0.5746368286201455,1.91,1.97,0.0,-1.0,2023,0.09755634266447788,-1.0,-1.0,A
total,under,0.5547271427563958,1.91,1.91,1.0,2.0,2023,0.05952884266471581,0.9099999999999999,0.9099999999999999,A
total,under,0.5856680407708561,1.91,1.85,1.0,-4.0,2023,0.11862595787233521,0.9099999999999999,0.8500000000000001,A
total,under,0.48055803233504846,1.91,1.91,0.0,-1.0,2023,-0.08213415824005743,-1.0,-1.0,A
total,under,0.5197892246023161,1.91,1.952,1.0,-2.0,2023,-0.00720258100957627,0.9099999999999999,0.952,A
total,under,0.5963147136207019,1.91,1.91,0.0,-5.0,2023,0.13896110301554043,-1.0,-1.0,A
total,under,0.4755559632101942,2.0,2.02,1.0,-2.0,2023,-0.04888807357961156,1.0,1.02,A
total,under,0.5399146619381614,1.952,1.78,1.0,0.0,2023,0.05391342010329092,0.952,0.78,A
total,under,0.4761390829363914,1.87,1.952,1.0,-1.0,2023,-0.10961991490894807,0.8700000000000001,0.952,A
total,under,0.4468432500148316,1.87,1.952,1.0,-1.0,2023,-0.16440312247226485,0.8700000000000001,0.952,A
total,under,0.4760025040998118,1.97,2.0,0.0,-1.0,2023,-0.0622750669233707,-1.0,-1.0,A
total,under,0.4199627311495019,1.91,1.91,1.0,-1.0,2023,-0.19787118350445143,0.9099999999999999,0.9099999999999999,A
total,under,0.46234067043166527,1.91,1.91,0.0,0.0,2023,-0.11692931947551932,-1.0,-1.0,A
total,under,0.42352639818277726,1.91,1.85,0.0,0.0,2023,-0.1910645794708955,-1.0,-1.0,A
total,under,0.473149396063536,1.91,1.91,0.0,-1.0,2023,-0.09628465351864623,-1.0,-1.0,A
total,under,0.4199857762839333,1.91,1.87,0.0,0.0,2023,-0.19782716729768746,-1.0,-1.0,A
total,under,0.4397203015284843,1.91,1.87,0.0,2.0,2024,-0.16013422408059508,-1.0,-1.0,A
total,under,0.4545952740983391,1.87,1.91,1.0,0.0,2024,-0.14990683743610578,0.8700000000000001,0.9099999999999999,A
total,under,0.43373814519646936,1.91,2.0,1.0,-1.0,2024,-0.1715601426747435,0.9099999999999999,1.0,A
total,under,0.39907325898646806,1.91,1.952,1.0,-1.0,2024,-0.23777007533584604,0.9099999999999999,0.952,A
total,under,0.3200038737364852,1.91,1.91,1.0,-1.0,2024,-0.38879260116331327,0.9099999999999999,0.9099999999999999,A
total,under,0.3816156589369034,1.91,1.91,1.0,-1.0,2024,-0.27111409143051446,0.9099999999999999,0.9099999999999999,A
total,under,0.446269143647282,1.91,1.952,1.0,1.0,2024,-0.14762593563369142,0.9099999999999999,0.952,A
total,under,0.43416593389036495,1.91,1.91,0.0,-1.0,2024,-0.17074306626940294,-1.0,-1.0,A
total,under,0.42974624414074014,1.91,1.952,0.0,-1.0,2024,-0.1791846736911864,-1.0,-1.0,A
total,under,0.4078339163003818,1.91,1.93,1.0,-1.0,2024,-0.22103721986627078,0.9099999999999999,0.9299999999999999,A
total,under,0.3683734620511714,1.91,1.91,0.0,1.0,2024,-0.29640668748226273,-1.0,-1.0,A
total,under,0.4833828103791141,1.91,1.8,1.0,0.0,2024,-0.07673883217589206,0.9099999999999999,0.8,A
total,under,0.49265609814649136,1.97,1.952,1.0,0.0,2024,-0.029467486651412078,0.97,0.952,A
total,under,0.44999501807648956,1.87,1.952,0.0,1.0,2024,-0.1585093161969645,-1.0,-1.0,A
total,under,0.42694767608520556,1.91,1.91,1.0,0.0,2024,-0.18452993867725742,0.9099999999999999,0.9099999999999999,A
total,under,0.500248148402838,1.97,1.91,1.0,0.0,2024,-0.01451114764640904,0.97,0.9099999999999999,A
total,under,0.38242642204394484,1.91,1.91,0.0,-1.0,2024,-0.2695655338960654,-1.0,-1.0,A
total,under,0.45172123198461067,1.91,1.952,1.0,0.0,2024,-0.1372124469093936,0.9099999999999999,0.952,A
total,under,0.3986651307524045,1.91,1.91,0.0,-1.0,2024,-0.2385496002629074,-1.0,-1.0,A
total,under,0.47329091442011106,1.91,1.952,1.0,0.0,2024,-0.09601435345758791,0.9099999999999999,0.952,A
total,under,0.433931095063428,1.91,1.91,0.0,0.0,2024,-0.17119160842885262,-1.0,-1.0,A
total,under,0.5110440543799577,1.91,1.91,1.0,1.0,2024,-0.023905856134280867,0.9099999999999999,0.9099999999999999,A
total,under,0.4189554740236082,1.91,1.97,0.0,-2.0,2024,-0.19979504461490838,-1.0,-1.0,A
total,under,0.4121648816713819,1.91,1.91,1.0,-2.0,2024,-0.2127650760076606,0.9099999999999999,0.9099999999999999,A
total,under,0.37377272496395264,2.0,1.82,0.0,-3.0,2024,-0.2524545500720947,-1.0,-1.0,A
total,under,0.4119965763958957,1.91,1.91,1.0,-2.0,2024,-0.21308653908383923,0.9099999999999999,0.9099999999999999,A
total,under,0.5395932122222683,1.91,1.82,0.0,-2.0,2024,0.03062303534453248,-1.0,-1.0,A
total,under,0.4743696785508136,1.91,1.85,1.0,-1.0,2024,-0.09395391396794606,0.9099999999999999,0.8500000000000001,A
total,under,0.48112033051918435,1.91,1.85,1.0,-2.0,2024,-0.08106016870835797,0.9099999999999999,0.8500000000000001,A
total,under,0.41232132759038864,2.0,1.93,1.0,-2.0,2024,-0.17535734481922272,1.0,0.9299999999999999,A
total,under,0.44176932803283153,1.91,1.91,0.0,0.0,2024,-0.15622058345729184,-1.0,-1.0,A
total,under,0.471442112415299,1.97,1.91,1.0,-2.0,2024,-0.071259038541861,0.97,0.9099999999999999,A
total,under,0.4080895959754455,1.91,2.0,0.0,0.0,2024,-0.22054887168689918,-1.0,-1.0,A
total,under,0.6340698936730447,1.91,1.91,0.0,8.0,2024,0.21107349691551525,-1.0,-1.0,A
total,under,0.6393545163840739,1.91,1.8,1.0,7.0,2024,0.22116712629358104,0.9099999999999999,0.8,A
total,under,0.44682850761657555,1.91,1.91,1.0,1.0,2024,-0.14655755045234076,0.9099999999999999,0.9099999999999999,A
total,under,0.4233199263693942,1.91,1.91,0.0,1.0,2024,-0.19145894063445712,-1.0,-1.0,A
total,under,0.4643745133894376,1.952,1.91,1.0,1.0,2024,-0.09354094986381789,0.952,0.9099999999999999,A
total,under,0.5108564979445106,1.91,1.91,0.0,-1.0,2024,-0.02426408892598475,-1.0,-1.0,A
total,under,0.47510394659780986,1.85,1.91,0.0,2.0,2024,-0.1210576987940517,-1.0,-1.0,A
total,under,0.4050714954348169,1.91,1.87,0.0,-1.0,2024,-0.22631344371949969,-1.0,-1.0,A
total,under,0.4917428681221325,1.952,1.91,1.0,-1.0,2024,-0.040117921425597336,0.952,0.9099999999999999,A
total,under,0.495790797983383,1.91,1.952,1.0,0.0,2024,-0.053039575851738574,0.9099999999999999,0.952,A
total,under,0.4441677928250982,1.952,2.0,0.0,-1.0,2024,-0.13298446840540834,-1.0,-1.0,A
total,under,0.4515590550157793,1.87,1.91,0.0,-2.0,2024,-0.15558456712049262,-1.0,-1.0,A
total,under,0.4583020535587353,1.91,1.91,1.0,0.0,2024,-0.12464307770281557,0.9099999999999999,0.9099999999999999,A
total,under,0.46454666851762316,1.91,1.87,1.0,-1.0,2024,-0.11271586313133974,0.9099999999999999,0.8700000000000001,A
total,under,0.4040044320198215,1.91,1.91,1.0,1.0,2024,-0.228351534842141,0.9099999999999999,0.9099999999999999,A
total,under,0.4781537582247837,1.91,1.97,1.0,0.0,2024,-0.0867263217906632,0.9099999999999999,0.97,A
total,under,0.47498459556551376,1.91,1.91,0.0,0.0,2024,-0.09277942246986881,-1.0,-1.0,A
total,under,0.474369839088539,1.91,2.0,1.0,0.0,2024,-0.09395360734089053,0.9099999999999999,1.0,A
total,under,0.6497238542767754,1.91,1.91,0.0,0.0,2024,0.2409725616686409,-1.0,-1.0,A
total,under,0.6118705716782189,1.91,1.91,0.0,0.0,2024,0.16867279190539808,-1.0,-1.0,A
total,under,0.47207528400507426,1.91,1.91,0.0,0.0,2024,-0.09833620755030825,-1.0,-1.0,A
total,under,0.4171202972930872,1.91,1.91,0.0,-4.0,2024,-0.20330023217020354,-1.0,-1.0,A
total,under,0.5064068491318972,1.91,1.91,0.0,-1.0,2024,-0.032762918158076526,-1.0,-1.0,A
total,under,0.47401928691743933,1.91,1.91,0.0,0.0,2024,-0.09462316198769094,-1.0,-1.0,A
total,under,0.48695646902486067,1.91,1.91,0.0,0.0,2024,-0.06991314416251615,-1.0,-1.0,A
total,under,0.47861279224020326,1.87,1.91,0.0,1.0,2024,-0.10499407851081988,-1.0,-1.0,A
total,under,0.42780199743608527,1.91,1.91,0.0,-5.0,2024,-0.1828981848970772,-1.0,-1.0,A
total,under,0.36780077866207106,1.91,1.91,0.0,-2.0,2024,-0.2975005127554443,-1.0,-1.0,A
total,under,0.480689035355205,1.91,1.91,1.0,0.0,2024,-0.0818839424715585,0.9099999999999999,0.9099999999999999,A
total,under,0.4375738892516411,1.91,1.91,1.0,0.0,2024,-0.16423387152936553,0.9099999999999999,0.9099999999999999,A
total,under,0.44476824490873446,1.87,1.9,0.0,1.0,2024,-0.1682833820206665,-1.0,-1.0,A
total,under,0.6180340435864569,1.87,1.8,0.0,1.0,2024,0.15572366150667438,-1.0,-1.0,A
total,under,0.42303866189540995,1.9,1.9,0.0,-1.0,2024,-0.19622654239872117,-1.0,-1.0,A
total,under,0.45340203803113954,1.85,1.9,1.0,0.0,2024,-0.16120622964239184,0.8500000000000001,0.8999999999999999,A
total,under,0.4734538227187919,1.9,1.95,1.0,-2.0,2024,-0.10043773683429547,0.8999999999999999,0.95,A
total,under,0.5445794044999079,1.87,1.95,0.0,0.0,2024,0.01836348641482788,-1.0,-1.0,A
total,under,0.5740691701142159,1.87,1.95,1.0,0.0,2024,0.07350934811358378,0.8700000000000001,0.95,A
total,under,0.6447232384597009,1.85,1.9,1.0,3.0,2024,0.19273799115044676,0.8500000000000001,0.8999999999999999,A
total,under,0.6604175623053049,1.87,1.85,0.0,0.0,2024,0.23498084151092025,-1.0,-1.0,A
total,under,0.598421349235948,1.87,1.9,1.0,0.0,2024,0.11904792307122292,0.8700000000000001,0.8999999999999999,A
total,under,0.46575777563491183,1.87,1.9,1.0,2.0,2024,-0.12903295956271488,0.8700000000000001,0.8999999999999999,A
total,under,0.6511299587625395,1.87,1.85,1.0,0.0,2024,0.21761302288594897,0.8700000000000001,0.8500000000000001,A
total,under,0.657341428739781,1.87,1.9,1.0,2.0,2024,0.22922847174339056,0.8700000000000001,0.8999999999999999,A
total,under,0.45134916008249193,1.9,1.9,0.0,0.0,2024,-0.1424365958432654,-1.0,-1.0,A
total,under,0.49109888977315974,1.9,1.95,0.0,0.0,2024,-0.06691210943099657,-1.0,-1.0,A
total,under,0.5374057929418308,1.9,1.85,1.0,-1.0,2024,0.021071006589478358,0.8999999999999999,0.8500000000000001,A
total,under,0.44619702986606524,1.87,1.9,0.0,-1.0,2024,-0.16561155415045792,-1.0,-1.0,A
total,under,0.6682729649661084,1.87,1.95,1.0,2.0,2024,0.2496704444866229,0.8700000000000001,0.95,A
total,under,0.5121735111352905,1.87,1.9,0.0,0.0,2024,-0.04223553417700665,-1.0,-1.0,A
total,under,0.4148783604974694,1.95,1.85,0.0,-1.0,2024,-0.19098719702993472,-1.0,-1.0,A
total,under,0.544913896455904,1.87,1.85,1.0,0.0,2024,0.01898898637254054,0.8700000000000001,0.8500000000000001,A
total,under,0.5818282508355377,1.87,1.85,0.0,-2.0,2024,0.0880188290624555,-1.0,-1.0,A
total,under,0.5121254426417589,1.87,1.9,0.0,-1.0,2024,-0.04232542225991087,-1.0,-1.0,A
total,under,0.5207696786562248,1.87,2.0,1.0,0.0,2024,-0.026160700912859602,0.8700000000000001,1.0,A
total,under,0.43958488224202363,1.87,1.9,0.0,-2.0,2024,-0.1779762702074158,-1.0,-1.0,A
total,under,0.5565672894663594,1.87,1.85,0.0,-3.0,2024,0.04078083130209209,-1.0,-1.0,A
total,under,0.44361904412714026,1.87,1.8,0.0,-3.0,2024,-0.17043238748224765,-1.0,-1.0,A
total,under,0.42079718819667633,1.87,1.95,0.0,-3.0,2024,-0.21310925807221526,-1.0,-1.0,A
total,under,0.4343121900360125,1.87,1.95,0.0,0.0,2024,-0.1878362046326566,-1.0,-1.0,A
total,under,0.49555029528139094,1.87,1.95,0.0,-1.0,2024,-0.07332094782379894,-1.0,-1.0,A
total,under,0.5597182617508226,1.87,1.9,0.0,-3.0,2024,0.046673149474038444,-1.0,-1.0,A
total,under,0.40478472423683454,1.95,1.9,0.0,-4.0,2024,-0.2106697877381727,-1.0,-1.0,A
total,under,0.495124145548994,1.8,1.9,0.0,0.0,2024,-0.10877653801181086,-1.0,-1.0,A
total,under,0.6251699834534991,1.87,1.9,1.0,1.0,2024,0.16906786905804339,0.8700000000000001,0.8999999999999999,A
total,under,0.5999537533068035,1.95,1.9,1.0,3.0,2024,0.16990981894826662,0.95,0.8999999999999999,A
total,under,0.6669567038638511,1.87,1.8,0.0,0.0,2024,0.24720903622540158,-1.0,-1.0,A
total,under,0.5570223062713198,1.87,1.85,1.0,-2.0,2024,0.04163171272736799,0.8700000000000001,0.8500000000000001,A
total,under,0.5118257129003302,1.87,1.95,0.0,3.0,2024,-0.042885916876382546,-1.0,-1.0,A
total,under,0.5719420065029968,1.87,2.0,0.0,0.0,2024,0.06953155216060392,-1.0,-1.0,A
total,under,0.5441279807174413,1.9,1.9,0.0,0.0,2024,0.03384316336313842,-1.0,-1.0,A
total,under,0.47978190010697086,1.9,1.95,1.0,0.0,2024,-0.08841438979675542,0.8999999999999999,0.95,A
total,under,0.5298137650107337,1.87,1.8,0.0,-3.0,2024,-0.009248259429927796,-1.0,-1.0,A
total,under,0.464620325622104,1.87,1.9,0.0,1.0,2024,-0.13115999108666554,-1.0,-1.0,A
total,under,0.4708452174250083,1.87,1.9,1.0,0.0,2024,-0.11951944341523446,0.8700000000000001,0.8999999999999999,A
total,under,0.7084385685692768,1.87,1.95,0.0,-1.0,2024,0.32478012322454775,-1.0,-1.0,A
total,under,0.6969775631144728,1.9,1.9,0.0,-1.0,2024,0.3242573699174982,-1.0,-1.0,A
total,under,0.6913361535394095,1.87,1.85,1.0,1.0,2024,0.2927986071186959,0.8700000000000001,0.8500000000000001,A
total,under,0.712639177448732,1.87,1.85,1.0,-1.0,2024,0.33263526182912884,0.8700000000000001,0.8500000000000001,A
total,under,0.6584601363824047,1.87,1.9,0.0,0.0,2024,0.2313204550350969,-1.0,-1.0,A
total,under,0.5833461346652766,1.85,1.85,1.0,0.0,2024,0.07919034913076173,0.8500000000000001,0.8500000000000001,A
total,under,0.596996083012275,1.85,1.95,1.0,0.0,2024,0.10444275357270882,0.8500000000000001,0.95,A
total,under,0.5429296649388375,1.87,1.9,1.0,0.0,2024,0.015278473435626161,0.8700000000000001,0.8999999999999999,A
total,under,0.4865421783275712,1.85,2.0,0.0,-1.0,2024,-0.09989697009399323,-1.0,-1.0,A
total,under,0.5536733929741837,1.85,1.9,0.0,0.0,2024,0.024295777002239838,-1.0,-1.0,A
total,under,0.71385599308475,1.87,1.85,1.0,3.0,2024,0.3349107070684827,0.8700000000000001,0.8500000000000001,A
total,under,0.665809421544993,1.9,1.85,1.0,0.0,2024,0.2650379009354866,0.8999999999999999,0.8500000000000001,A
total,under,0.5042306783015338,1.9,1.85,0.0,-1.0,2024,-0.04196171122708581,-1.0,-1.0,A
total,under,0.5087342210608151,1.87,1.85,1.0,0.0,2024,-0.048667006616275654,0.8700000000000001,0.8500000000000001,A
total,under,0.4988923408322613,1.9,1.9,0.0,0.0,2024,-0.0521045524187036,-1.0,-1.0,A
total,under,0.5269075484220771,1.87,1.9,0.0,0.0,2024,-0.01468288445071575,-1.0,-1.0,A
total,under,0.5412122634918912,1.87,1.9,1.0,0.0,2024,0.01206693272983661,0.8700000000000001,0.8999999999999999,A
total,under,0.737210901043968,1.87,1.85,1.0,1.0,2024,0.37858438495222035,0.8700000000000001,0.8500000000000001,A
total,under,0.5231670521364111,1.85,1.85,1.0,1.0,2024,-0.03214095354763935,0.8500000000000001,0.8500000000000001,A
total,under,0.7478276055619861,1.87,1.85,1.0,2.0,2024,0.39843762240091407,0.8700000000000001,0.8500000000000001,A
total,under,0.7156566998469075,1.85,2.0,1.0,0.0,2024,0.32396489471677903,0.8500000000000001,1.0,A
total,under,0.5373992952308704,1.9,2.0,1.0,0.0,2024,0.021058660938653606,0.8999999999999999,1.0,A
total,under,0.6837403778305906,1.87,1.85,1.0,0.0,2024,0.2785945065432045,0.8700000000000001,0.8500000000000001,A
total,under,0.5422586130842806,1.9,1.9,1.0,-1.0,2024,0.030291364860133063,0.8999999999999999,0.8999999999999999,A
total,under,0.5663383212465318,1.95,1.85,0.0,-1.0,2024,0.10435972643073699,-1.0,-1.0,A
total,under,0.5898012042569886,1.85,1.85,1.0,0.0,2024,0.09113222787542896,0.8500000000000001,0.8500000000000001,A
total,under,0.7771053599729154,1.85,1.85,0.0,0.0,2024,0.43764491594989363,-1.0,-1.0,A
total,under,0.5718221261444636,1.87,1.9,1.0,0.0,2024,0.06930737589014702,0.8700000000000001,0.8999999999999999,A
total,under,0.5076087473024764,1.87,1.85,0.0,-2.0,2024,-0.050771642544369056,-1.0,-1.0,A
total,under,0.5317518346813963,1.87,1.95,0.0,0.0,2024,-0.005624069145788835,-1.0,-1.0,A
total,under,0.5643557861454208,1.87,1.9,1.0,-1.0,2024,0.055345320091936934,0.8700000000000001,0.8999999999999999,A
total,under,0.5574817591686005,1.87,1.85,0.0,-1.0,2024,0.042490889645283136,-1.0,-1.0,A
total,under,0.5470370976650746,1.87,1.9,0.0,-1.0,2024,0.022959372633689412,-1.0,-1.0,A
total,under,0.5043975383756543,1.87,1.85,1.0,0.0,2024,-0.056776603237526424,0.8700000000000001,0.8500000000000001,A
total,under,0.5605391490939092,1.87,1.95,0.0,0.0,2024,0.048208208805610386,-1.0,-1.0,A
total,under,0.5449585090558714,1.87,1.9,1.0,-1.0,2024,0.019072411934479616,0.8700000000000001,0.8999999999999999,A
total,under,0.6134624433399474,1.87,1.9,1.0,1.0,2024,0.1471747690457017,0.8700000000000001,0.8999999999999999,A
total,under,0.5203519576993765,1.87,1.9,0.0,0.0,2024,-0.026941839102165965,-1.0,-1.0,A
total,under,0.5858668006317825,1.87,2.0,1.0,0.0,2024,0.0955709171814334,0.8700000000000001,1.0,A
total,under,0.5130432070721078,1.85,1.9,1.0,0.0,2024,-0.050870066916600454,0.8500000000000001,0.8999999999999999,A
total,under,0.5612238653092132,1.85,1.85,1.0,0.0,2024,0.038264150822044485,0.8500000000000001,0.8500000000000001,A
total,under,0.6125079286413325,1.87,1.9,1.0,0.0,2024,0.1453898265592919,0.8700000000000001,0.8999999999999999,A
total,under,0.5866299911594529,1.87,1.9,0.0,0.0,2024,0.09699808346817695,-1.0,-1.0,A
total,under,0.5745528254355934,1.87,1.9,0.0,0.0,2024,0.07441378356455974,-1.0,-1.0,A
total,under,0.6082147606885853,1.87,1.85,0.0,0.0,2024,0.1373616024876545,-1.0,-1.0,A
total,under,0.5542601803764208,1.87,1.95,0.0,0.0,2024,0.03646653730390681,-1.0,-1.0,A
total,under,0.6166378658297245,1.87,1.9,1.0,0.0,2024,0.15311280910158476,0.8700000000000001,0.8999999999999999,A
total,under,0.5833558563656656,1.87,1.95,1.0,0.0,2024,0.0908754514037946,0.8700000000000001,0.95,A
total,under,0.559935352896792,1.87,1.95,0.0,0.0,2024,0.04707910991700115,-1.0,-1.0,A
total,under,0.5746870081288031,1.9,1.85,0.0,-2.0,2024,0.0919053154447258,-1.0,-1.0,A
total,under,0.5438727440868197,1.95,1.9,0.0,-1.0,2024,0.06055185096929838,-1.0,-1.0,A
total,under,0.6313382664732975,1.85,1.85,0.0,0.0,2024,0.1679757929756005,-1.0,-1.0,A
total,under,0.6083014030630349,1.87,1.95,1.0,-1.0,2024,0.1375236237278754,0.8700000000000001,0.95,A
total,under,0.5759519880922538,1.9,2.0,1.0,-2.0,2024,0.0943087773752822,0.8999999999999999,1.0,A
total,under,0.6239327790040381,1.8,1.9,1.0,1.0,2024,0.12307900220726853,0.8,0.8999999999999999,A
total,under,0.6024734054362655,1.87,1.85,1.0,-1.0,2024,0.12662526816581643,0.8700000000000001,0.8500000000000001,A
total,under,0.6001068664131671,1.87,2.0,1.0,0.0,2024,0.12219984019262253,0.8700000000000001,1.0,A
total,under,0.6111734854199544,1.87,1.9,1.0,0.0,2024,0.14289441773531486,0.8700000000000001,0.8999999999999999,A
total,under,0.554120496888171,1.87,1.95,0.0,0.0,2024,0.03620532918087993,-1.0,-1.0,A
total,under,0.5719372655610211,1.87,1.95,0.0,0.0,2024,0.06952268659910943,-1.0,-1.0,A
total,under,0.5944209320640168,1.87,1.9,0.0,-1.0,2024,0.1115671429597116,-1.0,-1.0,A
total,under,0.5771447961004886,1.87,1.85,1.0,0.0,2024,0.07926076870791388,0.8700000000000001,0.8500000000000001,A
total,under,0.6167465802748414,1.9,1.9,0.0,0.0,2024,0.17181850252219855,-1.0,-1.0,A
total,under,0.6179105620489327,1.8,1.87,0.0,1.0,2024,0.11223901168807893,-1.0,-1.0,A
total,under,0.504383693264315,1.87,2.0,0.0,0.0,2024,-0.056802493595730974,-1.0,-1.0,A
total,under,0.6534478944354093,1.87,1.8,1.0,-2.0,2024,0.22194756259421555,0.8700000000000001,0.8,A
total,under,0.7479008993702763,1.8,1.8,1.0,0.0,2024,0.34622161886649727,0.8,0.8,A
total,under,0.6079402413904806,1.87,1.95,1.0,0.0,2024,0.13684825140019896,0.8700000000000001,0.95,A
total,under,0.5887247816645781,1.87,2.0,1.0,-1.0,2024,0.10091534171276106,0.8700000000000001,1.0,A
total,under,0.6196243750658048,1.87,1.95,1.0,0.0,2024,0.15869758137305512,0.8700000000000001,0.95,A
total,under,0.6316652084429057,1.9,1.85,1.0,-1.0,2024,0.20016389604152085,0.8999999999999999,0.8500000000000001,A
total,under,0.6151969682032248,1.85,1.95,1.0,-1.0,2024,0.1381143911759659,0.8500000000000001,0.95,A
total,under,0.6156841125314899,1.85,1.9,0.0,-1.0,2024,0.1390156081832563,-1.0,-1.0,A
total,under,0.6620398722914199,1.9,2.0,0.0,0.0,2024,0.25787575735369783,-1.0,-1.0,A
total,under,0.6112317188139431,1.9,1.9,0.0,0.0,2024,0.16134026574649196,-1.0,-1.0,A
total,under,0.533220042952969,1.9,1.85,1.0,0.0,2024,0.013118081610641097,0.8999999999999999,0.8500000000000001,A
total,under,0.6380211173280272,1.87,1.95,0.0,-1.0,2024,0.19309948940341104,-1.0,-1.0,A
total,under,0.585689203491996,1.87,1.9,0.0,0.0,2024,0.09523881053003258,-1.0,-1.0,A
total,under,0.6305754693365602,1.87,1.9,0.0,0.0,2024,0.17917612765936752,-1.0,-1.0,A
total,under,0.5603646480976409,1.87,1.9,0.0,0.0,2024,0.04788189194258852,-1.0,-1.0,A
total,under,0.6315545510339807,1.87,1.9,0.0,0.0,2024,0.18100701043354395,-1.0,-1.0,A
total,under,0.5408779875347506,1.95,1.9,0.0,-1.0,2024,0.054712075692763706,-1.0,-1.0,A
total,under,0.6229394179209047,1.87,2.0,1.0,-1.0,2024,0.16489671151209184,0.8700000000000001,1.0,A
total,under,0.6125426683573572,1.85,2.0,0.0,0.0,2024,0.13320393646111084,-1.0,-1.0,A
total,under,0.5780676262420373,1.95,2.0,1.0,-2.0,2024,0.12723187117197288,0.95,1.0,A
total,under,0.6086178981271897,1.87,1.9,0.0,-1.0,2024,0.1381154694978448,-1.0,-1.0,A
total,under,0.6212523045982782,1.85,1.95,1.0,-2.0,2024,0.14931676350681466,0.8500000000000001,0.95,A
total,under,0.6397781317701825,1.87,1.95,1.0,-2.0,2024,0.19638510641024132,0.8700000000000001,0.95,A
total,under,0.6100657282498858,1.87,1.95,0.0,-3.0,2024,0.14082291182728657,-1.0,-1.0,A
total,under,0.5754133321400642,1.85,1.95,0.0,-2.0,2024,0.0645146644591188,-1.0,-1.0,A
total,under,0.6145752970366584,1.87,1.9,0.0,0.0,2024,0.1492558054585511,-1.0,-1.0,A
total,under,0.6199406529688684,1.87,2.0,1.0,-3.0,2024,0.15928902105178389,0.8700000000000001,1.0,A
total,under,0.5540171225377559,1.87,1.95,0.0,-2.0,2024,0.0360120191456037,-1.0,-1.0,A
total,under,0.652229718134388,1.85,1.95,1.0,-3.0,2024,0.20662497854861783,0.8500000000000001,0.95,A
total,under,0.5939025143416286,1.87,1.85,0.0,-3.0,2024,0.11059770181884554,-1.0,-1.0,A
total,under,0.6272262515758675,1.85,1.95,1.0,2.0,2024,0.16036856541535505,0.8500000000000001,0.95,A
total,under,0.45984164728473453,1.87,1.95,1.0,0.0,2024,-0.14009611957754642,0.8700000000000001,0.95,A
total,under,0.5331378932610614,1.87,1.95,0.0,0.0,2024,-0.0030321396018150315,-1.0,-1.0,A
total,under,0.48685632480369045,1.95,2.0,0.0,-1.0,2024,-0.05063016663280362,-1.0,-1.0,A
total,under,0.49054183396794626,1.9,1.9,0.0,-1.0,2024,-0.06797051546090216,-1.0,-1.0,A
total,under,0.49477878777093853,1.9,1.95,1.0,-1.0,2024,-0.0599203032352168,0.8999999999999999,0.95,A
total,under,0.4986241205979318,1.9,1.9,0.0,0.0,2024,-0.05261417086392961,-1.0,-1.0,A
total,under,0.5027449255899921,1.9,1.95,0.0,0.0,2024,-0.044784641379015167,-1.0,-1.0,A
total,under,0.6506417103378885,1.9,2.0,1.0,0.0,2024,0.23621924964198815,0.8999999999999999,1.0,A
total,under,0.4267418736811166,1.95,1.95,1.0,-1.0,2024,-0.1678533463218227,0.95,0.95,A
total,under,0.4292282027697323,1.9,2.0,1.0,0.0,2025,-0.1844664147375087,0.8999999999999999,1.0,A
total,under,0.4548591528373095,1.85,1.8,0.0,0.0,2025,-0.15851056725097745,-1.0,-1.0,A
total,under,0.6024060883682747,1.95,1.95,0.0,-1.0,2025,0.17469187231813565,-1.0,-1.0,A
total,under,0.6312630801880041,1.9,1.89,1.0,15.0,2025,0.1993998523572078,0.8999999999999999,0.8899999999999999,A
total,under,0.4752154539315263,1.9,1.9,1.0,0.0,2025,-0.09709063753010005,0.8999999999999999,0.8999999999999999,A
total,under,0.39007287583149686,1.9,1.95,0.0,0.0,2025,-0.25886153592015604,-1.0,-1.0,A
total,under,0.4630046380887908,1.85,1.9,0.0,-2.0,2025,-0.14344141953573697,-1.0,-1.0,A
total,under,0.48820674480300197,1.9,1.9,0.0,-5.0,2025,-0.07240718487429632,-1.0,-1.0,A
total,under,0.5529875497272247,1.85,1.8,1.0,0.0,2025,0.023026966995365772,0.8500000000000001,0.8,A
total,under,0.4974162119691464,1.87,1.95,0.0,0.0,2025,-0.0698316836176961,-1.0,-1.0,A
total,under,0.5814507724977698,1.95,1.95,0.0,-1.0,2025,0.1338290063706511,-1.0,-1.0,A
total,under,0.5885812713568378,1.95,1.95,1.0,0.0,2025,0.1477334791458338,0.95,0.95,A
total,under,0.5216231851774995,1.87,1.9,1.0,0.0,2025,-0.024564643718075874,0.8700000000000001,0.8999999999999999,A
total,under,0.5075500463650532,1.87,1.9,0.0,0.0,2025,-0.05088141329735052,-1.0,-1.0,A
total,under,0.5082028499293181,1.95,2.0,1.0,-2.0,2025,-0.009004442637829735,0.95,1.0,A
total,under,0.5118593223524657,1.9,1.95,0.0,-2.0,2025,-0.027467287530315243,-1.0,-1.0,A
total,under,0.6630349649851495,1.87,1.85,0.0,2.0,2025,0.23987538452222967,-1.0,-1.0,A
total,under,0.498579224131236,1.87,1.85,1.0,-2.0,2025,-0.06765685087458861,0.8700000000000001,0.8500000000000001,A
total,under,0.587772186569046,1.85,1.95,1.0,-1.0,2025,0.08737854515273513,0.8500000000000001,0.95,A
total,under,0.583014120489603,1.87,1.85,1.0,-6.0,2025,0.09023640531555777,0.8700000000000001,0.8500000000000001,A
total,under,0.5467240188233148,1.87,2.0,0.0,0.0,2025,0.02237391519959875,-1.0,-1.0,A
total,under,0.7357566701994619,1.85,1.9,1.0,0.0,2025,0.3611498398690045,0.8500000000000001,0.8999999999999999,A
total,under,0.47540094431221624,1.9,1.9,1.0,-2.0,2025,-0.09673820580678916,0.8999999999999999,0.8999999999999999,A
total,under,0.5342618102190528,1.9,1.85,0.0,-2.0,2025,0.015097439416200231,-1.0,-1.0,A
total,under,0.5092748321491898,1.87,1.85,1.0,1.0,2025,-0.047656063881015065,0.8700000000000001,0.8500000000000001,A
total,under,0.7154503578261413,1.85,1.85,1.0,0.0,2025,0.32358316197836157,0.8500000000000001,0.8500000000000001,A
total,under,0.6776123635673517,1.87,1.9,1.0,1.0,2025,0.26713511987094773,0.8700000000000001,0.8999999999999999,A
total,under,0.6579526276294853,1.87,2.0,1.0,4.0,2025,0.23037141366713754,0.8700000000000001,1.0,A
total,under,0.48707262161036646,1.87,1.85,0.0,1.0,2025,-0.08917419758861467,-1.0,-1.0,A
total,under,0.5339215634090213,1.87,1.85,1.0,2.0,2025,-0.0015666764251300869,0.8700000000000001,0.8500000000000001,A
total,under,0.7853221076666187,1.87,1.85,1.0,1.0,2025,0.4685523413365771,0.8700000000000001,0.8500000000000001,A
total,under,0.7237956136249236,1.8,1.85,0.0,2.0,2025,0.30283210452486253,-1.0,-1.0,A
total,under,0.4844272916853075,1.87,1.9,1.0,0.0,2025,-0.09412096454847485,0.8700000000000001,0.8999999999999999,A
total,under,0.5464424146234333,1.95,1.95,1.0,0.0,2025,0.0655627085156949,0.95,0.95,A
total,under,0.5133915251407093,1.87,1.85,1.0,0.0,2025,-0.03995784798687352,0.8700000000000001,0.8500000000000001,A
total,under,0.5149482737942456,1.87,1.85,1.0,0.0,2025,-0.03704672800476072,0.8700000000000001,0.8500000000000001,A
total,under,0.6030781513584812,1.87,1.85,1.0,0.0,2025,0.12775614304035998,0.8700000000000001,0.8500000000000001,A
total,under,0.6083514400063036,1.8,1.8,0.0,0.0,2025,0.0950325920113464,-1.0,-1.0,A
total,under,0.48136153345873633,1.8,2.0,0.0,0.0,2025,-0.13354923977427458,-1.0,-1.0,A
total,under,0.5439946674044545,1.87,1.8,1.0,0.0,2025,0.01727002804632982,0.8700000000000001,0.8,A
total,under,0.5069225798243384,1.85,1.85,1.0,0.0,2025,-0.0621932273249739,0.8500000000000001,0.8500000000000001,A
total,under,0.5332041407363843,1.87,1.95,0.0,1.0,2025,-0.0029082568229612527,-1.0,-1.0,A
total,under,0.5469344542723897,1.8,1.8,1.0,0.0,2025,-0.015517982309698475,0.8,0.8,A
total,under,0.5340478597320306,1.87,1.95,1.0,0.0,2025,-0.001330502301102654,0.8700000000000001,0.95,A
total,under,0.5370670434434047,1.9,1.95,1.0,0.0,2025,0.020427382542469008,0.8999999999999999,0.95,A
total,under,0.47135066312823115,1.87,1.85,0.0,0.0,2025,-0.11857425995020765,-1.0,-1.0,A
total,under,0.5908070976384907,1.87,1.9,0.0,-2.0,2025,0.10480927258397776,-1.0,-1.0,A
total,under,0.5194195931110841,1.87,1.9,1.0,0.0,2025,-0.028685360882272692,0.8700000000000001,0.8999999999999999,A
total,under,0.5017519928031724,1.85,1.87,1.0,20.0,2025,-0.07175881331413103,0.8500000000000001,0.8700000000000001,A
total,under,0.5458949743603116,1.87,1.9,1.0,0.0,2025,0.020823602053782864,0.8700000000000001,0.8999999999999999,A
total,under,0.5088966333546749,1.87,1.9,0.0,0.0,2025,-0.048363295626757785,-1.0,-1.0,A
total,under,0.6440945311071792,1.9,1.9,1.0,0.0,2025,0.22377960910364036,0.8999999999999999,0.8999999999999999,A
total,under,0.47540739955298694,1.85,1.85,0.0,0.0,2025,-0.1204963108269741,-1.0,-1.0,A
total,under,0.5145035292027061,1.87,1.8,1.0,-1.0,2025,-0.03787840039093948,0.8700000000000001,0.8,A
total,under,0.49096999159929533,1.85,1.85,0.0,0.0,2025,-0.09170551554130357,-1.0,-1.0,A
total,under,0.5187946577200784,1.9,1.9,0.0,0.0,2025,-0.014290150331851104,-1.0,-1.0,A
total,under,0.6346618986150339,1.8,1.9,0.0,2.0,2025,0.14239141750706108,-1.0,-1.0,A
total,under,0.48491063737231976,1.95,1.85,0.0,0.0,2025,-0.05442425712397647,-1.0,-1.0,A
total,under,0.5603886601765886,1.8,1.9,1.0,2.0,2025,0.008699588317859552,0.8,0.8999999999999999,A
total,under,0.7241132786767311,1.87,1.9,1.0,2.0,2025,0.35409183112548726,0.8700000000000001,0.8999999999999999,A
total,under,0.5371480594908153,1.87,2.0,0.0,0.0,2025,0.004466871247824855,-1.0,-1.0,A
total,under,0.4959162504594936,1.87,1.85,1.0,0.0,2025,-0.07263661164074686,0.8700000000000001,0.8500000000000001,A
total,under,0.5158485783871236,1.87,1.95,0.0,-1.0,2025,-0.035363158416078844,-1.0,-1.0,A
total,under,0.4811898801504927,1.87,6.5,1.0,21.0,2025,-0.10017492411857865,0.8700000000000001,5.5,A
total,under,0.5159679716523263,1.87,1.95,1.0,0.0,2025,-0.03513989301014975,0.8700000000000001,0.95,A
total,under,0.49570603356497067,1.87,1.9,0.0,0.0,2025,-0.07302971723350482,-1.0,-1.0,A
total,under,0.7344527246943688,1.87,1.8,1.0,0.0,2025,0.3734265951784699,0.8700000000000001,0.8,A
total,under,0.6793172933339173,1.87,1.9,0.0,3.0,2025,0.2703233385344255,-1.0,-1.0,A
total,under,0.6752874659475688,1.85,1.9,0.0,2.0,2025,0.24928181200300248,-1.0,-1.0,A
total,under,0.4794582402956533,1.87,1.9,0.0,-1.0,2025,-0.10341309064712823,-1.0,-1.0,A
total,under,0.6467964543575855,1.87,1.95,1.0,-1.0,2025,0.20950936964868494,0.8700000000000001,0.95,A
total,under,0.6416486450473422,1.85,1.9,1.0,-1.0,2025,0.1870499933375831,0.8500000000000001,0.8999999999999999,A
total,under,0.5047056812432409,1.87,1.95,1.0,0.0,2025,-0.0562003760751395,0.8700000000000001,0.95,A
total,under,0.565333676894215,1.95,1.85,1.0,0.0,2025,0.10240066994371921,0.95,0.8500000000000001,A
total,under,0.6893336951859774,1.87,1.85,1.0,0.0,2025,0.28905400999777786,0.8700000000000001,0.8500000000000001,A
total,under,0.4943354900888861,1.8,1.95,0.0,2.0,2025,-0.11019611784000494,-1.0,-1.0,A
total,under,0.49799586166335985,1.87,1.9,1.0,0.0,2025,-0.068747738689517,0.8700000000000001,0.8999999999999999,A
total,under,0.5632684493741693,1.87,1.85,0.0,-2.0,2025,0.05331200032969674,-1.0,-1.0,A
total,under,0.544127127888655,1.87,1.87,1.0,0.0,2025,0.017517729151784955,0.8700000000000001,0.8700000000000001,A
total,under,0.5498993134634952,1.8,1.8,1.0,1.0,2025,-0.010181235765708618,0.8,0.8,A
total,under,0.6468829903445423,1.87,1.85,0.0,-1.0,2025,0.20967119194429418,-1.0,-1.0,A
total,under,0.5311498439131561,1.8,1.9,1.0,0.0,2025,-0.04393028095631901,0.8,0.8999999999999999,A
total,under,0.518719899607518,1.87,1.95,1.0,-1.0,2025,-0.029993787733941346,0.8700000000000001,0.95,A
total,under,0.472349547103027,1.85,1.8,0.0,0.0,2025,-0.12615333785939997,-1.0,-1.0,A
total,under,0.577386197724062,1.8,1.9,0.0,0.0,2025,0.039295155903311674,-1.0,-1.0,A
total,under,0.5035135512749263,1.85,1.85,0.0,0.0,2025,-0.06849993014138633,-1.0,-1.0,A
total,under,0.6863977783147956,1.85,1.8,1.0,0.0,2025,0.26983588988237206,0.8500000000000001,0.8,A
total,under,0.6252138160457651,1.87,1.59,0.0,0.0,2025,0.16914983600558076,-1.0,-1.0,A
total,under,0.4541906943860625,1.85,1.95,1.0,3.0,2025,-0.1597472153857843,0.8500000000000001,0.95,A
total,under,0.4958267078909826,1.9,1.95,1.0,1.0,2025,-0.057929255007133085,0.8999999999999999,0.95,A
total,under,0.4053141585546337,1.87,2.0,0.0,0.0,2025,-0.24206252350283497,-1.0,-1.0,A
total,under,0.6103853549818286,1.9,1.9,1.0,-2.0,2025,0.15973217446547427,0.8999999999999999,0.8999999999999999,A
total,under,0.6779824666704732,1.83,1.8,1.0,0.0,2025,0.24070791400696612,0.8300000000000001,0.8,A
total,under,0.5924173450710695,1.87,1.8,1.0,1.0,2025,0.10782043528289997,0.8700000000000001,0.8,A
total,under,0.5110886861976744,1.9,1.85,0.0,0.0,2025,-0.028931496224418596,-1.0,-1.0,A
total,under,0.4737708999705208,1.87,1.85,1.0,0.0,2025,-0.11404841705512603,0.8700000000000001,0.8500000000000001,A
total,under,0.5284945536641067,1.93,2.0,0.0,0.0,2025,0.01999448857172581,-1.0,-1.0,A
total,under,0.46906544277870943,1.87,1.9,1.0,0.0,2025,-0.12284762200381327,0.8700000000000001,0.8999999999999999,A
total,under,0.41171027151714346,1.87,1.95,0.0,-1.0,2025,-0.2301017922629417,-1.0,-1.0,A
total,under,0.5312683609437088,1.9,1.8,0.0,1.0,2025,0.00940988579304669,-1.0,-1.0,A
total,under,0.6988332861160487,1.87,1.9,0.0,0.0,2025,0.30681824503701116,-1.0,-1.0,A
total,under,0.5221713953752911,1.87,1.95,0.0,0.0,2025,-0.023539490648205597,-1.0,-1.0,A
total,under,0.5082035617317069,1.85,1.85,0.0,0.0,2025,-0.059823410796342236,-1.0,-1.0,A
total,under,0.7100650280103707,1.85,1.85,0.0,0.0,2025,0.3136203018191859,-1.0,-1.0,A
total,under,0.7042516929285955,1.9,1.8,0.0,0.0,2025,0.33807821656433124,-1.0,-1.0,A
total,under,0.459246271399792,1.85,1.85,1.0,0.0,2025,-0.15039439791038478,0.8500000000000001,0.8500000000000001,A
total,under,0.7062353180663239,1.87,1.9,1.0,1.0,2025,0.32066004478402577,0.8700000000000001,0.8999999999999999,A
total,under,0.5009498662072411,1.85,1.85,0.0,0.0,2025,-0.07324274751660387,-1.0,-1.0,A
total,under,0.4575731834054918,1.87,1.85,1.0,0.0,2025,-0.1443381470317303,0.8700000000000001,0.8500000000000001,A
total,under,0.6149202178867844,1.9,2.0,1.0,0.0,2025,0.1683484139848903,0.8999999999999999,1.0,A
total,under,0.46116664208743985,1.87,1.85,0.0,-1.0,2025,-0.13761837929648746,-1.0,-1.0,A
total,under,0.6518478448009092,1.8,1.8,1.0,1.0,2025,0.17332612064163655,0.8,0.8,A
total,under,0.42381098119114236,1.87,1.95,1.0,0.0,2025,-0.2074734651725637,0.8700000000000001,0.95,A
total,under,0.5069535644927926,1.87,1.9,0.0,0.0,2025,-0.0519968343984778,-1.0,-1.0,A
total,under,0.7256882851393095,1.87,1.9,1.0,1.0,2025,0.3570370932105089,0.8700000000000001,0.8999999999999999,A
total,under,0.4500676613610052,1.85,1.85,0.0,0.0,2025,-0.16737482648214042,-1.0,-1.0,A
total,under,0.49858122760131485,1.87,1.9,0.0,0.0,2025,-0.06765310438554117,-1.0,-1.0,A
total,under,0.4593367827091148,1.87,1.95,0.0,-1.0,2025,-0.14104021633395525,-1.0,-1.0,A
total,under,0.4705570964192204,1.85,1.9,0.0,1.0,2025,-0.12946937162444228,-1.0,-1.0,A
total,under,0.46787756615109466,1.85,1.85,1.0,0.0,2025,-0.13442650262047484,0.8500000000000001,0.8500000000000001,A
total,under,0.7279540381175167,1.85,1.95,1.0,0.0,2025,0.34671497051740596,0.8500000000000001,0.95,A
total,under,0.6815346993885085,1.85,1.8,1.0,0.0,2025,0.2608391938687409,0.8500000000000001,0.8,A
total,under,0.5266806072402896,1.85,1.95,1.0,0.0,2025,-0.025640876605464102,0.8500000000000001,0.95,A
total,under,0.5058007152628707,1.87,1.95,0.0,0.0,2025,-0.054152662458431644,-1.0,-1.0,A
total,under,0.5278825747009508,1.87,1.95,0.0,0.0,2025,-0.012859585309221933,-1.0,-1.0,A
total,under,0.48650398828631136,1.9,1.85,1.0,-1.0,2025,-0.07564242225600848,0.8999999999999999,0.8500000000000001,A
total,under,0.6655524882807361,1.87,1.9,0.0,0.0,2025,0.24458315308497647,-1.0,-1.0,A
total,under,0.4603908784160853,1.87,1.9,1.0,0.0,2025,-0.13906905736192043,0.8700000000000001,0.8999999999999999,A
total,under,0.5071150870179754,1.8,1.9,0.0,1.0,2025,-0.08719284336764432,-1.0,-1.0,A
total,under,0.39608551779519763,1.95,1.9,1.0,-2.0,2025,-0.2276332402993646,0.95,0.8999999999999999,A
total,under,0.513249893070225,1.9,1.9,0.0,-2.0,2025,-0.024825203166572662,-1.0,-1.0,A
total,under,0.4998598901645477,1.87,2.0,1.0,-1.0,2025,-0.06526200539229576,0.8700000000000001,1.0,A
total,under,0.42555908837588785,1.85,1.9,1.0,-2.0,2025,-0.21271568650460748,0.8500000000000001,0.8999999999999999,A
total,under,0.46586376142105224,1.87,1.95,1.0,1.0,2025,-0.12883476614263223,0.8700000000000001,0.95,A
total,under,0.42245605109890216,1.87,1.95,0.0,0.0,2025,-0.21000718444505295,-1.0,-1.0,A
total,under,0.46300188243114127,1.8,1.95,1.0,1.0,2025,-0.16659661162394568,0.8,0.95,A
total,under,0.6840222788463093,1.87,1.9,0.0,0.0,2025,0.2791216614425984,-1.0,-1.0,A
total,under,0.43188962491027594,1.87,1.9,1.0,0.0,2025,-0.19236640141778394,0.8700000000000001,0.8999999999999999,A
total,under,0.4185393789100774,1.95,1.85,1.0,-1.0,2025,-0.1838482111253491,0.95,0.8500000000000001,A
total,under,0.4934352669298103,1.87,1.95,0.0,-1.0,2025,-0.07727605084125466,-1.0,-1.0,A
total,under,0.4769345205384674,1.87,1.85,0.0,0.0,2025,-0.10813244659306587,-1.0,-1.0,A
total,under,0.5418781428459437,1.87,1.85,1.0,1.0,2025,0.013312127121914763,0.8700000000000001,0.8500000000000001,A
total,under,0.5337219416420624,1.87,1.95,0.0,-1.0,2025,-0.0019399691293431331,-1.0,-1.0,A
total,under,0.5136139385698966,1.87,1.9,1.0,0.0,2025,-0.03954193487429336,0.8700000000000001,0.8999999999999999,A
total,under,0.5237257556839907,1.87,1.95,1.0,0.0,2025,-0.02063283687093731,0.8700000000000001,0.95,A
total,under,0.4887309515578313,1.95,1.95,1.0,-2.0,2025,-0.04697464446222899,0.95,0.95,A
total,under,0.5172610959266748,1.85,1.85,1.0,0.0,2025,-0.043066972535651615,0.8500000000000001,0.8500000000000001,A
total,under,0.4303524928559608,1.85,1.85,0.0,0.0,2025,-0.20384788821647248,-1.0,-1.0,A
total,under,0.49180130383605003,1.87,1.95,0.0,0.0,2025,-0.0803315618265864,-1.0,-1.0,A
total,under,0.5426841655105575,1.87,1.9,1.0,-2.0,2025,0.014819389504742597,0.8700000000000001,0.8999999999999999,A
total,under,0.5501471892632399,1.85,1.9,1.0,0.0,2025,0.017772300136993824,0.8500000000000001,0.8999999999999999,A
total,under,0.5847804456027803,1.87,1.85,1.0,0.0,2025,0.09353943327719927,0.8700000000000001,0.8500000000000001,A
total,under,0.4846509506041735,1.85,1.85,1.0,0.0,2025,-0.10339574138227892,0.8500000000000001,0.8500000000000001,A
total,under,0.7216866371101041,1.87,1.85,0.0,0.0,2025,0.3495540113958946,-1.0,-1.0,A
total,under,0.5319906308150733,1.9,2.0,0.0,0.0,2025,0.010782198548639155,-1.0,-1.0,A
total,under,0.6326528868531903,1.87,1.85,1.0,1.0,2025,0.18306089841546602,0.8700000000000001,0.8500000000000001,A
total,under,0.4765254320227149,1.8,1.95,1.0,1.0,2025,-0.1422542223591131,0.8,0.95,A
total,under,0.577283237816713,1.85,1.85,0.0,0.0,2025,0.06797398996091908,-1.0,-1.0,A
total,under,0.4987696031504465,1.95,1.85,0.0,0.0,2025,-0.027399273856629325,-1.0,-1.0,A
total,under,0.5877419627976903,1.85,1.9,1.0,2.0,2025,0.08732263117572714,0.8500000000000001,0.8999999999999999,A
total,under,0.6687389900229297,1.8,1.9,1.0,3.0,2025,0.20373018204127358,0.8,0.8999999999999999,A
total,under,0.6600877517886581,1.8,1.9,1.0,2.0,2025,0.1881579532195845,0.8,0.8999999999999999,A
total,under,0.6794615333834915,1.87,1.85,1.0,2.0,2025,0.2705930674271291,0.8700000000000001,0.8500000000000001,A
total,under,0.4690584514225572,1.87,1.85,1.0,0.0,2025,-0.12286069583981796,0.8700000000000001,0.8500000000000001,A
total,under,0.6628704243048482,1.9,1.8,0.0,1.0,2025,0.25945380617921154,-1.0,-1.0,A
total,under,0.5310308908102972,1.87,1.9,1.0,0.0,2025,-0.0069722341847442415,0.8700000000000001,0.8999999999999999,A
total,under,0.6513501232536676,1.85,1.9,1.0,1.0,2025,0.20499772801928517,0.8500000000000001,0.8999999999999999,A
total,under,0.44992218179102683,1.9,1.85,0.0,-1.0,2025,-0.14514785459704904,-1.0,-1.0,A
total,under,0.705505434465342,1.87,1.9,0.0,1.0,2025,0.31929516245018963,-1.0,-1.0,A
total,under,0.5602102448946877,1.87,1.95,1.0,1.0,2025,0.04759315795306618,0.8700000000000001,0.95,A
total,under,0.4804336969760399,1.87,1.85,1.0,0.0,2025,-0.10158898665480542,0.8700000000000001,0.8500000000000001,A
total,under,0.6151060176203385,1.87,1.9,1.0,1.0,2025,0.15024825295003308,0.8700000000000001,0.8999999999999999,A
total,under,0.4809904330737984,1.9,1.85,1.0,-1.0,2025,-0.0861181771597831,0.8999999999999999,0.8500000000000001,A
total,under,0.41434614563306216,1.9,1.85,0.0,-1.0,2025,-0.2127423232971819,-1.0,-1.0,A
total,under,0.5763404842796189,1.8,1.85,0.0,0.0,2025,0.0374128717033142,-1.0,-1.0,A
total,under,0.4703748490087387,1.87,1.9,0.0,0.0,2025,-0.12039903235365856,-1.0,-1.0,A
total,under,0.5099806181891768,1.87,1.8,1.0,0.0,2025,-0.046336243986239256,0.8700000000000001,0.8,A
total,under,0.5510546450338185,1.85,1.85,1.0,0.0,2025,0.019451093312564227,0.8500000000000001,0.8500000000000001,A
total,under,0.5185366508991677,1.87,1.95,1.0,0.0,2025,-0.030336462818556398,0.8700000000000001,0.95,A
total,under,0.5979430918087687,1.85,1.85,1.0,1.0,2025,0.10619471984622209,0.8500000000000001,0.8500000000000001,A
total,under,0.4137811972198513,1.9,1.85,1.0,-1.0,2025,-0.21381572528228254,0.8999999999999999,0.8500000000000001,A
total,under,0.47683478340553764,1.87,1.85,1.0,0.0,2025,-0.10831895503164457,0.8700000000000001,0.8500000000000001,A
total,under,0.5021356488204377,1.87,1.85,0.0,0.0,2025,-0.06100633670578148,-1.0,-1.0,A
total,under,0.49105325398187594,1.9,1.9,0.0,0.0,2025,-0.06699881743443581,-1.0,-1.0,A
total,under,0.47130748055209337,1.9,1.88,1.0,7.0,2025,-0.1045157869510226,0.8999999999999999,0.8799999999999999,A
total,under,0.47188439200226395,1.87,1.9,0.0,0.0,2025,-0.11757618695576633,-1.0,-1.0,A
total,under,0.5132294038448844,1.87,6.2,0.0,13.0,2025,-0.040261014810066165,-1.0,-1.0,A
total,under,0.49861820527316614,1.87,1.81,1.0,12.0,2025,-0.06758395613917922,0.8700000000000001,0.81,A
total,under,0.7001888155333311,1.87,1.85,0.0,1.0,2025,0.30935308504732917,-1.0,-1.0,A
total,under,0.4671226730781678,1.87,1.9,0.0,0.0,2025,-0.12648060134382622,-1.0,-1.0,A
total,under,0.5835207466684584,1.87,1.85,1.0,0.0,2025,0.09118379627001727,0.8700000000000001,0.8500000000000001,A
total,under,0.5220813868241418,1.9,1.85,0.0,-1.0,2025,-0.008045365034130558,-1.0,-1.0,A
total,under,0.45847621125226234,1.95,1.95,0.0,-1.0,2025,-0.10597138805808848,-1.0,-1.0,A
total,under,0.597592694745979,1.95,2.0,0.0,0.0,2025,0.16530575475465903,-1.0,-1.0,A
total,under,0.4842482877197569,1.9,1.9,0.0,-1.0,2025,-0.0799282533324619,-1.0,-1.0,A
total,under,0.4948470376088019,1.87,1.85,1.0,0.0,2025,-0.07463603967154042,0.8700000000000001,0.8500000000000001,A
total,under,0.545964000878518,1.87,1.9,0.0,-1.0,2025,0.020952681642828708,-1.0,-1.0,A
total,under,0.5629635067611684,1.85,1.9,1.0,0.0,2025,0.041482487508161414,0.8500000000000001,0.8999999999999999,A
total,under,0.5113263431197879,1.9,1.9,0.0,-2.0,2025,-0.02847994807240306,-1.0,-1.0,A
total,under,0.5596990414656557,1.9,2.0,0.0,0.0,2025,0.06342817878474594,-1.0,-1.0,A
total,under,0.5259334313124748,1.85,1.8,1.0,0.0,2025,-0.02702315207192152,0.8500000000000001,0.8,A
total,under,0.5163287376626962,1.8,2.0,0.0,-2.0,2025,-0.07060827220714694,-1.0,-1.0,A
total,under,0.6077740853444585,1.95,2.0,0.0,-2.0,2025,0.18515946642169423,-1.0,-1.0,A
total,under,0.48290616482602566,1.9,2.0,0.0,1.0,2025,-0.08247828683055125,-1.0,-1.0,A
total,under,0.6667778329929744,1.9,1.9,1.0,0.0,2025,0.26687788268665136,0.8999999999999999,0.8999999999999999,A
total,under,0.48260797408229184,1.9,1.85,1.0,0.0,2025,-0.08304484924364552,0.8999999999999999,0.8500000000000001,A
total,under,0.45679513957605056,1.9,1.95,0.0,-1.0,2025,-0.13208923480550394,-1.0,-1.0,A
total,under,0.5293742315814979,1.9,1.85,1.0,2.0,2025,0.005811040004845891,0.8999999999999999,0.8500000000000001,A
total,under,0.4657316818227355,1.9,1.85,0.0,0.0,2025,-0.11510980453680264,-1.0,-1.0,A
total,under,0.47090725639913544,1.9,2.0,1.0,-1.0,2025,-0.10527621284164268,0.8999999999999999,1.0,A
total,under,0.4697172318458953,1.9,1.95,1.0,-2.0,2025,-0.10753725949279891,0.8999999999999999,0.95,A
total,under,0.4190663389259016,1.9,1.95,0.0,0.0,2025,-0.20377395604078696,-1.0,-1.0,A
head to head,home,0.5170448811752122,2.5,2.1,0.0,0.0761762222733901,2023,0.2926122029380305,-1.0,-1.0,B
head to head,home,0.5554595681815093,1.56,1.75,1.0,-0.05969051729650232,2023,-0.13348307363684542,0.56,0.75,B
head to head,home,0.8169422746719266,1.22,1.22,0.0,0.005743807359606223,2023,-0.0033304249002495956,-1.0,-1.0,B
head to head,home,0.566756823849754,1.8,1.47,1.0,0.1228629562541872,2023,0.02016228292955735,0.8,0.47,B
head to head,home,0.6578031410397936,1.44,1.28,1.0,0.09010997094413176,2023,-0.052763476902697226,0.43999999999999995,0.28,B
head to head,home,0.5272908086349861,2.05,2.75,0.0,-0.11487016153423574,2023,0.08094615770172142,-1.0,-1.0,B
head to head,home,0.6292295429999788,2.05,1.54,0.0,0.1587199244160437,2023,0.2899205631499564,-1.0,-1.0,B
head to head,home,0.6543914958350803,1.44,1.52,1.0,-0.027527116944672247,2023,-0.05767624599748444,0.43999999999999995,0.52,B
head to head,home,0.587557311100452,1.62,1.47,0.0,0.0690030110404819,2023,-0.04815715601726778,-1.0,-1.0,B
head to head,home,0.4420122420150228,2.1,1.77,1.0,0.08809020436927406,2023,-0.07177429176845207,1.1,0.77,B
head to head,home,0.6817891408700627,1.18,1.24,1.0,-0.026877013856252407,2023,-0.19548881377332605,0.17999999999999994,0.24,B
head to head,home,0.8156147409859642,1.35,1.38,0.0,-0.007831782798557008,2023,0.10107990033105185,-1.0,-1.0,B
head to head,home,0.5908149284441309,1.56,1.58,0.0,-0.0030321219284294987,2023,-0.07832871162715582,-1.0,-1.0,B
head to head,home,0.5774692441459537,1.62,2.1,1.0,-0.12937035279227965,2023,-0.06449982448355496,0.6200000000000001,1.1,B
head to head,home,0.5902300886459109,1.82,1.65,1.0,0.058718271588574455,2023,0.07421876133555783,0.8200000000000001,0.6499999999999999,B
head to head,home,0.5336733243934513,1.75,2.18,1.0,-0.10731021555763842,2023,-0.06607168231146021,0.75,1.1800000000000002,B
head to head,home,0.3814731391221301,2.75,2.8,1.0,-0.0009758001561279706,2023,0.049051132585857804,1.75,1.7999999999999998,B
head to head,home,0.7279650216072269,1.27,1.3,0.0,-0.00701195219123496,2023,-0.07548442255882182,-1.0,-1.0,B
head to head,home,0.6000182399049666,1.31,1.27,1.0,0.031362555081720145,2023,-0.21397610572449366,0.31000000000000005,0.27,B
head to head,home,0.6392551504264432,1.62,1.35,1.0,0.12603126356925753,2023,0.035593343690838,0.6200000000000001,0.3500000000000001,B
head to head,home,0.5446348778464667,1.952,2.18,1.0,-0.04824699110413411,2023,0.06312728155630287,0.952,1.1800000000000002,B
head to head,home,0.3996939034270904,3.35,3.0,1.0,0.03662037426215742,2023,0.3389745764807528,2.35,2.0,B
head to head,home,0.7398995307169175,1.333,1.28,1.0,0.03513392349833211,2023,-0.013713925554349027,0.33299999999999996,0.28,B
head to head,home,0.6842187451287329,1.31,1.5,1.0,-0.09172839755364026,2023,-0.1036734438813598,0.31000000000000005,0.5,B
head to head,home,0.6924170169123554,1.45,1.63,1.0,-0.06430964345537193,2023,0.004004674522915197,0.44999999999999996,0.6299999999999999,B
head to head,home,0.6128482234024337,1.91,1.77,1.0,0.04263565891472865,2023,0.17054010669864827,0.9099999999999999,0.77,B
head to head,home,0.3645499280821878,2.45,2.55,1.0,-0.012499314062033029,2023,-0.10685267619863992,1.4500000000000002,1.5499999999999998,B
head to head,home,0.4298171086319668,2.45,2.85,0.0,-0.05181812909586492,2023,0.05305191614831872,-1.0,-1.0,B
head to head,home,0.6612354724167421,1.47,1.54,1.0,-0.02401013174790234,2023,-0.027983855547389136,0.47,0.54,B
head to head,home,0.3881993721879606,3.25,4.25,0.0,-0.06761305139779838,2023,0.26164795961087184,-1.0,-1.0,B
head to head,home,0.6338494318343655,1.47,1.53,0.0,-0.02248201438848918,2023,-0.06824133520348274,-1.0,-1.0,B
head to head,home,0.8056469883576617,1.13,1.15,1.0,-0.0023538873468746946,2023,-0.08961890315584242,0.1299999999999999,0.1499999999999999,B
head to head,home,0.7603693568461534,1.36,1.22,0.0,0.08495890074837442,2023,0.03410232531076862,-1.0,-1.0,B
head to head,home,0.4531593707645044,2.0,1.91,1.0,0.022247873466078427,2023,-0.09368125847099118,1.0,0.9099999999999999,B
head to head,home,0.5949902938272293,2.2,1.7,1.0,0.12886597938144329,2023,0.3089786464199047,1.2000000000000002,0.7,B
head to head,home,0.3721127680928849,2.7,4.5,0.0,-0.1392312723247975,2023,0.004704473850789315,-1.0,-1.0,B
head to head,home,0.6798755431163255,1.4,1.22,0.0,0.1048951048951049,2023,-0.0481742396371444,-1.0,-1.0,B
head to head,home,0.8354579868642433,1.44,1.3,1.0,0.0796226415094341,2023,0.20305950108451043,0.43999999999999995,0.30000000000000004,B
head to head,home,0.7487178112568049,1.25,1.14,0.0,0.07843137254901955,2023,-0.06410273592899385,-1.0,-1.0,B
head to head,home,0.5089024200934371,1.56,2.0,1.0,-0.13045308805907302,2023,-0.20611222465423806,0.56,1.0,B
head to head,home,0.4956345756359138,1.82,1.952,1.0,-0.030309949818683957,2023,-0.09794507234263683,0.8200000000000001,0.952,B
head to head,home,0.2325440852401798,3.85,4.25,0.0,-0.025012140082266876,2023,-0.10470527182530776,-1.0,-1.0,B
head to head,home,0.3938095185514978,3.0,3.7,0.0,-0.05818181818181811,2023,0.18142855565449345,-1.0,-1.0,B
head to head,home,0.591255423551206,2.15,2.25,1.0,-0.016963528413910023,2023,0.27119916063509275,1.15,1.25,B
head to head,home,0.2821006812026671,1.82,2.62,1.0,-0.15641045096997758,2023,-0.4865767602111458,0.8200000000000001,1.62,B
head to head,home,0.4470423082933394,2.0,1.93,1.0,0.02356020942408371,2023,-0.10591538341332118,1.0,0.9299999999999999,B
head to head,home,0.1592446573641452,5.0,6.0,0.0,-0.0312746457806424,2023,-0.20377671317927404,-1.0,-1.0,B
head to head,home,0.3611955826468078,3.75,3.5,0.0,0.021338963940338906,2023,0.35448343492552925,-1.0,-1.0,B
head to head,home,0.6462233397040182,1.52,1.44,1.0,0.04166713844133196,2023,-0.017740523649892315,0.52,0.43999999999999995,B
head to head,home,0.7827383790828077,1.56,1.3,1.0,0.12902743142144646,2023,0.22107187136918016,0.56,0.30000000000000004,B
head to head,home,0.440374982133453,2.75,2.55,1.0,0.031290022121318095,2023,0.21103120086699567,1.75,1.5499999999999998,B
head to head,home,0.5459107414969611,1.72,2.3,0.0,-0.1378340365682138,2023,-0.06103352462522704,-1.0,-1.0,B
head to head,home,0.2672003726171824,3.0,5.6,0.0,-0.14658418504572343,2023,-0.1983988821484528,-1.0,-1.0,B
head to head,home,0.6805893048496139,1.45,1.65,1.0,-0.07248342374924643,2023,-0.01314550796805991,0.44999999999999996,0.6499999999999999,B
head to head,home,0.6930660269925559,1.68,1.8,1.0,-0.034542776810817966,2023,0.16435092534749396,0.6799999999999999,0.8,B
head to head,home,0.3732845567374312,2.75,4.0,0.0,-0.10425137797054299,2023,0.026532531027935846,-1.0,-1.0,B
head to head,home,0.7171644458130251,1.25,1.18,1.0,0.05314226003881173,2023,-0.10354444273371866,0.25,0.17999999999999994,B
head to head,home,0.7711268435159824,1.25,1.27,1.0,-0.0028914791723140265,2023,-0.03609144560502209,0.25,0.27,B
head to head,home,0.7281324367967683,1.25,1.27,1.0,-0.0028914791723140265,2023,-0.08983445400403967,0.25,0.27,B
head to head,home,0.7484415638975453,1.333,1.5,1.0,-0.07420508057751385,2023,-0.002327395324572046,0.33299999999999996,0.5,B
head to head,home,0.4512335742263387,1.68,2.45,0.0,-0.1749507559284746,2023,-0.24192759529975105,-1.0,-1.0,B
head to head,home,0.5845619320182537,1.45,1.6,1.0,-0.05476190476190468,2023,-0.15238519857353217,0.44999999999999996,0.6000000000000001,B
head to head,home,0.7214674947078578,1.36,1.56,0.0,-0.08599083916688266,2023,-0.01880420719731335,-1.0,-1.0,B
head to head,home,0.9014418977901384,1.1,1.09,0.0,0.015890477936682745,2023,-0.008413912430847659,-1.0,-1.0,B
head to head,home,0.3990842100623708,2.35,2.85,0.0,-0.06785398881365912,2023,-0.06215210635342849,-1.0,-1.0,B
head to head,home,0.6894912587309732,1.68,1.47,0.0,0.08872739563968235,2023,0.15834531466803492,-1.0,-1.0,B
head to head,home,0.3446223874109378,2.4,2.8,0.0,-0.05272262954114837,2023,-0.17290627021374927,-1.0,-1.0,B
head to head,home,0.4049499419288815,2.8,3.7,0.0,-0.08259452905963471,2023,0.13385983740086815,-1.0,-1.0,B
head to head,home,0.1896188703530716,4.0,4.25,0.0,-0.012230028623471195,2023,-0.24152451858771362,-1.0,-1.0,B
head to head,home,0.7420460780308336,1.5,1.27,0.0,0.12486694126903308,2023,0.11306911704625033,-1.0,-1.0,B
head to head,home,0.4159726166155982,1.91,2.0,0.0,-0.019480519480519376,2023,-0.20549230226420745,-1.0,-1.0,B
head to head,home,0.4567858142093457,2.6,2.1,1.0,0.09151068254868588,2023,0.18764311694429892,1.6,1.1,B
head to head,home,0.7284864150247581,1.4,1.24,0.0,0.09231660871005143,2023,0.019880981034661183,-1.0,-1.0,B
head to head,home,0.3396787561042701,2.75,2.9,1.0,-0.013440860215053696,2023,-0.06588342071325715,1.75,1.9,B
head to head,home,0.5446793944051281,1.72,1.68,1.0,0.016963528413910134,2023,-0.06315144162317965,0.72,0.6799999999999999,B
head to head,home,0.4966271736423035,2.15,2.18,0.0,-0.0034188034188035177,2023,0.06774842333095243,-1.0,-1.0,B
head to head,home,0.7958297993169137,1.54,1.47,1.0,0.03284688658439294,2023,0.22557789094804703,0.54,0.47,B
head to head,home,0.9098630064140688,1.15,1.14,1.0,0.018669813912318145,2023,0.046342457376179036,0.1499999999999999,0.1399999999999999,B
head to head,home,0.6837239433949158,1.62,1.44,1.0,0.08146807109940757,2023,0.10763278829976364,0.6200000000000001,0.43999999999999995,B
head to head,home,0.5399258757069187,2.4,1.68,1.0,0.17553415934635014,2023,0.29582210169660494,1.4,0.6799999999999999,B
head to head,home,0.4891602366005418,1.82,1.77,1.0,0.01907544949064488,2023,-0.10972836938701391,0.8200000000000001,0.77,B
head to head,home,0.3685565741684002,2.35,2.6,0.0,-0.036131252304289097,2023,-0.13389205070425947,-1.0,-1.0,B
head to head,home,0.2807662096078348,1.91,3.35,0.0,-0.2127659574468086,2023,-0.4637365396490355,-1.0,-1.0,B
head to head,home,0.4724889937058961,3.0,2.75,1.0,0.030159414045669963,2023,0.4174669811176883,2.0,1.75,B
head to head,home,0.8117115375209281,1.4,1.333,0.0,0.042369693207682135,2023,0.13639615252929915,-1.0,-1.0,B
head to head,home,0.7779551604726749,1.27,1.36,1.0,-0.04696397098698468,2023,-0.01199694619970293,0.27,0.3600000000000001,B
head to head,home,0.3566966134976386,2.35,2.18,1.0,0.0359623498864004,2023,-0.16176295828054932,1.35,1.1800000000000002,B
head to head,home,0.4719933269927578,2.6,2.8,0.0,-0.021591363454618206,2023,0.22718265018117045,-1.0,-1.0,B
head to head,home,0.5435969905640563,1.87,2.0,1.0,-0.030207887350744478,2023,0.016526372354785268,0.8700000000000001,1.0,B
head to head,home,0.656817756026878,1.62,1.58,0.0,0.021205752772573194,2023,0.06404476476354248,-1.0,-1.0,B
head to head,home,0.6611000593808204,1.65,1.47,1.0,0.07473569084943499,2023,0.09081509797835352,0.6499999999999999,0.47,B
head to head,home,0.7043490177159619,1.27,1.18,1.0,0.057108363673139206,2023,-0.10547674750072833,0.27,0.17999999999999994,B
head to head,home,0.4243560534520033,1.47,1.42,0.0,0.031251017285718996,2023,-0.3761966014255552,-1.0,-1.0,B
head to head,home,0.7682975570089372,1.952,1.65,0.0,0.09300584888288321,2023,0.4997168312814453,-1.0,-1.0,B
head to head,home,0.436858893469649,1.48,1.32,1.0,0.0844945897340581,2023,-0.3534488376649195,0.48,0.32000000000000006,B
head to head,home,0.4871333380842014,2.2,2.05,0.0,0.03454277681081808,2023,0.07169334378524317,-1.0,-1.0,B
head to head,home,0.4843267506052311,1.45,1.42,1.0,0.02397112691230352,2023,-0.29772621162241486,0.44999999999999996,0.41999999999999993,B
head to head,home,0.2907254720715853,2.75,3.4,0.0,-0.06359854315696267,2023,-0.20050495180314054,-1.0,-1.0,B
head to head,home,0.6594290630558532,1.52,1.58,0.0,-0.01859517988550241,2023,0.0023321758448968666,-1.0,-1.0,B
head to head,home,0.711836980609114,1.38,1.3,1.0,0.04803571428571429,2023,-0.01766496675942264,0.3799999999999999,0.30000000000000004,B
head to head,home,0.3242412706763826,2.55,3.0,1.0,-0.052197405138581676,2023,-0.1731847597752244,1.5499999999999998,2.0,B
head to head,home,0.942096046910461,1.19,1.11,1.0,0.06430539624780818,2023,0.12109429582344844,0.18999999999999995,0.1100000000000001,B
head to head,home,0.5395810829496033,1.52,1.85,1.0,-0.10705510705510701,2023,-0.17983675391660303,0.52,0.8500000000000001,B
head to head,home,0.563188779856796,1.52,1.5,0.0,0.014612698823225245,2023,-0.14395305461766994,-1.0,-1.0,B
head to head,home,0.5914864189908093,1.52,1.4,1.0,0.06235326235326233,2023,-0.10094064313396978,0.52,0.3999999999999999,B
head to head,home,0.2941945545082612,3.2,2.25,1.0,0.1292353019954467,2023,-0.058577425573564046,2.2,1.25,B
head to head,home,0.8023210823345822,1.25,1.19,1.0,0.04584968074467266,2023,0.0029013529182277953,0.25,0.18999999999999995,B
head to head,home,0.2965557982115412,3.0,2.5,0.0,0.06605463502015235,2023,-0.11033260536537637,-1.0,-1.0,B
head to head,home,0.489427600737381,1.58,1.63,1.0,-0.012562814070351647,2023,-0.22670439083493799,0.5800000000000001,0.6299999999999999,B
head to head,home,0.3108102304380818,3.0,2.75,0.0,0.03169997850848927,2023,-0.0675693086857545,-1.0,-1.0,B
head to head,home,0.4145623262944173,2.55,1.8,1.0,0.15900315900315903,2023,0.057133932050764,1.5499999999999998,0.8,B
head to head,home,0.4663558804568755,2.15,1.53,0.0,0.18055555555555558,2023,0.0026651429822821537,-1.0,-1.0,B
head to head,home,0.6920769868981209,1.22,1.56,1.0,-0.15914420227946113,2023,-0.1556660759842925,0.21999999999999997,0.56,B
head to head,home,0.2918440741248557,2.25,2.75,0.0,-0.07473569084943493,2023,-0.34335083321907467,-1.0,-1.0,B
head to head,home,0.8125207350936865,1.47,1.12,1.0,0.21020540619600891,2023,0.19440548058771911,0.47,0.1200000000000001,B
head to head,home,0.3974700704230751,1.82,2.62,0.0,-0.15948253952117109,2023,-0.27660447183000336,-1.0,-1.0,B
head to head,home,0.2139627412499496,2.45,2.8,0.0,-0.04785096083321111,2023,-0.4757912839376235,-1.0,-1.0,B
head to head,home,0.8269156425119762,1.28,1.6,1.0,-0.1455268389662029,2023,0.05845202241532954,0.28,0.6000000000000001,B
head to head,home,0.7754967917440994,1.38,1.25,1.0,0.06994047619047605,2023,0.07018557260685698,0.3799999999999999,0.25,B
head to head,home,0.7978666644673174,1.35,1.25,0.0,0.06199677938808379,2023,0.07711999703087846,-1.0,-1.0,B
head to head,home,0.7686968842547061,1.35,1.48,0.0,-0.05640353582074209,2023,0.037740793743853196,-1.0,-1.0,B
head to head,home,0.6774400753564328,1.42,1.65,0.0,-0.08901781528363806,2023,-0.03803509299386543,-1.0,-1.0,B
head to head,home,0.8472669731274434,1.28,1.11,1.0,0.11325178698799565,2023,0.08450172560312752,0.28,0.1100000000000001,B
head to head,home,0.569840453326178,2.5,1.5,0.0,0.25473421128520624,2023,0.42460113331544513,-1.0,-1.0,B
head to head,home,0.3906795179080126,2.2,1.72,0.0,0.1259846682527095,2023,-0.14050506060237222,-1.0,-1.0,B
head to head,home,0.6225555273916346,1.5,1.65,1.0,-0.05186786045075653,2023,-0.06616670891254817,0.5,0.6499999999999999,B
head to head,home,0.8358960101042979,1.45,1.13,1.0,0.19713848842289228,2023,0.21204921465123205,0.44999999999999996,0.1299999999999999,B
head to head,home,0.7945281807691082,1.28,1.35,1.0,-0.03900509983576805,2023,0.016996071384458578,0.28,0.3500000000000001,B
head to head,home,0.4265240607368437,2.0,2.18,0.0,-0.038295460679009186,2023,-0.14695187852631264,-1.0,-1.0,B
head to head,home,0.5239523344783638,2.05,1.57,1.0,0.1447007780938649,2023,0.0741022856806457,1.0499999999999998,0.5700000000000001,B
head to head,home,0.2075630003828631,3.2,11.0,0.0,-0.21110868457450682,2023,-0.3357983987748381,-1.0,-1.0,B
head to head,home,0.4575911250026775,2.9,4.25,0.0,-0.1028384942319368,2023,0.3270142625077648,-1.0,-1.0,B
head to head,home,0.7579902784944694,1.68,2.55,0.0,-0.1920103092783505,2023,0.2734236678707085,-1.0,-1.0,B
head to head,home,0.8302357428116593,1.5,1.6,0.0,-0.034146341463414775,2023,0.24535361421748902,-1.0,-1.0,B
head to head,home,0.6730503707244706,1.62,1.68,0.0,-0.014215609908085236,2023,0.09034160057364238,-1.0,-1.0,B
head to head,home,0.79344612227867,1.31,1.22,1.0,0.05906255906255897,2023,0.0394144201850577,0.31000000000000005,0.21999999999999997,B
head to head,home,0.2733964184855653,3.5,2.9,0.0,0.05944796267376917,2023,-0.043112535300521504,-1.0,-1.0,B
head to head,home,0.391305460568448,1.91,2.45,0.0,-0.10794044665012409,2023,-0.25260657031426437,-1.0,-1.0,B
head to head,home,0.3804157538770688,2.3,2.75,0.0,-0.0633835094321416,2023,-0.12504376608274193,-1.0,-1.0,B
head to head,home,0.4805581304857277,1.91,1.85,1.0,0.019480519480519543,2023,-0.08213397077226015,0.9099999999999999,0.8500000000000001,B
head to head,home,0.1679360976598578,3.75,3.7,0.0,0.007011952191235016,2023,-0.37023963377553315,-1.0,-1.0,B
head to head,home,0.8420033131360558,1.35,1.25,1.0,0.05538302277432705,2023,0.13670447273367548,0.3500000000000001,0.25,B
head to head,home,0.6310068730349274,1.68,1.54,1.0,0.05646157336223634,2023,0.060091546698678,0.6799999999999999,0.54,B
head to head,home,0.7828742494221712,1.5,1.42,1.0,0.04458669021079342,2023,0.1743113741332567,0.5,0.41999999999999993,B
head to head,home,0.5975779815956311,1.68,1.93,0.0,-0.0670103092783505,2023,0.003931009080660353,-1.0,-1.0,B
head to head,home,0.4977393567632827,2.02,2.22,0.0,-0.037530719093920306,2023,0.0054335006618311255,-1.0,-1.0,B
head to head,home,0.3330397675743015,3.2,3.2,1.0,0.0,2023,0.06572725623776488,2.2,2.2,B
head to head,home,0.6288885082685324,1.65,1.38,1.0,0.11504120879120894,2023,0.03766603864307827,0.6499999999999999,0.3799999999999999,B
head to head,home,0.984661504710498,1.04,1.025,1.0,0.0224161790391878,2023,0.024047964898917806,0.040000000000000036,0.02499999999999991,B
head to head,home,0.6959709429606652,1.3,1.35,0.0,-0.0250164581961817,2023,-0.09523777415113521,-1.0,-1.0,B
head to head,home,0.7257172305183073,1.36,1.38,1.0,-0.003064429633034438,2023,-0.013024566495102086,0.3600000000000001,0.3799999999999999,B
head to head,home,0.1639174205158987,5.5,10.0,0.0,-0.0770914628343009,2023,-0.09845418716255716,-1.0,-1.0,B
head to head,home,0.6287211244828594,1.36,1.44,1.0,-0.037418721629247864,2023,-0.14493927070331114,0.3600000000000001,0.43999999999999995,B
head to head,home,0.5597394064898645,1.4,1.65,0.0,-0.09953970080552355,2023,-0.21636483091418968,-1.0,-1.0,B
head to head,home,0.4366480703059691,2.6,2.85,0.0,-0.02864435621100403,2023,0.1352849827955196,-1.0,-1.0,B
head to head,home,0.9270617350148928,1.25,1.12,1.0,0.09111361079865032,2023,0.15882716876861602,0.25,0.1200000000000001,B
head to head,home,0.4051304188148119,2.6,2.3,1.0,0.051867860450756365,2023,0.053339088918511024,1.6,1.2999999999999998,B
head to head,home,0.2578949936516279,2.45,3.3,1.0,-0.09718193785921453,2023,-0.3681572655535117,1.4500000000000002,2.3,B
head to head,home,0.5627873831334738,1.58,1.58,1.0,0.004925371273239776,2023,-0.11079593464911142,0.5800000000000001,0.5800000000000001,B
head to head,home,0.2820537428403366,2.75,3.2,0.0,-0.04392805156997298,2023,-0.22435220718907445,-1.0,-1.0,B
head to head,home,0.8649258788766061,1.35,1.19,1.0,0.10123270351899971,2023,0.1676499364834183,0.3500000000000001,0.18999999999999995,B
head to head,home,0.4892233346277037,1.91,1.93,0.0,0.0,2023,-0.06558343086108598,-1.0,-1.0,B
head to head,home,0.3394384718500138,2.45,3.7,0.0,-0.1290274314214463,2023,-0.16837574396746613,-1.0,-1.0,B
head to head,home,0.7330693827974855,1.47,1.24,0.0,0.12665277613974402,2023,0.07761199271230357,-1.0,-1.0,B
head to head,home,0.7887476580036066,1.31,1.14,1.0,0.11268540680305372,2023,0.033259431984724586,0.31000000000000005,0.1399999999999999,B
head to head,home,0.769802977555234,1.21,1.28,1.0,-0.045119180751025056,2023,-0.0685383971581669,0.20999999999999996,0.28,B
head to head,home,0.1690603423329654,5.0,6.5,0.0,-0.0428389045116577,2023,-0.15469828833517296,-1.0,-1.0,B
head to head,home,0.768243430469588,1.45,1.28,1.0,0.0957254246727931,2023,0.11395297418090244,0.44999999999999996,0.28,B
head to head,home,0.7588286911262601,1.35,1.25,1.0,0.05538302277432705,2023,0.024418733020451056,0.3500000000000001,0.25,B
head to head,home,0.8150638177046913,1.14,1.11,1.0,0.03268206470788371,2023,-0.07082724781665206,0.1399999999999999,0.1100000000000001,B
head to head,home,0.1276697300716388,6.0,5.0,0.0,0.032453237834574794,2023,-0.23398161957016728,-1.0,-1.0,B
head to head,home,0.7236583738265451,1.333,1.28,1.0,0.03513392349833211,2023,-0.03536338768921543,0.33299999999999996,0.28,B
head to head,home,0.7627452000978199,1.3,1.24,1.0,0.03944091297721275,2023,-0.008431239872834118,0.30000000000000004,0.24,B
head to head,home,0.8337085268398077,1.2,1.28,1.0,-0.04261611884116434,2023,0.0004502322077690746,0.19999999999999996,0.28,B
head to head,home,0.4939231640116701,1.58,1.58,0.0,0.004925371273239776,2023,-0.2196014008615612,-1.0,-1.0,B
head to head,home,0.8007324224374645,1.38,1.19,1.0,0.11579015693514871,2023,0.10501074296370083,0.3799999999999999,0.18999999999999995,B
head to head,home,0.5330850724549596,1.65,2.35,0.0,-0.1673753382296096,2023,-0.12040963044931663,-1.0,-1.0,B
head to head,home,0.4177943648908481,2.25,1.5,1.0,0.21807140228192878,2023,-0.05996267899559182,1.25,0.5,B
head to head,home,0.1049625407443999,5.5,9.0,0.0,-0.0666761242729465,2023,-0.42270602590580053,-1.0,-1.0,B
head to head,home,0.1611532265882722,3.85,5.5,0.0,-0.07511454417293228,2023,-0.3795600776351521,-1.0,-1.0,B
head to head,home,0.4967489053088308,2.0,2.35,1.0,-0.0683793371754125,2023,-0.006502189382338375,1.0,1.35,B
head to head,home,0.7924025749812105,1.3,1.38,1.0,-0.03600392121914264,2023,0.030123347475573548,0.30000000000000004,0.3799999999999999,B
head to head,home,0.8972965718799206,1.14,1.1,0.0,0.04457806344598769,2023,0.022918091943109342,-1.0,-1.0,B
head to head,home,0.8713096666969647,1.15,1.13,1.0,0.02483272401186465,2023,0.0020061167015092973,0.1499999999999999,0.1299999999999999,B
head to head,home,0.4600540478270786,3.2,3.2,0.0,0.0015355675841682848,2023,0.47217295304665163,-1.0,-1.0,B
head to head,home,0.9047607747374636,1.14,1.09,1.0,0.045545193125988925,2023,0.03142728320070853,0.1399999999999999,0.09000000000000008,B
head to head,home,0.8502313834320853,1.18,1.17,1.0,0.012856319546039052,2023,0.0032730324498606578,0.17999999999999994,0.16999999999999993,B
head to head,home,0.3016053269792418,3.2,3.3,0.0,-0.007923033389926393,2023,-0.03486295366642622,-1.0,-1.0,B
head to head,home,0.3071130230730104,3.1,2.5,0.0,0.07620073891625628,2023,-0.04794962847366768,-1.0,-1.0,B
head to head,home,0.4863318403227237,1.82,1.42,1.0,0.1551728222501244,2023,-0.11487605061264283,0.8200000000000001,0.41999999999999993,B
head to head,home,0.541615632511568,1.62,1.56,0.0,0.02902885292047863,2023,-0.12258267533125988,-1.0,-1.0,B
head to head,home,0.7917066489406657,1.38,1.2,1.0,0.09750939849624052,2023,0.09255517553811843,0.3799999999999999,0.19999999999999996,B
head to head,home,0.5444896826076153,1.91,1.7,0.0,0.061855670103092786,2023,0.03997529378054532,-1.0,-1.0,B
head to head,home,0.4028392066834402,1.87,1.5,1.0,0.1304209574886267,2023,-0.24669068350196677,0.8700000000000001,0.5,B
head to head,home,0.8528440638391339,1.62,1.22,1.0,0.1999785928357357,2023,0.38160738341939693,0.6200000000000001,0.21999999999999997,B
head to head,home,0.3123582643874543,2.75,1.91,0.0,0.15344956880389954,2023,-0.1410147729345007,-1.0,-1.0,B
head to head,home,0.7451312182302874,1.36,1.24,1.0,0.07238040456332095,2023,0.01337845679319094,0.3600000000000001,0.24,B
head to head,home,0.7685604413608326,1.44,1.28,1.0,0.08259452905963482,2023,0.10672703555959884,0.43999999999999995,0.28,B
head to head,home,0.588023551580269,1.58,1.63,1.0,-0.012562814070351647,2023,-0.07092278850317502,0.5800000000000001,0.6299999999999999,B
head to head,home,0.8921120950949939,1.21,1.12,1.0,0.06959635228327221,2023,0.07945563506494269,0.20999999999999996,0.1200000000000001,B
head to head,home,0.6061033951645108,1.78,2.02,0.0,-0.059514846862402215,2023,0.07886404339282937,-1.0,-1.0,B
head to head,home,0.8490628706507959,1.25,1.17,1.0,0.060013046314416285,2023,0.06132858831349486,0.25,0.16999999999999993,B
head to head,home,0.6859701057921167,1.4,1.38,1.0,0.016871774513696036,2023,-0.03964185189103664,0.3999999999999999,0.3799999999999999,B
head to head,home,0.4924704469966716,1.52,1.52,1.0,0.006314615010267199,2023,-0.2514449205650592,0.52,0.52,B
head to head,home,0.8332450038854393,1.25,1.19,1.0,0.04584968074467266,2023,0.041556254856799146,0.25,0.18999999999999995,B
head to head,home,0.77712727690878,1.27,1.25,1.0,0.009951636904761973,2023,-0.013048358325849385,0.27,0.25,B
head to head,home,0.7358183895380328,1.65,1.6,1.0,0.023076923076923106,2023,0.21410034273775413,0.6499999999999999,0.6000000000000001,B
head to head,home,0.45193777571048,2.6,1.952,1.0,0.1273966010688144,2024,0.17503821684724796,1.6,0.952,B
head to head,home,0.4610383619810921,2.4,2.45,1.0,-0.004925371273239665,2024,0.10649206875462092,1.4,1.4500000000000002,B
head to head,home,0.6289857480905363,1.44,1.37,0.0,0.039841459890177955,2024,-0.0942605227496277,-1.0,-1.0,B
head to head,home,0.5683107303577919,1.6,1.54,0.0,0.028535173779827283,2024,-0.09070283142753288,-1.0,-1.0,B
head to head,home,0.459833864086681,2.25,2.68,1.0,-0.0642252484357747,2024,0.0346261941950321,1.25,1.6800000000000002,B
head to head,home,0.6544901921986487,1.48,1.38,1.0,0.05031779661016966,2024,-0.031354515545999995,0.48,0.3799999999999999,B
head to head,home,0.6123482984908674,1.42,1.52,0.0,-0.044760669760669725,2024,-0.13046541614296836,-1.0,-1.0,B
head to head,home,0.5404339887883698,2.65,2.45,0.0,0.033706042453992224,2024,0.43215007028917984,-1.0,-1.0,B
head to head,home,0.6869195411658411,1.44,1.38,1.0,0.03158692722371981,2024,-0.010835860721188917,0.43999999999999995,0.3799999999999999,B
head to head,home,0.7817204278908856,1.42,1.27,1.0,0.08771698643615156,2024,0.11004300760505736,0.41999999999999993,0.27,B
head to head,home,0.7161918140788547,1.35,1.37,1.0,-0.006302920749690855,2024,-0.03314105099354614,0.3500000000000001,0.3700000000000001,B
head to head,home,0.7491859093892139,1.72,1.38,1.0,0.14313440077632222,2024,0.288599764149448,0.72,0.3799999999999999,B
head to head,home,0.6741456769866963,1.54,1.44,1.0,0.0493908837888396,2024,0.03818434255951231,0.54,0.43999999999999995,B
head to head,home,0.6918544246411209,1.5,1.42,1.0,0.04458669021079342,2024,0.037781636961681464,0.5,0.41999999999999993,B
head to head,home,0.4458444495056436,1.952,2.15,1.0,-0.04055468341182633,2024,-0.1297116345649837,0.952,1.15,B
head to head,home,0.4562187117228688,1.44,2.0,1.0,-0.17985787797108538,2024,-0.3430450551190689,0.43999999999999995,1.0,B
head to head,home,0.731509740671404,1.56,1.24,1.0,0.16316222194967955,2024,0.1411551954473902,0.56,0.24,B
head to head,home,0.4408974250677651,1.36,1.36,1.0,0.0,2024,-0.40037950190783944,0.3600000000000001,0.3600000000000001,B
head to head,home,0.6680211680287065,1.65,1.56,1.0,0.03404949165547677,2024,0.10223492724736571,0.6499999999999999,0.56,B
head to head,home,0.5212381315194802,1.72,1.75,1.0,-0.004273504273504258,2024,-0.10347041378649413,0.72,0.75,B
head to head,home,0.3730285253922702,2.15,3.0,0.0,-0.1231774761186526,2024,-0.19798867040661905,-1.0,-1.0,B
head to head,home,0.2504155826765454,2.55,4.0,1.0,-0.1353691353691355,2024,-0.36144026417480923,1.5499999999999998,3.0,B
head to head,home,0.5707787827511135,1.65,1.75,1.0,-0.02564102564102555,2024,-0.05821500846066274,0.6499999999999999,0.75,B
head to head,home,0.4373225034737808,2.25,1.77,1.0,0.11955873583780563,2024,-0.016024367183993138,1.25,0.77,B
head to head,home,0.5169271407963404,2.35,1.54,0.0,0.21840859150134634,2024,0.2147787808713999,-1.0,-1.0,B
head to head,home,0.5013025160399768,1.44,1.53,1.0,-0.035377358490566,2024,-0.2781243769024335,0.43999999999999995,0.53,B
head to head,home,0.4840698834665163,1.44,2.0,1.0,-0.17985787797108538,2024,-0.3029393678082165,0.43999999999999995,1.0,B
head to head,home,0.3355927669110456,2.4,3.2,1.0,-0.09873931058802787,2024,-0.19457735941349052,1.4,2.2,B
head to head,home,0.3190321072601495,1.72,2.22,0.0,-0.1218820861678005,2024,-0.45126477551254285,-1.0,-1.0,B
head to head,home,0.6275379058127803,1.54,1.28,1.0,0.13167544824657884,2024,-0.03359162504831825,0.54,0.28,B
head to head,home,0.5394718818309105,1.4,1.67,1.0,-0.10783858998144702,2024,-0.24473936543672525,0.3999999999999999,0.6699999999999999,B
head to head,home,0.6864490569032198,1.31,1.45,0.0,-0.068827198238963,2024,-0.10075173545678207,-1.0,-1.0,B
head to head,home,0.5792325267157041,1.44,1.44,1.0,0.0039583058450983755,2024,-0.16590516152938606,0.43999999999999995,0.43999999999999995,B
head to head,home,0.3562554491664842,2.8,3.7,1.0,-0.08259452905963471,2024,-0.0024847423338442143,1.7999999999999998,2.7,B
head to head,home,0.723946862501879,1.38,1.52,1.0,-0.06542865917865925,2024,-0.0009533297474070279,0.3799999999999999,0.52,B
head to head,home,0.4362588808265542,1.72,2.05,0.0,-0.088023088023088,2024,-0.24963472497832684,-1.0,-1.0,B
head to head,home,0.293894889298543,1.82,2.25,1.0,-0.09753980126081857,2024,-0.4651113014766517,0.8200000000000001,1.25,B
head to head,home,0.6944062653672796,1.56,1.45,1.0,0.04378933618335101,2024,0.0832737739729561,0.56,0.44999999999999996,B
head to head,home,0.7639854992339183,1.18,1.13,1.0,0.04566697564266187,2024,-0.09849711090397639,0.17999999999999994,0.1299999999999999,B
head to head,home,0.5101306625209955,1.82,1.8,1.0,0.008907323043448767,2024,-0.07156219421178822,0.8200000000000001,0.8,B
head to head,home,0.563757367286688,2.25,1.57,0.0,0.186375813241485,2024,0.26845407639504804,-1.0,-1.0,B
head to head,home,0.7651535571975356,1.28,1.11,1.0,0.10861245144115572,2024,-0.02060344678715431,0.28,0.1100000000000001,B
head to head,home,0.6785669683271163,1.35,1.3,1.0,0.02264492753623193,2024,-0.08393459275839299,0.3500000000000001,0.30000000000000004,B
head to head,home,0.4973693520857452,1.87,2.3,1.0,-0.09300584888288332,2024,-0.06991931159965648,0.8700000000000001,1.2999999999999998,B
head to head,home,0.3760264040255225,1.87,3.7,0.0,-0.2507273678702251,2024,-0.2968306244722728,-1.0,-1.0,B
head to head,home,0.6147186005283101,1.82,1.833,0.0,-0.0017757064238228537,2024,0.11878785296152428,-1.0,-1.0,B
head to head,home,0.8196809018020615,1.44,1.37,1.0,0.039841459890177955,2024,0.1803404985949686,0.43999999999999995,0.3700000000000001,B
head to head,home,0.5284640583804787,1.91,1.87,0.0,0.010727367870225102,2024,0.009366351506714388,-1.0,-1.0,B
head to head,home,0.3447147917032195,2.75,3.2,1.0,-0.046992481203007475,2024,-0.052034322816146394,1.75,2.2,B
head to head,home,0.6055220948058233,1.72,1.38,0.0,0.13640873015873023,2024,0.04149800306601614,-1.0,-1.0,B
head to head,home,0.8225795631116997,1.16,1.18,1.0,-0.0026268230151725858,2024,-0.04580770679042845,0.15999999999999992,0.17999999999999994,B
head to head,home,0.3254341645345054,3.5,3.5,0.0,0.003462852624863788,2024,0.13901957587076885,-1.0,-1.0,B
head to head,home,0.6390745794757324,1.38,1.4,1.0,-0.0030753968253969255,2024,-0.11807708032348929,0.3799999999999999,0.3999999999999999,B
head to head,home,0.4416214231165756,2.4,1.93,1.0,0.10301507537688442,2024,0.059891415479781385,1.4,0.9299999999999999,B
head to head,home,0.6636340944742183,1.6,1.56,1.0,0.020826837937270026,2024,0.06181455115874934,0.6000000000000001,0.56,B
head to head,home,0.8255516426214922,1.21,1.25,0.0,-0.02618630639646402,2024,-0.0010825124279945086,-1.0,-1.0,B
head to head,home,0.4096169899051791,3.25,2.8,0.0,0.0461443806398687,2024,0.33125521719183193,-1.0,-1.0,B
head to head,home,0.8271649118044961,1.333,1.23,1.0,0.05812725704705968,2024,0.1026108274353934,0.33299999999999996,0.22999999999999998,B
head to head,home,0.6575919068246037,1.56,1.333,1.0,0.104380837357812,2024,0.025843374646381756,0.56,0.33299999999999996,B
head to head,home,0.3321140299172903,3.25,4.5,0.0,-0.0829519450800916,2024,0.07937059723119333,-1.0,-1.0,B
head to head,home,0.2929136376591679,2.75,3.35,0.0,-0.06059150117446077,2024,-0.19448749643728824,-1.0,-1.0,B
head to head,home,0.6580082307222253,1.82,1.45,0.0,0.1312016953378209,2024,0.19757497991444994,-1.0,-1.0,B
head to head,home,0.3825173601784088,2.0,2.9,0.0,-0.14773608687221268,2024,-0.23496527964318237,-1.0,-1.0,B
head to head,home,0.1645647285438596,4.4,,0.0,,2024,-0.2759151944070177,-1.0,-1.0,B
head to head,home,0.6634309673535034,1.28,,0.0,,2024,-0.15080836178751567,-1.0,-1.0,B
head to head,home,0.6021101837515195,1.51,,0.0,,2024,-0.09081362253520553,-1.0,-1.0,B
head to head,home,0.6975845640391576,1.48,,1.0,,2024,0.03242515477795327,0.48,,B
head to head,home,0.1950933808870539,4.55,,0.0,,2024,-0.11232511696390468,-1.0,-1.0,B
head to head,home,0.511950064544366,1.47,,0.0,,2024,-0.24743340511978207,-1.0,-1.0,B
head to head,home,0.5247152173792289,2.35,,1.0,,2024,0.233080760841188,1.35,,B
head to head,home,0.9024521341923966,1.31,,1.0,,2024,0.18221229579203957,0.31000000000000005,,B
head to head,home,0.601367935190853,2.25,,1.0,,2024,0.35307785417941906,1.25,,B
head to head,home,0.8338484952555377,1.16,,1.0,,2024,-0.032735745503576275,0.15999999999999992,,B
head to head,home,0.3878827123841438,4.55,,0.0,,2024,0.7648663413478543,-1.0,-1.0,B
head to head,home,0.2855774048464407,2.0,,0.0,,2024,-0.42884519030711865,-1.0,-1.0,B
head to head,home,0.4593029244125259,1.74,,1.0,,2024,-0.20081291152220493,0.74,,B
head to head,home,0.4865261018736887,1.44,,0.0,,2024,-0.2994024133018882,-1.0,-1.0,B
head to head,home,0.7464975763605466,1.41,,1.0,,2024,0.05256158266837052,0.4099999999999999,,B
head to head,home,0.3948180890109987,2.5,,1.0,,2024,-0.012954777472503287,1.5,,B
head to head,home,0.536610054733341,2.25,,1.0,,2024,0.20737262315001725,1.25,,B
head to head,home,0.4225640300832362,2.4,,0.0,,2024,0.01415367219976682,-1.0,-1.0,B
head to head,home,0.3064032703499407,1.94,,0.0,,2024,-0.405577655521115,-1.0,-1.0,B
head to head,home,0.5825479780070795,2.25,,1.0,,2024,0.31073295051592886,1.25,,B
head to head,home,0.405518825099451,3.15,,0.0,,2024,0.27738429906327045,-1.0,-1.0,B
head to head,home,0.2180253345401998,4.3,,1.0,,2024,-0.0624910614771409,3.3,,B
head to head,home,0.7625645634706167,1.25,,1.0,,2024,-0.0467942956617291,0.25,,B
head to head,home,0.2900668898528495,2.9,,0.0,,2024,-0.15880601942673644,-1.0,-1.0,B
head to head,home,0.6498450633136608,1.55,,1.0,,2024,0.007259848136174307,0.55,,B
head to head,home,0.735758927701325,1.29,,1.0,,2024,-0.050870983265290715,0.29000000000000004,,B
head to head,home,0.3808670783540367,3.25,,1.0,,2024,0.2378180046506193,2.25,,B
head to head,home,0.4108561677950296,4.15,,0.0,,2024,0.7050530963493729,-1.0,-1.0,B
head to head,home,0.5731719671116772,1.8,,0.0,,2024,0.03170954080101884,-1.0,-1.0,B
head to head,home,0.5457505101576068,2.4,,1.0,,2024,0.3098012243782562,1.4,,B
head to head,home,0.8301195012159299,1.21,,0.0,,2024,0.004444596471275153,-1.0,-1.0,B
head to head,home,0.4914609590794082,2.15,,1.0,,2024,0.056641062020727606,1.15,,B
head to head,home,0.2870042939383138,2.95,,1.0,,2024,-0.15333733288197426,1.9500000000000002,,B
head to head,home,0.6724188369594788,1.79,,0.0,,2024,0.2036297181574671,-1.0,-1.0,B
head to head,home,0.7932033497174653,1.35,,0.0,,2024,0.07082452211857815,-1.0,-1.0,B
head to head,home,0.7001571622221783,1.58,,0.0,,2024,0.1062483163110417,-1.0,-1.0,B
head to head,home,0.6946694211362651,1.26,,0.0,,2024,-0.12471652936830602,-1.0,-1.0,B
head to head,home,0.6769484431285027,1.38,,1.0,,2024,-0.06581114848266645,0.3799999999999999,,B
head to head,home,0.554549418393298,1.83,,0.0,,2024,0.014825435659735264,-1.0,-1.0,B
head to head,home,0.5359975188201017,1.55,,0.0,,2024,-0.1692038458288423,-1.0,-1.0,B
head to head,home,0.5934592384666106,1.5,,0.0,,2024,-0.10981114230008404,-1.0,-1.0,B
head to head,home,0.7346566107569429,1.23,,1.0,,2024,-0.09637236876896027,0.22999999999999998,,B
head to head,home,0.7729212432254042,1.33,,1.0,,2024,0.027985253489787754,0.33000000000000007,,B
head to head,home,0.7315500400055072,2.05,,1.0,,2024,0.49967758201128953,1.0499999999999998,,B
head to head,home,0.7194996090469334,1.38,,0.0,,2024,-0.007090539515231975,-1.0,-1.0,B
head to head,home,0.5653645478570613,1.7,,0.0,,2024,-0.038880268642995874,-1.0,-1.0,B
head to head,home,0.4122064885022348,2.65,,1.0,,2024,0.09234719453092222,1.65,,B
head to head,home,0.6798435147479707,2.15,,1.0,,2024,0.46166355670813686,1.15,,B
head to head,home,0.5324293240672153,2.15,,0.0,,2024,0.14472304674451286,-1.0,-1.0,B
head to head,home,0.3321282099523271,2.35,,0.0,,2024,-0.2194987066120313,-1.0,-1.0,B
head to head,home,0.6456200641956837,1.43,,1.0,,2024,-0.0767633082001723,0.42999999999999994,,B
head to head,home,0.2268150680773969,3.95,,0.0,,2024,-0.10408048109428214,-1.0,-1.0,B
head to head,home,0.4530043425938952,2.5,,0.0,,2024,0.13251085648473815,-1.0,-1.0,B
head to head,home,0.2973967093982239,2.3,,1.0,,2024,-0.31598756838408515,1.2999999999999998,,B
head to head,home,0.6903712026990154,1.22,,1.0,,2024,-0.1577471327072012,0.21999999999999997,,B
head to head,home,0.4863593330689122,1.61,,1.0,,2024,-0.21696147375905128,0.6100000000000001,,B
head to head,home,0.575310264255505,2.15,,1.0,,2024,0.23691706814933577,1.15,,B
head to head,home,0.4108431056562081,2.2,,1.0,,2024,-0.09614516755634217,1.2000000000000002,,B
head to head,home,0.4698540421811215,2.2,,1.0,,2024,0.03367889279846725,1.2000000000000002,,B
head to head,home,0.6532065712202617,1.83,,1.0,,2024,0.19536802533307895,0.8300000000000001,,B
head to head,home,0.8093400915558098,1.22,,1.0,,2024,-0.012605088301912093,0.21999999999999997,,B
head to head,home,0.5035648991692123,1.95,,1.0,,2024,-0.01804844662003602,0.95,,B
head to head,home,0.7754586641666197,1.28,,0.0,,2024,-0.0074129098667268245,-1.0,-1.0,B
head to head,home,0.8545671722607282,1.12,,1.0,,2024,-0.042884767067984275,0.1200000000000001,,B
head to head,home,0.4563271546674579,1.9,,0.0,,2024,-0.1329784061318301,-1.0,-1.0,B
head to head,home,0.8178680190675611,1.4,,0.0,,2024,0.14501522669458544,-1.0,-1.0,B
head to head,home,0.2977339417215273,2.3,,0.0,,2024,-0.3152119340404873,-1.0,-1.0,B
head to head,home,0.6227916757513876,1.52,,1.0,,2024,-0.05335665285789082,0.52,,B
head to head,home,0.1662225823708421,4.2,,0.0,,2024,-0.30186515404246317,-1.0,-1.0,B
head to head,home,0.5359760073130604,1.75,,0.0,,2024,-0.062041987202144266,-1.0,-1.0,B
head to head,home,0.8542927093198708,1.22,,1.0,,2024,0.04223710537024239,0.21999999999999997,,B
head to head,home,0.468840776773605,1.9,,0.0,,2024,-0.10920252413015064,-1.0,-1.0,B
head to head,home,0.4934340547916504,1.85,,1.0,,2024,-0.08714699863544673,0.8500000000000001,,B
head to head,home,0.8874723800849253,1.24,,1.0,,2024,0.10046575130530733,0.24,,B
head to head,home,0.5475640703830189,1.6,,1.0,,2024,-0.12389748738716966,0.6000000000000001,,B
head to head,home,0.7277180685768447,1.47,,0.0,,2024,0.06974556080796179,-1.0,-1.0,B
head to head,home,0.6351968718149998,1.78,,1.0,,2024,0.1306504318306998,0.78,,B
head to head,home,0.3654556478582204,2.0,,1.0,,2024,-0.26908870428355924,1.0,,B
head to head,home,0.7856526296144452,1.28,,1.0,,2024,0.005635365906489831,0.28,,B
head to head,home,0.4176319112653935,2.25,,0.0,,2024,-0.06032819965286462,-1.0,-1.0,B
head to head,home,0.4548702188223572,2.0,,1.0,,2024,-0.09025956235528565,1.0,,B
head to head,home,0.7419164589357906,1.2,,1.0,,2024,-0.10970024927705124,0.19999999999999996,,B
head to head,home,0.7931832747039926,1.38,,1.0,,2024,0.0945929190915098,0.3799999999999999,,B
head to head,home,0.5220802105705307,1.8,,1.0,,2024,-0.06025562097304482,0.8,,B
head to head,home,0.8206261827046841,1.24,,1.0,,2024,0.01757646655380829,0.24,,B
head to head,home,0.1300397352200606,4.75,,0.0,,2024,-0.3823112577047122,-1.0,-1.0,B
head to head,home,0.6788843443244983,1.45,,0.0,,2024,-0.015617700729477546,-1.0,-1.0,B
head to head,home,0.429111200295221,1.8,,1.0,,2024,-0.22759983946860218,0.8,,B
head to head,home,0.7036201371306275,1.48,,1.0,,2024,0.041357802953328804,0.48,,B
head to head,home,0.2208225494302516,3.8,,0.0,,2024,-0.160874312165044,-1.0,-1.0,B
head to head,home,0.7419514736230715,1.48,,0.0,,2024,0.09808818096214567,-1.0,-1.0,B
head to head,home,0.4728635976948163,1.65,,1.0,,2024,-0.21977506380355316,0.6499999999999999,,B
head to head,home,0.2046351335883428,3.35,,0.0,,2024,-0.31447230247905167,-1.0,-1.0,B
head to head,home,0.8160062766347269,1.278,,0.0,,2024,0.04285602153918111,-1.0,-1.0,B
head to head,home,0.2178054766789719,3.35,,0.0,,2024,-0.27035165312544407,-1.0,-1.0,B
head to head,home,0.3720015688471851,3.35,,1.0,,2024,0.24620525563807005,2.35,,B
head to head,home,0.9120043535447612,1.2,,0.0,,2024,0.09440522425371345,-1.0,-1.0,B
head to head,home,0.783180964623186,1.32,,1.0,,2024,0.03379887330260556,0.32000000000000006,,B
head to head,home,0.9306267134708102,1.2,,1.0,,2024,0.1167520561649722,0.19999999999999996,,B
head to head,home,0.744532534202057,1.4,,1.0,,2024,0.04234554788287981,0.3999999999999999,,B
head to head,home,0.2451198232303585,4.4,,0.0,,2024,0.07852722221357755,-1.0,-1.0,B
head to head,home,0.3370920395645682,1.95,,0.0,,2024,-0.34267052284909205,-1.0,-1.0,B
head to head,home,0.0891749317576634,5.5,,0.0,,2024,-0.5095378753328512,-1.0,-1.0,B
head to head,home,0.3073793474505701,2.15,,0.0,,2024,-0.3391344029812743,-1.0,-1.0,B
head to head,home,0.721408530827799,1.5,,0.0,,2024,0.08211279624169854,-1.0,-1.0,B
head to head,home,0.3281426750754984,2.3,,0.0,,2024,-0.24527184732635376,-1.0,-1.0,B
head to head,home,0.5535911322104222,1.4,,1.0,,2024,-0.22497241490540898,0.3999999999999999,,B
head to head,home,0.8416339843285011,1.3,,1.0,,2024,0.09412417962705155,0.30000000000000004,,B
head to head,home,0.5732804100669944,1.5,,0.0,,2024,-0.14007938489950844,-1.0,-1.0,B
head to head,home,0.7479091018475388,1.15,,1.0,,2024,-0.13990453287533045,0.1499999999999999,,B
head to head,home,0.9078959820822814,1.22,,1.0,,2024,0.10763309814038324,0.21999999999999997,,B
head to head,home,0.7393088756003867,1.5,,1.0,,2024,0.10896331340058008,0.5,,B
head to head,home,0.7115359900564179,1.54,,1.0,,2024,0.09576542468688354,0.54,,B
head to head,home,0.3303497854847355,2.55,,1.0,,2024,-0.1576080470139246,1.5499999999999998,,B
head to head,home,0.6113550075162579,1.54,,1.0,,2024,-0.05851328842496273,0.54,,B
head to head,home,0.776790103332549,1.35,,1.0,,2024,0.04866663949894123,0.3500000000000001,,B
head to head,home,0.1549058821965567,4.6,,1.0,,2024,-0.28743294189583923,3.5999999999999996,,B
head to head,home,0.3285289192310883,2.6,,0.0,,2024,-0.14582480999917047,-1.0,-1.0,B
head to head,home,0.7879122384380824,1.38,,1.0,,2024,0.08731888904455376,0.3799999999999999,,B
head to head,home,0.194794825299322,3.2,,1.0,,2024,-0.37665655904216955,2.2,,B
head to head,home,0.8744192860482058,1.2,,1.0,,2024,0.049303143257847015,0.19999999999999996,,B
head to head,home,0.5264898551939174,2.5,,0.0,,2024,0.3162246379847935,-1.0,-1.0,B
head to head,home,0.1724688896813493,4.2,,0.0,,2024,-0.27563066333833297,-1.0,-1.0,B
head to head,home,0.2842971394745773,2.3,,0.0,,2024,-0.3461165792084723,-1.0,-1.0,B
head to head,home,0.6652112225173104,1.37,,1.0,,2024,-0.0886606251512847,0.3700000000000001,,B
head to head,home,0.6006872045994667,1.65,,0.0,,2024,-0.00886611241088009,-1.0,-1.0,B
head to head,home,0.9061027639039204,1.15,,1.0,,2024,0.042018178489508395,0.1499999999999999,,B
head to head,home,0.4742240221803257,2.3,,1.0,,2024,0.09071525101474909,1.2999999999999998,,B
head to head,home,0.4205387483752804,2.5,,1.0,,2024,0.051346870938201006,1.5,,B
head to head,home,0.8766983154209227,1.2,,0.0,,2024,0.052037978505107274,-1.0,-1.0,B
head to head,home,0.7451237663302015,1.33,,1.0,,2024,-0.008985390780831937,0.33000000000000007,,B
head to head,home,0.9024762208734012,1.18,,0.0,,2024,0.0649219406306134,-1.0,-1.0,B
head to head,home,0.1973501034652933,2.7,,0.0,,2024,-0.467154720643708,-1.0,-1.0,B
head to head,home,0.5738492714032584,2.15,,0.0,,2024,0.23377593351700554,-1.0,-1.0,B
head to head,home,0.3436165365458524,7.0,,0.0,,2024,1.4053157558209666,-1.0,-1.0,B
head to head,home,0.5588162091922402,1.55,,0.0,,2024,-0.13383487575202768,-1.0,-1.0,B
head to head,home,0.5510889807451846,1.7,,0.0,,2024,-0.06314873273318611,-1.0,-1.0,B
head to head,home,0.9431122529546844,1.08,,1.0,,2024,0.01856123319105918,0.08000000000000007,,B
head to head,home,0.4544177162009295,1.85,,0.0,,2024,-0.15932722502828034,-1.0,-1.0,B
head to head,home,0.6551016836027477,1.75,,1.0,,2024,0.14642794630480838,0.75,,B
head to head,home,0.6914708974899835,1.45,,1.0,,2024,0.002632801360475945,0.44999999999999996,,B
head to head,home,0.7524383510894852,1.3,,1.0,,2024,-0.021830143583669193,0.30000000000000004,,B
head to head,home,0.6901204958183467,1.45,,1.0,,2024,0.0006747189366025363,0.44999999999999996,,B
head to head,home,0.5574864967984727,1.8,,0.0,,2024,0.0034756942372509148,-1.0,-1.0,B
head to head,home,0.5670902738637877,1.65,,1.0,,2024,-0.06430104812475024,0.6499999999999999,,B
head to head,home,0.7124576319454782,1.62,,1.0,,2024,0.15418136375167468,0.6200000000000001,,B
head to head,home,0.7539024730223607,1.3,,1.0,,2024,-0.01992678507093104,0.30000000000000004,,B
head to head,home,0.7372186026200827,1.25,,1.0,,2024,-0.07847674672489668,0.25,,B
head to head,home,0.5929357376757401,2.0,,0.0,,2024,0.1858714753514803,-1.0,-1.0,B
head to head,home,0.5091839374572911,2.6,,1.0,,2025,0.3238782373889568,1.6,,B
head to head,home,0.5885256310343632,1.58,,1.0,,2025,-0.07012950296570619,0.5800000000000001,,B
head to head,home,0.6600949220521536,2.0,,0.0,,2025,0.3201898441043072,-1.0,-1.0,B
head to head,home,0.551095044961317,1.7,,0.0,,2025,-0.06313842356576116,-1.0,-1.0,B
head to head,home,0.5417785961984827,1.55,,1.0,,2025,-0.16024317589235182,0.55,,B
head to head,home,0.5206711059671141,3.5,,0.0,,2025,0.8223488708848992,-1.0,-1.0,B
head to head,home,0.5915655469665713,1.6,,1.0,,2025,-0.053495124853485954,0.6000000000000001,,B
head to head,home,0.7883151666910448,1.25,,1.0,,2025,-0.014606041636193945,0.25,,B
head to head,home,0.6270771884416295,1.6,,1.0,,2025,0.003323501506607318,0.6000000000000001,,B
head to head,home,0.3845844667990419,2.7,,1.0,,2025,0.03837806035741331,1.7000000000000002,,B
head to head,home,0.8188603879326829,1.12,,0.0,,2025,-0.08287636551539501,-1.0,-1.0,B
head to head,home,0.480178694019122,1.45,,0.0,,2025,-0.3037408936722731,-1.0,-1.0,B
head to head,home,0.4209355895945855,2.6,,0.0,,2025,0.09443253294592235,-1.0,-1.0,B
head to head,home,0.5054951987732744,3.7,,1.0,,2025,0.8703322354611154,2.7,,B
head to head,home,0.4871790259106837,2.25,,0.0,,2025,0.09615280829903838,-1.0,-1.0,B
head to head,home,0.6709105450546753,1.4,,1.0,,2025,-0.06072523692345466,0.3999999999999999,,B
head to head,home,0.6594450580019047,1.43,,1.0,,2025,-0.05699356705727632,0.42999999999999994,,B
head to head,home,0.5933062510653664,1.74,,1.0,,2025,0.032352876853737556,0.74,,B
head to head,home,0.6827266688945188,1.22,,1.0,,2025,-0.16707346394868705,0.21999999999999997,,B
head to head,home,0.7120944219571295,1.18,,1.0,,2025,-0.15972858209058727,0.17999999999999994,,B
head to head,home,0.4941871961906952,2.0,,0.0,,2025,-0.011625607618609646,-1.0,-1.0,B
head to head,home,0.3888684456348976,1.9,,1.0,,2025,-0.2611499532936946,0.8999999999999999,,B
head to head,home,0.3531515455213129,2.6,,0.0,,2025,-0.08180598164458641,-1.0,-1.0,B
head to head,home,0.5675789704557948,1.52,,1.0,,2025,-0.13727996490719196,0.52,,B
head to head,home,0.4401281588571791,3.15,,1.0,,2025,0.3864037004001142,2.15,,B
head to head,home,0.6079405205530795,1.55,,0.0,,2025,-0.05769219314272678,-1.0,-1.0,B
head to head,home,0.4276928563918816,4.5,,0.0,,2025,0.9246178537634671,-1.0,-1.0,B
head to head,home,0.3150542701524446,2.8,,1.0,,2025,-0.11784804357315526,1.7999999999999998,,B
head to head,home,0.5450296352574511,1.89,,1.0,,2025,0.03010601063658247,0.8899999999999999,,B
head to head,home,0.6506500453570193,1.26,,0.0,,2025,-0.18018094285015562,-1.0,-1.0,B
head to head,home,0.8151476473334637,1.16,,1.0,,2025,-0.05442872909318219,0.15999999999999992,,B
head to head,home,0.5695645939416141,1.65,,0.0,,2025,-0.060218419996336814,-1.0,-1.0,B
head to head,home,0.4106731236991572,2.6,,1.0,,2025,0.06775012161780869,1.6,,B
head to head,home,0.6644507334801845,1.22,,0.0,,2025,-0.18937010515417496,-1.0,-1.0,B
head to head,home,0.603667639601438,1.8,,1.0,,2025,0.08660175128258851,0.8,,B
head to head,home,0.4294885134890229,2.45,,1.0,,2025,0.05224685804810614,1.4500000000000002,,B
head to head,home,0.6766387723819164,1.48,,0.0,,2025,0.0014253831252362126,-1.0,-1.0,B
head to head,home,0.6747354999665205,1.22,,1.0,,2025,-0.17682269004084505,0.21999999999999997,,B
head to head,home,0.5340392137885466,2.45,,0.0,,2025,0.3083960737819391,-1.0,-1.0,B
head to head,home,0.6711798387602824,1.46,,1.0,,2025,-0.020077435409987743,0.45999999999999996,,B
head to head,home,0.4681719704257711,2.9,,1.0,,2025,0.3576987142347361,1.9,,B
head to head,home,0.6208815810340713,1.68,,1.0,,2025,0.04308105613723967,0.6799999999999999,,B
head to head,home,0.6519073885209403,1.3,,0.0,,2025,-0.15252039492277758,-1.0,-1.0,B
head to head,home,0.6093288925394571,1.5,,1.0,,2025,-0.08600666119081435,0.5,,B
head to head,home,0.5388616973969492,1.95,,0.0,,2025,0.050780309924050915,-1.0,-1.0,B
head to head,home,0.4672505953682137,2.55,,0.0,,2025,0.19148901818894482,-1.0,-1.0,B
head to head,home,0.7504837969317604,1.18,,1.0,,2025,-0.11442911962052282,0.17999999999999994,,B
head to head,home,0.6284182439727615,1.47,,0.0,,2025,-0.07622518136004064,-1.0,-1.0,B
head to head,home,0.610173996271222,1.6,,0.0,,2025,-0.023721605966044668,-1.0,-1.0,B
head to head,home,0.7215813149611421,1.33,,1.0,,2025,-0.04029685110168102,0.33000000000000007,,B
head to head,home,0.3844229768903319,3.9,,1.0,,2025,0.4992496098722943,2.9,,B
head to head,home,0.4985475926329228,3.0,,1.0,,2025,0.4956427778987684,2.0,,B
head to head,home,0.5434844957821519,2.2,,0.0,,2025,0.19566589072073426,-1.0,-1.0,B
head to head,home,0.4438324448963138,1.95,,0.0,,2025,-0.13452673245218816,-1.0,-1.0,B
head to head,home,0.4184378751954536,3.0,,0.0,,2025,0.25531362558636084,-1.0,-1.0,B
head to head,home,0.7056439760874876,1.45,,0.0,,2025,0.023183765326856953,-1.0,-1.0,B
head to head,home,0.3594630707419394,2.4,,1.0,,2025,-0.13728863021934545,1.4,,B
head to head,home,0.5150434784528489,1.9,,1.0,,2025,-0.021417390939587055,0.8999999999999999,,B
head to head,home,0.5515766336756353,1.45,,1.0,,2025,-0.2002138811703289,0.44999999999999996,,B
head to head,home,0.7551479439235091,1.17,,1.0,,2025,-0.11647690560949431,0.16999999999999993,,B
head to head,home,0.7199675637651434,1.45,,1.0,,2025,0.04395296745945787,0.44999999999999996,,B
head to head,home,0.6445606103418142,1.36,,0.0,,2025,-0.12339756993513262,-1.0,-1.0,B
head to head,home,0.5967972209228695,1.56,,1.0,,2025,-0.06899633536032357,0.56,,B
head to head,home,0.3651043399391976,2.9,,1.0,,2025,0.058802585823672926,1.9,,B
head to head,home,0.7690889878061749,1.48,,1.0,,2025,0.13825170195313885,0.48,,B
head to head,home,0.5666890213166946,1.85,,1.0,,2025,0.04837468943588519,0.8500000000000001,,B
head to head,home,0.5610148268624962,1.7,,0.0,,2025,-0.046274794333756586,-1.0,-1.0,B
head to head,home,0.4758554690643165,1.95,,1.0,,2025,-0.07208183532458279,0.95,,B
head to head,home,0.5086368437238148,1.9,,1.0,,2025,-0.03358999692475195,0.8999999999999999,,B
head to head,home,0.2354605111007348,4.0,,0.0,,2025,-0.05815795559706083,-1.0,-1.0,B
head to head,home,0.5097679245742696,2.2,,1.0,,2025,0.12148943406339319,1.2000000000000002,,B
head to head,home,0.6310105590275055,1.5,,0.0,,2025,-0.0534841614587418,-1.0,-1.0,B
head to head,home,0.4525596916792597,1.8,,0.0,,2025,-0.18539255497733254,-1.0,-1.0,B
head to head,home,0.7877970301988196,1.52,,0.0,,2025,0.19745148590220585,-1.0,-1.0,B
head to head,home,0.4831575755566923,3.3,,1.0,,2025,0.5944199993370844,2.3,,B
head to head,home,0.5057467021256964,1.9,,0.0,,2025,-0.03908126596117689,-1.0,-1.0,B
head to head,home,0.4846151940948627,2.0,,0.0,,2025,-0.0307696118102746,-1.0,-1.0,B
head to head,home,0.7732315214711916,1.22,,1.0,,2025,-0.056657543805146315,0.21999999999999997,,B
head to head,home,0.5107352962812733,1.65,,0.0,,2025,-0.157286761135899,-1.0,-1.0,B
head to head,home,0.7022958150261875,1.68,,0.0,,2025,0.17985696924399508,-1.0,-1.0,B
head to head,home,0.6866258254381046,1.37,,1.0,,2025,-0.05932261914979664,0.3700000000000001,,B
head to head,home,0.5311205052313694,1.95,,0.0,,2025,0.03568498520117047,-1.0,-1.0,B
head to head,home,0.532860864517979,1.74,,0.0,,2025,-0.07282209573871656,-1.0,-1.0,B
head to head,home,0.5096383499158946,2.35,,1.0,,2025,0.19765012230235235,1.35,,B
head to head,home,0.6489166597105458,1.3,,0.0,,2025,-0.15640834237629042,-1.0,-1.0,B
head to head,home,0.7690296764832085,1.35,,1.0,,2025,0.03819006325233154,0.3500000000000001,,B
head to head,home,0.4523266509892233,1.9,,0.0,,2025,-0.1405793631204757,-1.0,-1.0,B
head to head,home,0.6803133680238844,1.22,,0.0,,2025,-0.17001769101086106,-1.0,-1.0,B
head to head,home,0.3807504273197073,2.65,,1.0,,2025,0.008988632397224361,1.65,,B
head to head,home,0.6488107712829505,1.34,,0.0,,2025,-0.1305935664808463,-1.0,-1.0,B
head to head,home,0.3654805479046656,2.55,,1.0,,2025,-0.06802460284310274,1.5499999999999998,,B
head to head,home,0.5789333394032907,1.65,,0.0,,2025,-0.044759989984570314,-1.0,-1.0,B
head to head,home,0.5218470734965215,1.5,,1.0,,2025,-0.21722938975521777,0.5,,B
head to head,home,0.213212467708822,3.6,,0.0,,2025,-0.23243511624824087,-1.0,-1.0,B
head to head,home,0.6678956686956531,1.4,,1.0,,2025,-0.0649460638260857,0.3999999999999999,,B
head to head,home,0.6102968904386132,1.65,,1.0,,2025,0.006989869223711809,0.6499999999999999,,B
head to head,home,0.5409322491583892,2.05,,0.0,,2025,0.10891111077469784,-1.0,-1.0,B
head to head,home,0.6687918928185732,1.6,,1.0,,2025,0.07006702850971713,0.6000000000000001,,B
head to head,home,0.5828094367182557,1.9,,0.0,,2025,0.1073379297646857,-1.0,-1.0,B
head to head,home,0.4053617460157261,2.45,,1.0,,2025,-0.006863722261470917,1.4500000000000002,,B
head to head,home,0.8019413413144696,1.23,,1.0,,2025,-0.013612150183202387,0.22999999999999998,,B
head to head,home,0.6426197584184408,1.6,,1.0,,2025,0.028191613469505272,0.6000000000000001,,B
head to head,home,0.6206931093577626,1.45,,0.0,,2025,-0.09999499143124435,-1.0,-1.0,B
head to head,home,0.7235563305165966,1.4,,1.0,,2025,0.01297886272323523,0.3999999999999999,,B
head to head,home,0.683681952611229,1.4,,1.0,,2025,-0.04284526634427943,0.3999999999999999,,B
head to head,home,0.3537274602984543,3.5,,0.0,,2025,0.23804611104459017,-1.0,-1.0,B
head to head,home,0.7233747967132794,1.4,,1.0,,2025,0.012724715398591213,0.3999999999999999,,B
head to head,home,0.6863358210245525,1.32,,1.0,,2025,-0.09403671624759069,0.32000000000000006,,B
head to head,home,0.2682391805522192,3.4,,1.0,,2025,-0.08798678612245481,2.4,,B
head to head,home,0.5115736305590479,2.55,,0.0,,2025,0.3045127579255722,-1.0,-1.0,B
head to head,home,0.4307202436919333,2.25,,0.0,,2025,-0.030879451693150095,-1.0,-1.0,B
head to head,home,0.4241428655930035,2.8,,0.0,,2025,0.18760002366040984,-1.0,-1.0,B
head to head,home,0.3601353356182144,3.15,,0.0,,2025,0.13442630719737547,-1.0,-1.0,B
head to head,home,0.6347116668394297,1.26,,0.0,,2025,-0.2002632997823186,-1.0,-1.0,B
head to head,home,0.7291196654171974,1.34,,0.0,,2025,-0.02297964834095545,-1.0,-1.0,B
head to head,home,0.2440958467189419,2.9,,0.0,,2025,-0.2921220445150685,-1.0,-1.0,B
head to head,home,0.5539550256440511,1.5,,1.0,,2025,-0.16906746153392338,0.5,,B
head to head,home,0.7541268447115773,1.48,,1.0,,2025,0.11610773017313436,0.48,,B
head to head,home,0.6710376990836131,2.0,,1.0,,2025,0.3420753981672262,1.0,,B
head to head,home,0.5465749393074311,2.1,,1.0,,2025,0.14780737254560528,1.1,,B
head to head,home,0.686067410863774,1.54,,1.0,,2025,0.05654381273021203,0.54,,B
head to head,home,0.451213894319429,3.2,,0.0,,2025,0.4438844618221729,-1.0,-1.0,B
head to head,home,0.5579764826742557,1.5,,1.0,,2025,-0.16303527598861645,0.5,,B
head to head,home,0.524326858272743,1.63,,1.0,,2025,-0.14534722101542907,0.6299999999999999,,B
head to head,home,0.7589215889480998,1.56,,1.0,,2025,0.18391767875903575,0.56,,B
head to head,home,0.7629467447598223,1.33,,1.0,,2025,0.014719170530563597,0.33000000000000007,,B
head to head,home,0.4507023748213891,2.2,,0.0,,2025,-0.008454775392943925,-1.0,-1.0,B
head to head,home,0.6532555916109715,1.55,,0.0,,2025,0.012546166997005725,-1.0,-1.0,B
head to head,home,0.7449689981050089,1.35,,1.0,,2025,0.005708147441762179,0.3500000000000001,,B
head to head,home,0.3267234638991445,3.65,,0.0,,2025,0.19254064323187725,-1.0,-1.0,B
head to head,home,0.7624859187404751,1.2,,0.0,,2025,-0.08501689751142993,-1.0,-1.0,B
head to head,home,0.7261290956829418,1.35,,1.0,,2025,-0.01972572082802848,0.3500000000000001,,B
head to head,home,0.514339443745146,1.68,,1.0,,2025,-0.1359097345081548,0.6799999999999999,,B
head to head,home,0.3747128851171474,4.0,,0.0,,2025,0.4988515404685896,-1.0,-1.0,B
head to head,home,0.38711047823017,2.55,,0.0,,2025,-0.012868280513066654,-1.0,-1.0,B
head to head,home,0.3212616465152604,2.85,,0.0,,2025,-0.08440430743150784,-1.0,-1.0,B
head to head,home,0.7260706785474327,1.37,,1.0,,2025,-0.005283170390017133,0.3700000000000001,,B
head to head,home,0.3614551846452014,3.75,,0.0,,2025,0.3554569424195051,-1.0,-1.0,B
head to head,home,0.2634663917676002,3.75,,0.0,,2025,-0.012001030871499174,-1.0,-1.0,B
head to head,home,0.6979730038598937,1.53,,1.0,,2025,0.06789869590563735,0.53,,B
head to head,home,0.5430277640714036,1.63,,1.0,,2025,-0.11486474456361218,0.6299999999999999,,B
head to head,home,0.8295143201781873,1.22,,1.0,,2025,0.012007470617388494,0.21999999999999997,,B
head to head,home,0.8005736003477573,1.32,,1.0,,2025,0.05675715245903956,0.32000000000000006,,B
head to head,home,0.775070826050881,1.32,,1.0,,2025,0.023093490387162907,0.32000000000000006,,B
head to head,home,0.7730705855519251,1.33,,0.0,,2025,0.02818387878406048,-1.0,-1.0,B
head to head,home,0.7166217720590881,1.53,,1.0,,2025,0.09643131125040472,0.53,,B
head to head,home,0.3968119037934754,2.6,,0.0,,2025,0.03171094986303613,-1.0,-1.0,B
head to head,home,0.3346530276610352,2.6,,0.0,,2025,-0.1299021280813084,-1.0,-1.0,B
head to head,home,0.4911971310143785,1.55,,1.0,,2025,-0.23864444692771325,0.55,,B
head to head,home,0.7739195201407824,1.2,,0.0,,2025,-0.07129657583106119,-1.0,-1.0,B
head to head,home,0.8370189348034476,1.3,,0.0,,2025,0.0881246152444819,-1.0,-1.0,B
head to head,home,0.8481849659347441,1.25,,1.0,,2025,0.06023120741843013,0.25,,B
head to head,home,0.313813187204413,4.2,,0.0,,2025,0.31801538625853465,-1.0,-1.0,B
head to head,home,0.7613844231604612,1.2,,1.0,,2025,-0.08633869220744661,0.19999999999999996,,B
head to head,home,0.5865597095027948,1.6,,1.0,,2025,-0.06150446479552829,0.6000000000000001,,B
head to head,home,0.2347277998977597,3.15,,0.0,,2025,-0.260607430322057,-1.0,-1.0,B
head to head,home,0.5024953343460715,1.72,,0.0,,2025,-0.13570802492475698,-1.0,-1.0,B
head to head,home,0.6783350042102225,1.18,,1.0,,2025,-0.1995646950319374,0.17999999999999994,,B
head to head,home,0.1789143221145493,4.0,,0.0,,2025,-0.2843427115418028,-1.0,-1.0,B
head to head,home,0.2813522845638522,2.7,,1.0,,2025,-0.24034883167759902,1.7000000000000002,,B
head to head,home,0.541718805751706,1.72,,0.0,,2025,-0.06824365410706579,-1.0,-1.0,B
head to head,home,0.2173443955950218,4.0,,1.0,,2025,-0.13062241761991278,3.0,,B
head to head,home,0.7816238867105718,1.38,,1.0,,2025,0.07864096366058893,0.3799999999999999,,B
head to head,home,0.7435514568336281,1.47,,1.0,,2025,0.09302064154543332,0.47,,B
head to head,home,0.2228519048573544,3.9,,0.0,,2025,-0.1308775710563178,-1.0,-1.0,B
head to head,home,0.7232694585064243,1.42,,1.0,,2025,0.027042631079122526,0.41999999999999993,,B
head to head,home,0.379904373790626,2.55,,1.0,,2025,-0.031243846833903688,1.5499999999999998,,B
head to head,home,0.5531760529889229,1.95,,0.0,,2025,0.07869330332839963,-1.0,-1.0,B
head to head,home,0.6461307693600633,1.3,,1.0,,2025,-0.16002999983191768,0.30000000000000004,,B
head to head,home,0.5629683644708144,1.49,,0.0,,2025,-0.16117713693848645,-1.0,-1.0,B
head to head,home,0.5849070074947409,1.62,,1.0,,2025,-0.05245064785851972,0.6200000000000001,,B
head to head,home,0.6047584184760705,1.8,,0.0,,2025,0.08856515325692693,-1.0,-1.0,B
head to head,home,0.6441427863033833,1.53,,1.0,,2025,-0.014461536955823528,0.53,,B
head to head,home,0.5720304269941109,2.2,,1.0,,2025,0.258466939387044,1.2000000000000002,,B
head to head,home,0.8014754990014603,1.3,,1.0,,2025,0.04191814870189847,0.30000000000000004,,B
head to head,home,0.6366724112583225,1.65,,1.0,,2025,0.050509478576232114,0.6499999999999999,,B
head to head,home,0.4558099427887317,2.25,,1.0,,2025,0.02557237127464629,1.25,,B
head to head,home,0.3982598007612646,2.5,,1.0,,2025,-0.004350498096838518,1.5,,B
head to head,home,0.6634893362107503,1.45,,1.0,,2025,-0.037940462494412075,0.44999999999999996,,B
head to head,home,0.468735776589851,2.25,,1.0,,2025,0.05465549732716468,1.25,,B
head to head,home,0.6333554869959606,1.7,,0.0,,2025,0.07670432789313297,-1.0,-1.0,B
head to head,home,0.7112536212506773,1.4,,1.0,,2025,-0.004244930249051926,0.3999999999999999,,B
head to head,home,0.5685616847523776,1.75,,1.0,,2025,-0.005017051683339213,0.75,,B
head to head,home,0.2704277814603308,2.25,,0.0,,2025,-0.39153749171425567,-1.0,-1.0,B
head to head,home,0.277472806521119,3.3,,1.0,,2025,-0.0843397384803074,2.3,,B
head to head,home,0.3319615797598823,3.05,,0.0,,2025,0.01248281826764086,-1.0,-1.0,B
head to head,home,0.507382876530368,1.7,,0.0,,2025,-0.13744910989837456,-1.0,-1.0,B
head to head,home,0.8109180849598684,2.4,,1.0,,2025,0.946203403903684,1.4,,B
head to head,home,0.6975812073920662,1.56,,0.0,,2025,0.08822668353162322,-1.0,-1.0,B
head to head,home,0.5930758263474626,1.48,,0.0,,2025,-0.1222477770057554,-1.0,-1.0,B
head to head,home,0.8095185731976458,1.26,,1.0,,2025,0.019993402229033563,0.26,,B
head to head,home,0.4400375630199072,1.95,,0.0,,2025,-0.141926752111181,-1.0,-1.0,B
head to head,home,0.3969279037838646,2.55,,0.0,,2025,0.012166154648854732,-1.0,-1.0,B
head to head,home,0.8913011077768749,1.12,,1.0,,2025,-0.0017427592899000866,0.1200000000000001,,B
head to head,home,0.7605882595564437,1.65,,1.0,,2025,0.2549706282681321,0.6499999999999999,,B
head to head,home,0.4112145471036368,1.9,,1.0,,2025,-0.21869236050309016,0.8999999999999999,,B
head to head,home,0.5916674933091144,1.5,,1.0,,2025,-0.11249876003632842,0.5,,B
head to head,home,0.8265410194374472,1.4,,1.0,,2025,0.15715742721242587,0.3999999999999999,,B
head to head,home,0.200741229759632,3.15,,0.0,,2025,-0.3676651262571593,-1.0,-1.0,B
head to head,home,0.4722233452303896,1.95,,1.0,,2025,-0.07916447680074024,0.95,,B
head to head,home,0.6181779059283626,1.6,,0.0,,2025,-0.010915350514619782,-1.0,-1.0,B
head to head,home,0.5881955660945407,1.36,,1.0,,2025,-0.20005403011142453,0.3600000000000001,,B
head to head,home,0.7944915840288841,1.25,,1.0,,2025,-0.006885519963894859,0.25,,B
head to head,home,0.7033079270422922,1.5,,1.0,,2025,0.05496189056343814,0.5,,B
head to head,home,0.3612744124272048,3.15,,0.0,,2025,0.13801439914569524,-1.0,-1.0,B
head to head,home,0.4934493683316905,2.2,,1.0,,2025,0.0855886103297192,1.2000000000000002,,B
head to head,home,0.6247418029379023,1.65,,0.0,,2025,0.030823974847538738,-1.0,-1.0,B
head to head,home,0.5274614661098298,1.53,,0.0,,2025,-0.19298395685196035,-1.0,-1.0,B
head to head,home,0.3542230983994537,2.8,,0.0,,2025,-0.008175324481529689,-1.0,-1.0,B
head to head,home,0.6369831047592698,1.46,,1.0,,2025,-0.07000466705146613,0.45999999999999996,,B
head to head,home,0.3430970057992408,2.1,,1.0,,2025,-0.2794962878215943,1.1,,B
head to head,home,0.6906363636644455,1.7,1.72,0.0,-0.0028860028860028253,2025,0.17408181822955737,-1.0,-1.0,B
head to head,away,0.4829551188247878,1.54,1.77,1.0,-0.0761762222733901,2023,-0.2562491170098268,0.54,0.77,B
head to head,away,0.4445404318184907,2.45,2.15,0.0,0.05969051729650232,2023,0.08912405795530232,-1.0,-1.0,B
head to head,away,0.1830577253280734,4.35,4.5,1.0,-0.005743807359606223,2023,-0.20369889482288073,3.3499999999999996,3.5,B
head to head,away,0.433243176150246,2.02,2.75,0.0,-0.1228629562541872,2023,-0.12484878417650314,-1.0,-1.0,B
head to head,away,0.34219685896020635,2.8,3.85,0.0,-0.09010997094413176,2023,-0.04184879491142224,-1.0,-1.0,B
head to head,away,0.4727091913650139,1.78,1.48,1.0,0.11487016153423574,2023,-0.15857763937027525,0.78,0.48,B
head to head,away,0.3707704570000212,1.78,2.55,1.0,-0.1587199244160437,2023,-0.34002858653996226,0.78,1.5499999999999998,B
head to head,away,0.3456085041649197,2.8,2.62,0.0,0.027527116944672247,2023,-0.032296188338224785,-1.0,-1.0,B
head to head,away,0.41244268889954805,2.3,2.8,1.0,-0.0690030110404819,2023,-0.0513818155310396,1.2999999999999998,1.7999999999999998,B
head to head,away,0.5579877579849772,1.75,2.1,0.0,-0.08809020436927406,2023,-0.02352142352628983,-1.0,-1.0,B
head to head,away,0.3182108591299373,4.75,4.25,0.0,0.026877013856252407,2023,0.5115015808672021,-1.0,-1.0,B
head to head,away,0.1843852590140358,3.25,3.2,1.0,0.007831782798557008,2023,-0.40074790820438366,2.25,2.2,B
head to head,away,0.40918507155586914,2.45,2.45,1.0,0.0030321219284294987,2023,0.0025034253118794147,1.4500000000000002,1.4500000000000002,B
head to head,away,0.4225307558540463,2.3,1.77,0.0,0.12937035279227965,2023,-0.0281792615356935,-1.0,-1.0,B
head to head,away,0.40976991135408913,2.0,2.3,0.0,-0.058718271588574455,2023,-0.18046017729182173,-1.0,-1.0,B
head to head,away,0.4663266756065487,2.1,1.7,0.0,0.10731021555763842,2023,-0.02071398122624768,-1.0,-1.0,B
head to head,away,0.6185268608778699,1.45,1.47,0.0,0.0009758001561279706,2023,-0.10313605172708862,-1.0,-1.0,B
head to head,away,0.27203497839277313,3.75,3.7,1.0,0.00701195219123496,2023,0.02013116897289935,2.75,2.7,B
head to head,away,0.3999817600950334,3.5,4.0,0.0,-0.031362555081720145,2023,0.3999361603326168,-1.0,-1.0,B
head to head,away,0.3607448495735568,2.3,3.35,0.0,-0.12603126356925753,2023,-0.17028684598081945,-1.0,-1.0,B
head to head,away,0.4553651221535333,1.87,1.72,0.0,0.04824699110413411,2023,-0.14846722157289272,-1.0,-1.0,B
head to head,away,0.6003060965729097,1.333,1.42,0.0,-0.03662037426215742,2023,-0.19979197326831144,-1.0,-1.0,B
head to head,away,0.2601004692830825,3.35,3.85,0.0,-0.03513392349833211,2023,-0.12866342790167362,-1.0,-1.0,B
head to head,away,0.31578125487126707,3.5,2.62,0.0,0.09172839755364026,2023,0.10523439204943474,-1.0,-1.0,B
head to head,away,0.30758298308764465,2.75,2.35,0.0,0.06430964345537193,2023,-0.15414679650897722,-1.0,-1.0,B
head to head,away,0.3871517765975663,1.91,2.1,0.0,-0.04263565891472865,2023,-0.26054010669864847,-1.0,-1.0,B
head to head,away,0.6354500719178122,1.56,1.54,0.0,0.012499314062033029,2023,-0.0086978878082129,-1.0,-1.0,B
head to head,away,0.5701828913680331,1.56,1.45,1.0,0.05181812909586492,2023,-0.11051468946586829,0.56,0.44999999999999996,B
head to head,away,0.3387645275832579,2.7,2.55,0.0,0.02401013174790234,2023,-0.08533577552520355,-1.0,-1.0,B
head to head,away,0.6118006278120394,1.35,1.24,1.0,0.06761305139779838,2023,-0.17406915245374677,0.3500000000000001,0.24,B
head to head,away,0.3661505681656345,2.7,2.55,1.0,0.02248201438848918,2023,-0.011393465952786785,1.7000000000000002,1.5499999999999998,B
head to head,away,0.1943530116423383,6.0,6.0,0.0,0.0023538873468746946,2023,0.16611806985402988,-1.0,-1.0,B
head to head,away,0.23963064315384663,3.2,4.5,1.0,-0.08495890074837442,2023,-0.2331819419076907,2.2,3.5,B
head to head,away,0.5468406292354956,1.82,1.9,0.0,-0.022247873466078427,2023,-0.004750054791398006,-1.0,-1.0,B
head to head,away,0.40500970617277066,1.68,2.18,0.0,-0.12886597938144329,2023,-0.31958369362974537,-1.0,-1.0,B
head to head,away,0.6278872319071152,1.47,1.22,1.0,0.1392312723247975,2023,-0.07700576909654078,0.47,0.21999999999999997,B
head to head,away,0.3201244568836745,3.0,4.5,1.0,-0.1048951048951049,2023,-0.03962662934897643,2.0,3.5,B
head to head,away,0.16454201313575667,2.8,3.7,0.0,-0.0796226415094341,2023,-0.5392823632198813,-1.0,-1.0,B
head to head,away,0.2512821887431951,4.0,6.0,1.0,-0.07843137254901955,2023,0.005128754972780314,3.0,5.0,B
head to head,away,0.4910975799065629,2.45,1.85,0.0,0.13045308805907302,2023,0.20318907077107906,-1.0,-1.0,B
head to head,away,0.5043654243640863,2.0,1.9,0.0,0.030309949818683957,2023,0.008730848728172536,-1.0,-1.0,B
head to head,away,0.7674559147598202,1.27,1.22,1.0,0.025012140082266876,2023,-0.02533098825502833,0.27,0.21999999999999997,B
head to head,away,0.6061904814485022,1.4,1.3,1.0,0.05818181818181811,2023,-0.15133332597209703,0.3999999999999999,0.30000000000000004,B
head to head,away,0.40874457644879403,1.72,1.68,0.0,0.016963528413910023,2023,-0.29695932850807427,-1.0,-1.0,B
head to head,away,0.7178993187973328,2.0,1.52,0.0,0.15641045096997758,2023,0.43579863759466564,-1.0,-1.0,B
head to head,away,0.5529576917066605,1.82,1.93,0.0,-0.02356020942408371,2023,0.00638299890612215,-1.0,-1.0,B
head to head,away,0.8407553426358548,1.18,1.14,1.0,0.0312746457806424,2023,-0.007908695689691325,0.17999999999999994,0.1399999999999999,B
head to head,away,0.6388044173531922,1.28,1.333,1.0,-0.021338963940338906,2023,-0.18233034578791407,0.28,0.33299999999999996,B
head to head,away,0.35377666029598176,2.55,2.9,0.0,-0.04166713844133196,2023,-0.09786951624524654,-1.0,-1.0,B
head to head,away,0.21726162091719226,2.45,3.7,0.0,-0.12902743142144646,2023,-0.4677090287528789,-1.0,-1.0,B
head to head,away,0.559625017866547,1.45,1.54,0.0,-0.031290022121318095,2023,-0.18854372409350695,-1.0,-1.0,B
head to head,away,0.45408925850303894,2.15,1.65,1.0,0.1378340365682138,2023,-0.023708094218466313,1.15,0.6499999999999999,B
head to head,away,0.7327996273828177,1.4,1.16,1.0,0.14658418504572343,2023,0.025919478335944657,0.3999999999999999,0.15999999999999992,B
head to head,away,0.3194106951503861,2.75,2.3,0.0,0.07248342374924643,2023,-0.12162058833643818,-1.0,-1.0,B
head to head,away,0.30693397300744407,2.2,2.05,0.0,0.034542776810817966,2023,-0.324745259383623,-1.0,-1.0,B
head to head,away,0.6267154432625688,1.45,1.27,1.0,0.10425137797054299,2023,-0.09126260726927526,0.44999999999999996,0.27,B
head to head,away,0.2828355541869749,4.0,5.2,0.0,-0.05314226003881173,2023,0.1313422167478997,-1.0,-1.0,B
head to head,away,0.22887315648401763,4.0,4.0,0.0,0.0028914791723140265,2023,-0.0845073740639295,-1.0,-1.0,B
head to head,away,0.2718675632032317,4.0,4.0,0.0,0.0028914791723140265,2023,0.08747025281292675,-1.0,-1.0,B
head to head,away,0.25155843610245465,3.35,2.68,0.0,0.07420508057751385,2023,-0.15727923905677688,-1.0,-1.0,B
head to head,away,0.5487664257736613,2.2,1.58,1.0,0.1749507559284746,2023,0.20728613670205487,1.2000000000000002,0.5800000000000001,B
head to head,away,0.4154380679817463,2.75,2.4,0.0,0.05476190476190468,2023,0.14245468694980246,-1.0,-1.0,B
head to head,away,0.27853250529214224,3.2,2.5,1.0,0.08599083916688266,2023,-0.10869598306514483,2.2,1.5,B
head to head,away,0.09855810220986161,7.0,8.0,1.0,-0.015890477936682745,2023,-0.31009328453096874,6.0,7.0,B
head to head,away,0.6009157899376292,1.6,1.45,1.0,0.06785398881365912,2023,-0.0385347360997933,0.6000000000000001,0.44999999999999996,B
head to head,away,0.31050874126902683,2.2,2.8,1.0,-0.08872739563968235,2023,-0.3168807692081409,1.2000000000000002,1.7999999999999998,B
head to head,away,0.6553776125890622,1.58,1.47,1.0,0.05272262954114837,2023,0.03549662789071828,0.5800000000000001,0.47,B
head to head,away,0.5950500580711184,1.44,1.28,1.0,0.08259452905963471,2023,-0.14312791637758948,0.43999999999999995,0.28,B
head to head,away,0.8103811296469284,1.25,1.24,1.0,0.012230028623471195,2023,0.012976412058660625,0.25,0.24,B
head to head,away,0.25795392196916644,2.6,4.0,1.0,-0.12486694126903308,2023,-0.32931980288016727,1.6,3.0,B
head to head,away,0.5840273833844019,1.91,1.85,1.0,0.019480519480519376,2023,0.11549230226420759,0.9099999999999999,0.8500000000000001,B
head to head,away,0.5432141857906543,1.5,1.77,0.0,-0.09151068254868588,2023,-0.18517872131401858,-1.0,-1.0,B
head to head,away,0.2715135849752419,3.0,4.25,1.0,-0.09231660871005143,2023,-0.18545924507427425,2.0,3.25,B
head to head,away,0.6603212438957299,1.45,1.44,0.0,0.013440860215053696,2023,-0.04253419635119171,-1.0,-1.0,B
head to head,away,0.45532060559487186,2.15,2.25,0.0,-0.016963528413910134,2023,-0.0210606979710255,-1.0,-1.0,B
head to head,away,0.5033728263576964,1.72,1.72,1.0,0.0034188034188035177,2023,-0.13419873866476217,0.72,0.72,B
head to head,away,0.20417020068308633,2.5,2.75,0.0,-0.03284688658439294,2023,-0.48957449829228417,-1.0,-1.0,B
head to head,away,0.09013699358593119,5.5,6.25,0.0,-0.018669813912318145,2023,-0.5042465352773784,-1.0,-1.0,B
head to head,away,0.3162760566050842,2.3,2.9,0.0,-0.08146807109940757,2023,-0.2725650698083064,-1.0,-1.0,B
head to head,away,0.46007412429308125,1.58,2.25,0.0,-0.17553415934635014,2023,-0.27308288361693156,-1.0,-1.0,B
head to head,away,0.5108397633994581,2.0,2.1,0.0,-0.01907544949064488,2023,0.02167952679891627,-1.0,-1.0,B
head to head,away,0.6314434258315997,1.6,1.52,1.0,0.036131252304289097,2023,0.010309481330559533,0.6000000000000001,0.52,B
head to head,away,0.7192337903921652,1.91,1.35,1.0,0.2127659574468086,2023,0.3737365396490355,0.9099999999999999,0.3500000000000001,B
head to head,away,0.527511006294104,1.4,1.47,0.0,-0.030159414045669963,2023,-0.2614845911882545,-1.0,-1.0,B
head to head,away,0.18828846247907194,3.0,3.5,1.0,-0.042369693207682135,2023,-0.4351346125627842,2.0,2.5,B
head to head,away,0.22204483952732512,3.85,3.25,0.0,0.04696397098698468,2023,-0.1451273678197983,-1.0,-1.0,B
head to head,away,0.6433033865023614,1.6,1.72,0.0,-0.0359623498864004,2023,0.029285418403778296,-1.0,-1.0,B
head to head,away,0.5280066730072421,1.5,1.47,1.0,0.021591363454618206,2023,-0.2079899904891368,0.5,0.47,B
head to head,away,0.4564030094359437,1.952,1.85,0.0,0.030207887350744478,2023,-0.10910132558103791,-1.0,-1.0,B
head to head,away,0.343182243973122,2.3,2.45,1.0,-0.021205752772573194,2023,-0.21068083886181943,1.2999999999999998,1.4500000000000002,B
head to head,away,0.3388999406191796,2.25,2.75,0.0,-0.07473569084943499,2023,-0.2374751336068459,-1.0,-1.0,B
head to head,away,0.2956509822840381,3.85,5.0,0.0,-0.057108363673139206,2023,0.13825628179354665,-1.0,-1.0,B
head to head,away,0.5756439465479968,2.7,3.0,1.0,-0.031251017285718996,2023,0.5542386556795913,1.7000000000000002,2.0,B
head to head,away,0.2317024429910628,1.87,2.3,1.0,-0.09300584888288321,2023,-0.5667164316067126,0.8700000000000001,1.2999999999999998,B
head to head,away,0.563141106530351,2.65,3.5,0.0,-0.0844945897340581,2023,0.49232393230543003,-1.0,-1.0,B
head to head,away,0.5128666619157987,1.68,1.8,1.0,-0.03454277681081808,2023,-0.13838400798145833,0.6799999999999999,0.8,B
head to head,away,0.5156732493947689,2.75,3.0,0.0,-0.02397112691230352,2023,0.4181014358356143,-1.0,-1.0,B
head to head,away,0.7092745279284147,1.45,1.333,1.0,0.06359854315696267,2023,0.02844806549620138,0.44999999999999996,0.33299999999999996,B
head to head,away,0.34057093694414675,2.55,2.45,1.0,0.01859517988550241,2023,-0.1315441107924259,1.5499999999999998,1.4500000000000002,B
head to head,away,0.28816301939088595,3.1,3.7,0.0,-0.04803571428571429,2023,-0.10669463988825356,-1.0,-1.0,B
head to head,away,0.6757587293236174,1.52,1.42,0.0,0.052197405138581676,2023,0.02715326857189848,-1.0,-1.0,B
head to head,away,0.057903953089538995,4.6,6.75,0.0,-0.06430539624780818,2023,-0.7336418157881206,-1.0,-1.0,B
head to head,away,0.4604189170503967,2.55,2.0,0.0,0.10705510705510701,2023,0.1740682384785115,-1.0,-1.0,B
head to head,away,0.43681122014320395,2.55,2.68,1.0,-0.014612698823225245,2023,0.1138686113651699,1.5499999999999998,1.6800000000000002,B
head to head,away,0.40851358100919066,2.55,3.1,0.0,-0.06235326235326233,2023,0.04170963157343621,-1.0,-1.0,B
head to head,away,0.7058054454917388,1.36,1.68,0.0,-0.1292353019954467,2023,-0.04010459413123513,-1.0,-1.0,B
head to head,away,0.19767891766541779,4.0,5.0,0.0,-0.04584968074467266,2023,-0.20928432933832886,-1.0,-1.0,B
head to head,away,0.7034442017884588,1.4,1.56,1.0,-0.06605463502015235,2023,-0.015178117496157717,0.3999999999999999,0.56,B
head to head,away,0.510572399262619,2.4,2.35,0.0,0.012562814070351647,2023,0.2253737582302855,-1.0,-1.0,B
head to head,away,0.6891897695619182,1.4,1.48,1.0,-0.03169997850848927,2023,-0.035134322613314506,0.3999999999999999,0.48,B
head to head,away,0.5854376737055826,1.52,2.05,0.0,-0.15900315900315903,2023,-0.11013473596751433,-1.0,-1.0,B
head to head,away,0.5336441195431245,1.72,2.55,1.0,-0.18055555555555558,2023,-0.0821321143858258,0.72,1.5499999999999998,B
head to head,away,0.3079230131018791,4.2,2.5,0.0,0.15914420227946113,2023,0.29327665502789224,-1.0,-1.0,B
head to head,away,0.7081559258751443,1.65,1.47,1.0,0.07473569084943493,2023,0.1684572776939881,0.6499999999999999,0.47,B
head to head,away,0.1874792649063135,2.7,6.75,0.0,-0.21020540619600891,2023,-0.49380598475295356,-1.0,-1.0,B
head to head,away,0.6025299295769249,2.0,1.5,1.0,0.15948253952117109,2023,0.20505985915384972,1.0,0.5,B
head to head,away,0.7860372587500504,1.56,1.45,1.0,0.04785096083321111,2023,0.22621812365007865,0.56,0.44999999999999996,B
head to head,away,0.17308435748802375,3.75,2.4,0.0,0.1455268389662029,2023,-0.35093365941991095,-1.0,-1.0,B
head to head,away,0.22450320825590064,3.1,4.0,0.0,-0.06994047619047605,2023,-0.304040054406708,-1.0,-1.0,B
head to head,away,0.20213333553268265,3.25,4.15,1.0,-0.06199677938808379,2023,-0.34306665951878146,2.25,3.1500000000000004,B
head to head,away,0.23130311574529394,3.25,2.75,1.0,0.05640353582074209,2023,-0.24826487382779472,2.25,1.75,B
head to head,away,0.3225599246435672,2.9,2.3,1.0,0.08901781528363806,2023,-0.06457621853365514,1.9,1.2999999999999998,B
head to head,away,0.15273302687255663,3.75,6.75,0.0,-0.11325178698799565,2023,-0.42725114922791263,-1.0,-1.0,B
head to head,away,0.43015954667382195,1.54,2.62,1.0,-0.25473421128520624,2023,-0.3375542981223142,0.54,1.62,B
head to head,away,0.6093204820919874,1.68,2.18,1.0,-0.1259846682527095,2023,0.023658409914538714,0.6799999999999999,1.1800000000000002,B
head to head,away,0.37744447260836544,2.6,2.3,0.0,0.05186786045075653,2023,-0.0186443712182498,-1.0,-1.0,B
head to head,away,0.16410398989570207,2.75,6.5,0.0,-0.19713848842289228,2023,-0.5487140277868193,-1.0,-1.0,B
head to head,away,0.20547181923089175,3.75,3.25,0.0,0.03900509983576805,2023,-0.22948067788415594,-1.0,-1.0,B
head to head,away,0.5734759392631563,1.82,1.7,1.0,0.038295460679009186,2023,0.043726209458944565,0.8200000000000001,0.7,B
head to head,away,0.47604766552163624,1.78,2.45,0.0,-0.1447007780938649,2023,-0.15263515537148753,-1.0,-1.0,B
head to head,away,0.7924369996171369,1.36,1.05,1.0,0.21110868457450682,2023,0.07771431947930618,0.3600000000000001,0.050000000000000044,B
head to head,away,0.5424088749973225,1.42,1.24,1.0,0.1028384942319368,2023,-0.22977939750380205,0.41999999999999993,0.24,B
head to head,away,0.24200972150553057,2.2,1.53,1.0,0.1920103092783505,2023,-0.46757861268783274,1.2000000000000002,0.53,B
head to head,away,0.16976425718834065,2.6,2.4,1.0,0.034146341463414775,2023,-0.5586129313103143,1.6,1.4,B
head to head,away,0.3269496292755294,2.3,2.25,1.0,0.014215609908085236,2023,-0.24801585266628245,1.2999999999999998,1.25,B
head to head,away,0.20655387772133005,3.5,4.5,0.0,-0.05906255906255897,2023,-0.27706142797534483,-1.0,-1.0,B
head to head,away,0.7266035815144347,1.31,1.44,1.0,-0.05944796267376917,2023,-0.048149308216090536,0.31000000000000005,0.43999999999999995,B
head to head,away,0.6086945394315519,1.91,1.58,1.0,0.10794044665012409,2023,0.16260657031426407,0.9099999999999999,0.5800000000000001,B
head to head,away,0.6195842461229313,1.62,1.48,1.0,0.0633835094321416,2023,0.0037264787191486626,0.6200000000000001,0.48,B
head to head,away,0.5194418695142723,1.91,2.0,0.0,-0.019480519480519543,2023,-0.007866029227739935,-1.0,-1.0,B
head to head,away,0.8320639023401422,1.27,1.3,1.0,-0.007011952191235016,2023,0.056721155971980464,0.27,0.30000000000000004,B
head to head,away,0.1579966868639442,3.25,4.0,0.0,-0.05538302277432705,2023,-0.4865107676921814,-1.0,-1.0,B
head to head,away,0.3689931269650726,2.2,2.55,0.0,-0.05646157336223634,2023,-0.1882151206768402,-1.0,-1.0,B
head to head,away,0.2171257505778288,2.6,3.0,0.0,-0.04458669021079342,2023,-0.4354730484976451,-1.0,-1.0,B
head to head,away,0.40242201840436886,2.2,1.93,1.0,0.0670103092783505,2023,-0.11467155951038843,1.2000000000000002,0.9299999999999999,B
head to head,away,0.5022606432367174,1.8,1.7,1.0,0.037530719093920306,2023,-0.09593084217390868,0.8,0.7,B
head to head,away,0.6669602324256985,1.36,1.36,0.0,0.0,2023,-0.09293408390105007,-1.0,-1.0,B
head to head,away,0.3711114917314676,2.25,3.1,0.0,-0.11504120879120894,2023,-0.16499914360419787,-1.0,-1.0,B
head to head,away,0.015338495289502041,11.0,15.0,0.0,-0.0224161790391878,2023,-0.8312765518154775,-1.0,-1.0,B
head to head,away,0.3040290570393348,3.6,3.3,1.0,0.0250164581961817,2023,0.09450460534160543,2.6,2.3,B
head to head,away,0.2742827694816927,3.2,3.2,0.0,0.003064429633034438,2023,-0.12229513765858324,-1.0,-1.0,B
head to head,away,0.8360825794841014,1.15,1.06,1.0,0.0770914628343009,2023,-0.0385050335932835,0.1499999999999999,0.06000000000000005,B
head to head,away,0.37127887551714056,3.2,2.85,0.0,0.037418721629247864,2023,0.18809240165484975,-1.0,-1.0,B
head to head,away,0.44026059351013547,3.0,2.3,1.0,0.09953970080552355,2023,0.3207817805304063,2.0,1.2999999999999998,B
head to head,away,0.5633519296940309,1.5,1.45,1.0,0.02864435621100403,2023,-0.15497210545895368,0.5,0.44999999999999996,B
head to head,away,0.07293826498510725,4.0,6.5,0.0,-0.09111361079865032,2023,-0.708246940059571,-1.0,-1.0,B
head to head,away,0.5948695811851881,1.5,1.65,0.0,-0.051867860450756365,2023,-0.1076956282222179,-1.0,-1.0,B
head to head,away,0.7421050063483721,1.56,1.36,0.0,0.09718193785921453,2023,0.15768380990346054,-1.0,-1.0,B
head to head,away,0.43721261686652624,2.4,2.45,0.0,-0.004925371273239776,2023,0.049310280479663016,-1.0,-1.0,B
head to head,away,0.7179462571596634,1.45,1.38,1.0,0.04392805156997298,2023,0.04102207288151183,0.44999999999999996,0.3799999999999999,B
head to head,away,0.1350741211233939,3.25,5.0,0.0,-0.10123270351899971,2023,-0.5610091063489698,-1.0,-1.0,B
head to head,away,0.5107766653722963,1.91,1.93,1.0,0.0,2023,-0.024416569138914213,0.9099999999999999,0.9299999999999999,B
head to head,away,0.6605615281499861,1.56,1.3,1.0,0.1290274314214463,2023,0.030475983913978322,0.56,0.30000000000000004,B
head to head,away,0.26693061720251454,2.7,4.25,1.0,-0.12665277613974402,2023,-0.27928733355321067,1.7000000000000002,3.25,B
head to head,away,0.21125234199639342,3.5,6.0,0.0,-0.11268540680305372,2023,-0.260616803012623,-1.0,-1.0,B
head to head,away,0.23019702244476603,4.5,3.7,0.0,0.045119180751025056,2023,0.03588660100144714,-1.0,-1.0,B
head to head,away,0.8309396576670346,1.18,1.13,1.0,0.0428389045116577,2023,-0.019491203952899272,0.17999999999999994,0.1299999999999999,B
head to head,away,0.23175656953041202,2.75,3.85,0.0,-0.0957254246727931,2023,-0.36266943379136696,-1.0,-1.0,B
head to head,away,0.24117130887373994,3.25,4.0,0.0,-0.05538302277432705,2023,-0.2161932461603452,-1.0,-1.0,B
head to head,away,0.18493618229530873,5.75,7.25,0.0,-0.03268206470788371,2023,0.0633830481980251,-1.0,-1.0,B
head to head,away,0.8723302699283613,1.13,1.18,1.0,-0.032453237834574794,2023,-0.014266794980951847,0.1299999999999999,0.17999999999999994,B
head to head,away,0.2763416261734549,3.35,3.85,0.0,-0.03513392349833211,2023,-0.074255552318926,-1.0,-1.0,B
head to head,away,0.23725479990218012,3.6,4.25,0.0,-0.03944091297721275,2023,-0.14588272035215155,-1.0,-1.0,B
head to head,away,0.16629147316019233,4.6,3.85,0.0,0.04261611884116434,2023,-0.23505922346311536,-1.0,-1.0,B
head to head,away,0.5060768359883299,2.4,2.45,1.0,-0.004925371273239776,2023,0.21458440637199172,1.4,1.4500000000000002,B
head to head,away,0.19926757756253555,3.1,5.0,0.0,-0.11579015693514871,2023,-0.38227050955613984,-1.0,-1.0,B
head to head,away,0.4669149275450404,2.25,1.63,1.0,0.1673753382296096,2023,0.05055858697634097,1.25,0.6299999999999999,B
head to head,away,0.5822056351091519,1.65,2.68,0.0,-0.21807140228192878,2023,-0.03936070206989939,-1.0,-1.0,B
head to head,away,0.8950374592556001,1.15,1.07,1.0,0.0666761242729465,2023,0.02929307814394,0.1499999999999999,0.07000000000000006,B
head to head,away,0.8388467734117278,1.27,1.15,1.0,0.07511454417293228,2023,0.06533540223289425,0.27,0.1499999999999999,B
head to head,away,0.5032510946911692,1.82,1.62,0.0,0.0683793371754125,2023,-0.084083007662072,-1.0,-1.0,B
head to head,away,0.20759742501878953,3.6,3.2,0.0,0.03600392121914264,2023,-0.2526492699323577,-1.0,-1.0,B
head to head,away,0.10270342812007938,5.75,8.0,1.0,-0.04457806344598769,2023,-0.4094552883095436,4.75,7.0,B
head to head,away,0.12869033330303525,5.5,6.5,0.0,-0.02483272401186465,2023,-0.29220316683330605,-1.0,-1.0,B
head to head,away,0.5399459521729214,1.36,1.37,1.0,-0.0015355675841682848,2023,-0.2656735050448268,0.3600000000000001,0.3700000000000001,B
head to head,away,0.09523922526253636,5.75,8.0,0.0,-0.045545193125988925,2023,-0.45237445474041593,-1.0,-1.0,B
head to head,away,0.14976861656791474,5.0,5.4,0.0,-0.012856319546039052,2023,-0.2511569171604263,-1.0,-1.0,B
head to head,away,0.6983946730207582,1.36,1.35,1.0,0.007923033389926393,2023,-0.050183244691768825,0.3600000000000001,0.3500000000000001,B
head to head,away,0.6928869769269896,1.38,1.56,1.0,-0.07620073891625628,2023,-0.043815971840754364,0.3799999999999999,0.56,B
head to head,away,0.5136681596772763,2.0,3.0,0.0,-0.1551728222501244,2023,0.027336319354552607,-1.0,-1.0,B
head to head,away,0.45838436748843203,2.3,2.5,1.0,-0.02902885292047863,2023,0.054284045223393695,1.2999999999999998,1.5,B
head to head,away,0.20829335105933433,3.1,4.5,0.0,-0.09750939849624052,2023,-0.3542906117160636,-1.0,-1.0,B
head to head,away,0.4555103173923847,1.91,2.18,1.0,-0.061855670103092786,2023,-0.1299752937805453,0.9099999999999999,1.1800000000000002,B
head to head,away,0.5971607933165598,1.952,2.68,0.0,-0.1304209574886267,2023,0.16565786855392473,-1.0,-1.0,B
head to head,away,0.14715593616086609,2.3,4.5,0.0,-0.1999785928357357,2023,-0.661541346830008,-1.0,-1.0,B
head to head,away,0.6876417356125457,1.45,1.9,1.0,-0.15344956880389954,2023,-0.0029194833618086946,0.44999999999999996,0.8999999999999999,B
head to head,away,0.2548687817697126,3.2,4.25,0.0,-0.07238040456332095,2023,-0.18441989833691963,-1.0,-1.0,B
head to head,away,0.23143955863916743,2.8,3.7,0.0,-0.08259452905963482,2023,-0.35196923581033124,-1.0,-1.0,B
head to head,away,0.411976448419731,2.4,2.35,0.0,0.012562814070351647,2023,-0.011256523792645634,-1.0,-1.0,B
head to head,away,0.1078879049050061,4.5,6.75,0.0,-0.06959635228327221,2023,-0.5145044279274725,-1.0,-1.0,B
head to head,away,0.39389660483548916,2.05,1.833,1.0,0.059514846862402215,2023,-0.19251196008724725,1.0499999999999998,0.833,B
head to head,away,0.1509371293492041,4.0,5.4,0.0,-0.060013046314416285,2023,-0.39625148260318355,-1.0,-1.0,B
head to head,away,0.3140298942078833,3.0,3.2,0.0,-0.016871774513696036,2023,-0.05791031737635011,-1.0,-1.0,B
head to head,away,0.5075295530033284,2.55,2.62,0.0,-0.006314615010267199,2023,0.2942003601584873,-1.0,-1.0,B
head to head,away,0.16675499611456068,4.0,5.0,0.0,-0.04584968074467266,2023,-0.33298001554175727,-1.0,-1.0,B
head to head,away,0.22287272309121997,3.85,4.0,0.0,-0.009951636904761973,2023,-0.14194001609880313,-1.0,-1.0,B
head to head,away,0.2641816104619672,2.25,2.4,0.0,-0.023076923076923106,2023,-0.40559137646057386,-1.0,-1.0,B
head to head,away,0.54806222428952,1.5,1.9,0.0,-0.1273966010688144,2024,-0.17790666356572005,-1.0,-1.0,B
head to head,away,0.538961638018908,1.58,1.58,0.0,0.004925371273239665,2024,-0.14844061193012537,-1.0,-1.0,B
head to head,away,0.3710142519094637,2.8,3.2,1.0,-0.039841459890177955,2024,0.03883990534649828,1.7999999999999998,2.2,B
head to head,away,0.4316892696422081,2.35,2.55,1.0,-0.028535173779827283,2024,0.014469783659189162,1.35,1.5499999999999998,B
head to head,away,0.540166135913319,1.65,1.5,0.0,0.0642252484357747,2024,-0.10872587574302373,-1.0,-1.0,B
head to head,away,0.3455098078013513,2.65,3.1,0.0,-0.05031779661016966,2024,-0.08439900932641908,-1.0,-1.0,B
head to head,away,0.38765170150913264,2.9,2.55,1.0,0.044760669760669725,2024,0.12418993437648451,1.9,1.5499999999999998,B
head to head,away,0.4595660112116302,1.48,1.58,1.0,-0.033706042453992224,2024,-0.3198423034067873,0.48,0.5800000000000001,B
head to head,away,0.3130804588341589,2.8,3.1,0.0,-0.03158692722371981,2024,-0.12337471526435506,-1.0,-1.0,B
head to head,away,0.21827957210911442,2.9,4.0,0.0,-0.08771698643615156,2024,-0.3669892408835682,-1.0,-1.0,B
head to head,away,0.2838081859211453,3.25,3.2,0.0,0.006302920749690855,2024,-0.07762339575627775,-1.0,-1.0,B
head to head,away,0.2508140906107861,2.15,3.2,0.0,-0.14313440077632222,2024,-0.4607497051868099,-1.0,-1.0,B
head to head,away,0.32585432301330375,2.5,2.9,0.0,-0.0493908837888396,2024,-0.18536419246674063,-1.0,-1.0,B
head to head,away,0.3081455753588791,2.6,3.0,0.0,-0.04458669021079342,2024,-0.19882150406691435,-1.0,-1.0,B
head to head,away,0.5541555504943564,1.87,1.75,0.0,0.04055468341182633,2024,0.0362708794244464,-1.0,-1.0,B
head to head,away,0.5437812882771311,2.8,1.85,0.0,0.17985787797108538,2024,0.522587607175967,-1.0,-1.0,B
head to head,away,0.26849025932859605,2.45,4.25,0.0,-0.16316222194967955,2024,-0.34219886464493965,-1.0,-1.0,B
head to head,away,0.5591025749322349,3.2,3.2,0.0,0.0,2024,0.7891282397831518,-1.0,-1.0,B
head to head,away,0.3319788319712935,2.25,2.45,0.0,-0.03404949165547677,2024,-0.2530476280645896,-1.0,-1.0,B
head to head,away,0.4787618684805198,2.15,2.15,0.0,0.004273504273504258,2024,0.029338017233117686,-1.0,-1.0,B
head to head,away,0.6269714746077297,1.72,1.42,1.0,0.1231774761186526,2024,0.07839093632529504,0.72,0.41999999999999993,B
head to head,away,0.7495844173234546,1.52,1.25,0.0,0.1353691353691355,2024,0.1393683143316511,-1.0,-1.0,B
head to head,away,0.4292212172488865,2.25,2.15,0.0,0.02564102564102555,2024,-0.03425226119000535,-1.0,-1.0,B
head to head,away,0.5626774965262191,1.65,2.1,0.0,-0.11955873583780563,2024,-0.07158213073173847,-1.0,-1.0,B
head to head,away,0.4830728592036596,1.6,2.55,1.0,-0.21840859150134634,2024,-0.2270834252741446,0.6000000000000001,1.5499999999999998,B
head to head,away,0.4986974839600232,2.8,2.55,0.0,0.035377358490566,2024,0.3963529550880649,-1.0,-1.0,B
head to head,away,0.5159301165334838,2.8,1.85,0.0,0.17985787797108538,2024,0.44460432629375446,-1.0,-1.0,B
head to head,away,0.6644072330889543,1.58,1.36,0.0,0.09873931058802787,2024,0.04976342828054792,-1.0,-1.0,B
head to head,away,0.6809678927398505,2.15,1.7,1.0,0.1218820861678005,2024,0.46408096939067844,1.15,0.7,B
head to head,away,0.37246209418721965,2.5,3.85,0.0,-0.13167544824657884,2024,-0.06884476453195087,-1.0,-1.0,B
head to head,away,0.46052811816908945,3.0,2.25,0.0,0.10783858998144702,2024,0.38158435450726835,-1.0,-1.0,B
head to head,away,0.3135509430967802,3.5,2.8,1.0,0.068827198238963,2024,0.09742830083873066,2.5,1.7999999999999998,B
head to head,away,0.42076747328429587,2.8,2.85,0.0,-0.0039583058450983755,2024,0.17814892519602843,-1.0,-1.0,B
head to head,away,0.6437445508335158,1.44,1.28,0.0,0.08259452905963471,2024,-0.07300784679973726,-1.0,-1.0,B
head to head,away,0.276053137498121,3.1,2.55,0.0,0.06542865917865925,2024,-0.1442352737558249,-1.0,-1.0,B
head to head,away,0.5637411191734458,2.15,1.8,1.0,0.088023088023088,2024,0.2120434062229084,1.15,0.8,B
head to head,away,0.706105110701457,2.0,1.67,0.0,0.09753980126081857,2024,0.41221022140291397,-1.0,-1.0,B
head to head,away,0.30559373463272044,2.45,2.75,0.0,-0.04378933618335101,2024,-0.25129535014983484,-1.0,-1.0,B
head to head,away,0.23601450076608166,4.6,6.0,0.0,-0.04566697564266187,2024,0.08566670352397554,-1.0,-1.0,B
head to head,away,0.4898693374790045,2.0,2.05,0.0,-0.008907323043448767,2024,-0.020261325041990963,-1.0,-1.0,B
head to head,away,0.436242632713312,1.65,2.45,1.0,-0.186375813241485,2024,-0.2801996560230353,0.6499999999999999,1.4500000000000002,B
head to head,away,0.23484644280246436,3.75,6.5,0.0,-0.10861245144115572,2024,-0.11932583949075859,-1.0,-1.0,B
head to head,away,0.32143303167288373,3.25,3.5,0.0,-0.02264492753623193,2024,0.04465735293687212,-1.0,-1.0,B
head to head,away,0.5026306479142548,1.952,1.65,0.0,0.09300584888288332,2024,-0.01886497527137465,-1.0,-1.0,B
head to head,away,0.6239735959744774,1.952,1.3,1.0,0.2507273678702251,2024,0.21799645934217993,0.952,0.30000000000000004,B
head to head,away,0.38528139947168993,2.0,2.0,1.0,0.0017757064238228537,2024,-0.22943720105662013,1.0,1.0,B
head to head,away,0.18031909819793845,2.8,3.2,0.0,-0.039841459890177955,2024,-0.49510652504577235,-1.0,-1.0,B
head to head,away,0.4715359416195213,1.91,1.952,1.0,-0.010727367870225102,2024,-0.09936635150671436,0.9099999999999999,0.952,B
head to head,away,0.6552852082967805,1.45,1.36,0.0,0.046992481203007475,2024,-0.04983644796966835,-1.0,-1.0,B
head to head,away,0.3944779051941767,2.15,3.1,1.0,-0.13640873015873023,2024,-0.15187250383252016,1.15,2.1,B
head to head,away,0.17742043688830034,5.0,5.0,0.0,0.0026268230151725858,2024,-0.11289781555849832,-1.0,-1.0,B
head to head,away,0.6745658354654946,1.31,1.333,1.0,-0.003462852624863788,2024,-0.11631875554020199,0.31000000000000005,0.33299999999999996,B
head to head,away,0.36092542052426757,3.1,3.1,0.0,0.0030753968253969255,2024,0.11886880362522945,-1.0,-1.0,B
head to head,away,0.5583785768834244,1.58,1.93,0.0,-0.10301507537688442,2024,-0.11776184852418936,-1.0,-1.0,B
head to head,away,0.3363659055257817,2.35,2.5,0.0,-0.020826837937270026,2024,-0.20954012201441297,-1.0,-1.0,B
head to head,away,0.17444835737850783,4.5,4.0,1.0,0.02618630639646402,2024,-0.21498239179671474,3.5,3.0,B
head to head,away,0.5903830100948209,1.35,1.44,1.0,-0.0461443806398687,2024,-0.20298293637199183,0.3500000000000001,0.43999999999999995,B
head to head,away,0.17283508819550386,3.35,4.2,0.0,-0.05812725704705968,2024,-0.421002454545062,-1.0,-1.0,B
head to head,away,0.34240809317539633,2.45,3.35,0.0,-0.104380837357812,2024,-0.1611001717202789,-1.0,-1.0,B
head to head,away,0.6678859700827098,1.35,1.2,1.0,0.0829519450800916,2024,-0.09835394038834178,0.3500000000000001,0.19999999999999996,B
head to head,away,0.7070863623408321,1.45,1.333,1.0,0.06059150117446077,2024,0.02527522539420657,0.44999999999999996,0.33299999999999996,B
head to head,away,0.34199176927777475,2.0,2.75,1.0,-0.1312016953378209,2024,-0.3160164614444505,1.0,1.75,B
head to head,away,0.6174826398215911,1.82,1.42,1.0,0.14773608687221268,2024,0.1238184044752959,0.8200000000000001,0.41999999999999993,B
head to head,away,0.8354352714561404,1.2,,1.0,,2024,0.002522325747368326,0.19999999999999996,,B
head to head,away,0.3365690326464966,3.6,,1.0,,2024,0.2116485175273879,2.6,,B
head to head,away,0.3978898162484805,2.5,,1.0,,2024,-0.005275459378798697,1.5,,B
head to head,away,0.3024154359608424,2.6,,0.0,,2024,-0.21371986650180974,-1.0,-1.0,B
head to head,away,0.8049066191129461,1.19,,1.0,,2024,-0.04216112325559418,0.18999999999999995,,B
head to head,away,0.488049935455634,2.65,,1.0,,2024,0.2933323289574301,1.65,,B
head to head,away,0.4752847826207711,1.57,,0.0,,2024,-0.25380289128538935,-1.0,-1.0,B
head to head,away,0.09754786580760344,3.35,,0.0,,2024,-0.6732146495445285,-1.0,-1.0,B
head to head,away,0.39863206480914704,1.61,,0.0,,2024,-0.3582023756572732,-1.0,-1.0,B
head to head,away,0.16615150474446228,5.0,,0.0,,2024,-0.16924247627768862,-1.0,-1.0,B
head to head,away,0.6121172876158563,1.19,,1.0,,2024,-0.2715804277371311,0.18999999999999995,,B
head to head,away,0.7144225951535593,1.78,,1.0,,2024,0.27167221937333563,0.78,,B
head to head,away,0.540697075587474,2.05,,0.0,,2024,0.10842900495432173,-1.0,-1.0,B
head to head,away,0.5134738981263113,2.75,,1.0,,2024,0.4120532198473561,1.75,,B
head to head,away,0.2535024236394534,2.85,,0.0,,2024,-0.2775180926275578,-1.0,-1.0,B
head to head,away,0.6051819109890013,1.52,,0.0,,2024,-0.08012349529671803,-1.0,-1.0,B
head to head,away,0.463389945266659,1.63,,0.0,,2024,-0.2446743892153459,-1.0,-1.0,B
head to head,away,0.5774359699167638,1.56,,1.0,,2024,-0.09919988692984838,0.56,,B
head to head,away,0.6935967296500594,1.83,,1.0,,2024,0.2692820152596087,0.8300000000000001,,B
head to head,away,0.41745202199292053,1.61,,0.0,,2024,-0.32790224459139794,-1.0,-1.0,B
head to head,away,0.594481174900549,1.35,,1.0,,2024,-0.19745041388425888,0.3500000000000001,,B
head to head,away,0.7819746654598002,1.21,,0.0,,2024,-0.05381065479364178,-1.0,-1.0,B
head to head,away,0.23743543652938326,3.85,,0.0,,2024,-0.0858735693618744,-1.0,-1.0,B
head to head,away,0.7099331101471504,1.4,,1.0,,2024,-0.006093645793989411,0.3999999999999999,,B
head to head,away,0.35015493668633924,2.4,,0.0,,2024,-0.1596281519527859,-1.0,-1.0,B
head to head,away,0.264241072298675,3.5,,0.0,,2024,-0.07515624695463752,-1.0,-1.0,B
head to head,away,0.6191329216459633,1.33,,0.0,,2024,-0.17655321421086867,-1.0,-1.0,B
head to head,away,0.5891438322049705,1.22,,1.0,,2024,-0.2812445247099361,0.21999999999999997,,B
head to head,away,0.42682803288832283,1.98,,1.0,,2024,-0.15488049488112077,0.98,,B
head to head,away,0.4542494898423932,1.55,,0.0,,2024,-0.2959132907442905,-1.0,-1.0,B
head to head,away,0.16988049878407008,4.3,,1.0,,2024,-0.2695138552284987,3.3,,B
head to head,away,0.5085390409205919,1.67,,0.0,,2024,-0.15073980166261158,-1.0,-1.0,B
head to head,away,0.7129957060616863,1.39,,0.0,,2024,-0.008935968574256159,-1.0,-1.0,B
head to head,away,0.3275811630405212,1.99,,1.0,,2024,-0.34811348554936283,0.99,,B
head to head,away,0.2067966502825347,3.15,,1.0,,2024,-0.34859055161001573,2.15,,B
head to head,away,0.2998428377778217,2.35,,1.0,,2024,-0.29536933122211895,1.35,,B
head to head,away,0.30533057886373494,3.75,,1.0,,2024,0.14498967073900593,2.75,,B
head to head,away,0.32305155687149734,3.0,,0.0,,2024,-0.03084532938550799,-1.0,-1.0,B
head to head,away,0.44545058160670203,1.95,,1.0,,2024,-0.1313713658669311,0.95,,B
head to head,away,0.4640024811798983,2.4,,1.0,,2024,0.11360595483175584,1.4,,B
head to head,away,0.40654076153338936,2.55,,1.0,,2024,0.03667894191014276,1.5499999999999998,,B
head to head,away,0.2653433892430571,4.05,,0.0,,2024,0.07464072643438135,-1.0,-1.0,B
head to head,away,0.22707875677459577,3.25,,0.0,,2024,-0.2619940404825638,-1.0,-1.0,B
head to head,away,0.26844995999449284,1.75,,0.0,,2024,-0.5302125700096375,-1.0,-1.0,B
head to head,away,0.28050039095306656,3.0,,1.0,,2024,-0.15849882714080032,2.0,,B
head to head,away,0.43463545214293875,2.1,,1.0,,2024,-0.08726555049982854,1.1,,B
head to head,away,0.5877935114977653,1.46,,0.0,,2024,-0.14182147321326277,-1.0,-1.0,B
head to head,away,0.32015648525202933,1.69,,0.0,,2024,-0.45893553992407043,-1.0,-1.0,B
head to head,away,0.4675706759327847,1.69,,1.0,,2024,-0.20980555767359388,0.69,,B
head to head,away,0.6678717900476729,1.57,,1.0,,2024,0.0485587103748466,0.5700000000000001,,B
head to head,away,0.35437993580431626,2.75,,0.0,,2024,-0.025455176538130342,-1.0,-1.0,B
head to head,away,0.7731849319226031,1.24,,1.0,,2024,-0.04125068441597224,0.24,,B
head to head,away,0.5469956574061048,1.52,,1.0,,2024,-0.16856660074272067,0.52,,B
head to head,away,0.7026032906017761,1.6,,0.0,,2024,0.12416526496284175,-1.0,-1.0,B
head to head,away,0.3096287973009846,4.2,,0.0,,2024,0.3004409486641353,-1.0,-1.0,B
head to head,away,0.5136406669310878,2.25,,0.0,,2024,0.15569150059494752,-1.0,-1.0,B
head to head,away,0.424689735744495,1.68,,0.0,,2024,-0.2865212439492485,-1.0,-1.0,B
head to head,away,0.5891568943437919,1.65,,0.0,,2024,-0.027891124332743322,-1.0,-1.0,B
head to head,away,0.5301459578188785,1.65,,0.0,,2024,-0.12525916959885053,-1.0,-1.0,B
head to head,away,0.3467934287797383,1.94,,0.0,,2024,-0.32722074816730773,-1.0,-1.0,B
head to head,away,0.19065990844419023,4.2,,0.0,,2024,-0.19922838453440095,-1.0,-1.0,B
head to head,away,0.4964351008307877,1.85,,0.0,,2024,-0.0815950634630428,-1.0,-1.0,B
head to head,away,0.22454133583338032,3.6,,1.0,,2024,-0.19165119099983086,2.6,,B
head to head,away,0.1454328277392718,6.0,,0.0,,2024,-0.12740303356436922,-1.0,-1.0,B
head to head,away,0.5436728453325421,1.9,,1.0,,2024,0.032978406131829896,0.8999999999999999,,B
head to head,away,0.18213198093243887,2.9,,1.0,,2024,-0.47181725529592733,1.9,,B
head to head,away,0.7022660582784728,1.6,,1.0,,2024,0.12362569324555639,0.6000000000000001,,B
head to head,away,0.3772083242486124,2.5,,0.0,,2024,-0.05697918937846902,-1.0,-1.0,B
head to head,away,0.8337774176291579,1.22,,1.0,,2024,0.01720844950757261,0.21999999999999997,,B
head to head,away,0.4640239926869396,2.05,,1.0,,2024,-0.048750814991773916,1.0499999999999998,,B
head to head,away,0.14570729068012922,4.2,,0.0,,2024,-0.38802937914345725,-1.0,-1.0,B
head to head,away,0.5311592232263951,1.9,,1.0,,2024,0.009202524130150547,0.8999999999999999,,B
head to head,away,0.5065659452083495,1.95,,0.0,,2024,-0.012196406843718477,-1.0,-1.0,B
head to head,away,0.11252761991507465,4.0,,0.0,,2024,-0.5498895203397014,-1.0,-1.0,B
head to head,away,0.4524359296169811,2.3,,0.0,,2024,0.04060263811905651,-1.0,-1.0,B
head to head,away,0.27228193142315527,2.65,,1.0,,2024,-0.2784528817286386,1.65,,B
head to head,away,0.36480312818500016,2.0,,0.0,,2024,-0.2703937436299997,-1.0,-1.0,B
head to head,away,0.6345443521417796,1.8,,0.0,,2024,0.14217983385520339,-1.0,-1.0,B
head to head,away,0.21434737038555485,3.6,,0.0,,2024,-0.2283494666120025,-1.0,-1.0,B
head to head,away,0.5823680887346065,1.63,,1.0,,2024,-0.05074001536259143,0.6299999999999999,,B
head to head,away,0.5451297811776428,1.8,,0.0,,2024,-0.018766393880243037,-1.0,-1.0,B
head to head,away,0.2580835410642094,4.4,,0.0,,2024,0.1355675806825214,-1.0,-1.0,B
head to head,away,0.20681672529600736,3.0,,0.0,,2024,-0.3795498241119779,-1.0,-1.0,B
head to head,away,0.47791978942946933,2.0,,0.0,,2024,-0.044160421141061335,-1.0,-1.0,B
head to head,away,0.17937381729531587,4.0,,0.0,,2024,-0.2825047308187365,-1.0,-1.0,B
head to head,away,0.8699602647799394,1.18,,1.0,,2024,0.02655311244032843,0.17999999999999994,,B
head to head,away,0.3211156556755017,2.7,,1.0,,2024,-0.13298772967614536,1.7000000000000002,,B
head to head,away,0.570888799704779,2.0,,0.0,,2024,0.14177759940955803,-1.0,-1.0,B
head to head,away,0.29637986286937246,2.6,,0.0,,2024,-0.22941235653963155,-1.0,-1.0,B
head to head,away,0.7791774505697484,1.26,,1.0,,2024,-0.01823641228211703,0.26,,B
head to head,away,0.25804852637692854,2.6,,1.0,,2024,-0.3290738314199858,1.6,,B
head to head,away,0.5271364023051837,2.2,,0.0,,2024,0.1597000850714041,-1.0,-1.0,B
head to head,away,0.7953648664116573,1.32,,1.0,,2024,0.049881623663387664,0.32000000000000006,,B
head to head,away,0.1839937233652731,3.6,,1.0,,2024,-0.33762259588501686,2.6,,B
head to head,away,0.7821945233210281,1.32,,1.0,,2024,0.03249677078375712,0.32000000000000006,,B
head to head,away,0.6279984311528148,1.32,,0.0,,2024,-0.17104207087828438,-1.0,-1.0,B
head to head,away,0.08799564645523883,4.5,,1.0,,2024,-0.6040195909514252,3.5,,B
head to head,away,0.21681903537681402,3.35,,0.0,,2024,-0.27365623148767304,-1.0,-1.0,B
head to head,away,0.06937328652918984,4.5,,0.0,,2024,-0.6878202106186457,-1.0,-1.0,B
head to head,away,0.255467465797943,2.9,,0.0,,2024,-0.2591443491859653,-1.0,-1.0,B
head to head,away,0.7548801767696415,1.2,,1.0,,2024,-0.0941437878764303,0.19999999999999996,,B
head to head,away,0.6629079604354318,1.85,,1.0,,2024,0.22637972680554874,0.8500000000000001,,B
head to head,away,0.9108250682423366,1.14,,1.0,,2024,0.03834057779626354,0.1399999999999999,,B
head to head,away,0.6926206525494298,1.68,,1.0,,2024,0.16360269628304214,0.6799999999999999,,B
head to head,away,0.278591469172201,2.55,,1.0,,2024,-0.2895917536108875,1.5499999999999998,,B
head to head,away,0.6718573249245017,1.6,,1.0,,2024,0.07497171987920281,0.6000000000000001,,B
head to head,away,0.4464088677895778,2.9,,0.0,,2024,0.2945857165897756,-1.0,-1.0,B
head to head,away,0.15836601567149888,3.45,,0.0,,2024,-0.45363724593332877,-1.0,-1.0,B
head to head,away,0.4267195899330056,2.55,,1.0,,2024,0.0881349543291643,1.5499999999999998,,B
head to head,away,0.2520908981524612,5.25,,0.0,,2024,0.3234772153004215,-1.0,-1.0,B
head to head,away,0.0921040179177186,4.15,,0.0,,2024,-0.6177683256414678,-1.0,-1.0,B
head to head,away,0.2606911243996133,2.55,,0.0,,2024,-0.33523763278098617,-1.0,-1.0,B
head to head,away,0.2884640099435821,2.45,,0.0,,2024,-0.2932631756382238,-1.0,-1.0,B
head to head,away,0.6696502145152645,1.5,,0.0,,2024,0.004475321772896779,-1.0,-1.0,B
head to head,away,0.38864499248374207,2.45,,0.0,,2024,-0.04781976841483182,-1.0,-1.0,B
head to head,away,0.22320989666745095,3.15,,0.0,,2024,-0.2968888254975295,-1.0,-1.0,B
head to head,away,0.8450941178034432,1.18,,0.0,,2024,-0.00278894099193705,-1.0,-1.0,B
head to head,away,0.6714710807689117,1.48,,1.0,,2024,-0.006222800462010736,0.48,,B
head to head,away,0.21208776156191755,3.0,,0.0,,2024,-0.36373671531424734,-1.0,-1.0,B
head to head,away,0.805205174700678,1.34,,0.0,,2024,0.07897493409890854,-1.0,-1.0,B
head to head,away,0.12558071395179415,4.4,,0.0,,2024,-0.4474448586121057,-1.0,-1.0,B
head to head,away,0.47351014480608256,1.52,,1.0,,2024,-0.2802645798947545,0.52,,B
head to head,away,0.8275311103186507,1.22,,1.0,,2024,0.009587954588753833,0.21999999999999997,,B
head to head,away,0.7157028605254228,1.6,,1.0,,2024,0.14512457684067637,0.6000000000000001,,B
head to head,away,0.33478877748268965,3.1,,0.0,,2024,0.03784521019633802,-1.0,-1.0,B
head to head,away,0.3993127954005333,2.2,,1.0,,2024,-0.12151185011882659,1.2000000000000002,,B
head to head,away,0.09389723609607958,5.2,,0.0,,2024,-0.5117343723003862,-1.0,-1.0,B
head to head,away,0.5257759778196742,1.6,,0.0,,2024,-0.1587584354885212,-1.0,-1.0,B
head to head,away,0.5794612516247196,1.52,,0.0,,2024,-0.11921889753042614,-1.0,-1.0,B
head to head,away,0.12330168457907731,4.4,,1.0,,2024,-0.4574725878520598,3.4000000000000004,,B
head to head,away,0.2548762336697985,3.25,,0.0,,2024,-0.17165224057315487,-1.0,-1.0,B
head to head,away,0.09752377912659882,4.7,,1.0,,2024,-0.5416382381049856,3.7,,B
head to head,away,0.8026498965347066,1.45,,1.0,,2024,0.16384234997532454,0.44999999999999996,,B
head to head,away,0.42615072859674163,1.7,,1.0,,2024,-0.27554376138553927,0.7,,B
head to head,away,0.6563834634541477,1.1,,1.0,,2024,-0.27797819020043746,0.10000000000000009,,B
head to head,away,0.4411837908077598,2.4,,1.0,,2024,0.05884109793862358,1.4,,B
head to head,away,0.44891101925481536,2.1,,1.0,,2024,-0.05728685956488766,1.1,,B
head to head,away,0.05688774704531563,7.5,,0.0,,2024,-0.5733418971601327,-1.0,-1.0,B
head to head,away,0.5455822837990705,1.95,,1.0,,2024,0.06388545340818741,0.95,,B
head to head,away,0.3448983163972523,2.05,,0.0,,2024,-0.2929584513856328,-1.0,-1.0,B
head to head,away,0.30852910251001653,2.75,,0.0,,2024,-0.15154496809745455,-1.0,-1.0,B
head to head,away,0.2475616489105148,3.5,,0.0,,2024,-0.1335342288131982,-1.0,-1.0,B
head to head,away,0.30987950418165333,2.75,,0.0,,2024,-0.14783136350045334,-1.0,-1.0,B
head to head,away,0.44251350320152727,2.0,,1.0,,2024,-0.11497299359694546,1.0,,B
head to head,away,0.43290972613621226,2.25,,0.0,,2024,-0.025953116193522474,-1.0,-1.0,B
head to head,away,0.2875423680545218,2.25,,0.0,,2024,-0.3530296718773259,-1.0,-1.0,B
head to head,away,0.2460975269776393,3.5,,0.0,,2024,-0.1386586555782624,-1.0,-1.0,B
head to head,away,0.26278139737991735,4.0,,0.0,,2024,0.05112558951966939,-1.0,-1.0,B
head to head,away,0.40706426232425985,1.8,,1.0,,2024,-0.26728432781633227,0.8,,B
head to head,away,0.49081606254270893,1.5,,0.0,,2025,-0.2637759061859366,-1.0,-1.0,B
head to head,away,0.4114743689656368,2.4,,0.0,,2025,-0.01246151448247168,-1.0,-1.0,B
head to head,away,0.3399050779478464,1.8,,1.0,,2025,-0.38817085969387644,0.8,,B
head to head,away,0.448904955038683,2.15,,1.0,,2025,-0.034854346666831626,1.15,,B
head to head,away,0.4582214038015173,2.45,,0.0,,2025,0.12264243931371754,-1.0,-1.0,B
head to head,away,0.4793288940328859,1.3,,1.0,,2025,-0.3768724377572483,0.30000000000000004,,B
head to head,away,0.40843445303342873,2.35,,0.0,,2025,-0.040179035371442406,-1.0,-1.0,B
head to head,away,0.21168483330895516,4.0,,0.0,,2025,-0.15326066676417938,-1.0,-1.0,B
head to head,away,0.3729228115583705,2.3,,0.0,,2025,-0.142277533415748,-1.0,-1.0,B
head to head,away,0.6154155332009581,1.45,,0.0,,2025,-0.10764747685861076,-1.0,-1.0,B
head to head,away,0.1811396120673171,6.0,,1.0,,2025,0.08683767240390261,5.0,,B
head to head,away,0.5198213059808781,2.7,,1.0,,2025,0.4035175261483708,1.7000000000000002,,B
head to head,away,0.5790644104054146,1.48,,1.0,,2025,-0.14298467259998648,0.48,,B
head to head,away,0.4945048012267256,1.27,,0.0,,2025,-0.37197890244205856,-1.0,-1.0,B
head to head,away,0.5128209740893164,1.65,,1.0,,2025,-0.15384539275262799,0.6499999999999999,,B
head to head,away,0.3290894549453247,2.9,,0.0,,2025,-0.04564058065855836,-1.0,-1.0,B
head to head,away,0.34055494199809533,2.85,,0.0,,2025,-0.029418415305428325,-1.0,-1.0,B
head to head,away,0.4066937489346336,2.1,,0.0,,2025,-0.14594312723726932,-1.0,-1.0,B
head to head,away,0.31727333110548117,4.25,,0.0,,2025,0.3484116571982949,-1.0,-1.0,B
head to head,away,0.28790557804287054,4.8,,0.0,,2025,0.3819467746057785,-1.0,-1.0,B
head to head,away,0.5058128038093048,1.8,,1.0,,2025,-0.08953695314325127,0.8,,B
head to head,away,0.6111315543651024,1.9,,0.0,,2025,0.16114995329369441,-1.0,-1.0,B
head to head,away,0.6468484544786871,1.5,,1.0,,2025,-0.029727318281969284,0.5,,B
head to head,away,0.43242102954420525,2.55,,0.0,,2025,0.1026736253377234,-1.0,-1.0,B
head to head,away,0.559871841142821,1.35,,0.0,,2025,-0.24417301445719164,-1.0,-1.0,B
head to head,away,0.39205947944692054,2.4,,1.0,,2025,-0.05905724932739076,1.4,,B
head to head,away,0.5723071436081184,1.2,,1.0,,2025,-0.3132314276702579,0.19999999999999996,,B
head to head,away,0.6849457298475554,1.42,,0.0,,2025,-0.02737706361647141,-1.0,-1.0,B
head to head,away,0.4549703647425489,1.89,,0.0,,2025,-0.14010601063658257,-1.0,-1.0,B
head to head,away,0.3493499546429807,3.75,,1.0,,2025,0.31006232991117755,2.75,,B
head to head,away,0.18485235266653632,5.0,,0.0,,2025,-0.07573823666731838,-1.0,-1.0,B
head to head,away,0.4304354060583859,2.2,,1.0,,2025,-0.05304210667155085,1.2000000000000002,,B
head to head,away,0.5893268763008428,1.5,,0.0,,2025,-0.11600968554873581,-1.0,-1.0,B
head to head,away,0.33554926651981554,4.25,,1.0,,2025,0.426084382709216,3.25,,B
head to head,away,0.396332360398562,2.0,,0.0,,2025,-0.20733527920287598,-1.0,-1.0,B
head to head,away,0.570511486510977,1.55,,0.0,,2025,-0.1157071959079855,-1.0,-1.0,B
head to head,away,0.3233612276180836,2.65,,1.0,,2025,-0.1430927468120785,1.65,,B
head to head,away,0.3252645000334795,4.25,,0.0,,2025,0.38237412514228786,-1.0,-1.0,B
head to head,away,0.4659607862114534,1.55,,1.0,,2025,-0.27776078137224713,0.55,,B
head to head,away,0.3288201612397176,2.7,,0.0,,2025,-0.11218556465276253,-1.0,-1.0,B
head to head,away,0.5318280295742289,1.4,,0.0,,2025,-0.2554407585960795,-1.0,-1.0,B
head to head,away,0.3791184189659287,2.15,,0.0,,2025,-0.18489539922325338,-1.0,-1.0,B
head to head,away,0.3480926114790597,3.45,,1.0,,2025,0.20091950960275584,2.45,,B
head to head,away,0.3906711074605429,2.55,,0.0,,2025,-0.0037886759756157184,-1.0,-1.0,B
head to head,away,0.4611383026030508,1.85,,1.0,,2025,-0.14689414018435598,0.8500000000000001,,B
head to head,away,0.5327494046317863,1.5,,1.0,,2025,-0.20087589305232045,0.5,,B
head to head,away,0.24951620306823963,4.75,,0.0,,2025,0.1852019645741383,-1.0,-1.0,B
head to head,away,0.37158175602723853,2.65,,1.0,,2025,-0.015308346527817873,1.65,,B
head to head,away,0.38982600372877796,2.35,,1.0,,2025,-0.08390889123737177,1.35,,B
head to head,away,0.2784186850388579,3.3,,0.0,,2025,-0.08121833937176892,-1.0,-1.0,B
head to head,away,0.6155770231096681,1.25,,0.0,,2025,-0.2305287211129149,-1.0,-1.0,B
head to head,away,0.5014524073670772,1.38,,0.0,,2025,-0.3079956778334335,-1.0,-1.0,B
head to head,away,0.45651550421784814,1.66,,1.0,,2025,-0.24218426299837215,0.6599999999999999,,B
head to head,away,0.5561675551036862,1.85,,1.0,,2025,0.028909976941819515,0.8500000000000001,,B
head to head,away,0.5815621248045464,1.38,,1.0,,2025,-0.197444267769726,0.3799999999999999,,B
head to head,away,0.29435602391251237,2.7,,1.0,,2025,-0.2052387354362165,1.7000000000000002,,B
head to head,away,0.6405369292580606,1.57,,0.0,,2025,0.005642978935155085,-1.0,-1.0,B
head to head,away,0.4849565215471511,1.9,,0.0,,2025,-0.07858260906041303,-1.0,-1.0,B
head to head,away,0.44842336632436475,2.75,,0.0,,2025,0.23316425739200297,-1.0,-1.0,B
head to head,away,0.24485205607649085,4.95,,0.0,,2025,0.21201767757862977,-1.0,-1.0,B
head to head,away,0.28003243623485663,2.745,,0.0,,2025,-0.23131096253531858,-1.0,-1.0,B
head to head,away,0.3554393896581858,3.1,,1.0,,2025,0.10186210794037587,2.1,,B
head to head,away,0.40320277907713054,2.4,,0.0,,2025,-0.032313330214886804,-1.0,-1.0,B
head to head,away,0.6348956600608024,1.45,,0.0,,2025,-0.07940129291183651,-1.0,-1.0,B
head to head,away,0.23091101219382515,2.65,,0.0,,2025,-0.3880858176863634,-1.0,-1.0,B
head to head,away,0.43331097868330537,1.95,,0.0,,2025,-0.15504359156755454,-1.0,-1.0,B
head to head,away,0.43898517313750385,2.15,,1.0,,2025,-0.05618187775436678,1.15,,B
head to head,away,0.5241445309356835,1.85,,0.0,,2025,-0.030332617768985548,-1.0,-1.0,B
head to head,away,0.4913631562761852,1.9,,0.0,,2025,-0.06641000307524814,-1.0,-1.0,B
head to head,away,0.7645394888992652,1.24,,1.0,,2025,-0.05197103376491119,0.24,,B
head to head,away,0.49023207542573044,1.67,,0.0,,2025,-0.1813124340390302,-1.0,-1.0,B
head to head,away,0.36898944097249453,2.6,,1.0,,2025,-0.0406274534715142,1.6,,B
head to head,away,0.5474403083207403,2.0,,1.0,,2025,0.09488061664148062,1.0,,B
head to head,away,0.21220296980118036,2.5,,1.0,,2025,-0.46949257549704915,1.5,,B
head to head,away,0.5168424244433076,1.32,,0.0,,2025,-0.31776799973483394,-1.0,-1.0,B
head to head,away,0.4942532978743036,1.9,,1.0,,2025,-0.0609187340388232,0.8999999999999999,,B
head to head,away,0.5153848059051374,1.8,,1.0,,2025,-0.07230734937075278,0.8,,B
head to head,away,0.22676847852880844,4.25,,0.0,,2025,-0.03623396625256414,-1.0,-1.0,B
head to head,away,0.48926470371872666,2.2,,1.0,,2025,0.07638234818119871,1.2000000000000002,,B
head to head,away,0.29770418497381246,2.2,,1.0,,2025,-0.34505079305761255,1.2000000000000002,,B
head to head,away,0.3133741745618954,3.1,,0.0,,2025,-0.028540058858124162,-1.0,-1.0,B
head to head,away,0.46887949476863056,1.85,,1.0,,2025,-0.13257293467803344,0.8500000000000001,,B
head to head,away,0.467139135482021,2.1,,1.0,,2025,-0.019007815487755875,1.1,,B
head to head,away,0.49036165008410537,1.6,,0.0,,2025,-0.21542135986543132,-1.0,-1.0,B
head to head,away,0.3510833402894542,3.55,,1.0,,2025,0.24634585802756237,2.55,,B
head to head,away,0.23097032351679148,3.2,,0.0,,2025,-0.2608949647462673,-1.0,-1.0,B
head to head,away,0.5476733490107767,1.9,,1.0,,2025,0.04057936312047561,0.8999999999999999,,B
head to head,away,0.3196866319761156,4.25,,1.0,,2025,0.35866818589849125,3.25,,B
head to head,away,0.6192495726802927,1.47,,0.0,,2025,-0.08970312815996972,-1.0,-1.0,B
head to head,away,0.3511892287170495,3.2,,1.0,,2025,0.12380553189455834,2.2,,B
head to head,away,0.6345194520953343,1.5,,0.0,,2025,-0.0482208218569985,-1.0,-1.0,B
head to head,away,0.4210666605967093,2.25,,1.0,,2025,-0.05260001365740408,1.25,,B
head to head,away,0.4781529265034785,2.55,,0.0,,2025,0.21928996258387023,-1.0,-1.0,B
head to head,away,0.786787532291178,1.28,,1.0,,2025,0.007088041332707906,0.28,,B
head to head,away,0.3321043313043469,2.9,,0.0,,2025,-0.03689743921739397,-1.0,-1.0,B
head to head,away,0.38970310956138676,2.2,,0.0,,2025,-0.142653158964949,-1.0,-1.0,B
head to head,away,0.4590677508416108,1.75,,1.0,,2025,-0.19663143602718114,0.75,,B
head to head,away,0.3312081071814268,2.3,,0.0,,2025,-0.23822135348271845,-1.0,-1.0,B
head to head,away,0.4171905632817443,1.9,,1.0,,2025,-0.2073379297646859,0.8999999999999999,,B
head to head,away,0.5946382539842738,1.53,,0.0,,2025,-0.09020347140406104,-1.0,-1.0,B
head to head,away,0.1980586586855304,4.1,,0.0,,2025,-0.18795949938932544,-1.0,-1.0,B
head to head,away,0.35738024158155923,2.3,,0.0,,2025,-0.17802544436241385,-1.0,-1.0,B
head to head,away,0.37930689064223744,2.7,,1.0,,2025,0.024128604734041215,1.7000000000000002,,B
head to head,away,0.2764436694834034,2.9,,0.0,,2025,-0.19831335849813025,-1.0,-1.0,B
head to head,away,0.316318047388771,2.9,,0.0,,2025,-0.08267766257256415,-1.0,-1.0,B
head to head,away,0.6462725397015456,1.3,,1.0,,2025,-0.15984569838799068,0.30000000000000004,,B
head to head,away,0.2766252032867206,2.9,,0.0,,2025,-0.19778691046851038,-1.0,-1.0,B
head to head,away,0.3136641789754475,3.4,,0.0,,2025,0.06645820851652151,-1.0,-1.0,B
head to head,away,0.7317608194477808,1.32,,0.0,,2025,-0.034075718328929305,-1.0,-1.0,B
head to head,away,0.4884263694409521,1.5,,1.0,,2025,-0.2673604458385719,0.5,,B
head to head,away,0.5692797563080667,1.65,,1.0,,2025,-0.06068840209169002,0.6499999999999999,,B
head to head,away,0.5758571344069965,1.43,,1.0,,2025,-0.17652429779799506,0.42999999999999994,,B
head to head,away,0.6398646643817856,1.35,,1.0,,2025,-0.13618270308458946,0.3500000000000001,,B
head to head,away,0.3652883331605703,3.75,,1.0,,2025,0.3698312493521385,2.75,,B
head to head,away,0.2708803345828026,3.2,,1.0,,2025,-0.13318292933503173,2.2,,B
head to head,away,0.7559041532810581,1.4,,1.0,,2025,0.058265814593481347,0.3999999999999999,,B
head to head,away,0.4460449743559489,2.55,,0.0,,2025,0.1374146846076696,-1.0,-1.0,B
head to head,away,0.24587315528842268,2.6,,0.0,,2025,-0.36072979625010104,-1.0,-1.0,B
head to head,away,0.3289623009163869,1.8,,0.0,,2025,-0.40786785835050354,-1.0,-1.0,B
head to head,away,0.45342506069256894,1.72,,0.0,,2025,-0.22010889560878144,-1.0,-1.0,B
head to head,away,0.313932589136226,2.45,,0.0,,2025,-0.23086515661624618,-1.0,-1.0,B
head to head,away,0.548786105680571,1.34,,1.0,,2025,-0.2646266183880349,0.3400000000000001,,B
head to head,away,0.4420235173257443,2.55,,0.0,,2025,0.12715996918064798,-1.0,-1.0,B
head to head,away,0.47567314172725705,2.25,,0.0,,2025,0.07026456888632837,-1.0,-1.0,B
head to head,away,0.2410784110519002,2.4,,0.0,,2025,-0.42141181347543955,-1.0,-1.0,B
head to head,away,0.23705325524017773,3.25,,0.0,,2025,-0.22957692046942235,-1.0,-1.0,B
head to head,away,0.5492976251786109,1.65,,1.0,,2025,-0.09365891845529206,0.6499999999999999,,B
head to head,away,0.34674440838902854,2.45,,1.0,,2025,-0.15047619944688007,1.4500000000000002,,B
head to head,away,0.25503100189499106,3.2,,0.0,,2025,-0.18390079393602854,-1.0,-1.0,B
head to head,away,0.6732765361008555,1.28,,1.0,,2025,-0.13820603379090501,0.28,,B
head to head,away,0.2375140812595249,4.5,,1.0,,2025,0.068813365667862,3.5,,B
head to head,away,0.2738709043170582,3.2,,0.0,,2025,-0.12361310618541377,-1.0,-1.0,B
head to head,away,0.48566055625485405,2.15,,0.0,,2025,0.04417019594793614,-1.0,-1.0,B
head to head,away,0.6252871148828526,1.24,,1.0,,2025,-0.22464397754526277,0.24,,B
head to head,away,0.61288952176983,1.5,,1.0,,2025,-0.08066571734525496,0.5,,B
head to head,away,0.6787383534847395,1.42,,1.0,,2025,-0.03619153805166986,0.41999999999999993,,B
head to head,away,0.2739293214525673,3.05,,0.0,,2025,-0.16451556956966973,-1.0,-1.0,B
head to head,away,0.6385448153547986,1.27,,1.0,,2025,-0.1890480844994058,0.27,,B
head to head,away,0.7365336082323998,1.27,,1.0,,2025,-0.06460231754485224,0.27,,B
head to head,away,0.3020269961401063,2.45,,0.0,,2025,-0.2600338594567395,-1.0,-1.0,B
head to head,away,0.45697223592859637,2.25,,0.0,,2025,0.02818753083934178,-1.0,-1.0,B
head to head,away,0.17048567982181273,4.2,,0.0,,2025,-0.2839601447483865,-1.0,-1.0,B
head to head,away,0.19942639965224274,3.3,,0.0,,2025,-0.34189288114759897,-1.0,-1.0,B
head to head,away,0.22492917394911904,3.3,,0.0,,2025,-0.2577337259679072,-1.0,-1.0,B
head to head,away,0.2269294144480749,3.25,,1.0,,2025,-0.2624794030437565,2.25,,B
head to head,away,0.28337822794091194,2.45,,0.0,,2025,-0.30572334154476566,-1.0,-1.0,B
head to head,away,0.6031880962065246,1.48,,1.0,,2025,-0.10728161761434363,0.48,,B
head to head,away,0.6653469723389648,1.5,,1.0,,2025,-0.001979541491552883,0.5,,B
head to head,away,0.5088028689856214,2.45,,0.0,,2025,0.24656702901477257,-1.0,-1.0,B
head to head,away,0.22608047985921764,4.5,,1.0,,2025,0.017362159366479446,3.5,,B
head to head,away,0.16298106519655242,3.4,,1.0,,2025,-0.44586437833172177,2.4,,B
head to head,away,0.15181503406525587,4.0,,0.0,,2025,-0.3927398637389765,-1.0,-1.0,B
head to head,away,0.686186812795587,1.23,,1.0,,2025,-0.15599022026142795,0.22999999999999998,,B
head to head,away,0.23861557683953882,4.5,,0.0,,2025,0.07377009577792482,-1.0,-1.0,B
head to head,away,0.4134402904972052,2.35,,0.0,,2025,-0.02841531733156777,-1.0,-1.0,B
head to head,away,0.7652722001022403,1.35,,1.0,,2025,0.03311747013802435,0.3500000000000001,,B
head to head,away,0.4975046656539285,2.1,,1.0,,2025,0.04475979787324991,1.1,,B
head to head,away,0.3216649957897775,4.75,,0.0,,2025,0.5279087300014429,-1.0,-1.0,B
head to head,away,0.8210856778854507,1.24,,1.0,,2025,0.018146240577958883,0.24,,B
head to head,away,0.7186477154361478,1.45,,0.0,,2025,0.04203918738241419,-1.0,-1.0,B
head to head,away,0.45828119424829405,2.1,,1.0,,2025,-0.03760949207858244,1.1,,B
head to head,away,0.7826556044049782,1.24,,0.0,,2025,-0.029507050537827095,-1.0,-1.0,B
head to head,away,0.2183761132894282,3.0,,0.0,,2025,-0.34487166013171544,-1.0,-1.0,B
head to head,away,0.2564485431663719,2.65,,0.0,,2025,-0.32041136060911457,-1.0,-1.0,B
head to head,away,0.7771480951426456,1.25,,1.0,,2025,-0.02856488107169297,0.25,,B
head to head,away,0.2767305414935757,2.85,,0.0,,2025,-0.21131795674330933,-1.0,-1.0,B
head to head,away,0.620095626209374,1.5,,0.0,,2025,-0.06985656068593904,-1.0,-1.0,B
head to head,away,0.4468239470110771,1.85,,1.0,,2025,-0.17337569802950736,0.8500000000000001,,B
head to head,away,0.3538692306399367,3.5,,0.0,,2025,0.23854230723977832,-1.0,-1.0,B
head to head,away,0.43703163552918556,2.6,,1.0,,2025,0.13628225237588243,1.6,,B
head to head,away,0.4150929925052591,2.3,,0.0,,2025,-0.0452861172379041,-1.0,-1.0,B
head to head,away,0.3952415815239295,1.98,,1.0,,2025,-0.21742166858261958,0.98,,B
head to head,away,0.3558572136966167,2.45,,0.0,,2025,-0.12814982644328898,-1.0,-1.0,B
head to head,away,0.4279695730058891,1.65,,0.0,,2025,-0.293850204540283,-1.0,-1.0,B
head to head,away,0.1985245009985397,3.45,,0.0,,2025,-0.315090471555038,-1.0,-1.0,B
head to head,away,0.3633275887416775,2.2,,0.0,,2025,-0.20067930476830953,-1.0,-1.0,B
head to head,away,0.5441900572112683,1.63,,0.0,,2025,-0.11297020674563263,-1.0,-1.0,B
head to head,away,0.6017401992387355,1.51,,0.0,,2025,-0.0913722991495095,-1.0,-1.0,B
head to head,away,0.33651066378924965,2.7,,0.0,,2025,-0.09142120776902585,-1.0,-1.0,B
head to head,away,0.531264223410149,1.62,,0.0,,2025,-0.13935195807555856,-1.0,-1.0,B
head to head,away,0.36664451300403944,2.1,,1.0,,2025,-0.23004652269151715,1.1,,B
head to head,away,0.28874637874932274,2.85,,0.0,,2025,-0.1770728205644302,-1.0,-1.0,B
head to head,away,0.43143831524762244,2.05,,0.0,,2025,-0.11555145374237408,-1.0,-1.0,B
head to head,away,0.7295722185396691,1.62,,1.0,,2025,0.18190699403426414,0.6200000000000001,,B
head to head,away,0.7225271934788811,1.32,,0.0,,2025,-0.046264104607877,-1.0,-1.0,B
head to head,away,0.6680384202401177,1.36,,1.0,,2025,-0.09146774847343986,0.3600000000000001,,B
head to head,away,0.49261712346963205,2.1,,1.0,,2025,0.034495959286227285,1.1,,B
head to head,away,0.1890819150401316,1.56,,0.0,,2025,-0.7050322125373947,-1.0,-1.0,B
head to head,away,0.3024187926079338,2.4,,1.0,,2025,-0.27419489774095884,1.4,,B
head to head,away,0.4069241736525374,2.6,,1.0,,2025,0.05800285149659734,1.6,,B
head to head,away,0.19048142680235425,3.75,,0.0,,2025,-0.2856946494911716,-1.0,-1.0,B
head to head,away,0.5599624369800928,1.85,,1.0,,2025,0.0359305084131718,0.8500000000000001,,B
head to head,away,0.6030720962161353,1.5,,1.0,,2025,-0.095391855675797,0.5,,B
head to head,away,0.10869889222312512,6.0,,0.0,,2025,-0.3478066466612493,-1.0,-1.0,B
head to head,away,0.2394117404435563,2.2,,0.0,,2025,-0.47329417102417615,-1.0,-1.0,B
head to head,away,0.5887854528963632,1.9,,0.0,,2025,0.11869236050309007,-1.0,-1.0,B
head to head,away,0.4083325066908856,2.55,,0.0,,2025,0.04124789206175827,-1.0,-1.0,B
head to head,away,0.17345898056255282,2.9,,0.0,,2025,-0.49696895636859684,-1.0,-1.0,B
head to head,away,0.799258770240368,1.35,,1.0,,2025,0.0789993398244968,0.3500000000000001,,B
head to head,away,0.5277766547696103,1.85,,0.0,,2025,-0.023613188676220864,-1.0,-1.0,B
head to head,away,0.38182209407163736,2.3,,1.0,,2025,-0.12180918363523419,1.2999999999999998,,B
head to head,away,0.4118044339054593,3.1,,0.0,,2025,0.2765937451069238,-1.0,-1.0,B
head to head,away,0.2055084159711159,3.9,,0.0,,2025,-0.19851717771264799,-1.0,-1.0,B
head to head,away,0.29669207295770783,2.6,,0.0,,2025,-0.2286006103099596,-1.0,-1.0,B
head to head,away,0.6387255875727952,1.35,,1.0,,2025,-0.1377204567767264,0.3500000000000001,,B
head to head,away,0.5065506316683095,1.67,,0.0,,2025,-0.15406044511392314,-1.0,-1.0,B
head to head,away,0.37525819706209773,2.25,,1.0,,2025,-0.15566905661028008,1.25,,B
head to head,away,0.4725385338901702,2.5,,1.0,,2025,0.1813463347254256,1.5,,B
head to head,away,0.6457769016005463,1.43,,1.0,,2025,-0.07653903071121881,0.42999999999999994,,B
head to head,away,0.3630168952407302,2.7,,0.0,,2025,-0.019854382850028385,-1.0,-1.0,B
head to head,away,0.6569029942007591,1.72,,0.0,,2025,0.12987315002530564,-1.0,-1.0,B
head to head,away,0.3093636363355545,2.15,2.15,1.0,0.0028860028860028253,2025,-0.3348681818785578,1.15,1.15,B
line,home,0.6206061056498422,1.95,1.91,1.0,3.0,2023,0.21018190601719233,0.95,0.9099999999999999,B
line,home,0.4230776828885997,1.91,2.0,1.0,-2.0,2023,-0.1919216256827746,0.9099999999999999,1.0,B
line,home,0.5060923809764026,1.91,1.952,0.0,0.0,2023,-0.033363552335071045,-1.0,-1.0,B
line,home,0.4721167957675794,1.91,1.91,1.0,5.0,2023,-0.0982569200839234,0.9099999999999999,0.9099999999999999,B
line,home,0.4907917857554801,1.87,1.87,0.0,4.0,2023,-0.0822193606372521,-1.0,-1.0,B
line,home,0.541113604917173,1.91,1.952,0.0,-4.0,2023,0.033526985391800324,-1.0,-1.0,B
line,home,0.6399952962946928,1.91,1.91,0.0,6.0,2023,0.22239101592286303,-1.0,-1.0,B
line,home,0.4605357925713865,1.91,1.87,0.0,-2.0,2023,-0.1203766361886518,-1.0,-1.0,B
line,home,0.4682253023040468,1.91,1.87,0.0,2.0,2023,-0.10568967259927065,-1.0,-1.0,B
line,home,0.4427118855827602,1.952,1.87,1.0,3.0,2023,-0.1358263993424521,0.952,0.8700000000000001,B
line,home,0.2828150418644133,1.91,1.91,0.0,-2.0,2023,-0.4598232700389706,-1.0,-1.0,B
line,home,0.5851020493307765,1.91,1.87,0.0,-1.0,2023,0.11754491422178304,-1.0,-1.0,B
line,home,0.45189462563765836,1.91,1.91,0.0,0.0,2023,-0.13688126503207254,-1.0,-1.0,B
line,home,0.45117491349401556,1.91,2.0,1.0,-5.0,2023,-0.13825591522643033,0.9099999999999999,1.0,B
line,home,0.5327135985823162,1.91,1.91,1.0,2.0,2023,0.017482973292223702,0.9099999999999999,0.9099999999999999,B
line,home,0.44235716818398635,1.952,1.91,0.0,-5.0,2023,-0.1365188077048587,-1.0,-1.0,B
line,home,0.5617255760240336,1.91,1.91,1.0,0.0,2023,0.07289585020590406,0.9099999999999999,0.9099999999999999,B
line,home,0.4287342708835233,1.91,1.91,0.0,0.0,2023,-0.1811175426124706,-1.0,-1.0,B
line,home,0.3180815413568067,1.91,2.0,1.0,2.0,2023,-0.3924642560084992,0.9099999999999999,1.0,B
line,home,0.5088368247768391,1.952,2.0,0.0,6.0,2023,-0.006750518035610109,-1.0,-1.0,B
line,home,0.541389411282171,1.833,1.91,1.0,-1.0,2023,-0.007633209119780604,0.833,0.9099999999999999,B
line,home,0.6004479751050255,1.91,1.91,1.0,2.0,2023,0.14685563245059852,0.9099999999999999,0.9099999999999999,B
line,home,0.4825132865426091,1.91,2.0,1.0,2.0,2023,-0.07839962270361667,0.9099999999999999,1.0,B
line,home,0.3875713449749498,1.952,1.82,1.0,-3.0,2023,-0.24346073460889794,0.952,0.8200000000000001,B
line,home,0.4886834001094238,1.952,2.0,0.0,-2.0,2023,-0.046090002986404754,-1.0,-1.0,B
line,home,0.5383878818860461,2.02,1.87,1.0,0.0,2023,0.08754352140981325,1.02,0.8700000000000001,B
line,home,0.452939728993894,1.91,1.91,1.0,-1.0,2023,-0.13488511762166244,0.9099999999999999,0.9099999999999999,B
line,home,0.5157939399990252,1.91,1.952,0.0,-2.0,2023,-0.014833574601861854,-1.0,-1.0,B
line,home,0.464059688397508,1.91,1.87,1.0,-2.0,2023,-0.1136459951607598,0.9099999999999999,0.8700000000000001,B
line,home,0.5829379713973418,1.97,1.952,0.0,-3.0,2023,0.14838780365276327,-1.0,-1.0,B
line,home,0.46205469627462153,1.91,1.87,0.0,-2.0,2023,-0.11747553011547296,-1.0,-1.0,B
line,home,0.45710336176528565,1.91,1.952,1.0,1.0,2023,-0.12693257902830446,0.9099999999999999,0.952,B
line,home,0.5235580974646739,1.91,1.91,0.0,4.0,2023,-4.033842472939142e-06,-1.0,-1.0,B
line,home,0.46307936267694866,1.91,2.1,1.0,4.0,2023,-0.11551841728702805,0.9099999999999999,1.1,B
line,home,0.6042184531282372,1.91,2.0,1.0,5.0,2023,0.15405724547493294,0.9099999999999999,1.0,B
line,home,0.5294025534847001,1.91,2.0,0.0,-5.0,2023,0.011158877155777125,-1.0,-1.0,B
line,home,0.4495309404004092,2.0,1.82,0.0,3.0,2023,-0.10093811919918161,-1.0,-1.0,B
line,home,0.661054512179741,1.91,1.91,1.0,3.0,2023,0.2626141182633053,0.9099999999999999,0.9099999999999999,B
line,home,0.5046306718285603,1.91,1.91,0.0,7.0,2023,-0.036155416807449936,-1.0,-1.0,B
line,home,0.36162523744918035,1.91,1.87,0.0,-6.0,2023,-0.3092957964720655,-1.0,-1.0,B
line,home,0.42738482731704863,1.91,1.833,1.0,-3.0,2023,-0.18369497982443717,0.9099999999999999,0.833,B
line,home,0.43141651657822466,1.87,1.952,1.0,-2.0,2023,-0.19325111399871986,0.8700000000000001,0.952,B
line,home,0.5609017449133377,1.952,1.91,0.0,-4.0,2023,0.09488020607083514,-1.0,-1.0,B
line,home,0.6403548678875708,1.91,1.952,1.0,-1.0,2023,0.22307779766526026,0.9099999999999999,0.952,B
line,home,0.2551365822351388,1.952,2.0,1.0,-7.0,2023,-0.501973391477009,0.952,1.0,B
line,home,0.4551223865919513,1.87,1.97,1.0,3.0,2023,-0.148921137073051,0.8700000000000001,0.97,B
line,home,0.4461211701336014,1.91,1.91,1.0,-2.0,2023,-0.1479085650448213,0.9099999999999999,0.9099999999999999,B
line,home,0.5786567522684726,1.91,1.952,0.0,2.0,2023,0.10523439683278246,-1.0,-1.0,B
line,home,0.46847254876948285,1.91,1.91,1.0,1.0,2023,-0.10521743185028776,0.9099999999999999,0.9099999999999999,B
line,home,0.6618780929941032,1.952,2.0,1.0,6.0,2023,0.2919860375244894,0.952,1.0,B
line,home,0.5656013056764928,1.91,1.91,1.0,2.0,2023,0.08029849384210119,0.9099999999999999,0.9099999999999999,B
line,home,0.46557173920658634,1.91,1.91,0.0,-4.0,2023,-0.1107579781154201,-1.0,-1.0,B
line,home,0.4071759568464029,1.91,1.91,0.0,-7.0,2023,-0.22229392242337054,-1.0,-1.0,B
line,home,0.4825192435912809,1.91,1.87,0.0,-3.0,2023,-0.07838824474065353,-1.0,-1.0,B
line,home,0.5972198189033574,1.91,2.05,0.0,0.0,2023,0.14068985410541268,-1.0,-1.0,B
line,home,0.49939445075430916,1.91,1.91,1.0,-5.0,2023,-0.0461565990592695,0.9099999999999999,0.9099999999999999,B
line,home,0.39217889518081944,1.91,1.87,0.0,1.0,2023,-0.25093831020463486,-1.0,-1.0,B
line,home,0.4448437953250827,1.91,1.91,0.0,0.0,2023,-0.15034835092909205,-1.0,-1.0,B
line,home,0.4249017166903962,1.91,1.91,1.0,-2.0,2023,-0.18843772112134327,0.9099999999999999,0.9099999999999999,B
line,home,0.4957733316802856,1.91,2.0,1.0,-3.0,2023,-0.05307293649065459,0.9099999999999999,1.0,B
line,home,0.3935556397307689,1.91,1.82,0.0,-7.0,2023,-0.24830872811423144,-1.0,-1.0,B
line,home,0.3797630976380256,1.952,2.0,0.0,-2.0,2023,-0.258702433410574,-1.0,-1.0,B
line,home,0.48025118678915996,1.91,1.91,0.0,-4.0,2023,-0.0827202332327045,-1.0,-1.0,B
line,home,0.5303600376803121,1.91,1.75,0.0,-1.0,2023,0.012987671969396208,-1.0,-1.0,B
line,home,0.5005924229437897,1.91,1.87,0.0,-2.0,2023,-0.04386847217736167,-1.0,-1.0,B
line,home,0.5973185936281039,1.91,2.0,0.0,4.0,2023,0.14087851382967842,-1.0,-1.0,B
line,home,0.4301466268957736,1.91,2.0,1.0,-1.0,2023,-0.17841994262907246,0.9099999999999999,1.0,B
line,home,0.5349086554688794,1.91,1.91,0.0,-3.0,2023,0.021675531945559712,-1.0,-1.0,B
line,home,0.42896664726873035,1.91,1.87,0.0,-1.0,2023,-0.1806737037167251,-1.0,-1.0,B
line,home,0.5863913736586587,1.91,1.82,0.0,6.0,2023,0.12000752368803802,-1.0,-1.0,B
line,home,0.3347316530794744,2.05,1.91,0.0,-3.0,2023,-0.3138001111870775,-1.0,-1.0,B
line,home,0.5524135423640705,1.91,1.952,1.0,4.0,2023,0.05510986591537459,0.9099999999999999,0.952,B
line,home,0.4912289951566306,1.91,1.91,0.0,5.0,2023,-0.06175261925083564,-1.0,-1.0,B
line,home,0.4846269356334335,1.91,1.91,1.0,-1.0,2023,-0.07436255294014205,0.9099999999999999,0.9099999999999999,B
line,home,0.39900480068973443,1.91,1.87,1.0,0.0,2023,-0.23790083068260726,0.9099999999999999,0.8700000000000001,B
line,home,0.5359810192590985,1.91,1.82,0.0,0.0,2023,0.023723746784878097,-1.0,-1.0,B
line,home,0.683296890750132,1.91,2.0,1.0,2.0,2023,0.30509706133275216,0.9099999999999999,1.0,B
line,home,0.6360556421690636,1.91,1.91,1.0,1.0,2023,0.21486627654291146,0.9099999999999999,0.9099999999999999,B
line,home,0.5665796406441598,1.91,1.91,1.0,3.0,2023,0.08216711363034523,0.9099999999999999,0.9099999999999999,B
line,home,0.6060781646675149,1.952,1.91,1.0,6.0,2023,0.18306457743098892,0.952,0.9099999999999999,B
line,home,0.40814314884404845,1.91,1.87,1.0,0.0,2023,-0.22044658570786746,0.9099999999999999,0.8700000000000001,B
line,home,0.4112636212054776,1.952,1.91,0.0,-1.0,2023,-0.19721341140690773,-1.0,-1.0,B
line,home,0.2533691490003274,2.02,2.0,0.0,-9.0,2023,-0.48819431901933863,-1.0,-1.0,B
line,home,0.6490345165396418,1.91,1.952,1.0,1.0,2023,0.23965592659071588,0.9099999999999999,0.952,B
line,home,0.6298974287189486,1.87,1.87,0.0,2.0,2023,0.17790819170443406,-1.0,-1.0,B
line,home,0.5303105296551616,1.87,1.952,1.0,-1.0,2023,-0.00831930954484783,0.8700000000000001,0.952,B
line,home,0.4123823898072347,1.87,1.87,1.0,2.0,2023,-0.2288449310604711,0.8700000000000001,0.8700000000000001,B
line,home,0.6234105181189783,1.91,1.91,0.0,-1.0,2023,0.19071408960724856,-1.0,-1.0,B
line,home,0.4620309836190948,1.97,1.87,1.0,-3.0,2023,-0.08979896227038331,0.97,0.8700000000000001,B
line,home,0.5548395664188779,1.87,1.952,0.0,1.0,2023,0.03754998920330177,-1.0,-1.0,B
line,home,0.539580086083256,1.87,2.0,1.0,3.0,2023,0.009014760975688763,0.8700000000000001,1.0,B
line,home,0.3664318975001992,1.91,1.87,0.0,2.0,2023,-0.3001150757746195,-1.0,-1.0,B
line,home,0.26137312346655195,2.0,1.91,0.0,1.0,2023,-0.4772537530668961,-1.0,-1.0,B
line,home,0.7505447586233214,1.87,1.87,0.0,4.0,2023,0.40351869862561096,-1.0,-1.0,B
line,home,0.2776504449616818,1.952,1.91,1.0,4.0,2023,-0.4580263314347972,0.952,0.9099999999999999,B
line,home,0.5112318012737421,1.91,1.91,1.0,1.0,2023,-0.023547259567152534,0.9099999999999999,0.9099999999999999,B
line,home,0.3056968769722696,1.91,1.952,1.0,2.0,2023,-0.4161189649829651,0.9099999999999999,0.952,B
line,home,0.4549606719402394,1.91,1.952,0.0,-3.0,2023,-0.13102511659414273,-1.0,-1.0,B
line,home,0.5189877005571134,1.91,1.91,0.0,0.0,2023,-0.00873349193591344,-1.0,-1.0,B
line,home,0.46186087295109024,1.952,1.952,0.0,2.0,2023,-0.09844757599947185,-1.0,-1.0,B
line,home,0.4365157741524769,1.91,1.952,1.0,-3.0,2023,-0.16625487136876915,0.9099999999999999,0.952,B
line,home,0.7318777430565016,1.91,1.82,0.0,4.0,2023,0.3978864892379179,-1.0,-1.0,B
line,home,0.4012052721608867,1.91,1.91,1.0,-4.0,2023,-0.23369793017270646,0.9099999999999999,0.9099999999999999,B
line,home,0.405388799852154,1.91,1.91,0.0,0.0,2023,-0.2257073922823859,-1.0,-1.0,B
line,home,0.4223260985285454,1.91,1.91,1.0,4.0,2023,-0.1933571518104783,0.9099999999999999,0.9099999999999999,B
line,home,0.5044385989930632,1.91,1.91,1.0,6.0,2023,-0.0365222759232493,0.9099999999999999,0.9099999999999999,B
line,home,0.5024443708802793,1.91,1.87,0.0,1.0,2023,-0.040331251618666686,-1.0,-1.0,B
line,home,0.47601142513804073,1.91,1.91,0.0,4.0,2023,-0.09081817798634229,-1.0,-1.0,B
line,home,0.32385950724397455,1.952,1.85,1.0,-1.0,2023,-0.36782624185976165,0.952,0.8500000000000001,B
line,home,0.4877173289894982,1.91,1.91,0.0,2.0,2023,-0.06845990163005844,-1.0,-1.0,B
line,home,0.5785555733271343,1.952,1.952,1.0,7.0,2023,0.12934047913456603,0.952,0.952,B
line,home,0.4991772616173156,1.952,2.0,0.0,8.0,2023,-0.025605985322999958,-1.0,-1.0,B
line,home,0.3409491062906143,1.91,1.91,1.0,-9.0,2023,-0.3487872069849267,0.9099999999999999,0.9099999999999999,B
line,home,0.33995893495342755,1.952,1.87,0.0,-4.0,2023,-0.33640015897090947,-1.0,-1.0,B
line,home,0.6580180670239728,1.91,1.82,1.0,11.0,2023,0.256814508015788,0.9099999999999999,0.8200000000000001,B
line,home,0.3291407037255116,1.91,1.91,0.0,-8.0,2023,-0.3713412558842729,-1.0,-1.0,B
line,home,0.2876741844950117,1.87,1.91,0.0,-2.0,2023,-0.46204927499432813,-1.0,-1.0,B
line,home,0.5479938690089611,1.91,1.952,0.0,-6.0,2023,0.04666828980711557,-1.0,-1.0,B
line,home,0.5420217333154561,1.952,1.87,1.0,3.0,2023,0.058026423431770224,0.952,0.8700000000000001,B
line,home,0.5616943420605512,1.91,1.91,0.0,3.0,2023,0.07283619333565272,-1.0,-1.0,B
line,home,0.5153510878364232,1.91,1.91,0.0,-3.0,2023,-0.015679422232431683,-1.0,-1.0,B
line,home,0.450306075195401,1.91,1.82,0.0,-4.0,2023,-0.13991539637678407,-1.0,-1.0,B
line,home,0.6189956749883802,1.91,1.91,1.0,8.0,2023,0.182281739227806,0.9099999999999999,0.9099999999999999,B
line,home,0.6730860158943742,1.91,1.87,0.0,9.0,2023,0.2855942903582547,-1.0,-1.0,B
line,home,0.409215153613139,1.91,1.82,0.0,4.0,2023,-0.21839905659890457,-1.0,-1.0,B
line,home,0.4482628497280334,1.91,1.87,0.0,-2.0,2023,-0.14381795701945632,-1.0,-1.0,B
line,home,0.6969664945060623,1.91,1.91,1.0,9.0,2023,0.331206004506579,0.9099999999999999,0.9099999999999999,B
line,home,0.5237300104157018,1.91,1.91,0.0,-2.0,2023,0.00032431989399039907,-1.0,-1.0,B
line,home,0.4297977686332005,1.91,1.87,0.0,-1.0,2023,-0.17908626191058707,-1.0,-1.0,B
line,home,0.5442360718192125,1.952,1.91,1.0,6.0,2023,0.06234881219110289,0.952,0.9099999999999999,B
line,home,0.34529135506762443,1.91,1.952,0.0,-15.0,2023,-0.3404935118208374,-1.0,-1.0,B
line,home,0.6230610022467936,1.952,1.952,0.0,-4.0,2023,0.2162150763857411,-1.0,-1.0,B
line,home,0.6751283239721746,1.91,1.97,0.0,-7.0,2023,0.2894950987868534,-1.0,-1.0,B
line,home,0.6793268383787371,1.91,2.0,0.0,-1.0,2023,0.2975142613033879,-1.0,-1.0,B
line,home,0.5599670512242879,1.91,1.91,0.0,0.0,2023,0.06953706783838998,-1.0,-1.0,B
line,home,0.5777495573032465,1.87,1.91,1.0,4.0,2023,0.08039167215707099,0.8700000000000001,0.9099999999999999,B
line,home,0.48799351408674346,1.952,1.91,0.0,3.0,2023,-0.04743666050267681,-1.0,-1.0,B
line,home,0.2920821921291338,2.05,1.91,0.0,-6.0,2023,-0.4012315061352758,-1.0,-1.0,B
line,home,0.4308942440608724,1.91,1.87,0.0,-3.0,2023,-0.17699199384373376,-1.0,-1.0,B
line,home,0.48906868053071756,1.77,1.952,1.0,3.0,2023,-0.1343484354606299,0.77,0.952,B
line,home,0.4312851630728811,1.91,1.952,1.0,2.0,2023,-0.17624533853079705,0.9099999999999999,0.952,B
line,home,0.6385496399810147,1.91,1.87,0.0,2.0,2023,0.2196298123637379,-1.0,-1.0,B
line,home,0.5450430400404987,1.91,1.87,1.0,3.0,2023,0.041032206477352506,0.9099999999999999,0.8700000000000001,B
line,home,0.6585448011858656,1.91,1.91,0.0,1.0,2023,0.25782057026500316,-1.0,-1.0,B
line,home,0.49168024858482257,1.91,1.8,0.0,-4.0,2023,-0.06089072520298899,-1.0,-1.0,B
line,home,0.5472013265839294,1.833,1.87,0.0,-2.0,2023,0.0030200316283426343,-1.0,-1.0,B
line,home,0.5176739843257808,1.91,1.87,1.0,-1.0,2023,-0.011242689937758676,0.9099999999999999,0.8700000000000001,B
line,home,0.5514534385633084,1.91,1.952,1.0,6.0,2023,0.05327606765591897,0.9099999999999999,0.952,B
line,home,0.8006715827615871,1.91,1.91,1.0,8.0,2023,0.5292827230746313,0.9099999999999999,0.9099999999999999,B
line,home,0.47357202217815886,1.91,1.87,0.0,0.0,2023,-0.09547743763971661,-1.0,-1.0,B
line,home,0.5431646990672826,1.91,1.952,1.0,0.0,2023,0.037444575218509746,0.9099999999999999,0.952,B
line,home,0.4888270458950653,1.91,1.87,1.0,-6.0,2023,-0.0663403423404253,0.9099999999999999,0.8700000000000001,B
line,home,0.36591934006355764,1.91,1.952,1.0,-1.0,2023,-0.301094060478605,0.9099999999999999,0.952,B
line,home,0.3465060662976598,1.91,2.1,0.0,-3.0,2023,-0.3381734133714699,-1.0,-1.0,B
line,home,0.5804917412233305,1.91,1.91,1.0,-1.0,2023,0.10873922573656114,0.9099999999999999,0.9099999999999999,B
line,home,0.7520193652828875,1.91,1.87,1.0,4.0,2023,0.43635698769031506,0.9099999999999999,0.8700000000000001,B
line,home,0.5398940705952495,1.91,2.0,1.0,3.0,2023,0.03119767483692648,0.9099999999999999,1.0,B
line,home,0.31947574926212274,1.91,1.952,1.0,-5.0,2023,-0.38980131890934555,0.9099999999999999,0.952,B
line,home,0.4018531878765523,1.91,1.87,1.0,0.0,2023,-0.2324604111557852,0.9099999999999999,0.8700000000000001,B
line,home,0.3907929704361011,1.91,1.952,0.0,-3.0,2023,-0.25358542646704685,-1.0,-1.0,B
line,home,0.6737936490856646,1.952,1.87,1.0,3.0,2023,0.3152452030152173,0.952,0.8700000000000001,B
line,home,0.41321123807892013,2.02,1.8,0.0,-3.0,2023,-0.16531329908058134,-1.0,-1.0,B
line,home,0.44326026966912246,1.91,1.91,1.0,-5.0,2023,-0.1533728849319761,0.9099999999999999,0.9099999999999999,B
line,home,0.5649528053961673,1.952,1.952,0.0,6.0,2023,0.10278787613331852,-1.0,-1.0,B
line,home,0.5244760738944667,1.91,1.87,0.0,7.0,2023,0.0017493011384313029,-1.0,-1.0,B
line,home,0.41880075549470974,1.91,2.0,0.0,-2.0,2023,-0.20009055700510447,-1.0,-1.0,B
line,home,0.4288922902199146,1.952,1.87,1.0,-3.0,2023,-0.16280224949072675,0.952,0.8700000000000001,B
line,home,0.59157391338215,1.91,1.87,1.0,4.0,2023,0.1299061745599066,0.9099999999999999,0.8700000000000001,B
line,home,0.535096283291869,1.91,2.0,1.0,3.0,2023,0.02203390108746972,0.9099999999999999,1.0,B
line,home,0.4367453519682454,1.87,1.91,0.0,3.0,2023,-0.1832861918193811,-1.0,-1.0,B
line,home,0.3849171692380522,1.91,1.91,1.0,2.0,2023,-0.26480820675532035,0.9099999999999999,0.9099999999999999,B
line,home,0.413146978442083,1.952,1.833,1.0,0.0,2023,-0.19353709808105402,0.952,0.833,B
line,home,0.4778975334787235,1.91,2.0,1.0,2.0,2023,-0.08721571105563819,0.9099999999999999,1.0,B
line,home,0.528743147656122,1.87,1.91,1.0,-3.0,2023,-0.011250313883051866,0.8700000000000001,0.9099999999999999,B
line,home,0.35372889171338434,1.91,1.952,0.0,1.0,2023,-0.32437781682743594,-1.0,-1.0,B
line,home,0.6309607188038411,1.91,2.0,0.0,6.0,2023,0.20513497291533644,-1.0,-1.0,B
line,home,0.44389557480042646,1.91,1.952,0.0,-7.0,2023,-0.15215945213118554,-1.0,-1.0,B
line,home,0.44284623366358866,1.91,1.952,1.0,10.0,2023,-0.15416369370254568,0.9099999999999999,0.952,B
line,home,0.39776732610291077,1.91,1.87,0.0,-4.0,2023,-0.24026440714344044,-1.0,-1.0,B
line,home,0.3724574123178449,1.952,1.87,1.0,-5.0,2023,-0.2729631311555668,0.952,0.8700000000000001,B
line,home,0.5272621720659362,1.91,1.82,1.0,-3.0,2023,0.007070748645938041,0.9099999999999999,0.8200000000000001,B
line,home,0.534612297722122,1.91,1.87,1.0,-3.0,2023,0.021109488649253105,0.9099999999999999,0.8700000000000001,B
line,home,0.5585842128906156,1.91,2.0,0.0,2.0,2023,0.06689584662107562,-1.0,-1.0,B
line,home,0.5363603431717793,1.952,1.91,0.0,0.0,2023,0.04697538987131322,-1.0,-1.0,B
line,home,0.6678732757575397,1.91,1.91,0.0,1.0,2023,0.27563795669690094,-1.0,-1.0,B
line,home,0.5834799025878664,1.91,1.87,1.0,5.0,2023,0.11444661394282485,0.9099999999999999,0.8700000000000001,B
line,home,0.5409788570637863,1.87,1.82,1.0,2.0,2023,0.011630462709280476,0.8700000000000001,0.8200000000000001,B
line,home,0.4942127112862784,1.91,1.91,0.0,1.0,2023,-0.056053721443208304,-1.0,-1.0,B
line,home,0.5055160557532821,1.87,1.91,0.0,3.0,2023,-0.05468497574136244,-1.0,-1.0,B
line,home,0.4222193621689799,1.952,1.87,1.0,6.0,2023,-0.17582780504615125,0.952,0.8700000000000001,B
line,home,0.46261555664040366,1.91,1.91,0.0,1.0,2023,-0.11640428681682902,-1.0,-1.0,B
line,home,0.5813600558175526,1.952,2.0,1.0,6.0,2023,0.1348148289558626,0.952,1.0,B
line,home,0.5518793107596558,1.8,1.91,0.0,5.0,2023,-0.006617240632619592,-1.0,-1.0,B
line,home,0.3666066752241053,1.97,1.952,1.0,5.0,2023,-0.2777848498085126,0.97,0.952,B
line,home,0.759401440566703,1.91,2.0,1.0,9.0,2023,0.4504567514824027,0.9099999999999999,1.0,B
line,home,0.42889993794533504,1.91,1.97,0.0,8.0,2023,-0.18080111852441005,-1.0,-1.0,B
line,home,0.5232027473063307,1.91,1.91,0.0,5.0,2023,-0.0006827526449084687,-1.0,-1.0,B
line,home,0.5993852770599606,1.91,1.82,1.0,5.0,2023,0.14482587918452472,0.9099999999999999,0.8200000000000001,B
line,home,0.48485144864727087,2.0,2.0,1.0,0.0,2023,-0.030297102705458268,1.0,1.0,B
line,home,0.6508379480987848,1.909,2.0,1.0,6.0,2023,0.24244964292058024,0.909,1.0,B
line,home,0.5520303881207369,1.91,1.91,0.0,-3.0,2023,0.05437804131060742,-1.0,-1.0,B
line,home,0.6291746122627075,1.87,1.87,0.0,3.0,2023,0.17655652493126328,-1.0,-1.0,B
line,home,0.5079096139094595,1.91,1.87,0.0,1.0,2023,-0.029892637432932356,-1.0,-1.0,B
line,home,0.3434061823417911,1.91,1.87,1.0,1.0,2023,-0.34409419172717903,0.9099999999999999,0.8700000000000001,B
line,home,0.5752891475550994,2.0,1.91,1.0,1.0,2023,0.15057829511019882,1.0,0.9099999999999999,B
line,home,0.531059219795519,1.952,1.91,1.0,0.0,2023,0.036627597040852944,0.952,0.9099999999999999,B
line,home,0.6272363346314287,2.0,1.82,0.0,1.0,2023,0.2544726692628574,-1.0,-1.0,B
line,home,0.5546844274247366,1.952,1.82,1.0,3.0,2024,0.08274400233308565,0.952,0.8200000000000001,B
line,home,0.5000306708465725,1.91,1.85,1.0,-1.0,2024,-0.044941418683046575,0.9099999999999999,0.8500000000000001,B
line,home,0.4699909357954896,1.91,1.952,0.0,2.0,2024,-0.10231731263061483,-1.0,-1.0,B
line,home,0.4661875223212421,1.952,1.87,0.0,0.0,2024,-0.09000195642893538,-1.0,-1.0,B
line,home,0.5231123881152046,1.91,2.0,1.0,-2.0,2024,-0.0008553386999593515,0.9099999999999999,1.0,B
line,home,0.4793100310908904,1.87,1.952,1.0,3.0,2024,-0.10369024186003495,0.8700000000000001,0.952,B
line,home,0.4272985623170804,1.91,1.87,0.0,-2.0,2024,-0.1838597459743765,-1.0,-1.0,B
line,home,0.6568896499439505,1.952,1.91,0.0,1.0,2024,0.28224859669059144,-1.0,-1.0,B
line,home,0.5473122112772923,1.91,1.87,1.0,1.0,2024,0.04536632353962844,0.9099999999999999,0.8700000000000001,B
line,home,0.5912853459801716,1.91,1.87,1.0,3.0,2024,0.12935501082212775,0.9099999999999999,0.8700000000000001,B
line,home,0.4539200217574565,1.91,1.91,0.0,-2.0,2024,-0.1330127584432581,-1.0,-1.0,B
line,home,0.6805661747940661,1.91,1.87,1.0,5.0,2024,0.29988139385666623,0.9099999999999999,0.8700000000000001,B
line,home,0.554743940699429,1.91,1.91,0.0,2.0,2024,0.0595609267359094,-1.0,-1.0,B
line,home,0.48474153204926823,1.952,1.91,0.0,1.0,2024,-0.05378452943982848,-1.0,-1.0,B
line,home,0.4762817012249509,1.87,1.78,1.0,-1.0,2024,-0.10935321870934178,0.8700000000000001,0.78,B
line,home,0.3023219808735418,1.91,1.87,1.0,-8.0,2024,-0.4225650165315352,0.9099999999999999,0.8700000000000001,B
line,home,0.5946583838402215,1.91,1.87,1.0,6.0,2024,0.13579751313482302,0.9099999999999999,0.8700000000000001,B
line,home,0.25134064315527327,1.91,2.1,0.0,0.0,2024,-0.5199393715734281,-1.0,-1.0,B
line,home,0.5686730359125225,1.91,1.87,1.0,0.0,2024,0.08616549859291789,0.9099999999999999,0.8700000000000001,B
line,home,0.44720989337775374,1.91,1.91,1.0,0.0,2024,-0.14582910364849044,0.9099999999999999,0.9099999999999999,B
line,home,0.40352867076961274,1.91,1.87,0.0,-5.0,2024,-0.22926023883003965,-1.0,-1.0,B
line,home,0.3616610019329586,1.91,1.952,1.0,-6.0,2024,-0.3092274863080492,0.9099999999999999,0.952,B
line,home,0.4633177719021352,1.91,1.952,1.0,-1.0,2024,-0.11506305566692188,0.9099999999999999,0.952,B
line,home,0.5373147707925346,1.91,1.87,1.0,5.0,2024,0.02627121221374118,0.9099999999999999,0.8700000000000001,B
line,home,0.5971106442802002,1.952,1.833,0.0,8.0,2024,0.16555997763495078,-1.0,-1.0,B
line,home,0.28605911560078845,1.91,1.87,0.0,-2.0,2024,-0.45362708920249406,-1.0,-1.0,B
line,home,0.2792943823132774,1.91,1.91,1.0,-9.0,2024,-0.46654772978164016,0.9099999999999999,0.9099999999999999,B
line,home,0.4211414565903596,1.91,1.82,1.0,-4.0,2024,-0.19561981791241312,0.9099999999999999,0.8200000000000001,B
line,home,0.2359961891941646,1.91,1.87,0.0,-5.0,2024,-0.5492472786391456,-1.0,-1.0,B
line,home,0.4822864304467472,1.91,1.91,1.0,5.0,2024,-0.07883291784671287,0.9099999999999999,0.9099999999999999,B
line,home,0.3298034507788703,1.952,1.91,1.0,-5.0,2024,-0.35622366407964523,0.952,0.9099999999999999,B
line,home,0.407182747630145,1.91,1.87,0.0,-3.0,2024,-0.22228095202642306,-1.0,-1.0,B
line,home,0.3699987615383673,1.91,1.91,0.0,0.0,2024,-0.2933023654617185,-1.0,-1.0,B
line,home,0.5172108879526118,1.91,2.0,1.0,-3.0,2024,-0.012127204010511483,0.9099999999999999,1.0,B
line,home,0.5126839322780823,1.91,1.87,1.0,-3.0,2024,-0.020773689348862923,0.9099999999999999,0.8700000000000001,B
line,home,0.34126276403986805,1.91,1.91,0.0,-4.0,2024,-0.3481881206838521,-1.0,-1.0,B
line,home,0.26983185040920876,1.91,1.952,1.0,-4.0,2024,-0.4846211657184113,0.9099999999999999,0.952,B
line,home,0.5798888079551581,1.91,1.87,1.0,2.0,2024,0.10758762319435178,0.9099999999999999,0.8700000000000001,B
line,home,0.4322818548686317,1.91,1.952,0.0,2.0,2024,-0.17434165720091355,-1.0,-1.0,B
line,home,0.4643174167213923,1.87,1.87,1.0,0.0,2024,-0.13172643073099632,0.8700000000000001,0.8700000000000001,B
line,home,0.6493986297335014,1.91,1.952,1.0,8.0,2024,0.24035138279098756,0.9099999999999999,0.952,B
line,home,0.46787323466642355,1.91,2.0,0.0,7.0,2024,-0.106362121787131,-1.0,-1.0,B
line,home,0.4433796350117494,1.91,1.91,1.0,-1.0,2024,-0.15314489712755874,0.9099999999999999,0.9099999999999999,B
line,home,0.41999282636418706,1.952,1.91,1.0,-4.0,2024,-0.18017400293710684,0.952,0.9099999999999999,B
line,home,0.3243063674625631,1.952,1.87,0.0,-12.0,2024,-0.3669539707130769,-1.0,-1.0,B
line,home,0.5516705412556832,1.91,1.952,0.0,0.0,2024,0.05369073379835476,-1.0,-1.0,B
line,home,0.6612024307327082,1.91,1.91,0.0,1.0,2024,0.26289664269947277,-1.0,-1.0,B
line,home,0.4754240918387275,2.1,1.97,0.0,0.0,2024,-0.001609407138672192,-1.0,-1.0,B
line,home,0.4755813286862612,1.91,2.0,1.0,-1.0,2024,-0.09163966220924114,0.9099999999999999,1.0,B
line,home,0.528494245382738,1.91,1.82,0.0,5.0,2024,0.00942400868102955,-1.0,-1.0,B
line,home,0.46209286493715623,1.91,2.0,1.0,-1.0,2024,-0.11740262797003165,0.9099999999999999,1.0,B
line,home,0.5566566657659185,1.91,1.91,1.0,1.0,2024,0.06321423161290429,0.9099999999999999,0.9099999999999999,B
line,home,0.43556805639538904,1.91,2.0,1.0,0.0,2024,-0.16806501228480697,0.9099999999999999,1.0,B
line,home,0.5267483791946321,1.91,1.8,1.0,3.0,2024,0.006089404261747422,0.9099999999999999,0.8,B
line,home,0.5223225225163964,1.952,1.91,1.0,0.0,2024,0.019573563952005824,0.952,0.9099999999999999,B
line,home,0.5579589418791153,1.91,1.87,0.0,-1.0,2024,0.06570157898911022,-1.0,-1.0,B
line,home,0.6277810010089728,1.91,1.91,0.0,2.0,2024,0.19906171192713806,-1.0,-1.0,B
line,home,0.6261249181531429,1.91,1.91,1.0,3.0,2024,0.19589859367250284,0.9099999999999999,0.9099999999999999,B
line,home,0.5349228929922759,1.91,1.91,1.0,4.0,2024,0.021702725615246887,0.9099999999999999,0.9099999999999999,B
line,home,0.5073260771687528,1.91,1.82,0.0,-4.0,2024,-0.031007192607682255,-1.0,-1.0,B
line,home,0.46005940736349854,1.91,1.91,1.0,-3.0,2024,-0.12128653193571781,0.9099999999999999,0.9099999999999999,B
line,home,0.6086120140183218,1.91,1.91,0.0,5.0,2024,0.16244894677499455,-1.0,-1.0,B
line,home,0.39931032966016133,1.91,1.91,0.0,-6.0,2024,-0.2373172703490919,-1.0,-1.0,B
line,home,0.49828621992435174,1.85,,0.0,,2024,-0.07817049313994928,-1.0,-1.0,B
line,home,0.45303812555871104,1.95,,0.0,,2024,-0.11657565516051349,-1.0,-1.0,B
line,home,0.47311080055582116,1.85,,0.0,,2024,-0.12474501897173085,-1.0,-1.0,B
line,home,0.5106092376928646,1.85,,1.0,,2024,-0.05537291026820046,0.8500000000000001,,B
line,home,0.4867948563809201,1.95,,1.0,,2024,-0.0507500300572058,0.95,,B
line,home,0.30741855647266936,1.95,,0.0,,2024,-0.40053381487829476,-1.0,-1.0,B
line,home,0.5578623579543611,1.9,,1.0,,2024,0.05993848011328606,0.8999999999999999,,B
line,home,0.6703127966303102,1.9,,0.0,,2024,0.27359431359758934,-1.0,-1.0,B
line,home,0.6228082174195191,1.95,,1.0,,2024,0.2144760239680621,0.95,,B
line,home,0.503806547030391,1.9,,0.0,,2024,-0.042767560642257174,-1.0,-1.0,B
line,home,0.5644662739514129,1.9,,0.0,,2024,0.07248592050768443,-1.0,-1.0,B
line,home,0.3198827333950146,1.9,,0.0,,2024,-0.3922228065494723,-1.0,-1.0,B
line,home,0.37966230111854615,1.9,,1.0,,2024,-0.2786416278747623,0.8999999999999999,,B
line,home,0.30397117224218906,1.95,,0.0,,2024,-0.4072562141277314,-1.0,-1.0,B
line,home,0.49202526675470976,1.95,,1.0,,2024,-0.04055072982831598,0.95,,B
line,home,0.42559658436839115,1.9,,1.0,,2024,-0.19136648970005687,0.8999999999999999,,B
line,home,0.6020573469040402,1.95,,1.0,,2024,0.1740118264628785,0.95,,B
line,home,0.6717828591679934,1.95,,1.0,,2024,0.30997657537758716,0.95,,B
line,home,0.3950581983372814,1.9,,1.0,,2024,-0.24938942315916535,0.8999999999999999,,B
line,home,0.6648103151847391,1.8,,1.0,,2024,0.1966585673325305,0.8,,B
line,home,0.5887212654636513,1.9,,1.0,,2024,0.11857040438093747,0.8999999999999999,,B
line,home,0.4019629584585819,1.9,,1.0,,2024,-0.2362703789286945,0.8999999999999999,,B
line,home,0.5204666800725245,1.85,,1.0,,2024,-0.037136641865829656,0.8500000000000001,,B
line,home,0.4502839205744103,1.9,,0.0,,2024,-0.14446055090862042,-1.0,-1.0,B
line,home,0.5406502121501575,1.9,,1.0,,2024,0.02723540308529926,0.8999999999999999,,B
line,home,0.49642026767156433,1.95,,1.0,,2024,-0.03198047804044957,0.95,,B
line,home,0.4818396335274063,1.85,,1.0,,2024,-0.1085966779742984,0.8500000000000001,,B
line,home,0.6967101705445053,1.85,,0.0,,2024,0.28891381550733497,-1.0,-1.0,B
line,home,0.49837556668015615,1.9,,0.0,,2024,-0.05308642330770341,-1.0,-1.0,B
line,home,0.5976324137578981,1.9,,1.0,,2024,0.1355015861400064,0.8999999999999999,,B
line,home,0.5631464292627993,1.9,,0.0,,2024,0.06997821559931872,-1.0,-1.0,B
line,home,0.4979062295754397,1.95,,1.0,,2024,-0.02908285232789265,0.95,,B
line,home,0.40652532146688736,1.95,,1.0,,2024,-0.2072756231395697,0.95,,B
line,home,0.6248183868792295,1.85,,0.0,,2024,0.1559140157265746,-1.0,-1.0,B
line,home,0.6112232998114073,1.85,,0.0,,2024,0.13076310465110352,-1.0,-1.0,B
line,home,0.6084214134635672,1.85,,0.0,,2024,0.1255796149075994,-1.0,-1.0,B
line,home,0.3162739100703692,1.95,,0.0,,2024,-0.3832658753627801,-1.0,-1.0,B
line,home,0.46939056238279336,1.9,,1.0,,2024,-0.1081579314726927,0.8999999999999999,,B
line,home,0.5215140514235894,1.85,,0.0,,2024,-0.03519900486635952,-1.0,-1.0,B
line,home,0.391756410289397,1.85,,0.0,,2024,-0.2752506409646155,-1.0,-1.0,B
line,home,0.4606402261183597,1.9,,0.0,,2024,-0.12478357037511667,-1.0,-1.0,B
line,home,0.4113432130367879,1.9,,0.0,,2024,-0.218447895230103,-1.0,-1.0,B
line,home,0.52352858922183,1.9,,1.0,,2024,-0.005295680478523024,0.8999999999999999,,B
line,home,0.7528433215831825,1.9,,1.0,,2024,0.4304023110080466,0.8999999999999999,,B
line,home,0.52801232852412,1.9,,0.0,,2024,0.003223424195827773,-1.0,-1.0,B
line,home,0.46055017580036395,1.85,,0.0,,2024,-0.14798217476932662,-1.0,-1.0,B
line,home,0.5034313305900374,1.9,,1.0,,2024,-0.043480471878929006,0.8999999999999999,,B
line,home,0.7446580740321525,1.9,,1.0,,2024,0.4148503406610895,0.8999999999999999,,B
line,home,0.5766114349850604,1.9,,0.0,,2024,0.09556172647161465,-1.0,-1.0,B
line,home,0.4419841902125595,1.9,,0.0,,2024,-0.16023003859613694,-1.0,-1.0,B
line,home,0.45362660696647467,2.0,,1.0,,2024,-0.09274678606705067,1.0,,B
line,home,0.48134788406225076,1.9,,1.0,,2024,-0.08543902028172357,0.8999999999999999,,B
line,home,0.567702760317399,1.9,,0.0,,2024,0.07863524460305804,-1.0,-1.0,B
line,home,0.3800000581027611,1.9,,1.0,,2024,-0.27799988960475397,0.8999999999999999,,B
line,home,0.447435308046798,1.85,,1.0,,2024,-0.17224468011342364,0.8500000000000001,,B
line,home,0.3851133057512218,1.85,,1.0,,2024,-0.28754038436023954,0.8500000000000001,,B
line,home,0.6538277647650634,1.95,,1.0,,2024,0.27496414129187374,0.95,,B
line,home,0.49522364596999224,1.85,,1.0,,2024,-0.08383625495551428,0.8500000000000001,,B
line,home,0.5472709771271457,1.9,,1.0,,2024,0.03981485654157679,0.8999999999999999,,B
line,home,0.596861591525913,1.9,,1.0,,2024,0.13403702389923455,0.8999999999999999,,B
line,home,0.46695670043833676,1.9,,0.0,,2024,-0.11278226916716017,-1.0,-1.0,B
line,home,0.5247683837527777,1.85,,1.0,,2024,-0.029178490057361284,0.8500000000000001,,B
line,home,0.49864335809949634,1.9,,0.0,,2024,-0.05257761961095697,-1.0,-1.0,B
line,home,0.5152575440670402,1.9,,1.0,,2024,-0.021010666272623713,0.8999999999999999,,B
line,home,0.49670139331647933,1.85,,0.0,,2024,-0.08110242236451315,-1.0,-1.0,B
line,home,0.6307478354157522,1.9,,0.0,,2024,0.19842088728992913,-1.0,-1.0,B
line,home,0.35820795825678353,1.9,,0.0,,2024,-0.31940487931211137,-1.0,-1.0,B
line,home,0.4366051122244605,1.95,,0.0,,2024,-0.14862003116230205,-1.0,-1.0,B
line,home,0.40422799384651464,1.85,,1.0,,2024,-0.2521782113839479,0.8500000000000001,,B
line,home,0.4727135477343563,1.95,,0.0,,2024,-0.07820858191800517,-1.0,-1.0,B
line,home,0.5757616912865069,1.9,,1.0,,2024,0.09394721344436308,0.8999999999999999,,B
line,home,0.48478715681871587,1.8,,0.0,,2024,-0.1273831177263114,-1.0,-1.0,B
line,home,0.46052018746115986,1.9,,1.0,,2024,-0.12501164382379626,0.8999999999999999,,B
line,home,0.6372316047191717,1.9,,1.0,,2024,0.21074004896642617,0.8999999999999999,,B
line,home,0.40549008696520494,1.9,,1.0,,2024,-0.22956883476611067,0.8999999999999999,,B
line,home,0.5344358949345358,1.9,,0.0,,2024,0.015428200375617873,-1.0,-1.0,B
line,home,0.4253490518267361,1.85,,1.0,,2024,-0.21310425412053813,0.8500000000000001,,B
line,home,0.37068765645687834,1.9,,1.0,,2024,-0.29569345273193115,0.8999999999999999,,B
line,home,0.49425058977558256,1.85,,1.0,,2024,-0.08563640891517221,0.8500000000000001,,B
line,home,0.4805313302353765,1.95,,0.0,,2024,-0.06296390604101587,-1.0,-1.0,B
line,home,0.46202913320206684,1.95,,1.0,,2024,-0.09904319025596964,0.95,,B
line,home,0.399610153624989,1.95,,0.0,,2024,-0.22076020043127154,-1.0,-1.0,B
line,home,0.5726318791819698,1.9,,1.0,,2024,0.0880005704457425,0.8999999999999999,,B
line,home,0.4764752060772317,1.9,,1.0,,2024,-0.09469710845325985,0.8999999999999999,,B
line,home,0.5333235286527657,1.9,,0.0,,2024,0.013314704440254621,-1.0,-1.0,B
line,home,0.3602052753241193,1.9,,0.0,,2024,-0.31560997688417336,-1.0,-1.0,B
line,home,0.5022614446450276,1.9,,0.0,,2024,-0.04570325517444751,-1.0,-1.0,B
line,home,0.39345889637905945,1.9,,1.0,,2024,-0.25242809687978707,0.8999999999999999,,B
line,home,0.5319285303984741,1.9,,0.0,,2024,0.010664207757100641,-1.0,-1.0,B
line,home,0.4773415699993208,1.9,,0.0,,2024,-0.09305101700129048,-1.0,-1.0,B
line,home,0.6113354171405163,1.9,,0.0,,2024,0.1615372925669809,-1.0,-1.0,B
line,home,0.3917880487388579,1.9,,1.0,,2024,-0.25560270739616997,0.8999999999999999,,B
line,home,0.39578641903314155,1.9,,0.0,,2024,-0.24800580383703108,-1.0,-1.0,B
line,home,0.5866109700920142,1.9,,0.0,,2024,0.11456084317482707,-1.0,-1.0,B
line,home,0.4250975304303467,1.9,,1.0,,2024,-0.19231469218234132,0.8999999999999999,,B
line,home,0.5329905159032899,1.95,,1.0,,2024,0.03933150601141544,0.95,,B
line,home,0.5800238873113298,1.95,,0.0,,2024,0.13104658025709304,-1.0,-1.0,B
line,home,0.5821871243806793,1.85,,1.0,,2024,0.07704618010425679,0.8500000000000001,,B
line,home,0.7279936844896309,1.95,,0.0,,2024,0.41958768475478014,-1.0,-1.0,B
line,home,0.5547267640754714,1.95,,0.0,,2024,0.08171718994716914,-1.0,-1.0,B
line,home,0.5456215629435056,1.9,,1.0,,2024,0.03668096959266065,0.8999999999999999,,B
line,home,0.31310037889625525,1.9,,0.0,,2024,-0.4051092800971151,-1.0,-1.0,B
line,home,0.3287217556168875,1.9,,1.0,,2024,-0.3754286643279138,0.8999999999999999,,B
line,home,0.3563050070131777,1.95,,0.0,,2024,-0.3052052363243035,-1.0,-1.0,B
line,home,0.5852364789854302,1.95,,0.0,,2024,0.1412111340215889,-1.0,-1.0,B
line,home,0.3922677162396485,1.95,,0.0,,2024,-0.23507795333268544,-1.0,-1.0,B
line,home,0.3711556840500231,1.85,,0.0,,2024,-0.3133619845074572,-1.0,-1.0,B
line,home,0.5969544183136738,1.9,,1.0,,2024,0.13421339479598027,0.8999999999999999,,B
line,home,0.42079822040784065,1.9,,0.0,,2024,-0.20048338122510279,-1.0,-1.0,B
line,home,0.38197922802852413,1.9,,0.0,,2024,-0.27423946674580424,-1.0,-1.0,B
line,home,0.6354568591153114,1.95,,1.0,,2024,0.23914087527485717,0.95,,B
line,home,0.5740620771381849,1.9,,1.0,,2024,0.09071794656255139,0.8999999999999999,,B
line,home,0.5945055334790171,1.85,,1.0,,2024,0.09983523693618168,0.8500000000000001,,B
line,home,0.48341585283269156,1.95,,1.0,,2024,-0.05733908697625145,0.95,,B
line,home,0.46571037631342127,1.85,,1.0,,2024,-0.13843580382017062,0.8500000000000001,,B
line,home,0.5593123122704096,1.9,,0.0,,2024,0.0626933933137781,-1.0,-1.0,B
line,home,0.42906068947637704,1.9,,1.0,,2024,-0.18478468999488362,0.8999999999999999,,B
line,home,0.4760687938944522,1.9,,0.0,,2024,-0.09546929160054085,-1.0,-1.0,B
line,home,0.5843876255842693,1.9,,0.0,,2024,0.11033648861011147,-1.0,-1.0,B
line,home,0.39855627690335765,1.95,,1.0,,2024,-0.22281526003845264,0.95,,B
line,home,0.5585395002758925,1.9,,1.0,,2024,0.0612250505241958,0.8999999999999999,,B
line,home,0.5864571252591718,1.85,,0.0,,2024,0.08494568172946781,-1.0,-1.0,B
line,home,0.48170202699562725,1.9,,0.0,,2024,-0.08476614870830823,-1.0,-1.0,B
line,home,0.3650570507080779,1.9,,0.0,,2024,-0.306391603654652,-1.0,-1.0,B
line,home,0.5091471575342961,1.9,,0.0,,2024,-0.032620400684837514,-1.0,-1.0,B
line,home,0.4982636363756741,1.9,,0.0,,2024,-0.0532990908862192,-1.0,-1.0,B
line,home,0.6107247609977373,1.85,,1.0,,2024,0.12984080784581398,0.8500000000000001,,B
line,home,0.5151713143780612,1.9,,1.0,,2024,-0.02117450268168375,0.8999999999999999,,B
line,home,0.5911702233059114,1.9,,1.0,,2024,0.12322342428123156,0.8999999999999999,,B
line,home,0.6485129386127402,1.9,,0.0,,2024,0.23217458336420638,-1.0,-1.0,B
line,home,0.50467834790915,1.85,,1.0,,2024,-0.06634505636807242,0.8500000000000001,,B
line,home,0.6681620490485001,1.9,,0.0,,2024,0.2695078931921502,-1.0,-1.0,B
line,home,0.37579234129304045,1.95,,0.0,,2024,-0.2672049344785711,-1.0,-1.0,B
line,home,0.626103241456973,1.9,,0.0,,2024,0.18959615876824865,-1.0,-1.0,B
line,home,0.5667736370396209,1.9,,1.0,,2024,0.07686991037527968,0.8999999999999999,,B
line,home,0.48418848487903227,1.9,,0.0,,2024,-0.0800418787298387,-1.0,-1.0,B
line,home,0.4241043014260916,1.9,,0.0,,2024,-0.1942018272904259,-1.0,-1.0,B
line,home,0.7073618668237902,1.9,,0.0,,2024,0.3439875469652014,-1.0,-1.0,B
line,home,0.4062620490230587,1.95,,0.0,,2024,-0.20778900440503556,-1.0,-1.0,B
line,home,0.5610999029931983,1.9,,1.0,,2024,0.06608981568707684,0.8999999999999999,,B
line,home,0.5130370289926347,1.9,,1.0,,2024,-0.025229644913994154,0.8999999999999999,,B
line,home,0.5392907752398228,1.8,,1.0,,2024,-0.02927660456831893,0.8,,B
line,home,0.5491915114915881,1.9,,1.0,,2024,0.04346387183401723,0.8999999999999999,,B
line,home,0.5047015682730639,1.9,,0.0,,2024,-0.0410670202811787,-1.0,-1.0,B
line,home,0.4431422109300408,1.9,,1.0,,2024,-0.15802979923292249,0.8999999999999999,,B
line,home,0.6107206004569496,1.9,,1.0,,2024,0.1603691408682042,0.8999999999999999,,B
line,home,0.48481591060223816,2.0,,1.0,,2024,-0.03036817879552367,1.0,,B
line,home,0.4575511415737161,1.85,,1.0,,2024,-0.15353038808862518,0.8500000000000001,,B
line,home,0.6400300165257125,1.9,,0.0,,2024,0.21605703139885368,-1.0,-1.0,B
line,home,0.6088841919723672,1.8,,1.0,,2025,0.0959915455502609,0.8,,B
line,home,0.4229122805308902,2.0,,1.0,,2025,-0.1541754389382196,1.0,,B
line,home,0.661165810696875,1.9,,0.0,,2025,0.2562150403240624,-1.0,-1.0,B
line,home,0.5121420617741953,1.8,,0.0,,2025,-0.07814428880644841,-1.0,-1.0,B
line,home,0.39805666117620986,1.9,,0.0,,2025,-0.24369234376520132,-1.0,-1.0,B
line,home,0.6877992085937915,1.9,,1.0,,2025,0.3068184963282039,0.8999999999999999,,B
line,home,0.4642756723345275,2.0,,1.0,,2025,-0.07144865533094502,1.0,,B
line,home,0.545979854194094,1.9,,1.0,,2025,0.0373617229687786,0.8999999999999999,,B
line,home,0.5273705265769689,1.85,,1.0,,2025,-0.024364525832607398,0.8500000000000001,,B
line,home,0.5255899148920864,1.9,,1.0,,2025,-0.0013791617050359362,0.8999999999999999,,B
line,home,0.49518659196587433,1.85,,0.0,,2025,-0.08390480486313245,-1.0,-1.0,B
line,home,0.34060863294650134,1.9,,0.0,,2025,-0.3528435974016475,-1.0,-1.0,B
line,home,0.5540722362514282,1.9,,0.0,,2025,0.05273724887771358,-1.0,-1.0,B
line,home,0.7334801173863041,1.9,,1.0,,2025,0.3936122230339778,0.8999999999999999,,B
line,home,0.5196071836243172,1.9,,0.0,,2025,-0.012746351113797294,-1.0,-1.0,B
line,home,0.4684860201309453,1.9,,1.0,,2025,-0.10987656175120397,0.8999999999999999,,B
line,home,0.498428060449627,1.9,,0.0,,2025,-0.0529866851457087,-1.0,-1.0,B
line,home,0.5302979559044383,1.95,,1.0,,2025,0.03408101401365471,0.95,,B
line,home,0.3711873871207466,1.9,,0.0,,2025,-0.2947439644705815,-1.0,-1.0,B
line,home,0.385223451089205,1.9,,1.0,,2025,-0.26807544293051044,0.8999999999999999,,B
line,home,0.48290815626513467,1.9,,0.0,,2025,-0.08247450309624416,-1.0,-1.0,B
line,home,0.4094019922101517,1.8,,1.0,,2025,-0.2630764140217269,0.8,,B
line,home,0.4485703268600907,1.9,,0.0,,2025,-0.1477163789658278,-1.0,-1.0,B
line,home,0.4152217087821772,1.85,,1.0,,2025,-0.2318398387529722,0.8500000000000001,,B
line,home,0.6881264572619715,1.9,,1.0,,2025,0.3074402687977458,0.8999999999999999,,B
line,home,0.45507643544775556,1.9,,0.0,,2025,-0.13535477264926443,-1.0,-1.0,B
line,home,0.7014731349657977,1.95,,1.0,,2025,0.36787261318330544,0.95,,B
line,home,0.4861173533080886,1.9,,1.0,,2025,-0.0763770287146317,0.8999999999999999,,B
line,home,0.4893334305503058,2.0,,1.0,,2025,-0.02133313889938837,1.0,,B
line,home,0.3527987617214766,1.9,,0.0,,2025,-0.32968235272919444,-1.0,-1.0,B
line,home,0.47722283812006455,1.9,,0.0,,2025,-0.09327660757187739,-1.0,-1.0,B
line,home,0.4836412613896093,1.9,,0.0,,2025,-0.08108160335974246,-1.0,-1.0,B
line,home,0.5103439002489022,1.9,,1.0,,2025,-0.03034658952708591,0.8999999999999999,,B
line,home,0.320284260923438,1.9,,0.0,,2025,-0.39145990424546784,-1.0,-1.0,B
line,home,0.553584449574068,1.85,,1.0,,2025,0.024131231712025913,0.8500000000000001,,B
line,home,0.48573979835054365,1.9,,1.0,,2025,-0.0770943831339671,0.8999999999999999,,B
line,home,0.5571465954946164,1.9,,0.0,,2025,0.0585785314397711,-1.0,-1.0,B
line,home,0.3218354391516761,1.95,,1.0,,2025,-0.3724208936542316,0.95,,B
line,home,0.634859314875769,1.9,,0.0,,2025,0.20623269826396107,-1.0,-1.0,B
line,home,0.5253995203786936,1.9,,1.0,,2025,-0.0017409112804821492,0.8999999999999999,,B
line,home,0.6423226751077621,1.9,,1.0,,2025,0.2204130827047479,0.8999999999999999,,B
line,home,0.49478487087756945,1.9,,1.0,,2025,-0.05990874533261814,0.8999999999999999,,B
line,home,0.41813367676519764,1.9,,0.0,,2025,-0.2055460141461245,-1.0,-1.0,B
line,home,0.449941516205266,1.9,,1.0,,2025,-0.14511111920999464,0.8999999999999999,,B
line,home,0.5334453862936235,1.8,,0.0,,2025,-0.03979830467147771,-1.0,-1.0,B
line,home,0.567574541945988,1.9,,0.0,,2025,0.07839162969737723,-1.0,-1.0,B
line,home,0.39817824853254014,1.9,,1.0,,2025,-0.24346132778817375,0.8999999999999999,,B
line,home,0.4621034038961799,1.85,,0.0,,2025,-0.14510870279206722,-1.0,-1.0,B
line,home,0.49473085369697567,1.85,,0.0,,2025,-0.084747920660595,-1.0,-1.0,B
line,home,0.5361245663511867,1.85,,1.0,,2025,-0.00816955225030458,0.8500000000000001,,B
line,home,0.6603075504850033,1.9,,1.0,,2025,0.25458434592150625,0.8999999999999999,,B
line,home,0.6706666489701352,1.85,,1.0,,2025,0.24073330059475007,0.8500000000000001,,B
line,home,0.6165239971897478,1.9,,0.0,,2025,0.1713955946605208,-1.0,-1.0,B
line,home,0.4685851668444114,1.9,,0.0,,2025,-0.10968818299561833,-1.0,-1.0,B
line,home,0.617700691437394,1.9,,0.0,,2025,0.17363131373104856,-1.0,-1.0,B
line,home,0.5430977236584248,1.85,,0.0,,2025,0.0047307887680858585,-1.0,-1.0,B
line,home,0.42441579848209515,1.9,,1.0,,2025,-0.1936099828840192,0.8999999999999999,,B
line,home,0.4333470188233733,2.0,,1.0,,2025,-0.13330596235325343,1.0,,B
line,home,0.3293626413319711,1.85,,1.0,,2025,-0.3906791135358535,0.8500000000000001,,B
line,home,0.37897031963003913,1.95,,0.0,,2025,-0.26100787672142367,-1.0,-1.0,B
line,home,0.5364303305279959,1.9,,1.0,,2025,0.019217628003192155,0.8999999999999999,,B
line,home,0.4119382051616961,1.9,,0.0,,2025,-0.2173174101927774,-1.0,-1.0,B
line,home,0.4827808494488155,1.9,,1.0,,2025,-0.08271638604725062,0.8999999999999999,,B
line,home,0.515734040682716,1.9,,1.0,,2025,-0.0201053227028396,0.8999999999999999,,B
line,home,0.6395001276464609,1.85,,1.0,,2025,0.18307523614595267,0.8500000000000001,,B
line,home,0.49814501505049635,1.95,,1.0,,2025,-0.02861722065153216,0.95,,B
line,home,0.4704878649663743,1.95,,0.0,,2025,-0.0825486633155702,-1.0,-1.0,B
line,home,0.49167563356982885,1.9,,1.0,,2025,-0.06581629621732521,0.8999999999999999,,B
line,home,0.45902036971246196,1.95,,1.0,,2025,-0.10491027906069916,0.95,,B
line,home,0.4795024074608194,1.9,,0.0,,2025,-0.0889454258244432,-1.0,-1.0,B
line,home,0.5380086797359651,1.9,,1.0,,2025,0.0222164914983336,0.8999999999999999,,B
line,home,0.4648739529067569,1.85,,0.0,,2025,-0.13998318712249969,-1.0,-1.0,B
line,home,0.38815666457087755,1.9,,0.0,,2025,-0.2625023373153327,-1.0,-1.0,B
line,home,0.6565153272467996,1.85,,0.0,,2025,0.21455335540657927,-1.0,-1.0,B
line,home,0.6596291679966185,1.9,,1.0,,2025,0.25329541919357523,0.8999999999999999,,B
line,home,0.5191593655833124,1.85,,0.0,,2025,-0.03955517367087191,-1.0,-1.0,B
line,home,0.5212895950175443,1.85,,1.0,,2025,-0.03561424921754286,0.8500000000000001,,B
line,home,0.41147977692232296,1.9,,1.0,,2025,-0.2181884238475864,0.8999999999999999,,B
line,home,0.44026967362265146,1.9,,0.0,,2025,-0.16348762011696227,-1.0,-1.0,B
line,home,0.6365120165830438,1.9,,0.0,,2025,0.20937283150778319,-1.0,-1.0,B
line,home,0.5089567685534431,1.95,,0.0,,2025,-0.00753430132078603,-1.0,-1.0,B
line,home,0.5387262329297985,1.85,,0.0,,2025,-0.003356469079872748,-1.0,-1.0,B
line,home,0.45945090061315963,1.95,,0.0,,2025,-0.10407074380433878,-1.0,-1.0,B
line,home,0.5725946114065417,1.95,,1.0,,2025,0.11655949224275619,0.95,,B
line,home,0.38039370008445944,1.9,,0.0,,2025,-0.27725196983952705,-1.0,-1.0,B
line,home,0.5560274848494979,1.95,,1.0,,2025,0.08425359545652089,0.95,,B
line,home,0.5014895484429485,1.8,,0.0,,2025,-0.09731881280269272,-1.0,-1.0,B
line,home,0.44018406365820506,1.9,,0.0,,2025,-0.16365027904941043,-1.0,-1.0,B
line,home,0.4784921248360237,1.9,,1.0,,2025,-0.09086496281155498,0.8999999999999999,,B
line,home,0.41474411553214263,1.9,,0.0,,2025,-0.21198618048892903,-1.0,-1.0,B
line,home,0.5325809105316878,1.9,,1.0,,2025,0.011903730010206726,0.8999999999999999,,B
line,home,0.49731942159040055,1.9,,0.0,,2025,-0.055093098978239,-1.0,-1.0,B
line,home,0.39070596439338595,1.9,,1.0,,2025,-0.25765866765256673,0.8999999999999999,,B
line,home,0.4300440990161117,1.9,,0.0,,2025,-0.1829162118693879,-1.0,-1.0,B
line,home,0.462767864957971,1.85,,0.0,,2025,-0.14387944982775358,-1.0,-1.0,B
line,home,0.5287873694366467,1.95,,1.0,,2025,0.031135370401461193,0.95,,B
line,home,0.5374612542033611,1.9,,0.0,,2025,0.021176382986386022,-1.0,-1.0,B
line,home,0.530556389045846,1.95,,1.0,,2025,0.03458495863939959,0.95,,B
line,home,0.586423551400073,1.9,,0.0,,2025,0.11420474766013866,-1.0,-1.0,B
line,home,0.49759025672302565,1.95,,1.0,,2025,-0.02969899939010001,0.95,,B
line,home,0.47310554394934556,1.95,,1.0,,2025,-0.07744418929877617,0.95,,B
line,home,0.5126786502314464,1.9,,1.0,,2025,-0.02591056456025187,0.8999999999999999,,B
line,home,0.4624582161920528,1.85,,0.0,,2025,-0.14445230004470233,-1.0,-1.0,B
line,home,0.5078634088597463,1.9,,1.0,,2025,-0.035059523166481976,0.8999999999999999,,B
line,home,0.5075133387315269,1.85,,1.0,,2025,-0.061100323346675145,0.8500000000000001,,B
line,home,0.6165059643900094,1.85,,1.0,,2025,0.14053603412151738,0.8500000000000001,,B
line,home,0.5530912170178586,1.9,,1.0,,2025,0.05087331233393133,0.8999999999999999,,B
line,home,0.4131172578866859,1.9,,1.0,,2025,-0.21507721001529678,0.8999999999999999,,B
line,home,0.48885705774032917,1.9,,1.0,,2025,-0.07117159029337461,0.8999999999999999,,B
line,home,0.6211473264474991,1.9,,1.0,,2025,0.18017992025024832,0.8999999999999999,,B
line,home,0.4868316890914107,1.9,,0.0,,2025,-0.0750197907263197,-1.0,-1.0,B
line,home,0.546429251645461,1.95,,1.0,,2025,0.06553704070864885,0.95,,B
line,home,0.5372241513474973,1.9,,1.0,,2025,0.02072588756024496,0.8999999999999999,,B
line,home,0.375680645123943,1.9,,0.0,,2025,-0.28620677426450836,-1.0,-1.0,B
line,home,0.5051090572366447,1.95,,0.0,,2025,-0.015037338388542931,-1.0,-1.0,B
line,home,0.36794588140864315,1.95,,1.0,,2025,-0.2825055312531459,0.95,,B
line,home,0.44029210858548934,1.9,,1.0,,2025,-0.16344499368757026,0.8999999999999999,,B
line,home,0.6208307588718806,1.9,,1.0,,2025,0.1795784418565729,0.8999999999999999,,B
line,home,0.662680357111235,1.85,,1.0,,2025,0.22595866065578485,0.8500000000000001,,B
line,home,0.5418073766496695,1.85,,1.0,,2025,0.002343646801888699,0.8500000000000001,,B
line,home,0.520525020789969,1.85,,1.0,,2025,-0.03702871153855736,0.8500000000000001,,B
line,home,0.6326404295041027,1.95,,1.0,,2025,0.23364883753300014,0.95,,B
line,home,0.4112829485436532,1.85,,1.0,,2025,-0.23912654519424148,0.8500000000000001,,B
line,home,0.45876967368691723,1.9,,1.0,,2025,-0.12833761999485727,0.8999999999999999,,B
line,home,0.672748426445047,1.9,,1.0,,2025,0.27822201024558924,0.8999999999999999,,B
line,home,0.5413872070919264,1.9,,1.0,,2025,0.028635693474660107,0.8999999999999999,,B
line,home,0.5144814900522674,1.9,,0.0,,2025,-0.022485168900691965,-1.0,-1.0,B
line,home,0.5285226569240548,1.85,,0.0,,2025,-0.022233084690498672,-1.0,-1.0,B
line,home,0.5004370434510573,1.9,,0.0,,2025,-0.04916961744299109,-1.0,-1.0,B
line,home,0.5479216562807268,2.0,,1.0,,2025,0.09584331256145351,1.0,,B
line,home,0.4575769641878153,1.9,,0.0,,2025,-0.130603768043151,-1.0,-1.0,B
line,home,0.5027717387282284,1.85,,1.0,,2025,-0.06987228335277729,0.8500000000000001,,B
line,home,0.404944578893852,1.9,,1.0,,2025,-0.23060530010168123,0.8999999999999999,,B
line,home,0.6445761968371744,1.85,,0.0,,2025,0.1924659641487727,-1.0,-1.0,B
line,home,0.5084726937402886,1.9,,0.0,,2025,-0.03390188189345178,-1.0,-1.0,B
line,home,0.45871728784039967,1.9,,1.0,,2025,-0.12843715310324066,0.8999999999999999,,B
line,home,0.494020209278018,1.9,,1.0,,2025,-0.06136160237176591,0.8999999999999999,,B
line,home,0.6212838953907547,1.9,,0.0,,2025,0.18043940124243374,-1.0,-1.0,B
line,home,0.4946416640111042,1.9,,0.0,,2025,-0.06018083837890209,-1.0,-1.0,B
line,home,0.5548343348867746,1.9,,1.0,,2025,0.054185236284871596,0.8999999999999999,,B
line,home,0.468416838837126,1.95,,1.0,,2025,-0.08658716426760438,0.95,,B
line,home,0.573529467840289,1.9,,1.0,,2025,0.08970598889654902,0.8999999999999999,,B
line,home,0.580825985869518,1.85,,1.0,,2025,0.07452807385860827,0.8500000000000001,,B
line,home,0.5899484357603718,1.9,,0.0,,2025,0.12090202794470639,-1.0,-1.0,B
line,home,0.5783816260159643,1.9,,0.0,,2025,0.09892508943033218,-1.0,-1.0,B
line,home,0.5874065582749615,1.9,,0.0,,2025,0.11607246072242683,-1.0,-1.0,B
line,home,0.5048789642585211,1.9,,1.0,,2025,-0.040729967908810005,0.8999999999999999,,B
line,home,0.4578097835486218,1.8,,1.0,,2025,-0.17594238961248077,0.8,,B
line,home,0.3571172912305963,1.9,,1.0,,2025,-0.321477146661867,0.8999999999999999,,B
line,home,0.4825682982847893,1.9,,0.0,,2025,-0.08312023325890039,-1.0,-1.0,B
line,home,0.6546403926257591,1.85,,0.0,,2025,0.21108472635765452,-1.0,-1.0,B
line,home,0.6254052101945052,1.9,,1.0,,2025,0.18826989936955996,0.8999999999999999,,B
line,home,0.5408461533709257,1.95,,1.0,,2025,0.054649999073305144,0.95,,B
line,home,0.4815159845416248,1.9,,1.0,,2025,-0.08511962937091289,0.8999999999999999,,B
line,home,0.5274851263830753,1.8,,1.0,,2025,-0.050526772510464446,0.8,,B
line,home,0.4323280489740736,1.85,,1.0,,2025,-0.20019310939796375,0.8500000000000001,,B
line,home,0.4176735080681001,1.95,,0.0,,2025,-0.18553665926720486,-1.0,-1.0,B
line,home,0.3492303114593869,1.9,,1.0,,2025,-0.336462408227165,0.8999999999999999,,B
line,home,0.4302768197276927,1.85,,1.0,,2025,-0.2039878835037684,0.8500000000000001,,B
line,home,0.3887939979337468,1.85,,1.0,,2025,-0.2807311038225684,0.8500000000000001,,B
line,home,0.4579043412659958,1.95,,0.0,,2025,-0.10708653453130823,-1.0,-1.0,B
line,home,0.40399137876911984,1.9,,1.0,,2025,-0.2324163803386724,0.8999999999999999,,B
line,home,0.6104414884948234,1.85,,1.0,,2025,0.1293167537154234,0.8500000000000001,,B
line,home,0.5966821924568703,1.85,,1.0,,2025,0.10386205604521015,0.8500000000000001,,B
line,home,0.473987489583599,1.9,,0.0,,2025,-0.09942376979116196,-1.0,-1.0,B
line,home,0.590516905152752,1.9,,1.0,,2025,0.12198211979022888,0.8999999999999999,,B
line,home,0.49584630827695964,1.95,,1.0,,2025,-0.033099698859928695,0.95,,B
line,home,0.57675698474648,1.9,,0.0,,2025,0.09583827101831188,-1.0,-1.0,B
line,home,0.44605259972994143,1.95,,1.0,,2025,-0.13019743052661426,0.95,,B
line,home,0.41702070100292776,1.9,,0.0,,2025,-0.20766066809443728,-1.0,-1.0,B
line,home,0.467727986125396,1.85,,0.0,,2025,-0.1347032256680173,-1.0,-1.0,B
line,home,0.5498429453767208,1.9,,0.0,,2025,0.04470159621576952,-1.0,-1.0,B
line,home,0.5108816139357694,1.9,,0.0,,2025,-0.029324933522038243,-1.0,-1.0,B
line,home,0.5996710930757884,1.9,,1.0,,2025,0.13937507684399786,0.8999999999999999,,B
line,home,0.541473180936978,1.9,,1.0,,2025,0.028799043780258327,0.8999999999999999,,B
line,home,0.5529572335591386,1.9,,1.0,,2025,0.050618743762363305,0.8999999999999999,,B
line,home,0.511420244765814,1.9,,1.0,,2025,-0.028301534944953355,0.8999999999999999,,B
line,home,0.5077286793487328,1.9,,1.0,,2025,-0.03531550923740778,0.8999999999999999,,B
line,home,0.5102130745552063,1.9,,1.0,,2025,-0.030595158345108175,0.8999999999999999,,B
line,home,0.48021957924660363,1.9,,1.0,,2025,-0.08758279943145308,0.8999999999999999,,B
line,home,0.5051870710639397,1.9,,0.0,,2025,-0.04014456497851471,-1.0,-1.0,B
line,home,0.5034028007154114,1.9,,0.0,,2025,-0.04353467864071836,-1.0,-1.0,B
line,home,0.4845249118243407,1.85,,1.0,,2025,-0.10362891312496969,0.8500000000000001,,B
line,home,0.32676214967212647,1.9,,0.0,,2025,-0.3791519156229597,-1.0,-1.0,B
line,home,0.42757479429024337,1.9,,1.0,,2025,-0.18760789084853768,0.8999999999999999,,B
line,home,0.5179062929280694,1.95,,0.0,,2025,0.00991727120973529,-1.0,-1.0,B
line,home,0.4356748060867606,1.9,,0.0,,2025,-0.17221786843515485,-1.0,-1.0,B
line,home,0.8980835763233641,1.9,,1.0,,2025,0.7063587950143917,0.8999999999999999,,B
line,home,0.5950105368911255,1.9,,0.0,,2025,0.13052002009313846,-1.0,-1.0,B
line,home,0.403573845190147,1.9,,0.0,,2025,-0.23320969413872072,-1.0,-1.0,B
line,home,0.5663699012221944,1.9,,1.0,,2025,0.07610281232216942,0.8999999999999999,,B
line,home,0.4545086915285535,1.85,,0.0,,2025,-0.15915892067217596,-1.0,-1.0,B
line,home,0.5000488412519127,1.9,,0.0,,2025,-0.04990720162136586,-1.0,-1.0,B
line,home,0.6100258569990643,1.9,,1.0,,2025,0.15904912829822204,0.8999999999999999,,B
line,home,0.6367978851203182,1.85,,1.0,,2025,0.17807608747258885,0.8500000000000001,,B
line,home,0.44372416285859334,1.85,,1.0,,2025,-0.17911029871160233,0.8500000000000001,,B
line,home,0.4600406391571174,1.9,,0.0,,2025,-0.12592278560147696,-1.0,-1.0,B
line,home,0.6741806377277972,1.9,,1.0,,2025,0.2809432116828148,0.8999999999999999,,B
line,home,0.36070797191645526,1.9,,0.0,,2025,-0.314654853358735,-1.0,-1.0,B
line,home,0.5070626580053045,1.85,,1.0,,2025,-0.06193408269018663,0.8500000000000001,,B
line,home,0.5330689023698781,1.9,,0.0,,2025,0.01283091450276852,-1.0,-1.0,B
line,home,0.3774801966167939,1.9,,1.0,,2025,-0.28278762642809163,0.8999999999999999,,B
line,home,0.541182861656415,1.9,,1.0,,2025,0.02824743714718858,0.8999999999999999,,B
line,home,0.5715332800965547,1.9,,1.0,,2025,0.08591323218345392,0.8999999999999999,,B
line,home,0.5299803627457621,1.9,,0.0,,2025,0.0069626892169478705,-1.0,-1.0,B
line,home,0.5300565677866264,1.9,,1.0,,2025,0.00710747879458995,0.8999999999999999,,B
line,home,0.5310772290889714,1.95,,0.0,,2025,0.03560059672349425,-1.0,-1.0,B
line,home,0.39909290361881433,1.9,,0.0,,2025,-0.24172348312425285,-1.0,-1.0,B
line,home,0.5003950235804303,1.95,,0.0,,2025,-0.024229704018160936,-1.0,-1.0,B
line,home,0.43771257891090215,1.95,,1.0,,2025,-0.14646047112374083,0.95,,B
line,home,0.3714690571578762,2.0,,1.0,,2025,-0.2570618856842476,1.0,,B
line,home,0.6081514792574318,1.95,1.95,0.0,0.0,2025,0.18589538455199217,-1.0,-1.0,B
line,away,0.3793938943501578,1.87,1.91,0.0,-3.0,2023,-0.2905334175652049,-1.0,-1.0,B
line,away,0.5769223171114003,1.91,1.82,0.0,2.0,2023,0.10192162568277441,-1.0,-1.0,B
line,away,0.49390761902359737,1.91,1.87,1.0,0.0,2023,-0.056636447664929035,0.9099999999999999,0.8700000000000001,B
line,away,0.5278832042324206,1.91,1.91,0.0,-5.0,2023,0.008256920083923314,-1.0,-1.0,B
line,away,0.5092082142445199,1.95,1.952,1.0,-4.0,2023,-0.0070439822231862514,0.95,0.952,B
line,away,0.458886395082827,1.91,1.87,1.0,4.0,2023,-0.1235269853918004,0.9099999999999999,0.8700000000000001,B
line,away,0.36000470370530724,1.91,1.91,1.0,-6.0,2023,-0.3123910159228632,0.9099999999999999,0.9099999999999999,B
line,away,0.5394642074286136,1.91,1.952,1.0,2.0,2023,0.03037663618865194,0.9099999999999999,0.952,B
line,away,0.5317746976959532,1.91,1.952,1.0,-2.0,2023,0.015689672599270565,0.9099999999999999,0.952,B
line,away,0.5572881144172398,1.87,1.952,0.0,-3.0,2023,0.04212877396023851,-1.0,-1.0,B
line,away,0.7171849581355867,1.91,1.91,1.0,2.0,2023,0.36982327003897053,0.9099999999999999,0.9099999999999999,B
line,away,0.4148979506692235,1.91,1.952,1.0,1.0,2023,-0.20754491422178312,0.9099999999999999,0.952,B
line,away,0.5481053743623416,1.91,1.91,1.0,0.0,2023,0.04688126503207246,0.9099999999999999,0.9099999999999999,B
line,away,0.5488250865059845,1.91,1.82,0.0,5.0,2023,0.04825591522643036,-1.0,-1.0,B
line,away,0.46728640141768385,1.91,1.91,0.0,-2.0,2023,-0.1074829732922239,-1.0,-1.0,B
line,away,0.5576428318160136,1.87,1.91,1.0,5.0,2023,0.04279209549594554,0.8700000000000001,0.9099999999999999,B
line,away,0.4382744239759664,1.91,1.91,0.0,0.0,2023,-0.16289585020590425,-1.0,-1.0,B
line,away,0.5712657291164767,1.91,1.91,1.0,0.0,2023,0.0911175426124704,0.9099999999999999,0.9099999999999999,B
line,away,0.6819184586431932,1.91,1.82,0.0,-2.0,2023,0.3024642560084989,-1.0,-1.0,B
line,away,0.4911631752231609,1.87,1.82,1.0,-6.0,2023,-0.08152486233268907,0.8700000000000001,0.8200000000000001,B
line,away,0.458610588717829,1.97,1.91,0.0,1.0,2023,-0.0965371402258769,-1.0,-1.0,B
line,away,0.39955202489497454,1.91,1.91,0.0,-2.0,2023,-0.2368556324505986,-1.0,-1.0,B
line,away,0.5174867134573908,1.91,1.82,0.0,-2.0,2023,-0.011600377296383524,-1.0,-1.0,B
line,away,0.6124286550250502,1.87,2.0,0.0,3.0,2023,0.1452415848968438,-1.0,-1.0,B
line,away,0.5113165998905762,1.87,1.82,1.0,2.0,2023,-0.04383795820462244,0.8700000000000001,0.8200000000000001,B
line,away,0.46161211811395386,1.8,1.952,0.0,0.0,2023,-0.16909818739488303,-1.0,-1.0,B
line,away,0.547060271006106,1.91,1.91,0.0,1.0,2023,0.044885117621662474,-1.0,-1.0,B
line,away,0.48420606000097477,1.91,1.87,1.0,2.0,2023,-0.07516642539813823,0.9099999999999999,0.8700000000000001,B
line,away,0.535940311602492,1.91,1.952,0.0,2.0,2023,0.023645995160759714,-1.0,-1.0,B
line,away,0.4170620286026582,1.833,1.87,1.0,3.0,2023,-0.23552530157132756,0.833,0.8700000000000001,B
line,away,0.5379453037253785,1.91,1.952,1.0,2.0,2023,0.02747553011547299,0.9099999999999999,0.952,B
line,away,0.5428966382347143,1.91,1.87,0.0,-1.0,2023,0.03693257902830438,-1.0,-1.0,B
line,away,0.47644190253532614,1.91,1.91,1.0,-4.0,2023,-0.08999596615752714,0.9099999999999999,0.9099999999999999,B
line,away,0.5369206373230513,1.91,1.75,0.0,-4.0,2023,0.025518417287027972,-1.0,-1.0,B
line,away,0.3957815468717628,1.91,1.82,0.0,-5.0,2023,-0.24405724547493302,-1.0,-1.0,B
line,away,0.4705974465152999,1.91,1.82,1.0,5.0,2023,-0.1011588771557772,0.9099999999999999,0.8200000000000001,B
line,away,0.5504690595995908,1.82,2.0,1.0,-3.0,2023,0.0018536884712552215,0.8200000000000001,1.0,B
line,away,0.338945487820259,1.91,1.91,0.0,-3.0,2023,-0.35261411826330535,-1.0,-1.0,B
line,away,0.49536932817143975,1.91,1.91,1.0,-7.0,2023,-0.053844583192550144,0.9099999999999999,0.9099999999999999,B
line,away,0.6383747625508196,1.91,1.952,1.0,6.0,2023,0.21929579647206543,0.9099999999999999,0.952,B
line,away,0.5726151726829514,1.91,1.97,0.0,3.0,2023,0.09369497982443709,-1.0,-1.0,B
line,away,0.5685834834217753,1.952,1.87,0.0,2.0,2023,0.10987495963930538,-1.0,-1.0,B
line,away,0.43909825508666234,1.87,1.91,1.0,4.0,2023,-0.1788862629879414,0.8700000000000001,0.9099999999999999,B
line,away,0.3596451321124292,1.91,1.87,0.0,1.0,2023,-0.3130777976652602,-1.0,-1.0,B
line,away,0.7448634177648612,1.87,1.82,0.0,7.0,2023,0.3928945912202906,-1.0,-1.0,B
line,away,0.5448776134080486,1.952,1.833,0.0,-3.0,2023,0.06360110137251085,-1.0,-1.0,B
line,away,0.5538788298663986,1.91,1.91,0.0,2.0,2023,0.057908565044821225,-1.0,-1.0,B
line,away,0.4213432477315274,1.91,1.87,1.0,-2.0,2023,-0.19523439683278265,0.9099999999999999,0.8700000000000001,B
line,away,0.5315274512305171,1.91,1.91,0.0,-1.0,2023,0.015217431850287788,-1.0,-1.0,B
line,away,0.33812190700589684,1.87,1.82,0.0,-6.0,2023,-0.3677120338989729,-1.0,-1.0,B
line,away,0.4343986943235072,1.91,1.91,0.0,-2.0,2023,-0.17029849384210127,-1.0,-1.0,B
line,away,0.5344282607934137,1.91,1.91,1.0,4.0,2023,0.020757978115420128,0.9099999999999999,0.9099999999999999,B
line,away,0.5928240431535972,1.91,1.91,1.0,7.0,2023,0.13229392242337057,0.9099999999999999,0.9099999999999999,B
line,away,0.5174807564087192,1.91,1.952,1.0,3.0,2023,-0.011611755259346435,0.9099999999999999,0.952,B
line,away,0.4027801810966426,1.91,1.78,1.0,0.0,2023,-0.23068985410541265,0.9099999999999999,0.78,B
line,away,0.5006055492456909,1.91,1.91,0.0,5.0,2023,-0.04384340094073047,-1.0,-1.0,B
line,away,0.6078211048191806,1.91,1.952,1.0,-1.0,2023,0.1609383102046349,0.9099999999999999,0.952,B
line,away,0.5551562046749172,1.91,1.91,1.0,0.0,2023,0.060348350929091854,0.9099999999999999,0.9099999999999999,B
line,away,0.5750982833096038,1.91,1.91,0.0,2.0,2023,0.09843772112134319,-1.0,-1.0,B
line,away,0.5042266683197144,1.91,1.82,0.0,3.0,2023,-0.03692706350934549,-1.0,-1.0,B
line,away,0.6064443602692311,1.91,2.0,1.0,7.0,2023,0.15830872811423125,0.9099999999999999,1.0,B
line,away,0.6202369023619744,1.87,1.82,1.0,2.0,2023,0.15984300741689217,0.8700000000000001,0.8200000000000001,B
line,away,0.5197488132108401,1.91,1.91,1.0,4.0,2023,-0.00727976676729547,0.9099999999999999,0.9099999999999999,B
line,away,0.46963996231968785,1.91,2.1,1.0,1.0,2023,-0.10298767196939629,0.9099999999999999,1.1,B
line,away,0.4994075770562103,1.91,1.952,1.0,2.0,2023,-0.04613152782263841,0.9099999999999999,0.952,B
line,away,0.4026814063718961,1.91,1.82,1.0,-4.0,2023,-0.2308785138296785,0.9099999999999999,0.8200000000000001,B
line,away,0.5698533731042263,1.91,1.82,0.0,1.0,2023,0.08841994262907238,-1.0,-1.0,B
line,away,0.46509134453112055,1.91,1.91,1.0,3.0,2023,-0.11167553194555979,0.9099999999999999,0.9099999999999999,B
line,away,0.5710333527312696,1.91,1.952,1.0,1.0,2023,0.0906737037167249,0.9099999999999999,0.952,B
line,away,0.4136086263413413,1.91,2.0,1.0,-6.0,2023,-0.2100075236880381,0.9099999999999999,1.0,B
line,away,0.6652683469205256,1.77,1.91,1.0,3.0,2023,0.17752497404933032,0.77,0.9099999999999999,B
line,away,0.4475864576359295,1.91,1.87,0.0,-4.0,2023,-0.14510986591537467,-1.0,-1.0,B
line,away,0.5087710048433693,1.91,1.91,1.0,-5.0,2023,-0.028247380749164552,0.9099999999999999,0.9099999999999999,B
line,away,0.5153730643665665,1.91,1.91,0.0,1.0,2023,-0.015637447059858034,-1.0,-1.0,B
line,away,0.6009951993102656,1.91,1.952,0.0,0.0,2023,0.1479008306826073,-1.0,-1.0,B
line,away,0.46401898074090153,1.91,2.0,1.0,0.0,2023,-0.11372374678487807,0.9099999999999999,1.0,B
line,away,0.316703109249868,1.91,1.82,0.0,-2.0,2023,-0.39509706133275213,-1.0,-1.0,B
line,away,0.36394435783093637,1.91,1.91,0.0,-1.0,2023,-0.30486627654291154,-1.0,-1.0,B
line,away,0.4334203593558402,1.91,1.91,0.0,-3.0,2023,-0.1721671136303452,-1.0,-1.0,B
line,away,0.39392183533248515,1.87,1.91,0.0,-6.0,2023,-0.26336616792825274,-1.0,-1.0,B
line,away,0.5918568511559515,1.91,1.952,0.0,0.0,2023,0.13044658570786738,-1.0,-1.0,B
line,away,0.5887363787945223,1.87,1.91,1.0,1.0,2023,0.10093702834575691,0.8700000000000001,0.9099999999999999,B
line,away,0.7466308509996726,1.8,1.82,1.0,9.0,2023,0.34393553179941083,0.8,0.8200000000000001,B
line,away,0.35096548346035816,1.91,1.87,0.0,-1.0,2023,-0.32965592659071596,-1.0,-1.0,B
line,away,0.3701025712810514,1.952,1.952,1.0,-2.0,2023,-0.2775597808593877,0.952,0.952,B
line,away,0.46968947034483843,1.952,1.87,0.0,1.0,2023,-0.08316615388687543,-1.0,-1.0,B
line,away,0.5876176101927653,1.952,1.952,0.0,-2.0,2023,0.1470295750962778,-1.0,-1.0,B
line,away,0.3765894818810217,1.91,1.91,1.0,1.0,2023,-0.28071408960724853,0.9099999999999999,0.9099999999999999,B
line,away,0.5379690163809052,1.833,1.952,0.0,3.0,2023,-0.013902792973800704,-1.0,-1.0,B
line,away,0.4451604335811221,1.952,1.87,1.0,-1.0,2023,-0.13104683364964964,0.952,0.8700000000000001,B
line,away,0.460419913916744,1.952,1.82,0.0,-3.0,2023,-0.10126032803451579,-1.0,-1.0,B
line,away,0.6335681024998008,1.91,1.952,1.0,-2.0,2023,0.21011507577461952,0.9099999999999999,0.952,B
line,away,0.738626876533448,1.82,1.91,1.0,-1.0,2023,0.3443009152908756,0.8200000000000001,0.9099999999999999,B
line,away,0.24945524137667863,1.952,1.952,1.0,-4.0,2023,-0.5130633688327233,0.952,0.952,B
line,away,0.7223495550383182,1.87,1.91,0.0,-4.0,2023,0.35079366792165523,-1.0,-1.0,B
line,away,0.4887681987262579,1.91,1.91,0.0,-1.0,2023,-0.06645274043284755,-1.0,-1.0,B
line,away,0.6943031230277303,1.91,1.87,0.0,-2.0,2023,0.326118964982965,-1.0,-1.0,B
line,away,0.5450393280597605,1.91,1.87,1.0,3.0,2023,0.04102511659414265,0.9099999999999999,0.8700000000000001,B
line,away,0.4810122994428866,1.91,1.91,1.0,0.0,2023,-0.08126650806408664,0.9099999999999999,0.9099999999999999,B
line,away,0.5381391270489098,1.87,1.87,1.0,-2.0,2023,0.006320167581461256,0.8700000000000001,0.8700000000000001,B
line,away,0.5634842258475231,1.91,1.87,0.0,3.0,2023,0.07625487136876918,-1.0,-1.0,B
line,away,0.26812225694349845,1.91,2.0,1.0,-4.0,2023,-0.487886489237918,0.9099999999999999,1.0,B
line,away,0.5987947278391132,1.91,1.91,0.0,4.0,2023,0.14369793017270616,-1.0,-1.0,B
line,away,0.5946112001478461,1.91,1.91,1.0,0.0,2023,0.13570739228238593,0.9099999999999999,0.9099999999999999,B
line,away,0.5776739014714546,1.91,1.91,0.0,-4.0,2023,0.10335715181047811,-1.0,-1.0,B
line,away,0.4955614010069368,1.91,1.91,0.0,-6.0,2023,-0.05347772407675078,-1.0,-1.0,B
line,away,0.49755562911972073,1.91,1.952,1.0,-1.0,2023,-0.049668748381333394,0.9099999999999999,0.952,B
line,away,0.5239885748619593,1.91,1.91,1.0,-4.0,2023,0.0008181779863420946,0.9099999999999999,0.9099999999999999,B
line,away,0.6761404927560255,1.87,1.97,0.0,1.0,2023,0.26438272145376773,-1.0,-1.0,B
line,away,0.5122826710105017,1.91,1.91,1.0,-2.0,2023,-0.02154009836994175,0.9099999999999999,0.9099999999999999,B
line,away,0.42144442667286575,1.87,1.87,0.0,-7.0,2023,-0.211898922121741,-1.0,-1.0,B
line,away,0.5008227383826844,1.87,1.82,1.0,-8.0,2023,-0.06346147922438006,0.8700000000000001,0.8200000000000001,B
line,away,0.6590508937093857,1.91,1.91,0.0,9.0,2023,0.25878720698492663,-1.0,-1.0,B
line,away,0.6600410650465725,1.87,1.952,1.0,4.0,2023,0.23427679163709048,0.8700000000000001,0.952,B
line,away,0.3419819329760272,1.91,2.0,0.0,-11.0,2023,-0.34681450801578806,-1.0,-1.0,B
line,away,0.6708592962744884,1.91,1.91,1.0,8.0,2023,0.2813412558842727,0.9099999999999999,0.9099999999999999,B
line,away,0.7123258155049883,1.952,1.91,1.0,2.0,2023,0.3904599918657372,0.952,0.9099999999999999,B
line,away,0.4520061309910389,1.91,1.87,1.0,6.0,2023,-0.13666828980711565,0.9099999999999999,0.8700000000000001,B
line,away,0.4579782666845439,1.87,1.952,0.0,-3.0,2023,-0.1435806412999029,-1.0,-1.0,B
line,away,0.43830565793944876,1.91,1.91,1.0,-3.0,2023,-0.1628361933356529,0.9099999999999999,0.9099999999999999,B
line,away,0.48464891216357675,1.91,1.91,1.0,3.0,2023,-0.0743205777675684,0.9099999999999999,0.9099999999999999,B
line,away,0.549693924804599,1.91,2.0,1.0,4.0,2023,0.049915396376783994,0.9099999999999999,1.0,B
line,away,0.38100432501161985,1.91,1.91,0.0,-8.0,2023,-0.2722817392278061,-1.0,-1.0,B
line,away,0.3269139841056258,1.91,1.952,1.0,-9.0,2023,-0.37559429035825476,0.9099999999999999,0.952,B
line,away,0.590784846386861,1.91,2.0,1.0,-4.0,2023,0.1283990565989046,0.9099999999999999,1.0,B
line,away,0.5517371502719666,1.91,1.952,1.0,2.0,2023,0.05381795701945613,0.9099999999999999,0.952,B
line,away,0.3030335054939377,1.91,1.91,0.0,-9.0,2023,-0.42120600450657897,-1.0,-1.0,B
line,away,0.4762699895842982,1.91,1.91,1.0,2.0,2023,-0.09032431989399048,0.9099999999999999,0.9099999999999999,B
line,away,0.5702022313667995,1.91,1.952,1.0,1.0,2023,0.089086261910587,0.9099999999999999,0.952,B
line,away,0.4557639281807875,1.87,1.91,0.0,-6.0,2023,-0.1477214543019274,-1.0,-1.0,B
line,away,0.6547086449323756,1.91,1.87,1.0,15.0,2023,0.25049351182083734,0.9099999999999999,0.8700000000000001,B
line,away,0.3769389977532064,1.87,1.87,1.0,4.0,2023,-0.295124074201504,0.8700000000000001,0.8700000000000001,B
line,away,0.3248716760278254,1.91,1.833,1.0,7.0,2023,-0.3794950987868535,0.9099999999999999,0.833,B
line,away,0.3206731616212629,1.91,1.82,1.0,1.0,2023,-0.38751426130338784,0.9099999999999999,0.8200000000000001,B
line,away,0.4400329487757121,1.91,1.91,1.0,0.0,2023,-0.15953706783838995,0.9099999999999999,0.9099999999999999,B
line,away,0.4222504426967535,1.952,1.91,0.0,-4.0,2023,-0.17576713585593717,-1.0,-1.0,B
line,away,0.5120064859132565,1.87,1.91,1.0,-3.0,2023,-0.042547871342210275,0.8700000000000001,0.9099999999999999,B
line,away,0.7079178078708662,1.77,1.91,1.0,6.0,2023,0.2530145199314333,0.77,0.9099999999999999,B
line,away,0.5691057559391276,1.91,1.952,1.0,3.0,2023,0.08699199384373357,0.9099999999999999,0.952,B
line,away,0.5109313194692824,2.05,1.87,0.0,-3.0,2023,0.04740920491202871,-1.0,-1.0,B
line,away,0.5687148369271189,1.91,1.87,0.0,-2.0,2023,0.08624533853079708,-1.0,-1.0,B
line,away,0.36145036001898534,1.91,1.952,1.0,-2.0,2023,-0.309629812363738,0.9099999999999999,0.952,B
line,away,0.45495695995950125,1.91,1.952,0.0,-3.0,2023,-0.1310322064773527,-1.0,-1.0,B
line,away,0.34145519881413444,1.91,1.91,1.0,-1.0,2023,-0.34782057026500324,0.9099999999999999,0.9099999999999999,B
line,away,0.5083197514151774,1.91,2.02,1.0,4.0,2023,-0.029109274797011198,0.9099999999999999,1.02,B
line,away,0.4527986734160706,1.97,1.952,1.0,2.0,2023,-0.10798661337034088,0.97,0.952,B
line,away,0.4823260156742192,1.91,1.952,0.0,1.0,2023,-0.0787573100622414,-1.0,-1.0,B
line,away,0.4485465614366916,1.91,1.87,0.0,-6.0,2023,-0.14327606765591916,-1.0,-1.0,B
line,away,0.19932841723841288,1.91,1.91,0.0,-8.0,2023,-0.6192827230746314,-1.0,-1.0,B
line,away,0.5264279778218411,1.91,1.952,1.0,0.0,2023,0.0054774376397166424,0.9099999999999999,0.952,B
line,away,0.4568353009327174,1.91,1.87,0.0,0.0,2023,-0.12744457521850983,-1.0,-1.0,B
line,away,0.5111729541049347,1.91,1.952,0.0,6.0,2023,-0.023659657659574784,-1.0,-1.0,B
line,away,0.6340806599364424,1.91,1.87,0.0,1.0,2023,0.2110940604786049,-1.0,-1.0,B
line,away,0.6534939337023402,1.91,1.75,1.0,3.0,2023,0.2481734133714697,0.9099999999999999,0.75,B
line,away,0.41950825877666953,1.91,1.91,0.0,1.0,2023,-0.19873922573656122,-1.0,-1.0,B
line,away,0.2479806347171125,1.91,1.952,0.0,-4.0,2023,-0.5263569876903151,-1.0,-1.0,B
line,away,0.4601059294047505,1.91,1.82,0.0,-3.0,2023,-0.12119767483692667,-1.0,-1.0,B
line,away,0.6805242507378773,1.91,1.87,0.0,5.0,2023,0.2998013189093456,-1.0,-1.0,B
line,away,0.5981468121234477,1.91,1.952,0.0,0.0,2023,0.142460411155785,-1.0,-1.0,B
line,away,0.6092070295638989,1.91,1.87,1.0,3.0,2023,0.16358542646704688,0.9099999999999999,0.8700000000000001,B
line,away,0.32620635091433536,1.87,1.952,0.0,-3.0,2023,-0.3899941237901928,-1.0,-1.0,B
line,away,0.5867887619210799,1.8,2.02,1.0,3.0,2023,0.05621977145794377,0.8,1.02,B
line,away,0.5567397303308775,1.91,1.91,0.0,5.0,2023,0.06337288493197613,-1.0,-1.0,B
line,away,0.4350471946038327,1.87,1.87,1.0,-6.0,2023,-0.18646174609083288,0.8700000000000001,0.8700000000000001,B
line,away,0.4755239261055333,1.91,1.952,1.0,-7.0,2023,-0.0917493011384315,0.9099999999999999,0.952,B
line,away,0.5811992445052903,1.91,1.82,1.0,2.0,2023,0.11009055700510428,0.9099999999999999,0.8200000000000001,B
line,away,0.5711077097800854,1.87,1.952,0.0,3.0,2023,0.06797141728875977,-1.0,-1.0,B
line,away,0.40842608661784996,1.91,1.952,0.0,-4.0,2023,-0.21990617455990658,-1.0,-1.0,B
line,away,0.464903716708131,1.91,1.82,0.0,-3.0,2023,-0.1120339010874698,-1.0,-1.0,B
line,away,0.5632546480317546,1.952,1.91,1.0,-3.0,2023,0.09947307295798491,0.952,0.9099999999999999,B
line,away,0.6150828307619478,1.91,1.91,0.0,-2.0,2023,0.17480820675532027,-1.0,-1.0,B
line,away,0.5868530215579171,1.87,1.97,0.0,0.0,2023,0.09741515031330494,-1.0,-1.0,B
line,away,0.5221024665212766,1.91,1.82,0.0,-2.0,2023,-0.002784288944361779,-1.0,-1.0,B
line,away,0.47125685234387804,1.952,1.91,0.0,3.0,2023,-0.08010662422475012,-1.0,-1.0,B
line,away,0.6462711082866157,1.91,1.87,1.0,-1.0,2023,0.23437781682743597,0.9099999999999999,0.8700000000000001,B
line,away,0.3690392811961589,1.91,1.82,1.0,-6.0,2023,-0.2951349729153365,0.9099999999999999,0.8200000000000001,B
line,away,0.5561044251995735,1.91,1.87,1.0,7.0,2023,0.06215945213118523,0.9099999999999999,0.8700000000000001,B
line,away,0.5571537663364113,1.91,1.87,0.0,-10.0,2023,0.0641636937025456,-1.0,-1.0,B
line,away,0.6022326738970892,1.91,1.952,1.0,4.0,2023,0.15026440714344047,0.9099999999999999,0.952,B
line,away,0.6275425876821551,1.87,1.952,0.0,5.0,2023,0.17350463896563006,-1.0,-1.0,B
line,away,0.4727378279340638,1.91,2.0,0.0,3.0,2023,-0.09707074864593812,-1.0,-1.0,B
line,away,0.46538770227787796,1.91,1.952,0.0,3.0,2023,-0.11110948864925319,-1.0,-1.0,B
line,away,0.44141578710938445,1.91,1.82,1.0,-2.0,2023,-0.1568958466210757,0.9099999999999999,0.8200000000000001,B
line,away,0.4636396568282207,1.87,1.91,1.0,0.0,2023,-0.1329938417312272,0.8700000000000001,0.9099999999999999,B
line,away,0.33212672424246026,1.91,1.91,1.0,-1.0,2023,-0.3656379566969009,0.9099999999999999,0.9099999999999999,B
line,away,0.4165200974121336,1.91,1.952,0.0,-5.0,2023,-0.20444661394282493,-1.0,-1.0,B
line,away,0.45902114293621366,1.952,2.0,0.0,-2.0,2023,-0.10399072898851092,-1.0,-1.0,B
line,away,0.5057872887137216,1.91,1.91,1.0,-1.0,2023,-0.033946278556791776,0.9099999999999999,0.9099999999999999,B
line,away,0.49448394424671793,1.952,1.91,1.0,-3.0,2023,-0.03476734083040667,0.952,0.9099999999999999,B
line,away,0.5777806378310202,1.87,1.952,0.0,-6.0,2023,0.08044979274400776,-1.0,-1.0,B
line,away,0.5373844433595963,1.91,1.91,1.0,-1.0,2023,0.026404286816829048,0.9099999999999999,0.9099999999999999,B
line,away,0.41863994418244743,1.87,1.82,0.0,-6.0,2023,-0.21714330437882323,-1.0,-1.0,B
line,away,0.4481206892403442,2.02,1.91,1.0,-5.0,2023,-0.0947962077345047,1.02,0.9099999999999999,B
line,away,0.6333933247758947,1.833,1.87,0.0,-5.0,2023,0.1610099643142151,-1.0,-1.0,B
line,away,0.240598559433297,1.91,1.82,0.0,-9.0,2023,-0.5404567514824028,-1.0,-1.0,B
line,away,0.5711000620546649,1.91,1.833,1.0,-8.0,2023,0.09080111852440997,0.9099999999999999,0.833,B
line,away,0.47679725269366935,1.91,1.91,1.0,-5.0,2023,-0.08931724735509161,0.9099999999999999,0.9099999999999999,B
line,away,0.4006147229400394,1.91,2.0,0.0,-5.0,2023,-0.2348258791845248,-1.0,-1.0,B
line,away,0.5151485513527292,1.82,1.82,0.0,0.0,2023,-0.062429636538032796,-1.0,-1.0,B
line,away,0.3491620519012152,1.91,1.82,0.0,-6.0,2023,-0.33310048086867905,-1.0,-1.0,B
line,away,0.4479696118792631,1.91,1.91,1.0,3.0,2023,-0.1443780413106075,0.9099999999999999,0.9099999999999999,B
line,away,0.37082538773729246,1.952,1.952,1.0,-3.0,2023,-0.2761488431368051,0.952,0.952,B
line,away,0.49209038609054045,1.91,1.952,1.0,-1.0,2023,-0.060107362567067724,0.9099999999999999,0.952,B
line,away,0.6565938176582089,1.91,1.952,0.0,-1.0,2023,0.25409419172717884,-1.0,-1.0,B
line,away,0.4247108524449006,1.82,1.91,0.0,-1.0,2023,-0.22702624855028086,-1.0,-1.0,B
line,away,0.46894078020448104,1.87,1.91,0.0,0.0,2023,-0.12308074101762034,-1.0,-1.0,B
line,away,0.3727636653685713,1.82,2.0,1.0,-1.0,2023,-0.32157012902920024,0.8200000000000001,1.0,B
line,away,0.44531557257526344,1.87,2.0,0.0,-3.0,2024,-0.16725987928425734,-1.0,-1.0,B
line,away,0.4999693291534275,1.91,1.97,0.0,1.0,2024,-0.045058581316953505,-1.0,-1.0,B
line,away,0.5300090642045103,1.91,1.87,1.0,-2.0,2024,0.01231731263061464,0.9099999999999999,0.8700000000000001,B
line,away,0.5338124776787578,1.87,1.952,1.0,0.0,2024,-0.0017706667407227927,0.8700000000000001,0.952,B
line,away,0.47688761188479545,1.91,1.82,0.0,2.0,2024,-0.08914466130004073,-1.0,-1.0,B
line,away,0.5206899689091096,1.952,1.87,0.0,-3.0,2024,0.016386819310581835,-1.0,-1.0,B
line,away,0.5727014376829196,1.91,1.952,1.0,2.0,2024,0.09385974597437641,0.9099999999999999,0.952,B
line,away,0.3431103500560495,1.87,1.91,1.0,-1.0,2024,-0.3583836453951874,0.8700000000000001,0.9099999999999999,B
line,away,0.45268778872270765,1.91,1.952,0.0,-1.0,2024,-0.1353663235396284,-1.0,-1.0,B
line,away,0.4087146540198284,1.91,1.952,0.0,-3.0,2024,-0.21935501082212772,-1.0,-1.0,B
line,away,0.5460799782425435,1.91,1.91,1.0,2.0,2024,0.043012758443258026,0.9099999999999999,0.9099999999999999,B
line,away,0.3194338252059339,1.91,1.952,0.0,-5.0,2024,-0.3898813938566663,-1.0,-1.0,B
line,away,0.445256059300571,1.91,1.91,1.0,-2.0,2024,-0.14956092673590948,0.9099999999999999,0.9099999999999999,B
line,away,0.5152584679507317,1.87,1.91,1.0,-1.0,2024,-0.03646666493213169,0.8700000000000001,0.9099999999999999,B
line,away,0.523718298775049,1.952,2.05,0.0,1.0,2024,0.022298119208895795,-1.0,-1.0,B
line,away,0.6976780191264582,1.91,1.952,0.0,8.0,2024,0.33256501653153503,-1.0,-1.0,B
line,away,0.4053416161597785,1.91,1.952,0.0,-6.0,2024,-0.2257975131348231,-1.0,-1.0,B
line,away,0.7486593568447267,1.91,1.75,1.0,0.0,2024,0.4299393715734281,0.9099999999999999,0.75,B
line,away,0.4313269640874775,1.91,1.952,0.0,0.0,2024,-0.17616549859291797,-1.0,-1.0,B
line,away,0.5527901066222463,1.91,1.91,0.0,0.0,2024,0.055829103648490364,-1.0,-1.0,B
line,away,0.5964713292303873,1.91,1.952,1.0,5.0,2024,0.13926023883003968,0.9099999999999999,0.952,B
line,away,0.6383389980670414,1.91,1.87,0.0,6.0,2024,0.219227486308049,-1.0,-1.0,B
line,away,0.5366822280978648,1.91,1.87,0.0,1.0,2024,0.025063055666921796,-1.0,-1.0,B
line,away,0.46268522920746535,1.91,1.952,0.0,-5.0,2024,-0.11627121221374126,-1.0,-1.0,B
line,away,0.4028893557197998,1.87,1.97,1.0,-8.0,2024,-0.24659690480397434,0.8700000000000001,0.97,B
line,away,0.7139408843992116,1.91,1.952,1.0,2.0,2024,0.363627089202494,0.9099999999999999,0.952,B
line,away,0.7207056176867226,1.91,1.91,0.0,9.0,2024,0.3765477297816402,-1.0,-1.0,B
line,away,0.5788585434096404,1.91,2.0,0.0,4.0,2024,0.10561981791241304,-1.0,-1.0,B
line,away,0.7640038108058353,1.91,1.952,1.0,5.0,2024,0.4592472786391455,0.9099999999999999,0.952,B
line,away,0.5177135695532529,1.91,1.91,0.0,-5.0,2024,-0.0111670821532871,-1.0,-1.0,B
line,away,0.6701965492211297,1.87,1.91,0.0,5.0,2024,0.2532675470435126,-1.0,-1.0,B
line,away,0.5928172523698549,1.91,1.952,1.0,3.0,2024,0.13228095202642298,0.9099999999999999,0.952,B
line,away,0.6300012384616327,1.91,1.91,1.0,0.0,2024,0.20330236546171832,0.9099999999999999,0.9099999999999999,B
line,away,0.48278911204738817,1.91,1.82,0.0,3.0,2024,-0.0778727959894886,-1.0,-1.0,B
line,away,0.4873160677219177,1.91,1.952,0.0,3.0,2024,-0.06922631065113716,-1.0,-1.0,B
line,away,0.658737235960132,1.91,1.91,1.0,4.0,2024,0.2581881206838521,0.9099999999999999,0.9099999999999999,B
line,away,0.7301681495907912,1.91,1.87,0.0,4.0,2024,0.3946211657184111,-1.0,-1.0,B
line,away,0.42011119204484193,1.91,1.952,0.0,-2.0,2024,-0.19758762319435197,-1.0,-1.0,B
line,away,0.5677181451313683,1.91,1.87,1.0,-2.0,2024,0.08434165720091347,0.9099999999999999,0.8700000000000001,B
line,away,0.5356825832786076,1.952,1.952,0.0,0.0,2024,0.04565240255984215,-1.0,-1.0,B
line,away,0.3506013702664986,1.91,1.87,0.0,-8.0,2024,-0.33035138279098764,-1.0,-1.0,B
line,away,0.5321267653335764,1.91,1.82,1.0,-7.0,2024,0.016362121787130812,0.9099999999999999,0.8200000000000001,B
line,away,0.5566203649882506,1.91,1.91,0.0,1.0,2024,0.06314489712755855,-1.0,-1.0,B
line,away,0.580007173635813,1.87,1.91,0.0,4.0,2024,0.08461341469897032,-1.0,-1.0,B
line,away,0.675693632537437,1.87,1.952,1.0,12.0,2024,0.2635470928450072,0.8700000000000001,0.952,B
line,away,0.44832945874431684,1.91,1.87,1.0,0.0,2024,-0.14369073379835484,0.9099999999999999,0.8700000000000001,B
line,away,0.33879756926729176,1.91,1.91,1.0,-1.0,2024,-0.35289664269947274,0.9099999999999999,0.9099999999999999,B
line,away,0.5245759081612724,1.75,1.833,1.0,0.0,2024,-0.08199216071777327,0.75,0.833,B
line,away,0.5244186713137389,1.91,1.82,0.0,1.0,2024,0.0016396622092411661,-1.0,-1.0,B
line,away,0.47150575461726196,1.91,2.0,1.0,-5.0,2024,-0.09942400868102974,0.9099999999999999,1.0,B
line,away,0.5379071350628437,1.91,1.82,0.0,1.0,2024,0.027402627970031457,-1.0,-1.0,B
line,away,0.44334333423408145,1.91,1.91,0.0,-1.0,2024,-0.15321423161290448,-1.0,-1.0,B
line,away,0.564431943604611,1.91,1.82,0.0,0.0,2024,0.078065012284807,-1.0,-1.0,B
line,away,0.47325162080536787,1.91,2.02,0.0,-3.0,2024,-0.09608940426174739,-1.0,-1.0,B
line,away,0.47767747748360356,1.87,1.91,0.0,0.0,2024,-0.10674311710566131,-1.0,-1.0,B
line,away,0.4420410581208847,1.91,1.952,1.0,1.0,2024,-0.1557015789891103,0.9099999999999999,0.952,B
line,away,0.3722189989910272,1.91,1.91,1.0,-2.0,2024,-0.28906171192713814,0.9099999999999999,0.9099999999999999,B
line,away,0.37387508184685714,1.91,1.91,0.0,-3.0,2024,-0.2858985936725029,-1.0,-1.0,B
line,away,0.4650771070077241,1.91,1.91,0.0,-4.0,2024,-0.11170272561524708,-1.0,-1.0,B
line,away,0.4926739228312472,1.91,2.0,1.0,4.0,2024,-0.058992807392317825,0.9099999999999999,1.0,B
line,away,0.5399405926365015,1.91,1.91,0.0,3.0,2024,0.03128653193571784,-1.0,-1.0,B
line,away,0.39138798598167823,1.91,1.91,1.0,-5.0,2024,-0.25244894677499463,0.9099999999999999,0.9099999999999999,B
line,away,0.6006896703398387,1.91,1.91,1.0,6.0,2024,0.1473172703490917,0.9099999999999999,0.9099999999999999,B
line,away,0.5017137800756483,1.95,,1.0,,2024,-0.02165812885248586,0.95,,B
line,away,0.546961874441289,1.85,,1.0,,2024,0.011879467716384706,0.8500000000000001,,B
line,away,0.5268891994441789,1.95,,1.0,,2024,0.02743393891614887,0.95,,B
line,away,0.4893907623071354,1.95,,0.0,,2024,-0.04568801350108598,-1.0,-1.0,B
line,away,0.5132051436190799,1.85,,0.0,,2024,-0.050570484304702235,-1.0,-1.0,B
line,away,0.6925814435273306,1.85,,1.0,,2024,0.2812756705255617,0.8500000000000001,,B
line,away,0.4421376420456389,1.9,,0.0,,2024,-0.15993848011328615,-1.0,-1.0,B
line,away,0.3296872033696898,1.9,,1.0,,2024,-0.3735943135975893,0.8999999999999999,,B
line,away,0.3771917825804809,1.85,,0.0,,2024,-0.3021952022261103,-1.0,-1.0,B
line,away,0.49619345296960904,1.9,,1.0,,2024,-0.057232439357742915,0.8999999999999999,,B
line,away,0.4355337260485871,1.9,,1.0,,2024,-0.17248592050768452,0.8999999999999999,,B
line,away,0.6801172666049854,1.9,,1.0,,2024,0.2922228065494721,0.8999999999999999,,B
line,away,0.6203376988814538,1.9,,0.0,,2024,0.17864162787476223,-1.0,-1.0,B
line,away,0.6960288277578109,1.85,,1.0,,2024,0.28765333135195026,0.8500000000000001,,B
line,away,0.5079747332452902,1.85,,0.0,,2024,-0.06024674349621306,-1.0,-1.0,B
line,away,0.5744034156316089,1.9,,0.0,,2024,0.09136648970005679,-1.0,-1.0,B
line,away,0.3979426530959598,1.85,,0.0,,2024,-0.2638060917724744,-1.0,-1.0,B
line,away,0.3282171408320066,1.85,,0.0,,2024,-0.39279828946078776,-1.0,-1.0,B
line,away,0.6049418016627186,1.9,,0.0,,2024,0.14938942315916526,-1.0,-1.0,B
line,away,0.3351896848152609,2.0,,0.0,,2024,-0.3296206303694782,-1.0,-1.0,B
line,away,0.41127873453634867,1.9,,0.0,,2024,-0.21857040438093756,-1.0,-1.0,B
line,away,0.5980370415414181,1.9,,0.0,,2024,0.1362703789286943,-1.0,-1.0,B
line,away,0.4795333199274755,1.95,,0.0,,2024,-0.06491002614142283,-1.0,-1.0,B
line,away,0.5497160794255898,1.9,,1.0,,2024,0.044460550908620444,0.8999999999999999,,B
line,away,0.4593497878498425,1.9,,0.0,,2024,-0.12723540308529935,-1.0,-1.0,B
line,away,0.5035797323284357,1.85,,0.0,,2024,-0.068377495192394,-1.0,-1.0,B
line,away,0.5181603664725938,1.95,,0.0,,2024,0.010412714621557795,-1.0,-1.0,B
line,away,0.30328982945549465,1.95,,1.0,,2024,-0.40858483256178546,0.95,,B
line,away,0.5016244333198439,1.9,,1.0,,2024,-0.04691357669229668,0.8999999999999999,,B
line,away,0.4023675862421019,1.9,,0.0,,2024,-0.2355015861400065,-1.0,-1.0,B
line,away,0.43685357073720066,1.9,,1.0,,2024,-0.1699782155993188,0.8999999999999999,,B
line,away,0.5020937704245603,1.85,,0.0,,2024,-0.07112652471456349,-1.0,-1.0,B
line,away,0.5934746785331126,1.85,,0.0,,2024,0.09792815528625853,-1.0,-1.0,B
line,away,0.3751816131207705,1.95,,1.0,,2024,-0.26839585441449765,0.95,,B
line,away,0.38877670018859267,1.95,,1.0,,2024,-0.24188543463224432,0.95,,B
line,away,0.39157858653643285,1.95,,1.0,,2024,-0.236421756253956,0.95,,B
line,away,0.6837260899296308,1.85,,1.0,,2024,0.26489326636981714,0.8500000000000001,,B
line,away,0.5306094376172066,1.9,,0.0,,2024,0.008157931472692503,-1.0,-1.0,B
line,away,0.4784859485764106,1.95,,1.0,,2024,-0.06695240027599936,0.95,,B
line,away,0.608243589710603,1.95,,1.0,,2024,0.1860749999356759,0.95,,B
line,away,0.5393597738816402,1.9,,1.0,,2024,0.02478357037511647,0.8999999999999999,,B
line,away,0.5886567869632121,1.9,,1.0,,2024,0.1184478952301029,0.8999999999999999,,B
line,away,0.47647141077817,1.9,,0.0,,2024,-0.09470431952147707,-1.0,-1.0,B
line,away,0.24715667841681754,1.9,,0.0,,2024,-0.5304023110080467,-1.0,-1.0,B
line,away,0.47198767147588006,1.9,,1.0,,2024,-0.10322342419582797,0.8999999999999999,,B
line,away,0.539449824199636,1.95,,1.0,,2024,0.05192715718929031,0.95,,B
line,away,0.4965686694099626,1.9,,0.0,,2024,-0.05651952812107108,-1.0,-1.0,B
line,away,0.25534192596784755,1.9,,0.0,,2024,-0.5148503406610897,-1.0,-1.0,B
line,away,0.4233885650149396,1.9,,1.0,,2024,-0.19556172647161485,0.8999999999999999,,B
line,away,0.5580158097874405,1.9,,1.0,,2024,0.06023003859613696,0.8999999999999999,,B
line,away,0.5463733930335253,1.8,,0.0,,2024,-0.016527892539654476,-1.0,-1.0,B
line,away,0.5186521159377493,1.9,,0.0,,2024,-0.014560979718276412,-1.0,-1.0,B
line,away,0.43229723968260103,1.9,,1.0,,2024,-0.17863524460305813,0.8999999999999999,,B
line,away,0.6199999418972388,1.9,,0.0,,2024,0.17799988960475366,-1.0,-1.0,B
line,away,0.552564691953202,1.95,,0.0,,2024,0.07750114930874386,-1.0,-1.0,B
line,away,0.6148866942487782,1.95,,0.0,,2024,0.19902905378511737,-1.0,-1.0,B
line,away,0.34617223523493657,1.85,,0.0,,2024,-0.3595813648153673,-1.0,-1.0,B
line,away,0.5047763540300078,1.95,,0.0,,2024,-0.01568610964148487,-1.0,-1.0,B
line,away,0.4527290228728543,1.9,,0.0,,2024,-0.13981485654157677,-1.0,-1.0,B
line,away,0.403138408474087,1.9,,0.0,,2024,-0.23403702389923475,-1.0,-1.0,B
line,away,0.5330432995616632,1.9,,1.0,,2024,0.012782269167159965,0.8999999999999999,,B
line,away,0.4752316162472223,1.95,,0.0,,2024,-0.07329834831791648,-1.0,-1.0,B
line,away,0.5013566419005037,1.9,,1.0,,2024,-0.04742238038904312,0.8999999999999999,,B
line,away,0.48474245593295984,1.9,,0.0,,2024,-0.07898933372737638,-1.0,-1.0,B
line,away,0.5032986066835207,1.95,,1.0,,2024,-0.018567716967134773,0.95,,B
line,away,0.3692521645842478,1.9,,1.0,,2024,-0.2984208872899292,0.8999999999999999,,B
line,away,0.6417920417432165,1.9,,1.0,,2024,0.21940487931211128,0.8999999999999999,,B
line,away,0.5633948877755395,1.85,,1.0,,2024,0.0422805423847481,0.8500000000000001,,B
line,away,0.5957720061534854,1.95,,0.0,,2024,0.16175541199929633,-1.0,-1.0,B
line,away,0.5272864522656437,1.85,,1.0,,2024,-0.024520063308559048,0.8500000000000001,,B
line,away,0.4242383087134931,1.9,,0.0,,2024,-0.19394721344436316,-1.0,-1.0,B
line,away,0.5152128431812841,2.0,,1.0,,2024,0.03042568636256826,1.0,,B
line,away,0.5394798125388401,1.9,,0.0,,2024,0.02501164382379617,-1.0,-1.0,B
line,away,0.36276839528082827,1.9,,0.0,,2024,-0.31074004896642626,-1.0,-1.0,B
line,away,0.5945099130347951,1.9,,0.0,,2024,0.12956883476611059,-1.0,-1.0,B
line,away,0.4655641050654642,1.9,,1.0,,2024,-0.11542820037561807,0.8999999999999999,,B
line,away,0.5746509481732639,1.95,,0.0,,2024,0.12056934893786453,-1.0,-1.0,B
line,away,0.6293123435431216,1.9,,0.0,,2024,0.19569345273193095,-1.0,-1.0,B
line,away,0.5057494102244174,1.95,,0.0,,2024,-0.013788650062386054,-1.0,-1.0,B
line,away,0.5194686697646236,1.85,,1.0,,2024,-0.03898296093544629,0.8500000000000001,,B
line,away,0.5379708667979332,1.85,,0.0,,2024,-0.0047538964238236225,-1.0,-1.0,B
line,away,0.600389846375011,1.85,,1.0,,2024,0.11072121579377048,0.8500000000000001,,B
line,away,0.4273681208180302,1.9,,0.0,,2024,-0.1880005704457426,-1.0,-1.0,B
line,away,0.5235247939227683,1.9,,0.0,,2024,-0.0053028915467402404,-1.0,-1.0,B
line,away,0.46667647134723433,1.9,,1.0,,2024,-0.11331470444025482,0.8999999999999999,,B
line,away,0.6397947246758807,1.9,,1.0,,2024,0.21560997688417327,0.8999999999999999,,B
line,away,0.49773855535497236,1.9,,1.0,,2024,-0.05429674482555258,0.8999999999999999,,B
line,away,0.6065411036209405,1.9,,0.0,,2024,0.15242809687978687,-1.0,-1.0,B
line,away,0.4680714696015259,1.9,,1.0,,2024,-0.11066420775710084,0.8999999999999999,,B
line,away,0.5226584300006791,1.9,,1.0,,2024,-0.0069489829987097185,0.8999999999999999,,B
line,away,0.3886645828594837,1.9,,1.0,,2024,-0.261537292566981,0.8999999999999999,,B
line,away,0.6082119512611421,1.9,,0.0,,2024,0.1556027073961701,-1.0,-1.0,B
line,away,0.6042135809668585,1.9,,1.0,,2024,0.1480058038370311,0.8999999999999999,,B
line,away,0.41338902990798576,1.9,,1.0,,2024,-0.21456084317482704,0.8999999999999999,,B
line,away,0.5749024695696533,1.9,,0.0,,2024,0.09231469218234123,-1.0,-1.0,B
line,away,0.46700948409671006,1.85,,0.0,,2024,-0.13603245442108636,-1.0,-1.0,B
line,away,0.4199761126886702,1.85,,1.0,,2024,-0.2230441915259601,0.8500000000000001,,B
line,away,0.4178128756193207,1.95,,0.0,,2024,-0.1852648925423247,-1.0,-1.0,B
line,away,0.27200631551036913,1.85,,1.0,,2024,-0.4967883163058171,0.8500000000000001,,B
line,away,0.4452732359245286,1.85,,1.0,,2024,-0.176244513539622,0.8500000000000001,,B
line,away,0.4543784370564944,1.9,,0.0,,2024,-0.13668096959266074,-1.0,-1.0,B
line,away,0.6868996211037448,1.9,,1.0,,2024,0.30510928009711513,0.8999999999999999,,B
line,away,0.6712782443831125,1.9,,0.0,,2024,0.2754286643279136,-1.0,-1.0,B
line,away,0.6436949929868223,1.85,,1.0,,2024,0.1908357370256213,0.8500000000000001,,B
line,away,0.4147635210145698,1.85,,1.0,,2024,-0.2326874861230458,0.8500000000000001,,B
line,away,0.6077322837603515,1.85,,1.0,,2024,0.12430472495665024,0.8500000000000001,,B
line,away,0.6288443159499769,1.95,,1.0,,2024,0.22624641610245488,0.95,,B
line,away,0.4030455816863262,1.9,,0.0,,2024,-0.23421339479598025,-1.0,-1.0,B
line,away,0.5792017795921593,1.9,,1.0,,2024,0.1004833812251027,0.8999999999999999,,B
line,away,0.6180207719714759,1.9,,1.0,,2024,0.17423946674580404,0.8999999999999999,,B
line,away,0.36454314088468864,1.85,,0.0,,2024,-0.325595189363326,-1.0,-1.0,B
line,away,0.4259379228618151,1.9,,0.0,,2024,-0.19071794656255137,-1.0,-1.0,B
line,away,0.40549446652098287,1.95,,0.0,,2024,-0.20928579028408345,-1.0,-1.0,B
line,away,0.5165841471673085,1.85,,0.0,,2024,-0.0443193277404792,-1.0,-1.0,B
line,away,0.5342896236865787,1.95,,0.0,,2024,0.041864766188828506,-1.0,-1.0,B
line,away,0.44068768772959044,1.9,,1.0,,2024,-0.1626933933137782,0.8999999999999999,,B
line,away,0.5709393105236229,1.9,,0.0,,2024,0.08478468999488342,-1.0,-1.0,B
line,away,0.5239312061055478,1.9,,1.0,,2024,-0.004530708399459238,0.8999999999999999,,B
line,away,0.41561237441573073,1.9,,1.0,,2024,-0.21033648861011167,0.8999999999999999,,B
line,away,0.6014437230966423,1.85,,0.0,,2024,0.1126708877287883,-1.0,-1.0,B
line,away,0.4414604997241075,1.9,,0.0,,2024,-0.16122505052419578,-1.0,-1.0,B
line,away,0.4135428747408282,1.95,,1.0,,2024,-0.19359139425538507,0.95,,B
line,away,0.5182979730043727,1.9,,1.0,,2024,-0.015233851291691858,0.8999999999999999,,B
line,away,0.6349429492919221,1.9,,1.0,,2024,0.2063916036546518,0.8999999999999999,,B
line,away,0.49085284246570393,1.9,,1.0,,2024,-0.06737959931516257,0.8999999999999999,,B
line,away,0.5017363636243259,1.9,,1.0,,2024,-0.046700909113780775,0.8999999999999999,,B
line,away,0.3892752390022627,1.95,,0.0,,2024,-0.24091328394558775,-1.0,-1.0,B
line,away,0.4848286856219388,1.9,,0.0,,2024,-0.07882549731831634,-1.0,-1.0,B
line,away,0.4088297766940886,1.9,,0.0,,2024,-0.22322342428123165,-1.0,-1.0,B
line,away,0.3514870613872598,1.9,,1.0,,2024,-0.33217458336420636,0.8999999999999999,,B
line,away,0.49532165209085,1.95,,0.0,,2024,-0.034122778422842504,-1.0,-1.0,B
line,away,0.3318379509514999,1.9,,1.0,,2024,-0.36950789319215016,0.8999999999999999,,B
line,away,0.6242076587069596,1.85,,1.0,,2024,0.15478416860787525,0.8500000000000001,,B
line,away,0.37389675854302695,1.9,,1.0,,2024,-0.28959615876824885,0.8999999999999999,,B
line,away,0.4332263629603791,1.9,,0.0,,2024,-0.17686991037527977,-1.0,-1.0,B
line,away,0.5158115151209677,1.9,,1.0,,2024,-0.0199581212701615,0.8999999999999999,,B
line,away,0.5758956985739083,1.9,,1.0,,2024,0.0942018272904257,0.8999999999999999,,B
line,away,0.2926381331762098,1.9,,1.0,,2024,-0.4439875469652014,0.8999999999999999,,B
line,away,0.5937379509769414,1.85,,1.0,,2024,0.0984152093073416,0.8500000000000001,,B
line,away,0.43890009700680166,1.9,,0.0,,2024,-0.16608981568707692,-1.0,-1.0,B
line,away,0.4869629710073653,1.9,,0.0,,2024,-0.07477035508600594,-1.0,-1.0,B
line,away,0.46070922476017717,2.0,,0.0,,2024,-0.07858155047964566,-1.0,-1.0,B
line,away,0.45080848850841193,1.9,,0.0,,2024,-0.14346387183401732,-1.0,-1.0,B
line,away,0.4952984317269361,1.9,,1.0,,2024,-0.05893297971882139,0.8999999999999999,,B
line,away,0.5568577890699592,1.9,,0.0,,2024,0.0580297992329224,-1.0,-1.0,B
line,away,0.38927939954305035,1.9,,0.0,,2024,-0.2603691408682044,-1.0,-1.0,B
line,away,0.5151840893977618,1.8,,0.0,,2024,-0.07266863908402865,-1.0,-1.0,B
line,away,0.5424488584262839,1.95,,0.0,,2024,0.05777527393125359,-1.0,-1.0,B
line,away,0.35996998347428755,1.9,,1.0,,2024,-0.31605703139885366,0.8999999999999999,,B
line,away,0.3911158080276328,2.0,,0.0,,2025,-0.2177683839447344,-1.0,-1.0,B
line,away,0.5770877194691098,1.8,,0.0,,2025,0.03875789504439764,-1.0,-1.0,B
line,away,0.33883418930312503,1.9,,1.0,,2025,-0.3562150403240625,0.8999999999999999,,B
line,away,0.4878579382258047,2.0,,1.0,,2025,-0.0242841235483906,1.0,,B
line,away,0.6019433388237901,1.9,,1.0,,2025,0.14369234376520112,0.8999999999999999,,B
line,away,0.3122007914062085,1.9,,0.0,,2025,-0.4068184963282039,-1.0,-1.0,B
line,away,0.5357243276654725,1.8,,0.0,,2025,-0.035696210202149414,-1.0,-1.0,B
line,away,0.454020145805906,1.9,,0.0,,2025,-0.1373617229687787,-1.0,-1.0,B
line,away,0.4726294734230311,1.95,,0.0,,2025,-0.07837252682508944,-1.0,-1.0,B
line,away,0.4744100851079136,1.9,,0.0,,2025,-0.09862083829496415,-1.0,-1.0,B
line,away,0.5048134080341257,1.95,,1.0,,2025,-0.015613854333454968,0.95,,B
line,away,0.6593913670534987,1.9,,1.0,,2025,0.2528435974016474,0.8999999999999999,,B
line,away,0.4459277637485718,1.9,,1.0,,2025,-0.15273724887771367,0.8999999999999999,,B
line,away,0.26651988261369586,1.9,,0.0,,2025,-0.4936122230339779,-1.0,-1.0,B
line,away,0.48039281637568276,1.9,,1.0,,2025,-0.0872536488862028,0.8999999999999999,,B
line,away,0.5315139798690547,1.9,,0.0,,2025,0.009876561751203772,-1.0,-1.0,B
line,away,0.501571939550373,1.9,,1.0,,2025,-0.04701331485429128,0.8999999999999999,,B
line,away,0.4697020440955617,1.85,,0.0,,2025,-0.13105121842321077,-1.0,-1.0,B
line,away,0.6288126128792534,1.9,,1.0,,2025,0.1947439644705813,0.8999999999999999,,B
line,away,0.614776548910795,1.9,,0.0,,2025,0.16807544293051047,-1.0,-1.0,B
line,away,0.5170918437348653,1.9,,1.0,,2025,-0.017525496903756044,0.8999999999999999,,B
line,away,0.5905980077898483,2.0,,0.0,,2025,0.18119601557969656,-1.0,-1.0,B
line,away,0.5514296731399093,1.9,,1.0,,2025,0.0477163789658277,0.8999999999999999,,B
line,away,0.5847782912178228,1.95,,0.0,,2025,0.14031766787475441,-1.0,-1.0,B
line,away,0.3118735427380285,1.9,,0.0,,2025,-0.407440268797746,-1.0,-1.0,B
line,away,0.5449235645522444,1.9,,1.0,,2025,0.035354772649264454,0.8999999999999999,,B
line,away,0.29852686503420234,1.85,,0.0,,2025,-0.4477252996867257,-1.0,-1.0,B
line,away,0.5138826466919114,1.9,,0.0,,2025,-0.023622971285368388,-1.0,-1.0,B
line,away,0.5106665694496941,1.8,,0.0,,2025,-0.08080017499055059,-1.0,-1.0,B
line,away,0.6472012382785234,1.9,,1.0,,2025,0.22968235272919446,0.8999999999999999,,B
line,away,0.5227771618799355,1.9,,1.0,,2025,-0.006723392428122588,0.8999999999999999,,B
line,away,0.5163587386103907,1.9,,1.0,,2025,-0.01891839664025763,0.8999999999999999,,B
line,away,0.4896560997510978,1.9,,0.0,,2025,-0.06965341047291418,-1.0,-1.0,B
line,away,0.679715739076562,1.9,,1.0,,2025,0.29145990424546775,0.8999999999999999,,B
line,away,0.44641555042593195,1.95,,0.0,,2025,-0.12948967666943267,-1.0,-1.0,B
line,away,0.5142602016494564,1.9,,0.0,,2025,-0.022905616866032874,-1.0,-1.0,B
line,away,0.4428534045053836,1.9,,1.0,,2025,-0.1585785314397713,0.8999999999999999,,B
line,away,0.6781645608483239,1.85,,0.0,,2025,0.2546044375693992,-1.0,-1.0,B
line,away,0.36514068512423103,1.9,,1.0,,2025,-0.30623269826396105,0.8999999999999999,,B
line,away,0.47460047962130636,1.9,,0.0,,2025,-0.09825908871951794,-1.0,-1.0,B
line,away,0.3576773248922379,1.9,,0.0,,2025,-0.320413082704748,-1.0,-1.0,B
line,away,0.5052151291224305,1.9,,0.0,,2025,-0.04009125466738206,-1.0,-1.0,B
line,away,0.5818663232348024,1.9,,1.0,,2025,0.10554601414612441,0.8999999999999999,,B
line,away,0.550058483794734,1.9,,0.0,,2025,0.045111119209994444,-1.0,-1.0,B
line,away,0.4665546137063765,2.0,,1.0,,2025,-0.06689077258724696,1.0,,B
line,away,0.432425458054012,1.9,,1.0,,2025,-0.1783916296973772,0.8999999999999999,,B
line,away,0.6018217514674599,1.9,,0.0,,2025,0.14346132778817378,-1.0,-1.0,B
line,away,0.5378965961038201,1.95,,1.0,,2025,0.04889836240244927,0.95,,B
line,away,0.5052691463030243,1.95,,1.0,,2025,-0.014725164709102567,0.95,,B
line,away,0.46387543364881334,1.95,,0.0,,2025,-0.09544290438481395,-1.0,-1.0,B
line,away,0.33969244951499666,1.9,,0.0,,2025,-0.35458434592150634,-1.0,-1.0,B
line,away,0.32933335102986483,1.95,,0.0,,2025,-0.3577999654917636,-1.0,-1.0,B
line,away,0.3834760028102522,1.9,,1.0,,2025,-0.2713955946605209,0.8999999999999999,,B
line,away,0.5314148331555886,1.9,,1.0,,2025,0.009688182995618133,0.8999999999999999,,B
line,away,0.38229930856260597,1.9,,1.0,,2025,-0.27363131373104865,0.8999999999999999,,B
line,away,0.4569022763415752,1.95,,1.0,,2025,-0.10904056113392835,0.95,,B
line,away,0.5755842015179049,1.9,,0.0,,2025,0.09360998288401934,-1.0,-1.0,B
line,away,0.5666529811766268,1.8,,0.0,,2025,0.019975366117928273,-1.0,-1.0,B
line,away,0.670637358668029,1.95,,0.0,,2025,0.3077428494026564,-1.0,-1.0,B
line,away,0.6210296803699609,1.85,,1.0,,2025,0.14890490868442763,0.8500000000000001,,B
line,away,0.46356966947200406,1.9,,0.0,,2025,-0.11921762800319236,-1.0,-1.0,B
line,away,0.5880617948383039,1.9,,1.0,,2025,0.11731741019277742,0.8999999999999999,,B
line,away,0.5172191505511845,1.9,,0.0,,2025,-0.017283613952749466,-1.0,-1.0,B
line,away,0.484265959317284,1.9,,0.0,,2025,-0.07989467729716049,-1.0,-1.0,B
line,away,0.3604998723535391,1.95,,0.0,,2025,-0.2970252489105988,-1.0,-1.0,B
line,away,0.5018549849495036,1.85,,0.0,,2025,-0.07156827784341824,-1.0,-1.0,B
line,away,0.5295121350336257,1.85,,1.0,,2025,-0.020402550187792357,0.8500000000000001,,B
line,away,0.5083243664301711,1.9,,0.0,,2025,-0.03418370378267499,-1.0,-1.0,B
line,away,0.540979630287538,1.85,,0.0,,2025,0.0008123160319453149,-1.0,-1.0,B
line,away,0.5204975925391806,1.9,,1.0,,2025,-0.011054574175556886,0.8999999999999999,,B
line,away,0.4619913202640349,1.9,,0.0,,2025,-0.1222164914983338,-1.0,-1.0,B
line,away,0.5351260470932431,1.95,,1.0,,2025,0.04349579183182395,0.95,,B
line,away,0.6118433354291224,1.9,,1.0,,2025,0.16250233731533248,0.8999999999999999,,B
line,away,0.3434846727532004,1.95,,1.0,,2025,-0.33020488813125926,0.95,,B
line,away,0.3403708320033815,1.9,,0.0,,2025,-0.3532954191935752,-1.0,-1.0,B
line,away,0.48084063441668756,1.95,,1.0,,2025,-0.06236076288745929,0.95,,B
line,away,0.47871040498245565,1.95,,0.0,,2025,-0.06651471028421152,-1.0,-1.0,B
line,away,0.588520223077677,1.9,,0.0,,2025,0.11818842384758632,-1.0,-1.0,B
line,away,0.5597303263773485,1.9,,1.0,,2025,0.06348762011696207,0.8999999999999999,,B
line,away,0.3634879834169562,1.9,,1.0,,2025,-0.3093728315077833,0.8999999999999999,,B
line,away,0.4910432314465569,1.85,,1.0,,2025,-0.09157002182386964,0.8500000000000001,,B
line,away,0.4612737670702015,1.95,,1.0,,2025,-0.10051615421310711,0.95,,B
line,away,0.5405490993868404,1.85,,1.0,,2025,1.583386565462419e-05,0.8500000000000001,,B
line,away,0.42740538859345834,1.85,,0.0,,2025,-0.20930003110210205,-1.0,-1.0,B
line,away,0.6196062999155405,1.9,,1.0,,2025,0.17725196983952696,0.8999999999999999,,B
line,away,0.44397251515050207,1.85,,0.0,,2025,-0.1786508469715712,-1.0,-1.0,B
line,away,0.49851045155705154,2.0,,1.0,,2025,-0.002979096885896926,1.0,,B
line,away,0.5598159363417949,1.9,,1.0,,2025,0.06365027904941023,0.8999999999999999,,B
line,away,0.5215078751639763,1.9,,0.0,,2025,-0.009135037188444994,-1.0,-1.0,B
line,away,0.5852558844678574,1.9,,1.0,,2025,0.11198618048892905,0.8999999999999999,,B
line,away,0.46741908946831223,1.9,,0.0,,2025,-0.11190373001020681,-1.0,-1.0,B
line,away,0.5026805784095995,1.9,,1.0,,2025,-0.04490690102176109,0.8999999999999999,,B
line,away,0.6092940356066141,1.9,,0.0,,2025,0.15765866765256664,-1.0,-1.0,B
line,away,0.5699559009838884,1.9,,1.0,,2025,0.0829162118693878,0.8999999999999999,,B
line,away,0.537232135042029,1.95,,1.0,,2025,0.04760266333195662,0.95,,B
line,away,0.4712126305633533,1.85,,0.0,,2025,-0.12825663345779637,-1.0,-1.0,B
line,away,0.4625387457966389,1.9,,1.0,,2025,-0.12117638298638611,0.8999999999999999,,B
line,away,0.469443610954154,1.85,,0.0,,2025,-0.13152931973481508,-1.0,-1.0,B
line,away,0.41357644859992704,1.9,,1.0,,2025,-0.21420474766013864,0.8999999999999999,,B
line,away,0.5024097432769743,1.85,,0.0,,2025,-0.0705419749375975,-1.0,-1.0,B
line,away,0.5268944560506544,1.85,,0.0,,2025,-0.025245256306289265,-1.0,-1.0,B
line,away,0.48732134976855357,1.9,,0.0,,2025,-0.07408943543974822,-1.0,-1.0,B
line,away,0.5375417838079473,1.95,,1.0,,2025,0.04820647842549719,0.95,,B
line,away,0.49213659114025365,1.9,,0.0,,2025,-0.06494047683351811,-1.0,-1.0,B
line,away,0.49248666126847307,1.95,,0.0,,2025,-0.03965101052647757,-1.0,-1.0,B
line,away,0.3834940356099906,1.95,,0.0,,2025,-0.25218663056051827,-1.0,-1.0,B
line,away,0.44690878298214143,1.9,,0.0,,2025,-0.1508733123339313,-1.0,-1.0,B
line,away,0.586882742113314,1.9,,0.0,,2025,0.11507721001529658,-1.0,-1.0,B
line,away,0.5111429422596708,1.9,,0.0,,2025,-0.02882840970662548,-1.0,-1.0,B
line,away,0.37885267355250085,1.9,,0.0,,2025,-0.2801799202502484,-1.0,-1.0,B
line,away,0.5131683109085893,1.9,,1.0,,2025,-0.024980209273680387,0.8999999999999999,,B
line,away,0.45357074835453903,1.85,,0.0,,2025,-0.1608941155441027,-1.0,-1.0,B
line,away,0.46277584865250265,1.9,,0.0,,2025,-0.12072588756024505,-1.0,-1.0,B
line,away,0.624319354876057,1.9,,1.0,,2025,0.18620677426450838,0.8999999999999999,,B
line,away,0.4948909427633553,1.85,,1.0,,2025,-0.08445175588779263,0.8500000000000001,,B
line,away,0.6320541185913569,1.85,,0.0,,2025,0.16930011939401024,-1.0,-1.0,B
line,away,0.5597078914145106,1.9,,0.0,,2025,0.06344499368757006,-1.0,-1.0,B
line,away,0.37916924112811945,1.9,,0.0,,2025,-0.2795784418565731,-1.0,-1.0,B
line,away,0.33731964288876504,1.95,,0.0,,2025,-0.34222669636690817,-1.0,-1.0,B
line,away,0.4581926233503305,1.95,,0.0,,2025,-0.10652438446685553,-1.0,-1.0,B
line,away,0.479474979210031,1.95,,0.0,,2025,-0.0650237905404395,-1.0,-1.0,B
line,away,0.3673595704958973,1.85,,0.0,,2025,-0.32038479458258995,-1.0,-1.0,B
line,away,0.5887170514563468,1.95,,0.0,,2025,0.14799825033987624,-1.0,-1.0,B
line,away,0.5412303263130828,1.9,,0.0,,2025,0.028337619994857288,-1.0,-1.0,B
line,away,0.32725157355495305,1.9,,0.0,,2025,-0.3782220102455892,-1.0,-1.0,B
line,away,0.45861279290807355,1.9,,0.0,,2025,-0.1286356934746603,-1.0,-1.0,B
line,away,0.4855185099477326,1.9,,1.0,,2025,-0.07751483109930812,0.8999999999999999,,B
line,away,0.47147734307594524,1.95,,1.0,,2025,-0.08061918100190679,0.95,,B
line,away,0.49956295654894267,1.9,,1.0,,2025,-0.050830382557009,0.8999999999999999,,B
line,away,0.45207834371927325,1.8,,0.0,,2025,-0.18625898130530816,-1.0,-1.0,B
line,away,0.5424230358121847,1.9,,1.0,,2025,0.030603768043150792,0.8999999999999999,,B
line,away,0.49722826127177155,1.95,,0.0,,2025,-0.03040489052004547,-1.0,-1.0,B
line,away,0.5950554211061481,1.9,,0.0,,2025,0.13060530010168137,-1.0,-1.0,B
line,away,0.3554238031628256,1.95,,1.0,,2025,-0.3069235838324901,0.95,,B
line,away,0.4915273062597114,1.9,,1.0,,2025,-0.06609811810654831,0.8999999999999999,,B
line,away,0.5412827121596003,1.9,,0.0,,2025,0.028437153103240576,-1.0,-1.0,B
line,away,0.5059797907219821,1.9,,0.0,,2025,-0.03863839762823407,-1.0,-1.0,B
line,away,0.3787161046092453,1.9,,1.0,,2025,-0.28043940124243394,0.8999999999999999,,B
line,away,0.5053583359888958,1.9,,1.0,,2025,-0.039819161621098,0.8999999999999999,,B
line,away,0.4451656651132254,1.9,,0.0,,2025,-0.1541852362848718,-1.0,-1.0,B
line,away,0.5315831611628741,1.85,,0.0,,2025,-0.016571151848682963,-1.0,-1.0,B
line,away,0.426470532159711,1.9,,0.0,,2025,-0.18970598889654922,-1.0,-1.0,B
line,away,0.41917401413048205,1.95,,0.0,,2025,-0.18261067244556006,-1.0,-1.0,B
line,away,0.4100515642396282,1.9,,1.0,,2025,-0.22090202794470648,0.8999999999999999,,B
line,away,0.4216183739840357,1.9,,1.0,,2025,-0.19892508943033227,0.8999999999999999,,B
line,away,0.41259344172503853,1.9,,1.0,,2025,-0.2160724607224268,0.8999999999999999,,B
line,away,0.4951210357414789,1.9,,0.0,,2025,-0.059270032091190084,-1.0,-1.0,B
line,away,0.5421902164513782,2.0,,0.0,,2025,0.08438043290275643,-1.0,-1.0,B
line,away,0.6428827087694037,1.9,,0.0,,2025,0.22147714666186702,-1.0,-1.0,B
line,away,0.5174317017152107,1.9,,1.0,,2025,-0.0168797667410997,0.8999999999999999,,B
line,away,0.3453596073742409,1.95,,1.0,,2025,-0.3265487656202303,0.95,,B
line,away,0.37459478980549477,1.9,,0.0,,2025,-0.28826989936955993,-1.0,-1.0,B
line,away,0.4591538466290743,1.85,,0.0,,2025,-0.15056538373621242,-1.0,-1.0,B
line,away,0.5184840154583752,1.9,,0.0,,2025,-0.014880370629087203,-1.0,-1.0,B
line,away,0.4725148736169247,2.0,,0.0,,2025,-0.05497025276615064,-1.0,-1.0,B
line,away,0.5676719510259264,1.95,,0.0,,2025,0.10696030450055649,-1.0,-1.0,B
line,away,0.5823264919318999,1.85,,1.0,,2025,0.07730401007401477,0.8500000000000001,,B
line,away,0.6507696885406131,1.9,,0.0,,2025,0.2364624082271649,-1.0,-1.0,B
line,away,0.5697231802723073,1.95,,0.0,,2025,0.11096020153099917,-1.0,-1.0,B
line,away,0.6112060020662532,1.95,,0.0,,2025,0.1918517040291936,-1.0,-1.0,B
line,away,0.5420956587340042,1.85,,1.0,,2025,0.0028769686579077636,0.8500000000000001,,B
line,away,0.5960086212308802,1.9,,0.0,,2025,0.1324163803386722,-1.0,-1.0,B
line,away,0.3895585115051766,1.95,,0.0,,2025,-0.2403609025649056,-1.0,-1.0,B
line,away,0.40331780754312974,1.95,,0.0,,2025,-0.21353027529089708,-1.0,-1.0,B
line,away,0.5260125104164011,1.9,,1.0,,2025,-0.0005762302088380133,0.8999999999999999,,B
line,away,0.409483094847248,1.9,,0.0,,2025,-0.22198211979022886,-1.0,-1.0,B
line,away,0.5041536917230404,1.85,,0.0,,2025,-0.06731567031237529,-1.0,-1.0,B
line,away,0.42324301525352004,1.9,,1.0,,2025,-0.19583827101831197,0.8999999999999999,,B
line,away,0.5539474002700586,1.85,,0.0,,2025,0.024802690499608593,-1.0,-1.0,B
line,away,0.5829792989970722,1.9,,1.0,,2025,0.1076606680944372,0.8999999999999999,,B
line,away,0.532272013874604,1.95,,1.0,,2025,0.03793042705547767,0.95,,B
line,away,0.45015705462327915,1.9,,1.0,,2025,-0.1447015962157696,0.8999999999999999,,B
line,away,0.48911838606423064,1.9,,1.0,,2025,-0.07067506647796185,0.8999999999999999,,B
line,away,0.40032890692421164,1.9,,0.0,,2025,-0.23937507684399795,-1.0,-1.0,B
line,away,0.45852681906302195,1.9,,0.0,,2025,-0.1287990437802583,-1.0,-1.0,B
line,away,0.4470427664408614,1.9,,0.0,,2025,-0.1506187437623634,-1.0,-1.0,B
line,away,0.48857975523418595,1.9,,0.0,,2025,-0.07169846505504673,-1.0,-1.0,B
line,away,0.4922713206512672,1.9,,0.0,,2025,-0.0646844907625923,-1.0,-1.0,B
line,away,0.48978692544479374,1.9,,0.0,,2025,-0.06940484165489191,-1.0,-1.0,B
line,away,0.5197804207533964,1.9,,0.0,,2025,-0.012417200568547004,-1.0,-1.0,B
line,away,0.4948129289360603,1.9,,1.0,,2025,-0.05985543502148538,0.8999999999999999,,B
line,away,0.49659719928458856,1.9,,1.0,,2025,-0.05646532135928173,0.8999999999999999,,B
line,away,0.5154750881756593,1.95,,0.0,,2025,0.005176421942535647,-1.0,-1.0,B
line,away,0.6732378503278735,1.9,,1.0,,2025,0.2791519156229596,0.8999999999999999,,B
line,away,0.5724252057097566,1.9,,0.0,,2025,0.0876078908485376,-1.0,-1.0,B
line,away,0.48209370707193056,1.85,,1.0,,2025,-0.10812664191692845,0.8500000000000001,,B
line,away,0.5643251939132394,1.9,,1.0,,2025,0.07221786843515487,0.8999999999999999,,B
line,away,0.10191642367663589,1.9,,0.0,,2025,-0.8063587950143918,-1.0,-1.0,B
line,away,0.4049894631088745,1.9,,1.0,,2025,-0.23052002009313843,0.8999999999999999,,B
line,away,0.5964261548098531,1.9,,1.0,,2025,0.13320969413872086,0.8999999999999999,,B
line,away,0.43363009877780556,1.9,,0.0,,2025,-0.1761028123221695,-1.0,-1.0,B
line,away,0.5454913084714466,1.95,,1.0,,2025,0.06370805151932069,0.95,,B
line,away,0.49995115874808727,1.9,,1.0,,2025,-0.05009279837863423,0.8999999999999999,,B
line,away,0.3899741430009357,1.9,,0.0,,2025,-0.25904912829822224,-1.0,-1.0,B
line,away,0.3632021148796818,1.95,,0.0,,2025,-0.2917558759846205,-1.0,-1.0,B
line,away,0.5562758371414067,1.95,,0.0,,2025,0.08473788242574298,-1.0,-1.0,B
line,away,0.5399593608428825,1.9,,1.0,,2025,0.02592278560147676,0.8999999999999999,,B
line,away,0.32581936227220276,1.9,,0.0,,2025,-0.38094321168281475,-1.0,-1.0,B
line,away,0.6392920280835448,1.9,,1.0,,2025,0.21465485335873513,0.8999999999999999,,B
line,away,0.4929373419946955,1.95,,0.0,,2025,-0.038772183110343805,-1.0,-1.0,B
line,away,0.46693109763012186,1.9,,1.0,,2025,-0.1128309145027685,0.8999999999999999,,B
line,away,0.6225198033832061,1.9,,0.0,,2025,0.18278762642809165,-1.0,-1.0,B
line,away,0.45881713834358495,1.9,,0.0,,2025,-0.12824743714718867,-1.0,-1.0,B
line,away,0.4284667199034453,1.9,,0.0,,2025,-0.1859132321834539,-1.0,-1.0,B
line,away,0.4700196372542379,1.9,,1.0,,2025,-0.10696268921694807,0.8999999999999999,,B
line,away,0.46994343221337365,1.9,,0.0,,2025,-0.10710747879459015,-1.0,-1.0,B
line,away,0.46892277091102863,1.85,,1.0,,2025,-0.13249287381459696,0.8500000000000001,,B
line,away,0.6009070963811857,1.9,,1.0,,2025,0.14172348312425265,0.8999999999999999,,B
line,away,0.4996049764195697,1.85,,1.0,,2025,-0.07573079362379598,0.8500000000000001,,B
line,away,0.5622874210890978,1.85,,0.0,,2025,0.040231729014831075,-1.0,-1.0,B
line,away,0.6285309428421237,1.8,,0.0,,2025,0.13135569711582273,-1.0,-1.0,B
line,away,0.39184852074256815,1.85,1.85,1.0,0.0,2025,-0.2750802366262489,0.8500000000000001,0.8500000000000001,B
total,over,0.6217106382204465,1.91,1.87,0.0,0.0,2023,0.18746731900105273,-1.0,-1.0,B
total,over,0.5629331733437793,1.91,1.952,0.0,0.0,2023,0.0752023610866186,-1.0,-1.0,B
total,over,0.6172017396724623,1.91,1.91,0.0,0.0,2023,0.17885532277440297,-1.0,-1.0,B
total,over,0.5313441419515454,1.91,1.85,0.0,0.0,2023,0.014867311127451766,-1.0,-1.0,B
total,over,0.5613511261670845,1.91,1.93,0.0,0.0,2023,0.0721806509791314,-1.0,-1.0,B
total,over,0.5569639510897962,1.91,1.91,1.0,-2.0,2023,0.0638011465815107,0.9099999999999999,0.9099999999999999,B
total,over,0.4142688837973592,1.91,1.85,0.0,-1.0,2023,-0.2087464319470439,-1.0,-1.0,B
total,over,0.6714640890630033,1.91,1.91,0.0,0.0,2023,0.2824964101103362,-1.0,-1.0,B
total,over,0.6162431060183796,1.91,1.952,1.0,0.0,2023,0.17702433249510507,0.9099999999999999,0.952,B
total,over,0.5918434995975705,1.85,1.93,1.0,-1.0,2023,0.09491047425550558,0.8500000000000001,0.9299999999999999,B
total,over,0.5058655976072534,1.91,1.91,0.0,1.0,2023,-0.03379670857014616,-1.0,-1.0,B
total,over,0.6422610006916154,1.87,1.91,0.0,0.0,2023,0.2010280712933208,-1.0,-1.0,B
total,over,0.5542518715662694,1.91,1.91,0.0,0.0,2023,0.058621074691574515,-1.0,-1.0,B
total,over,0.59673327561703,1.91,1.87,1.0,-2.0,2023,0.13976055642852736,0.9099999999999999,0.8700000000000001,B
total,over,0.6019243904928073,1.91,1.93,1.0,2.0,2023,0.14967558584126195,0.9099999999999999,0.9299999999999999,B
total,over,0.6535328374060967,1.91,1.87,0.0,2.0,2023,0.24824771944564472,-1.0,-1.0,B
total,over,0.5639040003956757,1.91,1.91,1.0,0.0,2023,0.07705664075574048,0.9099999999999999,0.9099999999999999,B
total,over,0.5627041876672758,1.91,1.91,0.0,1.0,2023,0.07476499844449669,-1.0,-1.0,B
total,over,0.5693145255351074,1.91,1.91,1.0,1.0,2023,0.08739074377205513,0.9099999999999999,0.9099999999999999,B
total,over,0.5804344190854873,1.91,1.85,1.0,1.0,2023,0.10862974045328078,0.9099999999999999,0.8500000000000001,B
total,over,0.5670161182292057,1.91,1.85,1.0,1.0,2023,0.08300078581778281,0.9099999999999999,0.8500000000000001,B
total,over,0.640997584463188,1.91,1.91,0.0,0.0,2023,0.2243053863246891,-1.0,-1.0,B
total,over,0.5289943174086142,1.91,1.91,0.0,0.0,2023,0.01037914625045322,-1.0,-1.0,B
total,over,0.5477377705741796,1.91,1.952,0.0,1.0,2023,0.04617914179668303,-1.0,-1.0,B
total,over,0.5351819241250426,1.91,1.87,0.0,0.0,2023,0.022197475078831408,-1.0,-1.0,B
total,over,0.5484317349014078,1.91,1.91,0.0,1.0,2023,0.04750461366168901,-1.0,-1.0,B
total,over,0.5507878534544028,1.91,1.97,0.0,0.0,2023,0.05200480009790942,-1.0,-1.0,B
total,over,0.5464082327215558,1.91,1.85,1.0,0.0,2023,0.04363972449817166,0.9099999999999999,0.8500000000000001,B
total,over,0.6615132397236989,1.85,1.91,1.0,2.0,2023,0.22379949348884298,0.8500000000000001,0.9099999999999999,B
total,over,0.5668591196865936,1.91,1.91,1.0,-2.0,2023,0.08270091860139384,0.9099999999999999,0.9099999999999999,B
total,over,0.5846766610075261,1.91,1.91,0.0,-1.0,2023,0.11673242252437488,-1.0,-1.0,B
total,over,0.5248934718046875,1.91,1.91,1.0,0.0,2023,0.002546531146953024,0.9099999999999999,0.9099999999999999,B
total,over,0.5617175443098251,1.91,1.91,1.0,0.0,2023,0.07288050963176596,0.9099999999999999,0.9099999999999999,B
total,over,0.6121555416267398,1.91,1.91,0.0,-1.0,2023,0.16921708450707307,-1.0,-1.0,B
total,over,0.676441173315836,1.91,1.91,0.0,0.0,2023,0.2920026410332466,-1.0,-1.0,B
total,over,0.524818619134059,2.0,1.87,1.0,-2.0,2023,0.049637238268118056,1.0,0.8700000000000001,B
total,over,0.5523703603338623,2.0,1.82,1.0,0.0,2023,0.10474072066772466,1.0,0.8200000000000001,B
total,over,0.5644036063601242,1.91,1.87,1.0,1.0,2023,0.07801088814783719,0.9099999999999999,0.8700000000000001,B
total,over,0.4788023371079257,1.91,1.87,0.0,0.0,2023,-0.08548753612386195,-1.0,-1.0,B
total,over,0.4965805886713275,1.85,1.85,0.0,2.0,2023,-0.08132591095804409,-1.0,-1.0,B
total,over,0.5644079878628417,1.91,1.91,1.0,2.0,2023,0.0780192568180278,0.9099999999999999,0.9099999999999999,B
total,over,0.5033659224772951,1.91,1.91,1.0,2.0,2023,-0.03857108806836651,0.9099999999999999,0.9099999999999999,B
total,over,0.49529555098957556,1.91,1.91,1.0,2.0,2023,-0.05398549760991067,0.9099999999999999,0.9099999999999999,B
total,over,0.6283695584598198,1.91,1.952,0.0,3.0,2023,0.20018585665825572,-1.0,-1.0,B
total,over,0.5373816290876261,1.91,1.82,0.0,1.0,2023,0.026398911557365734,-1.0,-1.0,B
total,over,0.6163986003838904,1.91,1.91,0.0,2.0,2023,0.17732132673323053,-1.0,-1.0,B
total,over,0.5019342104564193,1.91,1.91,0.0,0.0,2023,-0.041305658028239156,-1.0,-1.0,B
total,over,0.5363076858591488,1.91,1.87,1.0,3.0,2023,0.02434767999097409,0.9099999999999999,0.8700000000000001,B
total,over,0.5649032323206217,1.91,1.91,0.0,0.0,2023,0.07896517373238732,-1.0,-1.0,B
total,over,0.5610938782677798,1.91,1.91,0.0,2.0,2023,0.0716893074914593,-1.0,-1.0,B
total,over,0.6374807696825165,1.91,1.93,0.0,-2.0,2023,0.21758827009360648,-1.0,-1.0,B
total,over,0.5467156963337552,1.91,1.82,0.0,0.0,2023,0.04422697999747238,-1.0,-1.0,B
total,over,0.5915027609654399,1.91,1.91,1.0,1.0,2023,0.12977027344399006,0.9099999999999999,0.9099999999999999,B
total,over,0.6154461056547514,1.91,1.87,0.0,1.0,2023,0.17550206180057515,-1.0,-1.0,B
total,over,0.5316044811416276,1.91,1.87,1.0,3.0,2023,0.015364558980508702,0.9099999999999999,0.8700000000000001,B
total,over,0.540848422362926,1.91,1.87,0.0,1.0,2023,0.03302048671318847,-1.0,-1.0,B
total,over,0.5888902536622418,1.91,1.952,1.0,1.0,2023,0.12478038449488182,0.9099999999999999,0.952,B
total,over,0.5434105960938653,1.91,2.0,1.0,0.0,2023,0.037914238539282774,0.9099999999999999,1.0,B
total,over,0.6185310297562113,1.91,1.91,1.0,2.0,2023,0.18139426683436355,0.9099999999999999,0.9099999999999999,B
total,over,0.620832638277731,1.91,1.91,1.0,2.0,2023,0.18579033911046627,0.9099999999999999,0.9099999999999999,B
total,over,0.5628287303314929,1.91,1.91,0.0,0.0,2023,0.0750028749331515,-1.0,-1.0,B
total,over,0.5368870347278023,1.91,1.93,1.0,0.0,2023,0.025454236330102464,0.9099999999999999,0.9299999999999999,B
total,over,0.45211584574068414,1.91,1.952,0.0,-3.0,2023,-0.13645873463529334,-1.0,-1.0,B
total,over,0.46804829495788275,1.91,1.91,0.0,-4.0,2023,-0.10602775663044395,-1.0,-1.0,B
total,over,0.5649651041928643,1.91,1.91,0.0,-2.0,2023,0.07908334900837066,-1.0,-1.0,B
total,over,0.6269450110125759,1.91,1.82,0.0,1.0,2023,0.19746497103401994,-1.0,-1.0,B
total,over,0.5894779691660565,1.91,1.91,1.0,0.0,2023,0.12590292110716805,0.9099999999999999,0.9099999999999999,B
total,over,0.5125330009942671,1.91,1.87,0.0,2.0,2023,-0.021061968100949846,-1.0,-1.0,B
total,over,0.5929521063710351,1.91,1.87,0.0,2.0,2023,0.1325385231686771,-1.0,-1.0,B
total,over,0.5955127362901611,1.91,1.82,1.0,5.0,2023,0.13742932631420768,0.9099999999999999,0.8200000000000001,B
total,over,0.5758702915637642,1.91,1.91,0.0,0.0,2023,0.09991225688678962,-1.0,-1.0,B
total,over,0.5528860195983851,1.91,1.87,0.0,3.0,2023,0.05601229743291558,-1.0,-1.0,B
total,over,0.4272694246047053,1.91,1.85,0.0,-1.0,2023,-0.18391539900501297,-1.0,-1.0,B
total,over,0.49891940296662024,1.91,1.91,1.0,-3.0,2023,-0.04706394033375538,0.9099999999999999,0.9099999999999999,B
total,over,0.5895677264443324,1.91,1.87,0.0,-1.0,2023,0.1260743575086749,-1.0,-1.0,B
total,over,0.5839754080436043,1.91,1.87,0.0,0.0,2023,0.1153930293632841,-1.0,-1.0,B
total,over,0.6039445579801644,1.91,1.91,1.0,-2.0,2023,0.153534105742114,0.9099999999999999,0.9099999999999999,B
total,over,0.44518403487449787,1.91,1.82,0.0,0.0,2023,-0.1496984933897091,-1.0,-1.0,B
total,over,0.5765143102827783,1.91,1.82,1.0,0.0,2023,0.10114233264010664,0.9099999999999999,0.8200000000000001,B
total,over,0.5875298169179727,1.91,1.91,1.0,2.0,2023,0.12218195031332768,0.9099999999999999,0.9099999999999999,B
total,over,0.49897379513744533,1.91,1.91,1.0,2.0,2023,-0.04696005128747949,0.9099999999999999,0.9099999999999999,B
total,over,0.4885596514212307,1.91,1.91,0.0,0.0,2023,-0.06685106578544942,-1.0,-1.0,B
total,over,0.6341596552624376,1.91,1.85,0.0,0.0,2023,0.21124494155125562,-1.0,-1.0,B
total,over,0.5884946817828706,1.91,1.85,1.0,0.0,2023,0.12402484220528276,0.9099999999999999,0.8500000000000001,B
total,over,0.5230702427193221,1.91,1.91,1.0,0.0,2023,-0.0009358364060947366,0.9099999999999999,0.9099999999999999,B
total,over,0.43875907664691677,1.91,1.91,0.0,1.0,2023,-0.16197016360438898,-1.0,-1.0,B
total,over,0.49732012341924436,1.91,1.952,1.0,-1.0,2023,-0.050118564269243326,0.9099999999999999,0.952,B
total,over,0.5733212249922672,1.91,1.91,0.0,0.0,2023,0.09504353973523028,-1.0,-1.0,B
total,over,0.5028433762555237,1.91,1.85,0.0,2.0,2023,-0.03956915135194983,-1.0,-1.0,B
total,over,0.5081613997330348,1.91,1.91,1.0,0.0,2023,-0.029411726509903646,0.9099999999999999,0.9099999999999999,B
total,over,0.5473163841005704,1.91,1.85,0.0,0.0,2023,0.045374293632089335,-1.0,-1.0,B
total,over,0.5156852456174488,1.91,1.85,0.0,0.0,2023,-0.015041180870672854,-1.0,-1.0,B
total,over,0.5640403884553721,1.91,1.91,1.0,1.0,2023,0.07731714194976069,0.9099999999999999,0.9099999999999999,B
total,over,0.589707284052847,1.91,1.952,1.0,0.0,2023,0.12634091254093782,0.9099999999999999,0.952,B
total,over,0.5332387656959974,1.91,1.85,1.0,1.0,2023,0.018486042479354925,0.9099999999999999,0.8500000000000001,B
total,over,0.5967779960692511,1.91,1.91,0.0,0.0,2023,0.1398459724922696,-1.0,-1.0,B
total,over,0.5490343437265369,1.91,1.91,0.0,1.0,2023,0.048655596517685584,-1.0,-1.0,B
total,over,0.44721646703846607,1.91,1.91,1.0,1.0,2023,-0.14581654795652987,0.9099999999999999,0.9099999999999999,B
total,over,0.5840363488000182,1.91,1.91,0.0,0.0,2023,0.11550942620803473,-1.0,-1.0,B
total,over,0.5350791520695403,1.91,1.91,1.0,-1.0,2023,0.022001180452821956,0.9099999999999999,0.9099999999999999,B
total,over,0.5506926864860627,1.91,1.91,1.0,0.0,2023,0.05182303118837983,0.9099999999999999,0.9099999999999999,B
total,over,0.5269659123827819,1.91,1.82,1.0,-1.0,2023,0.006504892651113314,0.9099999999999999,0.8200000000000001,B
total,over,0.49124355267094,1.91,1.93,0.0,0.0,2023,-0.061724814398504635,-1.0,-1.0,B
total,over,0.5614197764824718,1.91,1.85,1.0,1.0,2023,0.07231177308152104,0.9099999999999999,0.8500000000000001,B
total,over,0.47665665173425675,1.91,1.87,1.0,0.0,2023,-0.0895857951875696,0.9099999999999999,0.8700000000000001,B
total,over,0.48184209971030556,1.87,1.82,1.0,-2.0,2023,-0.0989552735417285,0.8700000000000001,0.8200000000000001,B
total,over,0.5253579427048577,1.91,1.85,1.0,0.0,2023,0.0034336705662780798,0.9099999999999999,0.8500000000000001,B
total,over,0.6164138272750895,1.91,1.952,0.0,-1.0,2023,0.17735041009542085,-1.0,-1.0,B
total,over,0.5245565987898151,1.91,1.91,1.0,0.0,2023,0.0019031036885468477,0.9099999999999999,0.9099999999999999,B
total,over,0.5634897374433333,1.91,1.87,1.0,1.0,2023,0.0762653985167665,0.9099999999999999,0.8700000000000001,B
total,over,0.6330283638572535,1.91,1.91,1.0,0.0,2023,0.209084174967354,0.9099999999999999,0.9099999999999999,B
total,over,0.5147647828542605,1.91,1.87,0.0,1.0,2023,-0.016799264748362464,-1.0,-1.0,B
total,over,0.6285215827285724,1.91,1.952,0.0,1.0,2023,0.2004762230115733,-1.0,-1.0,B
total,over,0.6053342467274018,1.91,1.91,0.0,0.0,2023,0.15618841124933724,-1.0,-1.0,B
total,over,0.5532285657025988,1.87,1.82,1.0,2.0,2023,0.034537417863859776,0.8700000000000001,0.8200000000000001,B
total,over,0.5476737384968677,1.91,1.91,1.0,0.0,2023,0.04605684052901737,0.9099999999999999,0.9099999999999999,B
total,over,0.5404396784693968,1.91,1.91,1.0,2.0,2023,0.032239785876547744,0.9099999999999999,0.9099999999999999,B
total,over,0.5667134705940988,1.91,1.82,0.0,-2.0,2023,0.08242272883472879,-1.0,-1.0,B
total,over,0.5284730609045706,1.91,1.91,0.0,-1.0,2023,0.009383546327729864,-1.0,-1.0,B
total,over,0.4403517014574625,1.91,1.91,0.0,4.0,2023,-0.15892825021624668,-1.0,-1.0,B
total,over,0.5521320847204062,1.91,1.82,0.0,1.0,2023,0.05457228181597573,-1.0,-1.0,B
total,over,0.5850751105217794,1.91,1.91,0.0,1.0,2023,0.11749346109659853,-1.0,-1.0,B
total,over,0.5007996842500984,1.91,1.85,1.0,0.0,2023,-0.043472603082312156,0.9099999999999999,0.8500000000000001,B
total,over,0.5150044919663329,1.87,1.952,0.0,-5.0,2023,-0.03694160002295743,-1.0,-1.0,B
total,over,0.6436947581717279,1.91,2.02,1.0,0.0,2023,0.22945698810800041,0.9099999999999999,1.02,B
total,over,0.4979000502275597,1.91,1.91,1.0,0.0,2023,-0.049010904065361016,0.9099999999999999,0.9099999999999999,B
total,over,0.46516451021781374,1.91,1.91,1.0,0.0,2023,-0.1115357854839758,0.9099999999999999,0.9099999999999999,B
total,over,0.44995235147890517,1.91,1.91,0.0,1.0,2023,-0.14059100867529117,-1.0,-1.0,B
total,over,0.5254714026182433,1.87,1.85,1.0,0.0,2023,-0.017368477103884894,0.8700000000000001,0.8500000000000001,B
total,over,0.5146281239084054,1.91,1.87,0.0,0.0,2023,-0.01706028333494569,-1.0,-1.0,B
total,over,0.5370253482384236,1.91,1.85,1.0,5.0,2023,0.025718415135389083,0.9099999999999999,0.8500000000000001,B
total,over,0.6128389103838575,1.91,1.82,1.0,3.0,2023,0.1705223188331677,0.9099999999999999,0.8200000000000001,B
total,over,0.6397258189945206,1.91,1.91,1.0,3.0,2023,0.22187631427953436,0.9099999999999999,0.9099999999999999,B
total,over,0.5909426652356382,1.91,1.91,1.0,0.0,2023,0.12870049060006883,0.9099999999999999,0.9099999999999999,B
total,over,0.43257604874854494,1.91,1.91,0.0,3.0,2023,-0.1737797468902792,-1.0,-1.0,B
total,over,0.5502689197857715,1.91,1.91,1.0,2.0,2023,0.0510136367908236,0.9099999999999999,0.9099999999999999,B
total,over,0.5189489343552794,1.91,1.91,1.0,1.0,2023,-0.00880753538141632,0.9099999999999999,0.9099999999999999,B
total,over,0.5660250469630607,1.91,1.87,0.0,1.0,2023,0.0811078396994458,-1.0,-1.0,B
total,over,0.6428643792730917,1.91,1.91,1.0,2.0,2023,0.22787096441160504,0.9099999999999999,0.9099999999999999,B
total,over,0.6205130438354436,1.91,1.952,1.0,3.0,2023,0.1851799137256973,0.9099999999999999,0.952,B
total,over,0.5754053575768722,1.91,1.91,0.0,2.0,2023,0.09902423297182583,-1.0,-1.0,B
total,over,0.5177259035611943,1.91,1.91,1.0,5.0,2023,-0.011143524198118926,0.9099999999999999,0.9099999999999999,B
total,over,0.5491992196760148,1.85,1.91,0.0,2.0,2023,0.016018556400627437,-1.0,-1.0,B
total,over,0.5991946458423372,1.85,1.85,0.0,-2.0,2023,0.10851009480832374,-1.0,-1.0,B
total,over,0.4868034407428252,1.952,1.952,1.0,0.0,2023,-0.04975968367000516,0.952,0.952,B
total,over,0.45715691659614227,1.85,1.85,1.0,2.0,2023,-0.15425970429713676,0.8500000000000001,0.8500000000000001,B
total,over,0.5274560154326026,1.85,1.91,1.0,2.0,2023,-0.024206371449685182,0.8500000000000001,0.9099999999999999,B
total,over,0.4569425296229784,1.91,1.87,0.0,0.0,2023,-0.1272397684201113,-1.0,-1.0,B
total,over,0.4203489771355441,1.91,1.91,1.0,1.0,2023,-0.1971334536711108,0.9099999999999999,0.9099999999999999,B
total,over,0.43320481585173803,1.91,1.91,1.0,0.0,2023,-0.1725788017231804,0.9099999999999999,0.9099999999999999,B
total,over,0.47067062795256603,2.0,1.91,0.0,0.0,2023,-0.05865874409486793,-1.0,-1.0,B
total,over,0.33884651689697254,1.91,1.91,1.0,2.0,2023,-0.35280315272678253,0.9099999999999999,0.9099999999999999,B
total,over,0.5604149922127459,1.91,1.91,1.0,1.0,2023,0.07039263512634464,0.9099999999999999,0.9099999999999999,B
total,over,0.478889345816077,1.91,1.91,0.0,1.0,2023,-0.085321349491293,-1.0,-1.0,B
total,over,0.4694817545537418,1.91,1.87,0.0,0.0,2023,-0.10328984880235315,-1.0,-1.0,B
total,over,0.5525378527927558,1.91,1.91,0.0,2.0,2023,0.05534729883416345,-1.0,-1.0,B
total,over,0.40616059337715205,1.91,1.91,0.0,1.0,2023,-0.2242332666496396,-1.0,-1.0,B
total,over,0.42747782384163036,1.91,1.91,0.0,1.0,2023,-0.18351735646248601,-1.0,-1.0,B
total,over,0.5005886400922691,1.91,1.91,0.0,-2.0,2023,-0.04387569742376607,-1.0,-1.0,B
total,over,0.4415313325936566,1.91,1.82,0.0,1.0,2023,-0.15667515474611593,-1.0,-1.0,B
total,over,0.5910401063156038,1.91,1.82,0.0,-1.0,2023,0.12888660306280308,-1.0,-1.0,B
total,over,0.5201006892082246,1.91,1.952,1.0,-1.0,2023,-0.0066076836122910265,0.9099999999999999,0.952,B
total,over,0.3534482209923402,1.91,1.91,1.0,-1.0,2023,-0.3249138979046302,0.9099999999999999,0.9099999999999999,B
total,over,0.38460338033945496,1.91,1.91,0.0,0.0,2023,-0.2654075435516411,-1.0,-1.0,B
total,over,0.43110771886167176,1.91,1.91,0.0,0.0,2023,-0.176584256974207,-1.0,-1.0,B
total,over,0.433243240792927,1.91,1.91,0.0,0.0,2023,-0.17250541008550946,-1.0,-1.0,B
total,over,0.4892065357259578,1.91,1.91,0.0,-1.0,2023,-0.0656155167634207,-1.0,-1.0,B
total,over,0.39388424321648446,1.91,1.91,0.0,0.0,2023,-0.24768109545651473,-1.0,-1.0,B
total,over,0.4413795969923408,1.91,1.91,1.0,1.0,2023,-0.15696496974462915,0.9099999999999999,0.9099999999999999,B
total,over,0.3327273665961451,1.91,1.952,0.0,0.0,2023,-0.3644907298013629,-1.0,-1.0,B
total,over,0.4245166825830645,1.91,1.952,1.0,0.0,2023,-0.1891731362663468,0.9099999999999999,0.952,B
total,over,0.40523767415144396,1.91,1.87,0.0,-1.0,2023,-0.2259960423707421,-1.0,-1.0,B
total,over,0.5286555363873171,1.91,1.82,1.0,0.0,2023,0.009732074499775534,0.9099999999999999,0.8200000000000001,B
total,over,0.4297373358636289,1.91,1.97,1.0,1.0,2023,-0.1792016885004688,0.9099999999999999,0.97,B
total,over,0.4102985110975833,1.91,1.952,0.0,0.0,2023,-0.21632984380361586,-1.0,-1.0,B
total,over,0.451504911822897,1.91,1.97,1.0,1.0,2023,-0.13762561841826682,0.9099999999999999,0.97,B
total,over,0.5327263625501311,1.87,1.952,1.0,1.0,2023,-0.00380170203125485,0.8700000000000001,0.952,B
total,over,0.4441160122614931,1.91,1.91,1.0,1.0,2023,-0.1517384165805482,0.9099999999999999,0.9099999999999999,B
total,over,0.4746631963856652,1.91,1.82,1.0,-1.0,2023,-0.09339329490337955,0.9099999999999999,0.8200000000000001,B
total,over,0.5046655816162746,1.91,1.82,1.0,0.0,2023,-0.03608873911291555,0.9099999999999999,0.8200000000000001,B
total,over,0.4106646049202119,1.91,1.97,0.0,1.0,2023,-0.21563060460239536,-1.0,-1.0,B
total,over,0.519716482030582,1.91,1.85,1.0,1.0,2023,-0.007341519321588441,0.9099999999999999,0.8500000000000001,B
total,over,0.5223144598537293,1.91,1.87,1.0,0.0,2023,-0.002379381679377124,0.9099999999999999,0.8700000000000001,B
total,over,0.4179032574942305,1.91,1.91,0.0,2.0,2023,-0.20180477818601972,-1.0,-1.0,B
total,over,0.41449174855027704,1.82,1.87,0.0,1.0,2023,-0.24562501763849576,-1.0,-1.0,B
total,over,0.3935909049505119,1.91,1.91,1.0,1.0,2023,-0.2482413715445223,0.9099999999999999,0.9099999999999999,B
total,over,0.4458705805836749,1.91,1.97,0.0,1.0,2023,-0.14838719108518095,-1.0,-1.0,B
total,over,0.5011512244082105,1.952,1.91,1.0,0.0,2023,-0.021752809955173147,0.952,0.9099999999999999,B
total,over,0.47527957738347615,1.91,1.85,1.0,2.0,2023,-0.09221600719756062,0.9099999999999999,0.8500000000000001,B
total,over,0.4979528870757919,1.91,1.91,0.0,1.0,2023,-0.04890998568523752,-1.0,-1.0,B
total,over,0.5273502945762388,1.91,1.952,1.0,0.0,2023,0.007239062640616023,0.9099999999999999,0.952,B
total,over,0.40309988155457255,1.91,1.85,1.0,1.0,2023,-0.2300792262307665,0.9099999999999999,0.8500000000000001,B
total,over,0.4471602530911244,1.91,1.91,0.0,-2.0,2023,-0.1459239165959525,-1.0,-1.0,B
total,over,0.377809110027699,1.91,1.97,0.0,4.0,2023,-0.27838459984709496,-1.0,-1.0,B
total,over,0.5645296485004533,1.91,1.91,1.0,1.0,2023,0.07825162863586566,0.9099999999999999,0.9099999999999999,B
total,over,0.4684843949258413,1.91,1.87,0.0,2.0,2023,-0.10519480569164308,-1.0,-1.0,B
total,over,0.32552144332007593,1.91,1.91,1.0,5.0,2023,-0.37825404325865497,0.9099999999999999,0.9099999999999999,B
total,over,0.5347708401655918,1.82,1.8,0.0,2.0,2023,-0.026717070898622852,-1.0,-1.0,B
total,over,0.5188624590713996,1.87,2.05,0.0,0.0,2023,-0.029727201536482672,-1.0,-1.0,B
total,over,0.5864726745534095,1.952,1.87,0.0,1.0,2023,0.1447946607282553,-1.0,-1.0,B
total,over,0.6186599652708593,1.952,1.87,0.0,1.0,2023,0.20762425220871727,-1.0,-1.0,B
total,over,0.5527036768041848,1.85,1.82,1.0,1.0,2023,0.022501802087741885,0.8500000000000001,0.8200000000000001,B
total,over,0.6528172218989878,1.91,1.91,0.0,1.0,2023,0.2468808938270668,-1.0,-1.0,B
total,over,0.5766082914175323,1.91,1.91,1.0,0.0,2023,0.10132183660748662,0.9099999999999999,0.9099999999999999,B
total,over,0.6518383133723856,1.91,1.97,1.0,0.0,2023,0.24501117854125654,0.9099999999999999,0.97,B
total,over,0.5711743417832666,1.91,1.91,1.0,1.0,2023,0.09094299280603924,0.9099999999999999,0.9099999999999999,B
total,over,0.6517780993609799,1.91,1.952,1.0,0.0,2023,0.24489616977947137,0.9099999999999999,0.952,B
total,over,0.5660405794098591,1.91,1.952,1.0,-2.0,2024,0.08113750667283082,0.9099999999999999,0.952,B
total,over,0.5469181831790527,1.952,1.91,0.0,0.0,2024,0.06758429356551088,-1.0,-1.0,B
total,over,0.6008932133928241,1.91,1.82,0.0,1.0,2024,0.14770603758029388,-1.0,-1.0,B
total,over,0.6492248251995747,1.91,1.87,0.0,1.0,2024,0.2400194161311877,-1.0,-1.0,B
total,over,0.7494601305496599,1.91,1.91,0.0,1.0,2024,0.4314688493498502,-1.0,-1.0,B
total,over,0.6761168884144554,1.91,1.91,0.0,1.0,2024,0.2913832568716097,-1.0,-1.0,B
total,over,0.5824182817081685,1.91,1.87,0.0,-1.0,2024,0.11241891806260162,-1.0,-1.0,B
total,over,0.5725945264469116,1.91,1.91,1.0,1.0,2024,0.093655545513601,0.9099999999999999,0.9099999999999999,B
total,over,0.6065672102648111,1.91,1.87,1.0,1.0,2024,0.15854337160578913,0.9099999999999999,0.8700000000000001,B
total,over,0.64326653407811,1.91,1.89,0.0,1.0,2024,0.22863908008918998,-1.0,-1.0,B
total,over,0.7065984574085674,1.91,1.91,1.0,-1.0,2024,0.3496030536503638,0.9099999999999999,0.9099999999999999,B
total,over,0.513847668548919,1.91,2.02,0.0,0.0,2024,-0.018550953071564846,-1.0,-1.0,B
total,over,0.5029945676777053,1.85,1.87,0.0,0.0,2024,-0.0694600497962451,-1.0,-1.0,B
total,over,0.5788238438947871,1.952,1.87,1.0,-1.0,2024,0.1298641432826244,0.952,0.8700000000000001,B
total,over,0.5948457444644847,1.91,1.91,0.0,0.0,2024,0.13615537192716576,-1.0,-1.0,B
total,over,0.4960784721871895,1.85,1.91,0.0,0.0,2024,-0.08225482645369941,-1.0,-1.0,B
total,over,0.6768906819892939,1.91,1.91,1.0,1.0,2024,0.2928612025995514,0.9099999999999999,0.9099999999999999,B
total,over,0.5770885183317341,1.91,1.87,0.0,0.0,2024,0.10223907001361221,-1.0,-1.0,B
total,over,0.6480315573831676,1.91,1.91,1.0,1.0,2024,0.2377402746018502,0.9099999999999999,0.9099999999999999,B
total,over,0.5307338117817679,1.91,1.87,0.0,0.0,2024,0.013701580503176602,-1.0,-1.0,B
total,over,0.5797804173574137,1.91,1.91,1.0,0.0,2024,0.10738059715266002,0.9099999999999999,0.9099999999999999,B
total,over,0.45503068415975517,1.91,1.91,0.0,-1.0,2024,-0.13089139325486765,-1.0,-1.0,B
total,over,0.6152178002028508,1.91,1.85,1.0,2.0,2024,0.17506599838744497,0.9099999999999999,0.8500000000000001,B
total,over,0.6134143917713776,1.91,1.91,0.0,2.0,2024,0.17162148828333113,-1.0,-1.0,B
total,over,0.6730328581744447,1.82,2.0,1.0,3.0,2024,0.2249198018774894,0.8200000000000001,1.0,B
total,over,0.6348967115843026,1.91,1.91,0.0,2.0,2024,0.2126527191260179,-1.0,-1.0,B
total,over,0.5118118152133946,1.91,2.0,1.0,2.0,2024,-0.02243943294241635,0.9099999999999999,1.0,B
total,over,0.5102644769754643,1.91,1.97,0.0,1.0,2024,-0.025394848976863282,-1.0,-1.0,B
total,over,0.5171286242232949,1.91,1.97,0.0,2.0,2024,-0.01228432773350685,-1.0,-1.0,B
total,over,0.6327144230891238,1.82,1.89,0.0,2.0,2024,0.1515402500222054,-1.0,-1.0,B
total,over,0.5936988499912773,1.91,1.91,1.0,0.0,2024,0.1339648034833396,0.9099999999999999,0.9099999999999999,B
total,over,0.550041474446492,1.85,1.91,0.0,2.0,2024,0.017576727726010155,-1.0,-1.0,B
total,over,0.641359679514522,1.91,1.82,1.0,0.0,2024,0.22499698787273692,0.9099999999999999,0.8200000000000001,B
total,over,0.3396516863097536,1.91,1.91,1.0,-8.0,2024,-0.3512652791483706,0.9099999999999999,0.9099999999999999,B
total,over,0.36165011127184715,1.91,2.02,0.0,-7.0,2024,-0.30924828747077193,-1.0,-1.0,B
total,over,0.5712086652535732,1.91,1.91,0.0,-1.0,2024,0.09100855063432478,-1.0,-1.0,B
total,over,0.6069348601248555,1.91,1.91,1.0,-1.0,2024,0.159245582838474,0.9099999999999999,0.9099999999999999,B
total,over,0.5481566043179019,1.87,1.91,0.0,-1.0,2024,0.025052850074476662,-1.0,-1.0,B
total,over,0.4945536515412373,1.91,1.91,1.0,1.0,2024,-0.055402525556236815,0.9099999999999999,0.9099999999999999,B
total,over,0.523445992247852,1.97,1.91,1.0,-2.0,2024,0.031188604728268565,0.97,0.9099999999999999,B
total,over,0.6256567641806928,1.91,1.952,1.0,1.0,2024,0.19500441958512327,0.9099999999999999,0.952,B
total,over,0.5227580314744229,1.87,1.91,0.0,1.0,2024,-0.022442481142829096,-1.0,-1.0,B
total,over,0.5081380544570189,1.91,1.87,0.0,0.0,2024,-0.029456315987093973,-1.0,-1.0,B
total,over,0.5677397173290742,1.87,1.82,1.0,1.0,2024,0.061673271405368935,0.8700000000000001,0.8200000000000001,B
total,over,0.561534720933163,1.952,1.91,1.0,2.0,2024,0.09611577526153425,0.952,0.9099999999999999,B
total,over,0.5522765354211707,1.91,1.91,0.0,0.0,2024,0.05484818265443603,-1.0,-1.0,B
total,over,0.5534602973297857,1.91,1.952,0.0,1.0,2024,0.057109167899890734,-1.0,-1.0,B
total,over,0.6355789118901727,1.91,1.91,0.0,-1.0,2024,0.2139557217102297,-1.0,-1.0,B
total,over,0.5048066393784071,1.91,1.85,0.0,0.0,2024,-0.03581931878724254,-1.0,-1.0,B
total,over,0.5260246814821045,1.91,1.91,1.0,0.0,2024,0.0047071416308195335,0.9099999999999999,0.9099999999999999,B
total,over,0.5606885742219855,1.91,1.82,0.0,0.0,2024,0.07091517676399217,-1.0,-1.0,B
total,over,0.30478678074835075,1.91,1.91,1.0,0.0,2024,-0.4178572487706501,0.9099999999999999,0.9099999999999999,B
total,over,0.401724024283099,1.91,1.91,1.0,0.0,2024,-0.23270711361928098,0.9099999999999999,0.9099999999999999,B
total,over,0.5203719324306701,1.91,1.91,1.0,0.0,2024,-0.0060896090574200645,0.9099999999999999,0.9099999999999999,B
total,over,0.6174697348673942,1.91,1.91,1.0,4.0,2024,0.17936719359672293,0.9099999999999999,0.9099999999999999,B
total,over,0.5026951632910712,1.91,1.91,1.0,1.0,2024,-0.03985223811405403,0.9099999999999999,0.9099999999999999,B
total,over,0.5061718707765909,1.91,1.91,1.0,0.0,2024,-0.03321172681671147,0.9099999999999999,0.9099999999999999,B
total,over,0.5258586097279339,1.91,1.91,1.0,0.0,2024,0.0043899445803536885,0.9099999999999999,0.9099999999999999,B
total,over,0.5230436235909928,1.952,1.91,1.0,-1.0,2024,0.0209811532496178,0.952,0.9099999999999999,B
total,over,0.5777520803317305,1.91,1.91,1.0,5.0,2024,0.1035064734336053,0.9099999999999999,0.9099999999999999,B
total,over,0.6717896982164389,1.91,1.91,1.0,2.0,2024,0.28311832359339806,0.9099999999999999,0.9099999999999999,B
total,over,0.5153458359622552,1.91,1.91,0.0,0.0,2024,-0.015689453312092483,-1.0,-1.0,B
total,over,0.5768966373649248,1.91,1.91,0.0,0.0,2024,0.10187257736700639,-1.0,-1.0,B
total,over,0.535243656993773,1.87,1.9,1.0,-1.0,2024,0.000905638578355461,0.8700000000000001,0.8999999999999999,B
total,over,0.39475644469766713,1.87,2.0,1.0,-1.0,2024,-0.26180544841536246,0.8700000000000001,1.0,B
total,over,0.6134738928467198,1.85,1.9,1.0,1.0,2024,0.13492670176643173,0.8500000000000001,0.8999999999999999,B
total,over,0.5752364734492051,1.9,1.9,0.0,0.0,2024,0.09294929955348974,-1.0,-1.0,B
total,over,0.49213647675768096,1.85,1.85,0.0,2.0,2024,-0.0895475179982902,-1.0,-1.0,B
total,over,0.42697491584675173,1.87,1.85,1.0,0.0,2024,-0.20155690736657417,0.8700000000000001,0.8500000000000001,B
total,over,0.44174367003255666,1.87,1.85,0.0,0.0,2024,-0.173939337039119,-1.0,-1.0,B
total,over,0.35847553707427127,1.9,1.9,0.0,-3.0,2024,-0.31889647955888467,-1.0,-1.0,B
total,over,0.30286927273041664,1.87,1.95,1.0,0.0,2024,-0.43363445999412087,0.8700000000000001,0.95,B
total,over,0.44346274834467947,1.87,1.9,0.0,0.0,2024,-0.17072466059544933,-1.0,-1.0,B
total,over,0.509293573247633,1.87,1.9,0.0,-2.0,2024,-0.0476210180269262,-1.0,-1.0,B
total,over,0.32668543406759876,1.87,1.95,0.0,0.0,2024,-0.38909823829359025,-1.0,-1.0,B
total,over,0.3175461888224558,1.87,1.9,0.0,-2.0,2024,-0.40618862690200763,-1.0,-1.0,B
total,over,0.5755626964029044,1.85,1.9,1.0,0.0,2024,0.06479098834537322,0.8500000000000001,0.8999999999999999,B
total,over,0.5189981752894217,1.85,1.85,1.0,0.0,2024,-0.039853375714569816,0.8500000000000001,0.8500000000000001,B
total,over,0.4120876307920418,1.85,1.95,0.0,1.0,2024,-0.23763788303472266,-1.0,-1.0,B
total,over,0.5622078871746261,1.87,1.9,1.0,1.0,2024,0.05132874901655082,0.8700000000000001,0.8999999999999999,B
total,over,0.27918531916730716,1.87,1.85,0.0,-2.0,2024,-0.4779234531571356,-1.0,-1.0,B
total,over,0.46114735474344565,1.87,1.9,1.0,0.0,2024,-0.13765444662975657,0.8700000000000001,0.8999999999999999,B
total,over,0.6059932371666943,1.8,1.95,1.0,1.0,2024,0.09078782690004972,0.8,0.95,B
total,over,0.38801436596653394,1.87,1.95,0.0,0.0,2024,-0.2744131356425815,-1.0,-1.0,B
total,over,0.4131752736497405,1.87,1.95,1.0,2.0,2024,-0.22736223827498525,0.8700000000000001,0.95,B
total,over,0.48678276233821777,1.87,1.9,1.0,1.0,2024,-0.08971623442753274,0.8700000000000001,0.8999999999999999,B
total,over,0.4333043524784597,1.87,1.8,0.0,0.0,2024,-0.18972086086528028,-1.0,-1.0,B
total,over,0.5891808949601611,1.87,1.9,1.0,2.0,2024,0.10176827357550144,0.8700000000000001,0.8999999999999999,B
total,over,0.41813208698493626,1.87,1.95,1.0,3.0,2024,-0.21809299733816911,0.8700000000000001,0.95,B
total,over,0.5549527383771095,1.87,2.0,1.0,3.0,2024,0.03776162076519474,0.8700000000000001,1.0,B
total,over,0.5755757574702882,1.87,1.85,1.0,3.0,2024,0.07632666646943909,0.8700000000000001,0.8500000000000001,B
total,over,0.5935744155043436,1.87,1.85,1.0,0.0,2024,0.10998415699312258,0.8700000000000001,0.8500000000000001,B
total,over,0.4760382494443005,1.87,1.85,1.0,1.0,2024,-0.10980847353915801,0.8700000000000001,0.8500000000000001,B
total,over,0.41844377152860457,1.87,1.9,1.0,3.0,2024,-0.2175101472415094,0.8700000000000001,0.8999999999999999,B
total,over,0.6266992524715567,1.8,1.87,1.0,4.0,2024,0.12805865444880205,0.8,0.8700000000000001,B
total,over,0.45508849152721936,1.95,1.9,1.0,0.0,2024,-0.11257744152192228,0.95,0.8999999999999999,B
total,over,0.35486564062318127,1.87,1.9,0.0,-1.0,2024,-0.336401252034651,-1.0,-1.0,B
total,over,0.40237143709553735,1.8,1.9,0.0,-3.0,2024,-0.27573141322803274,-1.0,-1.0,B
total,over,0.29092423364333353,1.87,1.95,1.0,0.0,2024,-0.45597168308696623,0.8700000000000001,0.95,B
total,over,0.4005195756051401,1.87,1.95,0.0,2.0,2024,-0.2510283936183879,-1.0,-1.0,B
total,over,0.4664869634161849,1.87,1.85,1.0,-3.0,2024,-0.1276693784117342,0.8700000000000001,0.8500000000000001,B
total,over,0.3514210043428352,1.87,1.8,1.0,0.0,2024,-0.3428427218788982,0.8700000000000001,0.8,B
total,over,0.4067848285737464,1.85,1.9,1.0,0.0,2024,-0.24744806713856904,0.8500000000000001,0.8999999999999999,B
total,over,0.5070168351979842,1.85,1.85,0.0,0.0,2024,-0.06201885488372916,-1.0,-1.0,B
total,over,0.44916384744191173,1.87,2.0,1.0,3.0,2024,-0.16006360528362495,0.8700000000000001,1.0,B
total,over,0.5439466201831195,1.87,1.9,1.0,-1.0,2024,0.017180179742433355,0.8700000000000001,0.8999999999999999,B
total,over,0.5039446357576262,1.87,1.9,0.0,0.0,2024,-0.057623531133239037,-1.0,-1.0,B
total,over,0.2549522309572289,1.87,1.85,1.0,1.0,2024,-0.5232393281099819,0.8700000000000001,0.8500000000000001,B
total,over,0.2585976309944881,1.85,1.9,1.0,1.0,2024,-0.521594382660197,0.8500000000000001,0.8999999999999999,B
total,over,0.2522576787416998,1.87,1.95,0.0,-1.0,2024,-0.5282781407530214,-1.0,-1.0,B
total,over,0.22810027933856458,1.87,1.95,0.0,1.0,2024,-0.5734524776368842,-1.0,-1.0,B
total,over,0.31034615731863036,1.87,1.9,1.0,0.0,2024,-0.41965268581416115,0.8700000000000001,0.8999999999999999,B
total,over,0.342277578185019,1.9,1.95,0.0,0.0,2024,-0.3496726014484639,-1.0,-1.0,B
total,over,0.3469510065935487,1.9,1.85,0.0,0.0,2024,-0.34079308747225745,-1.0,-1.0,B
total,over,0.3965580889486968,1.87,1.9,0.0,0.0,2024,-0.25843637366593686,-1.0,-1.0,B
total,over,0.4710655078591739,1.9,1.8,1.0,1.0,2024,-0.10497553506756963,0.8999999999999999,0.8,B
total,over,0.3724761087364715,1.9,1.9,1.0,0.0,2024,-0.2922953934007041,0.8999999999999999,0.8999999999999999,B
total,over,0.23835871230266864,1.87,1.95,0.0,-3.0,2024,-0.5542692079940097,-1.0,-1.0,B
total,over,0.29004467177119486,1.85,1.95,0.0,0.0,2024,-0.46341735722328947,-1.0,-1.0,B
total,over,0.45133603355996776,1.85,1.95,1.0,1.0,2024,-0.16502833791405958,0.8500000000000001,0.95,B
total,over,0.44553435189291996,1.87,1.95,0.0,0.0,2024,-0.16685076196023962,-1.0,-1.0,B
total,over,0.4586415363691836,1.85,1.9,1.0,0.0,2024,-0.15151315771701035,0.8500000000000001,0.8999999999999999,B
total,over,0.42533750380288793,1.87,1.9,1.0,0.0,2024,-0.2046188678885995,0.8700000000000001,0.8999999999999999,B
total,over,0.4266182442259505,1.87,1.9,0.0,0.0,2024,-0.20222388329747254,-1.0,-1.0,B
total,over,0.18424943473745886,1.87,1.95,0.0,-1.0,2024,-0.6554535570409519,-1.0,-1.0,B
total,over,0.45265886113001075,1.9,1.95,0.0,-1.0,2024,-0.1399481638529796,-1.0,-1.0,B
total,over,0.19780735835370544,1.87,1.95,0.0,-2.0,2024,-0.6301002398785708,-1.0,-1.0,B
total,over,0.22603486313472865,1.9,1.8,0.0,0.0,2024,-0.5705337600440156,-1.0,-1.0,B
total,over,0.4408188726103703,1.85,1.8,0.0,0.0,2024,-0.1844850856708149,-1.0,-1.0,B
total,over,0.2735456940107994,1.87,1.95,0.0,0.0,2024,-0.48846955219980503,-1.0,-1.0,B
total,over,0.4337819602196319,1.85,1.9,0.0,1.0,2024,-0.19750337359368098,-1.0,-1.0,B
total,over,0.3535885236121103,1.8,1.95,1.0,1.0,2024,-0.3635406574982014,0.8,0.95,B
total,over,0.3481280238240948,1.9,1.9,0.0,0.0,2024,-0.33855675473421987,-1.0,-1.0,B
total,over,0.16647226644997964,1.9,1.95,1.0,0.0,2024,-0.6837026937450387,0.8999999999999999,0.95,B
total,over,0.37144000675038713,1.87,1.9,0.0,0.0,2024,-0.3054071873767761,-1.0,-1.0,B
total,over,0.45296038029428637,1.87,1.95,1.0,2.0,2024,-0.1529640888496845,0.8700000000000001,0.95,B
total,over,0.44288276625903616,1.87,1.85,1.0,0.0,2024,-0.1718092270956023,0.8700000000000001,0.8500000000000001,B
total,over,0.37115841597528043,1.87,1.9,0.0,1.0,2024,-0.3059337621262256,-1.0,-1.0,B
total,over,0.39159323630709475,1.87,1.95,1.0,1.0,2024,-0.2677206481057328,0.8700000000000001,0.95,B
total,over,0.4042324576563529,1.87,1.9,1.0,1.0,2024,-0.24408530418261998,0.8700000000000001,0.8999999999999999,B
total,over,0.45479171379164446,1.87,1.95,0.0,0.0,2024,-0.14953949520962484,-1.0,-1.0,B
total,over,0.39156648453917037,1.87,1.85,1.0,0.0,2024,-0.26777067391175136,0.8700000000000001,0.8500000000000001,B
total,over,0.3904668700290117,1.87,1.9,0.0,1.0,2024,-0.2698269530457481,-1.0,-1.0,B
total,over,0.357816574972186,1.87,1.9,0.0,-1.0,2024,-0.33088300480201216,-1.0,-1.0,B
total,over,0.4638365524064564,1.87,1.9,1.0,0.0,2024,-0.13262564699992652,0.8700000000000001,0.8999999999999999,B
total,over,0.3516158279606877,1.87,1.8,0.0,0.0,2024,-0.34247840171351396,-1.0,-1.0,B
total,over,0.45011852024246474,1.9,1.9,0.0,0.0,2024,-0.14477481153931704,-1.0,-1.0,B
total,over,0.4131811538784183,1.9,1.9,0.0,0.0,2024,-0.2149558076310053,-1.0,-1.0,B
total,over,0.28087578183799344,1.87,1.9,0.0,0.0,2024,-0.4747622879629523,-1.0,-1.0,B
total,over,0.37071136745366856,1.87,1.9,1.0,0.0,2024,-0.3067697428616397,0.8700000000000001,0.8999999999999999,B
total,over,0.36981919921112894,1.87,1.9,1.0,0.0,2024,-0.3084380974751888,0.8700000000000001,0.8999999999999999,B
total,over,0.330736120694765,1.87,1.95,1.0,0.0,2024,-0.3815234543007895,0.8700000000000001,0.95,B
total,over,0.3768404757646217,1.87,1.85,1.0,0.0,2024,-0.29530831032015736,0.8700000000000001,0.8500000000000001,B
total,over,0.31416044063362614,1.87,1.9,0.0,0.0,2024,-0.41251997601511914,-1.0,-1.0,B
total,over,0.3592994445856056,1.87,1.85,0.0,0.0,2024,-0.3281100386249175,-1.0,-1.0,B
total,over,0.3652167144385542,1.87,1.85,1.0,0.0,2024,-0.3170447439999037,0.8700000000000001,0.8500000000000001,B
total,over,0.39157293004669563,1.85,1.95,1.0,2.0,2024,-0.275590079413613,0.8500000000000001,0.95,B
total,over,0.3897365101645436,1.8,1.9,1.0,1.0,2024,-0.2984742817038215,0.8,0.8999999999999999,B
total,over,0.2694312422571288,1.9,1.95,1.0,0.0,2024,-0.4880806397114553,0.8999999999999999,0.95,B
total,over,0.35035754732790014,1.87,1.85,0.0,1.0,2024,-0.34483138649682665,-1.0,-1.0,B
total,over,0.38437070773890325,1.85,1.8,0.0,2.0,2024,-0.2889141906830289,-1.0,-1.0,B
total,over,0.32840050867051473,1.95,1.85,0.0,-1.0,2024,-0.35961900809249625,-1.0,-1.0,B
total,over,0.3484991367540345,1.87,1.95,0.0,1.0,2024,-0.34830661426995546,-1.0,-1.0,B
total,over,0.30154537835130596,1.87,1.8,0.0,0.0,2024,-0.4361101424830578,-1.0,-1.0,B
total,over,0.3161103396275997,1.87,1.9,0.0,0.0,2024,-0.40887366489638854,-1.0,-1.0,B
total,over,0.36503795045398757,1.87,1.85,1.0,0.0,2024,-0.31737903265104317,0.8700000000000001,0.8500000000000001,B
total,over,0.36681892693013374,1.87,1.85,1.0,0.0,2024,-0.3140486066406498,0.8700000000000001,0.8500000000000001,B
total,over,0.34733964761271685,1.87,1.9,1.0,1.0,2024,-0.3504748589642195,0.8700000000000001,0.8999999999999999,B
total,over,0.36068131262389946,1.87,1.95,0.0,0.0,2024,-0.3255259453933079,-1.0,-1.0,B
total,over,0.3195511878813026,1.85,1.85,1.0,0.0,2024,-0.4088303024195902,0.8500000000000001,0.8500000000000001,B
total,over,0.3243589276411036,1.95,1.87,1.0,-1.0,2024,-0.36750009109984805,0.95,0.8700000000000001,B
total,over,0.4921414363489525,1.87,1.8,1.0,0.0,2024,-0.07969551402745878,0.8700000000000001,0.8,B
total,over,0.2831111621056033,1.87,2.0,0.0,2.0,2024,-0.4705821268625219,-1.0,-1.0,B
total,over,0.20541883554992107,1.95,2.0,0.0,0.0,2024,-0.599433270677654,-1.0,-1.0,B
total,over,0.3328863418169698,1.87,1.85,0.0,0.0,2024,-0.3775025408022664,-1.0,-1.0,B
total,over,0.3556371433236619,1.87,1.8,0.0,1.0,2024,-0.33495854198475217,-1.0,-1.0,B
total,over,0.2877658664278439,1.87,1.85,0.0,0.0,2024,-0.46187782977993186,-1.0,-1.0,B
total,over,0.29522209559602886,1.85,1.95,0.0,1.0,2024,-0.45383912314734665,-1.0,-1.0,B
total,over,0.3298729364700502,1.9,1.85,0.0,1.0,2024,-0.3732414207069046,-1.0,-1.0,B
total,over,0.27708578169618825,1.9,1.9,1.0,1.0,2024,-0.4735370147772423,0.8999999999999999,0.8999999999999999,B
total,over,0.3003838221720725,1.85,1.8,1.0,0.0,2024,-0.44428992898166586,0.8500000000000001,0.8,B
total,over,0.3275847948950241,1.85,1.85,1.0,0.0,2024,-0.39396812944420534,0.8500000000000001,0.8500000000000001,B
total,over,0.4130605358612939,1.85,1.95,0.0,0.0,2024,-0.2358380086566063,-1.0,-1.0,B
total,over,0.30198977557384277,1.87,1.85,1.0,1.0,2024,-0.435279119676914,0.8700000000000001,0.8500000000000001,B
total,over,0.34450482696269846,1.87,1.9,1.0,0.0,2024,-0.3557759735797539,0.8700000000000001,0.8999999999999999,B
total,over,0.2565277667775352,1.87,1.9,1.0,0.0,2024,-0.5202930761260092,0.8700000000000001,0.8999999999999999,B
total,over,0.38410007718978845,1.87,1.9,1.0,0.0,2024,-0.28173285565509554,0.8700000000000001,0.8999999999999999,B
total,over,0.3004433184185371,1.87,1.9,1.0,0.0,2024,-0.43817099455733555,0.8700000000000001,0.8999999999999999,B
total,over,0.43028318467611004,1.8,1.9,1.0,1.0,2024,-0.22549026758300195,0.8,0.8999999999999999,B
total,over,0.33464037430102733,1.87,1.8,0.0,1.0,2024,-0.3742225000570788,-1.0,-1.0,B
total,over,0.3024313444237169,1.9,1.8,1.0,0.0,2024,-0.42538044559493793,0.8999999999999999,0.8,B
total,over,0.34536064490675794,1.8,1.8,0.0,2.0,2024,-0.37835083916783574,-1.0,-1.0,B
total,over,0.34727010919918805,1.87,1.9,1.0,1.0,2024,-0.3506048957975183,0.8700000000000001,0.8999999999999999,B
total,over,0.3189860940773982,1.9,1.85,0.0,2.0,2024,-0.3939264212529434,-1.0,-1.0,B
total,over,0.2992632485873829,1.87,1.85,0.0,2.0,2024,-0.4403777251415939,-1.0,-1.0,B
total,over,0.29928324634452297,1.87,1.85,1.0,3.0,2024,-0.44034032933574196,0.8700000000000001,0.8500000000000001,B
total,over,0.3547473726107735,1.9,1.85,1.0,2.0,2024,-0.32597999203953043,0.8999999999999999,0.8500000000000001,B
total,over,0.2815340230506549,1.87,1.9,1.0,0.0,2024,-0.47353137689527536,0.8700000000000001,0.8999999999999999,B
total,over,0.31055026065564495,1.87,1.8,0.0,3.0,2024,-0.41927101257394395,-1.0,-1.0,B
total,over,0.406372753087951,1.87,1.85,1.0,2.0,2024,-0.2400829517255315,0.8700000000000001,0.8500000000000001,B
total,over,0.29301863599553973,1.9,1.85,0.0,3.0,2024,-0.44326459160847453,-1.0,-1.0,B
total,over,0.34254870518891123,1.87,1.95,1.0,3.0,2024,-0.359433921296736,0.8700000000000001,0.95,B
total,over,0.29550363429476145,1.9,1.85,0.0,-2.0,2024,-0.43854309483995324,-1.0,-1.0,B
total,over,0.5632973333656132,1.87,1.85,0.0,0.0,2024,0.05336601339369662,-1.0,-1.0,B
total,over,0.45508820002487854,1.87,1.85,1.0,0.0,2024,-0.14898506595347705,0.8700000000000001,0.8500000000000001,B
total,over,0.5197747507415336,1.8,1.8,1.0,1.0,2024,-0.06440544866523956,0.8,0.8,B
total,over,0.5034199110384134,1.85,1.9,1.0,1.0,2024,-0.06867316457893513,0.8500000000000001,0.8999999999999999,B
total,over,0.4970765389553499,1.9,1.85,0.0,1.0,2024,-0.05555457598483515,-1.0,-1.0,B
total,over,0.4894153941838676,1.9,1.9,1.0,0.0,2024,-0.07011075105065157,0.8999999999999999,0.8999999999999999,B
total,over,0.5014997099320186,1.9,1.85,1.0,0.0,2024,-0.047150551129164664,0.8999999999999999,0.8500000000000001,B
total,over,0.3559424876971443,1.9,1.8,0.0,0.0,2024,-0.3237092733754259,-1.0,-1.0,B
total,over,0.5989547585914053,1.85,1.85,0.0,1.0,2024,0.10806630339409984,-1.0,-1.0,B
total,over,0.5730711005618825,1.9,1.8,0.0,0.0,2025,0.08883509106757659,-1.0,-1.0,B
total,over,0.6011091485398764,1.95,2.0,1.0,0.0,2025,0.17216283965275903,0.95,1.0,B
total,over,0.46065020409935264,1.85,1.85,1.0,1.0,2025,-0.14779712241619758,0.8500000000000001,0.8500000000000001,B
total,over,0.43125466576316124,1.9,1.85,0.0,-15.0,2025,-0.18061613504999363,-1.0,-1.0,B
total,over,0.5312867337346548,1.9,1.9,0.0,0.0,2025,0.0094447940958442,-1.0,-1.0,B
total,over,0.6328862812501677,1.9,1.85,1.0,0.0,2025,0.20248393437531842,0.8999999999999999,0.8500000000000001,B
total,over,0.5475285326657516,1.95,1.9,1.0,2.0,2025,0.06768063869821561,0.95,0.8999999999999999,B
total,over,0.5415825527436496,1.9,1.9,1.0,5.0,2025,0.029006850212934365,0.8999999999999999,0.8999999999999999,B
total,over,0.39452776851964744,1.9,2.0,0.0,0.0,2025,-0.2503972398126699,-1.0,-1.0,B
total,over,0.4085663289437298,1.87,1.85,1.0,0.0,2025,-0.23598096487522524,0.8700000000000001,0.8500000000000001,B
total,over,0.3799491907291881,1.8,1.85,1.0,1.0,2025,-0.3160914566874614,0.8,0.8500000000000001,B
total,over,0.3113156422598107,1.8,1.8,0.0,0.0,2025,-0.4396318439323408,-1.0,-1.0,B
total,over,0.35927873725985027,1.87,1.9,0.0,0.0,2025,-0.32814876132408,-1.0,-1.0,B
total,over,0.35729484387315213,1.87,1.9,1.0,0.0,2025,-0.3318586419572055,0.8700000000000001,0.8999999999999999,B
total,over,0.39936310662375984,1.8,1.8,0.0,2.0,2025,-0.28114640807723223,-1.0,-1.0,B
total,over,0.48315778284774186,1.85,1.85,1.0,2.0,2025,-0.1061581017316775,0.8500000000000001,0.8500000000000001,B
total,over,0.3751151089561157,1.87,1.95,1.0,-2.0,2025,-0.29853474625206355,0.8700000000000001,0.95,B
total,over,0.44727156000205814,1.87,1.95,0.0,2.0,2025,-0.16360218279615124,-1.0,-1.0,B
total,over,0.3304769330908707,1.9,1.85,0.0,1.0,2025,-0.37209382712734573,-1.0,-1.0,B
total,over,0.37925705622041406,1.87,1.95,0.0,6.0,2025,-0.2907893048678257,-1.0,-1.0,B
total,over,0.37294887542420235,1.87,1.8,1.0,0.0,2025,-0.30258560295674153,0.8700000000000001,0.8,B
total,over,0.20243913077732573,1.9,1.9,0.0,0.0,2025,-0.6153656515230812,-1.0,-1.0,B
total,over,0.4538300157191216,1.85,1.9,0.0,2.0,2025,-0.1604144709196249,-1.0,-1.0,B
total,over,0.40987080753597255,1.85,1.95,1.0,2.0,2025,-0.24173900605845078,0.8500000000000001,0.95,B
total,over,0.36868834885789115,1.87,1.95,0.0,-1.0,2025,-0.31055278763574357,-1.0,-1.0,B
total,over,0.24675044816948866,1.9,1.95,0.0,0.0,2025,-0.5311741484779715,-1.0,-1.0,B
total,over,0.2333313199101062,1.87,1.9,0.0,-1.0,2025,-0.5636704317681014,-1.0,-1.0,B
total,over,0.28984267886453186,1.87,1.8,0.0,-4.0,2025,-0.45799419052332535,-1.0,-1.0,B
total,over,0.4773031475557691,1.87,1.95,1.0,-1.0,2025,-0.10744311407071172,0.8700000000000001,0.95,B
total,over,0.465781797730929,1.87,1.95,0.0,-2.0,2025,-0.12898803824316274,-1.0,-1.0,B
total,over,0.16347672021711462,1.87,1.95,0.0,-1.0,2025,-0.6942985331939957,-1.0,-1.0,B
total,over,0.2544230921947922,1.95,1.95,1.0,-2.0,2025,-0.5038749702201553,0.95,0.95,B
total,over,0.4552378569946874,1.87,1.9,0.0,0.0,2025,-0.14870520741993454,-1.0,-1.0,B
total,over,0.41656734483452595,1.8,1.85,0.0,0.0,2025,-0.25017877929785326,-1.0,-1.0,B
total,over,0.42183451692654905,1.87,1.95,0.0,0.0,2025,-0.21116945334735326,-1.0,-1.0,B
total,over,0.39403268074996445,1.87,1.95,0.0,0.0,2025,-0.2631588869975664,-1.0,-1.0,B
total,over,0.28108534525417805,1.87,1.95,0.0,0.0,2025,-0.474370404374687,-1.0,-1.0,B
total,over,0.3048879346333947,1.95,1.95,1.0,0.0,2025,-0.4054685274648804,0.95,0.95,B
total,over,0.442049323550497,1.95,1.8,1.0,0.0,2025,-0.13800381907653092,0.95,0.8,B
total,over,0.439016499306187,1.87,2.0,0.0,0.0,2025,-0.17903914629743023,-1.0,-1.0,B
total,over,0.39289744468792387,1.9,1.95,0.0,0.0,2025,-0.25349485509294467,-1.0,-1.0,B
total,over,0.4034320422408778,1.87,1.85,1.0,-1.0,2025,-0.24558208100955847,0.8700000000000001,0.8500000000000001,B
total,over,0.3936927564783164,1.95,1.95,0.0,0.0,2025,-0.232299124867283,-1.0,-1.0,B
total,over,0.40085156951156187,1.87,1.85,0.0,0.0,2025,-0.25040756501337924,-1.0,-1.0,B
total,over,0.36874298742574724,1.85,1.85,0.0,0.0,2025,-0.31782547326236754,-1.0,-1.0,B
total,over,0.472346894135308,1.87,1.9,1.0,0.0,2025,-0.11671130796697393,0.8700000000000001,0.8999999999999999,B
total,over,0.3403434903265602,1.87,1.9,1.0,2.0,2025,-0.3635576730893324,0.8700000000000001,0.8999999999999999,B
total,over,0.47190859958841336,1.87,1.9,0.0,0.0,2025,-0.11753091876966693,-1.0,-1.0,B
total,over,0.4491982180458064,1.9,1.86,0.0,-20.0,2025,-0.14652338571296786,-1.0,-1.0,B
total,over,0.44953064466857867,1.87,1.9,0.0,0.0,2025,-0.1593776944697578,-1.0,-1.0,B
total,over,0.34273120581463623,1.87,1.9,1.0,0.0,2025,-0.3590926451266302,0.8700000000000001,0.8999999999999999,B
total,over,0.32248101237435245,1.85,1.9,0.0,0.0,2025,-0.40341012710744795,-1.0,-1.0,B
total,over,0.47647581345912976,1.9,1.9,1.0,0.0,2025,-0.09469595442765355,0.8999999999999999,0.8999999999999999,B
total,over,0.3908416878015464,1.87,2.0,0.0,1.0,2025,-0.2691260438111083,-1.0,-1.0,B
total,over,0.4684193615047546,1.9,1.95,1.0,0.0,2025,-0.11000321314096628,0.8999999999999999,0.95,B
total,over,0.4487402810957422,1.85,1.85,1.0,0.0,2025,-0.16983047997287692,0.8500000000000001,0.8500000000000001,B
total,over,0.39841866538119186,1.95,1.9,1.0,-2.0,2025,-0.22308360250667592,0.95,0.8999999999999999,B
total,over,0.49033212648894287,1.85,1.95,1.0,0.0,2025,-0.09288556599545561,0.8500000000000001,0.95,B
total,over,0.4227588901343883,1.95,1.9,0.0,-2.0,2025,-0.1756201642379429,-1.0,-1.0,B
total,over,0.29202090846735657,1.87,1.9,0.0,-2.0,2025,-0.4539209011660432,-1.0,-1.0,B
total,over,0.40327637337502587,1.87,1.8,1.0,0.0,2025,-0.24587318178870154,0.8700000000000001,0.8,B
total,over,0.498620717521685,1.87,1.95,0.0,0.0,2025,-0.06757925823444899,-1.0,-1.0,B
total,over,0.4321528699298955,1.87,1.85,1.0,1.0,2025,-0.19187413323109537,0.8700000000000001,0.8500000000000001,B
total,over,0.4521839293996087,1.87,1.11,0.0,-21.0,2025,-0.15441605202273168,-1.0,-1.0,B
total,over,0.4571123692956951,1.87,1.85,0.0,0.0,2025,-0.1451998694170501,-1.0,-1.0,B
total,over,0.44620644673574783,1.87,1.9,1.0,0.0,2025,-0.16559394460415156,0.8700000000000001,0.8999999999999999,B
total,over,0.2603889097467221,1.87,2.0,0.0,0.0,2025,-0.5130727387736297,-1.0,-1.0,B
total,over,0.3011546884907725,1.87,1.9,1.0,-3.0,2025,-0.4368407325222554,0.8700000000000001,0.8999999999999999,B
total,over,0.323027608074685,1.9,1.9,1.0,-2.0,2025,-0.3862475446580985,0.8999999999999999,0.8999999999999999,B
total,over,0.4207785562119905,1.87,1.9,1.0,1.0,2025,-0.21314409988357774,0.8700000000000001,0.8999999999999999,B
total,over,0.3482713554551381,1.87,1.85,0.0,1.0,2025,-0.34873256529889174,-1.0,-1.0,B
total,over,0.38334007191844555,1.9,1.9,0.0,1.0,2025,-0.27165386335495345,-1.0,-1.0,B
total,over,0.4245973170363172,1.87,1.85,0.0,0.0,2025,-0.2060030171420868,-1.0,-1.0,B
total,over,0.374900488246947,1.8,1.95,0.0,0.0,2025,-0.3251791211554954,-1.0,-1.0,B
total,over,0.24795124290260662,1.87,1.95,0.0,0.0,2025,-0.5363311757721256,-1.0,-1.0,B
total,over,0.45963033176026247,1.95,1.85,1.0,-2.0,2025,-0.10372085306748824,0.95,0.8500000000000001,B
total,over,0.4399329677825693,1.87,1.9,0.0,0.0,2025,-0.17732535024659535,-1.0,-1.0,B
total,over,0.38524991996285807,1.87,1.9,1.0,2.0,2025,-0.27958264966945534,0.8700000000000001,0.8999999999999999,B
total,over,0.38424298233050536,1.87,1.87,0.0,0.0,2025,-0.281465623041955,-1.0,-1.0,B
total,over,0.39470217383081185,1.9,1.95,0.0,-1.0,2025,-0.2500658697214575,-1.0,-1.0,B
total,over,0.4262056986982663,1.87,1.95,1.0,1.0,2025,-0.20299534343424197,0.8700000000000001,0.95,B
total,over,0.3864173343122489,1.9,1.9,0.0,0.0,2025,-0.2658070648067271,-1.0,-1.0,B
total,over,0.3990233768848011,1.87,1.85,0.0,1.0,2025,-0.25382628522542194,-1.0,-1.0,B
total,over,0.4787477009811968,1.95,2.0,1.0,0.0,2025,-0.06644198308666627,0.95,1.0,B
total,over,0.35156300821411024,1.95,1.9,1.0,0.0,2025,-0.31445213398248506,0.95,0.8999999999999999,B
total,over,0.4709967241174479,1.9,1.95,1.0,0.0,2025,-0.105106224176849,0.8999999999999999,0.95,B
total,over,0.30065056362021186,1.9,2.0,0.0,0.0,2025,-0.42876392912159744,-1.0,-1.0,B
total,over,0.4863760200239534,1.87,2.25,1.0,0.0,2025,-0.09047684255520705,0.8700000000000001,1.25,B
total,over,0.48945758958227953,1.9,1.85,0.0,-3.0,2025,-0.07003057979366889,-1.0,-1.0,B
total,over,0.5225797362762113,1.85,1.85,0.0,-1.0,2025,-0.03322748788900898,-1.0,-1.0,B
total,over,0.5754928334619566,1.87,1.8,1.0,0.0,2025,0.07617159857385891,0.8700000000000001,0.8,B
total,over,0.4503378254172648,1.85,1.9,0.0,2.0,2025,-0.16687502297806012,-1.0,-1.0,B
total,over,0.3499552457545828,1.91,2.0,0.0,0.0,2025,-0.3315854806087468,-1.0,-1.0,B
total,over,0.35211775311190036,1.87,2.0,0.0,-1.0,2025,-0.34153980168074627,-1.0,-1.0,B
total,over,0.4261418260598185,1.85,1.95,1.0,0.0,2025,-0.21163762178933576,0.8500000000000001,0.95,B
total,over,0.48861251943230843,1.87,1.95,0.0,0.0,2025,-0.08629458866158313,-1.0,-1.0,B
total,over,0.41008378619617564,1.81,1.8,1.0,0.0,2025,-0.2577483469849221,0.81,0.8,B
total,over,0.5216071523804479,1.87,1.9,0.0,0.0,2025,-0.02459462504856247,-1.0,-1.0,B
total,over,0.574129851055491,1.87,1.85,1.0,1.0,2025,0.0736228214737682,0.8700000000000001,0.8500000000000001,B
total,over,0.4066052717388424,1.9,2.0,1.0,-1.0,2025,-0.2274499836961994,0.8999999999999999,1.0,B
total,over,0.30379844034868714,1.87,1.9,1.0,0.0,2025,-0.43189691654795503,0.8700000000000001,0.8999999999999999,B
total,over,0.4313410627862751,1.87,1.85,1.0,0.0,2025,-0.19339221258966555,0.8700000000000001,0.8500000000000001,B
total,over,0.48897905292176214,1.9,1.9,1.0,0.0,2025,-0.07093979944865203,0.8999999999999999,0.8999999999999999,B
total,over,0.2668884203038193,1.9,1.9,1.0,0.0,2025,-0.4929120014227433,0.8999999999999999,0.8999999999999999,B
total,over,0.3003977376585196,1.85,2.0,1.0,0.0,2025,-0.4442641853317386,0.8500000000000001,1.0,B
total,over,0.46840252626017437,1.9,1.9,0.0,0.0,2025,-0.1100352001056687,-1.0,-1.0,B
total,over,0.31485606419137296,1.87,1.9,0.0,-1.0,2025,-0.41121915996213254,-1.0,-1.0,B
total,over,0.48195895422823487,1.9,1.95,1.0,0.0,2025,-0.0842779869663538,0.8999999999999999,0.95,B
total,over,0.4258935549357854,1.87,1.95,0.0,0.0,2025,-0.20357905227008122,-1.0,-1.0,B
total,over,0.4071721252191104,1.85,1.8,0.0,0.0,2025,-0.2467315683446457,-1.0,-1.0,B
total,over,0.46035716256616654,1.87,1.95,1.0,1.0,2025,-0.13913210600126846,0.8700000000000001,0.95,B
total,over,0.31846261371499324,1.95,2.0,0.0,-1.0,2025,-0.3789979032557632,-1.0,-1.0,B
total,over,0.5118584003958999,1.87,1.85,0.0,0.0,2025,-0.042824791259667094,-1.0,-1.0,B
total,over,0.5106564937806871,1.87,1.9,1.0,0.0,2025,-0.045072356630114996,0.8700000000000001,0.8999999999999999,B
total,over,0.26992492459217815,1.87,1.9,0.0,-1.0,2025,-0.49524039101262685,-1.0,-1.0,B
total,over,0.46807946149454693,1.9,1.95,1.0,0.0,2025,-0.11064902316036085,0.8999999999999999,0.95,B
total,over,0.44272054801710614,1.87,1.9,1.0,0.0,2025,-0.1721125752080115,0.8700000000000001,0.8999999999999999,B
total,over,0.5129186622971862,1.87,1.85,1.0,1.0,2025,-0.04084210150426182,0.8700000000000001,0.8500000000000001,B
total,over,0.46557380443259244,1.9,1.9,1.0,-1.0,2025,-0.11540977157807442,0.8999999999999999,0.8999999999999999,B
total,over,0.5311074057014966,1.9,1.95,0.0,0.0,2025,0.009104070832843592,-1.0,-1.0,B
total,over,0.24753659730047034,1.9,1.85,0.0,0.0,2025,-0.5296804651291064,-1.0,-1.0,B
total,over,0.29207368029459896,1.9,2.0,0.0,0.0,2025,-0.445060007440262,-1.0,-1.0,B
total,over,0.42100688326986224,1.9,1.85,0.0,0.0,2025,-0.20008692178726173,-1.0,-1.0,B
total,over,0.4592727150604648,1.87,1.85,1.0,0.0,2025,-0.14116002283693074,0.8700000000000001,0.8500000000000001,B
total,over,0.4148688653328224,1.87,1.85,1.0,0.0,2025,-0.22419522182762208,0.8700000000000001,0.8500000000000001,B
total,over,0.5063590519285252,1.85,1.95,0.0,1.0,2025,-0.06323575393222847,-1.0,-1.0,B
total,over,0.2779489141469774,1.87,1.9,1.0,0.0,2025,-0.4802355305451522,0.8700000000000001,0.8999999999999999,B
total,over,0.5485071091876874,1.87,1.9,0.0,0.0,2025,0.025708294180975422,-1.0,-1.0,B
total,over,0.46134494127571357,1.95,1.9,1.0,-1.0,2025,-0.10037736451235857,0.95,0.8999999999999999,B
total,over,0.5466676996914499,1.8,1.9,0.0,2.0,2025,-0.015998140555390172,-1.0,-1.0,B
total,over,0.47678173813912555,1.85,1.9,1.0,2.0,2025,-0.11795378444261773,0.8500000000000001,0.8999999999999999,B
total,over,0.48927404552495746,1.87,1.8,0.0,1.0,2025,-0.08505753486832945,-1.0,-1.0,B
total,over,0.5706640904416674,1.9,1.9,0.0,2.0,2025,0.08426177183916805,-1.0,-1.0,B
total,over,0.44343600493451546,1.87,1.85,0.0,-1.0,2025,-0.170774670772456,-1.0,-1.0,B
total,over,0.5277548060678885,1.87,1.85,1.0,0.0,2025,-0.01309851265304851,0.8700000000000001,0.8500000000000001,B
total,over,0.44984256029204894,1.95,1.85,0.0,-1.0,2025,-0.12280700743050454,-1.0,-1.0,B
total,over,0.33672577484437094,1.87,1.9,1.0,0.0,2025,-0.37032280104102633,0.8700000000000001,0.8999999999999999,B
total,over,0.5173327284350729,1.87,1.9,0.0,0.0,2025,-0.03258779782641352,-1.0,-1.0,B
total,over,0.48780013954187623,1.85,1.95,0.0,1.0,2025,-0.09756974184752898,-1.0,-1.0,B
total,over,0.46784177758498946,1.87,1.85,1.0,1.0,2025,-0.12513587591606967,0.8700000000000001,0.8500000000000001,B
total,over,0.5013976560572014,1.87,1.95,1.0,0.0,2025,-0.062386383173033244,0.8700000000000001,0.95,B
total,over,0.4596215291300841,1.87,1.95,0.0,-1.0,2025,-0.14050774052674275,-1.0,-1.0,B
total,over,0.4427359371806524,1.87,1.85,1.0,1.0,2025,-0.17208379747217994,0.8700000000000001,0.8500000000000001,B
total,over,0.49449662137998146,1.87,1.9,0.0,0.0,2025,-0.07529131801943467,-1.0,-1.0,B
total,over,0.449712115655912,1.87,1.85,0.0,0.0,2025,-0.1590383437234445,-1.0,-1.0,B
total,over,0.48456545944446994,1.8,1.85,0.0,2.0,2025,-0.1277821729999541,-1.0,-1.0,B
total,over,0.4223802564304436,1.9,1.95,0.0,0.0,2025,-0.1974775127821572,-1.0,-1.0,B
total,over,0.5298985593092485,1.9,1.95,1.0,0.0,2025,0.006807262687571924,0.8999999999999999,0.95,B
total,over,0.4675805953144313,1.87,1.85,1.0,0.0,2025,-0.12562428676201343,0.8700000000000001,0.8500000000000001,B
total,over,0.43324827368427404,1.87,1.9,0.0,2.0,2025,-0.18982572821040744,-1.0,-1.0,B
total,over,0.4056449446186864,1.9,1.9,0.0,0.0,2025,-0.22927460522449594,-1.0,-1.0,B
total,over,0.3722309014015838,1.87,1.95,0.0,0.0,2025,-0.30392821437903816,-1.0,-1.0,B
total,over,0.4048495063543874,1.9,1.95,0.0,0.0,2025,-0.23078593792666402,-1.0,-1.0,B
total,over,0.3219830930791067,1.87,1.95,1.0,0.0,2025,-0.39789161594207045,0.8700000000000001,0.95,B
total,over,0.4519699590098365,1.85,1.8,1.0,0.0,2025,-0.16385557583180244,0.8500000000000001,0.8,B
total,over,0.3329273641176049,1.87,1.95,0.0,-1.0,2025,-0.3774258291000788,-1.0,-1.0,B
total,over,0.49936661082704886,1.95,1.85,0.0,-1.0,2025,-0.026235108887254777,-1.0,-1.0,B
total,over,0.38722011495633957,1.9,1.9,1.0,0.0,2025,-0.2642817815829549,0.8999999999999999,0.8999999999999999,B
total,over,0.39332520464752163,1.8,1.95,1.0,0.0,2025,-0.29201463163446106,0.8,0.95,B
total,over,0.4304399951993595,1.9,1.9,0.0,-2.0,2025,-0.182164009121217,-1.0,-1.0,B
total,over,0.3386692277442891,1.95,1.9,0.0,-3.0,2025,-0.33959500589863634,-1.0,-1.0,B
total,over,0.3146192436224312,1.95,1.9,0.0,-2.0,2025,-0.38649247493625916,-1.0,-1.0,B
total,over,0.3359156210653681,1.87,1.95,0.0,-2.0,2025,-0.3718377886077616,-1.0,-1.0,B
total,over,0.5257486745123733,1.87,1.95,0.0,0.0,2025,-0.016849978661861886,-1.0,-1.0,B
total,over,0.3158810609249234,1.85,2.0,1.0,-1.0,2025,-0.41562003728889163,0.8500000000000001,1.0,B
total,over,0.4400261586674308,1.87,1.9,0.0,0.0,2025,-0.17715108329190443,-1.0,-1.0,B
total,over,0.33231779316822724,1.9,1.9,0.0,-1.0,2025,-0.3685961929803683,-1.0,-1.0,B
total,over,0.5136370701757876,1.85,1.95,1.0,1.0,2025,-0.04977142017479286,0.8500000000000001,0.95,B
total,over,0.34802248494611965,1.87,1.9,1.0,-1.0,2025,-0.3491979531507562,0.8700000000000001,0.8999999999999999,B
total,over,0.3392173584286615,1.87,1.85,0.0,-1.0,2025,-0.36566353973840293,-1.0,-1.0,B
total,over,0.4992520039854081,1.87,1.95,0.0,0.0,2025,-0.06639875254728678,-1.0,-1.0,B
total,over,0.47250335029276674,1.87,1.9,0.0,-1.0,2025,-0.11641873495252619,-1.0,-1.0,B
total,over,0.532988166192346,1.85,1.95,0.0,1.0,2025,-0.01397189254415987,-1.0,-1.0,B
total,over,0.6165635770810904,1.85,1.95,1.0,1.0,2025,0.14064261760001728,0.8500000000000001,0.95,B
total,over,0.354651841697711,2.0,1.95,1.0,0.0,2025,-0.29069631660457795,1.0,0.95,B
total,over,0.49050239289808883,1.87,1.9,1.0,0.0,2025,-0.08276052528057387,0.8700000000000001,0.8999999999999999,B
total,over,0.41580561526833465,1.87,1.95,0.0,0.0,2025,-0.22244349944821418,-1.0,-1.0,B
total,over,0.34308720473789994,1.9,1.95,0.0,0.0,2025,-0.3481343109979902,-1.0,-1.0,B
total,over,0.4467632072959956,1.87,1.85,0.0,0.0,2025,-0.16455280235648817,-1.0,-1.0,B
total,over,0.47993522367184127,1.9,1.95,0.0,-1.0,2025,-0.08812307502350158,-1.0,-1.0,B
total,over,0.6593105411538064,1.85,1.95,0.0,1.0,2025,0.2197245011345419,-1.0,-1.0,B
total,over,0.5804490416516104,1.87,1.95,0.0,0.0,2025,0.08543970788851141,-1.0,-1.0,B
total,over,0.4391479373081191,1.87,1.95,1.0,0.0,2025,-0.17879335723381728,0.8700000000000001,0.95,B
total,over,0.4428929552112568,1.85,1.9,1.0,0.0,2025,-0.18064803285917486,0.8500000000000001,0.8999999999999999,B
total,over,0.44728481982471224,1.85,1.85,0.0,-7.0,2025,-0.17252308332428234,-1.0,-1.0,B
total,over,0.4562091524029976,1.87,1.9,1.0,0.0,2025,-0.1468888850063944,0.8700000000000001,0.8999999999999999,B
total,over,0.42662490600197156,1.87,1.1,1.0,-13.0,2025,-0.20221142577631313,0.8700000000000001,0.10000000000000009,B
total,over,0.4568021599261528,1.87,1.93,0.0,-12.0,2025,-0.1457799609380942,-1.0,-1.0,B
total,over,0.3275011598883603,1.87,1.95,1.0,-1.0,2025,-0.38757283100876616,0.8700000000000001,0.95,B
total,over,0.5500491015016199,1.87,1.9,1.0,0.0,2025,0.028591819808029273,0.8700000000000001,0.8999999999999999,B
total,over,0.34698503229761524,1.87,1.95,0.0,0.0,2025,-0.35113798960345943,-1.0,-1.0,B
total,over,0.40880612183244347,1.85,1.95,1.0,1.0,2025,-0.24370867460997958,0.8500000000000001,0.95,B
total,over,0.46163075626753153,1.8,1.85,1.0,1.0,2025,-0.16906463871844324,0.8,0.8500000000000001,B
total,over,0.3593012106726866,1.8,1.8,1.0,0.0,2025,-0.3532578207891641,0.8,0.8,B
total,over,0.42830490322361325,1.85,1.9,1.0,1.0,2025,-0.20763592903631545,0.8500000000000001,0.8999999999999999,B
total,over,0.43929105763364895,1.87,1.95,0.0,0.0,2025,-0.17852572222507646,-1.0,-1.0,B
total,over,0.40074273340714867,1.87,1.9,1.0,1.0,2025,-0.2506110885286319,0.8700000000000001,0.8999999999999999,B
total,over,0.3616030715082471,1.9,1.85,0.0,0.0,2025,-0.3129541641343305,-1.0,-1.0,B
total,over,0.39147251966397845,1.85,1.9,1.0,2.0,2025,-0.2757758386216398,0.8500000000000001,0.8999999999999999,B
total,over,0.30024325629019,1.85,1.8,1.0,0.0,2025,-0.4445499758631485,0.8500000000000001,0.8,B
total,over,0.452868632089108,1.9,2.0,0.0,0.0,2025,-0.13954959903069486,-1.0,-1.0,B
total,over,0.41259521231096397,1.95,1.8,1.0,2.0,2025,-0.1954393359936203,0.95,0.8,B
total,over,0.32359828294285065,1.8,1.8,1.0,2.0,2025,-0.41752309070286886,0.8,0.8,B
total,over,0.5807589065183945,1.9,1.8,1.0,-1.0,2025,0.10344192238494943,0.8999999999999999,0.8,B
total,over,0.32650356006972725,1.9,1.9,0.0,0.0,2025,-0.37964323586751825,-1.0,-1.0,B
total,over,0.468459768095038,1.9,1.95,0.0,0.0,2025,-0.10992644061942791,-1.0,-1.0,B
total,over,0.5526441642977883,1.9,1.85,1.0,1.0,2025,0.05002391216579771,0.8999999999999999,0.8500000000000001,B
total,over,0.43572889908116513,1.9,1.95,0.0,-2.0,2025,-0.17211509174578632,-1.0,-1.0,B
total,over,0.5442259282550522,1.9,1.95,1.0,0.0,2025,0.03402926368459913,0.8999999999999999,0.95,B
total,over,0.5869246407699158,1.9,1.8,0.0,1.0,2025,0.1151568174628399,-1.0,-1.0,B
total,over,0.49129734748284326,1.9,1.85,0.0,2.0,2025,-0.0665350397825979,-1.0,-1.0,B
total,over,0.6410790020490587,1.9,1.85,1.0,0.0,2025,0.21805010389321144,0.8999999999999999,0.8500000000000001,B
total,under,0.3782893617795535,1.91,1.952,1.0,0.0,2023,-0.2774673190010528,0.9099999999999999,0.952,B
total,under,0.43706682665622065,1.91,1.87,1.0,0.0,2023,-0.16520236108661857,0.9099999999999999,0.8700000000000001,B
total,under,0.3827982603275377,1.91,1.91,1.0,0.0,2023,-0.26885532277440294,0.9099999999999999,0.9099999999999999,B
total,under,0.46865585804845455,1.91,1.97,1.0,0.0,2023,-0.10486731112745185,0.9099999999999999,0.97,B
total,under,0.4386488738329155,1.91,1.89,1.0,0.0,2023,-0.16218065097913137,0.9099999999999999,0.8899999999999999,B
total,under,0.44303604891020376,1.91,1.91,0.0,2.0,2023,-0.1538011465815109,-1.0,-1.0,B
total,under,0.5857311162026408,1.91,1.97,1.0,1.0,2023,0.11874643194704393,0.9099999999999999,0.97,B
total,under,0.32853591093699674,1.91,1.91,1.0,0.0,2023,-0.3724964101103363,0.9099999999999999,0.9099999999999999,B
total,under,0.3837568939816204,1.91,1.87,0.0,0.0,2023,-0.26702433249510504,-1.0,-1.0,B
total,under,0.40815650040242946,1.97,1.89,0.0,1.0,2023,-0.195931694207214,-1.0,-1.0,B
total,under,0.49413440239274664,1.91,1.91,1.0,-1.0,2023,-0.05620329142985392,0.9099999999999999,0.9099999999999999,B
total,under,0.3577389993083846,1.952,1.91,1.0,0.0,2023,-0.30169347335003327,0.952,0.9099999999999999,B
total,under,0.4457481284337306,1.91,1.91,1.0,0.0,2023,-0.1486210746915746,0.9099999999999999,0.9099999999999999,B
total,under,0.40326672438296995,1.91,1.952,0.0,2.0,2023,-0.22976055642852744,-1.0,-1.0,B
total,under,0.3980756095071927,1.91,1.89,0.0,-2.0,2023,-0.23967558584126203,-1.0,-1.0,B
total,under,0.3464671625939033,1.91,1.952,1.0,-2.0,2023,-0.3382477194456447,0.9099999999999999,0.952,B
total,under,0.4360959996043243,1.91,1.91,0.0,0.0,2023,-0.16705664075574056,-1.0,-1.0,B
total,under,0.4372958123327242,1.91,1.91,1.0,-1.0,2023,-0.16476499844449688,0.9099999999999999,0.9099999999999999,B
total,under,0.4306854744648926,1.91,1.91,0.0,-1.0,2023,-0.17739074377205521,-1.0,-1.0,B
total,under,0.4195655809145127,1.91,1.97,0.0,-1.0,2023,-0.19862974045328086,-1.0,-1.0,B
total,under,0.4329838817707943,1.91,1.97,0.0,-1.0,2023,-0.173000785817783,-1.0,-1.0,B
total,under,0.359002415536812,1.91,1.91,1.0,0.0,2023,-0.3143053863246891,0.9099999999999999,0.9099999999999999,B
total,under,0.47100568259138575,1.91,1.91,1.0,0.0,2023,-0.1003791462504533,0.9099999999999999,0.9099999999999999,B
total,under,0.4522622294258204,1.91,1.87,1.0,-1.0,2023,-0.1361791417966831,0.9099999999999999,0.8700000000000001,B
total,under,0.4648180758749574,1.91,1.952,1.0,0.0,2023,-0.11219747507883149,0.9099999999999999,0.952,B
total,under,0.45156826509859216,1.91,1.91,1.0,-1.0,2023,-0.13750461366168898,0.9099999999999999,0.9099999999999999,B
total,under,0.44921214654559716,1.91,1.85,1.0,0.0,2023,-0.1420048000979095,0.9099999999999999,0.8500000000000001,B
total,under,0.4535917672784442,1.91,1.97,0.0,0.0,2023,-0.13363972449817163,-1.0,-1.0,B
total,under,0.3384867602763011,1.97,1.91,0.0,-2.0,2023,-0.3331810822556869,-1.0,-1.0,B
total,under,0.43314088031340636,1.91,1.91,0.0,2.0,2023,-0.17270091860139392,-1.0,-1.0,B
total,under,0.41532333899247387,1.91,1.91,1.0,1.0,2023,-0.20673242252437496,0.9099999999999999,0.9099999999999999,B
total,under,0.4751065281953125,1.91,1.91,0.0,0.0,2023,-0.0925465311469531,-1.0,-1.0,B
total,under,0.4382824556901749,1.91,1.91,0.0,0.0,2023,-0.16288050963176604,-1.0,-1.0,B
total,under,0.3878444583732602,1.91,1.91,1.0,1.0,2023,-0.25921708450707304,0.9099999999999999,0.9099999999999999,B
total,under,0.323558826684164,1.91,1.91,1.0,0.0,2023,-0.38200264103324677,0.9099999999999999,0.9099999999999999,B
total,under,0.47518138086594097,1.82,1.952,0.0,2.0,2023,-0.13516988682398745,-1.0,-1.0,B
total,under,0.44762963966613767,1.82,2.0,0.0,0.0,2023,-0.18531405580762939,-1.0,-1.0,B
total,under,0.4355963936398758,1.91,1.952,0.0,-1.0,2023,-0.16801088814783727,-1.0,-1.0,B
total,under,0.5211976628920743,1.91,1.952,1.0,0.0,2023,-0.00451246387613824,0.9099999999999999,0.952,B
total,under,0.5034194113286725,1.97,1.97,1.0,-2.0,2023,-0.008263759682515137,0.97,0.97,B
total,under,0.43559201213715826,1.91,1.91,0.0,-2.0,2023,-0.16801925681802776,-1.0,-1.0,B
total,under,0.49663407752270494,1.91,1.91,0.0,-2.0,2023,-0.05142891193163357,-1.0,-1.0,B
total,under,0.5047044490104244,1.91,1.91,0.0,-2.0,2023,-0.03601450239008941,-1.0,-1.0,B
total,under,0.3716304415401802,1.91,1.87,1.0,-3.0,2023,-0.2901858566582558,0.9099999999999999,0.8700000000000001,B
total,under,0.4626183709123739,1.91,2.0,1.0,-1.0,2023,-0.11639891155736592,0.9099999999999999,1.0,B
total,under,0.3836013996161096,1.91,1.91,1.0,-2.0,2023,-0.2673213267332306,0.9099999999999999,0.9099999999999999,B
total,under,0.4980657895435807,1.91,1.91,1.0,0.0,2023,-0.048694341971760924,0.9099999999999999,0.9099999999999999,B
total,under,0.4636923141408512,1.91,1.952,0.0,-3.0,2023,-0.11434767999097417,-1.0,-1.0,B
total,under,0.4350967676793783,1.91,1.91,1.0,0.0,2023,-0.1689651737323874,0.9099999999999999,0.9099999999999999,B
total,under,0.4389061217322202,1.91,1.91,1.0,-2.0,2023,-0.16168930749145938,0.9099999999999999,0.9099999999999999,B
total,under,0.36251923031748345,1.91,1.89,1.0,2.0,2023,-0.3075882700936067,0.9099999999999999,0.8899999999999999,B
total,under,0.45328430366624484,1.91,2.0,1.0,0.0,2023,-0.13422697999747235,0.9099999999999999,1.0,B
total,under,0.40849723903456014,1.91,1.91,0.0,-1.0,2023,-0.21977027344399014,-1.0,-1.0,B
total,under,0.38455389434524856,1.91,1.952,1.0,-1.0,2023,-0.26550206180057523,0.9099999999999999,0.952,B
total,under,0.4683955188583724,1.91,1.952,0.0,-3.0,2023,-0.10536455898050878,-1.0,-1.0,B
total,under,0.45915157763707404,1.91,1.952,1.0,-1.0,2023,-0.12302048671318866,0.9099999999999999,0.952,B
total,under,0.4111097463377582,1.91,1.87,0.0,-1.0,2023,-0.2147803844948819,-1.0,-1.0,B
total,under,0.45658940390613467,1.91,1.82,0.0,0.0,2023,-0.12791423853928285,-1.0,-1.0,B
total,under,0.3814689702437887,1.91,1.91,0.0,-2.0,2023,-0.27139426683436363,-1.0,-1.0,B
total,under,0.37916736172226895,1.91,1.91,0.0,-2.0,2023,-0.27579033911046635,-1.0,-1.0,B
total,under,0.43717126966850706,1.91,1.91,1.0,0.0,2023,-0.16500287493315158,0.9099999999999999,0.9099999999999999,B
total,under,0.4631129652721977,1.91,1.89,0.0,0.0,2023,-0.11545423633010243,-1.0,-1.0,B
total,under,0.5478841542593158,1.91,1.87,1.0,3.0,2023,0.04645873463529315,0.9099999999999999,0.8700000000000001,B
total,under,0.5319517050421172,1.91,1.91,1.0,4.0,2023,0.016027756630443868,0.9099999999999999,0.9099999999999999,B
total,under,0.4350348958071357,1.91,1.91,1.0,2.0,2023,-0.16908334900837085,0.9099999999999999,0.9099999999999999,B
total,under,0.37305498898742406,1.91,2.0,1.0,-1.0,2023,-0.28746497103402,0.9099999999999999,1.0,B
total,under,0.41052203083394345,1.91,1.91,0.0,0.0,2023,-0.21590292110716802,-1.0,-1.0,B
total,under,0.48746699900573287,1.91,1.952,1.0,-2.0,2023,-0.06893803189905023,0.9099999999999999,0.952,B
total,under,0.4070478936289649,1.91,1.952,1.0,-2.0,2023,-0.22253852316867717,0.9099999999999999,0.952,B
total,under,0.4044872637098389,1.91,2.0,0.0,-5.0,2023,-0.22742932631420776,-1.0,-1.0,B
total,under,0.42412970843623576,1.91,1.91,1.0,0.0,2023,-0.1899122568867897,0.9099999999999999,0.9099999999999999,B
total,under,0.4471139804016149,1.91,1.952,1.0,-3.0,2023,-0.14601229743291566,0.9099999999999999,0.952,B
total,under,0.5727305753952947,1.91,1.97,1.0,1.0,2023,0.09391539900501278,0.9099999999999999,0.97,B
total,under,0.5010805970333798,1.91,1.91,0.0,3.0,2023,-0.042936059666244586,-1.0,-1.0,B
total,under,0.4104322735556676,1.91,1.952,1.0,1.0,2023,-0.21607435750867499,0.9099999999999999,0.952,B
total,under,0.41602459195639574,1.91,1.952,1.0,0.0,2023,-0.20539302936328419,0.9099999999999999,0.952,B
total,under,0.39605544201983556,1.91,1.91,0.0,2.0,2023,-0.2435341057421141,-1.0,-1.0,B
total,under,0.5548159651255021,1.91,2.0,1.0,0.0,2023,0.05969849338970912,0.9099999999999999,1.0,B
total,under,0.42348568971722167,1.91,2.0,0.0,0.0,2023,-0.1911423326401066,-1.0,-1.0,B
total,under,0.4124701830820273,1.91,1.91,0.0,-2.0,2023,-0.21218195031332787,-1.0,-1.0,B
total,under,0.5010262048625547,1.91,1.91,0.0,-2.0,2023,-0.04303994871252059,-1.0,-1.0,B
total,under,0.5114403485787693,1.91,1.91,1.0,0.0,2023,-0.023148934214550665,0.9099999999999999,0.9099999999999999,B
total,under,0.36584034473756244,1.91,1.97,1.0,0.0,2023,-0.3012449415512558,0.9099999999999999,0.97,B
total,under,0.41150531821712943,1.91,1.97,0.0,0.0,2023,-0.21402484220528284,-1.0,-1.0,B
total,under,0.4769297572806779,1.91,1.91,0.0,0.0,2023,-0.08906416359390534,-1.0,-1.0,B
total,under,0.5612409233530833,1.91,1.91,1.0,-1.0,2023,0.07197016360438901,0.9099999999999999,0.9099999999999999,B
total,under,0.5026798765807556,1.91,1.87,0.0,1.0,2023,-0.039881435730756754,-1.0,-1.0,B
total,under,0.42667877500773277,1.91,1.91,1.0,0.0,2023,-0.18504353973523047,0.9099999999999999,0.9099999999999999,B
total,under,0.49715662374447633,1.91,1.97,1.0,-2.0,2023,-0.05043084864805025,0.9099999999999999,0.97,B
total,under,0.49183860026696524,1.91,1.91,0.0,0.0,2023,-0.060588273490096434,-1.0,-1.0,B
total,under,0.4526836158994296,1.91,1.97,1.0,0.0,2023,-0.13537429363208942,0.9099999999999999,0.97,B
total,under,0.4843147543825512,1.91,1.97,1.0,0.0,2023,-0.07495881912932723,0.9099999999999999,0.97,B
total,under,0.4359596115446279,1.91,1.91,0.0,-1.0,2023,-0.16731714194976066,-1.0,-1.0,B
total,under,0.410292715947153,1.91,1.87,0.0,0.0,2023,-0.2163409125409378,-1.0,-1.0,B
total,under,0.4667612343040026,1.91,1.97,0.0,-1.0,2023,-0.108486042479355,-1.0,-1.0,B
total,under,0.4032220039307489,1.91,1.91,1.0,0.0,2023,-0.22984597249226957,0.9099999999999999,0.9099999999999999,B
total,under,0.4509656562734631,1.91,1.91,1.0,-1.0,2023,-0.13865559651768555,0.9099999999999999,0.9099999999999999,B
total,under,0.5527835329615339,1.91,1.91,0.0,-1.0,2023,0.055816547956529794,-1.0,-1.0,B
total,under,0.4159636511999818,1.91,1.91,1.0,0.0,2023,-0.2055094262080348,0.9099999999999999,0.9099999999999999,B
total,under,0.46492084793045974,1.91,1.91,0.0,1.0,2023,-0.11200118045282192,-1.0,-1.0,B
total,under,0.44930731351393727,1.91,1.91,0.0,0.0,2023,-0.1418230311883798,-1.0,-1.0,B
total,under,0.4730340876172181,1.91,2.0,0.0,1.0,2023,-0.0965048926511135,-1.0,-1.0,B
total,under,0.50875644732906,1.91,1.89,1.0,0.0,2023,-0.028275185601495445,0.9099999999999999,0.8899999999999999,B
total,under,0.43858022351752823,1.91,1.97,0.0,-1.0,2023,-0.16231177308152112,-1.0,-1.0,B
total,under,0.5233433482657432,1.91,1.952,0.0,0.0,2023,-0.00041420481243048535,-1.0,-1.0,B
total,under,0.5181579002896944,1.952,2.0,0.0,2.0,2023,0.011444221365483509,-1.0,-1.0,B
total,under,0.4746420572951423,1.91,1.97,0.0,0.0,2023,-0.09343367056627827,-1.0,-1.0,B
total,under,0.38358617272491047,1.91,1.87,1.0,1.0,2023,-0.26735041009542104,0.9099999999999999,0.8700000000000001,B
total,under,0.4754434012101849,1.91,1.91,0.0,0.0,2023,-0.09190310368854682,-1.0,-1.0,B
total,under,0.4365102625566667,1.91,1.952,0.0,-1.0,2023,-0.1662653985167667,-1.0,-1.0,B
total,under,0.3669716361427465,1.91,1.91,0.0,0.0,2023,-0.2990841749673542,-1.0,-1.0,B
total,under,0.4852352171457395,1.91,1.952,1.0,-1.0,2023,-0.07320073525163762,0.9099999999999999,0.952,B
total,under,0.3714784172714276,1.91,1.87,1.0,-1.0,2023,-0.2904762230115733,0.9099999999999999,0.8700000000000001,B
total,under,0.39466575327259823,1.91,1.91,1.0,0.0,2023,-0.24618841124933744,0.9099999999999999,0.9099999999999999,B
total,under,0.4467714342974012,1.952,2.0,0.0,-2.0,2023,-0.12790216025147294,-1.0,-1.0,B
total,under,0.45232626150313227,1.91,1.91,0.0,0.0,2023,-0.13605684052901745,-1.0,-1.0,B
total,under,0.4595603215306032,1.91,1.91,0.0,-2.0,2023,-0.12223978587654794,-1.0,-1.0,B
total,under,0.4332865294059012,1.91,2.0,1.0,2.0,2023,-0.17242272883472876,0.9099999999999999,1.0,B
total,under,0.4715269390954294,1.91,1.91,1.0,1.0,2023,-0.09938354632772983,0.9099999999999999,0.9099999999999999,B
total,under,0.5596482985425375,1.91,1.91,1.0,-4.0,2023,0.06892825021624649,0.9099999999999999,0.9099999999999999,B
total,under,0.4478679152795938,1.91,2.0,1.0,-1.0,2023,-0.14457228181597592,0.9099999999999999,1.0,B
total,under,0.4149248894782206,1.91,1.91,1.0,-1.0,2023,-0.20749346109659872,0.9099999999999999,0.9099999999999999,B
total,under,0.49920031574990165,1.91,1.97,0.0,0.0,2023,-0.046527396917687924,-1.0,-1.0,B
total,under,0.4849955080336671,1.952,1.87,1.0,5.0,2023,-0.05328876831828189,0.952,0.8700000000000001,B
total,under,0.35630524182827206,1.91,1.8,0.0,0.0,2023,-0.3194569881080004,-1.0,-1.0,B
total,under,0.5020999497724403,1.91,1.91,0.0,0.0,2023,-0.040989095934639064,-1.0,-1.0,B
total,under,0.5348354897821863,1.91,1.91,0.0,0.0,2023,0.021535785483975722,-1.0,-1.0,B
total,under,0.5500476485210948,1.91,1.91,1.0,-1.0,2023,0.05059100867529098,0.9099999999999999,0.9099999999999999,B
total,under,0.4745285973817567,1.952,1.97,0.0,0.0,2023,-0.07372017791081098,-1.0,-1.0,B
total,under,0.4853718760915946,1.91,1.952,1.0,0.0,2023,-0.07293971666505439,0.9099999999999999,0.952,B
total,under,0.4629746517615764,1.91,1.97,0.0,-5.0,2023,-0.11571841513538916,-1.0,-1.0,B
total,under,0.3871610896161425,1.91,2.0,0.0,-3.0,2023,-0.2605223188331679,-1.0,-1.0,B
total,under,0.36027418100547937,1.91,1.91,0.0,-3.0,2023,-0.31187631427953444,-1.0,-1.0,B
total,under,0.4090573347643618,1.91,1.91,0.0,0.0,2023,-0.21870049060006902,-1.0,-1.0,B
total,under,0.5674239512514551,1.91,1.91,1.0,-3.0,2023,0.08377974689027923,0.9099999999999999,0.9099999999999999,B
total,under,0.4497310802142285,1.91,1.91,0.0,-2.0,2023,-0.14101363679082368,-1.0,-1.0,B
total,under,0.48105106564472055,1.91,1.91,0.0,-1.0,2023,-0.08119246461858376,-1.0,-1.0,B
total,under,0.43397495303693934,1.91,1.952,1.0,-1.0,2023,-0.17110783969944587,0.9099999999999999,0.952,B
total,under,0.3571356207269083,1.91,1.91,0.0,-2.0,2023,-0.31787096441160523,-1.0,-1.0,B
total,under,0.3794869561645564,1.91,1.87,0.0,-3.0,2023,-0.2751799137256973,-1.0,-1.0,B
total,under,0.42459464242312783,1.91,1.91,1.0,-2.0,2023,-0.1890242329718259,0.9099999999999999,0.9099999999999999,B
total,under,0.4822740964388057,1.91,1.91,0.0,-5.0,2023,-0.07885647580188115,-1.0,-1.0,B
total,under,0.4508007803239852,1.97,1.91,1.0,-2.0,2023,-0.11192246276174922,0.97,0.9099999999999999,B
total,under,0.40080535415766283,1.97,1.97,1.0,2.0,2023,-0.21041345230940423,0.97,0.97,B
total,under,0.5131965592571748,1.87,1.87,0.0,0.0,2023,-0.0403224341890831,-1.0,-1.0,B
total,under,0.5428430834038578,1.97,1.97,0.0,-2.0,2023,0.06940087430559982,-1.0,-1.0,B
total,under,0.47254398456739743,1.97,1.91,0.0,-2.0,2023,-0.06908835040222705,-1.0,-1.0,B
total,under,0.5430574703770217,1.91,1.952,1.0,0.0,2023,0.03723976842011134,0.9099999999999999,0.952,B
total,under,0.5796510228644559,1.91,1.91,0.0,-1.0,2023,0.10713345367111082,-1.0,-1.0,B
total,under,0.5667951841482619,1.91,1.91,0.0,0.0,2023,0.0825788017231801,-1.0,-1.0,B
total,under,0.5293293720474339,1.82,1.91,1.0,0.0,2023,-0.036620542873670225,0.8200000000000001,0.9099999999999999,B
total,under,0.6611534831030275,1.91,1.91,0.0,-2.0,2023,0.26280315272678245,-1.0,-1.0,B
total,under,0.43958500778725407,1.91,1.91,0.0,-1.0,2023,-0.16039263512634472,-1.0,-1.0,B
total,under,0.521110654183923,1.91,1.91,1.0,-1.0,2023,-0.004678650508707083,0.9099999999999999,0.9099999999999999,B
total,under,0.5305182454462583,1.91,1.952,1.0,0.0,2023,0.013289848802353177,0.9099999999999999,0.952,B
total,under,0.4474621472072442,1.91,1.91,1.0,-2.0,2023,-0.14534729883416364,0.9099999999999999,0.9099999999999999,B
total,under,0.593839406622848,1.91,1.91,1.0,-1.0,2023,0.13423326664963953,0.9099999999999999,0.9099999999999999,B
total,under,0.5725221761583696,1.91,1.91,1.0,-1.0,2023,0.09351735646248605,0.9099999999999999,0.9099999999999999,B
total,under,0.4994113599077309,1.91,1.91,1.0,2.0,2023,-0.04612430257623401,0.9099999999999999,0.9099999999999999,B
total,under,0.5584686674063434,1.91,2.0,1.0,-1.0,2023,0.06667515474611574,0.9099999999999999,1.0,B
total,under,0.4089598936843962,1.91,2.0,1.0,1.0,2023,-0.21888660306280328,0.9099999999999999,1.0,B
total,under,0.4798993107917754,1.91,1.87,0.0,1.0,2023,-0.08339231638770905,-1.0,-1.0,B
total,under,0.6465517790076598,1.91,1.91,0.0,1.0,2023,0.23491389790463013,-1.0,-1.0,B
total,under,0.615396619660545,1.91,1.91,1.0,0.0,2023,0.1754075435516409,0.9099999999999999,0.9099999999999999,B
total,under,0.5688922811383282,1.91,1.91,1.0,0.0,2023,0.0865842569742068,0.9099999999999999,0.9099999999999999,B
total,under,0.566756759207073,1.91,1.91,1.0,0.0,2023,0.08250541008550938,0.9099999999999999,0.9099999999999999,B
total,under,0.5107934642740422,1.91,1.91,1.0,1.0,2023,-0.02438448323657949,0.9099999999999999,0.9099999999999999,B
total,under,0.6061157567835156,1.91,1.91,1.0,0.0,2023,0.15768109545651465,0.9099999999999999,0.9099999999999999,B
total,under,0.5586204030076591,1.91,1.91,0.0,-1.0,2023,0.06696496974462884,-1.0,-1.0,B
total,under,0.6672726334038549,1.91,1.87,1.0,0.0,2023,0.2744907298013628,0.9099999999999999,0.8700000000000001,B
total,under,0.5754833174169355,1.91,1.87,0.0,0.0,2023,0.09917313626634683,-1.0,-1.0,B
total,under,0.594762325848556,1.91,1.952,1.0,1.0,2023,0.13599604237074203,0.9099999999999999,0.952,B
total,under,0.4713444636126829,1.91,2.0,0.0,0.0,2023,-0.09973207449977572,-1.0,-1.0,B
total,under,0.5702626641363711,1.91,1.85,0.0,-1.0,2023,0.08920168850046872,-1.0,-1.0,B
total,under,0.5897014889024167,1.91,1.87,1.0,0.0,2023,0.12632984380361578,0.9099999999999999,0.8700000000000001,B
total,under,0.548495088177103,1.91,1.85,0.0,-1.0,2023,0.047625618418266624,-1.0,-1.0,B
total,under,0.46727363744986894,1.952,1.87,0.0,-1.0,2023,-0.08788185969785589,-1.0,-1.0,B
total,under,0.5558839877385069,1.91,1.91,0.0,-1.0,2023,0.06173841658054813,-1.0,-1.0,B
total,under,0.5253368036143349,1.91,2.0,0.0,1.0,2023,0.0033932949033794735,-1.0,-1.0,B
total,under,0.4953344183837254,1.91,2.0,0.0,0.0,2023,-0.05391126088708453,-1.0,-1.0,B
total,under,0.5893353950797882,1.91,1.85,1.0,-1.0,2023,0.1256306046023954,0.9099999999999999,0.8500000000000001,B
total,under,0.48028351796941804,1.91,1.97,0.0,-1.0,2023,-0.08265848067841164,-1.0,-1.0,B
total,under,0.47768554014627074,1.91,1.952,0.0,0.0,2023,-0.08762061832062296,-1.0,-1.0,B
total,under,0.5820967425057695,1.91,1.91,1.0,-2.0,2023,0.11180477818601964,0.9099999999999999,0.9099999999999999,B
total,under,0.585508251449723,2.0,1.952,1.0,-1.0,2023,0.17101650289944592,1.0,0.952,B
total,under,0.606409095049488,1.91,1.91,0.0,-1.0,2023,0.1582413715445221,-1.0,-1.0,B
total,under,0.5541294194163251,1.91,1.85,1.0,-1.0,2023,0.05838719108518098,0.9099999999999999,0.8500000000000001,B
total,under,0.49884877559178953,1.87,1.91,0.0,0.0,2023,-0.06715278964335358,-1.0,-1.0,B
total,under,0.5247204226165239,1.91,1.97,0.0,-2.0,2023,0.0022160071975605433,-1.0,-1.0,B
total,under,0.5020471129242081,1.91,1.91,1.0,-1.0,2023,-0.04109001431476256,0.9099999999999999,0.9099999999999999,B
total,under,0.47264970542376117,1.91,1.87,0.0,0.0,2023,-0.09723906264061621,-1.0,-1.0,B
total,under,0.5969001184454275,1.91,1.97,0.0,-1.0,2023,0.1400792262307664,-1.0,-1.0,B
total,under,0.5528397469088756,1.91,1.91,1.0,2.0,2023,0.055923916595952416,0.9099999999999999,0.9099999999999999,B
total,under,0.622190889972301,1.91,1.85,1.0,-4.0,2023,0.18838459984709477,0.9099999999999999,0.8500000000000001,B
total,under,0.4354703514995467,1.91,1.91,0.0,-1.0,2023,-0.16825162863586585,-1.0,-1.0,B
total,under,0.5315156050741587,1.91,1.952,1.0,-2.0,2023,0.01519480569164311,0.9099999999999999,0.952,B
total,under,0.6744785566799241,1.91,1.91,0.0,-5.0,2023,0.2882540432586549,-1.0,-1.0,B
total,under,0.46522915983440816,2.0,2.02,1.0,-2.0,2023,-0.06954168033118369,1.0,1.02,B
total,under,0.4811375409286004,1.952,1.78,1.0,0.0,2023,-0.060819520107372016,0.952,0.78,B
total,under,0.41352732544659054,1.87,1.952,1.0,-1.0,2023,-0.22670390141487562,0.8700000000000001,0.952,B
total,under,0.3813400347291407,1.87,1.952,1.0,-1.0,2023,-0.28689413505650685,0.8700000000000001,0.952,B
total,under,0.44729632319581525,1.97,2.0,0.0,-1.0,2023,-0.11882624330424396,-1.0,-1.0,B
total,under,0.34718277810101217,1.91,1.91,1.0,-1.0,2023,-0.33688089382706676,0.9099999999999999,0.9099999999999999,B
total,under,0.42339170858246766,1.91,1.91,0.0,0.0,2023,-0.1913218366074868,-1.0,-1.0,B
total,under,0.3481616866276144,1.91,1.85,0.0,0.0,2023,-0.3350111785412566,-1.0,-1.0,B
total,under,0.42882565821673335,1.91,1.91,0.0,-1.0,2023,-0.18094299280603932,-1.0,-1.0,B
total,under,0.34822190063902014,1.91,1.87,0.0,0.0,2023,-0.33489616977947156,-1.0,-1.0,B
total,under,0.4339594205901409,1.91,1.87,0.0,2.0,2024,-0.1711375066728309,-1.0,-1.0,B
total,under,0.4530818168209473,1.87,1.91,1.0,0.0,2024,-0.15273700254482858,0.8700000000000001,0.9099999999999999,B
total,under,0.3991067866071759,1.91,2.0,1.0,-1.0,2024,-0.23770603758029407,0.9099999999999999,1.0,B
total,under,0.3507751748004253,1.91,1.952,1.0,-1.0,2024,-0.3300194161311877,0.9099999999999999,0.952,B
total,under,0.2505398694503401,1.91,1.91,1.0,-1.0,2024,-0.5214688493498504,0.9099999999999999,0.9099999999999999,B
total,under,0.3238831115855446,1.91,1.91,1.0,-1.0,2024,-0.3813832568716098,0.9099999999999999,0.9099999999999999,B
total,under,0.41758171829183155,1.91,1.952,1.0,1.0,2024,-0.20241891806260182,0.9099999999999999,0.952,B
total,under,0.42740547355308844,1.91,1.91,0.0,-1.0,2024,-0.18365554551360108,-1.0,-1.0,B
total,under,0.3934327897351889,1.91,1.952,0.0,-1.0,2024,-0.2485433716057892,-1.0,-1.0,B
total,under,0.35673346592189004,1.91,1.93,1.0,-1.0,2024,-0.31863908008919006,0.9099999999999999,0.9299999999999999,B
total,under,0.2934015425914326,1.91,1.91,0.0,1.0,2024,-0.4396030536503638,-1.0,-1.0,B
total,under,0.48615233145108105,1.91,1.8,1.0,0.0,2024,-0.07144904692843523,0.9099999999999999,0.8,B
total,under,0.49700543232229466,1.97,1.952,1.0,0.0,2024,-0.02089929832507953,0.97,0.952,B
total,under,0.42117615610521286,1.87,1.952,0.0,1.0,2024,-0.2124005880832519,-1.0,-1.0,B
total,under,0.4051542555355153,1.91,1.91,1.0,0.0,2024,-0.22615537192716573,0.9099999999999999,0.9099999999999999,B
total,under,0.5039215278128105,1.97,1.91,1.0,0.0,2024,-0.00727459020876331,0.97,0.9099999999999999,B
total,under,0.3231093180107061,1.91,1.91,0.0,-1.0,2024,-0.38286120259955136,-1.0,-1.0,B
total,under,0.42291148166826587,1.91,1.952,1.0,0.0,2024,-0.19223907001361218,0.9099999999999999,0.952,B
total,under,0.35196844261683236,1.91,1.91,0.0,-1.0,2024,-0.3277402746018502,-1.0,-1.0,B
total,under,0.46926618821823207,1.91,1.952,1.0,0.0,2024,-0.1037015805031768,0.9099999999999999,0.952,B
total,under,0.4202195826425863,1.91,1.91,0.0,0.0,2024,-0.1973805971526602,-1.0,-1.0,B
total,under,0.5449693158402449,1.91,1.91,1.0,1.0,2024,0.04089139325486779,0.9099999999999999,0.9099999999999999,B
total,under,0.3847821997971492,1.91,1.97,0.0,-2.0,2024,-0.26506599838744505,-1.0,-1.0,B
total,under,0.3865856082286224,1.91,1.91,1.0,-2.0,2024,-0.2616214882833312,0.9099999999999999,0.9099999999999999,B
total,under,0.3269671418255553,2.0,1.82,0.0,-3.0,2024,-0.3460657163488894,-1.0,-1.0,B
total,under,0.3651032884156974,1.91,1.91,1.0,-2.0,2024,-0.302652719126018,0.9099999999999999,0.9099999999999999,B
total,under,0.4881881847866054,1.91,1.82,0.0,-2.0,2024,-0.06756056705758373,-1.0,-1.0,B
total,under,0.4897355230245357,1.91,1.85,1.0,-1.0,2024,-0.0646051510231368,0.9099999999999999,0.8500000000000001,B
total,under,0.48287137577670514,1.91,1.85,1.0,-2.0,2024,-0.07771567226649323,0.9099999999999999,0.8500000000000001,B
total,under,0.36728557691087615,2.0,1.93,1.0,-2.0,2024,-0.2654288461782477,1.0,0.9299999999999999,B
total,under,0.4063011500087227,1.91,1.91,0.0,0.0,2024,-0.2239648034833397,-1.0,-1.0,B
total,under,0.449958525553508,1.97,1.91,1.0,-2.0,2024,-0.11358170465958917,0.97,0.9099999999999999,B
total,under,0.358640320485478,1.91,2.0,0.0,0.0,2024,-0.314996987872737,-1.0,-1.0,B
total,under,0.6603483136902464,1.91,1.91,0.0,8.0,2024,0.2612652791483705,-1.0,-1.0,B
total,under,0.6383498887281529,1.91,1.8,1.0,7.0,2024,0.21924828747077196,0.9099999999999999,0.8,B
total,under,0.42879133474642683,1.91,1.91,1.0,1.0,2024,-0.18100855063432475,0.9099999999999999,0.9099999999999999,B
total,under,0.39306513987514446,1.91,1.91,0.0,1.0,2024,-0.2492455828384741,-1.0,-1.0,B
total,under,0.4518433956820981,1.952,1.91,1.0,1.0,2024,-0.11800169162854457,0.952,0.9099999999999999,B
total,under,0.5054463484587627,1.91,1.91,0.0,-1.0,2024,-0.034597474443763265,-1.0,-1.0,B
total,under,0.47655400775214796,1.85,1.91,0.0,2.0,2024,-0.11837508565852628,-1.0,-1.0,B
total,under,0.3743432358193072,1.91,1.87,0.0,-1.0,2024,-0.28500441958512335,-1.0,-1.0,B
total,under,0.4772419685255771,1.952,1.91,1.0,-1.0,2024,-0.06842367743807354,0.952,0.9099999999999999,B
total,under,0.4918619455429811,1.91,1.952,1.0,0.0,2024,-0.06054368401290611,0.9099999999999999,0.952,B
total,under,0.43226028267092576,1.952,2.0,0.0,-1.0,2024,-0.1562279282263529,-1.0,-1.0,B
total,under,0.43846527906683697,1.87,1.91,0.0,-2.0,2024,-0.18006992814501488,-1.0,-1.0,B
total,under,0.4477234645788293,1.91,1.91,1.0,0.0,2024,-0.1448481826544361,0.9099999999999999,0.9099999999999999,B
total,under,0.44653970267021426,1.91,1.87,1.0,-1.0,2024,-0.1471091678998908,0.9099999999999999,0.8700000000000001,B
total,under,0.3644210881098273,1.91,1.91,1.0,1.0,2024,-0.3039557217102299,0.9099999999999999,0.9099999999999999,B
total,under,0.4951933606215929,1.91,1.97,1.0,0.0,2024,-0.05418068121275754,0.9099999999999999,0.97,B
total,under,0.47397531851789554,1.91,1.91,0.0,0.0,2024,-0.09470714163081961,-1.0,-1.0,B
total,under,0.4393114257780145,1.91,2.0,1.0,0.0,2024,-0.16091517676399225,0.9099999999999999,1.0,B
total,under,0.6952132192516493,1.91,1.91,0.0,0.0,2024,0.3278572487706499,-1.0,-1.0,B
total,under,0.5982759757169009,1.91,1.91,0.0,0.0,2024,0.1427071136192808,-1.0,-1.0,B
total,under,0.47962806756932985,1.91,1.91,0.0,0.0,2024,-0.08391039094258002,-1.0,-1.0,B
total,under,0.3825302651326058,1.91,1.91,0.0,-4.0,2024,-0.269367193596723,-1.0,-1.0,B
total,under,0.4973048367089288,1.91,1.91,0.0,-1.0,2024,-0.05014776188594605,-1.0,-1.0,B
total,under,0.49382812922340913,1.91,1.91,0.0,0.0,2024,-0.05678827318328861,-1.0,-1.0,B
total,under,0.47414139027206614,1.91,1.91,0.0,0.0,2024,-0.09438994458035366,-1.0,-1.0,B
total,under,0.47695637640900723,1.87,1.91,0.0,1.0,2024,-0.10809157611515641,-1.0,-1.0,B
total,under,0.42224791966826947,1.91,1.91,0.0,-5.0,2024,-0.19350647343360539,-1.0,-1.0,B
total,under,0.32821030178356114,1.91,1.91,0.0,-2.0,2024,-0.37311832359339825,-1.0,-1.0,B
total,under,0.48465416403774475,1.91,1.91,1.0,0.0,2024,-0.0743105466879076,0.9099999999999999,0.9099999999999999,B
total,under,0.4231033626350752,1.91,1.91,1.0,0.0,2024,-0.19187257736700636,0.9099999999999999,0.9099999999999999,B
total,under,0.46475634300622704,1.87,1.9,0.0,1.0,2024,-0.13090563857835535,-1.0,-1.0,B
total,under,0.6052435553023329,1.87,1.8,0.0,1.0,2024,0.13180544841536257,-1.0,-1.0,B
total,under,0.3865261071532802,1.9,1.9,0.0,-1.0,2024,-0.26560039640876776,-1.0,-1.0,B
total,under,0.42476352655079486,1.85,1.9,1.0,0.0,2024,-0.2141874758810295,0.8500000000000001,0.8999999999999999,B
total,under,0.507863523242319,1.9,1.95,1.0,-2.0,2024,-0.035059305839593935,0.8999999999999999,0.95,B
total,under,0.5730250841532483,1.87,1.95,0.0,0.0,2024,0.07155690736657427,-1.0,-1.0,B
total,under,0.5582563299674433,1.87,1.95,1.0,0.0,2024,0.04393933703911901,0.8700000000000001,0.95,B
total,under,0.6415244629257287,1.85,1.9,1.0,3.0,2024,0.18682025641259825,0.8500000000000001,0.8999999999999999,B
total,under,0.6971307272695834,1.87,1.85,0.0,0.0,2024,0.303634459994121,-1.0,-1.0,B
total,under,0.5565372516553205,1.87,1.9,1.0,0.0,2024,0.040724660595449436,0.8700000000000001,0.8999999999999999,B
total,under,0.490706426752367,1.87,1.9,1.0,2.0,2024,-0.0823789819730737,0.8700000000000001,0.8999999999999999,B
total,under,0.6733145659324012,1.87,1.85,1.0,0.0,2024,0.25909823829359047,0.8700000000000001,0.8500000000000001,B
total,under,0.6824538111775442,1.87,1.9,1.0,2.0,2024,0.27618862690200774,0.8700000000000001,0.8999999999999999,B
total,under,0.42443730359709564,1.9,1.9,0.0,0.0,2024,-0.19356912316551833,-1.0,-1.0,B
total,under,0.4810018247105783,1.9,1.95,0.0,0.0,2024,-0.08609653304990128,-1.0,-1.0,B
total,under,0.5879123692079582,1.9,1.85,1.0,-1.0,2024,0.11703350149512048,0.8999999999999999,0.8500000000000001,B
total,under,0.4377921128253739,1.87,1.9,0.0,-1.0,2024,-0.18132874901655083,-1.0,-1.0,B
total,under,0.7208146808326928,1.87,1.95,1.0,2.0,2024,0.3479234531571358,0.8700000000000001,0.95,B
total,under,0.5388526452565543,1.87,1.9,0.0,0.0,2024,0.007654446629756562,-1.0,-1.0,B
total,under,0.3940067628333057,1.95,1.85,0.0,-1.0,2024,-0.23168681247505385,-1.0,-1.0,B
total,under,0.6119856340334661,1.87,1.85,1.0,0.0,2024,0.1444131356425815,0.8700000000000001,0.8500000000000001,B
total,under,0.5868247263502595,1.87,1.85,0.0,-2.0,2024,0.09736223827498525,-1.0,-1.0,B
total,under,0.5132172376617823,1.87,1.9,0.0,-1.0,2024,-0.040283765572467045,-1.0,-1.0,B
total,under,0.5666956475215403,1.87,2.0,1.0,0.0,2024,0.05972086086528039,0.8700000000000001,1.0,B
total,under,0.41081910503983887,1.87,1.9,0.0,-2.0,2024,-0.23176827357550123,-1.0,-1.0,B
total,under,0.5818679130150637,1.87,1.85,0.0,-3.0,2024,0.08809299733816922,-1.0,-1.0,B
total,under,0.44504726162289054,1.87,1.8,0.0,-3.0,2024,-0.16776162076519463,-1.0,-1.0,B
total,under,0.4244242425297118,1.87,1.95,0.0,-3.0,2024,-0.20632666646943887,-1.0,-1.0,B
total,under,0.40642558449565636,1.87,1.95,0.0,0.0,2024,-0.2399841569931226,-1.0,-1.0,B
total,under,0.5239617505556995,1.87,1.95,0.0,-1.0,2024,-0.02019152646084188,-1.0,-1.0,B
total,under,0.5815562284713954,1.87,1.9,0.0,-3.0,2024,0.08751014724150963,-1.0,-1.0,B
total,under,0.37330074752844333,1.95,1.9,0.0,-4.0,2024,-0.27206354231953556,-1.0,-1.0,B
total,under,0.5449115084727807,1.8,1.9,0.0,0.0,2024,-0.019159284748994754,-1.0,-1.0,B
total,under,0.6451343593768187,1.87,1.9,1.0,1.0,2024,0.2064012520346512,0.8700000000000001,0.8999999999999999,B
total,under,0.5976285629044626,1.95,1.9,1.0,3.0,2024,0.1653756976637022,0.95,0.8999999999999999,B
total,under,0.7090757663566665,1.87,1.8,0.0,0.0,2024,0.32597168308696634,-1.0,-1.0,B
total,under,0.5994804243948599,1.87,1.85,1.0,-2.0,2024,0.12102839361838824,0.8700000000000001,0.8500000000000001,B
total,under,0.5335130365838151,1.87,1.95,0.0,3.0,2024,-0.002330621588265691,-1.0,-1.0,B
total,under,0.6485789956571648,1.87,2.0,0.0,0.0,2024,0.2128427218788982,-1.0,-1.0,B
total,under,0.5932151714262536,1.9,1.9,0.0,0.0,2024,0.1271088257098818,-1.0,-1.0,B
total,under,0.49298316480201576,1.9,1.95,1.0,0.0,2024,-0.06333198687617014,0.8999999999999999,0.95,B
total,under,0.5508361525580883,1.87,1.8,0.0,-3.0,2024,0.030063605283625172,-1.0,-1.0,B
total,under,0.45605337981688054,1.87,1.9,0.0,1.0,2024,-0.14718017974243336,-1.0,-1.0,B
total,under,0.49605536424237384,1.87,1.9,1.0,0.0,2024,-0.07237646886676086,0.8700000000000001,0.8999999999999999,B
total,under,0.745047769042771,1.87,1.95,0.0,-1.0,2024,0.39323932810998197,-1.0,-1.0,B
total,under,0.7414023690055118,1.9,1.9,0.0,-1.0,2024,0.40866450111047237,-1.0,-1.0,B
total,under,0.7477423212583002,1.87,1.85,1.0,1.0,2024,0.39827814075302137,0.8700000000000001,0.8500000000000001,B
total,under,0.7718997206614354,1.87,1.85,1.0,-1.0,2024,0.4434524776368842,0.8700000000000001,0.8500000000000001,B
total,under,0.6896538426813696,1.87,1.9,0.0,0.0,2024,0.28965268581416126,-1.0,-1.0,B
total,under,0.657722421814981,1.85,1.85,1.0,0.0,2024,0.21678648035771486,0.8500000000000001,0.8500000000000001,B
total,under,0.6530489934064513,1.85,1.95,1.0,0.0,2024,0.20814063780193504,0.8500000000000001,0.95,B
total,under,0.6034419110513032,1.87,1.9,1.0,0.0,2024,0.12843637366593708,0.8700000000000001,0.8999999999999999,B
total,under,0.5289344921408261,1.85,2.0,0.0,-1.0,2024,-0.02147118953947169,-1.0,-1.0,B
total,under,0.6275238912635285,1.85,1.9,0.0,0.0,2024,0.1609191988375278,-1.0,-1.0,B
total,under,0.7616412876973313,1.87,1.85,1.0,3.0,2024,0.4242692079940096,0.8700000000000001,0.8500000000000001,B
total,under,0.7099553282288051,1.9,1.85,1.0,0.0,2024,0.34891512363472965,0.8999999999999999,0.8500000000000001,B
total,under,0.5486639664400322,1.9,1.85,0.0,-1.0,2024,0.04246153623606119,-1.0,-1.0,B
total,under,0.55446564810708,1.87,1.85,1.0,0.0,2024,0.03685076196023962,0.8700000000000001,0.8500000000000001,B
total,under,0.5413584636308164,1.9,1.9,0.0,0.0,2024,0.02858108089855116,-1.0,-1.0,B
total,under,0.5746624961971121,1.87,1.9,0.0,0.0,2024,0.07461886788859973,-1.0,-1.0,B
total,under,0.5733817557740495,1.87,1.9,1.0,0.0,2024,0.07222388329747265,0.8700000000000001,0.8999999999999999,B
total,under,0.8157505652625412,1.87,1.85,1.0,1.0,2024,0.5254535570409522,0.8700000000000001,0.8500000000000001,B
total,under,0.5473411388699893,1.85,1.85,1.0,1.0,2024,0.012581106909480111,0.8500000000000001,0.8500000000000001,B
total,under,0.8021926416462946,1.87,1.85,1.0,2.0,2024,0.500100239878571,0.8700000000000001,0.8500000000000001,B
total,under,0.7739651368652714,1.85,2.0,1.0,0.0,2024,0.43183550320075215,0.8500000000000001,1.0,B
total,under,0.5591811273896297,1.9,2.0,1.0,0.0,2024,0.06244414204029636,0.8999999999999999,1.0,B
total,under,0.7264543059892006,1.87,1.85,1.0,0.0,2024,0.35846955219980514,0.8700000000000001,0.8500000000000001,B
total,under,0.5662180397803681,1.9,1.9,1.0,-1.0,2024,0.07581427558269938,0.8999999999999999,0.8999999999999999,B
total,under,0.6464114763878896,1.95,1.85,0.0,-1.0,2024,0.26050237895638473,-1.0,-1.0,B
total,under,0.6518719761759052,1.85,1.85,1.0,0.0,2024,0.2059631559254247,0.8500000000000001,0.8500000000000001,B
total,under,0.8335277335500204,1.85,1.85,0.0,0.0,2024,0.5420263070675377,-1.0,-1.0,B
total,under,0.6285599932496129,1.87,1.9,1.0,0.0,2024,0.17540718737677619,0.8700000000000001,0.8999999999999999,B
total,under,0.5470396197057137,1.87,1.85,0.0,-2.0,2024,0.022964088849684705,-1.0,-1.0,B
total,under,0.5571172337409638,1.87,1.95,0.0,0.0,2024,0.04180922709560231,-1.0,-1.0,B
total,under,0.6288415840247196,1.87,1.9,1.0,-1.0,2024,0.17593376212622558,0.8700000000000001,0.8999999999999999,B
total,under,0.6084067636929053,1.87,1.85,0.0,-1.0,2024,0.13772064810573292,-1.0,-1.0,B
total,under,0.595767542343647,1.87,1.9,0.0,-1.0,2024,0.11408530418261997,-1.0,-1.0,B
total,under,0.5452082862083556,1.87,1.85,1.0,0.0,2024,0.019539495209625057,0.8700000000000001,0.8500000000000001,B
total,under,0.6084335154608296,1.87,1.95,0.0,0.0,2024,0.13777067391175146,-1.0,-1.0,B
total,under,0.6095331299709883,1.87,1.9,1.0,-1.0,2024,0.1398269530457481,0.8700000000000001,0.8999999999999999,B
total,under,0.642183425027814,1.87,1.9,1.0,1.0,2024,0.20088300480201227,0.8700000000000001,0.8999999999999999,B
total,under,0.5361634475935436,1.87,1.9,0.0,0.0,2024,0.002625646999926623,-1.0,-1.0,B
total,under,0.6483841720393123,1.87,2.0,1.0,0.0,2024,0.21247840171351418,0.8700000000000001,1.0,B
total,under,0.5498814797575353,1.85,1.9,1.0,0.0,2024,0.01728073755144033,0.8500000000000001,0.8999999999999999,B
total,under,0.5868188461215817,1.85,1.85,1.0,0.0,2024,0.08561486532492624,0.8500000000000001,0.8500000000000001,B
total,under,0.7191242181620066,1.87,1.9,1.0,0.0,2024,0.3447622879629524,0.8700000000000001,0.8999999999999999,B
total,under,0.6292886325463314,1.87,1.9,0.0,0.0,2024,0.1767697428616397,-1.0,-1.0,B
total,under,0.6301808007888711,1.87,1.9,0.0,0.0,2024,0.1784380974751889,-1.0,-1.0,B
total,under,0.669263879305235,1.87,1.85,0.0,0.0,2024,0.2515234543007896,-1.0,-1.0,B
total,under,0.6231595242353782,1.87,1.95,0.0,0.0,2024,0.16530831032015736,-1.0,-1.0,B
total,under,0.6858395593663739,1.87,1.9,1.0,0.0,2024,0.28251997601511913,0.8700000000000001,0.8999999999999999,B
total,under,0.6407005554143944,1.87,1.95,1.0,0.0,2024,0.19811003862491772,0.8700000000000001,0.95,B
total,under,0.6347832855614458,1.87,1.95,0.0,0.0,2024,0.18704474399990367,-1.0,-1.0,B
total,under,0.6084270699533043,1.9,1.85,0.0,-2.0,2024,0.15601143291127806,-1.0,-1.0,B
total,under,0.6102634898354564,1.95,1.9,0.0,-1.0,2024,0.19001380517914002,-1.0,-1.0,B
total,under,0.7305687577428712,1.85,1.85,0.0,0.0,2024,0.3515522018243118,-1.0,-1.0,B
total,under,0.6496424526720999,1.87,1.95,1.0,-1.0,2024,0.21483138649682676,0.8700000000000001,0.95,B
total,under,0.6156292922610967,1.9,2.0,1.0,-2.0,2024,0.16969565529608377,0.8999999999999999,1.0,B
total,under,0.6715994913294853,1.8,1.9,1.0,1.0,2024,0.20887908439307346,0.8,0.8999999999999999,B
total,under,0.6515008632459656,1.87,1.85,1.0,-1.0,2024,0.21830661426995568,0.8700000000000001,0.8500000000000001,B
total,under,0.698454621648694,1.87,2.0,1.0,0.0,2024,0.3061101424830579,0.8700000000000001,1.0,B
total,under,0.6838896603724003,1.87,1.9,1.0,0.0,2024,0.27887366489638854,0.8700000000000001,0.8999999999999999,B
total,under,0.6349620495460124,1.87,1.95,0.0,0.0,2024,0.1873790326510434,-1.0,-1.0,B
total,under,0.6331810730698663,1.87,1.95,0.0,0.0,2024,0.18404860664064993,-1.0,-1.0,B
total,under,0.6526603523872831,1.87,1.9,0.0,-1.0,2024,0.2204748589642196,-1.0,-1.0,B
total,under,0.6393186873761005,1.87,1.85,1.0,0.0,2024,0.19552594539330803,0.8700000000000001,0.8500000000000001,B
total,under,0.6804488121186973,1.9,1.9,0.0,0.0,2024,0.292852743025525,-1.0,-1.0,B
total,under,0.6756410723588964,1.8,1.87,0.0,1.0,2024,0.2161539302460136,-1.0,-1.0,B
total,under,0.5078585636510475,1.87,2.0,0.0,0.0,2024,-0.050304485972541,-1.0,-1.0,B
total,under,0.7168888378943967,1.87,1.8,1.0,-2.0,2024,0.340582126862522,0.8700000000000001,0.8,B
total,under,0.7945811644500789,1.8,1.8,1.0,0.0,2024,0.43024609601014197,0.8,0.8,B
total,under,0.6671136581830301,1.87,1.95,1.0,0.0,2024,0.2475025408022664,0.8700000000000001,0.95,B
total,under,0.6443628566763381,1.87,2.0,1.0,-1.0,2024,0.20495854198475238,0.8700000000000001,1.0,B
total,under,0.712234133572156,1.87,1.95,1.0,0.0,2024,0.33187782977993185,0.8700000000000001,0.95,B
total,under,0.7047779044039711,1.9,1.85,1.0,-1.0,2024,0.33907801836754503,0.8999999999999999,0.8500000000000001,B
total,under,0.6701270635299498,1.85,1.95,1.0,-1.0,2024,0.23973506753040708,0.8500000000000001,0.95,B
total,under,0.7229142183038118,1.85,1.9,0.0,-1.0,2024,0.33739130386205174,-1.0,-1.0,B
total,under,0.6996161778279275,1.9,2.0,0.0,0.0,2024,0.32927073787306216,-1.0,-1.0,B
total,under,0.6724152051049759,1.9,1.9,0.0,0.0,2024,0.27758888969945406,-1.0,-1.0,B
total,under,0.5869394641387061,1.9,1.85,1.0,0.0,2024,0.11518498186354154,0.8999999999999999,0.8500000000000001,B
total,under,0.6980102244261572,1.87,1.95,0.0,-1.0,2024,0.305279119676914,-1.0,-1.0,B
total,under,0.6554951730373015,1.87,1.9,0.0,0.0,2024,0.22577597357975399,-1.0,-1.0,B
total,under,0.7434722332224648,1.87,1.9,0.0,0.0,2024,0.3902930761260093,-1.0,-1.0,B
total,under,0.6158999228102116,1.87,1.9,0.0,0.0,2024,0.15173285565509564,-1.0,-1.0,B
total,under,0.6995566815814629,1.87,1.9,0.0,0.0,2024,0.30817099455733565,-1.0,-1.0,B
total,under,0.56971681532389,1.95,1.9,0.0,-1.0,2024,0.11094778988158538,-1.0,-1.0,B
total,under,0.6653596256989727,1.87,2.0,1.0,-1.0,2024,0.24422250005707902,0.8700000000000001,1.0,B
total,under,0.6975686555762831,1.85,2.0,0.0,0.0,2024,0.29050201281612376,-1.0,-1.0,B
total,under,0.6546393550932421,1.95,2.0,1.0,-2.0,2024,0.2765467424318222,0.95,1.0,B
total,under,0.6527298908008119,1.87,1.9,0.0,-1.0,2024,0.2206048957975184,-1.0,-1.0,B
total,under,0.6810139059226018,1.85,1.95,1.0,-2.0,2024,0.2598757259568134,0.8500000000000001,0.95,B
total,under,0.700736751412617,1.87,1.95,1.0,-2.0,2024,0.310377725141594,0.8700000000000001,0.95,B
total,under,0.700716753655477,1.87,1.95,0.0,-3.0,2024,0.31034032933574207,-1.0,-1.0,B
total,under,0.6452526273892265,1.85,1.95,0.0,-2.0,2024,0.19371736067006906,-1.0,-1.0,B
total,under,0.7184659769493451,1.87,1.9,0.0,0.0,2024,0.34353137689527546,-1.0,-1.0,B
total,under,0.689449739344355,1.87,2.0,1.0,-3.0,2024,0.28927101257394394,0.8700000000000001,1.0,B
total,under,0.5936272469120489,1.87,1.95,0.0,-2.0,2024,0.11008295172553151,-1.0,-1.0,B
total,under,0.7069813640044602,1.85,1.95,1.0,-3.0,2024,0.30791552340825135,0.8500000000000001,0.95,B
total,under,0.6574512948110888,1.87,1.85,0.0,-3.0,2024,0.229433921296736,-1.0,-1.0,B
total,under,0.7044963657052385,1.85,1.95,1.0,2.0,2024,0.30331827655469135,0.8500000000000001,0.95,B
total,under,0.43670266663438684,1.87,1.95,1.0,0.0,2024,-0.18336601339369651,0.8700000000000001,0.95,B
total,under,0.5449117999751214,1.87,1.95,0.0,0.0,2024,0.018985065953477154,-1.0,-1.0,B
total,under,0.48022524925846644,1.95,2.0,0.0,-1.0,2024,-0.06356076394599042,-1.0,-1.0,B
total,under,0.49658008896158656,1.9,1.9,0.0,-1.0,2024,-0.05649783097298555,-1.0,-1.0,B
total,under,0.50292346104465,1.9,1.95,1.0,-1.0,2024,-0.04444542401516505,0.8999999999999999,0.95,B
total,under,0.5105846058161324,1.9,1.9,0.0,0.0,2024,-0.029889248949348524,-1.0,-1.0,B
total,under,0.49850029006798136,1.9,1.95,0.0,0.0,2024,-0.052849448870835425,-1.0,-1.0,B
total,under,0.6440575123028557,1.9,2.0,1.0,0.0,2024,0.2237092733754258,0.8999999999999999,1.0,B
total,under,0.40104524140859465,1.95,1.95,1.0,-1.0,2024,-0.21796177925324045,0.95,0.95,B
total,under,0.4269288994381175,1.9,2.0,1.0,0.0,2025,-0.1888350910675768,0.8999999999999999,1.0,B
total,under,0.3988908514601236,1.85,1.8,0.0,0.0,2025,-0.26205192479877126,-1.0,-1.0,B
total,under,0.5393497959006474,1.95,1.95,0.0,-1.0,2025,0.051732102006262215,-1.0,-1.0,B
total,under,0.5687453342368387,1.9,1.89,1.0,15.0,2025,0.08061613504999343,0.8999999999999999,0.8899999999999999,B
total,under,0.46871326626534515,1.9,1.9,1.0,0.0,2025,-0.10944479409584429,0.8999999999999999,0.8999999999999999,B
total,under,0.36711371874983234,1.9,1.95,0.0,0.0,2025,-0.3024839343753186,-1.0,-1.0,B
total,under,0.45247146733424837,1.85,1.9,0.0,-2.0,2025,-0.16292778543164044,-1.0,-1.0,B
total,under,0.45841744725635036,1.9,1.9,0.0,-5.0,2025,-0.12900685021293434,-1.0,-1.0,B
total,under,0.6054722314803526,1.85,1.8,1.0,0.0,2025,0.12012362823865219,0.8500000000000001,0.8,B
total,under,0.5914336710562702,1.87,1.95,0.0,0.0,2025,0.10598096487522524,-1.0,-1.0,B
total,under,0.6200508092708119,1.95,1.95,0.0,-1.0,2025,0.20909907807808326,-1.0,-1.0,B
total,under,0.6886843577401893,1.95,1.95,1.0,0.0,2025,0.34293449759336925,0.95,0.95,B
total,under,0.6407212627401497,1.87,1.9,1.0,0.0,2025,0.19814876132408,0.8700000000000001,0.8999999999999999,B
total,under,0.6427051561268479,1.87,1.9,0.0,0.0,2025,0.2018586419572055,-1.0,-1.0,B
total,under,0.6006368933762402,1.95,2.0,1.0,-2.0,2025,0.17124194208366839,0.95,1.0,B
total,under,0.5168422171522582,1.9,1.95,0.0,-2.0,2025,-0.01799978741070951,-1.0,-1.0,B
total,under,0.6248848910438842,1.87,1.85,0.0,2.0,2025,0.16853474625206366,-1.0,-1.0,B
total,under,0.5527284399979419,1.87,1.85,1.0,-2.0,2025,0.033602182796151236,0.8700000000000001,0.8500000000000001,B
total,under,0.6695230669091293,1.85,1.95,1.0,-1.0,2025,0.23861767378188925,0.8500000000000001,0.95,B
total,under,0.6207429437795859,1.87,1.85,1.0,-6.0,2025,0.16078930486782572,0.8700000000000001,0.8500000000000001,B
total,under,0.6270511245757977,1.87,2.0,0.0,0.0,2025,0.17258560295674186,-1.0,-1.0,B
total,under,0.7975608692226743,1.85,1.9,1.0,0.0,2025,0.4754876080619477,0.8500000000000001,0.8999999999999999,B
total,under,0.5461699842808784,1.9,1.9,1.0,-2.0,2025,0.037722970133668765,0.8999999999999999,0.8999999999999999,B
total,under,0.5901291924640275,1.9,1.85,0.0,-2.0,2025,0.12124546568165218,-1.0,-1.0,B
total,under,0.6313116511421089,1.87,1.85,1.0,1.0,2025,0.18055278763574356,0.8700000000000001,0.8500000000000001,B
total,under,0.7532495518305113,1.85,1.85,1.0,0.0,2025,0.3935116708864461,0.8500000000000001,0.8500000000000001,B
total,under,0.7666686800898939,1.87,1.9,1.0,1.0,2025,0.4336704317681015,0.8700000000000001,0.8999999999999999,B
total,under,0.7101573211354681,1.87,2.0,1.0,4.0,2025,0.32799419052332546,0.8700000000000001,1.0,B
total,under,0.5226968524442309,1.87,1.85,0.0,1.0,2025,-0.022556885929288173,-1.0,-1.0,B
total,under,0.534218202269071,1.87,1.85,1.0,2.0,2025,-0.0010119617568371542,0.8700000000000001,0.8500000000000001,B
total,under,0.8365232797828854,1.87,1.85,1.0,1.0,2025,0.5642985331939958,0.8700000000000001,0.8500000000000001,B
total,under,0.7455769078052078,1.8,1.85,0.0,2.0,2025,0.34203843404937406,-1.0,-1.0,B
total,under,0.5447621430053127,1.87,1.9,1.0,0.0,2025,0.018705207419934755,0.8700000000000001,0.8999999999999999,B
total,under,0.583432655165474,1.95,1.95,1.0,0.0,2025,0.13769367757267426,0.95,0.95,B
total,under,0.578165483073451,1.87,1.85,1.0,0.0,2025,0.08116945334735326,0.8700000000000001,0.8500000000000001,B
total,under,0.6059673192500356,1.87,1.85,1.0,0.0,2025,0.13315888699756662,0.8700000000000001,0.8500000000000001,B
total,under,0.718914654745822,1.87,1.85,1.0,0.0,2025,0.34437040437468713,0.8700000000000001,0.8500000000000001,B
total,under,0.6951120653666053,1.8,1.8,0.0,0.0,2025,0.2512017176598895,-1.0,-1.0,B
total,under,0.557950676449503,1.8,2.0,0.0,0.0,2025,0.004311217609105578,-1.0,-1.0,B
total,under,0.560983500693813,1.87,1.8,1.0,0.0,2025,0.049039146297430225,0.8700000000000001,0.8,B
total,under,0.6071025553120761,1.85,1.85,1.0,0.0,2025,0.12313972732734091,0.8500000000000001,0.8500000000000001,B
total,under,0.5965679577591222,1.87,1.95,0.0,1.0,2025,0.11558208100955847,-1.0,-1.0,B
total,under,0.6063072435216836,1.8,1.8,1.0,0.0,2025,0.09135303833903063,0.8,0.8,B
total,under,0.5991484304884381,1.87,1.95,1.0,0.0,2025,0.12040756501337935,0.8700000000000001,0.95,B
total,under,0.6312570125742527,1.9,1.95,1.0,0.0,2025,0.19938832389108008,0.8999999999999999,0.95,B
total,under,0.527653105864692,1.87,1.85,0.0,0.0,2025,-0.01328869203302585,-1.0,-1.0,B
total,under,0.6596565096734398,1.87,1.9,0.0,-2.0,2025,0.2335576730893325,-1.0,-1.0,B
total,under,0.5280914004115866,1.87,1.9,1.0,0.0,2025,-0.012469081230332968,0.8700000000000001,0.8999999999999999,B
total,under,0.5508017819541936,1.85,1.87,1.0,20.0,2025,0.018983296615258105,0.8500000000000001,0.8700000000000001,B
total,under,0.5504693553314213,1.87,1.9,1.0,0.0,2025,0.02937769446975791,0.8700000000000001,0.8999999999999999,B
total,under,0.6572687941853638,1.87,1.9,0.0,0.0,2025,0.2290926451266304,-1.0,-1.0,B
total,under,0.6775189876256476,1.9,1.9,1.0,0.0,2025,0.2872860764887304,0.8999999999999999,0.8999999999999999,B
total,under,0.5235241865408702,1.85,1.85,0.0,0.0,2025,-0.0314802548993901,-1.0,-1.0,B
total,under,0.6091583121984536,1.87,1.8,1.0,-1.0,2025,0.13912604381110838,0.8700000000000001,0.8,B
total,under,0.5315806384952454,1.85,1.85,0.0,0.0,2025,-0.016575818783795992,-1.0,-1.0,B
total,under,0.5512597189042578,1.9,1.9,0.0,0.0,2025,0.047393465918089905,-1.0,-1.0,B
total,under,0.6015813346188081,1.8,1.9,0.0,2.0,2025,0.08284640231385465,-1.0,-1.0,B
total,under,0.5096678735110571,1.95,1.85,0.0,0.0,2025,-0.006147646653438588,-1.0,-1.0,B
total,under,0.5772411098656117,1.8,1.9,1.0,2.0,2025,0.039033997758101124,0.8,0.8999999999999999,B
total,under,0.7079790915326434,1.87,1.9,1.0,2.0,2025,0.3239209011660431,0.8700000000000001,0.8999999999999999,B
total,under,0.5967236266249741,1.87,2.0,0.0,0.0,2025,0.11587318178870176,-1.0,-1.0,B
total,under,0.501379282478315,1.87,1.85,1.0,0.0,2025,-0.0624207417655509,0.8700000000000001,0.8500000000000001,B
total,under,0.5678471300701045,1.87,1.95,0.0,-1.0,2025,0.061874133231095474,-1.0,-1.0,B
total,under,0.5478160706003913,1.87,6.5,1.0,21.0,2025,0.02441605202273167,0.8700000000000001,5.5,B
total,under,0.5428876307043049,1.87,1.95,1.0,0.0,2025,0.015199869417050316,0.8700000000000001,0.95,B
total,under,0.5537935532642522,1.87,1.9,0.0,0.0,2025,0.03559394460415155,-1.0,-1.0,B
total,under,0.739611090253278,1.87,1.8,1.0,0.0,2025,0.3830727387736299,0.8700000000000001,0.8,B
total,under,0.6988453115092275,1.87,1.9,0.0,3.0,2025,0.3068407325222555,-1.0,-1.0,B
total,under,0.676972391925315,1.85,1.9,0.0,2.0,2025,0.2523989250618328,-1.0,-1.0,B
total,under,0.5792214437880094,1.87,1.9,0.0,-1.0,2025,0.08314409988357774,-1.0,-1.0,B
total,under,0.6517286445448619,1.87,1.95,1.0,-1.0,2025,0.21873256529889185,0.8700000000000001,0.95,B
total,under,0.6166599280815545,1.85,1.9,1.0,-1.0,2025,0.1408208669508757,0.8500000000000001,0.8999999999999999,B
total,under,0.5754026829636828,1.87,1.95,1.0,0.0,2025,0.0760030171420869,0.8700000000000001,0.95,B
total,under,0.625099511753053,1.95,1.85,1.0,0.0,2025,0.21894404791845323,0.95,0.8500000000000001,B
total,under,0.7520487570973934,1.87,1.85,1.0,0.0,2025,0.40633117577212574,0.8700000000000001,0.8500000000000001,B
total,under,0.5403696682397375,1.8,1.95,0.0,2.0,2025,-0.02733459716847242,-1.0,-1.0,B
total,under,0.5600670322174307,1.87,1.9,1.0,0.0,2025,0.047325350246595566,0.8700000000000001,0.8999999999999999,B
total,under,0.6147500800371419,1.87,1.85,0.0,-2.0,2025,0.14958264966945545,-1.0,-1.0,B
total,under,0.6157570176694946,1.87,1.87,1.0,0.0,2025,0.1514656230419551,0.8700000000000001,0.8700000000000001,B
total,under,0.6052978261691881,1.8,1.8,1.0,1.0,2025,0.08953608710453875,0.8,0.8,B
total,under,0.5737943013017337,1.87,1.85,0.0,-1.0,2025,0.07299534343424208,-1.0,-1.0,B
total,under,0.6135826656877511,1.8,1.9,1.0,0.0,2025,0.10444879823795206,0.8,0.8999999999999999,B
total,under,0.600976623115199,1.87,1.95,1.0,-1.0,2025,0.12382628522542216,0.8700000000000001,0.95,B
total,under,0.5212522990188032,1.85,1.8,0.0,0.0,2025,-0.035683246815214065,-1.0,-1.0,B
total,under,0.6484369917858898,1.8,1.9,0.0,0.0,2025,0.1671865852146015,-1.0,-1.0,B
total,under,0.529003275882552,1.85,1.85,0.0,0.0,2025,-0.02134393961727865,-1.0,-1.0,B
total,under,0.6993494363797881,1.85,1.8,1.0,0.0,2025,0.29379645730260795,0.8500000000000001,0.8,B
total,under,0.5136239799760466,1.87,1.59,0.0,0.0,2025,-0.039523157444792845,-1.0,-1.0,B
total,under,0.5105424104177205,1.85,1.95,1.0,3.0,2025,-0.05549654072721699,0.8500000000000001,0.95,B
total,under,0.47742026372378865,1.9,1.95,1.0,1.0,2025,-0.0929014989248016,0.8999999999999999,0.95,B
total,under,0.42450716653804343,1.87,2.0,0.0,0.0,2025,-0.2061715985738587,-1.0,-1.0,B
total,under,0.5496621745827353,1.9,1.9,1.0,-2.0,2025,0.044358131707196824,0.8999999999999999,0.8999999999999999,B
total,under,0.6500447542454172,1.83,1.8,1.0,0.0,2025,0.18958190026911348,0.8300000000000001,0.8,B
total,under,0.6478822468880996,1.87,1.8,1.0,1.0,2025,0.21153980168074638,0.8700000000000001,0.8,B
total,under,0.5738581739401816,1.9,1.85,0.0,0.0,2025,0.09033053048634487,-1.0,-1.0,B
total,under,0.5113874805676916,1.87,1.85,1.0,0.0,2025,-0.043705411338416766,0.8700000000000001,0.8500000000000001,B
total,under,0.5899162138038243,1.93,2.0,0.0,0.0,2025,0.13853829264138096,-1.0,-1.0,B
total,under,0.47839284761955214,1.87,1.9,1.0,0.0,2025,-0.10540537495143742,0.8700000000000001,0.8999999999999999,B
total,under,0.42587014894450903,1.87,1.95,0.0,-1.0,2025,-0.2036228214737681,-1.0,-1.0,B
total,under,0.5933947282611576,1.9,1.8,0.0,1.0,2025,0.1274499836961993,-1.0,-1.0,B
total,under,0.6962015596513129,1.87,1.9,0.0,0.0,2025,0.30189691654795525,-1.0,-1.0,B
total,under,0.568658937213725,1.87,1.95,0.0,0.0,2025,0.06339221258966576,-1.0,-1.0,B
total,under,0.5110209470782379,1.85,1.85,0.0,0.0,2025,-0.05461124790525995,-1.0,-1.0,B
total,under,0.7331115796961807,1.85,1.85,0.0,0.0,2025,0.3562564224379343,-1.0,-1.0,B
total,under,0.6996022623414804,1.9,1.8,0.0,0.0,2025,0.32924429844881264,-1.0,-1.0,B
total,under,0.5315974737398257,1.85,1.85,1.0,0.0,2025,-0.01654467358132239,0.8500000000000001,0.8500000000000001,B
total,under,0.6851439358086271,1.87,1.9,1.0,1.0,2025,0.28121915996213276,0.8700000000000001,0.8999999999999999,B
total,under,0.5180410457717651,1.85,1.85,0.0,0.0,2025,-0.041624065322234505,-1.0,-1.0,B
total,under,0.5741064450642146,1.87,1.85,1.0,0.0,2025,0.07357905227008144,0.8700000000000001,0.8500000000000001,B
total,under,0.5928278747808896,1.9,2.0,1.0,0.0,2025,0.1263729620836902,0.8999999999999999,1.0,B
total,under,0.5396428374338335,1.87,1.85,0.0,-1.0,2025,0.00913210600126857,-1.0,-1.0,B
total,under,0.6815373862850067,1.8,1.8,1.0,1.0,2025,0.2267672953130122,0.8,0.8,B
total,under,0.4881415996041001,1.87,1.95,1.0,0.0,2025,-0.0871752087403328,0.8700000000000001,0.95,B
total,under,0.4893435062193129,1.87,1.9,0.0,0.0,2025,-0.0849276433698849,-1.0,-1.0,B
total,under,0.7300750754078218,1.87,1.9,1.0,1.0,2025,0.36524039101262673,0.8700000000000001,0.8999999999999999,B
total,under,0.5319205385054531,1.85,1.85,0.0,0.0,2025,-0.01594700376491176,-1.0,-1.0,B
total,under,0.5572794519828939,1.87,1.9,0.0,0.0,2025,0.04211257520801159,-1.0,-1.0,B
total,under,0.4870813377028138,1.87,1.95,0.0,-1.0,2025,-0.08915789849573807,-1.0,-1.0,B
total,under,0.5344261955674076,1.85,1.9,0.0,1.0,2025,-0.011311538200295956,-1.0,-1.0,B
total,under,0.4688925942985034,1.85,1.85,1.0,0.0,2025,-0.13254870054776868,0.8500000000000001,0.8500000000000001,B
total,under,0.7524634026995296,1.85,1.95,1.0,0.0,2025,0.3920572949941299,0.8500000000000001,0.95,B
total,under,0.7079263197054011,1.85,1.8,1.0,0.0,2025,0.3096636914549922,0.8500000000000001,0.8,B
total,under,0.5789931167301378,1.85,1.95,1.0,0.0,2025,0.07113726595075498,0.8500000000000001,0.95,B
total,under,0.5407272849395353,1.87,1.95,0.0,0.0,2025,0.011160022836931072,-1.0,-1.0,B
total,under,0.5851311346671776,1.87,1.95,0.0,0.0,2025,0.09419522182762208,-1.0,-1.0,B
total,under,0.49364094807147485,1.9,1.85,1.0,-1.0,2025,-0.06208219866419784,0.8999999999999999,0.8500000000000001,B
total,under,0.7220510858530226,1.87,1.9,0.0,0.0,2025,0.35023553054515233,-1.0,-1.0,B
total,under,0.4514928908123126,1.87,1.9,1.0,0.0,2025,-0.15570829418097543,0.8700000000000001,0.8999999999999999,B
total,under,0.5386550587242864,1.8,1.9,0.0,1.0,2025,-0.030420894296284362,-1.0,-1.0,B
total,under,0.4533323003085501,1.95,1.9,1.0,-2.0,2025,-0.11600201439832736,0.95,0.8999999999999999,B
total,under,0.5232182618608745,1.9,1.9,0.0,-2.0,2025,-0.005885302464338493,-1.0,-1.0,B
total,under,0.5107259544750425,1.87,2.0,1.0,-1.0,2025,-0.04494246513167044,0.8700000000000001,1.0,B
total,under,0.42933590955833256,1.85,1.9,1.0,-2.0,2025,-0.20572856731708478,0.8500000000000001,0.8999999999999999,B
total,under,0.5565639950654846,1.87,1.95,1.0,1.0,2025,0.040774670772456334,0.8700000000000001,0.95,B
total,under,0.4722451939321115,1.87,1.95,0.0,0.0,2025,-0.11690148734695138,-1.0,-1.0,B
total,under,0.5501574397079511,1.8,1.95,1.0,1.0,2025,-0.00971660852568812,0.8,0.95,B
total,under,0.6632742251556291,1.87,1.9,0.0,0.0,2025,0.24032280104102632,-1.0,-1.0,B
total,under,0.48266727156492706,1.87,1.9,1.0,0.0,2025,-0.09741220217358637,0.8700000000000001,0.8999999999999999,B
total,under,0.5121998604581237,1.95,1.85,1.0,-1.0,2025,-0.0012102721066588051,0.95,0.8500000000000001,B
total,under,0.5321582224150105,1.87,1.95,0.0,-1.0,2025,-0.004864124083930221,-1.0,-1.0,B
total,under,0.49860234394279856,1.87,1.85,0.0,0.0,2025,-0.06761361682696665,-1.0,-1.0,B
total,under,0.540378470869916,1.87,1.85,1.0,1.0,2025,0.01050774052674286,0.8700000000000001,0.8500000000000001,B
total,under,0.5572640628193476,1.87,1.95,0.0,-1.0,2025,0.04208379747218016,-1.0,-1.0,B
total,under,0.5055033786200185,1.87,1.9,1.0,0.0,2025,-0.05470868198056533,0.8700000000000001,0.8999999999999999,B
total,under,0.5502878843440879,1.87,1.95,1.0,0.0,2025,0.029038343723444493,0.8700000000000001,0.95,B
total,under,0.5154345405555301,1.95,1.95,1.0,-2.0,2025,0.00509735408328349,0.95,0.95,B
total,under,0.5776197435695565,1.85,1.85,1.0,0.0,2025,0.06859652560367957,0.8500000000000001,0.8500000000000001,B
total,under,0.47010144069075155,1.85,1.85,0.0,0.0,2025,-0.13031233472210957,-1.0,-1.0,B
total,under,0.5324194046855687,1.87,1.95,0.0,0.0,2025,-0.004375713237986467,-1.0,-1.0,B
total,under,0.566751726315726,1.87,1.9,1.0,-2.0,2025,0.05982572821040777,0.8700000000000001,0.8999999999999999,B
total,under,0.5943550553813136,1.85,1.9,1.0,0.0,2025,0.09955685245543022,0.8500000000000001,0.8999999999999999,B
total,under,0.6277690985984161,1.87,1.85,1.0,0.0,2025,0.17392821437903816,0.8700000000000001,0.8500000000000001,B
total,under,0.5951504936456127,1.85,1.85,1.0,0.0,2025,0.1010284132443835,0.8500000000000001,0.8500000000000001,B
total,under,0.6780169069208932,1.87,1.85,0.0,0.0,2025,0.26789161594207034,-1.0,-1.0,B
total,under,0.5480300409901635,1.9,2.0,0.0,0.0,2025,0.04125707788131061,-1.0,-1.0,B
total,under,0.6670726358823951,1.87,1.85,1.0,1.0,2025,0.24742582910007882,0.8700000000000001,0.8500000000000001,B
total,under,0.5006333891729511,1.8,1.95,1.0,1.0,2025,-0.09885989948868801,0.8,0.95,B
total,under,0.6127798850436604,1.85,1.85,0.0,0.0,2025,0.13364278733077195,-1.0,-1.0,B
total,under,0.6066747953524784,1.95,1.85,0.0,0.0,2025,0.18301585093733275,-1.0,-1.0,B
total,under,0.5695600048006405,1.85,1.9,1.0,2.0,2025,0.05368600888118502,0.8500000000000001,0.8999999999999999,B
total,under,0.6613307722557109,1.8,1.9,1.0,3.0,2025,0.19039539006027972,0.8,0.8999999999999999,B
total,under,0.6853807563775688,1.8,1.9,1.0,2.0,2025,0.23368536147962393,0.8,0.8999999999999999,B
total,under,0.6640843789346319,1.87,1.85,1.0,2.0,2025,0.24183778860776184,0.8700000000000001,0.8500000000000001,B
total,under,0.4742513254876267,1.87,1.85,1.0,0.0,2025,-0.11315002133813801,0.8700000000000001,0.8500000000000001,B
total,under,0.6841189390750766,1.9,1.8,0.0,1.0,2025,0.2998259842426454,-1.0,-1.0,B
total,under,0.5599738413325692,1.87,1.9,1.0,0.0,2025,0.04715108329190443,0.8700000000000001,0.8999999999999999,B
total,under,0.6676822068317727,1.85,1.9,1.0,1.0,2025,0.23521208263877957,0.8500000000000001,0.8999999999999999,B
total,under,0.48636292982421236,1.9,1.85,0.0,-1.0,2025,-0.0759104333339965,-1.0,-1.0,B
total,under,0.6519775150538804,1.87,1.9,0.0,1.0,2025,0.2191979531507564,-1.0,-1.0,B
total,under,0.6607826415713385,1.87,1.95,1.0,1.0,2025,0.23566353973840304,0.8700000000000001,0.95,B
total,under,0.500747996014592,1.87,1.85,1.0,0.0,2025,-0.063601247452713,0.8700000000000001,0.8500000000000001,B
total,under,0.5274966497072333,1.87,1.9,1.0,1.0,2025,-0.0135812650474737,0.8700000000000001,0.8999999999999999,B
total,under,0.467011833807654,1.9,1.85,1.0,-1.0,2025,-0.11267751576545748,0.8999999999999999,0.8500000000000001,B
total,under,0.38343642291890956,1.9,1.85,0.0,-1.0,2025,-0.2714707964540719,-1.0,-1.0,B
total,under,0.645348158302289,1.8,1.85,0.0,0.0,2025,0.16162668494412014,-1.0,-1.0,B
total,under,0.5094976071019112,1.87,1.9,0.0,0.0,2025,-0.04723947471942602,-1.0,-1.0,B
total,under,0.5841943847316653,1.87,1.8,1.0,0.0,2025,0.09244349944821417,0.8700000000000001,0.8,B
total,under,0.6569127952621001,1.85,1.85,1.0,0.0,2025,0.21528867123488538,0.8500000000000001,0.8500000000000001,B
total,under,0.5532367927040044,1.87,1.95,1.0,0.0,2025,0.03455280235648828,0.8700000000000001,0.95,B
total,under,0.5200647763281587,1.85,1.85,1.0,1.0,2025,-0.03788016379290626,0.8500000000000001,0.8500000000000001,B
total,under,0.3406894588461936,1.9,1.85,1.0,-1.0,2025,-0.35269002819223216,0.8999999999999999,0.8500000000000001,B
total,under,0.4195509583483896,1.87,1.85,1.0,0.0,2025,-0.2154397078885114,0.8700000000000001,0.8500000000000001,B
total,under,0.5608520626918809,1.87,1.85,0.0,0.0,2025,0.04879335723381728,-1.0,-1.0,B
total,under,0.5571070447887432,1.9,1.9,0.0,0.0,2025,0.05850338509861208,-1.0,-1.0,B
total,under,0.5527151801752878,1.9,1.88,1.0,7.0,2025,0.050158842333046794,0.8999999999999999,0.8799999999999999,B
total,under,0.5437908475970024,1.87,1.9,0.0,0.0,2025,0.016888885006394405,-1.0,-1.0,B
total,under,0.5733750939980284,1.87,6.2,0.0,13.0,2025,0.07221142577631334,-1.0,-1.0,B
total,under,0.5431978400738472,1.87,1.81,1.0,12.0,2025,0.015779960938094417,0.8700000000000001,0.81,B
total,under,0.6724988401116396,1.87,1.85,0.0,1.0,2025,0.25757283100876616,-1.0,-1.0,B
total,under,0.4499508984983801,1.87,1.9,0.0,0.0,2025,-0.15859181980802917,-1.0,-1.0,B
total,under,0.6530149677023848,1.87,1.85,1.0,0.0,2025,0.22113798960345954,0.8700000000000001,0.8500000000000001,B
total,under,0.5911938781675565,1.9,1.85,0.0,-1.0,2025,0.12326836851835732,-1.0,-1.0,B
total,under,0.5383692437324685,1.95,1.95,0.0,-1.0,2025,0.04982002527831364,-1.0,-1.0,B
total,under,0.6406987893273134,1.95,2.0,0.0,0.0,2025,0.24936263918826107,-1.0,-1.0,B
total,under,0.5716950967763867,1.9,1.9,0.0,-1.0,2025,0.08622068387513471,-1.0,-1.0,B
total,under,0.560708942366351,1.87,1.85,1.0,0.0,2025,0.04852572222507656,0.8700000000000001,0.8500000000000001,B
total,under,0.5992572665928513,1.87,1.9,0.0,-1.0,2025,0.120611088528632,-1.0,-1.0,B
total,under,0.6383969284917529,1.85,1.9,1.0,0.0,2025,0.18103431770974288,0.8500000000000001,0.8999999999999999,B
total,under,0.6085274803360216,1.9,1.9,0.0,-2.0,2025,0.1562022126384408,-1.0,-1.0,B
total,under,0.69975674370981,1.9,2.0,0.0,0.0,2025,0.32953781304863905,-1.0,-1.0,B
total,under,0.547131367910892,1.85,1.8,1.0,0.0,2025,0.012193030635150315,0.8500000000000001,0.8,B
total,under,0.587404787689036,1.8,2.0,0.0,-2.0,2025,0.057328617840264995,-1.0,-1.0,B
total,under,0.6764017170571494,1.95,2.0,0.0,-2.0,2025,0.31898334826144126,-1.0,-1.0,B
total,under,0.41924109348160554,1.9,2.0,0.0,1.0,2025,-0.20344192238494951,-1.0,-1.0,B
total,under,0.6734964399302728,1.9,1.9,1.0,0.0,2025,0.27964323586751827,0.8999999999999999,0.8999999999999999,B
total,under,0.531540231904962,1.9,1.85,1.0,0.0,2025,0.009926440619427712,0.8999999999999999,0.8500000000000001,B
total,under,0.4473558357022117,1.9,1.95,0.0,-1.0,2025,-0.1500239121657978,-1.0,-1.0,B
total,under,0.5642711009188348,1.9,1.85,1.0,2.0,2025,0.07211509174578601,0.8999999999999999,0.8500000000000001,B
total,under,0.4557740717449478,1.9,1.85,0.0,0.0,2025,-0.13402926368459922,-1.0,-1.0,B
total,under,0.4130753592300842,1.9,2.0,1.0,-1.0,2025,-0.2151568174628401,0.8999999999999999,1.0,B
total,under,0.5087026525171567,1.9,1.95,1.0,-2.0,2025,-0.033464960217402195,0.8999999999999999,0.95,B
total,under,0.35892099795094135,1.9,1.95,0.0,0.0,2025,-0.3180501038932114,-1.0,-1.0,B
total,over,0.5802518785842542,1.91,1.87,0.0,0.0,2023,0.10828108809592552,-1.0,-1.0,A (no rain flag)
total,over,0.5377045771270698,1.91,1.952,0.0,0.0,2023,0.027015742312703095,-1.0,-1.0,A (no rain flag)
total,over,0.5676298076830333,1.91,1.91,0.0,0.0,2023,0.08417293267459347,-1.0,-1.0,A (no rain flag)
total,over,0.5165074615199344,1.91,1.85,0.0,0.0,2023,-0.013470748496925311,-1.0,-1.0,A (no rain flag)
total,over,0.5346441462635261,1.91,1.93,0.0,0.0,2023,0.0211703193633348,-1.0,-1.0,A (no rain flag)
total,over,0.530796905222577,1.91,1.91,1.0,-2.0,2023,0.01382208897512216,0.9099999999999999,0.9099999999999999,A (no rain flag)
total,over,0.44246200383209616,1.91,1.85,0.0,-1.0,2023,-0.15489757268069637,-1.0,-1.0,A (no rain flag)
total,over,0.6052826205029874,1.91,1.91,0.0,0.0,2023,0.15608980516070603,-1.0,-1.0,A (no rain flag)
total,over,0.5691998558347475,1.91,1.952,1.0,0.0,2023,0.08717172464436773,0.9099999999999999,0.952,A (no rain flag)
total,over,0.5584766011747395,1.85,1.93,1.0,-1.0,2023,0.03318171217326826,0.8500000000000001,0.9299999999999999,A (no rain flag)
total,over,0.49918249646935353,1.91,1.91,0.0,1.0,2023,-0.046561431743534776,-1.0,-1.0,A (no rain flag)
total,over,0.5830890939819662,1.87,1.91,0.0,0.0,2023,0.0903766057462767,-1.0,-1.0,A (no rain flag)
total,over,0.5247320973143399,1.91,1.91,0.0,0.0,2023,0.002238305870389201,-1.0,-1.0,A (no rain flag)
total,over,0.5641242124440506,1.91,1.87,1.0,-2.0,2023,0.07747724576813675,0.9099999999999999,0.8700000000000001,A (no rain flag)
total,over,0.5727065639004043,1.91,1.93,1.0,2.0,2023,0.09386953704977219,0.9099999999999999,0.9299999999999999,A (no rain flag)
total,over,0.6026848987204291,1.91,1.87,0.0,2.0,2023,0.1511281565560194,-1.0,-1.0,A (no rain flag)
total,over,0.5428451220727497,1.91,1.91,1.0,0.0,2023,0.036834183158951816,0.9099999999999999,0.9099999999999999,A (no rain flag)
total,over,0.5351120389036557,1.91,1.91,0.0,1.0,2023,0.022063994305982382,-1.0,-1.0,A (no rain flag)
total,over,0.5453357326049144,1.91,1.91,1.0,1.0,2023,0.04159124927538649,0.9099999999999999,0.9099999999999999,A (no rain flag)
total,over,0.5393772549859461,1.91,1.85,1.0,1.0,2023,0.030210557023157003,0.9099999999999999,0.8500000000000001,A (no rain flag)
total,over,0.5456584717141788,1.91,1.85,1.0,1.0,2023,0.04220768097408145,0.9099999999999999,0.8500000000000001,A (no rain flag)
total,over,0.5869117251873051,1.91,1.91,0.0,0.0,2023,0.12100139510775265,-1.0,-1.0,A (no rain flag)
total,over,0.5104787047091859,1.91,1.91,0.0,0.0,2023,-0.02498567400545504,-1.0,-1.0,A (no rain flag)
total,over,0.5378903423205413,1.91,1.952,0.0,1.0,2023,0.027370553832233968,-1.0,-1.0,A (no rain flag)
total,over,0.5204819747256036,1.91,1.87,0.0,0.0,2023,-0.005879428274097043,-1.0,-1.0,A (no rain flag)
total,over,0.5172969647048483,1.91,1.91,0.0,1.0,2023,-0.011962797413739734,-1.0,-1.0,A (no rain flag)
total,over,0.5226049112027995,1.91,1.97,0.0,0.0,2023,-0.0018246196026530104,-1.0,-1.0,A (no rain flag)
total,over,0.5408620155161038,1.91,1.85,1.0,0.0,2023,0.03304644963575831,0.9099999999999999,0.8500000000000001,A (no rain flag)
total,over,0.613714213165633,1.85,1.91,1.0,2.0,2023,0.13537129435642115,0.8500000000000001,0.9099999999999999,A (no rain flag)
total,over,0.5232351362055375,1.91,1.91,1.0,-2.0,2023,-0.0006208898474233671,0.9099999999999999,0.9099999999999999,A (no rain flag)
total,over,0.5450053807703954,1.91,1.91,0.0,-1.0,2023,0.04096027727145524,-1.0,-1.0,A (no rain flag)
total,over,0.5019401024059564,1.91,1.91,1.0,0.0,2023,-0.041294404404623286,0.9099999999999999,0.9099999999999999,A (no rain flag)
total,over,0.5343539092768192,1.91,1.91,1.0,0.0,2023,0.020615966718724676,0.9099999999999999,0.9099999999999999,A (no rain flag)
total,over,0.5645488991336898,1.91,1.91,0.0,-1.0,2023,0.07828839734534743,-1.0,-1.0,A (no rain flag)
total,over,0.6161156895344664,1.91,1.91,0.0,0.0,2023,0.17678096701083068,-1.0,-1.0,A (no rain flag)
total,over,0.484542356310903,2.0,1.87,1.0,-2.0,2023,-0.030915287378194045,1.0,0.8700000000000001,A (no rain flag)
total,over,0.5207121653938219,2.0,1.82,1.0,0.0,2023,0.04142433078764385,1.0,0.8200000000000001,A (no rain flag)
total,over,0.5390292372358475,1.91,1.87,1.0,1.0,2023,0.029545843120468707,0.9099999999999999,0.8700000000000001,A (no rain flag)
total,over,0.48498461255320946,1.91,1.87,0.0,0.0,2023,-0.07367939002336998,-1.0,-1.0,A (no rain flag)
total,over,0.5135620815047395,1.85,1.85,0.0,2.0,2023,-0.049910149216231936,-1.0,-1.0,A (no rain flag)
total,over,0.5410096033564558,1.91,1.91,1.0,2.0,2023,0.03332834241083038,0.9099999999999999,0.9099999999999999,A (no rain flag)
total,over,0.5039390334018526,1.91,1.91,1.0,2.0,2023,-0.03747644620246149,0.9099999999999999,0.9099999999999999,A (no rain flag)
total,over,0.49088348665868264,1.91,1.91,1.0,2.0,2023,-0.062412540481916134,0.9099999999999999,0.9099999999999999,A (no rain flag)
total,over,0.5896463631614338,1.91,1.952,0.0,3.0,2023,0.12622455363833862,-1.0,-1.0,A (no rain flag)
total,over,0.5255136227511278,1.91,1.82,0.0,1.0,2023,0.0037310194546540387,-1.0,-1.0,A (no rain flag)
total,over,0.5710163449123048,1.91,1.91,0.0,2.0,2023,0.09064121878250209,-1.0,-1.0,A (no rain flag)
total,over,0.5030661292067904,1.91,1.91,0.0,0.0,2023,-0.03914369321503042,-1.0,-1.0,A (no rain flag)
total,over,0.5279210194024312,1.91,1.87,1.0,3.0,2023,0.008329147058643516,0.9099999999999999,0.8700000000000001,A (no rain flag)
total,over,0.5403666499781928,1.91,1.91,0.0,0.0,2023,0.0321003014583483,-1.0,-1.0,A (no rain flag)
total,over,0.5349554317036378,1.91,1.91,0.0,2.0,2023,0.021764874553948044,-1.0,-1.0,A (no rain flag)
total,over,0.5806895903008493,1.91,1.93,0.0,-2.0,2023,0.10911711747462216,-1.0,-1.0,A (no rain flag)
total,over,0.5391803029382385,1.91,1.82,0.0,0.0,2023,0.029834378612035417,-1.0,-1.0,A (no rain flag)
total,over,0.5599396746590914,1.91,1.91,1.0,1.0,2023,0.0694847785988646,0.9099999999999999,0.9099999999999999,A (no rain flag)
total,over,0.5669996977094844,1.91,1.87,0.0,1.0,2023,0.0829694226251152,-1.0,-1.0,A (no rain flag)
total,over,0.5412597341447186,1.91,1.87,1.0,3.0,2023,0.03380609221641251,0.9099999999999999,0.8700000000000001,A (no rain flag)
total,over,0.5332604189701655,1.91,1.87,0.0,1.0,2023,0.018527400233016023,-1.0,-1.0,A (no rain flag)
total,over,0.5495925851964466,1.91,1.952,1.0,1.0,2023,0.04972183772521288,0.9099999999999999,0.952,A (no rain flag)
total,over,0.5061633440032889,1.91,2.0,1.0,0.0,2023,-0.033228012953718244,0.9099999999999999,1.0,A (no rain flag)
total,over,0.5698304727378436,1.91,1.91,1.0,2.0,2023,0.08837620292928117,0.9099999999999999,0.9099999999999999,A (no rain flag)
total,over,0.5742539871232836,1.91,1.91,1.0,2.0,2023,0.09682511540547156,0.9099999999999999,0.9099999999999999,A (no rain flag)
total,over,0.538193300771287,1.91,1.91,0.0,0.0,2023,0.027949204473158185,-1.0,-1.0,A (no rain flag)
total,over,0.5230167851287651,1.91,1.93,1.0,0.0,2023,-0.0010379404040585793,0.9099999999999999,0.9299999999999999,A (no rain flag)
total,over,0.5182219585582473,1.91,1.952,0.0,-3.0,2023,-0.010196059153747772,-1.0,-1.0,A (no rain flag)
total,over,0.4888794425414547,1.91,1.91,0.0,-4.0,2023,-0.06624026474582156,-1.0,-1.0,A (no rain flag)
total,over,0.5436689901142729,1.91,1.91,0.0,-2.0,2023,0.038407771118261325,-1.0,-1.0,A (no rain flag)
total,over,0.5858333787806984,1.91,1.82,0.0,1.0,2023,0.1189417534711339,-1.0,-1.0,A (no rain flag)
total,over,0.5558162869694176,1.91,1.91,1.0,0.0,2023,0.06160910811158771,0.9099999999999999,0.9099999999999999,A (no rain flag)
total,over,0.5162851827265229,1.91,1.87,0.0,2.0,2023,-0.013895300992341264,-1.0,-1.0,A (no rain flag)
total,over,0.5388099794015397,1.91,1.87,0.0,2.0,2023,0.02912706065694093,-1.0,-1.0,A (no rain flag)
total,over,0.586043576892527,1.91,1.82,1.0,5.0,2023,0.1193432318647265,0.9099999999999999,0.8200000000000001,A (no rain flag)
total,over,0.5335970061917901,1.91,1.91,0.0,0.0,2023,0.01917028182631908,-1.0,-1.0,A (no rain flag)
total,over,0.5260722422126575,1.91,1.87,0.0,3.0,2023,0.004797982626175701,-1.0,-1.0,A (no rain flag)
total,over,0.45633197927554825,1.91,1.85,0.0,-1.0,2023,-0.12840591958370284,-1.0,-1.0,A (no rain flag)
total,over,0.5207322470553308,1.91,1.91,1.0,-3.0,2023,-0.005401408124318108,0.9099999999999999,0.9099999999999999,A (no rain flag)
total,over,0.5536977216783835,1.91,1.87,0.0,-1.0,2023,0.05756264840571235,-1.0,-1.0,A (no rain flag)
total,over,0.5468654449120209,1.91,1.87,0.0,0.0,2023,0.044512999781959994,-1.0,-1.0,A (no rain flag)
total,over,0.5253186809118766,1.91,1.91,1.0,-2.0,2023,0.0033586805416843113,0.9099999999999999,0.9099999999999999,A (no rain flag)
total,over,0.4336643599292943,1.91,1.82,0.0,0.0,2023,-0.17170107253504796,-1.0,-1.0,A (no rain flag)
total,over,0.5336530160473274,1.91,1.82,1.0,0.0,2023,0.019277260650395256,0.9099999999999999,0.8200000000000001,A (no rain flag)
total,over,0.5772290616914701,1.91,1.91,1.0,2.0,2023,0.10250750783070783,0.9099999999999999,0.9099999999999999,A (no rain flag)
total,over,0.5182130928981501,1.91,1.91,1.0,2.0,2023,-0.01021299256453334,0.9099999999999999,0.9099999999999999,A (no rain flag)
total,over,0.5044338346420731,1.91,1.91,0.0,0.0,2023,-0.0365313758336403,-1.0,-1.0,A (no rain flag)
total,over,0.5731498747277687,1.91,1.85,0.0,0.0,2023,0.09471626073003803,-1.0,-1.0,A (no rain flag)
total,over,0.555410455419035,1.91,1.85,1.0,0.0,2023,0.06083396985035683,0.9099999999999999,0.8500000000000001,A (no rain flag)
total,over,0.5021102500439105,1.91,1.91,1.0,0.0,2023,-0.040969422416130996,0.9099999999999999,0.9099999999999999,A (no rain flag)
total,over,0.4752623021439094,1.91,1.91,0.0,1.0,2023,-0.09224900290513305,-1.0,-1.0,A (no rain flag)
total,over,0.4679211728397717,1.91,1.952,1.0,-1.0,2023,-0.10627055987603606,0.9099999999999999,0.952,A (no rain flag)
total,over,0.5565879589323514,1.91,1.91,0.0,0.0,2023,0.06308300156079105,-1.0,-1.0,A (no rain flag)
total,over,0.5240243258958217,1.91,1.85,0.0,2.0,2023,0.0008864624610194216,-1.0,-1.0,A (no rain flag)
total,over,0.506217332043677,1.91,1.91,1.0,0.0,2023,-0.03312489579657696,0.9099999999999999,0.9099999999999999,A (no rain flag)
total,over,0.5657144515957143,1.91,1.85,0.0,0.0,2023,0.08051460254781428,-1.0,-1.0,A (no rain flag)
total,over,0.5408573304426741,1.91,1.85,0.0,0.0,2023,0.03303750114550752,-1.0,-1.0,A (no rain flag)
total,over,0.5402592451364748,1.91,1.91,1.0,1.0,2023,0.031895158210666796,0.9099999999999999,0.9099999999999999,A (no rain flag)
total,over,0.5810194632733657,1.91,1.952,1.0,0.0,2023,0.10974717485212859,0.9099999999999999,0.952,A (no rain flag)
total,over,0.543972327950283,1.91,1.85,1.0,1.0,2023,0.03898714638504064,0.9099999999999999,0.8500000000000001,A (no rain flag)
total,over,0.5920718316079265,1.91,1.91,0.0,0.0,2023,0.13085719837113974,-1.0,-1.0,A (no rain flag)
total,over,0.5425773361933403,1.91,1.91,0.0,1.0,2023,0.03632271212927973,-1.0,-1.0,A (no rain flag)
total,over,0.4950804596331105,1.91,1.91,1.0,1.0,2023,-0.054396322100759065,0.9099999999999999,0.9099999999999999,A (no rain flag)
total,over,0.5706305905025555,1.91,1.91,0.0,0.0,2023,0.08990442785988084,-1.0,-1.0,A (no rain flag)
total,over,0.5212119155683946,1.91,1.91,1.0,-1.0,2023,-0.004485241264366335,0.9099999999999999,0.9099999999999999,A (no rain flag)
total,over,0.5488282721741133,1.91,1.91,1.0,0.0,2023,0.048261999852556414,0.9099999999999999,0.9099999999999999,A (no rain flag)
total,over,0.5072156412304646,1.91,1.82,1.0,-1.0,2023,-0.03121812524981271,0.9099999999999999,0.8200000000000001,A (no rain flag)
total,over,0.5053659100633172,1.91,1.93,0.0,0.0,2023,-0.0347511117790642,-1.0,-1.0,A (no rain flag)
total,over,0.5351593928000836,1.91,1.85,1.0,1.0,2023,0.022154440248159712,0.9099999999999999,0.8500000000000001,A (no rain flag)
total,over,0.4837233814028856,1.91,1.87,1.0,0.0,2023,-0.07608834152048849,0.9099999999999999,0.8700000000000001,A (no rain flag)
total,over,0.496292159545951,1.87,1.82,1.0,-2.0,2023,-0.07193366164907156,0.8700000000000001,0.8200000000000001,A (no rain flag)
total,over,0.5039740490601874,1.91,1.85,1.0,0.0,2023,-0.03740956629504211,0.9099999999999999,0.8500000000000001,A (no rain flag)
total,over,0.5487557680934034,1.91,1.952,0.0,-1.0,2023,0.048123517058400456,-1.0,-1.0,A (no rain flag)
total,over,0.5054033869180697,1.91,1.91,1.0,0.0,2023,-0.034679530986486795,0.9099999999999999,0.9099999999999999,A (no rain flag)
total,over,0.5427761198368445,1.91,1.87,1.0,1.0,2023,0.03670238888837285,0.9099999999999999,0.8700000000000001,A (no rain flag)
total,over,0.59919100598083,1.91,1.91,1.0,0.0,2023,0.14445482142338517,0.9099999999999999,0.9099999999999999,A (no rain flag)
total,over,0.5193264215678249,1.91,1.87,0.0,1.0,2023,-0.008086534805454404,-1.0,-1.0,A (no rain flag)
total,over,0.6103849470707319,1.91,1.952,0.0,1.0,2023,0.16583524890509782,-1.0,-1.0,A (no rain flag)
total,over,0.580662329054226,1.91,1.91,0.0,0.0,2023,0.10906504849357157,-1.0,-1.0,A (no rain flag)
total,over,0.5488572669097301,1.87,1.82,1.0,2.0,2023,0.02636308912119545,0.8700000000000001,0.8200000000000001,A (no rain flag)
total,over,0.542311415149604,1.91,1.91,1.0,0.0,2023,0.035814802935743684,0.9099999999999999,0.9099999999999999,A (no rain flag)
total,over,0.5581941361801571,1.91,1.91,1.0,2.0,2023,0.06615080010410002,0.9099999999999999,0.9099999999999999,A (no rain flag)
total,over,0.5428026784301282,1.91,1.82,0.0,-2.0,2023,0.03675311580154483,-1.0,-1.0,A (no rain flag)
total,over,0.5362048609920977,1.91,1.91,0.0,-1.0,2023,0.024151284494906555,-1.0,-1.0,A (no rain flag)
total,over,0.4795232663820751,1.91,1.91,0.0,4.0,2023,-0.08411056121023663,-1.0,-1.0,A (no rain flag)
total,over,0.570854036583023,1.91,1.82,0.0,1.0,2023,0.09033120987357401,-1.0,-1.0,A (no rain flag)
total,over,0.5713441093930722,1.91,1.91,0.0,1.0,2023,0.09126724894076799,-1.0,-1.0,A (no rain flag)
total,over,0.517746752643701,1.91,1.85,1.0,0.0,2023,-0.011103702450531161,0.9099999999999999,0.8500000000000001,A (no rain flag)
total,over,0.541463017491551,1.87,1.952,0.0,-5.0,2023,0.012535842709200384,-1.0,-1.0,A (no rain flag)
total,over,0.5646275589778045,1.91,2.02,1.0,0.0,2023,0.0784386376476065,0.9099999999999999,1.02,A (no rain flag)
total,over,0.5151812241153194,1.91,1.91,1.0,0.0,2023,-0.016003861939740016,0.9099999999999999,0.9099999999999999,A (no rain flag)
total,over,0.4661202097060486,1.91,1.91,1.0,0.0,2023,-0.10971039946144723,0.9099999999999999,0.9099999999999999,A (no rain flag)
total,over,0.4670605414480629,1.91,1.91,0.0,1.0,2023,-0.10791436583419989,-1.0,-1.0,A (no rain flag)
total,over,0.508652901593146,1.87,1.85,1.0,0.0,2023,-0.048819074020816866,0.8700000000000001,0.8500000000000001,A (no rain flag)
total,over,0.49263019557637333,1.91,1.87,0.0,0.0,2023,-0.05907632644912697,-1.0,-1.0,A (no rain flag)
total,over,0.5545053078340939,1.91,1.85,1.0,5.0,2023,0.059105137963119336,0.9099999999999999,0.8500000000000001,A (no rain flag)
total,over,0.6174314913408523,1.91,1.82,1.0,3.0,2023,0.17929414846102776,0.9099999999999999,0.8200000000000001,A (no rain flag)
total,over,0.6067940072853383,1.91,1.91,1.0,3.0,2023,0.1589765539149961,0.9099999999999999,0.9099999999999999,A (no rain flag)
total,over,0.5807076813132893,1.91,1.91,1.0,0.0,2023,0.10915167130838244,0.9099999999999999,0.9099999999999999,A (no rain flag)
total,over,0.4946117240921876,1.91,1.91,0.0,3.0,2023,-0.05529160698392166,-1.0,-1.0,A (no rain flag)
total,over,0.5433345092335641,1.91,1.91,1.0,2.0,2023,0.03776891263610738,0.9099999999999999,0.9099999999999999,A (no rain flag)
total,over,0.5281631209368314,1.91,1.91,1.0,1.0,2023,0.008791560989347857,0.9099999999999999,0.9099999999999999,A (no rain flag)
total,over,0.5696754433976612,1.91,1.87,0.0,1.0,2023,0.08808009688953278,-1.0,-1.0,A (no rain flag)
total,over,0.5895100663300836,1.91,1.91,1.0,2.0,2023,0.1259642266904597,0.9099999999999999,0.9099999999999999,A (no rain flag)
total,over,0.6028345506303351,1.91,1.952,1.0,3.0,2023,0.15141399170393988,0.9099999999999999,0.952,A (no rain flag)
total,over,0.5632708150922392,1.91,1.91,0.0,2.0,2023,0.07584725682617677,-1.0,-1.0,A (no rain flag)
total,over,0.5447676445247939,1.91,1.91,1.0,5.0,2023,0.04050620104235625,0.9099999999999999,0.9099999999999999,A (no rain flag)
total,over,0.5426181039472255,1.85,1.91,0.0,2.0,2023,0.0038434923023673573,-1.0,-1.0,A (no rain flag)
total,over,0.567169774120074,1.85,1.85,0.0,-2.0,2023,0.04926408212213684,-1.0,-1.0,A (no rain flag)
total,over,0.47486954045131935,1.952,1.952,1.0,0.0,2023,-0.0730546570390247,0.952,0.952,A (no rain flag)
total,over,0.45704821511110183,1.85,1.85,1.0,2.0,2023,-0.15446080204446155,0.8500000000000001,0.8500000000000001,A (no rain flag)
total,over,0.5138874094651067,1.85,1.91,1.0,2.0,2023,-0.049308292489552596,0.8500000000000001,0.9099999999999999,A (no rain flag)
total,over,0.48011831285676004,1.91,1.87,0.0,0.0,2023,-0.08297402244358831,-1.0,-1.0,A (no rain flag)
total,over,0.4189013970210769,1.91,1.91,1.0,1.0,2023,-0.19989833168974314,0.9099999999999999,0.9099999999999999,A (no rain flag)
total,over,0.44256717530832357,1.91,1.91,1.0,0.0,2023,-0.15469669516110207,0.9099999999999999,0.9099999999999999,A (no rain flag)
total,over,0.44902781666138203,2.0,1.91,0.0,0.0,2023,-0.10194436667723594,-1.0,-1.0,A (no rain flag)
total,over,0.38102046202675566,1.91,1.91,1.0,2.0,2023,-0.27225091752889674,0.9099999999999999,0.9099999999999999,A (no rain flag)
total,over,0.5325850502370697,1.91,1.91,1.0,1.0,2023,0.017237445952803077,0.9099999999999999,0.9099999999999999,A (no rain flag)
total,over,0.48628908482749195,1.91,1.91,0.0,1.0,2023,-0.0711878479794904,-1.0,-1.0,A (no rain flag)
total,over,0.4769187743619615,1.91,1.87,0.0,0.0,2023,-0.08908514096865361,-1.0,-1.0,A (no rain flag)
total,over,0.5196087989135586,1.91,1.91,0.0,2.0,2023,-0.00754719407510307,-1.0,-1.0,A (no rain flag)
total,over,0.45641772873309683,1.91,1.91,0.0,1.0,2023,-0.12824213811978513,-1.0,-1.0,A (no rain flag)
total,over,0.4633249869130824,1.91,1.91,0.0,1.0,2023,-0.1150492749960127,-1.0,-1.0,A (no rain flag)
total,over,0.4698711468809113,1.91,1.91,0.0,-2.0,2023,-0.10254610945745946,-1.0,-1.0,A (no rain flag)
total,over,0.46026278966407114,1.91,1.82,0.0,1.0,2023,-0.12089807174162415,-1.0,-1.0,A (no rain flag)
total,over,0.5287405505712093,1.91,1.82,0.0,-1.0,2023,0.009894451591009767,-1.0,-1.0,A (no rain flag)
total,over,0.4999894791992077,1.91,1.952,1.0,-1.0,2023,-0.045020094729513294,0.9099999999999999,0.952,A (no rain flag)
total,over,0.39994394650871573,1.91,1.91,1.0,-1.0,2023,-0.23610706216835298,0.9099999999999999,0.9099999999999999,A (no rain flag)
total,over,0.4195959233569664,1.91,1.91,0.0,0.0,2023,-0.19857178638819428,-1.0,-1.0,A (no rain flag)
total,over,0.46381978887306535,1.91,1.91,0.0,0.0,2023,-0.11410420325244519,-1.0,-1.0,A (no rain flag)
total,over,0.4410961748263761,1.91,1.91,0.0,0.0,2023,-0.15750630608162175,-1.0,-1.0,A (no rain flag)
total,over,0.4592253874946776,1.91,1.91,0.0,-1.0,2023,-0.12287950988516583,-1.0,-1.0,A (no rain flag)
total,over,0.43361876829744694,1.91,1.91,0.0,0.0,2023,-0.1717881525518764,-1.0,-1.0,A (no rain flag)
total,over,0.4547815948494792,1.91,1.91,1.0,1.0,2023,-0.13136715383749475,0.9099999999999999,0.9099999999999999,A (no rain flag)
total,over,0.384971510604754,1.91,1.952,0.0,0.0,2023,-0.2647044147449199,-1.0,-1.0,A (no rain flag)
total,over,0.43828452239717886,1.91,1.952,1.0,0.0,2023,-0.16287656222138847,0.9099999999999999,0.952,A (no rain flag)
total,over,0.4251193725584102,1.91,1.87,0.0,-1.0,2023,-0.1880219984134366,-1.0,-1.0,A (no rain flag)
total,over,0.5094625102586479,1.91,1.82,1.0,0.0,2023,-0.026926605405982573,0.9099999999999999,0.8200000000000001,A (no rain flag)
total,over,0.4606582542277627,1.91,1.97,1.0,1.0,2023,-0.12014273442497325,0.9099999999999999,0.97,A (no rain flag)
total,over,0.4345582228413625,1.91,1.952,0.0,0.0,2023,-0.16999379437299766,-1.0,-1.0,A (no rain flag)
total,over,0.4454361375273935,1.91,1.97,1.0,1.0,2023,-0.14921697732267836,0.9099999999999999,0.97,A (no rain flag)
total,over,0.5178936379323367,1.87,1.952,1.0,1.0,2023,-0.03153889706653035,0.8700000000000001,0.952,A (no rain flag)
total,over,0.4630591830547297,1.91,1.91,1.0,1.0,2023,-0.11555696036546625,0.9099999999999999,0.9099999999999999,A (no rain flag)
total,over,0.46320866676311667,1.91,1.82,1.0,-1.0,2023,-0.11527144648244725,0.9099999999999999,0.8200000000000001,A (no rain flag)
total,over,0.5060451781556916,1.91,1.82,1.0,0.0,2023,-0.033453709722629066,0.9099999999999999,0.8200000000000001,A (no rain flag)
total,over,0.436974265205512,1.91,1.97,0.0,1.0,2023,-0.16537915345747212,-1.0,-1.0,A (no rain flag)
total,over,0.5210338738525577,1.91,1.85,1.0,1.0,2023,-0.0048253009416148185,0.9099999999999999,0.8500000000000001,A (no rain flag)
total,over,0.49801206196701625,1.91,1.87,1.0,0.0,2023,-0.04879696164299896,0.9099999999999999,0.8700000000000001,A (no rain flag)
total,over,0.44203551152375464,1.91,1.91,0.0,2.0,2023,-0.1557121729896287,-1.0,-1.0,A (no rain flag)
total,over,0.4453425635780859,1.82,1.87,0.0,1.0,2023,-0.1894765342878837,-1.0,-1.0,A (no rain flag)
total,over,0.42987411555544053,1.91,1.91,1.0,1.0,2023,-0.17894043928910863,0.9099999999999999,0.9099999999999999,A (no rain flag)
total,over,0.4352216838645225,1.91,1.97,0.0,1.0,2023,-0.16872658381876204,-1.0,-1.0,A (no rain flag)
total,over,0.5000725335156703,1.952,1.91,1.0,0.0,2023,-0.02385841457741167,0.952,0.9099999999999999,A (no rain flag)
total,over,0.48629717219376967,1.91,1.85,1.0,2.0,2023,-0.07117240110989997,0.9099999999999999,0.8500000000000001,A (no rain flag)
total,over,0.4918470953259648,1.91,1.91,0.0,1.0,2023,-0.060572047927407224,-1.0,-1.0,A (no rain flag)
total,over,0.5098404145738864,1.91,1.952,1.0,0.0,2023,-0.026204808163877047,0.9099999999999999,0.952,A (no rain flag)
total,over,0.4224419180095612,1.91,1.85,1.0,1.0,2023,-0.1931359366017381,0.9099999999999999,0.8500000000000001,A (no rain flag)
total,over,0.44205623341034006,1.91,1.91,0.0,-2.0,2023,-0.15567259418625057,-1.0,-1.0,A (no rain flag)
total,over,0.41104441012012405,1.91,1.97,0.0,4.0,2023,-0.21490517667056308,-1.0,-1.0,A (no rain flag)
total,over,0.5156354240217239,1.91,1.91,1.0,1.0,2023,-0.015136340118507396,0.9099999999999999,0.9099999999999999,A (no rain flag)
total,over,0.47558116134649586,1.91,1.87,0.0,2.0,2023,-0.091639981828193,-1.0,-1.0,A (no rain flag)
total,over,0.3999469831965887,1.91,1.91,1.0,5.0,2023,-0.23610126209451554,0.9099999999999999,0.9099999999999999,A (no rain flag)
total,over,0.519831209435096,1.82,1.8,0.0,2.0,2023,-0.053907198828125336,-1.0,-1.0,A (no rain flag)
total,over,0.544123267952291,1.87,2.05,0.0,0.0,2023,0.017510511070784274,-1.0,-1.0,A (no rain flag)
total,over,0.5207602194724141,1.952,1.87,0.0,1.0,2023,0.016523948410152256,-1.0,-1.0,A (no rain flag)
total,over,0.5490062527019255,1.952,1.87,0.0,1.0,2023,0.07166020527415862,-1.0,-1.0,A (no rain flag)
total,over,0.5200354712574204,1.85,1.82,1.0,1.0,2023,-0.0379343781737721,0.8500000000000001,0.8200000000000001,A (no rain flag)
total,over,0.575739124167489,1.91,1.91,0.0,1.0,2023,0.09966172715990385,-1.0,-1.0,A (no rain flag)
total,over,0.5333510943043521,1.91,1.91,1.0,0.0,2023,0.01870059012131242,0.9099999999999999,0.9099999999999999,A (no rain flag)
total,over,0.5725151697543283,1.91,1.97,1.0,0.0,2023,0.09350397423076684,0.9099999999999999,0.97,A (no rain flag)
total,over,0.5231615533063559,1.91,1.91,1.0,1.0,2023,-0.0007614331848602163,0.9099999999999999,0.9099999999999999,A (no rain flag)
total,over,0.5755162065672265,1.91,1.952,1.0,0.0,2023,0.0992359545434025,0.9099999999999999,0.952,A (no rain flag)
total,over,0.5528235568222525,1.91,1.952,1.0,-2.0,2024,0.055892993530502144,0.9099999999999999,0.952,A (no rain flag)
total,over,0.5388246058808301,1.952,1.91,0.0,0.0,2024,0.05178563067938047,-1.0,-1.0,A (no rain flag)
total,over,0.5587144380622683,1.91,1.82,0.0,1.0,2024,0.06714457669893248,-1.0,-1.0,A (no rain flag)
total,over,0.5929425144247159,1.91,1.87,0.0,1.0,2024,0.13252020255120733,-1.0,-1.0,A (no rain flag)
total,over,0.6708547237486223,1.91,1.91,0.0,1.0,2024,0.2813325223598686,-1.0,-1.0,A (no rain flag)
total,over,0.6093167356686162,1.91,1.91,0.0,1.0,2024,0.16379496512705694,-1.0,-1.0,A (no rain flag)
total,over,0.5461318380213024,1.91,1.87,0.0,-1.0,2024,0.043111810620687585,-1.0,-1.0,A (no rain flag)
total,over,0.5580704730285355,1.91,1.91,1.0,1.0,2024,0.06591460348450284,0.9099999999999999,0.9099999999999999,A (no rain flag)
total,over,0.5624614757809306,1.91,1.87,1.0,1.0,2024,0.07430141874157759,0.9099999999999999,0.8700000000000001,A (no rain flag)
total,over,0.5845697915085,1.91,1.89,0.0,1.0,2024,0.11652830178123486,-1.0,-1.0,A (no rain flag)
total,over,0.6239162056672617,1.91,1.91,1.0,-1.0,2024,0.1916799528244697,0.9099999999999999,0.9099999999999999,A (no rain flag)
total,over,0.5099928856951658,1.91,2.02,0.0,0.0,2024,-0.02591358832223345,-1.0,-1.0,A (no rain flag)
total,over,0.5004178860707216,1.85,1.87,0.0,0.0,2024,-0.07422691076916499,-1.0,-1.0,A (no rain flag)
total,over,0.5442730821768522,1.952,1.87,1.0,-1.0,2024,0.06242105640921558,0.952,0.8700000000000001,A (no rain flag)
total,over,0.5654324780751572,1.91,1.91,0.0,0.0,2024,0.07997603312355017,-1.0,-1.0,A (no rain flag)
total,over,0.4932264068885164,1.85,1.91,0.0,0.0,2024,-0.08753114725624467,-1.0,-1.0,A (no rain flag)
total,over,0.6101312455362639,1.91,1.91,1.0,1.0,2024,0.1653506789742638,0.9099999999999999,0.9099999999999999,A (no rain flag)
total,over,0.5409676992038315,1.91,1.87,0.0,0.0,2024,0.03324830547931801,-1.0,-1.0,A (no rain flag)
total,over,0.5933665744398018,1.91,1.91,1.0,1.0,2024,0.1333301571800214,0.9099999999999999,0.9099999999999999,A (no rain flag)
total,over,0.5202376114752046,1.91,1.87,0.0,0.0,2024,-0.006346162082359164,-1.0,-1.0,A (no rain flag)
total,over,0.5581477502313585,1.91,1.91,1.0,0.0,2024,0.06606220294189469,0.9099999999999999,0.9099999999999999,A (no rain flag)
total,over,0.48366790809122207,1.91,1.91,0.0,-1.0,2024,-0.07619429554576584,-1.0,-1.0,A (no rain flag)
total,over,0.5727377891804977,1.91,1.85,1.0,2.0,2024,0.09392917733475059,0.9099999999999999,0.8500000000000001,A (no rain flag)
total,over,0.5801977225660087,1.91,1.91,0.0,2.0,2024,0.1081776501010765,-1.0,-1.0,A (no rain flag)
total,over,0.6186288070380473,1.82,2.0,1.0,3.0,2024,0.12590442880924613,0.8200000000000001,1.0,A (no rain flag)
total,over,0.579886661352219,1.91,1.91,0.0,2.0,2024,0.10758352318273823,-1.0,-1.0,A (no rain flag)
total,over,0.6027121692334093,1.91,2.0,1.0,2.0,2024,0.1511802432358118,0.9099999999999999,1.0,A (no rain flag)
total,over,0.5179461289248185,1.91,1.97,0.0,1.0,2024,-0.010722893753596696,-1.0,-1.0,A (no rain flag)
total,over,0.5121111685624109,1.91,1.97,0.0,2.0,2024,-0.021867668045795208,-1.0,-1.0,A (no rain flag)
total,over,0.580446385995696,1.82,1.89,0.0,2.0,2024,0.056412422512166716,-1.0,-1.0,A (no rain flag)
total,over,0.551923244141636,1.91,1.91,1.0,0.0,2024,0.054173396310524646,0.9099999999999999,0.9099999999999999,A (no rain flag)
total,over,0.5216139195755795,1.85,1.91,0.0,2.0,2024,-0.035014248785178004,-1.0,-1.0,A (no rain flag)
total,over,0.584366240757684,1.91,1.82,1.0,0.0,2024,0.11613951984717641,0.9099999999999999,0.8200000000000001,A (no rain flag)
total,over,0.5113096602631726,1.91,1.91,1.0,-8.0,2024,-0.023398548897340388,0.9099999999999999,0.9099999999999999,A (no rain flag)
total,over,0.5053795754235664,1.91,2.02,0.0,-7.0,2024,-0.03472501094098823,-1.0,-1.0,A (no rain flag)
total,over,0.5458305708531914,1.91,1.91,0.0,-1.0,2024,0.042536390329595664,-1.0,-1.0,A (no rain flag)
total,over,0.569512614969316,1.91,1.91,1.0,-1.0,2024,0.08776909459139359,0.9099999999999999,0.9099999999999999,A (no rain flag)
total,over,0.5284960645732827,1.87,1.91,0.0,-1.0,2024,-0.011712359247961324,-1.0,-1.0,A (no rain flag)
total,over,0.48216312892234636,1.91,1.91,1.0,1.0,2024,-0.07906842375831846,0.9099999999999999,0.9099999999999999,A (no rain flag)
total,over,0.5177947753345086,1.97,1.91,1.0,-2.0,2024,0.02005570740898177,0.97,0.9099999999999999,A (no rain flag)
total,over,0.5876407567409652,1.91,1.952,1.0,1.0,2024,0.12239384537524334,0.9099999999999999,0.952,A (no rain flag)
total,over,0.5025627310942207,1.87,1.91,0.0,1.0,2024,-0.06020769285380734,-1.0,-1.0,A (no rain flag)
total,over,0.49727419346520324,1.91,1.87,0.0,0.0,2024,-0.05020629048146186,-1.0,-1.0,A (no rain flag)
total,over,0.5468040119748988,1.87,1.82,1.0,1.0,2024,0.02252350239306078,0.8700000000000001,0.8200000000000001,A (no rain flag)
total,over,0.5414516809878772,1.952,1.91,1.0,2.0,2024,0.056913681288336404,0.952,0.9099999999999999,A (no rain flag)
total,over,0.5351232540104551,1.91,1.91,0.0,0.0,2024,0.0220854151599692,-1.0,-1.0,A (no rain flag)
total,over,0.5282123390051906,1.91,1.952,0.0,1.0,2024,0.008885567499913982,-1.0,-1.0,A (no rain flag)
total,over,0.5884508459569702,1.91,1.91,0.0,-1.0,2024,0.12394111577781297,-1.0,-1.0,A (no rain flag)
total,over,0.5160849774214105,1.91,1.85,0.0,0.0,2024,-0.014277693125106072,-1.0,-1.0,A (no rain flag)
total,over,0.5178570190716597,1.91,1.91,1.0,0.0,2024,-0.010893093573129953,0.9099999999999999,0.9099999999999999,A (no rain flag)
total,over,0.5202374484650488,1.91,1.82,0.0,0.0,2024,-0.006346473431756761,-1.0,-1.0,A (no rain flag)
total,over,0.49344506606566235,1.91,1.91,1.0,0.0,2024,-0.05751992381458493,0.9099999999999999,0.9099999999999999,A (no rain flag)
total,over,0.5324209936582897,1.91,1.91,1.0,0.0,2024,0.01692409788733329,0.9099999999999999,0.9099999999999999,A (no rain flag)
total,over,0.5224775899076197,1.91,1.91,1.0,0.0,2024,-0.0020678032764464005,0.9099999999999999,0.9099999999999999,A (no rain flag)
total,over,0.5736400634493483,1.91,1.91,1.0,4.0,2024,0.09565252118825507,0.9099999999999999,0.9099999999999999,A (no rain flag)
total,over,0.4879813777479358,1.91,1.91,1.0,1.0,2024,-0.06795556850144258,0.9099999999999999,0.9099999999999999,A (no rain flag)
total,over,0.5200527796259851,1.91,1.91,1.0,0.0,2024,-0.006699190914368547,0.9099999999999999,0.9099999999999999,A (no rain flag)
total,over,0.5071260843583176,1.91,1.91,1.0,0.0,2024,-0.03138917887561332,0.9099999999999999,0.9099999999999999,A (no rain flag)
total,over,0.5135697590445958,1.952,1.91,1.0,-1.0,2024,0.0024881696550509425,0.952,0.9099999999999999,A (no rain flag)
total,over,0.5649631056114461,1.91,1.91,1.0,5.0,2024,0.07907953171786208,0.9099999999999999,0.9099999999999999,A (no rain flag)
total,over,0.6228627991532854,1.91,1.91,1.0,2.0,2024,0.18966794638277507,0.9099999999999999,0.9099999999999999,A (no rain flag)
total,over,0.512564566216606,1.91,1.91,0.0,0.0,2024,-0.021001678526282652,-1.0,-1.0,A (no rain flag)
total,over,0.5546798055196684,1.91,1.91,0.0,0.0,2024,0.059438428542566646,-1.0,-1.0,A (no rain flag)
total,over,0.5477704724532084,1.87,1.9,1.0,-1.0,2024,0.02433078348749973,0.8700000000000001,0.8999999999999999,A (no rain flag)
total,over,0.5263847915844162,1.87,2.0,1.0,-1.0,2024,-0.015660439737141596,0.8700000000000001,1.0,A (no rain flag)
total,over,0.5688138009757073,1.85,1.9,1.0,1.0,2024,0.0523055318050587,0.8500000000000001,0.8999999999999999,A (no rain flag)
total,over,0.5410479322537867,1.9,1.9,0.0,0.0,2024,0.02799107128219469,-1.0,-1.0,A (no rain flag)
total,over,0.5192142497969009,1.85,1.85,0.0,2.0,2024,-0.039453637875733305,-1.0,-1.0,A (no rain flag)
total,over,0.4493604181256042,1.87,1.85,1.0,0.0,2024,-0.15969601810512013,0.8700000000000001,0.8500000000000001,A (no rain flag)
total,over,0.5721332399423776,1.87,1.85,0.0,0.0,2024,0.06988915869224632,-1.0,-1.0,A (no rain flag)
total,over,0.4990466495624062,1.9,1.9,0.0,-3.0,2024,-0.05181136583142831,-1.0,-1.0,A (no rain flag)
total,over,0.4814511713521603,1.87,1.95,1.0,0.0,2024,-0.09968630957146019,0.8700000000000001,0.95,A (no rain flag)
total,over,0.5482805796831886,1.87,1.9,0.0,0.0,2024,0.025284684007562674,-1.0,-1.0,A (no rain flag)
total,over,0.52627402180402,1.87,1.9,0.0,-2.0,2024,-0.01586757922648241,-1.0,-1.0,A (no rain flag)
total,over,0.4948360625250768,1.87,1.95,0.0,0.0,2024,-0.07465656307810642,-1.0,-1.0,A (no rain flag)
total,over,0.4851772150002885,1.87,1.9,0.0,-2.0,2024,-0.09271860794946052,-1.0,-1.0,A (no rain flag)
total,over,0.5421987097613209,1.85,1.9,1.0,0.0,2024,0.003067613058443719,0.8500000000000001,0.8999999999999999,A (no rain flag)
total,over,0.5032515198112869,1.85,1.85,1.0,0.0,2024,-0.0689846883491192,0.8500000000000001,0.8500000000000001,A (no rain flag)
total,over,0.4557633139017378,1.85,1.95,0.0,1.0,2024,-0.156837869281785,-1.0,-1.0,A (no rain flag)
total,over,0.5474739445197953,1.87,1.9,1.0,1.0,2024,0.02377627625201728,0.8700000000000001,0.8999999999999999,A (no rain flag)
total,over,0.47294333482704765,1.87,1.85,0.0,-2.0,2024,-0.11559596387342086,-1.0,-1.0,A (no rain flag)
total,over,0.48330680572698587,1.87,1.9,1.0,0.0,2024,-0.09621627329053639,0.8700000000000001,0.8999999999999999,A (no rain flag)
total,over,0.5769014473461912,1.8,1.95,1.0,1.0,2024,0.038422605223144224,0.8,0.95,A (no rain flag)
total,over,0.4482241802134123,1.87,1.95,0.0,0.0,2024,-0.16182078300091896,-1.0,-1.0,A (no rain flag)
total,over,0.5643631665417589,1.87,1.95,1.0,2.0,2024,0.055359121433089076,0.8700000000000001,0.95,A (no rain flag)
total,over,0.4819570917823123,1.87,1.9,1.0,1.0,2024,-0.09874023836707602,0.8700000000000001,0.8999999999999999,A (no rain flag)
total,over,0.4739013792220441,1.87,1.8,0.0,0.0,2024,-0.11380442085477749,-1.0,-1.0,A (no rain flag)
total,over,0.5541400025574504,1.87,1.9,1.0,2.0,2024,0.03624180478243244,0.8700000000000001,0.8999999999999999,A (no rain flag)
total,over,0.4388301114769371,1.87,1.95,1.0,3.0,2024,-0.1793876915381275,0.8700000000000001,0.95,A (no rain flag)
total,over,0.5484282974784747,1.87,2.0,1.0,3.0,2024,0.02556091628474766,0.8700000000000001,1.0,A (no rain flag)
total,over,0.5701449307468563,1.87,1.85,1.0,3.0,2024,0.06617102049662149,0.8700000000000001,0.8500000000000001,A (no rain flag)
total,over,0.559136738151012,1.87,1.85,1.0,0.0,2024,0.04558570034239251,0.8700000000000001,0.8500000000000001,A (no rain flag)
total,over,0.496499440381397,1.87,1.85,1.0,1.0,2024,-0.07154604648678764,0.8700000000000001,0.8500000000000001,A (no rain flag)
total,over,0.43578714922918604,1.87,1.9,1.0,3.0,2024,-0.18507803094142206,0.8700000000000001,0.8999999999999999,A (no rain flag)
total,over,0.5870668980541413,1.8,1.87,1.0,4.0,2024,0.056720416497454185,0.8,0.8700000000000001,A (no rain flag)
total,over,0.49695876246459497,1.95,1.9,1.0,0.0,2024,-0.030930413194039774,0.95,0.8999999999999999,A (no rain flag)
total,over,0.5204888308184172,1.87,1.9,0.0,-1.0,2024,-0.026685886369559708,-1.0,-1.0,A (no rain flag)
total,over,0.5447560854786524,1.8,1.9,0.0,-3.0,2024,-0.01943904613842562,-1.0,-1.0,A (no rain flag)
total,over,0.47446337630632146,1.87,1.95,1.0,0.0,2024,-0.11275348630717885,0.8700000000000001,0.95,A (no rain flag)
total,over,0.43586947959749234,1.87,1.95,0.0,2.0,2024,-0.18492407315268933,-1.0,-1.0,A (no rain flag)
total,over,0.4822727283160169,1.87,1.85,1.0,-3.0,2024,-0.09814999804904834,0.8700000000000001,0.8500000000000001,A (no rain flag)
total,over,0.4209260360216545,1.87,1.8,1.0,0.0,2024,-0.212868312639506,0.8700000000000001,0.8,A (no rain flag)
total,over,0.4498476753339678,1.85,1.9,1.0,0.0,2024,-0.16778180063215953,0.8500000000000001,0.8999999999999999,A (no rain flag)
total,over,0.51238555081685,1.85,1.85,0.0,0.0,2024,-0.052086730988827434,-1.0,-1.0,A (no rain flag)
total,over,0.4652718145471818,1.87,2.0,1.0,3.0,2024,-0.12994170679676997,0.8700000000000001,1.0,A (no rain flag)
total,over,0.5287947707243355,1.87,1.9,1.0,-1.0,2024,-0.011153778745492615,0.8700000000000001,0.8999999999999999,A (no rain flag)
total,over,0.5211011742215087,1.87,1.9,0.0,0.0,2024,-0.025540804205778644,-1.0,-1.0,A (no rain flag)
total,over,0.43087657044580946,1.87,1.85,1.0,1.0,2024,-0.19426081326633626,0.8700000000000001,0.8500000000000001,A (no rain flag)
total,over,0.44170797106789783,1.85,1.9,1.0,1.0,2024,-0.18284025352438893,0.8500000000000001,0.8999999999999999,A (no rain flag)
total,over,0.4480148223072731,1.87,1.95,0.0,-1.0,2024,-0.1622122822853993,-1.0,-1.0,A (no rain flag)
total,over,0.4252792866499233,1.87,1.95,0.0,1.0,2024,-0.2047277339646434,-1.0,-1.0,A (no rain flag)
total,over,0.48501717286184853,1.87,1.9,1.0,0.0,2024,-0.09301788674834321,0.8700000000000001,0.8999999999999999,A (no rain flag)
total,over,0.41135925437810095,1.9,1.95,0.0,0.0,2024,-0.2184174166816082,-1.0,-1.0,A (no rain flag)
total,over,0.39891826113627404,1.9,1.85,0.0,0.0,2024,-0.24205530384107932,-1.0,-1.0,A (no rain flag)
total,over,0.45413073473269433,1.87,1.9,0.0,0.0,2024,-0.15077552604986155,-1.0,-1.0,A (no rain flag)
total,over,0.5049224294798367,1.9,1.8,1.0,1.0,2024,-0.04064738398831036,0.8999999999999999,0.8,A (no rain flag)
total,over,0.44056404473835603,1.9,1.9,1.0,0.0,2024,-0.16292831499712357,0.8999999999999999,0.8999999999999999,A (no rain flag)
total,over,0.42409976751727924,1.87,1.95,0.0,-3.0,2024,-0.20693343474268777,-1.0,-1.0,A (no rain flag)
total,over,0.47485423411327377,1.85,1.95,0.0,0.0,2024,-0.12151966689044347,-1.0,-1.0,A (no rain flag)
total,over,0.4890975697307689,1.85,1.95,1.0,1.0,2024,-0.09516949599807745,0.8500000000000001,0.95,A (no rain flag)
total,over,0.48571628739528894,1.87,1.95,0.0,0.0,2024,-0.09171054257080968,-1.0,-1.0,A (no rain flag)
total,over,0.4940977538771621,1.85,1.9,1.0,0.0,2024,-0.08591915532725003,0.8500000000000001,0.8999999999999999,A (no rain flag)
total,over,0.46690445619518794,1.87,1.9,1.0,0.0,2024,-0.12688866691499845,0.8700000000000001,0.8999999999999999,A (no rain flag)
total,over,0.45139248366707146,1.87,1.9,0.0,0.0,2024,-0.15589605554257635,-1.0,-1.0,A (no rain flag)
total,over,0.39602516402162413,1.87,1.95,0.0,-1.0,2024,-0.2594329432795628,-1.0,-1.0,A (no rain flag)
total,over,0.4707760683619945,1.9,1.95,0.0,-1.0,2024,-0.10552547011221047,-1.0,-1.0,A (no rain flag)
total,over,0.38423416911773917,1.87,1.95,0.0,-2.0,2024,-0.28148210374982774,-1.0,-1.0,A (no rain flag)
total,over,0.4211524585452351,1.9,1.8,0.0,0.0,2024,-0.19981032876405336,-1.0,-1.0,A (no rain flag)
total,over,0.45683667463943817,1.85,1.8,0.0,0.0,2024,-0.15485215191703938,-1.0,-1.0,A (no rain flag)
total,over,0.45903415637327094,1.87,1.95,0.0,0.0,2024,-0.14160612758198332,-1.0,-1.0,A (no rain flag)
total,over,0.45397055261384306,1.85,1.9,0.0,1.0,2024,-0.16015447766439028,-1.0,-1.0,A (no rain flag)
total,over,0.42915238346486195,1.8,1.95,1.0,1.0,2024,-0.22752570976324848,0.8,0.95,A (no rain flag)
total,over,0.405822270616613,1.9,1.9,0.0,0.0,2024,-0.22893768582843532,-1.0,-1.0,A (no rain flag)
total,over,0.3502576087163406,1.9,1.95,1.0,0.0,2024,-0.3345105434389529,0.8999999999999999,0.95,A (no rain flag)
total,over,0.42430329111524573,1.87,1.9,0.0,0.0,2024,-0.2065528456144904,-1.0,-1.0,A (no rain flag)
total,over,0.484947380885468,1.87,1.95,1.0,2.0,2024,-0.09314839774417472,0.8700000000000001,0.95,A (no rain flag)
total,over,0.461849815351946,1.87,1.85,1.0,0.0,2024,-0.13634084529186086,0.8700000000000001,0.8500000000000001,A (no rain flag)
total,over,0.4286194894145221,1.87,1.9,0.0,1.0,2024,-0.19848155479484364,-1.0,-1.0,A (no rain flag)
total,over,0.4372940108645625,1.87,1.95,1.0,1.0,2024,-0.18226019968326812,0.8700000000000001,0.95,A (no rain flag)
total,over,0.44790695020003785,1.87,1.9,1.0,1.0,2024,-0.16241400312592913,0.8700000000000001,0.8999999999999999,A (no rain flag)
total,over,0.4888598704944056,1.87,1.95,0.0,0.0,2024,-0.08583204217546148,-1.0,-1.0,A (no rain flag)
total,over,0.4326855604016375,1.87,1.85,1.0,0.0,2024,-0.1908780020489378,0.8700000000000001,0.8500000000000001,A (no rain flag)
total,over,0.450243791635167,1.87,1.9,0.0,1.0,2024,-0.1580441096422377,-1.0,-1.0,A (no rain flag)
total,over,0.528886368827347,1.87,1.9,0.0,-1.0,2024,-0.010982490292861136,-1.0,-1.0,A (no rain flag)
total,over,0.474100994243774,1.87,1.9,1.0,0.0,2024,-0.11343114076414262,0.8700000000000001,0.8999999999999999,A (no rain flag)
total,over,0.4091513901648367,1.87,1.8,0.0,0.0,2024,-0.2348869003917553,-1.0,-1.0,A (no rain flag)
total,over,0.48144619969415875,1.9,1.9,0.0,0.0,2024,-0.08525222058109838,-1.0,-1.0,A (no rain flag)
total,over,0.4336109589332982,1.9,1.9,0.0,0.0,2024,-0.1761391780267334,-1.0,-1.0,A (no rain flag)
total,over,0.3830583236149693,1.87,1.9,0.0,0.0,2024,-0.28368093484000745,-1.0,-1.0,A (no rain flag)
total,over,0.41166654704781835,1.87,1.9,1.0,0.0,2024,-0.2301835570205797,0.8700000000000001,0.8999999999999999,A (no rain flag)
total,over,0.4208688310054417,1.87,1.9,1.0,0.0,2024,-0.21297528601982396,0.8700000000000001,0.8999999999999999,A (no rain flag)
total,over,0.3884607697971181,1.87,1.95,1.0,0.0,2024,-0.2735783604793891,0.8700000000000001,0.95,A (no rain flag)
total,over,0.4419552272953665,1.87,1.85,1.0,0.0,2024,-0.17354372495766457,0.8700000000000001,0.8500000000000001,A (no rain flag)
total,over,0.37910849548838876,1.87,1.9,0.0,0.0,2024,-0.291067113436713,-1.0,-1.0,A (no rain flag)
total,over,0.4117887430686451,1.87,1.85,0.0,0.0,2024,-0.22995505046163367,-1.0,-1.0,A (no rain flag)
total,over,0.4342424091838816,1.87,1.85,1.0,0.0,2024,-0.18796669482614137,0.8700000000000001,0.8500000000000001,A (no rain flag)
total,over,0.4210898425073065,1.85,1.95,1.0,2.0,2024,-0.22098379136148294,0.8500000000000001,0.95,A (no rain flag)
total,over,0.4500276930323594,1.8,1.9,1.0,1.0,2024,-0.18995015254175307,0.8,0.8999999999999999,A (no rain flag)
total,over,0.3659791695501424,1.9,1.95,1.0,0.0,2024,-0.3046395778547294,0.8999999999999999,0.95,A (no rain flag)
total,over,0.38792233958070754,1.87,1.85,0.0,1.0,2024,-0.2745852249840769,-1.0,-1.0,A (no rain flag)
total,over,0.4192042154448164,1.85,1.8,0.0,2.0,2024,-0.22447220142708968,-1.0,-1.0,A (no rain flag)
total,over,0.3749585417847606,1.95,1.85,0.0,-1.0,2024,-0.26883084351971676,-1.0,-1.0,A (no rain flag)
total,over,0.3960397749818471,1.87,1.95,0.0,1.0,2024,-0.2594056207839458,-1.0,-1.0,A (no rain flag)
total,over,0.396143455707422,1.87,1.8,0.0,0.0,2024,-0.2592117378271208,-1.0,-1.0,A (no rain flag)
total,over,0.3859325449184339,1.87,1.9,0.0,0.0,2024,-0.2783061410025286,-1.0,-1.0,A (no rain flag)
total,over,0.4415183502712522,1.87,1.85,1.0,0.0,2024,-0.17436068499275836,0.8700000000000001,0.8500000000000001,A (no rain flag)
total,over,0.4242915127242928,1.87,1.85,1.0,0.0,2024,-0.2065748712055725,0.8700000000000001,0.8500000000000001,A (no rain flag)
total,over,0.40056884086011635,1.87,1.9,1.0,1.0,2024,-0.2509362675915824,0.8700000000000001,0.8999999999999999,A (no rain flag)
total,over,0.4202236892779831,1.87,1.95,0.0,0.0,2024,-0.21418170105017154,-1.0,-1.0,A (no rain flag)
total,over,0.3796844046533608,1.85,1.85,1.0,0.0,2024,-0.2975838513912825,0.8500000000000001,0.8500000000000001,A (no rain flag)
total,over,0.3784476588361344,1.95,1.87,1.0,-1.0,2024,-0.2620270652695379,0.95,0.8700000000000001,A (no rain flag)
total,over,0.49099795985075734,1.87,1.8,1.0,0.0,2024,-0.08183381507908372,0.8700000000000001,0.8,A (no rain flag)
total,over,0.34434878077524317,1.87,2.0,0.0,2.0,2024,-0.35606777995029526,-1.0,-1.0,A (no rain flag)
total,over,0.3834727503941433,1.95,2.0,0.0,0.0,2024,-0.2522281367314205,-1.0,-1.0,A (no rain flag)
total,over,0.38948604473836745,1.87,1.85,0.0,0.0,2024,-0.27166109633925284,-1.0,-1.0,A (no rain flag)
total,over,0.4066939297359375,1.87,1.8,0.0,1.0,2024,-0.2394823513937968,-1.0,-1.0,A (no rain flag)
total,over,0.3760394418511969,1.87,1.85,0.0,0.0,2024,-0.2968062437382617,-1.0,-1.0,A (no rain flag)
total,over,0.3658555739676102,1.85,1.95,0.0,1.0,2024,-0.32316718815992107,-1.0,-1.0,A (no rain flag)
total,over,0.38336515594441495,1.9,1.85,0.0,1.0,2024,-0.2716062037056116,-1.0,-1.0,A (no rain flag)
total,over,0.38009169814842425,1.9,1.9,1.0,1.0,2024,-0.277825773517994,0.8999999999999999,0.8999999999999999,A (no rain flag)
total,over,0.48319073540726504,1.85,1.8,1.0,0.0,2024,-0.10609713949655963,0.8500000000000001,0.8,A (no rain flag)
total,over,0.38400337410393603,1.85,1.85,1.0,0.0,2024,-0.28959375790771835,0.8500000000000001,0.8500000000000001,A (no rain flag)
total,over,0.46231356666623774,1.85,1.95,0.0,0.0,2024,-0.14471990166746018,-1.0,-1.0,A (no rain flag)
total,over,0.35877484409766996,1.87,1.85,1.0,1.0,2024,-0.32909104153735713,0.8700000000000001,0.8500000000000001,A (no rain flag)
total,over,0.4115122350742491,1.87,1.9,1.0,0.0,2024,-0.23047212041115417,0.8700000000000001,0.8999999999999999,A (no rain flag)
total,over,0.3654622943406681,1.87,1.9,1.0,0.0,2024,-0.3165855095829506,0.8700000000000001,0.8999999999999999,A (no rain flag)
total,over,0.43590245907300945,1.87,1.9,1.0,0.0,2024,-0.18486240153347233,0.8700000000000001,0.8999999999999999,A (no rain flag)
total,over,0.3650454950634924,1.87,1.9,1.0,0.0,2024,-0.31736492423126916,0.8700000000000001,0.8999999999999999,A (no rain flag)
total,over,0.4553824410784514,1.8,1.9,1.0,1.0,2024,-0.1803116060587875,0.8,0.8999999999999999,A (no rain flag)
total,over,0.37577420929744976,1.87,1.8,0.0,1.0,2024,-0.29730222861376887,-1.0,-1.0,A (no rain flag)
total,over,0.3833207038855505,1.9,1.8,1.0,0.0,2024,-0.2716906626174541,0.8999999999999999,0.8,A (no rain flag)
total,over,0.4163862037500482,1.8,1.8,0.0,2.0,2024,-0.25050483324991324,-1.0,-1.0,A (no rain flag)
total,over,0.3893320669095026,1.87,1.9,1.0,1.0,2024,-0.27194903487923006,0.8700000000000001,0.8999999999999999,A (no rain flag)
total,over,0.3761552924447916,1.9,1.85,0.0,2.0,2024,-0.28530494435489595,-1.0,-1.0,A (no rain flag)
total,over,0.35715233842549055,1.87,1.85,0.0,2.0,2024,-0.3321251271443326,-1.0,-1.0,A (no rain flag)
total,over,0.3866046337466291,1.87,1.85,1.0,3.0,2024,-0.27704933489380346,0.8700000000000001,0.8500000000000001,A (no rain flag)
total,over,0.4178976643397284,1.9,1.85,1.0,2.0,2024,-0.2059944377545161,0.8999999999999999,0.8500000000000001,A (no rain flag)
total,over,0.38181195612283936,1.87,1.9,1.0,0.0,2024,-0.2860116420502904,0.8700000000000001,0.8999999999999999,A (no rain flag)
total,over,0.3776179107833587,1.87,1.8,0.0,3.0,2024,-0.29385450683511916,-1.0,-1.0,A (no rain flag)
total,over,0.4415384267790174,1.87,1.85,1.0,2.0,2024,-0.1743231419232374,0.8700000000000001,0.8500000000000001,A (no rain flag)
total,over,0.3468701958752549,1.9,1.85,0.0,3.0,2024,-0.3409466278370157,-1.0,-1.0,A (no rain flag)
total,over,0.40281062549894653,1.87,1.95,1.0,3.0,2024,-0.24674413031696996,0.8700000000000001,0.95,A (no rain flag)
total,over,0.3701287982079555,1.9,1.85,0.0,-2.0,2024,-0.29675528340488455,-1.0,-1.0,A (no rain flag)
total,over,0.5342404621079206,1.87,1.85,0.0,0.0,2024,-0.000970335858188287,-1.0,-1.0,A (no rain flag)
total,over,0.4623320407959296,1.87,1.85,1.0,0.0,2024,-0.13543908371161162,0.8700000000000001,0.8500000000000001,A (no rain flag)
total,over,0.5073527511908105,1.8,1.8,1.0,1.0,2024,-0.08676504785654116,0.8,0.8,A (no rain flag)
total,over,0.5041346259188114,1.85,1.9,1.0,1.0,2024,-0.06735094205019887,0.8500000000000001,0.8999999999999999,A (no rain flag)
total,over,0.4984878917619347,1.9,1.85,0.0,1.0,2024,-0.05287300565232411,-1.0,-1.0,A (no rain flag)
total,over,0.49409193277591346,1.9,1.9,1.0,0.0,2024,-0.0612253277257645,0.8999999999999999,0.8999999999999999,A (no rain flag)
total,over,0.49069074826955017,1.9,1.85,1.0,0.0,2024,-0.06768757828785477,0.8999999999999999,0.8500000000000001,A (no rain flag)
total,over,0.4955084113174474,1.9,1.8,0.0,0.0,2024,-0.05853401849685003,-1.0,-1.0,A (no rain flag)
total,over,0.5672032854268654,1.85,1.85,0.0,1.0,2024,0.049326078039700905,-1.0,-1.0,A (no rain flag)
total,over,0.5630790139061831,1.9,1.8,0.0,0.0,2025,0.06985012642174793,-1.0,-1.0,A (no rain flag)
total,over,0.5488583474926065,1.95,2.0,1.0,0.0,2025,0.07027377761058262,0.95,1.0,A (no rain flag)
total,over,0.5716967434367065,1.85,1.85,1.0,1.0,2025,0.057638975357907185,0.8500000000000001,0.8500000000000001,A (no rain flag)
total,over,0.5447404860704844,1.9,1.85,0.0,-15.0,2025,0.03500692353392032,-1.0,-1.0,A (no rain flag)
total,over,0.513646864071617,1.9,1.9,0.0,0.0,2025,-0.0240709582639278,-1.0,-1.0,A (no rain flag)
total,over,0.6067663269321556,1.9,1.85,1.0,0.0,2025,0.15285602117109565,0.8999999999999999,0.8500000000000001,A (no rain flag)
total,over,0.5248216216788254,1.95,1.9,1.0,2.0,2025,0.023402162273709504,0.95,0.8999999999999999,A (no rain flag)
total,over,0.5022422027163784,1.9,1.9,1.0,5.0,2025,-0.04573981483888101,0.8999999999999999,0.8999999999999999,A (no rain flag)
total,over,0.43458360084641834,1.9,2.0,0.0,0.0,2025,-0.1742911583918052,-1.0,-1.0,A (no rain flag)
total,over,0.47583138390885976,1.87,1.85,1.0,0.0,2025,-0.11019531209043221,0.8700000000000001,0.8500000000000001,A (no rain flag)
total,over,0.39762124018037037,1.8,1.85,1.0,1.0,2025,-0.2842817676753333,0.8,0.8500000000000001,A (no rain flag)
total,over,0.38262663237267963,1.8,1.8,0.0,0.0,2025,-0.31127206172917665,-1.0,-1.0,A (no rain flag)
total,over,0.4457399576417948,1.87,1.9,0.0,0.0,2025,-0.1664662792098437,-1.0,-1.0,A (no rain flag)
total,over,0.45807446253264356,1.87,1.9,1.0,0.0,2025,-0.14340075506395655,0.8700000000000001,0.8999999999999999,A (no rain flag)
total,over,0.46226719021408524,1.8,1.8,0.0,2.0,2025,-0.16791905761464654,-1.0,-1.0,A (no rain flag)
total,over,0.47650947658951637,1.85,1.85,1.0,2.0,2025,-0.11845746830939463,0.8500000000000001,0.8500000000000001,A (no rain flag)
total,over,0.5017395859838719,1.87,1.95,1.0,-2.0,2025,-0.06174697421015951,0.8700000000000001,0.95,A (no rain flag)
total,over,0.47566547457733727,1.87,1.95,0.0,2.0,2025,-0.11050556254037924,-1.0,-1.0,A (no rain flag)
total,over,0.37996146010359416,1.9,1.85,0.0,1.0,2025,-0.2780732258031712,-1.0,-1.0,A (no rain flag)
total,over,0.40022059138534993,1.87,1.95,0.0,6.0,2025,-0.2515874941093956,-1.0,-1.0,A (no rain flag)
total,over,0.4357557612925004,1.87,1.8,1.0,0.0,2025,-0.18513672638302425,0.8700000000000001,0.8,A (no rain flag)
total,over,0.40509552535743315,1.9,1.9,0.0,0.0,2025,-0.2303185018208771,-1.0,-1.0,A (no rain flag)
total,over,0.5001192064480983,1.85,1.9,0.0,2.0,2025,-0.0747794680710182,-1.0,-1.0,A (no rain flag)
total,over,0.4435317928594501,1.85,1.95,1.0,2.0,2025,-0.17946618321001728,0.8500000000000001,0.95,A (no rain flag)
total,over,0.46053499732954706,1.87,1.95,0.0,-1.0,2025,-0.13879955499374697,-1.0,-1.0,A (no rain flag)
total,over,0.4272895215385427,1.9,1.95,0.0,0.0,2025,-0.18814990907676887,-1.0,-1.0,A (no rain flag)
total,over,0.4648226516949252,1.87,1.9,0.0,-1.0,2025,-0.13078164133048986,-1.0,-1.0,A (no rain flag)
total,over,0.489063655216276,1.87,1.8,0.0,-4.0,2025,-0.0854509647455639,-1.0,-1.0,A (no rain flag)
total,over,0.4943784122494902,1.87,1.95,1.0,-1.0,2025,-0.07551236909345327,0.8700000000000001,0.95,A (no rain flag)
total,over,0.4566662808981965,1.87,1.95,0.0,-2.0,2025,-0.14603405472037245,-1.0,-1.0,A (no rain flag)
total,over,0.3359996380374963,1.87,1.95,0.0,-1.0,2025,-0.37168067686988193,-1.0,-1.0,A (no rain flag)
total,over,0.4306056376771689,1.95,1.95,1.0,-2.0,2025,-0.16031900652952058,0.95,0.95,A (no rain flag)
total,over,0.4962819442690895,1.87,1.9,0.0,0.0,2025,-0.07195276421680252,-1.0,-1.0,A (no rain flag)
total,over,0.42910161979006434,1.8,1.85,0.0,0.0,2025,-0.2276170843778842,-1.0,-1.0,A (no rain flag)
total,over,0.46212568074722926,1.87,1.95,0.0,0.0,2025,-0.13582497700268126,-1.0,-1.0,A (no rain flag)
total,over,0.4602146510138344,1.87,1.95,0.0,0.0,2025,-0.13939860260412962,-1.0,-1.0,A (no rain flag)
total,over,0.3656737479635803,1.87,1.95,0.0,0.0,2025,-0.3161900913081047,-1.0,-1.0,A (no rain flag)
total,over,0.3617713069316315,1.95,1.95,1.0,0.0,2025,-0.2945459514833185,0.95,0.95,A (no rain flag)
total,over,0.4907491991568039,1.95,1.8,1.0,0.0,2025,-0.043039061644232435,0.95,0.8,A (no rain flag)
total,over,0.4512129426415754,1.87,2.0,0.0,0.0,2025,-0.15623179726025394,-1.0,-1.0,A (no rain flag)
total,over,0.46724230833004343,1.9,1.95,0.0,0.0,2025,-0.1122396141729175,-1.0,-1.0,A (no rain flag)
total,over,0.44448432809930055,1.87,1.85,1.0,-1.0,2025,-0.16881430645430795,0.8700000000000001,0.8500000000000001,A (no rain flag)
total,over,0.42433389853973585,1.95,1.95,0.0,0.0,2025,-0.17254889784751515,-1.0,-1.0,A (no rain flag)
total,over,0.4396203297751489,1.87,1.85,0.0,0.0,2025,-0.17790998332047148,-1.0,-1.0,A (no rain flag)
total,over,0.43628265166868485,1.85,1.85,0.0,0.0,2025,-0.192877094412933,-1.0,-1.0,A (no rain flag)
total,over,0.5080762435884313,1.87,1.9,1.0,0.0,2025,-0.04989742448963341,0.8700000000000001,0.8999999999999999,A (no rain flag)
total,over,0.38126879029399074,1.87,1.9,1.0,2.0,2025,-0.2870273621502373,0.8700000000000001,0.8999999999999999,A (no rain flag)
total,over,0.4734536511560039,1.87,1.9,0.0,0.0,2025,-0.1146416723382726,-1.0,-1.0,A (no rain flag)
total,over,0.47281957051699686,1.9,1.86,0.0,-20.0,2025,-0.10164281601770597,-1.0,-1.0,A (no rain flag)
total,over,0.449727827983658,1.87,1.9,0.0,0.0,2025,-0.15900896167055945,-1.0,-1.0,A (no rain flag)
total,over,0.4526435439746891,1.87,1.9,1.0,0.0,2025,-0.15355657276733137,0.8700000000000001,0.8999999999999999,A (no rain flag)
total,over,0.5108763647436158,1.85,1.9,0.0,0.0,2025,-0.05487872522431081,-1.0,-1.0,A (no rain flag)
total,over,0.504513414391672,1.9,1.9,1.0,0.0,2025,-0.041424512655823365,0.8999999999999999,0.8999999999999999,A (no rain flag)
total,over,0.4525744114536639,1.87,2.0,0.0,1.0,2025,-0.15368585058164852,-1.0,-1.0,A (no rain flag)
total,over,0.5063681887834504,1.9,1.95,1.0,0.0,2025,-0.03790044131144432,0.8999999999999999,0.95,A (no rain flag)
total,over,0.46186756809389257,1.85,1.85,1.0,0.0,2025,-0.1455449990262987,0.8500000000000001,0.8500000000000001,A (no rain flag)
total,over,0.5410240472526477,1.95,1.9,1.0,-2.0,2025,0.05499689214266312,0.95,0.8999999999999999,A (no rain flag)
total,over,0.5004921953456155,1.85,1.95,1.0,0.0,2025,-0.07408943861061124,0.8500000000000001,0.95,A (no rain flag)
total,over,0.43666239387687,1.95,1.9,0.0,-2.0,2025,-0.1485083319401035,-1.0,-1.0,A (no rain flag)
total,over,0.42728588646668686,1.87,1.9,0.0,-2.0,2025,-0.20097539230729555,-1.0,-1.0,A (no rain flag)
total,over,0.4370197561921201,1.87,1.8,1.0,0.0,2025,-0.18277305592073545,0.8700000000000001,0.8,A (no rain flag)
total,over,0.4868344783737366,1.87,1.95,0.0,0.0,2025,-0.08961952544111251,-1.0,-1.0,A (no rain flag)
total,over,0.4601270036483044,1.87,1.85,1.0,1.0,2025,-0.13956250317767072,0.8700000000000001,0.8500000000000001,A (no rain flag)
total,over,0.49904623695110667,1.87,1.11,0.0,-21.0,2025,-0.06678353690143046,-1.0,-1.0,A (no rain flag)
total,over,0.4683299346514387,1.87,1.85,0.0,0.0,2025,-0.12422302220180959,-1.0,-1.0,A (no rain flag)
total,over,0.4782131101811422,1.87,1.9,1.0,0.0,2025,-0.10574148396126404,0.8700000000000001,0.8999999999999999,A (no rain flag)
total,over,0.43123187478468866,1.87,2.0,0.0,0.0,2025,-0.1935963941526322,-1.0,-1.0,A (no rain flag)
total,over,0.4764318390484916,1.87,1.9,1.0,-3.0,2025,-0.10907246097932066,0.8700000000000001,0.8999999999999999,A (no rain flag)
total,over,0.48499829035036673,1.9,1.9,1.0,-2.0,2025,-0.07850324833430322,0.8999999999999999,0.8999999999999999,A (no rain flag)
total,over,0.4959424418191778,1.87,1.9,1.0,1.0,2025,-0.07258763379813749,0.8700000000000001,0.8999999999999999,A (no rain flag)
total,over,0.5127846584381317,1.87,1.85,0.0,1.0,2025,-0.041092688720693715,-1.0,-1.0,A (no rain flag)
total,over,0.5144210101447225,1.9,1.9,0.0,1.0,2025,-0.022600080725027283,-1.0,-1.0,A (no rain flag)
total,over,0.4658798641788126,1.87,1.85,0.0,0.0,2025,-0.12880465398562035,-1.0,-1.0,A (no rain flag)
total,over,0.41951813457415,1.8,1.95,0.0,0.0,2025,-0.24486735776653,-1.0,-1.0,A (no rain flag)
total,over,0.46147988643022503,1.87,1.95,0.0,0.0,2025,-0.13703261237547915,-1.0,-1.0,A (no rain flag)
total,over,0.4873873006154231,1.95,1.85,1.0,-2.0,2025,-0.04959476379992489,0.95,0.8500000000000001,A (no rain flag)
total,over,0.47983771503191874,1.87,1.9,0.0,0.0,2025,-0.1027034728903119,-1.0,-1.0,A (no rain flag)
total,over,0.41001032142190175,1.87,1.9,1.0,2.0,2025,-0.23328069894104364,0.8700000000000001,0.8999999999999999,A (no rain flag)
total,over,0.43433829919156147,1.87,1.87,0.0,0.0,2025,-0.18778738051178,-1.0,-1.0,A (no rain flag)
total,over,0.4373005584340891,1.9,1.95,0.0,-1.0,2025,-0.16912893897523074,-1.0,-1.0,A (no rain flag)
total,over,0.5261323725257471,1.87,1.95,1.0,1.0,2025,-0.016132463376852924,0.8700000000000001,0.95,A (no rain flag)
total,over,0.4457305837455234,1.9,1.9,0.0,0.0,2025,-0.15311189088350563,-1.0,-1.0,A (no rain flag)
total,over,0.4491513355336011,1.87,1.85,0.0,1.0,2025,-0.1600870025521659,-1.0,-1.0,A (no rain flag)
total,over,0.507349955131081,1.95,2.0,1.0,0.0,2025,-0.010667587494392006,0.95,1.0,A (no rain flag)
total,over,0.3969511447640757,1.95,1.9,1.0,0.0,2025,-0.2259452677100523,0.95,0.8999999999999999,A (no rain flag)
total,over,0.47175674148116103,1.9,1.95,1.0,0.0,2025,-0.10366219118579412,0.8999999999999999,0.95,A (no rain flag)
total,over,0.4733365953540823,1.9,2.0,0.0,0.0,2025,-0.10066046882724367,-1.0,-1.0,A (no rain flag)
total,over,0.5502568643228307,1.87,2.25,1.0,0.0,2025,0.028980336283693564,0.8700000000000001,1.25,A (no rain flag)
total,over,0.5187174626427431,1.9,1.85,0.0,-3.0,2025,-0.014436820978788178,-1.0,-1.0,A (no rain flag)
total,over,0.4942465874589695,1.85,1.85,0.0,-1.0,2025,-0.08564381320090642,-1.0,-1.0,A (no rain flag)
total,over,0.5714728422942524,1.87,1.8,1.0,0.0,2025,0.06865421509025205,0.8700000000000001,0.8,A (no rain flag)
total,over,0.5554652927986264,1.85,1.9,0.0,2.0,2025,0.027610791677459057,-1.0,-1.0,A (no rain flag)
total,over,0.48574632981049765,1.91,2.0,0.0,0.0,2025,-0.07222451006194952,-1.0,-1.0,A (no rain flag)
total,over,0.5424445414167364,1.87,2.0,0.0,-1.0,2025,0.014371292449297135,-1.0,-1.0,A (no rain flag)
total,over,0.45139794345249334,1.85,1.95,1.0,0.0,2025,-0.1649138046128873,0.8500000000000001,0.95,A (no rain flag)
total,over,0.4972846620459006,1.87,1.95,0.0,0.0,2025,-0.07007768197416586,-1.0,-1.0,A (no rain flag)
total,over,0.45548066610314175,1.81,1.8,1.0,0.0,2025,-0.1755799943533134,0.81,0.8,A (no rain flag)
total,over,0.5100848463632848,1.87,1.9,0.0,0.0,2025,-0.04614133730065739,-1.0,-1.0,A (no rain flag)
total,over,0.5580238002579125,1.87,1.85,1.0,1.0,2025,0.043504506482296534,0.8700000000000001,0.8500000000000001,A (no rain flag)
total,over,0.4617718614232516,1.9,2.0,1.0,-1.0,2025,-0.12263346329582203,0.8999999999999999,1.0,A (no rain flag)
total,over,0.4455259381428148,1.87,1.9,1.0,0.0,2025,-0.1668664956729362,0.8700000000000001,0.8999999999999999,A (no rain flag)
total,over,0.458543786673453,1.87,1.85,1.0,0.0,2025,-0.14252311892064284,0.8700000000000001,0.8500000000000001,A (no rain flag)
total,over,0.4836461121246218,1.9,1.9,1.0,0.0,2025,-0.08107238696321872,0.8999999999999999,0.8999999999999999,A (no rain flag)
total,over,0.43331015047983834,1.9,1.9,1.0,0.0,2025,-0.17671071408830719,0.8999999999999999,0.8999999999999999,A (no rain flag)
total,over,0.4516889845042371,1.85,2.0,1.0,0.0,2025,-0.16437537866716134,0.8500000000000001,1.0,A (no rain flag)
total,over,0.5187147706316138,1.9,1.9,0.0,0.0,2025,-0.014441935799933914,-1.0,-1.0,A (no rain flag)
total,over,0.4578465712248772,1.87,1.9,0.0,-1.0,2025,-0.1438269118094796,-1.0,-1.0,A (no rain flag)
total,over,0.4732428076454013,1.9,1.95,1.0,0.0,2025,-0.10083866547373765,0.8999999999999999,0.95,A (no rain flag)
total,over,0.4985821418824172,1.87,1.95,0.0,0.0,2025,-0.0676513946798798,-1.0,-1.0,A (no rain flag)
total,over,0.5505774401735143,1.85,1.8,0.0,0.0,2025,0.01856826432100145,-1.0,-1.0,A (no rain flag)
total,over,0.500030106902078,1.87,1.95,1.0,1.0,2025,-0.06494370009311401,0.8700000000000001,0.95,A (no rain flag)
total,over,0.5024326003004203,1.95,2.0,0.0,-1.0,2025,-0.020256429414180488,-1.0,-1.0,A (no rain flag)
total,over,0.5422450119132146,1.87,1.85,0.0,0.0,2025,0.013998172277711385,-1.0,-1.0,A (no rain flag)
total,over,0.48037948296436894,1.87,1.9,1.0,0.0,2025,-0.10169036685663002,0.8700000000000001,0.8999999999999999,A (no rain flag)
total,over,0.4241944907018605,1.87,1.9,0.0,-1.0,2025,-0.20675630238752085,-1.0,-1.0,A (no rain flag)
total,over,0.5140278157667776,1.9,1.95,1.0,0.0,2025,-0.0233471500431226,0.8999999999999999,0.95,A (no rain flag)
total,over,0.46656484649947716,1.87,1.9,1.0,0.0,2025,-0.12752373704597764,0.8700000000000001,0.8999999999999999,A (no rain flag)
total,over,0.5065875809540811,1.87,1.85,1.0,1.0,2025,-0.052681223615868356,0.8700000000000001,0.8500000000000001,A (no rain flag)
total,over,0.4957489388468192,1.9,1.9,1.0,-1.0,2025,-0.05807701619104355,0.8999999999999999,0.8999999999999999,A (no rain flag)
total,over,0.5280293761337316,1.9,1.95,0.0,0.0,2025,0.0032558146540899724,-1.0,-1.0,A (no rain flag)
total,over,0.42224382489312523,1.9,1.85,0.0,0.0,2025,-0.19773673270306213,-1.0,-1.0,A (no rain flag)
total,over,0.48595897605453153,1.9,2.0,0.0,0.0,2025,-0.07667794549639018,-1.0,-1.0,A (no rain flag)
total,over,0.4503897730179226,1.9,1.85,0.0,0.0,2025,-0.1442594312659471,-1.0,-1.0,A (no rain flag)
total,over,0.4773125609288267,1.87,1.85,1.0,0.0,2025,-0.10742551106309406,0.8700000000000001,0.8500000000000001,A (no rain flag)
total,over,0.4492209064781979,1.87,1.85,1.0,0.0,2025,-0.15995690488576986,0.8700000000000001,0.8500000000000001,A (no rain flag)
total,over,0.491358414741274,1.85,1.95,0.0,1.0,2025,-0.090986932728643,-1.0,-1.0,A (no rain flag)
total,over,0.47356995077742875,1.87,1.9,1.0,0.0,2025,-0.11442419204620824,0.8700000000000001,0.8999999999999999,A (no rain flag)
total,over,0.5222330249510334,1.87,1.9,0.0,0.0,2025,-0.023424243341567452,-1.0,-1.0,A (no rain flag)
total,over,0.46355139426213093,1.95,1.9,1.0,-1.0,2025,-0.09607478118884472,0.95,0.8999999999999999,A (no rain flag)
total,over,0.5678786417722055,1.8,1.9,0.0,2.0,2025,0.022181555189970004,-1.0,-1.0,A (no rain flag)
total,over,0.4621580500441239,1.85,1.9,1.0,2.0,2025,-0.1450076074183707,0.8500000000000001,0.8999999999999999,A (no rain flag)
total,over,0.4782814712214608,1.87,1.8,0.0,1.0,2025,-0.10561364881586821,-1.0,-1.0,A (no rain flag)
total,over,0.5457631155633351,1.9,1.9,0.0,2.0,2025,0.036949919570336665,-1.0,-1.0,A (no rain flag)
total,over,0.5074196709298072,1.87,1.85,0.0,-1.0,2025,-0.05112521536126047,-1.0,-1.0,A (no rain flag)
total,over,0.5437288636149499,1.87,1.85,1.0,0.0,2025,0.016772974959956333,0.8700000000000001,0.8500000000000001,A (no rain flag)
total,over,0.5021652975103797,1.95,1.85,0.0,-1.0,2025,-0.020777669854759484,-1.0,-1.0,A (no rain flag)
total,over,0.4717161552719431,1.87,1.9,1.0,0.0,2025,-0.11789078964146638,0.8700000000000001,0.8999999999999999,A (no rain flag)
total,over,0.5468946297175411,1.87,1.9,0.0,0.0,2025,0.022692957571802008,-1.0,-1.0,A (no rain flag)
total,over,0.5386025954158175,1.85,1.95,0.0,1.0,2025,-0.0035851984807376835,-1.0,-1.0,A (no rain flag)
total,over,0.48059352608566713,1.87,1.85,1.0,1.0,2025,-0.10129010621980239,0.8700000000000001,0.8500000000000001,A (no rain flag)
total,over,0.5036032679833746,1.87,1.95,1.0,0.0,2025,-0.05826188887108941,0.8700000000000001,0.95,A (no rain flag)
total,over,0.44949708834605134,1.87,1.95,0.0,-1.0,2025,-0.159440444792884,-1.0,-1.0,A (no rain flag)
total,over,0.4486958537099317,1.87,1.85,1.0,1.0,2025,-0.1609387535624277,0.8700000000000001,0.8500000000000001,A (no rain flag)
total,over,0.4789665610543341,1.87,1.9,0.0,0.0,2025,-0.10433253082839522,-1.0,-1.0,A (no rain flag)
total,over,0.4573972622973762,1.87,1.85,0.0,0.0,2025,-0.14466711950390643,-1.0,-1.0,A (no rain flag)
total,over,0.4890166359251495,1.8,1.85,0.0,2.0,2025,-0.11977005533473095,-1.0,-1.0,A (no rain flag)
total,over,0.4744286178901867,1.9,1.95,0.0,0.0,2025,-0.09858562600864529,-1.0,-1.0,A (no rain flag)
total,over,0.5455049728067511,1.9,1.95,1.0,0.0,2025,0.036459448332827105,0.8999999999999999,0.95,A (no rain flag)
total,over,0.4819608689319111,1.87,1.85,1.0,0.0,2025,-0.09873317509732626,0.8700000000000001,0.8500000000000001,A (no rain flag)
total,over,0.43654944506450866,1.87,1.9,0.0,2.0,2025,-0.18365253772936874,-1.0,-1.0,A (no rain flag)
total,over,0.42946636788355463,1.9,1.9,0.0,0.0,2025,-0.18401390102124626,-1.0,-1.0,A (no rain flag)
total,over,0.4022595196083303,1.87,1.95,0.0,0.0,2025,-0.24777469833242227,-1.0,-1.0,A (no rain flag)
total,over,0.48721736813387034,1.9,1.95,0.0,0.0,2025,-0.07428700054564641,-1.0,-1.0,A (no rain flag)
total,over,0.4459299154870898,1.87,1.95,1.0,0.0,2025,-0.16611105803914195,0.8700000000000001,0.95,A (no rain flag)
total,over,0.4658606656735813,1.85,1.8,1.0,0.0,2025,-0.1381577685038745,0.8500000000000001,0.8,A (no rain flag)
total,over,0.5217434843315905,1.87,1.95,0.0,-1.0,2025,-0.024339684299925834,-1.0,-1.0,A (no rain flag)
total,over,0.5040311768587478,1.95,1.85,0.0,-1.0,2025,-0.01713920512544187,-1.0,-1.0,A (no rain flag)
total,over,0.40539374943847584,1.9,1.9,1.0,0.0,2025,-0.22975187606689595,0.8999999999999999,0.8999999999999999,A (no rain flag)
total,over,0.4783560956328029,1.8,1.95,1.0,0.0,2025,-0.1389590278609547,0.8,0.95,A (no rain flag)
total,over,0.5726030364678102,1.9,1.9,0.0,-2.0,2025,0.08794576928883924,-1.0,-1.0,A (no rain flag)
total,over,0.49161839735808993,1.95,1.9,0.0,-3.0,2025,-0.0413441251517247,-1.0,-1.0,A (no rain flag)
total,over,0.507508208465073,1.95,1.9,0.0,-2.0,2025,-0.010358993493107538,-1.0,-1.0,A (no rain flag)
total,over,0.4770433641963264,1.87,1.95,0.0,-2.0,2025,-0.10792890895286955,-1.0,-1.0,A (no rain flag)
total,over,0.5110491698956826,1.87,1.95,0.0,0.0,2025,-0.04433805229507348,-1.0,-1.0,A (no rain flag)
total,over,0.5086218763668201,1.85,2.0,1.0,-1.0,2025,-0.059049528721382805,0.8500000000000001,1.0,A (no rain flag)
total,over,0.45472488942311323,1.87,1.9,0.0,0.0,2025,-0.14966445677877815,-1.0,-1.0,A (no rain flag)
total,over,0.5081863297960665,1.9,1.9,0.0,-1.0,2025,-0.03444597338747368,-1.0,-1.0,A (no rain flag)
total,over,0.523822401084347,1.85,1.95,1.0,1.0,2025,-0.030928557993958106,0.8500000000000001,0.95,A (no rain flag)
total,over,0.47087749180999594,1.87,1.9,1.0,-1.0,2025,-0.11945909031530755,0.8700000000000001,0.8999999999999999,A (no rain flag)
total,over,0.40401548096924805,1.87,1.85,0.0,-1.0,2025,-0.2444910505875061,-1.0,-1.0,A (no rain flag)
total,over,0.5005245833644099,1.87,1.95,0.0,0.0,2025,-0.0640190291085535,-1.0,-1.0,A (no rain flag)
total,over,0.5683069662304734,1.87,1.9,0.0,-1.0,2025,0.06273402685098528,-1.0,-1.0,A (no rain flag)
total,over,0.512517531291653,1.85,1.95,0.0,1.0,2025,-0.051842567110441884,-1.0,-1.0,A (no rain flag)
total,over,0.5810040977657085,1.85,1.95,1.0,1.0,2025,0.0748575808665608,0.8500000000000001,0.95,A (no rain flag)
total,over,0.39802296226977724,2.0,1.95,1.0,0.0,2025,-0.20395407546044553,1.0,0.95,A (no rain flag)
total,over,0.5013191202068431,1.87,1.9,1.0,0.0,2025,-0.06253324521320336,0.8700000000000001,0.8999999999999999,A (no rain flag)
total,over,0.4689153803935412,1.87,1.95,0.0,0.0,2025,-0.12312823866407796,-1.0,-1.0,A (no rain flag)
total,over,0.4275619688436012,1.9,1.95,0.0,0.0,2025,-0.18763225919715776,-1.0,-1.0,A (no rain flag)
total,over,0.4619769226607408,1.87,1.85,0.0,0.0,2025,-0.1361031546244147,-1.0,-1.0,A (no rain flag)
total,over,0.5839177439211061,1.9,1.95,0.0,-1.0,2025,0.1094437134501014,-1.0,-1.0,A (no rain flag)
total,over,0.5901321665053869,1.85,1.95,0.0,1.0,2025,0.09174450803496592,-1.0,-1.0,A (no rain flag)
total,over,0.5289843965997979,1.87,1.95,0.0,0.0,2025,-0.010799178358377848,-1.0,-1.0,A (no rain flag)
total,over,0.4723213336483542,1.87,1.95,1.0,0.0,2025,-0.11675910607757756,0.8700000000000001,0.95,A (no rain flag)
total,over,0.4861299187345458,1.85,1.9,1.0,0.0,2025,-0.10065965034109026,0.8500000000000001,0.8999999999999999,A (no rain flag)
total,over,0.5037682327989804,1.85,1.85,0.0,-7.0,2025,-0.06802876932188617,-1.0,-1.0,A (no rain flag)
total,over,0.5072109421903379,1.87,1.9,1.0,0.0,2025,-0.05151553810406806,0.8700000000000001,0.8999999999999999,A (no rain flag)
total,over,0.4623505847215567,1.87,1.1,1.0,-13.0,2025,-0.13540440657068886,0.8700000000000001,0.10000000000000009,A (no rain flag)
total,over,0.4915880621433552,1.87,1.93,0.0,-12.0,2025,-0.08073032379192568,-1.0,-1.0,A (no rain flag)
total,over,0.47205897863380053,1.87,1.95,1.0,-1.0,2025,-0.117249709954793,0.8700000000000001,0.95,A (no rain flag)
total,over,0.5212334735438919,1.87,1.9,1.0,0.0,2025,-0.025293404472922054,0.8700000000000001,0.8999999999999999,A (no rain flag)
total,over,0.3915330286950148,1.87,1.95,0.0,0.0,2025,-0.2678332363403223,-1.0,-1.0,A (no rain flag)
total,over,0.4580613808765273,1.85,1.95,1.0,1.0,2025,-0.15258644537842447,0.8500000000000001,0.95,A (no rain flag)
total,over,0.5074174890636116,1.8,1.85,1.0,1.0,2025,-0.08664851968549903,0.8,0.8500000000000001,A (no rain flag)
total,over,0.3832309723964898,1.8,1.8,1.0,0.0,2025,-0.3101842496863184,0.8,0.8,A (no rain flag)
total,over,0.4683534599894006,1.85,1.9,1.0,1.0,2025,-0.1335460990196089,0.8500000000000001,0.8999999999999999,A (no rain flag)
total,over,0.4786421863074647,1.87,1.95,0.0,0.0,2025,-0.10493911160504099,-1.0,-1.0,A (no rain flag)
total,over,0.43690673025823523,1.87,1.9,1.0,1.0,2025,-0.18298441441710012,0.8700000000000001,0.8999999999999999,A (no rain flag)
total,over,0.4097770317191607,1.9,1.85,0.0,0.0,2025,-0.2214236397335947,-1.0,-1.0,A (no rain flag)
total,over,0.46730142865407326,1.85,1.9,1.0,2.0,2025,-0.13549235698996442,0.8500000000000001,0.8999999999999999,A (no rain flag)
total,over,0.39962371618338954,1.85,1.8,1.0,0.0,2025,-0.26069612506072926,0.8500000000000001,0.8,A (no rain flag)
total,over,0.46737815813518147,1.9,2.0,0.0,0.0,2025,-0.11198149954315528,-1.0,-1.0,A (no rain flag)
total,over,0.4436882357504133,1.95,1.8,1.0,2.0,2025,-0.13480794028669418,0.95,0.8,A (no rain flag)
total,over,0.3737188956064127,1.8,1.8,1.0,2.0,2025,-0.3273059879084571,0.8,0.8,A (no rain flag)
total,over,0.5314232641291479,1.9,1.8,1.0,-1.0,2025,0.009704201845380789,0.8999999999999999,0.8,A (no rain flag)
total,over,0.5052235506828197,1.9,1.9,0.0,0.0,2025,-0.040075253702642755,-1.0,-1.0,A (no rain flag)
total,over,0.49806882574026445,1.9,1.95,0.0,0.0,2025,-0.05366923109349753,-1.0,-1.0,A (no rain flag)
total,over,0.5304002371168445,1.9,1.85,1.0,1.0,2025,0.0077604505220043585,0.8999999999999999,0.8500000000000001,A (no rain flag)
total,over,0.4561951219943078,1.9,1.95,0.0,-2.0,2025,-0.13322926821081527,-1.0,-1.0,A (no rain flag)
total,over,0.5420752499594395,1.9,1.95,1.0,0.0,2025,0.029942974922934962,0.8999999999999999,0.95,A (no rain flag)
total,over,0.5344203260159623,1.9,1.8,0.0,1.0,2025,0.015398619430328386,-1.0,-1.0,A (no rain flag)
total,over,0.5099216112665698,1.9,1.85,0.0,2.0,2025,-0.031148938593517528,-1.0,-1.0,A (no rain flag)
total,over,0.5811435848002786,1.9,1.85,1.0,0.0,2025,0.10417281112052934,0.8999999999999999,0.8500000000000001,A (no rain flag)
total,under,0.4197481214157458,1.91,1.952,1.0,0.0,2023,-0.1982810880959256,0.9099999999999999,0.952,A (no rain flag)
total,under,0.46229542287293024,1.91,1.87,1.0,0.0,2023,-0.11701574231270329,0.9099999999999999,0.8700000000000001,A (no rain flag)
total,under,0.4323701923169667,1.91,1.91,1.0,0.0,2023,-0.17417293267459355,0.9099999999999999,0.9099999999999999,A (no rain flag)
total,under,0.48349253848006557,1.91,1.97,1.0,0.0,2023,-0.07652925150307477,0.9099999999999999,0.97,A (no rain flag)
total,under,0.4653558537364739,1.91,1.89,1.0,0.0,2023,-0.11117031936333488,0.9099999999999999,0.8899999999999999,A (no rain flag)
total,under,0.46920309477742295,1.91,1.91,0.0,2.0,2023,-0.10382208897512224,-1.0,-1.0,A (no rain flag)
total,under,0.5575379961679039,1.91,1.97,1.0,1.0,2023,0.0648975726806964,0.9099999999999999,0.97,A (no rain flag)
total,under,0.3947173794970126,1.91,1.91,1.0,0.0,2023,-0.246089805160706,0.9099999999999999,0.9099999999999999,A (no rain flag)
total,under,0.4308001441652525,1.91,1.87,0.0,0.0,2023,-0.1771717246443678,-1.0,-1.0,A (no rain flag)
total,under,0.4415233988252605,1.97,1.89,0.0,1.0,2023,-0.13019890431423686,-1.0,-1.0,A (no rain flag)
total,under,0.5008175035306465,1.91,1.91,1.0,-1.0,2023,-0.043438568256465304,0.9099999999999999,0.9099999999999999,A (no rain flag)
total,under,0.4169109060180338,1.952,1.91,1.0,0.0,2023,-0.18618991145279795,0.952,0.9099999999999999,A (no rain flag)
total,under,0.4752679026856601,1.91,1.91,1.0,0.0,2023,-0.09223830587038928,0.9099999999999999,0.9099999999999999,A (no rain flag)
total,under,0.43587578755594936,1.91,1.952,0.0,2.0,2023,-0.16747724576813672,-1.0,-1.0,A (no rain flag)
total,under,0.4272934360995957,1.91,1.89,0.0,-2.0,2023,-0.18386953704977227,-1.0,-1.0,A (no rain flag)
total,under,0.3973151012795709,1.91,1.952,1.0,-2.0,2023,-0.2411281565560196,0.9099999999999999,0.952,A (no rain flag)
total,under,0.4571548779272503,1.91,1.91,0.0,0.0,2023,-0.126834183158952,-1.0,-1.0,A (no rain flag)
total,under,0.46488796109634434,1.91,1.91,1.0,-1.0,2023,-0.11206399430598235,0.9099999999999999,0.9099999999999999,A (no rain flag)
total,under,0.4546642673950856,1.91,1.91,0.0,-1.0,2023,-0.13159124927538657,-1.0,-1.0,A (no rain flag)
total,under,0.46062274501405387,1.91,1.97,0.0,-1.0,2023,-0.1202105570231572,-1.0,-1.0,A (no rain flag)
total,under,0.4543415282858212,1.91,1.97,0.0,-1.0,2023,-0.13220768097408153,-1.0,-1.0,A (no rain flag)
total,under,0.41308827481269494,1.91,1.91,1.0,0.0,2023,-0.21100139510775273,0.9099999999999999,0.9099999999999999,A (no rain flag)
total,under,0.4895212952908141,1.91,1.91,1.0,0.0,2023,-0.06501432599454504,0.9099999999999999,0.9099999999999999,A (no rain flag)
total,under,0.46210965767945866,1.91,1.87,1.0,-1.0,2023,-0.11737055383223394,0.9099999999999999,0.8700000000000001,A (no rain flag)
total,under,0.47951802527439635,1.91,1.952,1.0,0.0,2023,-0.08412057172590304,0.9099999999999999,0.952,A (no rain flag)
total,under,0.4827030352951517,1.91,1.91,1.0,-1.0,2023,-0.07803720258626035,0.9099999999999999,0.9099999999999999,A (no rain flag)
total,under,0.4773950887972005,1.91,1.85,1.0,0.0,2023,-0.08817538039734707,0.9099999999999999,0.8500000000000001,A (no rain flag)
total,under,0.4591379844838962,1.91,1.97,0.0,0.0,2023,-0.12304644963575828,-1.0,-1.0,A (no rain flag)
total,under,0.386285786834367,1.97,1.91,0.0,-2.0,2023,-0.2390169999362971,-1.0,-1.0,A (no rain flag)
total,under,0.4767648637944625,1.91,1.91,0.0,2.0,2023,-0.08937911015257671,-1.0,-1.0,A (no rain flag)
total,under,0.4549946192296046,1.91,1.91,1.0,1.0,2023,-0.1309602772714552,0.9099999999999999,0.9099999999999999,A (no rain flag)
total,under,0.49805989759404357,1.91,1.91,0.0,0.0,2023,-0.048705595595376794,-1.0,-1.0,A (no rain flag)
total,under,0.46564609072318075,1.91,1.91,0.0,0.0,2023,-0.11061596671872476,-1.0,-1.0,A (no rain flag)
total,under,0.4354511008663102,1.91,1.91,1.0,1.0,2023,-0.1682883973453475,0.9099999999999999,0.9099999999999999,A (no rain flag)
total,under,0.3838843104655336,1.91,1.91,1.0,0.0,2023,-0.26678096701083087,0.9099999999999999,0.9099999999999999,A (no rain flag)
total,under,0.515457643689097,1.82,1.952,0.0,2.0,2023,-0.061867088485843436,-1.0,-1.0,A (no rain flag)
total,under,0.4792878346061781,1.82,2.0,0.0,0.0,2023,-0.12769614101675586,-1.0,-1.0,A (no rain flag)
total,under,0.4609707627641525,1.91,1.952,0.0,-1.0,2023,-0.11954584312046879,-1.0,-1.0,A (no rain flag)
total,under,0.5150153874467905,1.91,1.952,1.0,0.0,2023,-0.016320609976630096,0.9099999999999999,0.952,A (no rain flag)
total,under,0.4864379184952605,1.97,1.97,1.0,-2.0,2023,-0.04171730056433676,0.97,0.97,A (no rain flag)
total,under,0.45899039664354424,1.91,1.91,0.0,-2.0,2023,-0.12332834241083057,-1.0,-1.0,A (no rain flag)
total,under,0.49606096659814736,1.91,1.91,0.0,-2.0,2023,-0.05252355379753859,-1.0,-1.0,A (no rain flag)
total,under,0.5091165133413174,1.91,1.91,0.0,-2.0,2023,-0.027587459518083945,-1.0,-1.0,A (no rain flag)
total,under,0.4103536368385662,1.91,1.87,1.0,-3.0,2023,-0.2162245536383386,0.9099999999999999,0.8700000000000001,A (no rain flag)
total,under,0.4744863772488722,1.91,2.0,1.0,-1.0,2023,-0.09373101945465412,0.9099999999999999,1.0,A (no rain flag)
total,under,0.4289836550876952,1.91,1.91,1.0,-2.0,2023,-0.18064121878250217,0.9099999999999999,0.9099999999999999,A (no rain flag)
total,under,0.4969338707932096,1.91,1.91,1.0,0.0,2023,-0.05085630678496966,0.9099999999999999,0.9099999999999999,A (no rain flag)
total,under,0.4720789805975688,1.91,1.952,0.0,-3.0,2023,-0.0983291470586436,-1.0,-1.0,A (no rain flag)
total,under,0.45963335002180716,1.91,1.91,1.0,0.0,2023,-0.12210030145834838,0.9099999999999999,0.9099999999999999,A (no rain flag)
total,under,0.4650445682963622,1.91,1.91,1.0,-2.0,2023,-0.11176487455394823,0.9099999999999999,0.9099999999999999,A (no rain flag)
total,under,0.4193104096991507,1.91,1.89,1.0,2.0,2023,-0.19911711747462224,0.9099999999999999,0.8899999999999999,A (no rain flag)
total,under,0.4608196970617615,1.91,2.0,1.0,0.0,2023,-0.1198343786120355,0.9099999999999999,1.0,A (no rain flag)
total,under,0.44006032534090855,1.91,1.91,0.0,-1.0,2023,-0.15948477859886467,-1.0,-1.0,A (no rain flag)
total,under,0.43300030229051556,1.91,1.952,1.0,-1.0,2023,-0.17296942262511528,0.9099999999999999,0.952,A (no rain flag)
total,under,0.4587402658552814,1.91,1.952,0.0,-3.0,2023,-0.12380609221641259,-1.0,-1.0,A (no rain flag)
total,under,0.4667395810298345,1.91,1.952,1.0,-1.0,2023,-0.10852740023301621,0.9099999999999999,0.952,A (no rain flag)
total,under,0.4504074148035534,1.91,1.87,0.0,-1.0,2023,-0.13972183772521307,-1.0,-1.0,A (no rain flag)
total,under,0.4938366559967111,1.91,1.82,0.0,0.0,2023,-0.056771987046281835,-1.0,-1.0,A (no rain flag)
total,under,0.4301695272621564,1.91,1.91,0.0,-2.0,2023,-0.17837620292928136,-1.0,-1.0,A (no rain flag)
total,under,0.42574601287671643,1.91,1.91,0.0,-2.0,2023,-0.18682511540547164,-1.0,-1.0,A (no rain flag)
total,under,0.461806699228713,1.91,1.91,1.0,0.0,2023,-0.11794920447315826,0.9099999999999999,0.9099999999999999,A (no rain flag)
total,under,0.47698321487123485,1.91,1.89,0.0,0.0,2023,-0.0889620595959415,-1.0,-1.0,A (no rain flag)
total,under,0.48177804144175274,1.91,1.87,1.0,3.0,2023,-0.07980394084625231,0.9099999999999999,0.8700000000000001,A (no rain flag)
total,under,0.5111205574585453,1.91,1.91,1.0,4.0,2023,-0.023759735254178405,0.9099999999999999,0.9099999999999999,A (no rain flag)
total,under,0.45633100988572706,1.91,1.91,1.0,2.0,2023,-0.1284077711182614,0.9099999999999999,0.9099999999999999,A (no rain flag)
total,under,0.4141666212193016,1.91,2.0,1.0,-1.0,2023,-0.20894175347113397,0.9099999999999999,1.0,A (no rain flag)
total,under,0.44418371303058235,1.91,1.91,0.0,0.0,2023,-0.1516091081115878,-1.0,-1.0,A (no rain flag)
total,under,0.4837148172734771,1.91,1.952,1.0,-2.0,2023,-0.07610469900765882,0.9099999999999999,0.952,A (no rain flag)
total,under,0.46119002059846026,1.91,1.952,1.0,-2.0,2023,-0.1191270606569409,0.9099999999999999,0.952,A (no rain flag)
total,under,0.41395642310747305,1.91,2.0,0.0,-5.0,2023,-0.20934323186472648,-1.0,-1.0,A (no rain flag)
total,under,0.46640299380820993,1.91,1.91,1.0,0.0,2023,-0.10917028182631905,0.9099999999999999,0.9099999999999999,A (no rain flag)
total,under,0.47392775778734253,1.91,1.952,1.0,-3.0,2023,-0.09479798262617578,0.9099999999999999,0.952,A (no rain flag)
total,under,0.5436680207244518,1.91,1.97,1.0,1.0,2023,0.03840591958370276,0.9099999999999999,0.97,A (no rain flag)
total,under,0.47926775294466917,1.91,1.91,0.0,3.0,2023,-0.08459859187568197,-1.0,-1.0,A (no rain flag)
total,under,0.4463022783216165,1.91,1.952,1.0,1.0,2023,-0.14756264840571254,0.9099999999999999,0.952,A (no rain flag)
total,under,0.45313455508797906,1.91,1.952,1.0,0.0,2023,-0.13451299978196007,0.9099999999999999,0.952,A (no rain flag)
total,under,0.4746813190881234,1.91,1.91,0.0,2.0,2023,-0.09335868054168439,-1.0,-1.0,A (no rain flag)
total,under,0.5663356400707057,1.91,2.0,1.0,0.0,2023,0.08170107253504777,0.9099999999999999,1.0,A (no rain flag)
total,under,0.4663469839526726,1.91,2.0,0.0,0.0,2023,-0.10927726065039534,-1.0,-1.0,A (no rain flag)
total,under,0.42277093830852985,1.91,1.91,0.0,-2.0,2023,-0.19250750783070802,-1.0,-1.0,A (no rain flag)
total,under,0.4817869071018499,1.91,1.91,0.0,-2.0,2023,-0.07978700743546674,-1.0,-1.0,A (no rain flag)
total,under,0.49556616535792686,1.91,1.91,1.0,0.0,2023,-0.05346862416635978,0.9099999999999999,0.9099999999999999,A (no rain flag)
total,under,0.4268501252722313,1.91,1.97,1.0,0.0,2023,-0.18471626073003822,0.9099999999999999,0.97,A (no rain flag)
total,under,0.444589544580965,1.91,1.97,0.0,0.0,2023,-0.1508339698503569,-1.0,-1.0,A (no rain flag)
total,under,0.4978897499560895,1.91,1.91,0.0,0.0,2023,-0.049030577583869084,-1.0,-1.0,A (no rain flag)
total,under,0.5247376978560906,1.91,1.91,1.0,-1.0,2023,0.0022490029051329685,0.9099999999999999,0.9099999999999999,A (no rain flag)
total,under,0.5320788271602284,1.91,1.87,0.0,1.0,2023,0.016270559876036206,-1.0,-1.0,A (no rain flag)
total,under,0.44341204106764864,1.91,1.91,1.0,0.0,2023,-0.15308300156079113,0.9099999999999999,0.9099999999999999,A (no rain flag)
total,under,0.4759756741041783,1.91,1.97,1.0,-2.0,2023,-0.0908864624610195,0.9099999999999999,0.97,A (no rain flag)
total,under,0.493782667956323,1.91,1.91,0.0,0.0,2023,-0.05687510420342312,-1.0,-1.0,A (no rain flag)
total,under,0.4342855484042857,1.91,1.97,1.0,0.0,2023,-0.17051460254781436,0.9099999999999999,0.97,A (no rain flag)
total,under,0.45914266955732586,1.91,1.97,1.0,0.0,2023,-0.1230375011455076,0.9099999999999999,0.97,A (no rain flag)
total,under,0.45974075486352517,1.91,1.91,0.0,-1.0,2023,-0.12189515821066699,-1.0,-1.0,A (no rain flag)
total,under,0.41898053672663427,1.91,1.87,0.0,0.0,2023,-0.19974717485212856,-1.0,-1.0,A (no rain flag)
total,under,0.45602767204971695,1.91,1.97,0.0,-1.0,2023,-0.12898714638504072,-1.0,-1.0,A (no rain flag)
total,under,0.40792816839207346,1.91,1.91,1.0,0.0,2023,-0.2208571983711397,0.9099999999999999,0.9099999999999999,A (no rain flag)
total,under,0.45742266380665975,1.91,1.91,1.0,-1.0,2023,-0.12632271212927992,0.9099999999999999,0.9099999999999999,A (no rain flag)
total,under,0.5049195403668896,1.91,1.91,0.0,-1.0,2023,-0.035603677899240904,-1.0,-1.0,A (no rain flag)
total,under,0.4293694094974445,1.91,1.91,1.0,0.0,2023,-0.17990442785988103,0.9099999999999999,0.9099999999999999,A (no rain flag)
total,under,0.47878808443160537,1.91,1.91,0.0,1.0,2023,-0.08551475873563374,-1.0,-1.0,A (no rain flag)
total,under,0.45117172782588666,1.91,1.91,0.0,0.0,2023,-0.1382619998525565,-1.0,-1.0,A (no rain flag)
total,under,0.4927843587695354,1.91,2.0,0.0,1.0,2023,-0.05878187475018737,-1.0,-1.0,A (no rain flag)
total,under,0.4946340899366828,1.91,1.89,1.0,0.0,2023,-0.05524888822093588,0.9099999999999999,0.8899999999999999,A (no rain flag)
total,under,0.4648406071999164,1.91,1.97,0.0,-1.0,2023,-0.11215444024815979,-1.0,-1.0,A (no rain flag)
total,under,0.5162766185971144,1.91,1.952,0.0,0.0,2023,-0.01391165847951159,-1.0,-1.0,A (no rain flag)
total,under,0.5037078404540489,1.952,2.0,0.0,2.0,2023,-0.01676229543369656,-1.0,-1.0,A (no rain flag)
total,under,0.4960259509398126,1.91,1.97,0.0,0.0,2023,-0.05259043370495797,-1.0,-1.0,A (no rain flag)
total,under,0.45124423190659657,1.91,1.87,1.0,1.0,2023,-0.13812351705840054,0.9099999999999999,0.8700000000000001,A (no rain flag)
total,under,0.49459661308193026,1.91,1.91,0.0,0.0,2023,-0.055320469013513285,-1.0,-1.0,A (no rain flag)
total,under,0.4572238801631555,1.91,1.952,0.0,-1.0,2023,-0.12670238888837304,-1.0,-1.0,A (no rain flag)
total,under,0.40080899401917003,1.91,1.91,0.0,0.0,2023,-0.23445482142338525,-1.0,-1.0,A (no rain flag)
total,under,0.48067357843217506,1.91,1.952,1.0,-1.0,2023,-0.08191346519454568,0.9099999999999999,0.952,A (no rain flag)
total,under,0.3896150529292681,1.91,1.87,1.0,-1.0,2023,-0.2558352489050979,0.9099999999999999,0.8700000000000001,A (no rain flag)
total,under,0.419337670945774,1.91,1.91,1.0,0.0,2023,-0.19906504849357165,0.9099999999999999,0.9099999999999999,A (no rain flag)
total,under,0.45114273309026987,1.952,2.0,0.0,-2.0,2023,-0.11936938500779326,-1.0,-1.0,A (no rain flag)
total,under,0.457688584850396,1.91,1.91,0.0,0.0,2023,-0.12581480293574365,-1.0,-1.0,A (no rain flag)
total,under,0.4418058638198429,1.91,1.91,0.0,-2.0,2023,-0.1561508001041001,-1.0,-1.0,A (no rain flag)
total,under,0.4571973215698718,1.91,2.0,1.0,2.0,2023,-0.1267531158015449,0.9099999999999999,1.0,A (no rain flag)
total,under,0.46379513900790226,1.91,1.91,1.0,1.0,2023,-0.11415128449490675,0.9099999999999999,0.9099999999999999,A (no rain flag)
total,under,0.5204767336179249,1.91,1.91,1.0,-4.0,2023,-0.005889438789763446,0.9099999999999999,0.9099999999999999,A (no rain flag)
total,under,0.42914596341697697,1.91,2.0,1.0,-1.0,2023,-0.18033120987357398,0.9099999999999999,1.0,A (no rain flag)
total,under,0.42865589060692777,1.91,1.91,1.0,-1.0,2023,-0.18126724894076796,0.9099999999999999,0.9099999999999999,A (no rain flag)
total,under,0.48225324735629904,1.91,1.97,0.0,0.0,2023,-0.07889629754946892,-1.0,-1.0,A (no rain flag)
total,under,0.458536982508449,1.952,1.87,1.0,5.0,2023,-0.10493581014350761,0.952,0.8700000000000001,A (no rain flag)
total,under,0.4353724410221955,1.91,1.8,0.0,0.0,2023,-0.16843863764760658,-1.0,-1.0,A (no rain flag)
total,under,0.4848187758846806,1.91,1.91,0.0,0.0,2023,-0.07399613806026006,-1.0,-1.0,A (no rain flag)
total,under,0.5338797902939514,1.91,1.91,0.0,0.0,2023,0.019710399461447148,-1.0,-1.0,A (no rain flag)
total,under,0.5329394585519371,1.91,1.91,1.0,-1.0,2023,0.017914365834199808,0.9099999999999999,0.9099999999999999,A (no rain flag)
total,under,0.491347098406854,1.952,1.97,0.0,0.0,2023,-0.040890463909821095,-1.0,-1.0,A (no rain flag)
total,under,0.5073698044236267,1.91,1.952,1.0,0.0,2023,-0.03092367355087311,0.9099999999999999,0.952,A (no rain flag)
total,under,0.4454946921659061,1.91,1.97,0.0,-5.0,2023,-0.14910513796311942,-1.0,-1.0,A (no rain flag)
total,under,0.3825685086591477,1.91,2.0,0.0,-3.0,2023,-0.26929414846102795,-1.0,-1.0,A (no rain flag)
total,under,0.3932059927146617,1.91,1.91,0.0,-3.0,2023,-0.24897655391499618,-1.0,-1.0,A (no rain flag)
total,under,0.4192923186867107,1.91,1.91,0.0,0.0,2023,-0.19915167130838263,-1.0,-1.0,A (no rain flag)
total,under,0.5053882759078123,1.91,1.91,1.0,-3.0,2023,-0.03470839301607853,0.9099999999999999,0.9099999999999999,A (no rain flag)
total,under,0.4566654907664359,1.91,1.91,0.0,-2.0,2023,-0.12776891263610746,-1.0,-1.0,A (no rain flag)
total,under,0.4718368790631686,1.91,1.91,0.0,-1.0,2023,-0.09879156098934794,-1.0,-1.0,A (no rain flag)
total,under,0.4303245566023388,1.91,1.952,1.0,-1.0,2023,-0.17808009688953286,0.9099999999999999,0.952,A (no rain flag)
total,under,0.4104899336699164,1.91,1.91,0.0,-2.0,2023,-0.21596422669045978,-1.0,-1.0,A (no rain flag)
total,under,0.3971654493696649,1.91,1.87,0.0,-3.0,2023,-0.24141399170394007,-1.0,-1.0,A (no rain flag)
total,under,0.4367291849077608,1.91,1.91,1.0,-2.0,2023,-0.16584725682617685,0.9099999999999999,0.9099999999999999,A (no rain flag)
total,under,0.45523235547520613,1.91,1.91,0.0,-5.0,2023,-0.13050620104235633,-1.0,-1.0,A (no rain flag)
total,under,0.45738189605277446,1.97,1.91,1.0,-2.0,2023,-0.0989576647760343,0.97,0.9099999999999999,A (no rain flag)
total,under,0.43283022587992603,1.97,1.97,1.0,2.0,2023,-0.14732445501654567,0.97,0.97,A (no rain flag)
total,under,0.5251304595486807,1.87,1.87,0.0,0.0,2023,-0.01800604064396716,-1.0,-1.0,A (no rain flag)
total,under,0.5429517848888982,1.97,1.97,0.0,-2.0,2023,0.06961501623112931,-1.0,-1.0,A (no rain flag)
total,under,0.4861125905348933,1.97,1.91,0.0,-2.0,2023,-0.04235819664626017,-1.0,-1.0,A (no rain flag)
total,under,0.5198816871432399,1.91,1.952,1.0,0.0,2023,-0.007025977556411878,0.9099999999999999,0.952,A (no rain flag)
total,under,0.5810986029789231,1.91,1.91,0.0,-1.0,2023,0.10989833168974306,-1.0,-1.0,A (no rain flag)
total,under,0.5574328246916764,1.91,1.91,0.0,0.0,2023,0.06469669516110188,-1.0,-1.0,A (no rain flag)
total,under,0.550972183338618,1.82,1.91,1.0,0.0,2023,0.0027693736762848253,0.8200000000000001,0.9099999999999999,A (no rain flag)
total,under,0.6189795379732443,1.91,1.91,0.0,-2.0,2023,0.18225091752889666,-1.0,-1.0,A (no rain flag)
total,under,0.4674149497629303,1.91,1.91,0.0,-1.0,2023,-0.10723744595280316,-1.0,-1.0,A (no rain flag)
total,under,0.5137109151725081,1.91,1.91,1.0,-1.0,2023,-0.018812152020509565,0.9099999999999999,0.9099999999999999,A (no rain flag)
total,under,0.5230812256380385,1.91,1.952,1.0,0.0,2023,-0.0009148590313464711,0.9099999999999999,0.952,A (no rain flag)
total,under,0.4803912010864414,1.91,1.91,1.0,-2.0,2023,-0.08245280592489701,0.9099999999999999,0.9099999999999999,A (no rain flag)
total,under,0.5435822712669032,1.91,1.91,1.0,-1.0,2023,0.03824213811978505,0.9099999999999999,0.9099999999999999,A (no rain flag)
total,under,0.5366750130869176,1.91,1.91,1.0,-1.0,2023,0.025049274996012505,0.9099999999999999,0.9099999999999999,A (no rain flag)
total,under,0.5301288531190886,1.91,1.91,1.0,2.0,2023,0.012546109457459265,0.9099999999999999,0.9099999999999999,A (no rain flag)
total,under,0.5397372103359288,1.91,2.0,1.0,-1.0,2023,0.030898071741624067,0.9099999999999999,1.0,A (no rain flag)
total,under,0.4712594494287907,1.91,2.0,1.0,1.0,2023,-0.09989445159100974,0.9099999999999999,1.0,A (no rain flag)
total,under,0.5000105208007923,1.91,1.87,0.0,1.0,2023,-0.044979905270486675,-1.0,-1.0,A (no rain flag)
total,under,0.6000560534912842,1.91,1.91,0.0,1.0,2023,0.1461070621683529,-1.0,-1.0,A (no rain flag)
total,under,0.5804040766430336,1.91,1.91,1.0,0.0,2023,0.10857178638819409,0.9099999999999999,0.9099999999999999,A (no rain flag)
total,under,0.5361802111269347,1.91,1.91,1.0,0.0,2023,0.024104203252445222,0.9099999999999999,0.9099999999999999,A (no rain flag)
total,under,0.5589038251736239,1.91,1.91,1.0,0.0,2023,0.06750630608162167,0.9099999999999999,0.9099999999999999,A (no rain flag)
total,under,0.5407746125053223,1.91,1.91,1.0,1.0,2023,0.032879509885165525,0.9099999999999999,0.9099999999999999,A (no rain flag)
total,under,0.5663812317025531,1.91,1.91,1.0,0.0,2023,0.08178815255187621,0.9099999999999999,0.9099999999999999,A (no rain flag)
total,under,0.5452184051505208,1.91,1.91,0.0,-1.0,2023,0.041367153837494675,-1.0,-1.0,A (no rain flag)
total,under,0.615028489395246,1.91,1.87,1.0,0.0,2023,0.17470441474491993,0.9099999999999999,0.8700000000000001,A (no rain flag)
total,under,0.5617154776028211,1.91,1.87,0.0,0.0,2023,0.07287656222138827,-1.0,-1.0,A (no rain flag)
total,under,0.5748806274415899,1.91,1.952,1.0,1.0,2023,0.0980219984134365,0.9099999999999999,0.952,A (no rain flag)
total,under,0.49053748974135214,1.91,2.0,0.0,0.0,2023,-0.0630733945940175,-1.0,-1.0,A (no rain flag)
total,under,0.5393417457722374,1.91,1.85,0.0,-1.0,2023,0.030142734424973394,-1.0,-1.0,A (no rain flag)
total,under,0.5654417771586375,1.91,1.87,1.0,0.0,2023,0.07999379437299758,0.9099999999999999,0.8700000000000001,A (no rain flag)
total,under,0.5545638624726065,1.91,1.85,0.0,-1.0,2023,0.05921697732267828,-1.0,-1.0,A (no rain flag)
total,under,0.48210636206766333,1.952,1.87,0.0,-1.0,2023,-0.05892838124392119,-1.0,-1.0,A (no rain flag)
total,under,0.5369408169452703,1.91,1.91,0.0,-1.0,2023,0.025556960365466175,-1.0,-1.0,A (no rain flag)
total,under,0.5367913332368833,1.91,2.0,0.0,1.0,2023,0.025271446482447057,-1.0,-1.0,A (no rain flag)
total,under,0.4939548218443084,1.91,2.0,0.0,0.0,2023,-0.056546290277371014,-1.0,-1.0,A (no rain flag)
total,under,0.563025734794488,1.91,1.85,1.0,-1.0,2023,0.07537915345747215,0.9099999999999999,0.8500000000000001,A (no rain flag)
total,under,0.4789661261474423,1.91,1.97,0.0,-1.0,2023,-0.08517469905838526,-1.0,-1.0,A (no rain flag)
total,under,0.5019879380329837,1.91,1.952,0.0,0.0,2023,-0.04120303835700123,-1.0,-1.0,A (no rain flag)
total,under,0.5579644884762454,1.91,1.91,1.0,-2.0,2023,0.06571217298962861,0.9099999999999999,0.9099999999999999,A (no rain flag)
total,under,0.5546574364219141,2.0,1.952,1.0,-1.0,2023,0.10931487284382824,1.0,0.952,A (no rain flag)
total,under,0.5701258844445595,1.91,1.91,0.0,-1.0,2023,0.08894043928910844,-1.0,-1.0,A (no rain flag)
total,under,0.5647783161354776,1.91,1.85,1.0,-1.0,2023,0.07872658381876207,0.9099999999999999,0.8500000000000001,A (no rain flag)
total,under,0.49992746648432973,1.87,1.91,0.0,0.0,2023,-0.0651356376743033,-1.0,-1.0,A (no rain flag)
total,under,0.5137028278062303,1.91,1.97,0.0,-2.0,2023,-0.018827598890100106,-1.0,-1.0,A (no rain flag)
total,under,0.5081529046740352,1.91,1.91,1.0,-1.0,2023,-0.029427952072592856,0.9099999999999999,0.9099999999999999,A (no rain flag)
total,under,0.4901595854261136,1.91,1.87,0.0,0.0,2023,-0.06379519183612303,-1.0,-1.0,A (no rain flag)
total,under,0.5775580819904388,1.91,1.97,0.0,-1.0,2023,0.10313593660173814,-1.0,-1.0,A (no rain flag)
total,under,0.5579437665896599,1.91,1.91,1.0,2.0,2023,0.06567259418625038,0.9099999999999999,0.9099999999999999,A (no rain flag)
total,under,0.588955589879876,1.91,1.85,1.0,-4.0,2023,0.12490517667056311,0.9099999999999999,0.8500000000000001,A (no rain flag)
total,under,0.4843645759782761,1.91,1.91,0.0,-1.0,2023,-0.07486365988149268,-1.0,-1.0,A (no rain flag)
total,under,0.5244188386535041,1.91,1.952,1.0,-2.0,2023,0.0016399818281929157,0.9099999999999999,0.952,A (no rain flag)
total,under,0.6000530168034113,1.91,1.91,0.0,-5.0,2023,0.14610126209451546,-1.0,-1.0,A (no rain flag)
total,under,0.480168790564904,2.0,2.02,1.0,-2.0,2023,-0.03966241887019195,1.0,1.02,A (no rain flag)
total,under,0.45587673204770895,1.952,1.78,1.0,0.0,2023,-0.11012861904287219,0.952,0.78,A (no rain flag)
total,under,0.47923978052758587,1.87,1.952,1.0,-1.0,2023,-0.10382161041341442,0.8700000000000001,0.952,A (no rain flag)
total,under,0.4509937472980745,1.87,1.952,1.0,-1.0,2023,-0.15664169255260063,0.8700000000000001,0.952,A (no rain flag)
total,under,0.47996452874257955,1.97,2.0,0.0,-1.0,2023,-0.05446987837711825,-1.0,-1.0,A (no rain flag)
total,under,0.42426087583251104,1.91,1.91,1.0,-1.0,2023,-0.18966172715990393,0.9099999999999999,0.9099999999999999,A (no rain flag)
total,under,0.4666489056956479,1.91,1.91,0.0,0.0,2023,-0.10870059012131261,-1.0,-1.0,A (no rain flag)
total,under,0.42748483024567174,1.91,1.85,0.0,0.0,2023,-0.18350397423076703,-1.0,-1.0,A (no rain flag)
total,under,0.47683844669364406,1.91,1.91,0.0,-1.0,2023,-0.08923856681513986,-1.0,-1.0,A (no rain flag)
total,under,0.42448379343277354,1.91,1.87,0.0,0.0,2023,-0.18923595454340258,-1.0,-1.0,A (no rain flag)
total,under,0.4471764431777475,1.91,1.87,0.0,2.0,2024,-0.14589299353050222,-1.0,-1.0,A (no rain flag)
total,under,0.46117539411916986,1.87,1.91,1.0,0.0,2024,-0.13760201299715236,0.8700000000000001,0.9099999999999999,A (no rain flag)
total,under,0.4412855619377317,1.91,2.0,1.0,-1.0,2024,-0.15714457669893245,0.9099999999999999,1.0,A (no rain flag)
total,under,0.4070574855752841,1.91,1.952,1.0,-1.0,2024,-0.2225202025512074,0.9099999999999999,0.952,A (no rain flag)
total,under,0.3291452762513777,1.91,1.91,1.0,-1.0,2024,-0.3713325223598687,0.9099999999999999,0.9099999999999999,A (no rain flag)
total,under,0.3906832643313838,1.91,1.91,1.0,-1.0,2024,-0.253794965127057,0.9099999999999999,0.9099999999999999,A (no rain flag)
total,under,0.4538681619786976,1.91,1.952,1.0,1.0,2024,-0.13311181062068755,0.9099999999999999,0.952,A (no rain flag)
total,under,0.4419295269714645,1.91,1.91,0.0,-1.0,2024,-0.15591460348450292,-1.0,-1.0,A (no rain flag)
total,under,0.43753852421906936,1.91,1.952,0.0,-1.0,2024,-0.16430141874157755,-1.0,-1.0,A (no rain flag)
total,under,0.41543020849150003,1.91,1.93,1.0,-1.0,2024,-0.20652830178123494,0.9099999999999999,0.9299999999999999,A (no rain flag)
total,under,0.3760837943327383,1.91,1.91,0.0,1.0,2024,-0.2816799528244699,-1.0,-1.0,A (no rain flag)
total,under,0.49000711430483423,1.91,1.8,1.0,0.0,2024,-0.06408641167776663,0.9099999999999999,0.8,A (no rain flag)
total,under,0.4995821139292784,1.97,1.952,1.0,0.0,2024,-0.015823235559321525,0.97,0.952,A (no rain flag)
total,under,0.4557269178231478,1.87,1.952,0.0,1.0,2024,-0.14779066367071358,-1.0,-1.0,A (no rain flag)
total,under,0.4345675219248428,1.91,1.91,1.0,0.0,2024,-0.16997603312355025,0.9099999999999999,0.9099999999999999,A (no rain flag)
total,under,0.5067735931114836,1.97,1.91,1.0,0.0,2024,-0.001656021570377253,0.97,0.9099999999999999,A (no rain flag)
total,under,0.38986875446373614,1.91,1.91,0.0,-1.0,2024,-0.255350678974264,-1.0,-1.0,A (no rain flag)
total,under,0.4590323007961685,1.91,1.952,1.0,0.0,2024,-0.1232483054793182,0.9099999999999999,0.952,A (no rain flag)
total,under,0.4066334255601982,1.91,1.91,0.0,-1.0,2024,-0.22333015718002147,-1.0,-1.0,A (no rain flag)
total,under,0.47976238852479536,1.91,1.952,1.0,0.0,2024,-0.08365383791764092,0.9099999999999999,0.952,A (no rain flag)
total,under,0.44185224976864146,1.91,1.91,0.0,0.0,2024,-0.15606220294189488,-1.0,-1.0,A (no rain flag)
total,under,0.5163320919087779,1.91,1.91,1.0,1.0,2024,-0.013805704454234236,0.9099999999999999,0.9099999999999999,A (no rain flag)
total,under,0.42726221081950233,1.91,1.97,0.0,-2.0,2024,-0.18392917733475056,-1.0,-1.0,A (no rain flag)
total,under,0.41980227743399134,1.91,1.91,1.0,-2.0,2024,-0.19817765010107657,0.9099999999999999,0.9099999999999999,A (no rain flag)
total,under,0.38137119296195265,2.0,1.82,0.0,-3.0,2024,-0.2372576140760947,-1.0,-1.0,A (no rain flag)
total,under,0.420113338647781,1.91,1.91,1.0,-2.0,2024,-0.1975835231827383,0.9099999999999999,0.9099999999999999,A (no rain flag)
total,under,0.3972878307665907,1.91,1.82,0.0,-2.0,2024,-0.24118024323581178,-1.0,-1.0,A (no rain flag)
total,under,0.4820538710751815,1.91,1.85,1.0,-1.0,2024,-0.07927710624640338,0.9099999999999999,0.8500000000000001,A (no rain flag)
total,under,0.4878888314375891,1.91,1.85,1.0,-2.0,2024,-0.06813233195420487,0.9099999999999999,0.8500000000000001,A (no rain flag)
total,under,0.419553614004304,2.0,1.93,1.0,-2.0,2024,-0.16089277199139196,1.0,0.9299999999999999,A (no rain flag)
total,under,0.44807675585836404,1.91,1.91,0.0,0.0,2024,-0.14417339631052473,-1.0,-1.0,A (no rain flag)
total,under,0.47838608042442055,1.97,1.91,1.0,-2.0,2024,-0.05757942156389151,0.97,0.9099999999999999,A (no rain flag)
total,under,0.41563375924231605,1.91,2.0,0.0,0.0,2024,-0.20613951984717638,-1.0,-1.0,A (no rain flag)
total,under,0.4886903397368274,1.91,1.91,0.0,8.0,2024,-0.06660145110265969,-1.0,-1.0,A (no rain flag)
total,under,0.4946204245764336,1.91,1.8,1.0,7.0,2024,-0.05527498905901185,0.9099999999999999,0.8,A (no rain flag)
total,under,0.4541694291468086,1.91,1.91,1.0,1.0,2024,-0.13253639032959563,0.9099999999999999,0.9099999999999999,A (no rain flag)
total,under,0.43048738503068396,1.91,1.91,0.0,1.0,2024,-0.17776909459139367,-1.0,-1.0,A (no rain flag)
total,under,0.4715039354267173,1.952,1.91,1.0,1.0,2024,-0.07962431804704784,0.952,0.9099999999999999,A (no rain flag)
total,under,0.5178368710776536,1.91,1.91,0.0,-1.0,2024,-0.010931576241681618,-1.0,-1.0,A (no rain flag)
total,under,0.4822052246654914,1.85,1.91,0.0,2.0,2024,-0.10792033436884085,-1.0,-1.0,A (no rain flag)
total,under,0.41235924325903484,1.91,1.87,0.0,-1.0,2024,-0.21239384537524353,-1.0,-1.0,A (no rain flag)
total,under,0.49743726890577933,1.952,1.91,1.0,-1.0,2024,-0.029002451095918813,0.952,0.9099999999999999,A (no rain flag)
total,under,0.5027258065347968,1.91,1.952,1.0,0.0,2024,-0.03979370951853811,0.9099999999999999,0.952,A (no rain flag)
total,under,0.4531959880251012,1.952,2.0,0.0,-1.0,2024,-0.11536143137500254,-1.0,-1.0,A (no rain flag)
total,under,0.4585483190121228,1.87,1.91,0.0,-2.0,2024,-0.14251464344733034,-1.0,-1.0,A (no rain flag)
total,under,0.46487674598954487,1.91,1.91,1.0,0.0,2024,-0.11208541515996928,0.9099999999999999,0.9099999999999999,A (no rain flag)
total,under,0.4717876609948094,1.91,1.87,1.0,-1.0,2024,-0.09888556749991406,0.9099999999999999,0.8700000000000001,A (no rain flag)
total,under,0.41154915404302983,1.91,1.91,1.0,1.0,2024,-0.21394111577781305,0.9099999999999999,0.9099999999999999,A (no rain flag)
total,under,0.48391502257858954,1.91,1.97,1.0,0.0,2024,-0.07572230687489401,0.9099999999999999,0.97,A (no rain flag)
total,under,0.4821429809283403,1.91,1.91,0.0,0.0,2024,-0.07910690642687013,-1.0,-1.0,A (no rain flag)
total,under,0.4797625515349512,1.91,2.0,1.0,0.0,2024,-0.08365352656824332,0.9099999999999999,1.0,A (no rain flag)
total,under,0.5065549339343376,1.91,1.91,0.0,0.0,2024,-0.03248007618541526,-1.0,-1.0,A (no rain flag)
total,under,0.46757900634171035,1.91,1.91,0.0,0.0,2024,-0.10692409788733326,-1.0,-1.0,A (no rain flag)
total,under,0.4775224100923803,1.91,1.91,0.0,0.0,2024,-0.08793219672355368,-1.0,-1.0,A (no rain flag)
total,under,0.42635993655065174,1.91,1.91,0.0,-4.0,2024,-0.18565252118825526,-1.0,-1.0,A (no rain flag)
total,under,0.5120186222520642,1.91,1.91,0.0,-1.0,2024,-0.022044431498557504,-1.0,-1.0,A (no rain flag)
total,under,0.47994722037401494,1.91,1.91,0.0,0.0,2024,-0.08330080908563153,-1.0,-1.0,A (no rain flag)
total,under,0.49287391564168237,1.91,1.91,0.0,0.0,2024,-0.05861082112438676,-1.0,-1.0,A (no rain flag)
total,under,0.4864302409554042,1.87,1.91,0.0,1.0,2024,-0.09037544941339404,-1.0,-1.0,A (no rain flag)
total,under,0.43503689438855386,1.91,1.91,0.0,-5.0,2024,-0.16907953171786216,-1.0,-1.0,A (no rain flag)
total,under,0.37713720084671465,1.91,1.91,0.0,-2.0,2024,-0.27966794638277503,-1.0,-1.0,A (no rain flag)
total,under,0.48743543378339405,1.91,1.91,1.0,0.0,2024,-0.06899832147371743,0.9099999999999999,0.9099999999999999,A (no rain flag)
total,under,0.44532019448033155,1.91,1.91,1.0,0.0,2024,-0.14943842854256673,0.9099999999999999,0.9099999999999999,A (no rain flag)
total,under,0.4522295275467916,1.87,1.9,0.0,1.0,2024,-0.15433078348749973,-1.0,-1.0,A (no rain flag)
total,under,0.4736152084155838,1.87,1.8,0.0,1.0,2024,-0.1143395602628583,-1.0,-1.0,A (no rain flag)
total,under,0.43118619902429267,1.9,1.9,0.0,-1.0,2024,-0.18074622185384392,-1.0,-1.0,A (no rain flag)
total,under,0.45895206774621333,1.85,1.9,1.0,0.0,2024,-0.15093867466950528,0.8500000000000001,0.8999999999999999,A (no rain flag)
total,under,0.4807857502030991,1.9,1.95,1.0,-2.0,2024,-0.08650707461411178,0.8999999999999999,0.95,A (no rain flag)
total,under,0.5506395818743959,1.87,1.95,0.0,0.0,2024,0.02969601810512046,-1.0,-1.0,A (no rain flag)
total,under,0.42786676005762236,1.87,1.95,1.0,0.0,2024,-0.1998891586922461,0.8700000000000001,0.95,A (no rain flag)
total,under,0.5009533504375938,1.85,1.9,1.0,3.0,2024,-0.07323630169045137,0.8500000000000001,0.8999999999999999,A (no rain flag)
total,under,0.5185488286478397,1.87,1.85,0.0,0.0,2024,-0.030313690428539708,-1.0,-1.0,A (no rain flag)
total,under,0.45171942031681145,1.87,1.9,1.0,0.0,2024,-0.15528468400756257,0.8700000000000001,0.8999999999999999,A (no rain flag)
total,under,0.47372597819597995,1.87,1.9,1.0,2.0,2024,-0.11413242077351748,0.8700000000000001,0.8999999999999999,A (no rain flag)
total,under,0.5051639374749233,1.87,1.85,1.0,0.0,2024,-0.055343436921893474,0.8700000000000001,0.8500000000000001,A (no rain flag)
total,under,0.5148227849997116,1.87,1.9,1.0,2.0,2024,-0.037281392050539264,0.8700000000000001,0.8999999999999999,A (no rain flag)
total,under,0.4578012902386791,1.9,1.9,0.0,0.0,2024,-0.13017754854650976,-1.0,-1.0,A (no rain flag)
total,under,0.4967484801887131,1.9,1.95,0.0,0.0,2024,-0.05617788764144516,-1.0,-1.0,A (no rain flag)
total,under,0.5442366860982621,1.9,1.85,1.0,-1.0,2024,0.03404970358669801,0.8999999999999999,0.8500000000000001,A (no rain flag)
total,under,0.45252605548020475,1.87,1.9,0.0,-1.0,2024,-0.15377627625201706,-1.0,-1.0,A (no rain flag)
total,under,0.5270566651729524,1.87,1.95,1.0,2.0,2024,-0.014404036126579034,0.8700000000000001,0.95,A (no rain flag)
total,under,0.5166931942730142,1.87,1.9,0.0,0.0,2024,-0.03378372670946339,-1.0,-1.0,A (no rain flag)
total,under,0.4230985526538088,1.95,1.85,0.0,-1.0,2024,-0.17495782232507284,-1.0,-1.0,A (no rain flag)
total,under,0.5517758197865876,1.87,1.85,1.0,0.0,2024,0.03182078300091895,0.8700000000000001,0.8500000000000001,A (no rain flag)
total,under,0.4356368334582411,1.87,1.85,0.0,-2.0,2024,-0.18535912143308908,-1.0,-1.0,A (no rain flag)
total,under,0.5180429082176877,1.87,1.9,0.0,-1.0,2024,-0.03125976163292388,-1.0,-1.0,A (no rain flag)
total,under,0.5260986207779559,1.87,2.0,1.0,0.0,2024,-0.016195579145222405,0.8700000000000001,1.0,A (no rain flag)
total,under,0.44585999744254956,1.87,1.9,0.0,-2.0,2024,-0.16624180478243222,-1.0,-1.0,A (no rain flag)
total,under,0.5611698885230629,1.87,1.85,0.0,-3.0,2024,0.04938769153812772,-1.0,-1.0,A (no rain flag)
total,under,0.45157170252152534,1.87,1.8,0.0,-3.0,2024,-0.15556091628474755,-1.0,-1.0,A (no rain flag)
total,under,0.42985506925314365,1.87,1.95,0.0,-3.0,2024,-0.19617102049662127,-1.0,-1.0,A (no rain flag)
total,under,0.44086326184898805,1.87,1.95,0.0,0.0,2024,-0.1755857003423923,-1.0,-1.0,A (no rain flag)
total,under,0.5035005596186031,1.87,1.95,0.0,-1.0,2024,-0.05845395351321225,-1.0,-1.0,A (no rain flag)
total,under,0.564212850770814,1.87,1.9,0.0,-3.0,2024,0.05507803094142205,-1.0,-1.0,A (no rain flag)
total,under,0.41293310194585875,1.95,1.9,0.0,-4.0,2024,-0.1947804512055754,-1.0,-1.0,A (no rain flag)
total,under,0.503041237535405,1.8,1.9,0.0,0.0,2024,-0.09452577243627103,-1.0,-1.0,A (no rain flag)
total,under,0.47951116918158276,1.87,1.9,1.0,1.0,2024,-0.10331411363044019,0.8700000000000001,0.8999999999999999,A (no rain flag)
total,under,0.4552439145213476,1.95,1.9,1.0,3.0,2024,-0.1122743666833722,0.95,0.8999999999999999,A (no rain flag)
total,under,0.5255366236936785,1.87,1.8,0.0,0.0,2024,-0.017246513692821153,-1.0,-1.0,A (no rain flag)
total,under,0.5641305204025077,1.87,1.85,1.0,-2.0,2024,0.054924073152689434,0.8700000000000001,0.8500000000000001,A (no rain flag)
total,under,0.5177272716839831,1.87,1.95,0.0,3.0,2024,-0.031850001950951445,-1.0,-1.0,A (no rain flag)
total,under,0.5790739639783455,1.87,2.0,0.0,0.0,2024,0.08286831263950623,-1.0,-1.0,A (no rain flag)
total,under,0.5501523246660323,1.9,1.9,0.0,0.0,2024,0.045289416865461174,-1.0,-1.0,A (no rain flag)
total,under,0.48761444918315,1.9,1.95,1.0,0.0,2024,-0.07353254655201502,0.8999999999999999,0.95,A (no rain flag)
total,under,0.5347281854528182,1.87,1.8,0.0,-3.0,2024,-5.829320322991993e-05,-1.0,-1.0,A (no rain flag)
total,under,0.47120522927566455,1.87,1.9,0.0,1.0,2024,-0.11884622125450728,-1.0,-1.0,A (no rain flag)
total,under,0.4788988257784913,1.87,1.9,1.0,0.0,2024,-0.10445919579422125,0.8700000000000001,0.8999999999999999,A (no rain flag)
total,under,0.5691234295541905,1.87,1.95,0.0,-1.0,2024,0.06426081326633626,-1.0,-1.0,A (no rain flag)
total,under,0.5582920289321022,1.9,1.9,0.0,-1.0,2024,0.06075485497099398,-1.0,-1.0,A (no rain flag)
total,under,0.5519851776927269,1.87,1.85,1.0,1.0,2024,0.03221228228539941,0.8700000000000001,0.8500000000000001,A (no rain flag)
total,under,0.5747207133500767,1.87,1.85,1.0,-1.0,2024,0.0747277339646435,0.8700000000000001,0.8500000000000001,A (no rain flag)
total,under,0.5149828271381515,1.87,1.9,0.0,0.0,2024,-0.03698211325165668,-1.0,-1.0,A (no rain flag)
total,under,0.588640745621899,1.85,1.85,1.0,0.0,2024,0.08898537940051332,0.8500000000000001,0.8500000000000001,A (no rain flag)
total,under,0.601081738863726,1.85,1.95,1.0,0.0,2024,0.112001216897893,0.8500000000000001,0.95,A (no rain flag)
total,under,0.5458692652673056,1.87,1.9,1.0,0.0,2024,0.02077552604986166,0.8700000000000001,0.8999999999999999,A (no rain flag)
total,under,0.4950775705201633,1.85,2.0,0.0,-1.0,2024,-0.0841064945376978,-1.0,-1.0,A (no rain flag)
total,under,0.5594359552616439,1.85,1.9,0.0,0.0,2024,0.03495651723404136,-1.0,-1.0,A (no rain flag)
total,under,0.5759002324827207,1.87,1.85,1.0,3.0,2024,0.07693343474268777,0.8700000000000001,0.8500000000000001,A (no rain flag)
total,under,0.5251457658867262,1.9,1.85,1.0,0.0,2024,-0.0022230448152201765,0.8999999999999999,0.8500000000000001,A (no rain flag)
total,under,0.5109024302692311,1.9,1.85,0.0,-1.0,2024,-0.02928538248846091,-1.0,-1.0,A (no rain flag)
total,under,0.5142837126047111,1.87,1.85,1.0,0.0,2024,-0.03828945742919021,0.8700000000000001,0.8500000000000001,A (no rain flag)
total,under,0.505902246122838,1.9,1.9,0.0,0.0,2024,-0.03878573236660787,-1.0,-1.0,A (no rain flag)
total,under,0.533095543804812,1.87,1.9,0.0,0.0,2024,-0.0031113330850014442,-1.0,-1.0,A (no rain flag)
total,under,0.5486075163329285,1.87,1.9,1.0,0.0,2024,0.025896055542576235,0.8700000000000001,0.8999999999999999,A (no rain flag)
total,under,0.6039748359783759,1.87,1.85,1.0,1.0,2024,0.1294329432795629,0.8700000000000001,0.8500000000000001,A (no rain flag)
total,under,0.5292239316380055,1.85,1.85,1.0,1.0,2024,-0.020935726469689775,0.8500000000000001,0.8500000000000001,A (no rain flag)
total,under,0.6157658308822609,1.87,1.85,1.0,2.0,2024,0.15148210374982796,0.8700000000000001,0.8500000000000001,A (no rain flag)
total,under,0.5788475414547649,1.85,2.0,1.0,0.0,2024,0.0708679516913151,0.8500000000000001,1.0,A (no rain flag)
total,under,0.5431633253605619,1.9,2.0,1.0,0.0,2024,0.0320103181850675,0.8999999999999999,1.0,A (no rain flag)
total,under,0.5409658436267291,1.87,1.85,1.0,0.0,2024,0.011606127581983428,0.8700000000000001,0.8500000000000001,A (no rain flag)
total,under,0.5460294473861569,1.9,1.9,1.0,-1.0,2024,0.03745595003369795,0.8999999999999999,0.8999999999999999,A (no rain flag)
total,under,0.570847616535138,1.95,1.85,0.0,-1.0,2024,0.11315285224351923,-1.0,-1.0,A (no rain flag)
total,under,0.594177729383387,1.85,1.85,1.0,0.0,2024,0.09922879935926598,0.8500000000000001,0.8500000000000001,A (no rain flag)
total,under,0.6497423912836594,1.85,1.85,0.0,0.0,2024,0.20202342387477001,-1.0,-1.0,A (no rain flag)
total,under,0.5756967088847542,1.87,1.9,1.0,0.0,2024,0.07655284561449038,0.8700000000000001,0.8999999999999999,A (no rain flag)
total,under,0.5150526191145319,1.87,1.85,0.0,-2.0,2024,-0.03685160225582529,-1.0,-1.0,A (no rain flag)
total,under,0.538150184648054,1.87,1.95,0.0,0.0,2024,0.006340845291860964,-1.0,-1.0,A (no rain flag)
total,under,0.5713805105854779,1.87,1.9,1.0,-1.0,2024,0.06848155479484364,0.8700000000000001,0.8999999999999999,A (no rain flag)
total,under,0.5627059891354376,1.87,1.85,0.0,-1.0,2024,0.05226019968326834,-1.0,-1.0,A (no rain flag)
total,under,0.5520930497999621,1.87,1.9,0.0,-1.0,2024,0.032414003125929236,-1.0,-1.0,A (no rain flag)
total,under,0.5111401295055944,1.87,1.85,1.0,0.0,2024,-0.04416795782453842,0.8700000000000001,0.8500000000000001,A (no rain flag)
total,under,0.5673144395983625,1.87,1.95,0.0,0.0,2024,0.060878002048937896,-1.0,-1.0,A (no rain flag)
total,under,0.5497562083648331,1.87,1.9,1.0,-1.0,2024,0.028044109642237913,0.8700000000000001,0.8999999999999999,A (no rain flag)
total,under,0.47111363117265304,1.87,1.9,1.0,1.0,2024,-0.11901750970713876,0.8700000000000001,0.8999999999999999,A (no rain flag)
total,under,0.5258990057562261,1.87,1.9,0.0,0.0,2024,-0.01656885923585727,-1.0,-1.0,A (no rain flag)
total,under,0.5908486098351633,1.87,2.0,1.0,0.0,2024,0.10488690039175541,0.8700000000000001,1.0,A (no rain flag)
total,under,0.5185538003058412,1.85,1.9,1.0,0.0,2024,-0.040675469434193756,0.8500000000000001,0.8999999999999999,A (no rain flag)
total,under,0.5663890410667018,1.85,1.85,1.0,0.0,2024,0.047819725973398564,0.8500000000000001,0.8500000000000001,A (no rain flag)
total,under,0.6169416763850307,1.87,1.9,1.0,0.0,2024,0.15368093484000744,0.8700000000000001,0.8999999999999999,A (no rain flag)
total,under,0.5883334529521816,1.87,1.9,0.0,0.0,2024,0.1001835570205798,-1.0,-1.0,A (no rain flag)
total,under,0.5791311689945583,1.87,1.9,0.0,0.0,2024,0.08297528601982407,-1.0,-1.0,A (no rain flag)
total,under,0.6115392302028819,1.87,1.85,0.0,0.0,2024,0.1435783604793892,-1.0,-1.0,A (no rain flag)
total,under,0.5580447727046335,1.87,1.95,0.0,0.0,2024,0.043543724957664676,-1.0,-1.0,A (no rain flag)
total,under,0.6208915045116112,1.87,1.9,1.0,0.0,2024,0.16106711343671298,0.8700000000000001,0.8999999999999999,A (no rain flag)
total,under,0.5882112569313549,1.87,1.95,1.0,0.0,2024,0.09995505046163378,0.8700000000000001,0.95,A (no rain flag)
total,under,0.5657575908161184,1.87,1.95,0.0,0.0,2024,0.057966694826141474,-1.0,-1.0,A (no rain flag)
total,under,0.5789101574926935,1.9,1.85,0.0,-2.0,2024,0.0999292992361176,-1.0,-1.0,A (no rain flag)
total,under,0.5499723069676405,1.95,1.9,0.0,-1.0,2024,0.07244599858689904,-1.0,-1.0,A (no rain flag)
total,under,0.6340208304498576,1.85,1.85,0.0,0.0,2024,0.17293853633223666,-1.0,-1.0,A (no rain flag)
total,under,0.6120776604192925,1.87,1.95,1.0,-1.0,2024,0.1445852249840769,0.8700000000000001,0.95,A (no rain flag)
total,under,0.5807957845551837,1.9,2.0,1.0,-2.0,2024,0.10351199065484895,0.8999999999999999,1.0,A (no rain flag)
total,under,0.6250414582152394,1.8,1.9,1.0,1.0,2024,0.1250746247874308,0.8,0.8999999999999999,A (no rain flag)
total,under,0.6039602250181528,1.87,1.85,1.0,-1.0,2024,0.1294056207839458,0.8700000000000001,0.8500000000000001,A (no rain flag)
total,under,0.6038565442925781,1.87,2.0,1.0,0.0,2024,0.12921173782712114,0.8700000000000001,1.0,A (no rain flag)
total,under,0.6140674550815661,1.87,1.9,1.0,0.0,2024,0.1483061410025288,0.8700000000000001,0.8999999999999999,A (no rain flag)
total,under,0.5584816497287478,1.87,1.95,0.0,0.0,2024,0.04436068499275847,-1.0,-1.0,A (no rain flag)
total,under,0.5757084872757072,1.87,1.95,0.0,0.0,2024,0.07657487120557249,-1.0,-1.0,A (no rain flag)
total,under,0.5994311591398837,1.87,1.9,0.0,-1.0,2024,0.1209362675915826,-1.0,-1.0,A (no rain flag)
total,under,0.5797763107220169,1.87,1.85,1.0,0.0,2024,0.08418170105017153,0.8700000000000001,0.8500000000000001,A (no rain flag)
total,under,0.6203155953466393,1.9,1.9,0.0,0.0,2024,0.17859963115861466,-1.0,-1.0,A (no rain flag)
total,under,0.6215523411638656,1.8,1.87,0.0,1.0,2024,0.11879421409495805,-1.0,-1.0,A (no rain flag)
total,under,0.5090020401492427,1.87,2.0,0.0,0.0,2024,-0.04816618492091618,-1.0,-1.0,A (no rain flag)
total,under,0.6556512192247568,1.87,1.8,1.0,-2.0,2024,0.22606777995029526,0.8700000000000001,0.8,A (no rain flag)
total,under,0.6165272496058567,1.8,1.8,1.0,0.0,2024,0.10974904929054219,0.8,0.8,A (no rain flag)
total,under,0.6105139552616325,1.87,1.95,1.0,0.0,2024,0.14166109633925283,0.8700000000000001,0.95,A (no rain flag)
total,under,0.5933060702640625,1.87,2.0,1.0,-1.0,2024,0.1094823513937968,0.8700000000000001,1.0,A (no rain flag)
total,under,0.623960558148803,1.87,1.95,1.0,0.0,2024,0.1668062437382618,0.8700000000000001,0.95,A (no rain flag)
total,under,0.6341444260323899,1.9,1.85,1.0,-1.0,2024,0.20487440946154067,0.8999999999999999,0.8500000000000001,A (no rain flag)
total,under,0.6166348440555851,1.85,1.95,1.0,-1.0,2024,0.14077446150283257,0.8500000000000001,0.95,A (no rain flag)
total,under,0.6199083018515757,1.85,1.9,0.0,-1.0,2024,0.14683035842541514,-1.0,-1.0,A (no rain flag)
total,under,0.5168092645927349,1.9,2.0,0.0,0.0,2024,-0.018062397273803765,-1.0,-1.0,A (no rain flag)
total,under,0.615996625896064,1.9,1.9,0.0,0.0,2024,0.17039358920252146,-1.0,-1.0,A (no rain flag)
total,under,0.5376864333337623,1.9,1.85,1.0,0.0,2024,0.021604223334148243,0.8999999999999999,0.8500000000000001,A (no rain flag)
total,under,0.6412251559023301,1.87,1.95,0.0,-1.0,2024,0.19909104153735724,-1.0,-1.0,A (no rain flag)
total,under,0.588487764925751,1.87,1.9,0.0,0.0,2024,0.10047212041115428,-1.0,-1.0,A (no rain flag)
total,under,0.6345377056593319,1.87,1.9,0.0,0.0,2024,0.18658550958295073,-1.0,-1.0,A (no rain flag)
total,under,0.5640975409269906,1.87,1.9,0.0,0.0,2024,0.05486240153347244,-1.0,-1.0,A (no rain flag)
total,under,0.6349545049365076,1.87,1.9,0.0,0.0,2024,0.18736492423126938,-1.0,-1.0,A (no rain flag)
total,under,0.5446175589215486,1.95,1.9,0.0,-1.0,2024,0.06200423989701975,-1.0,-1.0,A (no rain flag)
total,under,0.6242257907025502,1.87,2.0,1.0,-1.0,2024,0.1673022286137691,0.8700000000000001,1.0,A (no rain flag)
total,under,0.6166792961144495,1.85,2.0,0.0,0.0,2024,0.1408566978117316,-1.0,-1.0,A (no rain flag)
total,under,0.5836137962499518,1.95,2.0,1.0,-2.0,2024,0.13804690268740605,0.95,1.0,A (no rain flag)
total,under,0.6106679330904974,1.87,1.9,0.0,-1.0,2024,0.14194903487923027,-1.0,-1.0,A (no rain flag)
total,under,0.6238447075552084,1.85,1.95,1.0,-2.0,2024,0.15411270897713547,0.8500000000000001,0.95,A (no rain flag)
total,under,0.6428476615745095,1.87,1.95,1.0,-2.0,2024,0.20212512714433273,0.8700000000000001,0.95,A (no rain flag)
total,under,0.6133953662533709,1.87,1.95,0.0,-3.0,2024,0.14704933489380356,-1.0,-1.0,A (no rain flag)
total,under,0.5821023356602716,1.85,1.95,0.0,-2.0,2024,0.07688932097150247,-1.0,-1.0,A (no rain flag)
total,under,0.6181880438771606,1.87,1.9,0.0,0.0,2024,0.1560116420502904,-1.0,-1.0,A (no rain flag)
total,under,0.6223820892166413,1.87,2.0,1.0,-3.0,2024,0.16385450683511937,0.8700000000000001,1.0,A (no rain flag)
total,under,0.5584615732209826,1.87,1.95,0.0,-2.0,2024,0.0443231419232375,-1.0,-1.0,A (no rain flag)
total,under,0.6531298041247451,1.85,1.95,1.0,-3.0,2024,0.20829013763077842,0.8500000000000001,0.95,A (no rain flag)
total,under,0.5971893745010535,1.87,1.85,0.0,-3.0,2024,0.11674413031697006,-1.0,-1.0,A (no rain flag)
total,under,0.6298712017920445,1.85,1.95,1.0,2.0,2024,0.16526172331528244,0.8500000000000001,0.95,A (no rain flag)
total,under,0.46575953789207936,1.87,1.95,1.0,0.0,2024,-0.1290296641418116,0.8700000000000001,0.95,A (no rain flag)
total,under,0.5376679592040704,1.87,1.95,0.0,0.0,2024,0.005439083711611614,-1.0,-1.0,A (no rain flag)
total,under,0.49264724880918953,1.95,2.0,0.0,-1.0,2024,-0.03933786482208046,-1.0,-1.0,A (no rain flag)
total,under,0.4958653740811886,1.9,1.9,0.0,-1.0,2024,-0.05785578924574175,-1.0,-1.0,A (no rain flag)
total,under,0.5015121082380654,1.9,1.95,1.0,-1.0,2024,-0.047126994347675866,0.8999999999999999,0.95,A (no rain flag)
total,under,0.5059080672240865,1.9,1.9,0.0,0.0,2024,-0.03877467227423559,-1.0,-1.0,A (no rain flag)
total,under,0.5093092517304498,1.9,1.95,0.0,0.0,2024,-0.03231242171214532,-1.0,-1.0,A (no rain flag)
total,under,0.5044915886825526,1.9,2.0,1.0,0.0,2024,-0.04146598150315006,0.8999999999999999,1.0,A (no rain flag)
total,under,0.4327967145731346,1.95,1.95,1.0,-1.0,2024,-0.15604640658238755,0.95,0.95,A (no rain flag)
total,under,0.4369209860938169,1.9,2.0,1.0,0.0,2025,-0.1698501264217479,0.8999999999999999,1.0,A (no rain flag)
total,under,0.45114165250739346,1.85,1.8,0.0,0.0,2025,-0.16538794286132208,-1.0,-1.0,A (no rain flag)
total,under,0.4283032565632935,1.95,1.95,0.0,-1.0,2025,-0.16480864970157771,-1.0,-1.0,A (no rain flag)
total,under,0.4552595139295156,1.9,1.89,1.0,15.0,2025,-0.1350069235339204,0.8999999999999999,0.8899999999999999,A (no rain flag)
total,under,0.48635313592838303,1.9,1.9,1.0,0.0,2025,-0.07592904173607229,0.8999999999999999,0.8999999999999999,A (no rain flag)
total,under,0.3932336730678444,1.9,1.95,0.0,0.0,2025,-0.2528560211710956,-1.0,-1.0,A (no rain flag)
total,under,0.4751783783211746,1.85,1.9,0.0,-2.0,2025,-0.12092000010582693,-1.0,-1.0,A (no rain flag)
total,under,0.4977577972836216,1.9,1.9,0.0,-5.0,2025,-0.05426018516111908,-1.0,-1.0,A (no rain flag)
total,under,0.5654163991535817,1.85,1.8,1.0,0.0,2025,0.04602033843412623,0.8500000000000001,0.8,A (no rain flag)
total,under,0.5241686160911403,1.87,1.95,0.0,0.0,2025,-0.019804687909567575,-1.0,-1.0,A (no rain flag)
total,under,0.6023787598196296,1.95,1.95,0.0,-1.0,2025,0.17463858164827784,-1.0,-1.0,A (no rain flag)
total,under,0.6173733676273203,1.95,1.95,1.0,0.0,2025,0.20387806687327448,0.95,0.95,A (no rain flag)
total,under,0.5542600423582051,1.87,1.9,1.0,0.0,2025,0.03646627920984358,0.8700000000000001,0.8999999999999999,A (no rain flag)
total,under,0.5419255374673564,1.87,1.9,0.0,0.0,2025,0.013400755063956549,-1.0,-1.0,A (no rain flag)
total,under,0.5377328097859148,1.95,2.0,1.0,-2.0,2025,0.048578979082533724,0.95,1.0,A (no rain flag)
total,under,0.5234905234104836,1.9,1.95,0.0,-2.0,2025,-0.005368005520081098,-1.0,-1.0,A (no rain flag)
total,under,0.4982604140161281,1.87,1.85,0.0,2.0,2025,-0.06825302578984038,-1.0,-1.0,A (no rain flag)
total,under,0.5243345254226628,1.87,1.85,1.0,-2.0,2025,-0.01949443745962054,0.8700000000000001,0.8500000000000001,A (no rain flag)
total,under,0.6200385398964059,1.85,1.95,1.0,-1.0,2025,0.1470712988083509,0.8500000000000001,0.95,A (no rain flag)
total,under,0.5997794086146501,1.87,1.85,1.0,-6.0,2025,0.12158749410939573,0.8700000000000001,0.8500000000000001,A (no rain flag)
total,under,0.5642442387074996,1.87,2.0,0.0,0.0,2025,0.05513672638302425,-1.0,-1.0,A (no rain flag)
total,under,0.5949044746425669,1.85,1.9,1.0,0.0,2025,0.10057327808874872,0.8500000000000001,0.8999999999999999,A (no rain flag)
total,under,0.49988079355190174,1.9,1.9,1.0,-2.0,2025,-0.050226492251386756,0.8999999999999999,0.8999999999999999,A (no rain flag)
total,under,0.5564682071405499,1.9,1.85,0.0,-2.0,2025,0.05728959356704477,-1.0,-1.0,A (no rain flag)
total,under,0.5394650026704529,1.87,1.85,1.0,1.0,2025,0.00879955499374696,0.8700000000000001,0.8500000000000001,A (no rain flag)
total,under,0.5727104784614573,1.85,1.85,1.0,0.0,2025,0.059514385153696114,0.8500000000000001,0.8500000000000001,A (no rain flag)
total,under,0.5351773483050748,1.87,1.9,1.0,1.0,2025,0.0007816413304899683,0.8700000000000001,0.8999999999999999,A (no rain flag)
total,under,0.5109363447837241,1.87,2.0,1.0,4.0,2025,-0.044549035254435876,0.8700000000000001,1.0,A (no rain flag)
total,under,0.5056215877505098,1.87,1.85,0.0,1.0,2025,-0.054487630906546625,-1.0,-1.0,A (no rain flag)
total,under,0.5433337191018035,1.87,1.85,1.0,2.0,2025,0.01603405472037256,0.8700000000000001,0.8500000000000001,A (no rain flag)
total,under,0.6640003619625037,1.87,1.85,1.0,1.0,2025,0.24168067686988204,0.8700000000000001,0.8500000000000001,A (no rain flag)
total,under,0.569394362322831,1.8,1.85,0.0,2.0,2025,0.02490985218109598,-1.0,-1.0,A (no rain flag)
total,under,0.5037180557309104,1.87,1.9,1.0,0.0,2025,-0.05804723578319737,0.8700000000000001,0.8999999999999999,A (no rain flag)
total,under,0.5708983802099357,1.95,1.95,1.0,0.0,2025,0.11325184140937461,0.95,0.95,A (no rain flag)
total,under,0.5378743192527707,1.87,1.85,1.0,0.0,2025,0.005824977002681253,0.8700000000000001,0.8500000000000001,A (no rain flag)
total,under,0.5397853489861656,1.87,1.85,1.0,0.0,2025,0.009398602604129724,0.8700000000000001,0.8500000000000001,A (no rain flag)
total,under,0.6343262520364197,1.87,1.85,1.0,0.0,2025,0.18619009130810493,0.8700000000000001,0.8500000000000001,A (no rain flag)
total,under,0.6382286930683685,1.8,1.8,0.0,0.0,2025,0.14881164752306342,-1.0,-1.0,A (no rain flag)
total,under,0.5092508008431962,1.8,2.0,0.0,0.0,2025,-0.08334855848224687,-1.0,-1.0,A (no rain flag)
total,under,0.5487870573584246,1.87,1.8,1.0,0.0,2025,0.026231797260254153,0.8700000000000001,0.8,A (no rain flag)
total,under,0.5327576916699566,1.85,1.85,1.0,0.0,2025,-0.014398270410580283,0.8500000000000001,0.8500000000000001,A (no rain flag)
total,under,0.5555156719006995,1.87,1.95,0.0,1.0,2025,0.038814306454308056,-1.0,-1.0,A (no rain flag)
total,under,0.5756661014602642,1.8,1.8,1.0,0.0,2025,0.03619898262847565,0.8,0.8,A (no rain flag)
total,under,0.5603796702248511,1.87,1.95,1.0,0.0,2025,0.047909983320471694,0.8700000000000001,0.95,A (no rain flag)
total,under,0.5637173483313151,1.9,1.95,1.0,0.0,2025,0.07106296182949867,0.8999999999999999,0.95,A (no rain flag)
total,under,0.4919237564115687,1.87,1.85,0.0,0.0,2025,-0.08010257551036648,-1.0,-1.0,A (no rain flag)
total,under,0.6187312097060093,1.87,1.9,0.0,-2.0,2025,0.15702736215023738,-1.0,-1.0,A (no rain flag)
total,under,0.5265463488439961,1.87,1.9,1.0,0.0,2025,-0.015358327661727289,0.8700000000000001,0.8999999999999999,A (no rain flag)
total,under,0.5271804294830031,1.85,1.87,1.0,20.0,2025,-0.02471620545644415,0.8500000000000001,0.8700000000000001,A (no rain flag)
total,under,0.5502721720163419,1.87,1.9,1.0,0.0,2025,0.029008961670559552,0.8700000000000001,0.8999999999999999,A (no rain flag)
total,under,0.5473564560253109,1.87,1.9,0.0,0.0,2025,0.023556572767331474,-1.0,-1.0,A (no rain flag)
total,under,0.48912363525638425,1.9,1.9,1.0,0.0,2025,-0.07066509301286994,0.8999999999999999,0.8999999999999999,A (no rain flag)
total,under,0.49548658560832803,1.85,1.85,0.0,0.0,2025,-0.08334981662459306,-1.0,-1.0,A (no rain flag)
total,under,0.5474255885463362,1.87,1.8,1.0,-1.0,2025,0.023685850581648626,0.8700000000000001,0.8,A (no rain flag)
total,under,0.49363181121654964,1.85,1.85,0.0,0.0,2025,-0.08678114924938307,-1.0,-1.0,A (no rain flag)
total,under,0.5381324319061074,1.9,1.9,0.0,0.0,2025,0.022451620621603885,-1.0,-1.0,A (no rain flag)
total,under,0.45897595274735226,1.8,1.9,0.0,2.0,2025,-0.17384328505476587,-1.0,-1.0,A (no rain flag)
total,under,0.4995078046543845,1.95,1.85,0.0,0.0,2025,-0.025959780923950238,-1.0,-1.0,A (no rain flag)
total,under,0.56333760612313,1.8,1.9,1.0,2.0,2025,0.014007691021634017,0.8,0.8999999999999999,A (no rain flag)
total,under,0.5727141135333131,1.87,1.9,1.0,2.0,2025,0.07097539230729555,0.8700000000000001,0.8999999999999999,A (no rain flag)
total,under,0.5629802438078799,1.87,2.0,0.0,0.0,2025,0.052773055920735557,-1.0,-1.0,A (no rain flag)
total,under,0.5131655216262634,1.87,1.85,1.0,0.0,2025,-0.04038047455888738,0.8700000000000001,0.8500000000000001,A (no rain flag)
total,under,0.5398729963516956,1.87,1.95,0.0,-1.0,2025,0.009562503177670933,-1.0,-1.0,A (no rain flag)
total,under,0.5009537630488934,1.87,6.5,1.0,21.0,2025,-0.06321646309856932,0.8700000000000001,5.5,A (no rain flag)
total,under,0.5316700653485613,1.87,1.95,1.0,0.0,2025,-0.005776977798190308,0.8700000000000001,0.95,A (no rain flag)
total,under,0.5217868898188578,1.87,1.9,0.0,0.0,2025,-0.024258516038735856,-1.0,-1.0,A (no rain flag)
total,under,0.5687681252153114,1.87,1.8,1.0,0.0,2025,0.0635963941526323,0.8700000000000001,0.8,A (no rain flag)
total,under,0.5235681609515084,1.87,1.9,0.0,3.0,2025,-0.02092753902067923,-1.0,-1.0,A (no rain flag)
total,under,0.5150017096496333,1.85,1.9,0.0,2.0,2025,-0.047246837148178344,-1.0,-1.0,A (no rain flag)
total,under,0.5040575581808222,1.87,1.9,0.0,-1.0,2025,-0.05741236620186241,-1.0,-1.0,A (no rain flag)
total,under,0.4872153415618683,1.87,1.95,1.0,-1.0,2025,-0.08890731127930618,0.8700000000000001,0.95,A (no rain flag)
total,under,0.4855789898552775,1.85,1.9,1.0,-1.0,2025,-0.10167886876773657,0.8500000000000001,0.8999999999999999,A (no rain flag)
total,under,0.5341201358211873,1.87,1.95,1.0,0.0,2025,-0.0011953460143796502,0.8700000000000001,0.95,A (no rain flag)
total,under,0.58048186542585,1.95,1.85,1.0,0.0,2025,0.1319396375804074,0.95,0.8500000000000001,A (no rain flag)
total,under,0.538520113569775,1.87,1.85,1.0,0.0,2025,0.0070326123754793635,0.8700000000000001,0.8500000000000001,A (no rain flag)
total,under,0.5126126993845769,1.8,1.95,0.0,2.0,2025,-0.07729714110776165,-1.0,-1.0,A (no rain flag)
total,under,0.5201622849680813,1.87,1.9,1.0,0.0,2025,-0.027296527109687996,0.8700000000000001,0.8999999999999999,A (no rain flag)
total,under,0.5899896785780983,1.87,1.85,0.0,-2.0,2025,0.10328069894104375,-1.0,-1.0,A (no rain flag)
total,under,0.5656617008084386,1.87,1.87,1.0,0.0,2025,0.05778738051178012,0.8700000000000001,0.8700000000000001,A (no rain flag)
total,under,0.5626994415659109,1.8,1.8,1.0,1.0,2025,0.012858994818639724,0.8,0.8,A (no rain flag)
total,under,0.47386762747425293,1.87,1.85,0.0,-1.0,2025,-0.11386753662314697,-1.0,-1.0,A (no rain flag)
total,under,0.5542694162544766,1.8,1.9,1.0,0.0,2025,-0.0023150507419421595,0.8,0.8999999999999999,A (no rain flag)
total,under,0.5508486644663989,1.87,1.95,1.0,-1.0,2025,0.03008700255216601,0.8700000000000001,0.95,A (no rain flag)
total,under,0.49265004486891895,1.85,1.8,0.0,0.0,2025,-0.0885974169924999,-1.0,-1.0,A (no rain flag)
total,under,0.6030488552359243,1.8,1.9,0.0,0.0,2025,0.08548793942466393,-1.0,-1.0,A (no rain flag)
total,under,0.528243258518839,1.85,1.85,0.0,0.0,2025,-0.022749971740147812,-1.0,-1.0,A (no rain flag)
total,under,0.5266634046459178,1.85,1.8,1.0,0.0,2025,-0.025672701405052067,0.8500000000000001,0.8,A (no rain flag)
total,under,0.4497431356771693,1.87,1.59,0.0,0.0,2025,-0.15898033628369335,-1.0,-1.0,A (no rain flag)
total,under,0.4812825373572569,1.85,1.95,1.0,3.0,2025,-0.10962730588907466,0.8500000000000001,0.95,A (no rain flag)
total,under,0.5057534125410306,1.9,1.95,1.0,1.0,2025,-0.03906851617204199,0.8999999999999999,0.95,A (no rain flag)
total,under,0.42852715770574756,1.87,2.0,0.0,0.0,2025,-0.19865421509025205,-1.0,-1.0,A (no rain flag)
total,under,0.44453470720137356,1.9,1.9,1.0,-2.0,2025,-0.15538405631739027,0.8999999999999999,0.8999999999999999,A (no rain flag)
total,under,0.5142536701895024,1.83,1.8,1.0,0.0,2025,-0.05891578355321059,0.8300000000000001,0.8,A (no rain flag)
total,under,0.45755545858326363,1.87,1.8,1.0,1.0,2025,-0.14437129244929692,0.8700000000000001,0.8,A (no rain flag)
total,under,0.5486020565475067,1.9,1.85,0.0,0.0,2025,0.04234390744026273,-1.0,-1.0,A (no rain flag)
total,under,0.5027153379540994,1.87,1.85,1.0,0.0,2025,-0.05992231802583403,0.8700000000000001,0.8500000000000001,A (no rain flag)
total,under,0.5445193338968582,1.93,2.0,0.0,0.0,2025,0.05092231442093631,-1.0,-1.0,A (no rain flag)
total,under,0.48991515363671523,1.87,1.9,1.0,0.0,2025,-0.0838586626993425,0.8700000000000001,0.8999999999999999,A (no rain flag)
total,under,0.44197619974208746,1.87,1.95,0.0,-1.0,2025,-0.17350450648229643,-1.0,-1.0,A (no rain flag)
total,under,0.5382281385767484,1.9,1.8,0.0,1.0,2025,0.022633463295822054,-1.0,-1.0,A (no rain flag)
total,under,0.5544740618571852,1.87,1.9,0.0,0.0,2025,0.03686649567293632,-1.0,-1.0,A (no rain flag)
total,under,0.541456213326547,1.87,1.95,0.0,0.0,2025,0.01252311892064295,-1.0,-1.0,A (no rain flag)
total,under,0.5163538878753782,1.85,1.85,0.0,0.0,2025,-0.044745307430550385,-1.0,-1.0,A (no rain flag)
total,under,0.5666898495201617,1.85,1.85,0.0,0.0,2025,0.04837622161229915,-1.0,-1.0,A (no rain flag)
total,under,0.5483110154957629,1.9,1.8,0.0,0.0,2025,0.0417909294419494,-1.0,-1.0,A (no rain flag)
total,under,0.48128522936838625,1.85,1.85,1.0,0.0,2025,-0.1096223256684854,0.8500000000000001,0.8500000000000001,A (no rain flag)
total,under,0.5421534287751228,1.87,1.9,1.0,1.0,2025,0.013826911809479814,0.8700000000000001,0.8999999999999999,A (no rain flag)
total,under,0.5267571923545987,1.85,1.85,0.0,0.0,2025,-0.025499194143992265,-1.0,-1.0,A (no rain flag)
total,under,0.5014178581175828,1.87,1.85,1.0,0.0,2025,-0.06234860532012021,0.8700000000000001,0.8500000000000001,A (no rain flag)
total,under,0.4494225598264857,1.9,2.0,1.0,0.0,2025,-0.14609713632967714,0.8999999999999999,1.0,A (no rain flag)
total,under,0.49996989309792195,1.87,1.85,0.0,-1.0,2025,-0.06505629990688588,-1.0,-1.0,A (no rain flag)
total,under,0.49756739969957975,1.8,1.8,1.0,1.0,2025,-0.10437868054075639,0.8,0.8,A (no rain flag)
total,under,0.4577549880867854,1.87,1.95,1.0,0.0,2025,-0.14399817227771128,0.8700000000000001,0.95,A (no rain flag)
total,under,0.5196205170356311,1.87,1.9,0.0,0.0,2025,-0.028309633143369872,-1.0,-1.0,A (no rain flag)
total,under,0.5758055092981396,1.87,1.9,1.0,1.0,2025,0.07675630238752107,0.8700000000000001,0.8999999999999999,A (no rain flag)
total,under,0.4859721842332224,1.85,1.85,0.0,0.0,2025,-0.10095145916853854,-1.0,-1.0,A (no rain flag)
total,under,0.5334351535005228,1.87,1.9,0.0,0.0,2025,-0.002476262954022257,-1.0,-1.0,A (no rain flag)
total,under,0.4934124190459189,1.87,1.95,0.0,-1.0,2025,-0.07731877638413154,-1.0,-1.0,A (no rain flag)
total,under,0.5042510611531807,1.85,1.9,0.0,1.0,2025,-0.06713553686661555,-1.0,-1.0,A (no rain flag)
total,under,0.4719706238662684,1.85,1.85,1.0,0.0,2025,-0.1268543458474034,0.8500000000000001,0.8500000000000001,A (no rain flag)
total,under,0.5777561751068747,1.85,1.95,1.0,0.0,2025,0.06884892394771835,0.8500000000000001,0.95,A (no rain flag)
total,under,0.5140410239454685,1.85,1.8,1.0,0.0,2025,-0.049024105700883336,0.8500000000000001,0.8,A (no rain flag)
total,under,0.5496102269820774,1.85,1.95,1.0,0.0,2025,0.016778919916843327,0.8500000000000001,0.95,A (no rain flag)
total,under,0.5226874390711733,1.87,1.95,0.0,0.0,2025,-0.022574488936905834,-1.0,-1.0,A (no rain flag)
total,under,0.5507790935218021,1.87,1.95,0.0,0.0,2025,0.029956904885769964,-1.0,-1.0,A (no rain flag)
total,under,0.508641585258726,1.9,1.85,1.0,-1.0,2025,-0.033580988008420576,0.8999999999999999,0.8500000000000001,A (no rain flag)
total,under,0.5264300492225713,1.87,1.9,0.0,0.0,2025,-0.015575807953791654,-1.0,-1.0,A (no rain flag)
total,under,0.4777669750489666,1.87,1.9,1.0,0.0,2025,-0.10657575665843244,0.8700000000000001,0.8999999999999999,A (no rain flag)
total,under,0.536448605737869,1.8,1.9,0.0,1.0,2025,-0.034392509671835714,-1.0,-1.0,A (no rain flag)
total,under,0.4321213582277945,1.95,1.9,1.0,-2.0,2025,-0.15736335145580072,0.95,0.8999999999999999,A (no rain flag)
total,under,0.5378419499558761,1.9,1.9,0.0,-2.0,2025,0.021899704916164442,-1.0,-1.0,A (no rain flag)
total,under,0.5217185287785392,1.87,2.0,1.0,-1.0,2025,-0.024386351184131683,0.8700000000000001,1.0,A (no rain flag)
total,under,0.4542368844366649,1.85,1.9,1.0,-2.0,2025,-0.1596617637921699,0.8500000000000001,0.8999999999999999,A (no rain flag)
total,under,0.4925803290701928,1.87,1.95,1.0,1.0,2025,-0.07887478463873943,0.8700000000000001,0.95,A (no rain flag)
total,under,0.4562711363850501,1.87,1.95,0.0,0.0,2025,-0.14677297495995623,-1.0,-1.0,A (no rain flag)
total,under,0.49783470248962025,1.8,1.95,1.0,1.0,2025,-0.10389753551868353,0.8,0.95,A (no rain flag)
total,under,0.5282838447280569,1.87,1.9,0.0,0.0,2025,-0.012109210358533518,-1.0,-1.0,A (no rain flag)
total,under,0.4531053702824589,1.87,1.9,1.0,0.0,2025,-0.1526929575718018,0.8700000000000001,0.8999999999999999,A (no rain flag)
total,under,0.46139740458418255,1.95,1.85,1.0,-1.0,2025,-0.10027506106084405,0.95,0.8500000000000001,A (no rain flag)
total,under,0.5194064739143329,1.87,1.95,0.0,-1.0,2025,-0.028709893780197393,-1.0,-1.0,A (no rain flag)
total,under,0.4963967320166254,1.87,1.85,0.0,0.0,2025,-0.07173811112891049,-1.0,-1.0,A (no rain flag)
total,under,0.5505029116539486,1.87,1.85,1.0,1.0,2025,0.02944044479288399,0.8700000000000001,0.8500000000000001,A (no rain flag)
total,under,0.5513041462900683,1.87,1.95,0.0,-1.0,2025,0.0309387535624277,-1.0,-1.0,A (no rain flag)
total,under,0.5210334389456659,1.87,1.9,1.0,0.0,2025,-0.025667469171604673,0.8700000000000001,0.8999999999999999,A (no rain flag)
total,under,0.5426027377026238,1.87,1.95,1.0,0.0,2025,0.014667119503906534,0.8700000000000001,0.95,A (no rain flag)
total,under,0.5109833640748505,1.95,1.95,1.0,-2.0,2025,-0.0035824400540416246,0.95,0.95,A (no rain flag)
total,under,0.5255713821098134,1.85,1.85,1.0,0.0,2025,-0.027692943096845224,0.8500000000000001,0.8500000000000001,A (no rain flag)
total,under,0.45449502719324886,1.85,1.85,0.0,0.0,2025,-0.15918419969248954,-1.0,-1.0,A (no rain flag)
total,under,0.518039131068089,1.87,1.95,0.0,0.0,2025,-0.03126682490267363,-1.0,-1.0,A (no rain flag)
total,under,0.5634505549354913,1.87,1.9,1.0,-2.0,2025,0.05365253772936884,0.8700000000000001,0.8999999999999999,A (no rain flag)
total,under,0.5705336321164454,1.85,1.9,1.0,0.0,2025,0.055487219415423894,0.8500000000000001,0.8999999999999999,A (no rain flag)
total,under,0.5977404803916697,1.87,1.85,1.0,0.0,2025,0.11777469833242238,0.8700000000000001,0.8500000000000001,A (no rain flag)
total,under,0.5127826318661297,1.85,1.85,1.0,0.0,2025,-0.05135213104766001,0.8500000000000001,0.8500000000000001,A (no rain flag)
total,under,0.5540700845129102,1.87,1.85,0.0,0.0,2025,0.03611105803914216,-1.0,-1.0,A (no rain flag)
total,under,0.5341393343264187,1.9,2.0,0.0,0.0,2025,0.01486473522019538,-1.0,-1.0,A (no rain flag)
total,under,0.47825651566840954,1.87,1.85,1.0,1.0,2025,-0.10566031570007406,0.8700000000000001,0.8500000000000001,A (no rain flag)
total,under,0.49596882314125224,1.8,1.95,1.0,1.0,2025,-0.107256118345746,0.8,0.95,A (no rain flag)
total,under,0.5946062505615242,1.85,1.85,0.0,0.0,2025,0.10002156353881975,-1.0,-1.0,A (no rain flag)
total,under,0.5216439043671971,1.95,1.85,0.0,0.0,2025,0.017205613516034335,-1.0,-1.0,A (no rain flag)
total,under,0.4273969635321898,1.85,1.9,1.0,2.0,2025,-0.2093156174654488,0.8500000000000001,0.8999999999999999,A (no rain flag)
total,under,0.5083816026419101,1.8,1.9,1.0,3.0,2025,-0.0849131152445618,0.8,0.8999999999999999,A (no rain flag)
total,under,0.49249179153492695,1.8,1.9,1.0,2.0,2025,-0.1135147752371315,0.8,0.8999999999999999,A (no rain flag)
total,under,0.5229566358036736,1.87,1.85,1.0,2.0,2025,-0.022071091047130342,0.8700000000000001,0.8500000000000001,A (no rain flag)
total,under,0.4889508301043174,1.87,1.85,1.0,0.0,2025,-0.08566194770492641,0.8700000000000001,0.8500000000000001,A (no rain flag)
total,under,0.4913781236331799,1.9,1.8,0.0,1.0,2025,-0.06638156509695825,-1.0,-1.0,A (no rain flag)
total,under,0.5452751105768867,1.87,1.9,1.0,0.0,2025,0.01966445677877826,0.8700000000000001,0.8999999999999999,A (no rain flag)
total,under,0.4918136702039335,1.85,1.9,1.0,1.0,2025,-0.09014471012272296,0.8500000000000001,0.8999999999999999,A (no rain flag)
total,under,0.47617759891565303,1.9,1.85,0.0,-1.0,2025,-0.09526256206025929,-1.0,-1.0,A (no rain flag)
total,under,0.5291225081900041,1.87,1.9,0.0,1.0,2025,-0.010540909684692346,-1.0,-1.0,A (no rain flag)
total,under,0.595984519030752,1.87,1.95,1.0,1.0,2025,0.1144910505875063,0.8700000000000001,0.95,A (no rain flag)
total,under,0.49947541663559014,1.87,1.85,1.0,0.0,2025,-0.06598097089144639,0.8700000000000001,0.8500000000000001,A (no rain flag)
total,under,0.4316930337695266,1.87,1.9,1.0,1.0,2025,-0.19273402685098517,0.8700000000000001,0.8999999999999999,A (no rain flag)
total,under,0.487482468708347,1.9,1.85,1.0,-1.0,2025,-0.0737833094541408,0.8999999999999999,0.8500000000000001,A (no rain flag)
total,under,0.4189959022342915,1.9,1.85,0.0,-1.0,2025,-0.20390778575484614,-1.0,-1.0,A (no rain flag)
total,under,0.6019770377302227,1.8,1.85,0.0,0.0,2025,0.08355866791440092,-1.0,-1.0,A (no rain flag)
total,under,0.4986808797931569,1.87,1.9,0.0,0.0,2025,-0.06746675478679653,-1.0,-1.0,A (no rain flag)
total,under,0.5310846196064588,1.87,1.8,1.0,0.0,2025,-0.006871761335921933,0.8700000000000001,0.8,A (no rain flag)
total,under,0.5724380311563988,1.85,1.85,1.0,0.0,2025,0.05901035763933793,0.8500000000000001,0.8500000000000001,A (no rain flag)
total,under,0.5380230773392591,1.87,1.95,1.0,0.0,2025,0.006103154624414575,0.8700000000000001,0.95,A (no rain flag)
total,under,0.41608225607889393,1.85,1.85,1.0,1.0,2025,-0.23024782625404616,0.8500000000000001,0.8500000000000001,A (no rain flag)
total,under,0.4098678334946131,1.9,1.85,1.0,-1.0,2025,-0.2212511163602352,0.8999999999999999,0.8500000000000001,A (no rain flag)
total,under,0.4710156034002021,1.87,1.85,1.0,0.0,2025,-0.11920082164162205,0.8700000000000001,0.8500000000000001,A (no rain flag)
total,under,0.5276786663516457,1.87,1.85,0.0,0.0,2025,-0.013240893922422448,-1.0,-1.0,A (no rain flag)
total,under,0.5138700812654542,1.9,1.9,0.0,0.0,2025,-0.023646845595637123,-1.0,-1.0,A (no rain flag)
total,under,0.4962317672010196,1.9,1.88,1.0,7.0,2025,-0.05715964231806281,0.8999999999999999,0.8799999999999999,A (no rain flag)
total,under,0.4927890578096621,1.87,1.9,0.0,0.0,2025,-0.07848446189593183,-1.0,-1.0,A (no rain flag)
total,under,0.5376494152784432,1.87,6.2,0.0,13.0,2025,0.005404406570688858,-1.0,-1.0,A (no rain flag)
total,under,0.5084119378566447,1.87,1.81,1.0,12.0,2025,-0.04926967620807432,0.8700000000000001,0.81,A (no rain flag)
total,under,0.5279410213661995,1.87,1.85,0.0,1.0,2025,-0.012750290045206891,-1.0,-1.0,A (no rain flag)
total,under,0.47876652645610807,1.87,1.9,0.0,0.0,2025,-0.10470659552707784,-1.0,-1.0,A (no rain flag)
total,under,0.6084669713049853,1.87,1.85,1.0,0.0,2025,0.13783323634032252,0.8700000000000001,0.8500000000000001,A (no rain flag)
total,under,0.5419386191234727,1.9,1.85,0.0,-1.0,2025,0.029683376334598055,-1.0,-1.0,A (no rain flag)
total,under,0.4925825109363884,1.95,1.95,0.0,-1.0,2025,-0.03946410367404263,-1.0,-1.0,A (no rain flag)
total,under,0.6167690276035103,1.95,2.0,0.0,0.0,2025,0.20269960382684493,-1.0,-1.0,A (no rain flag)
total,under,0.5316465400105994,1.9,1.9,0.0,-1.0,2025,0.010128426020138859,-1.0,-1.0,A (no rain flag)
total,under,0.5213578136925353,1.87,1.85,1.0,0.0,2025,-0.025060888394958902,0.8700000000000001,0.8500000000000001,A (no rain flag)
total,under,0.5630932697417648,1.87,1.9,0.0,-1.0,2025,0.05298441441710011,-1.0,-1.0,A (no rain flag)
total,under,0.5902229682808393,1.85,1.9,1.0,0.0,2025,0.09191249131955281,0.8500000000000001,0.8999999999999999,A (no rain flag)
total,under,0.5326985713459267,1.9,1.9,0.0,-2.0,2025,0.012127285557260725,-1.0,-1.0,A (no rain flag)
total,under,0.6003762838166105,1.9,2.0,0.0,0.0,2025,0.14071493925155987,-1.0,-1.0,A (no rain flag)
total,under,0.5326218418648185,1.85,1.8,1.0,0.0,2025,-0.014649592550085688,0.8500000000000001,0.8,A (no rain flag)
total,under,0.5563117642495867,1.8,2.0,0.0,-2.0,2025,0.0013611756492561966,-1.0,-1.0,A (no rain flag)
total,under,0.6262811043935873,1.95,2.0,0.0,-2.0,2025,0.22124815356749528,-1.0,-1.0,A (no rain flag)
total,under,0.46857673587085213,1.9,2.0,0.0,1.0,2025,-0.10970420184538099,-1.0,-1.0,A (no rain flag)
total,under,0.49477644931718034,1.9,1.9,1.0,0.0,2025,-0.059924746297357334,0.8999999999999999,0.8999999999999999,A (no rain flag)
total,under,0.5019311742597355,1.9,1.85,1.0,0.0,2025,-0.04633076890650256,0.8999999999999999,0.8500000000000001,A (no rain flag)
total,under,0.4695997628831555,1.9,1.95,0.0,-1.0,2025,-0.10776045052200456,-1.0,-1.0,A (no rain flag)
total,under,0.5438048780056922,1.9,1.85,1.0,2.0,2025,0.033229268210815066,0.8999999999999999,0.8500000000000001,A (no rain flag)
total,under,0.45792475004056055,1.9,1.85,0.0,0.0,2025,-0.12994297492293505,-1.0,-1.0,A (no rain flag)
total,under,0.46557967398403766,1.9,2.0,1.0,-1.0,2025,-0.11539861943032848,0.8999999999999999,1.0,A (no rain flag)
total,under,0.49007838873343024,1.9,1.95,1.0,-2.0,2025,-0.06885106140648256,0.8999999999999999,0.95,A (no rain flag)
total,under,0.4188564151997214,1.9,1.95,0.0,0.0,2025,-0.20417281112052943,-1.0,-1.0,A (no rain flag)
total,over,0.6226471709374783,1.91,1.87,0.0,0.0,2023,0.18925609649058361,-1.0,-1.0,B (no rain flag)
total,over,0.5630065504866885,1.91,1.952,0.0,0.0,2023,0.07534251142957493,-1.0,-1.0,B (no rain flag)
total,over,0.6208926723827605,1.91,1.91,0.0,0.0,2023,0.18590500425107237,-1.0,-1.0,B (no rain flag)
total,over,0.5319304916994375,1.91,1.85,0.0,0.0,2023,0.015987239145925702,-1.0,-1.0,B (no rain flag)
total,over,0.562389935256888,1.91,1.93,0.0,0.0,2023,0.07416477634065588,-1.0,-1.0,B (no rain flag)
total,over,0.5606811789224811,1.91,1.91,1.0,-2.0,2023,0.07090105174193906,0.9099999999999999,0.9099999999999999,B (no rain flag)
total,over,0.4111908554442511,1.91,1.85,0.0,-1.0,2023,-0.21462546610148048,-1.0,-1.0,B (no rain flag)
total,over,0.677037326553976,1.91,1.91,0.0,0.0,2023,0.29314129371809394,-1.0,-1.0,B (no rain flag)
total,over,0.6205201330009151,1.91,1.952,1.0,0.0,2023,0.18519345403174792,0.9099999999999999,0.952,B (no rain flag)
total,over,0.5928088481531981,1.85,1.93,1.0,-1.0,2023,0.09669636908341661,0.8500000000000001,0.9299999999999999,B (no rain flag)
total,over,0.5031181684813565,1.91,1.91,0.0,1.0,2023,-0.03904429820060917,-1.0,-1.0,B (no rain flag)
total,over,0.6484274043280072,1.87,1.91,0.0,0.0,2023,0.2125592460933734,-1.0,-1.0,B (no rain flag)
total,over,0.5596256603960502,1.91,1.91,0.0,0.0,2023,0.06888501135645586,-1.0,-1.0,B (no rain flag)
total,over,0.5947157252451707,1.91,1.87,1.0,-2.0,2023,0.13590703521827607,0.9099999999999999,0.8700000000000001,B (no rain flag)
total,over,0.5967441183243948,1.91,1.93,1.0,2.0,2023,0.13978126599959406,0.9099999999999999,0.9299999999999999,B (no rain flag)
total,over,0.6528094964176981,1.91,1.87,0.0,2.0,2023,0.24686613815780345,-1.0,-1.0,B (no rain flag)
total,over,0.5633850557802119,1.91,1.91,1.0,0.0,2023,0.0760654565402048,0.9099999999999999,0.9099999999999999,B (no rain flag)
total,over,0.5629172869325201,1.91,1.91,0.0,1.0,2023,0.07517201804111329,-1.0,-1.0,B (no rain flag)
total,over,0.5654962499888991,1.91,1.91,1.0,1.0,2023,0.08009783747879728,0.9099999999999999,0.9099999999999999,B (no rain flag)
total,over,0.5883722898927736,1.91,1.85,1.0,1.0,2023,0.12379107369519748,0.9099999999999999,0.8500000000000001,B (no rain flag)
total,over,0.564599036541968,1.91,1.85,1.0,1.0,2023,0.07838415979515867,0.9099999999999999,0.8500000000000001,B (no rain flag)
total,over,0.6479380800499136,1.91,1.91,0.0,0.0,2023,0.237561732895335,-1.0,-1.0,B (no rain flag)
total,over,0.5310146576797504,1.91,1.91,0.0,0.0,2023,0.01423799616832322,-1.0,-1.0,B (no rain flag)
total,over,0.5383284989769779,1.91,1.952,0.0,1.0,2023,0.028207433046027797,-1.0,-1.0,B (no rain flag)
total,over,0.5334268149893224,1.91,1.87,0.0,0.0,2023,0.01884521662960581,-1.0,-1.0,B (no rain flag)
total,over,0.5573623616880159,1.91,1.91,0.0,1.0,2023,0.06456211082411034,-1.0,-1.0,B (no rain flag)
total,over,0.5582783085482947,1.91,1.97,0.0,0.0,2023,0.06631156932724291,-1.0,-1.0,B (no rain flag)
total,over,0.5378089268929611,1.91,1.85,1.0,0.0,2023,0.027215050365555715,0.9099999999999999,0.8500000000000001,B (no rain flag)
total,over,0.6559313934014224,1.85,1.91,1.0,2.0,2023,0.21347307779263147,0.8500000000000001,0.9099999999999999,B (no rain flag)
total,over,0.5831126362196145,1.91,1.91,1.0,-2.0,2023,0.11374513517946361,0.9099999999999999,0.9099999999999999,B (no rain flag)
total,over,0.590020006360512,1.91,1.91,0.0,-1.0,2023,0.1269382121485778,-1.0,-1.0,B (no rain flag)
total,over,0.5294169038589691,1.91,1.91,1.0,0.0,2023,0.011186286370630905,0.9099999999999999,0.9099999999999999,B (no rain flag)
total,over,0.5625327287569569,1.91,1.91,1.0,0.0,2023,0.07443751192578762,0.9099999999999999,0.9099999999999999,B (no rain flag)
total,over,0.6189334645424147,1.91,1.91,0.0,-1.0,2023,0.18216291727601197,-1.0,-1.0,B (no rain flag)
total,over,0.6789676780603966,1.91,1.91,0.0,0.0,2023,0.29682826509535754,-1.0,-1.0,B (no rain flag)
total,over,0.5481978081323006,2.0,1.87,1.0,-2.0,2023,0.09639561626460114,1.0,0.8700000000000001,B (no rain flag)
total,over,0.5588937261488992,2.0,1.82,1.0,0.0,2023,0.11778745229779841,1.0,0.8200000000000001,B (no rain flag)
total,over,0.5635798775236842,1.91,1.87,1.0,1.0,2023,0.07643756607023677,0.9099999999999999,0.8700000000000001,B (no rain flag)
total,over,0.4736816093873265,1.91,1.87,0.0,0.0,2023,-0.0952681260702064,-1.0,-1.0,B (no rain flag)
total,over,0.4806047575485608,1.85,1.85,0.0,2.0,2023,-0.11088119853516243,-1.0,-1.0,B (no rain flag)
total,over,0.5635815862028377,1.91,1.91,1.0,2.0,2023,0.07644082964741994,0.9099999999999999,0.9099999999999999,B (no rain flag)
total,over,0.5021436397549578,1.91,1.91,1.0,2.0,2023,-0.04090564806803065,0.9099999999999999,0.9099999999999999,B (no rain flag)
total,over,0.49899740719713687,1.91,1.91,1.0,2.0,2023,-0.046914952253468645,0.9099999999999999,0.9099999999999999,B (no rain flag)
total,over,0.6252455210501295,1.91,1.952,0.0,3.0,2023,0.19421894520574745,-1.0,-1.0,B (no rain flag)
total,over,0.5342848185971364,1.91,1.82,0.0,1.0,2023,0.02048400352053048,-1.0,-1.0,B (no rain flag)
total,over,0.6205805491990679,1.91,1.91,0.0,2.0,2023,0.1853088489702197,-1.0,-1.0,B (no rain flag)
total,over,0.5015854889502616,1.91,1.91,0.0,0.0,2023,-0.0419717161050005,-1.0,-1.0,B (no rain flag)
total,over,0.5338658883973576,1.91,1.87,1.0,3.0,2023,0.01968384683895308,0.9099999999999999,0.8700000000000001,B (no rain flag)
total,over,0.563774731726361,1.91,1.91,0.0,0.0,2023,0.07680973759734933,-1.0,-1.0,B (no rain flag)
total,over,0.5622896928999637,1.91,1.91,0.0,2.0,2023,0.07397331343893065,-1.0,-1.0,B (no rain flag)
total,over,0.6465778472518574,1.91,1.93,0.0,-2.0,2023,0.23496368825104752,-1.0,-1.0,B (no rain flag)
total,over,0.5379290685410665,1.91,1.82,0.0,0.0,2023,0.027444520913436854,-1.0,-1.0,B (no rain flag)
total,over,0.5926760985446375,1.91,1.91,1.0,1.0,2023,0.13201134822025762,0.9099999999999999,0.9099999999999999,B (no rain flag)
total,over,0.6202105321079654,1.91,1.87,0.0,1.0,2023,0.18460211632621393,-1.0,-1.0,B (no rain flag)
total,over,0.5131627936598642,1.91,1.87,1.0,3.0,2023,-0.01985906410965943,0.9099999999999999,0.8700000000000001,B (no rain flag)
total,over,0.535637645513049,1.91,1.87,0.0,1.0,2023,0.023067902929923667,-1.0,-1.0,B (no rain flag)
total,over,0.5916588172799433,1.91,1.952,1.0,1.0,2023,0.13006834100469167,0.9099999999999999,0.952,B (no rain flag)
total,over,0.5554115365023242,1.91,2.0,1.0,0.0,2023,0.060836034719439214,0.9099999999999999,1.0,B (no rain flag)
total,over,0.6214095307931156,1.91,1.91,1.0,2.0,2023,0.1868922038148506,0.9099999999999999,0.9099999999999999,B (no rain flag)
total,over,0.6223052243243791,1.91,1.91,1.0,2.0,2023,0.18860297845956397,0.9099999999999999,0.9099999999999999,B (no rain flag)
total,over,0.5629658357284891,1.91,1.91,0.0,0.0,2023,0.07526474624141422,-1.0,-1.0,B (no rain flag)
total,over,0.5340918759441808,1.91,1.93,1.0,0.0,2023,0.020115483053385397,0.9099999999999999,0.9299999999999999,B (no rain flag)
total,over,0.4821869003331444,1.91,1.952,0.0,-3.0,2023,-0.07902302036369424,-1.0,-1.0,B (no rain flag)
total,over,0.5262075428567821,1.91,1.91,0.0,-4.0,2023,0.005056406856453588,-1.0,-1.0,B (no rain flag)
total,over,0.5637988634958628,1.91,1.91,0.0,-2.0,2023,0.076855829277098,-1.0,-1.0,B (no rain flag)
total,over,0.6246888975685865,1.91,1.82,0.0,1.0,2023,0.19315579435600005,-1.0,-1.0,B (no rain flag)
total,over,0.5918875857249865,1.91,1.91,1.0,0.0,2023,0.130505288734724,0.9099999999999999,0.9099999999999999,B (no rain flag)
total,over,0.5057179731756026,1.91,1.87,0.0,2.0,2023,-0.03407867123459907,-1.0,-1.0,B (no rain flag)
total,over,0.6115143716154702,1.91,1.87,0.0,2.0,2023,0.16799244978554806,-1.0,-1.0,B (no rain flag)
total,over,0.5757707321379137,1.91,1.82,1.0,5.0,2023,0.09972209838341528,0.9099999999999999,0.8200000000000001,B (no rain flag)
total,over,0.5866018601554248,1.91,1.91,0.0,0.0,2023,0.1204095528968614,-1.0,-1.0,B (no rain flag)
total,over,0.5590942986375674,1.91,1.87,0.0,3.0,2023,0.0678701103977537,-1.0,-1.0,B (no rain flag)
total,over,0.49128286295019385,1.91,1.85,0.0,-1.0,2023,-0.06164973176512978,-1.0,-1.0,B (no rain flag)
total,over,0.48151551813205273,1.91,1.91,1.0,-3.0,2023,-0.08030536036777935,0.9099999999999999,0.9099999999999999,B (no rain flag)
total,over,0.591922527889521,1.91,1.87,0.0,-1.0,2023,0.13057202826898506,-1.0,-1.0,B (no rain flag)
total,over,0.5897474845666227,1.91,1.87,0.0,0.0,2023,0.12641769552224935,-1.0,-1.0,B (no rain flag)
total,over,0.6337222016155222,1.91,1.91,1.0,-2.0,2023,0.21040940508564732,0.9099999999999999,0.9099999999999999,B (no rain flag)
total,over,0.4605572784599894,1.91,1.82,0.0,0.0,2023,-0.12033559814142025,-1.0,-1.0,B (no rain flag)
total,over,0.5868515383240078,1.91,1.82,1.0,0.0,2023,0.1208864381988548,0.9099999999999999,0.8200000000000001,B (no rain flag)
total,over,0.5726295474779184,1.91,1.91,1.0,2.0,2023,0.09372243568282412,0.9099999999999999,0.9099999999999999,B (no rain flag)
total,over,0.48153669992800957,1.91,1.91,1.0,2.0,2023,-0.08026490313750179,0.9099999999999999,0.9099999999999999,B (no rain flag)
total,over,0.47748157243145456,1.91,1.91,0.0,0.0,2023,-0.0880101966559218,-1.0,-1.0,B (no rain flag)
total,over,0.645295709251458,1.91,1.85,0.0,0.0,2023,0.23251480467028474,-1.0,-1.0,B (no rain flag)
total,over,0.5915048669668841,1.91,1.85,1.0,0.0,2023,0.1297742959067485,0.9099999999999999,0.8500000000000001,B (no rain flag)
total,over,0.5287067316536767,1.91,1.91,1.0,0.0,2023,0.009829857458522273,0.9099999999999999,0.9099999999999999,B (no rain flag)
total,over,0.42068843436202447,1.91,1.91,0.0,1.0,2023,-0.19648509036853334,-1.0,-1.0,B (no rain flag)
total,over,0.518681161482056,1.91,1.952,1.0,-1.0,2023,-0.009318981569273022,0.9099999999999999,0.952,B (no rain flag)
total,over,0.5670617188799136,1.91,1.91,0.0,0.0,2023,0.08308788306063497,-1.0,-1.0,B (no rain flag)
total,over,0.4830437551737393,1.91,1.85,0.0,2.0,2023,-0.07738642761815795,-1.0,-1.0,B (no rain flag)
total,over,0.5040132767764416,1.91,1.91,1.0,0.0,2023,-0.0373346413569966,0.9099999999999999,0.9099999999999999,B (no rain flag)
total,over,0.519276295044368,1.91,1.85,0.0,0.0,2023,-0.008182276465257154,-1.0,-1.0,B (no rain flag)
total,over,0.4880112270610666,1.91,1.85,0.0,0.0,2023,-0.06789855631336283,-1.0,-1.0,B (no rain flag)
total,over,0.563401590782107,1.91,1.91,1.0,1.0,2023,0.07609703839382442,0.9099999999999999,0.9099999999999999,B (no rain flag)
total,over,0.5734488629671857,1.91,1.952,1.0,0.0,2023,0.09528732826732456,0.9099999999999999,0.952,B (no rain flag)
total,over,0.5137645620583907,1.91,1.85,1.0,1.0,2023,-0.01870968646847382,0.9099999999999999,0.8500000000000001,B (no rain flag)
total,over,0.5762331239666794,1.91,1.91,0.0,0.0,2023,0.1006052667763575,-1.0,-1.0,B (no rain flag)
total,over,0.5387983858257696,1.91,1.91,0.0,1.0,2023,0.029104916927219726,-1.0,-1.0,B (no rain flag)
total,over,0.4239198396799912,1.91,1.91,1.0,1.0,2023,-0.1903131062112169,0.9099999999999999,0.9099999999999999,B (no rain flag)
total,over,0.571221486907981,1.91,1.91,0.0,0.0,2023,0.09103303999424361,-1.0,-1.0,B (no rain flag)
total,over,0.5333497476883519,1.91,1.91,1.0,-1.0,2023,0.01869801808475202,0.9099999999999999,0.9099999999999999,B (no rain flag)
total,over,0.5394468418773175,1.91,1.91,1.0,0.0,2023,0.030343467985676442,0.9099999999999999,0.9099999999999999,B (no rain flag)
total,over,0.5301872701985464,1.91,1.82,1.0,-1.0,2023,0.012657686079223573,0.9099999999999999,0.8200000000000001,B (no rain flag)
total,over,0.4785266209622799,1.91,1.93,0.0,0.0,2023,-0.08601415396204548,-1.0,-1.0,B (no rain flag)
total,over,0.5624166874056831,1.91,1.85,1.0,1.0,2023,0.07421587294485454,0.9099999999999999,0.8500000000000001,B (no rain flag)
total,over,0.4728457023638711,1.91,1.87,1.0,0.0,2023,-0.09686470848500628,0.9099999999999999,0.8700000000000001,B (no rain flag)
total,over,0.47486562079293293,1.87,1.82,1.0,-2.0,2023,-0.11200128911721541,0.8700000000000001,0.8200000000000001,B (no rain flag)
total,over,0.5295978385063735,1.91,1.85,1.0,0.0,2023,0.0115318715471735,0.9099999999999999,0.8500000000000001,B (no rain flag)
total,over,0.6384804015570945,1.91,1.952,0.0,-1.0,2023,0.21949756697405043,-1.0,-1.0,B (no rain flag)
total,over,0.5292856794278806,1.91,1.91,1.0,0.0,2023,0.010935647707251972,0.9099999999999999,0.9099999999999999,B (no rain flag)
total,over,0.5632235321175346,1.91,1.87,1.0,1.0,2023,0.07575694634449115,0.9099999999999999,0.8700000000000001,B (no rain flag)
total,over,0.6270336853365771,1.91,1.91,1.0,0.0,2023,0.1976343389928623,0.9099999999999999,0.9099999999999999,B (no rain flag)
total,over,0.506551314727243,1.91,1.87,0.0,1.0,2023,-0.032486988870965905,-1.0,-1.0,B (no rain flag)
total,over,0.607178274669602,1.91,1.952,0.0,1.0,2023,0.15971050461893976,-1.0,-1.0,B (no rain flag)
total,over,0.5980429065572296,1.91,1.91,0.0,0.0,2023,0.14226195152430843,-1.0,-1.0,B (no rain flag)
total,over,0.5404389080976775,1.87,1.82,1.0,2.0,2023,0.01062075814265695,0.8700000000000001,0.8200000000000001,B (no rain flag)
total,over,0.538266526381368,1.91,1.91,1.0,0.0,2023,0.028089065388412715,0.9099999999999999,0.9099999999999999,B (no rain flag)
total,over,0.5165818172627183,1.91,1.91,1.0,2.0,2023,-0.01332872902820803,0.9099999999999999,0.9099999999999999,B (no rain flag)
total,over,0.5644443042183328,1.91,1.82,0.0,-2.0,2023,0.07808862105701553,-1.0,-1.0,B (no rain flag)
total,over,0.5119020588123576,1.91,1.91,0.0,-1.0,2023,-0.022267067668397034,-1.0,-1.0,B (no rain flag)
total,over,0.4212677840634453,1.91,1.91,0.0,4.0,2023,-0.19537853243881953,-1.0,-1.0,B (no rain flag)
total,over,0.5211659622409986,1.91,1.82,0.0,1.0,2023,-0.004573012119692632,-1.0,-1.0,B (no rain flag)
total,over,0.5716291250729734,1.91,1.91,0.0,1.0,2023,0.0918116288893791,-1.0,-1.0,B (no rain flag)
total,over,0.48224777902326355,1.91,1.85,1.0,0.0,2023,-0.07890674206556669,0.9099999999999999,0.8500000000000001,B (no rain flag)
total,over,0.5631815617982674,1.87,1.952,0.0,-5.0,2023,0.05314952056276012,-1.0,-1.0,B (no rain flag)
total,over,0.6663858449478552,1.91,2.02,1.0,0.0,2023,0.27279696385040353,0.9099999999999999,1.02,B (no rain flag)
total,over,0.4811185621927176,1.91,1.91,1.0,0.0,2023,-0.08106354621190948,0.9099999999999999,0.9099999999999999,B (no rain flag)
total,over,0.468365678414829,1.91,1.91,1.0,0.0,2023,-0.10542155422767663,0.9099999999999999,0.9099999999999999,B (no rain flag)
total,over,0.44365528388245096,1.91,1.91,0.0,1.0,2023,-0.15261840778451874,-1.0,-1.0,B (no rain flag)
total,over,0.5296420379213828,1.87,1.85,1.0,0.0,2023,-0.009569389087014213,0.8700000000000001,0.8500000000000001,B (no rain flag)
total,over,0.5254194757694507,1.91,1.87,0.0,0.0,2023,0.0035511987196508166,-1.0,-1.0,B (no rain flag)
total,over,0.5152455136847398,1.91,1.85,1.0,5.0,2023,-0.01588106886214702,0.9099999999999999,0.8500000000000001,B (no rain flag)
total,over,0.5825910431006154,1.91,1.82,1.0,3.0,2023,0.11274889232217533,0.9099999999999999,0.8200000000000001,B (no rain flag)
total,over,0.6296635655683342,1.91,1.91,1.0,3.0,2023,0.2026574102355183,0.9099999999999999,0.9099999999999999,B (no rain flag)
total,over,0.5739347364373775,1.91,1.91,1.0,0.0,2023,0.096215346595391,0.9099999999999999,0.9099999999999999,B (no rain flag)
total,over,0.3998536227548719,1.91,1.91,0.0,3.0,2023,-0.23627958053819464,-1.0,-1.0,B (no rain flag)
total,over,0.5392811152804236,1.91,1.91,1.0,2.0,2023,0.03002693018560887,0.9099999999999999,0.9099999999999999,B (no rain flag)
total,over,0.5081836666819015,1.91,1.91,1.0,1.0,2023,-0.029369196637568096,0.9099999999999999,0.9099999999999999,B (no rain flag)
total,over,0.5454549296293489,1.91,1.87,0.0,1.0,2023,0.04181891559205653,-1.0,-1.0,B (no rain flag)
total,over,0.6486267103202201,1.91,1.91,1.0,2.0,2023,0.23887701671162032,0.9099999999999999,0.9099999999999999,B (no rain flag)
total,over,0.6040105723030815,1.91,1.952,1.0,3.0,2023,0.15366019309888568,0.9099999999999999,0.952,B (no rain flag)
total,over,0.5678401810354257,1.91,1.91,0.0,2.0,2023,0.08457474577766289,-1.0,-1.0,B (no rain flag)
total,over,0.48880712815488236,1.91,1.91,1.0,5.0,2023,-0.06637838522417472,0.9099999999999999,0.9099999999999999,B (no rain flag)
total,over,0.5388997869492014,1.85,1.91,0.0,2.0,2023,-0.0030353941439773546,-1.0,-1.0,B (no rain flag)
total,over,0.5956769556735438,1.85,1.85,0.0,-2.0,2023,0.10200236799605622,-1.0,-1.0,B (no rain flag)
total,over,0.49568599598083296,1.952,1.952,1.0,0.0,2023,-0.032420935845414056,0.952,0.952,B (no rain flag)
total,over,0.4652399098566649,1.85,1.85,1.0,2.0,2023,-0.13930616676516983,0.8500000000000001,0.8500000000000001,B (no rain flag)
total,over,0.5304152369951765,1.85,1.91,1.0,2.0,2023,-0.01873181155892356,0.8500000000000001,0.9099999999999999,B (no rain flag)
total,over,0.4463729921123896,1.91,1.87,0.0,0.0,2023,-0.14742758506533582,-1.0,-1.0,B (no rain flag)
total,over,0.4320993765113624,1.91,1.91,1.0,1.0,2023,-0.17469019086329785,0.9099999999999999,0.9099999999999999,B (no rain flag)
total,over,0.43712883893079857,1.91,1.91,1.0,0.0,2023,-0.16508391764217478,0.9099999999999999,0.9099999999999999,B (no rain flag)
total,over,0.4893885026008788,2.0,1.91,0.0,0.0,2023,-0.02122299479824241,-1.0,-1.0,B (no rain flag)
total,over,0.3457454261160035,1.91,1.91,1.0,2.0,2023,-0.33962623611843334,0.9099999999999999,0.9099999999999999,B (no rain flag)
total,over,0.5620251788642296,1.91,1.91,1.0,1.0,2023,0.07346809163067869,0.9099999999999999,0.9099999999999999,B (no rain flag)
total,over,0.4737155031277469,1.91,1.91,0.0,1.0,2023,-0.09520338902600345,-1.0,-1.0,B (no rain flag)
total,over,0.4700493724873777,1.91,1.87,0.0,0.0,2023,-0.10220569854910855,-1.0,-1.0,B (no rain flag)
total,over,0.5589588724222337,1.91,1.91,0.0,2.0,2023,0.06761144632646632,-1.0,-1.0,B (no rain flag)
total,over,0.3897420002867096,1.91,1.91,0.0,1.0,2023,-0.2555927794523848,-1.0,-1.0,B (no rain flag)
total,over,0.4163209382073633,1.91,1.91,0.0,1.0,2023,-0.20482700802393605,-1.0,-1.0,B (no rain flag)
total,over,0.5199538863649975,1.91,1.91,0.0,-2.0,2023,-0.006888077042854768,-1.0,-1.0,B (no rain flag)
total,over,0.44037671361797165,1.91,1.82,0.0,1.0,2023,-0.15888047698967422,-1.0,-1.0,B (no rain flag)
total,over,0.6107784533320915,1.91,1.82,0.0,-1.0,2023,0.16658684586429473,-1.0,-1.0,B (no rain flag)
total,over,0.527550252297342,1.91,1.952,1.0,-1.0,2023,0.0076209818879231506,0.9099999999999999,0.952,B (no rain flag)
total,over,0.3514530755947318,1.91,1.91,1.0,-1.0,2023,-0.32872462561406224,0.9099999999999999,0.9099999999999999,B (no rain flag)
total,over,0.3813965436897814,1.91,1.91,0.0,0.0,2023,-0.27153260155251757,-1.0,-1.0,B (no rain flag)
total,over,0.4177274655265729,1.91,1.91,0.0,0.0,2023,-0.2021405408442457,-1.0,-1.0,B (no rain flag)
total,over,0.4371438429793789,1.91,1.91,0.0,0.0,2023,-0.1650552599093863,-1.0,-1.0,B (no rain flag)
total,over,0.5155205376177808,1.91,1.91,0.0,-1.0,2023,-0.015355773150038665,-1.0,-1.0,B (no rain flag)
total,over,0.3849982205921047,1.91,1.91,0.0,0.0,2023,-0.26465339866908,-1.0,-1.0,B (no rain flag)
total,over,0.4403175851054307,1.91,1.91,1.0,1.0,2023,-0.1589934124486274,0.9099999999999999,0.9099999999999999,B (no rain flag)
total,over,0.3260837043817493,1.91,1.952,0.0,0.0,2023,-0.3771801246308589,-1.0,-1.0,B (no rain flag)
total,over,0.43373207208935904,1.91,1.952,1.0,0.0,2023,-0.17157174230932426,0.9099999999999999,0.952,B (no rain flag)
total,over,0.4076706862602055,1.91,1.87,0.0,-1.0,2023,-0.2213489892430076,-1.0,-1.0,B (no rain flag)
total,over,0.5308826387878024,1.91,1.82,1.0,0.0,2023,0.013985840084702605,0.9099999999999999,0.8200000000000001,B (no rain flag)
total,over,0.41719661056090646,1.91,1.97,1.0,1.0,2023,-0.2031544738286687,0.9099999999999999,0.97,B (no rain flag)
total,over,0.40964468576758384,1.91,1.952,0.0,0.0,2023,-0.21757865018391487,-1.0,-1.0,B (no rain flag)
total,over,0.46303091344057273,1.91,1.97,1.0,1.0,2023,-0.11561095532850607,0.9099999999999999,0.97,B (no rain flag)
total,over,0.5324693243488532,1.87,1.952,1.0,1.0,2023,-0.004282363467644434,0.8700000000000001,0.952,B (no rain flag)
total,over,0.441383611548942,1.91,1.91,1.0,1.0,2023,-0.1569573019415208,0.9099999999999999,0.9099999999999999,B (no rain flag)
total,over,0.49094817644324207,1.91,1.82,1.0,-1.0,2023,-0.06228898299340768,0.9099999999999999,0.8200000000000001,B (no rain flag)
total,over,0.5026503207788238,1.91,1.82,1.0,0.0,2023,-0.03993788731244663,0.9099999999999999,0.8200000000000001,B (no rain flag)
total,over,0.4097873413878236,1.91,1.97,0.0,1.0,2023,-0.217306177949257,-1.0,-1.0,B (no rain flag)
total,over,0.5085202858044824,1.91,1.85,1.0,1.0,2023,-0.028726254113438654,0.9099999999999999,0.8500000000000001,B (no rain flag)
total,over,0.5284123731928583,1.91,1.87,1.0,0.0,2023,0.009267632798359182,0.9099999999999999,0.8700000000000001,B (no rain flag)
total,over,0.412604393294963,1.91,1.91,0.0,2.0,2023,-0.2119256088066207,-1.0,-1.0,B (no rain flag)
total,over,0.4112775833957767,1.82,1.87,0.0,1.0,2023,-0.25147479821968644,-1.0,-1.0,B (no rain flag)
total,over,0.384884599287331,1.91,1.91,1.0,1.0,2023,-0.2648704153611978,0.9099999999999999,0.9099999999999999,B (no rain flag)
total,over,0.46082613412416557,1.91,1.97,0.0,1.0,2023,-0.11982208382284376,-1.0,-1.0,B (no rain flag)
total,over,0.5012802461870959,1.952,1.91,1.0,0.0,2023,-0.021500959442788847,0.952,0.9099999999999999,B (no rain flag)
total,over,0.4723091529561727,1.91,1.85,1.0,2.0,2023,-0.09788951785371014,0.9099999999999999,0.8500000000000001,B (no rain flag)
total,over,0.5000333916599623,1.91,1.91,0.0,1.0,2023,-0.044936221929472,-1.0,-1.0,B (no rain flag)
total,over,0.530374044814061,1.91,1.952,1.0,0.0,2023,0.013014425594856549,0.9099999999999999,0.952,B (no rain flag)
total,over,0.4068356963876134,1.91,1.85,1.0,1.0,2023,-0.2229438198996584,0.9099999999999999,0.8500000000000001,B (no rain flag)
total,over,0.46133105522066037,1.91,1.91,0.0,-2.0,2023,-0.11885768452853873,-1.0,-1.0,B (no rain flag)
total,over,0.3787501949749779,1.91,1.97,0.0,4.0,2023,-0.27658712759779225,-1.0,-1.0,B (no rain flag)
total,over,0.5822118284515355,1.91,1.91,1.0,1.0,2023,0.11202459234243278,0.9099999999999999,0.9099999999999999,B (no rain flag)
total,over,0.46966049234178264,1.91,1.87,0.0,2.0,2023,-0.10294845962719523,-1.0,-1.0,B (no rain flag)
total,over,0.3064644128063506,1.91,1.91,1.0,5.0,2023,-0.41465297153987035,0.9099999999999999,0.9099999999999999,B (no rain flag)
total,over,0.5332665000252457,1.82,1.8,0.0,2.0,2023,-0.029454969954052834,-1.0,-1.0,B (no rain flag)
total,over,0.5646675613761922,1.87,2.05,0.0,0.0,2023,0.05592833977347955,-1.0,-1.0,B (no rain flag)
total,over,0.6090222109428138,1.952,1.87,0.0,1.0,2023,0.18881135576037256,-1.0,-1.0,B (no rain flag)
total,over,0.6393399948324432,1.952,1.87,0.0,1.0,2023,0.24799166991292898,-1.0,-1.0,B (no rain flag)
total,over,0.5590233717702219,1.85,1.82,1.0,1.0,2023,0.03419323777491057,0.8500000000000001,0.8200000000000001,B (no rain flag)
total,over,0.669864662380755,1.91,1.91,0.0,1.0,2023,0.2794415051472421,-1.0,-1.0,B (no rain flag)
total,over,0.5868879773334977,1.91,1.91,1.0,0.0,2023,0.12095603670698063,0.9099999999999999,0.9099999999999999,B (no rain flag)
total,over,0.6694904814315107,1.91,1.97,1.0,0.0,2023,0.27872681953418543,0.9099999999999999,0.97,B (no rain flag)
total,over,0.5847825761801274,1.91,1.91,1.0,1.0,2023,0.11693472050404341,0.9099999999999999,0.9099999999999999,B (no rain flag)
total,over,0.669467472165421,1.91,1.952,1.0,0.0,2023,0.2786828718359542,0.9099999999999999,0.952,B (no rain flag)
total,over,0.5640075364599024,1.91,1.952,1.0,-2.0,2024,0.07725439463841366,0.9099999999999999,0.952,B (no rain flag)
total,over,0.5533434866776658,1.952,1.91,0.0,0.0,2024,0.08012648599480343,-1.0,-1.0,B (no rain flag)
total,over,0.5967308806696283,1.91,1.82,0.0,1.0,2024,0.13975598207898998,-1.0,-1.0,B (no rain flag)
total,over,0.6494603925212623,1.91,1.87,0.0,1.0,2024,0.24046934971561096,-1.0,-1.0,B (no rain flag)
total,over,0.7520693012149494,1.91,1.91,0.0,1.0,2024,0.4364523653205534,-1.0,-1.0,B (no rain flag)
total,over,0.6645673846433543,1.91,1.91,0.0,1.0,2024,0.2693237046688066,-1.0,-1.0,B (no rain flag)
total,over,0.5731718242529754,1.91,1.87,0.0,-1.0,2024,0.09475818432318306,-1.0,-1.0,B (no rain flag)
total,over,0.5676707308628026,1.91,1.91,1.0,1.0,2024,0.08425109594795299,0.9099999999999999,0.9099999999999999,B (no rain flag)
total,over,0.5999088496775502,1.91,1.87,1.0,1.0,2024,0.1458259028841209,0.9099999999999999,0.8700000000000001,B (no rain flag)
total,over,0.6461403813910934,1.91,1.89,0.0,1.0,2024,0.2341281284569885,-1.0,-1.0,B (no rain flag)
total,over,0.7173402397933958,1.91,1.91,1.0,-1.0,2024,0.37011985800538594,0.9099999999999999,0.9099999999999999,B (no rain flag)
total,over,0.5079491242293072,1.91,2.02,0.0,0.0,2024,-0.029817172722023333,-1.0,-1.0,B (no rain flag)
total,over,0.48837353332401506,1.85,1.87,0.0,0.0,2024,-0.09650896335057213,-1.0,-1.0,B (no rain flag)
total,over,0.597583570391764,1.952,1.87,1.0,-1.0,2024,0.16648312940472332,0.952,0.8700000000000001,B (no rain flag)
total,over,0.5933498331242413,1.91,1.91,0.0,0.0,2024,0.13329818126730086,-1.0,-1.0,B (no rain flag)
total,over,0.484515965024224,1.85,1.91,0.0,0.0,2024,-0.10364546470518554,-1.0,-1.0,B (no rain flag)
total,over,0.6893252342157563,1.91,1.91,1.0,1.0,2024,0.3166111973520944,0.9099999999999999,0.9099999999999999,B (no rain flag)
total,over,0.5701856213736193,1.91,1.87,0.0,0.0,2024,0.08905453682361286,-1.0,-1.0,B (no rain flag)
total,over,0.6487947916139335,1.91,1.91,1.0,1.0,2024,0.2391980519826129,0.9099999999999999,0.9099999999999999,B (no rain flag)
total,over,0.5308773754145697,1.91,1.87,0.0,0.0,2024,0.013975787041828003,-1.0,-1.0,B (no rain flag)
total,over,0.5716933491046643,1.91,1.91,1.0,0.0,2024,0.09193429678990883,0.9099999999999999,0.9099999999999999,B (no rain flag)
total,over,0.46161006313499364,1.91,1.91,0.0,-1.0,2024,-0.11832477941216213,-1.0,-1.0,B (no rain flag)
total,over,0.6047658257013359,1.91,1.85,1.0,2.0,2024,0.15510272708955153,0.9099999999999999,0.8500000000000001,B (no rain flag)
total,over,0.6167509846985915,1.91,1.91,0.0,2.0,2024,0.17799438077430962,-1.0,-1.0,B (no rain flag)
total,over,0.6872098219707916,1.82,2.0,1.0,3.0,2024,0.2507218759868408,0.8200000000000001,1.0,B (no rain flag)
total,over,0.6287551849167317,1.91,1.91,0.0,2.0,2024,0.20092240319095733,-1.0,-1.0,B (no rain flag)
total,over,0.6477964124988963,1.91,2.0,1.0,2.0,2024,0.23729114787289185,0.9099999999999999,1.0,B (no rain flag)
total,over,0.49243017631993036,1.91,1.97,0.0,1.0,2024,-0.05945836322893305,-1.0,-1.0,B (no rain flag)
total,over,0.5097811046332649,1.91,1.97,0.0,2.0,2024,-0.026318090150464157,-1.0,-1.0,B (no rain flag)
total,over,0.6402807841829716,1.82,1.89,0.0,2.0,2024,0.1653110272130085,-1.0,-1.0,B (no rain flag)
total,over,0.6058072304844114,1.91,1.91,1.0,0.0,2024,0.1570918102252259,0.9099999999999999,0.9099999999999999,B (no rain flag)
total,over,0.5416641726720093,1.85,1.91,0.0,2.0,2024,0.0020787194432172473,-1.0,-1.0,B (no rain flag)
total,over,0.645079664720552,1.91,1.82,1.0,0.0,2024,0.23210215961625424,0.9099999999999999,0.8200000000000001,B (no rain flag)
total,over,0.5121534363299926,1.91,1.91,1.0,-8.0,2024,-0.021786936609714314,0.9099999999999999,0.9099999999999999,B (no rain flag)
total,over,0.5253548457057433,1.91,2.02,0.0,-7.0,2024,0.0034277552979697923,-1.0,-1.0,B (no rain flag)
total,over,0.5668957080129857,1.91,1.91,0.0,-1.0,2024,0.0827708023048026,-1.0,-1.0,B (no rain flag)
total,over,0.6131477013785954,1.91,1.91,1.0,-1.0,2024,0.17111210963311718,0.9099999999999999,0.9099999999999999,B (no rain flag)
total,over,0.5406098589125142,1.87,1.91,0.0,-1.0,2024,0.010940436166401613,-1.0,-1.0,B (no rain flag)
total,over,0.4701696037366845,1.91,1.91,1.0,1.0,2024,-0.10197605686293265,0.9099999999999999,0.9099999999999999,B (no rain flag)
total,over,0.5133098379900676,1.97,1.91,1.0,-2.0,2024,0.011220380840433197,0.97,0.9099999999999999,B (no rain flag)
total,over,0.6363745488120913,1.91,1.952,1.0,1.0,2024,0.21547538823109447,0.9099999999999999,0.952,B (no rain flag)
total,over,0.5264276515916743,1.87,1.91,0.0,1.0,2024,-0.0155802915235691,-1.0,-1.0,B (no rain flag)
total,over,0.4912433862026707,1.91,1.87,0.0,0.0,2024,-0.061725132352899004,-1.0,-1.0,B (no rain flag)
total,over,0.5381495622241255,1.87,1.82,1.0,1.0,2024,0.006339681359114779,0.8700000000000001,0.8200000000000001,B (no rain flag)
total,over,0.5614918244625875,1.952,1.91,1.0,2.0,2024,0.09603204135097076,0.952,0.9099999999999999,B (no rain flag)
total,over,0.5563287174874805,1.91,1.91,0.0,0.0,2024,0.06258785040108772,-1.0,-1.0,B (no rain flag)
total,over,0.5435773874228423,1.91,1.952,0.0,1.0,2024,0.03823280997762879,-1.0,-1.0,B (no rain flag)
total,over,0.6418690456450223,1.91,1.91,0.0,-1.0,2024,0.22596987718199268,-1.0,-1.0,B (no rain flag)
total,over,0.5164171613312523,1.91,1.85,0.0,0.0,2024,-0.013643221857308263,-1.0,-1.0,B (no rain flag)
total,over,0.5147508450092634,1.91,1.91,1.0,0.0,2024,-0.016825886032306947,0.9099999999999999,0.9099999999999999,B (no rain flag)
total,over,0.5743432175326524,1.91,1.82,0.0,0.0,2024,0.09699554548736611,-1.0,-1.0,B (no rain flag)
total,over,0.4500723721937469,1.91,1.91,1.0,0.0,2024,-0.14036176910994347,0.9099999999999999,0.9099999999999999,B (no rain flag)
total,over,0.5486647570951624,1.91,1.91,1.0,0.0,2024,0.04794968605176009,0.9099999999999999,0.9099999999999999,B (no rain flag)
total,over,0.5385724076239916,1.91,1.91,1.0,0.0,2024,0.02867329856182388,0.9099999999999999,0.9099999999999999,B (no rain flag)
total,over,0.5929367242162611,1.91,1.91,1.0,4.0,2024,0.13250914325305874,0.9099999999999999,0.9099999999999999,B (no rain flag)
total,over,0.5017240715176793,1.91,1.91,1.0,1.0,2024,-0.04170702340123256,0.9099999999999999,0.9099999999999999,B (no rain flag)
total,over,0.517178471658833,1.91,1.91,1.0,0.0,2024,-0.012189119131629012,0.9099999999999999,0.9099999999999999,B (no rain flag)
total,over,0.5281571978466528,1.91,1.91,1.0,0.0,2024,0.008780247887106851,0.9099999999999999,0.9099999999999999,B (no rain flag)
total,over,0.4995680840042764,1.952,1.91,1.0,-1.0,2024,-0.02484310002365253,0.952,0.9099999999999999,B (no rain flag)
total,over,0.5838219361890384,1.91,1.91,1.0,5.0,2024,0.11509989812106336,0.9099999999999999,0.9099999999999999,B (no rain flag)
total,over,0.6621214262425015,1.91,1.91,1.0,2.0,2024,0.26465192412317773,0.9099999999999999,0.9099999999999999,B (no rain flag)
total,over,0.5087856035697395,1.91,1.91,0.0,0.0,2024,-0.028219497181797726,-1.0,-1.0,B (no rain flag)
total,over,0.5700781876907178,1.91,1.91,0.0,0.0,2024,0.08884933848927101,-1.0,-1.0,B (no rain flag)
total,over,0.5333946974015519,1.87,1.9,1.0,-1.0,2024,-0.002551915859097975,0.8700000000000001,0.8999999999999999,B (no rain flag)
total,over,0.5446722612787728,1.87,2.0,1.0,-1.0,2024,0.018537128591305185,0.8700000000000001,1.0,B (no rain flag)
total,over,0.6037854663258968,1.85,1.9,1.0,1.0,2024,0.1170031127029092,0.8500000000000001,0.8999999999999999,B (no rain flag)
total,over,0.5956034599877852,1.9,1.9,0.0,0.0,2024,0.1316465739767918,-1.0,-1.0,B (no rain flag)
total,over,0.48231765626974255,1.85,1.85,0.0,2.0,2024,-0.10771233590097629,-1.0,-1.0,B (no rain flag)
total,over,0.40604421763075227,1.87,1.85,1.0,0.0,2024,-0.24069731303049324,0.8700000000000001,0.8500000000000001,B (no rain flag)
total,over,0.6236012090218858,1.87,1.85,0.0,0.0,2024,0.16613426087092642,-1.0,-1.0,B (no rain flag)
total,over,0.5099624848695615,1.9,1.9,0.0,-3.0,2024,-0.03107127874783311,-1.0,-1.0,B (no rain flag)
total,over,0.43548494108564656,1.87,1.95,1.0,0.0,2024,-0.18564316016984084,0.8700000000000001,0.95,B (no rain flag)
total,over,0.6245233873981237,1.87,1.9,0.0,0.0,2024,0.1678587344344915,-1.0,-1.0,B (no rain flag)
total,over,0.4918882724450673,1.87,1.9,0.0,-2.0,2024,-0.08016893052772411,-1.0,-1.0,B (no rain flag)
total,over,0.5177270063551894,1.87,1.95,0.0,0.0,2024,-0.03185049811579577,-1.0,-1.0,B (no rain flag)
total,over,0.4580586833814463,1.87,1.9,0.0,-2.0,2024,-0.1434302620766954,-1.0,-1.0,B (no rain flag)
total,over,0.5826042021966473,1.85,1.9,1.0,0.0,2024,0.07781777406379753,0.8500000000000001,0.8999999999999999,B (no rain flag)
total,over,0.5243307066215962,1.85,1.85,1.0,0.0,2024,-0.029988192750046938,0.8500000000000001,0.8500000000000001,B (no rain flag)
total,over,0.3848062468177236,1.85,1.95,0.0,1.0,2024,-0.2881084433872113,-1.0,-1.0,B (no rain flag)
total,over,0.5751862077235659,1.87,1.9,1.0,1.0,2024,0.0755982084430682,0.8700000000000001,0.8999999999999999,B (no rain flag)
total,over,0.4071522321806586,1.87,1.85,0.0,-2.0,2024,-0.23862532582216833,-1.0,-1.0,B (no rain flag)
total,over,0.4785129162966519,1.87,1.9,1.0,0.0,2024,-0.10518084652526094,0.8700000000000001,0.8999999999999999,B (no rain flag)
total,over,0.5995871040895329,1.8,1.95,1.0,1.0,2024,0.07925678736115915,0.8,0.95,B (no rain flag)
total,over,0.358844391188466,1.87,1.95,0.0,0.0,2024,-0.3289609884775685,-1.0,-1.0,B (no rain flag)
total,over,0.5949965075523315,1.87,1.95,1.0,2.0,2024,0.11264346912285994,0.8700000000000001,0.95,B (no rain flag)
total,over,0.47933222950559096,1.87,1.9,1.0,1.0,2024,-0.10364873082454484,0.8700000000000001,0.8999999999999999,B (no rain flag)
total,over,0.4360607246678931,1.87,1.8,0.0,0.0,2024,-0.1845664448710399,-1.0,-1.0,B (no rain flag)
total,over,0.6033069551593436,1.87,1.9,1.0,2.0,2024,0.12818400614797265,0.8700000000000001,0.8999999999999999,B (no rain flag)
total,over,0.41431702049898067,1.87,1.95,1.0,3.0,2024,-0.2252271716669061,0.8700000000000001,0.95,B (no rain flag)
total,over,0.5444129501136878,1.87,2.0,1.0,3.0,2024,0.01805221671259627,0.8700000000000001,1.0,B (no rain flag)
total,over,0.5559872675314608,1.87,1.85,1.0,3.0,2024,0.039696190283831756,0.8700000000000001,0.8500000000000001,B (no rain flag)
total,over,0.6057383344229141,1.87,1.85,1.0,0.0,2024,0.13273068537084942,0.8700000000000001,0.8500000000000001,B (no rain flag)
total,over,0.44644325423501313,1.87,1.85,1.0,1.0,2024,-0.16515111458052545,0.8700000000000001,0.8500000000000001,B (no rain flag)
total,over,0.4144906011347011,1.87,1.9,1.0,3.0,2024,-0.2249025758781089,0.8700000000000001,0.8999999999999999,B (no rain flag)
total,over,0.6241629715304691,1.8,1.87,1.0,4.0,2024,0.12349334875484441,0.8,0.8700000000000001,B (no rain flag)
total,over,0.4220040283557101,1.95,1.9,1.0,0.0,2024,-0.17709214470636536,0.95,0.8999999999999999,B (no rain flag)
total,over,0.5217918504022089,1.87,1.9,0.0,-1.0,2024,-0.0242492397478693,-1.0,-1.0,B (no rain flag)
total,over,0.5495060989211731,1.8,1.9,0.0,-3.0,2024,-0.010889021941888455,-1.0,-1.0,B (no rain flag)
total,over,0.4151218955537677,1.87,1.95,1.0,0.0,2024,-0.22372205531445433,0.8700000000000001,0.95,B (no rain flag)
total,over,0.35341722328883796,1.87,1.95,0.0,2.0,2024,-0.33910979244987294,-1.0,-1.0,B (no rain flag)
total,over,0.4550270787573319,1.87,1.85,1.0,-3.0,2024,-0.14909936272378932,0.8700000000000001,0.8500000000000001,B (no rain flag)
total,over,0.30287492789911097,1.87,1.8,1.0,0.0,2024,-0.43362388482866243,0.8700000000000001,0.8,B (no rain flag)
total,over,0.3823532839938949,1.85,1.9,1.0,0.0,2024,-0.2926464246112944,0.8500000000000001,0.8999999999999999,B (no rain flag)
total,over,0.4775845242908071,1.85,1.85,0.0,0.0,2024,-0.1164686300620068,-1.0,-1.0,B (no rain flag)
total,over,0.4453802490921828,1.87,2.0,1.0,3.0,2024,-0.16713893419761805,0.8700000000000001,1.0,B (no rain flag)
total,over,0.5387290693887044,1.87,1.9,1.0,-1.0,2024,0.007423359756877135,0.8700000000000001,0.8999999999999999,B (no rain flag)
total,over,0.4758727330266827,1.87,1.9,0.0,0.0,2024,-0.1101179892401033,-1.0,-1.0,B (no rain flag)
total,over,0.4043387498712353,1.87,1.85,1.0,1.0,2024,-0.24388653774078994,0.8700000000000001,0.8500000000000001,B (no rain flag)
total,over,0.38071810441182496,1.85,1.9,1.0,1.0,2024,-0.2956715068381238,0.8500000000000001,0.8999999999999999,B (no rain flag)
total,over,0.37653088583273486,1.87,1.95,0.0,-1.0,2024,-0.2958872434927857,-1.0,-1.0,B (no rain flag)
total,over,0.36018041052951016,1.87,1.95,0.0,1.0,2024,-0.326462632309816,-1.0,-1.0,B (no rain flag)
total,over,0.4670188941142211,1.87,1.9,1.0,0.0,2024,-0.12667466800640648,0.8700000000000001,0.8999999999999999,B (no rain flag)
total,over,0.32154318321335884,1.9,1.95,0.0,0.0,2024,-0.3890679518946182,-1.0,-1.0,B (no rain flag)
total,over,0.3363599488965596,1.9,1.85,0.0,0.0,2024,-0.3609160970965367,-1.0,-1.0,B (no rain flag)
total,over,0.42869284350713327,1.87,1.9,0.0,0.0,2024,-0.19834438264166077,-1.0,-1.0,B (no rain flag)
total,over,0.43080652191009,1.9,1.8,1.0,1.0,2024,-0.18146760837082898,0.8999999999999999,0.8,B (no rain flag)
total,over,0.3508114743857528,1.9,1.9,1.0,0.0,2024,-0.3334581986670697,0.8999999999999999,0.8999999999999999,B (no rain flag)
total,over,0.36765318039898987,1.87,1.95,0.0,-3.0,2024,-0.31248855265388886,-1.0,-1.0,B (no rain flag)
total,over,0.40140595556585235,1.85,1.95,0.0,0.0,2024,-0.25739898220317314,-1.0,-1.0,B (no rain flag)
total,over,0.4332258493169653,1.85,1.95,1.0,1.0,2024,-0.19853217876361418,0.8500000000000001,0.95,B (no rain flag)
total,over,0.4433567597005983,1.87,1.95,0.0,0.0,2024,-0.17092285935988116,-1.0,-1.0,B (no rain flag)
total,over,0.4372749527041546,1.85,1.9,1.0,0.0,2024,-0.1910413374973139,0.8500000000000001,0.8999999999999999,B (no rain flag)
total,over,0.40560232510117944,1.87,1.9,1.0,0.0,2024,-0.2415236520607944,0.8700000000000001,0.8999999999999999,B (no rain flag)
total,over,0.3802498028137128,1.87,1.9,0.0,0.0,2024,-0.288932868738357,-1.0,-1.0,B (no rain flag)
total,over,0.2815047406855026,1.87,1.95,0.0,-1.0,2024,-0.4735861349181102,-1.0,-1.0,B (no rain flag)
total,over,0.43395916136427815,1.9,1.95,0.0,-1.0,2024,-0.1754775934078716,-1.0,-1.0,B (no rain flag)
total,over,0.30268578332236984,1.87,1.95,0.0,-2.0,2024,-0.43397758518716834,-1.0,-1.0,B (no rain flag)
total,over,0.34616760520177126,1.9,1.8,0.0,0.0,2024,-0.34228155011663464,-1.0,-1.0,B (no rain flag)
total,over,0.4269254672754168,1.85,1.8,0.0,0.0,2024,-0.21018788554047885,-1.0,-1.0,B (no rain flag)
total,over,0.44329396525819476,1.87,1.95,0.0,0.0,2024,-0.17104028496717572,-1.0,-1.0,B (no rain flag)
total,over,0.4497080434177929,1.85,1.9,0.0,1.0,2024,-0.1680401196770831,-1.0,-1.0,B (no rain flag)
total,over,0.35251769393393484,1.8,1.95,1.0,1.0,2024,-0.36546815091891727,0.8,0.95,B (no rain flag)
total,over,0.3370089734817205,1.9,1.9,0.0,0.0,2024,-0.3596829503847311,-1.0,-1.0,B (no rain flag)
total,over,0.2795635177891329,1.9,1.95,1.0,0.0,2024,-0.4688293162006475,0.8999999999999999,0.95,B (no rain flag)
total,over,0.375214082600886,1.87,1.9,0.0,0.0,2024,-0.2983496655363431,-1.0,-1.0,B (no rain flag)
total,over,0.42083168502475454,1.87,1.95,1.0,2.0,2024,-0.21304474900370896,0.8700000000000001,0.95,B (no rain flag)
total,over,0.41527911604743284,1.87,1.85,1.0,0.0,2024,-0.22342805299130053,0.8700000000000001,0.8500000000000001,B (no rain flag)
total,over,0.325328080866992,1.87,1.9,0.0,1.0,2024,-0.3916364887787249,-1.0,-1.0,B (no rain flag)
total,over,0.3740051433273443,1.87,1.95,1.0,1.0,2024,-0.30061038197786616,0.8700000000000001,0.95,B (no rain flag)
total,over,0.3939293383663399,1.87,1.9,1.0,1.0,2024,-0.26335213725494433,0.8700000000000001,0.8999999999999999,B (no rain flag)
total,over,0.43514138005502534,1.87,1.95,0.0,0.0,2024,-0.18628561929710252,-1.0,-1.0,B (no rain flag)
total,over,0.34860900722713706,1.87,1.85,1.0,0.0,2024,-0.34810115648525364,0.8700000000000001,0.8500000000000001,B (no rain flag)
total,over,0.3862855686965402,1.87,1.9,0.0,1.0,2024,-0.27764598653746986,-1.0,-1.0,B (no rain flag)
total,over,0.46951768784014875,1.87,1.9,0.0,-1.0,2024,-0.12200192373892182,-1.0,-1.0,B (no rain flag)
total,over,0.4535520176093403,1.87,1.9,1.0,0.0,2024,-0.1518577270705337,0.8700000000000001,0.8999999999999999,B (no rain flag)
total,over,0.32704738142761425,1.87,1.8,0.0,0.0,2024,-0.38842139673036136,-1.0,-1.0,B (no rain flag)
total,over,0.445912328742795,1.9,1.9,0.0,0.0,2024,-0.15276657538868954,-1.0,-1.0,B (no rain flag)
total,over,0.3984247721564742,1.9,1.9,0.0,0.0,2024,-0.24299293290269908,-1.0,-1.0,B (no rain flag)
total,over,0.26491593812816777,1.87,1.9,0.0,0.0,2024,-0.5046071957003262,-1.0,-1.0,B (no rain flag)
total,over,0.4007620284979951,1.87,1.9,1.0,0.0,2024,-0.2505750067087491,0.8700000000000001,0.8999999999999999,B (no rain flag)
total,over,0.3615356544222025,1.87,1.9,1.0,0.0,2024,-0.3239283262304813,0.8700000000000001,0.8999999999999999,B (no rain flag)
total,over,0.3273833157756101,1.87,1.95,1.0,0.0,2024,-0.3877931994996091,0.8700000000000001,0.95,B (no rain flag)
total,over,0.39118456260127266,1.87,1.85,1.0,0.0,2024,-0.2684848679356201,0.8700000000000001,0.8500000000000001,B (no rain flag)
total,over,0.2943520309085766,1.87,1.9,0.0,0.0,2024,-0.4495617022009617,-1.0,-1.0,B (no rain flag)
total,over,0.34315375892092126,1.87,1.85,0.0,0.0,2024,-0.35830247081787725,-1.0,-1.0,B (no rain flag)
total,over,0.34639824051360246,1.87,1.85,1.0,0.0,2024,-0.35223529023956335,0.8700000000000001,0.8500000000000001,B (no rain flag)
total,over,0.3864449682289068,1.85,1.95,1.0,2.0,2024,-0.2850768087765224,0.8500000000000001,0.95,B (no rain flag)
total,over,0.3725320524321364,1.8,1.9,1.0,1.0,2024,-0.3294423056221545,0.8,0.8999999999999999,B (no rain flag)
total,over,0.2697686635716817,1.9,1.95,1.0,0.0,2024,-0.4874395392138048,0.8999999999999999,0.95,B (no rain flag)
total,over,0.3382374883027799,1.87,1.85,0.0,1.0,2024,-0.3674958968738016,-1.0,-1.0,B (no rain flag)
total,over,0.3695760099773824,1.85,1.8,0.0,2.0,2024,-0.3162843815418426,-1.0,-1.0,B (no rain flag)
total,over,0.3508688969015449,1.95,1.85,0.0,-1.0,2024,-0.31580565104198755,-1.0,-1.0,B (no rain flag)
total,over,0.37508454307180755,1.87,1.95,0.0,1.0,2024,-0.2985919044557198,-1.0,-1.0,B (no rain flag)
total,over,0.2991505162827347,1.87,1.8,0.0,0.0,2024,-0.4405885345512861,-1.0,-1.0,B (no rain flag)
total,over,0.3192216111267716,1.87,1.9,0.0,0.0,2024,-0.4030555871929371,-1.0,-1.0,B (no rain flag)
total,over,0.3716249760173851,1.87,1.85,1.0,0.0,2024,-0.3050612948474899,0.8700000000000001,0.8500000000000001,B (no rain flag)
total,over,0.372624385923657,1.87,1.85,1.0,0.0,2024,-0.30319239832276135,0.8700000000000001,0.8500000000000001,B (no rain flag)
total,over,0.3242961883447678,1.87,1.9,1.0,1.0,2024,-0.3935661277952841,0.8700000000000001,0.8999999999999999,B (no rain flag)
total,over,0.382032816540112,1.87,1.95,0.0,0.0,2024,-0.28559863306999056,-1.0,-1.0,B (no rain flag)
total,over,0.30910839217856934,1.85,1.85,1.0,0.0,2024,-0.4281494744696467,0.8500000000000001,0.8500000000000001,B (no rain flag)
total,over,0.31175026788306137,1.95,1.87,1.0,-1.0,2024,-0.39208697762803035,0.95,0.8700000000000001,B (no rain flag)
total,over,0.5093523479376205,1.87,1.8,1.0,0.0,2024,-0.047511109356649595,0.8700000000000001,0.8,B (no rain flag)
total,over,0.2773669182836027,1.87,2.0,0.0,2.0,2024,-0.4813238628096629,-1.0,-1.0,B (no rain flag)
total,over,0.3075589649803318,1.95,2.0,0.0,0.0,2024,-0.400260018288353,-1.0,-1.0,B (no rain flag)
total,over,0.3409191079392464,1.87,1.85,0.0,0.0,2024,-0.36248126815360915,-1.0,-1.0,B (no rain flag)
total,over,0.341142256365562,1.87,1.8,0.0,1.0,2024,-0.362063980596399,-1.0,-1.0,B (no rain flag)
total,over,0.26864266963306166,1.87,1.85,0.0,0.0,2024,-0.4976382077861746,-1.0,-1.0,B (no rain flag)
total,over,0.29562691298230215,1.85,1.95,0.0,1.0,2024,-0.45309021098274105,-1.0,-1.0,B (no rain flag)
total,over,0.35171136470405506,1.9,1.85,0.0,1.0,2024,-0.33174840706229536,-1.0,-1.0,B (no rain flag)
total,over,0.26285860299098557,1.9,1.9,1.0,1.0,2024,-0.5005686543171275,0.8999999999999999,0.8999999999999999,B (no rain flag)
total,over,0.4876925667179096,1.85,1.8,1.0,0.0,2024,-0.09776875157186715,0.8500000000000001,0.8,B (no rain flag)
total,over,0.30160597676487655,1.85,1.85,1.0,0.0,2024,-0.4420289429849784,0.8500000000000001,0.8500000000000001,B (no rain flag)
total,over,0.4247236417137565,1.85,1.95,0.0,0.0,2024,-0.2142612628295505,-1.0,-1.0,B (no rain flag)
total,over,0.2877323203350967,1.87,1.85,1.0,1.0,2024,-0.4619405609733691,0.8700000000000001,0.8500000000000001,B (no rain flag)
total,over,0.3600426479963626,1.87,1.9,1.0,0.0,2024,-0.3267202482468019,0.8700000000000001,0.8999999999999999,B (no rain flag)
total,over,0.24091493433369926,1.87,1.9,1.0,0.0,2024,-0.5494890727959824,0.8700000000000001,0.8999999999999999,B (no rain flag)
total,over,0.3952751056909725,1.87,1.9,1.0,0.0,2024,-0.26083555235788136,0.8700000000000001,0.8999999999999999,B (no rain flag)
total,over,0.28688790793193775,1.87,1.9,1.0,0.0,2024,-0.46351961216727633,0.8700000000000001,0.8999999999999999,B (no rain flag)
total,over,0.4477429907469359,1.8,1.9,1.0,1.0,2024,-0.19406261665551539,0.8,0.8999999999999999,B (no rain flag)
total,over,0.35443382119587735,1.87,1.8,0.0,1.0,2024,-0.33720875436370934,-1.0,-1.0,B (no rain flag)
total,over,0.28797328806909656,1.9,1.8,1.0,0.0,2024,-0.45285075266871655,0.8999999999999999,0.8,B (no rain flag)
total,over,0.3232205502053459,1.8,1.8,0.0,2.0,2024,-0.4182030096303774,-1.0,-1.0,B (no rain flag)
total,over,0.36160943395716394,1.87,1.9,1.0,1.0,2024,-0.3237903585001034,0.8700000000000001,0.8999999999999999,B (no rain flag)
total,over,0.3208317844264048,1.9,1.85,0.0,2.0,2024,-0.3904196095898309,-1.0,-1.0,B (no rain flag)
total,over,0.2862430264017426,1.87,1.85,0.0,2.0,2024,-0.4647255406287413,-1.0,-1.0,B (no rain flag)
total,over,0.297891667858144,1.87,1.85,1.0,3.0,2024,-0.4429425811052706,0.8700000000000001,0.8500000000000001,B (no rain flag)
total,over,0.31616251808630724,1.9,1.85,1.0,2.0,2024,-0.3992912156360162,0.8999999999999999,0.8500000000000001,B (no rain flag)
total,over,0.27649494131859276,1.87,1.9,1.0,0.0,2024,-0.48295445973423157,0.8700000000000001,0.8999999999999999,B (no rain flag)
total,over,0.31610037672853014,1.87,1.8,0.0,3.0,2024,-0.4088922955176486,-1.0,-1.0,B (no rain flag)
total,over,0.40775871138363295,1.87,1.85,1.0,2.0,2024,-0.2374912097126063,0.8700000000000001,0.8500000000000001,B (no rain flag)
total,over,0.3061822818125851,1.9,1.85,0.0,3.0,2024,-0.41825366455608837,-1.0,-1.0,B (no rain flag)
total,over,0.3463475071031775,1.87,1.95,1.0,3.0,2024,-0.352330161717058,0.8700000000000001,0.95,B (no rain flag)
total,over,0.2957841189584629,1.9,1.85,0.0,-2.0,2024,-0.4380101739789205,-1.0,-1.0,B (no rain flag)
total,over,0.5757907875737279,1.87,1.85,0.0,0.0,2024,0.07672877276287138,-1.0,-1.0,B (no rain flag)
total,over,0.46164221743134526,1.87,1.85,1.0,0.0,2024,-0.13672905340338437,0.8700000000000001,0.8500000000000001,B (no rain flag)
total,over,0.5247637916045432,1.8,1.8,1.0,1.0,2024,-0.05542517511182221,0.8,0.8,B (no rain flag)
total,over,0.515643834235413,1.85,1.9,1.0,1.0,2024,-0.046058906664485866,0.8500000000000001,0.8999999999999999,B (no rain flag)
total,over,0.48507258583869167,1.9,1.85,0.0,1.0,2024,-0.07836208690648583,-1.0,-1.0,B (no rain flag)
total,over,0.4673102427304879,1.9,1.9,1.0,0.0,2024,-0.11211053881207311,0.8999999999999999,0.8999999999999999,B (no rain flag)
total,over,0.4875396440664483,1.9,1.85,1.0,0.0,2024,-0.07367467627374835,0.8999999999999999,0.8500000000000001,B (no rain flag)
total,over,0.5488868388479419,1.9,1.8,0.0,0.0,2024,0.04288499381108957,-1.0,-1.0,B (no rain flag)
total,over,0.6216700832334368,1.85,1.85,0.0,1.0,2024,0.15008965398185814,-1.0,-1.0,B (no rain flag)
total,over,0.5628649596672979,1.9,1.8,0.0,0.0,2025,0.06944342336786602,-1.0,-1.0,B (no rain flag)
total,over,0.5911122975864846,1.95,2.0,1.0,0.0,2025,0.15266898029364495,0.95,1.0,B (no rain flag)
total,over,0.5942907645226939,1.85,1.85,1.0,1.0,2025,0.0994379143669839,0.8500000000000001,0.8500000000000001,B (no rain flag)
total,over,0.5656623261294942,1.9,1.85,0.0,-15.0,2025,0.07475841964603891,-1.0,-1.0,B (no rain flag)
total,over,0.5210962734766845,1.9,1.9,0.0,0.0,2025,-0.009917080394299504,-1.0,-1.0,B (no rain flag)
total,over,0.6226433544236546,1.9,1.85,1.0,0.0,2025,0.18302237340494365,0.8999999999999999,0.8500000000000001,B (no rain flag)
total,over,0.5371270999703521,1.95,1.9,1.0,2.0,2025,0.04739784494218657,0.95,0.8999999999999999,B (no rain flag)
total,over,0.5312562942390114,1.9,1.9,1.0,5.0,2025,0.00938695905412179,0.8999999999999999,0.8999999999999999,B (no rain flag)
total,over,0.3862430581876957,1.9,2.0,0.0,0.0,2025,-0.2661381894433782,-1.0,-1.0,B (no rain flag)
total,over,0.3995096524299562,1.87,1.85,1.0,0.0,2025,-0.2529169499559819,0.8700000000000001,0.8500000000000001,B (no rain flag)
total,over,0.3712712450709581,1.8,1.85,1.0,1.0,2025,-0.33171175887227544,0.8,0.8500000000000001,B (no rain flag)
total,over,0.3038325225234687,1.8,1.8,0.0,0.0,2025,-0.45310145945775626,-1.0,-1.0,B (no rain flag)
total,over,0.3508408874352279,1.87,1.9,0.0,0.0,2025,-0.34392754049612384,-1.0,-1.0,B (no rain flag)
total,over,0.34890360290824524,1.87,1.9,1.0,0.0,2025,-0.3475502625615814,0.8700000000000001,0.8999999999999999,B (no rain flag)
total,over,0.39026100199420155,1.8,1.8,0.0,2.0,2025,-0.2975301964104372,-1.0,-1.0,B (no rain flag)
total,over,0.4734431938207994,1.85,1.85,1.0,2.0,2025,-0.1241300914315211,0.8500000000000001,0.8500000000000001,B (no rain flag)
total,over,0.5081880236787739,1.87,1.95,1.0,-2.0,2025,-0.049688395720692724,0.8700000000000001,0.95,B (no rain flag)
total,over,0.4374496107891159,1.87,1.95,0.0,2.0,2025,-0.18196922782435332,-1.0,-1.0,B (no rain flag)
total,over,0.3222859408516967,1.9,1.85,0.0,1.0,2025,-0.38765671238177624,-1.0,-1.0,B (no rain flag)
total,over,0.3708294472940835,1.87,1.95,0.0,6.0,2025,-0.30654893356006374,-1.0,-1.0,B (no rain flag)
total,over,0.36489541763668976,1.87,1.8,1.0,0.0,2025,-0.3176455690193901,0.8700000000000001,0.8,B (no rain flag)
total,over,0.3122893286310364,1.9,1.9,0.0,0.0,2025,-0.40665027560103084,-1.0,-1.0,B (no rain flag)
total,over,0.44413198649397456,1.85,1.9,0.0,2.0,2025,-0.178355824986147,-1.0,-1.0,B (no rain flag)
total,over,0.4007870837911868,1.85,1.95,1.0,2.0,2025,-0.25854389498630437,0.8500000000000001,0.95,B (no rain flag)
total,over,0.36026444308311567,1.87,1.95,0.0,-1.0,2025,-0.32630549143457366,-1.0,-1.0,B (no rain flag)
total,over,0.365636356380894,1.9,1.95,0.0,0.0,2025,-0.30529092287630144,-1.0,-1.0,B (no rain flag)
total,over,0.34976833718690614,1.87,1.9,0.0,-1.0,2025,-0.34593320946048545,-1.0,-1.0,B (no rain flag)
total,over,0.41531537432890797,1.87,1.8,0.0,-4.0,2025,-0.22336025000494208,-1.0,-1.0,B (no rain flag)
total,over,0.46743890108473873,1.87,1.95,1.0,-1.0,2025,-0.12588925497153847,0.8700000000000001,0.95,B (no rain flag)
total,over,0.4563623652629846,1.87,1.95,0.0,-2.0,2025,-0.14660237695821865,-1.0,-1.0,B (no rain flag)
total,over,0.2620790134626474,1.87,1.95,0.0,-1.0,2025,-0.5099122448248494,-1.0,-1.0,B (no rain flag)
total,over,0.3753113989962088,1.95,1.95,1.0,-2.0,2025,-0.2681427719573929,0.95,0.95,B (no rain flag)
total,over,0.4457598719597144,1.87,1.9,0.0,0.0,2025,-0.16642903943533405,-1.0,-1.0,B (no rain flag)
total,over,0.4071048139639853,1.8,1.85,0.0,0.0,2025,-0.2672113348648265,-1.0,-1.0,B (no rain flag)
total,over,0.4125067060251121,1.87,1.95,0.0,0.0,2025,-0.22861245973304034,-1.0,-1.0,B (no rain flag)
total,over,0.38528292356440325,1.87,1.95,0.0,0.0,2025,-0.2795209329345659,-1.0,-1.0,B (no rain flag)
total,over,0.27418719422579696,1.87,1.95,0.0,0.0,2025,-0.4872699467977597,-1.0,-1.0,B (no rain flag)
total,over,0.29735524547954717,1.95,1.95,1.0,0.0,2025,-0.420157271314883,0.95,0.95,B (no rain flag)
total,over,0.4323259685878314,1.95,1.8,1.0,0.0,2025,-0.1569643612537288,0.95,0.8,B (no rain flag)
total,over,0.4303278278194616,1.87,2.0,0.0,0.0,2025,-0.19528696197760675,-1.0,-1.0,B (no rain flag)
total,over,0.3841720837008885,1.9,1.95,0.0,0.0,2025,-0.27007304096831186,-1.0,-1.0,B (no rain flag)
total,over,0.39448263035660786,1.87,1.85,1.0,-1.0,2025,-0.26231748123314325,0.8700000000000001,0.8500000000000001,B (no rain flag)
total,over,0.38447509891090825,1.95,1.95,0.0,0.0,2025,-0.2502735571237289,-1.0,-1.0,B (no rain flag)
total,over,0.39171769424697694,1.87,1.85,0.0,0.0,2025,-0.2674879117581531,-1.0,-1.0,B (no rain flag)
total,over,0.36031783535520956,1.85,1.85,0.0,0.0,2025,-0.33341200459286224,-1.0,-1.0,B (no rain flag)
total,over,0.4625670135695564,1.87,1.9,1.0,0.0,2025,-0.1349996846249295,0.8700000000000001,0.8999999999999999,B (no rain flag)
total,over,0.33213160467462244,1.87,1.9,1.0,2.0,2025,-0.378913899258456,0.8700000000000001,0.8999999999999999,B (no rain flag)
total,over,0.46263010009151995,1.87,1.9,0.0,0.0,2025,-0.13488171282885764,-1.0,-1.0,B (no rain flag)
total,over,0.43934027711274115,1.9,1.86,0.0,-20.0,2025,-0.1652534734857919,-1.0,-1.0,B (no rain flag)
total,over,0.44064745003067074,1.87,1.9,0.0,0.0,2025,-0.17598926844264562,-1.0,-1.0,B (no rain flag)
total,over,0.33446090496188147,1.87,1.9,1.0,0.0,2025,-0.3745581077212816,0.8700000000000001,0.8999999999999999,B (no rain flag)
total,over,0.4518491958379821,1.85,1.9,0.0,0.0,2025,-0.16407898769973306,-1.0,-1.0,B (no rain flag)
total,over,0.46662555129715605,1.9,1.9,1.0,0.0,2025,-0.11341145253540352,0.8999999999999999,0.8999999999999999,B (no rain flag)
total,over,0.38168648772944525,1.87,2.0,0.0,1.0,2025,-0.2862462679459373,-1.0,-1.0,B (no rain flag)
total,over,0.45969426070141484,1.9,1.95,1.0,0.0,2025,-0.12658090466731187,0.8999999999999999,0.95,B (no rain flag)
total,over,0.4391360018085368,1.85,1.85,1.0,0.0,2025,-0.18759839665420686,0.8500000000000001,0.8500000000000001,B (no rain flag)
total,over,0.5328195986528709,1.95,1.9,1.0,-2.0,2025,0.038998217373098276,0.95,0.8999999999999999,B (no rain flag)
total,over,0.4805006957915817,1.85,1.95,1.0,0.0,2025,-0.11107371278557376,0.8500000000000001,0.95,B (no rain flag)
total,over,0.41438144284721323,1.95,1.9,0.0,-2.0,2025,-0.19195618644793422,-1.0,-1.0,B (no rain flag)
total,over,0.41799963318017763,1.87,1.9,0.0,-2.0,2025,-0.21834068595306777,-1.0,-1.0,B (no rain flag)
total,over,0.3940909764659712,1.87,1.8,1.0,0.0,2025,-0.2630498740086339,0.8700000000000001,0.8,B (no rain flag)
total,over,0.48841015722199443,1.87,1.95,0.0,0.0,2025,-0.08667300599487038,-1.0,-1.0,B (no rain flag)
total,over,0.4226204441744924,1.87,1.85,1.0,1.0,2025,-0.20969976939369916,0.8700000000000001,0.8500000000000001,B (no rain flag)
total,over,0.4427615254737513,1.87,1.11,0.0,-21.0,2025,-0.172035947364085,-1.0,-1.0,B (no rain flag)
total,over,0.447600518278104,1.87,1.85,0.0,0.0,2025,-0.16298703081994548,-1.0,-1.0,B (no rain flag)
total,over,0.4364044837977754,1.87,1.9,1.0,0.0,2025,-0.18392361529815993,0.8700000000000001,0.8999999999999999,B (no rain flag)
total,over,0.38294873278194586,1.87,2.0,0.0,0.0,2025,-0.2838858696977612,-1.0,-1.0,B (no rain flag)
total,over,0.4284252191956188,1.87,1.9,1.0,-3.0,2025,-0.1988448401041928,0.8700000000000001,0.8999999999999999,B (no rain flag)
total,over,0.4526895303712435,1.9,1.9,1.0,-2.0,2025,-0.13988989229463744,0.8999999999999999,0.8999999999999999,B (no rain flag)
total,over,0.4117139115812361,1.87,1.9,1.0,1.0,2025,-0.23009498534308848,0.8700000000000001,0.8999999999999999,B (no rain flag)
total,over,0.4797968464099485,1.87,1.85,0.0,1.0,2025,-0.1027798972133962,-1.0,-1.0,B (no rain flag)
total,over,0.5161805149750472,1.9,1.9,0.0,1.0,2025,-0.01925702154741027,-1.0,-1.0,B (no rain flag)
total,over,0.4149717838945995,1.87,1.85,0.0,0.0,2025,-0.22400276411709896,-1.0,-1.0,B (no rain flag)
total,over,0.36680378153162985,1.8,1.95,0.0,0.0,2025,-0.3397531932430663,-1.0,-1.0,B (no rain flag)
total,over,0.36751315350992286,1.87,1.95,0.0,0.0,2025,-0.3127504029364442,-1.0,-1.0,B (no rain flag)
total,over,0.4500732914400268,1.95,1.85,1.0,-2.0,2025,-0.12235708169194781,0.95,0.8500000000000001,B (no rain flag)
total,over,0.4304942390450019,1.87,1.9,0.0,0.0,2025,-0.19497577298584645,-1.0,-1.0,B (no rain flag)
total,over,0.37621837740849673,1.87,1.9,1.0,2.0,2025,-0.2964716342461111,0.8700000000000001,0.8999999999999999,B (no rain flag)
total,over,0.375705559764494,1.87,1.87,0.0,0.0,2025,-0.29743060324039616,-1.0,-1.0,B (no rain flag)
total,over,0.3864137863577886,1.9,1.95,0.0,-1.0,2025,-0.26581380592020165,-1.0,-1.0,B (no rain flag)
total,over,0.5604275006961168,1.87,1.95,1.0,1.0,2025,0.04799942630173848,0.8700000000000001,0.95,B (no rain flag)
total,over,0.3778323720212536,1.9,1.9,0.0,0.0,2025,-0.28211849315961823,-1.0,-1.0,B (no rain flag)
total,over,0.3896900316991426,1.87,1.85,0.0,1.0,2025,-0.27127964072260324,-1.0,-1.0,B (no rain flag)
total,over,0.4688591328586687,1.95,2.0,1.0,0.0,2025,-0.08572469092559609,0.95,1.0,B (no rain flag)
total,over,0.34330738971138064,1.95,1.9,1.0,0.0,2025,-0.33055059006280774,0.95,0.8999999999999999,B (no rain flag)
total,over,0.4607463846527875,1.9,1.95,1.0,0.0,2025,-0.12458186915970382,0.8999999999999999,0.95,B (no rain flag)
total,over,0.4281095747813015,1.9,2.0,0.0,0.0,2025,-0.1865918079155272,-1.0,-1.0,B (no rain flag)
total,over,0.615738450664169,1.87,2.25,1.0,0.0,2025,0.151430902741996,0.8700000000000001,1.25,B (no rain flag)
total,over,0.4759797277381924,1.9,1.85,0.0,-3.0,2025,-0.09563851729743444,-1.0,-1.0,B (no rain flag)
total,over,0.5093406034221515,1.85,1.85,0.0,-1.0,2025,-0.0577198836690197,-1.0,-1.0,B (no rain flag)
total,over,0.5613959546476174,1.87,1.8,1.0,0.0,2025,0.049810435191044666,0.8700000000000001,0.8,B (no rain flag)
total,over,0.5807410827966265,1.85,1.9,0.0,2.0,2025,0.074371003173759,-1.0,-1.0,B (no rain flag)
total,over,0.4786640371776731,1.91,2.0,0.0,0.0,2025,-0.08575168899064445,-1.0,-1.0,B (no rain flag)
total,over,0.47946607192451524,1.87,2.0,0.0,-1.0,2025,-0.10339844550115651,-1.0,-1.0,B (no rain flag)
total,over,0.4129032861693177,1.85,1.95,1.0,0.0,2025,-0.23612892058676216,0.8500000000000001,0.95,B (no rain flag)
total,over,0.47490119707839806,1.87,1.95,0.0,0.0,2025,-0.11193476146339554,-1.0,-1.0,B (no rain flag)
total,over,0.3984065436035682,1.81,1.8,1.0,0.0,2025,-0.2788841560775416,0.81,0.8,B (no rain flag)
total,over,0.507885600501944,1.87,1.9,0.0,0.0,2025,-0.05025392706136467,-1.0,-1.0,B (no rain flag)
total,over,0.5595549598478751,1.87,1.85,1.0,1.0,2025,0.04636777491552646,0.8700000000000001,0.8500000000000001,B (no rain flag)
total,over,0.39854896926380856,1.9,2.0,1.0,-1.0,2025,-0.24275695839876377,0.8999999999999999,1.0,B (no rain flag)
total,over,0.4306225396434481,1.87,1.9,1.0,0.0,2025,-0.19473585086675205,0.8700000000000001,0.8999999999999999,B (no rain flag)
total,over,0.42206779957306007,1.87,1.85,1.0,0.0,2025,-0.2107332147983776,0.8700000000000001,0.8500000000000001,B (no rain flag)
total,over,0.4794171235861337,1.9,1.9,1.0,0.0,2025,-0.08910746518634605,0.8999999999999999,0.8999999999999999,B (no rain flag)
total,over,0.3890169816299326,1.9,1.9,1.0,0.0,2025,-0.2608677349031281,0.8999999999999999,0.8999999999999999,B (no rain flag)
total,over,0.42758483350689375,1.85,2.0,1.0,0.0,2025,-0.2089680580122465,0.8500000000000001,1.0,B (no rain flag)
total,over,0.4586907926450801,1.9,1.9,0.0,0.0,2025,-0.12848749397434778,-1.0,-1.0,B (no rain flag)
total,over,0.44402080752532413,1.87,1.9,0.0,-1.0,2025,-0.16968108992764386,-1.0,-1.0,B (no rain flag)
total,over,0.4683608113501941,1.9,1.95,1.0,0.0,2025,-0.1101144584346313,0.8999999999999999,0.95,B (no rain flag)
total,over,0.41266046508634924,1.87,1.95,0.0,0.0,2025,-0.22832493028852685,-1.0,-1.0,B (no rain flag)
total,over,0.5380185836661422,1.85,1.8,0.0,0.0,2025,-0.0046656202176369455,-1.0,-1.0,B (no rain flag)
total,over,0.4466593329348513,1.87,1.95,1.0,1.0,2025,-0.164747047411828,0.8700000000000001,0.95,B (no rain flag)
total,over,0.44433139272130306,1.95,2.0,0.0,-1.0,2025,-0.1335537841934591,-1.0,-1.0,B (no rain flag)
total,over,0.49778068742047477,1.87,1.85,0.0,0.0,2025,-0.06915011452371211,-1.0,-1.0,B (no rain flag)
total,over,0.4973406609605874,1.87,1.9,1.0,0.0,2025,-0.06997296400370157,0.8700000000000001,0.8999999999999999,B (no rain flag)
total,over,0.3899252240517889,1.87,1.9,0.0,-1.0,2025,-0.2708398310231547,-1.0,-1.0,B (no rain flag)
total,over,0.45448250577477245,1.9,1.95,1.0,0.0,2025,-0.13648323902793236,0.8999999999999999,0.95,B (no rain flag)
total,over,0.4293729395859986,1.87,1.9,1.0,0.0,2025,-0.1970726029741826,0.8700000000000001,0.8999999999999999,B (no rain flag)
total,over,0.49857731171859093,1.87,1.85,1.0,1.0,2025,-0.06766042708623488,0.8700000000000001,0.8500000000000001,B (no rain flag)
total,over,0.45202335878723443,1.9,1.9,1.0,-1.0,2025,-0.1411556183042546,0.8999999999999999,0.8999999999999999,B (no rain flag)
total,over,0.5214147337192638,1.9,1.95,0.0,0.0,2025,-0.00931200593339876,-1.0,-1.0,B (no rain flag)
total,over,0.367026807082933,1.9,1.85,0.0,0.0,2025,-0.3026490665424273,-1.0,-1.0,B (no rain flag)
total,over,0.419030090456092,1.9,2.0,0.0,0.0,2025,-0.20384282813342525,-1.0,-1.0,B (no rain flag)
total,over,0.41169572425778256,1.9,1.85,0.0,0.0,2025,-0.21777812391021323,-1.0,-1.0,B (no rain flag)
total,over,0.44972207164634254,1.87,1.85,1.0,0.0,2025,-0.1590197260213394,0.8700000000000001,0.8500000000000001,B (no rain flag)
total,over,0.4056822928334646,1.87,1.85,1.0,0.0,2025,-0.24137411240142115,0.8700000000000001,0.8500000000000001,B (no rain flag)
total,over,0.49578164561293775,1.85,1.95,0.0,1.0,2025,-0.08280395561606513,-1.0,-1.0,B (no rain flag)
total,over,0.4014080838484299,1.87,1.9,1.0,0.0,2025,-0.24936688320343603,0.8700000000000001,0.8999999999999999,B (no rain flag)
total,over,0.5346896099026539,1.87,1.9,0.0,0.0,2025,-0.0001304294820371199,-1.0,-1.0,B (no rain flag)
total,over,0.4478741267510138,1.95,1.9,1.0,-1.0,2025,-0.1266454528355231,0.95,0.8999999999999999,B (no rain flag)
total,over,0.5321300689343361,1.8,1.9,0.0,2.0,2025,-0.042165875918194984,-1.0,-1.0,B (no rain flag)
total,over,0.4632741524324444,1.85,1.9,1.0,2.0,2025,-0.14294281799997777,0.8500000000000001,0.8999999999999999,B (no rain flag)
total,over,0.4757992374855845,1.87,1.8,0.0,1.0,2025,-0.11025542590195692,-1.0,-1.0,B (no rain flag)
total,over,0.5561210714131715,1.9,1.9,0.0,2.0,2025,0.05663003568502578,-1.0,-1.0,B (no rain flag)
total,over,0.43080646372938813,1.87,1.85,0.0,-1.0,2025,-0.19439191282604418,-1.0,-1.0,B (no rain flag)
total,over,0.5134534578447764,1.87,1.85,1.0,0.0,2025,-0.039842033830268186,0.8700000000000001,0.8500000000000001,B (no rain flag)
total,over,0.4365954543887104,1.95,1.85,0.0,-1.0,2025,-0.14863886394201475,-1.0,-1.0,B (no rain flag)
total,over,0.4640727610900605,1.87,1.9,1.0,0.0,2025,-0.1321839367615868,0.8700000000000001,0.8999999999999999,B (no rain flag)
total,over,0.5039195375121931,1.87,1.9,0.0,0.0,2025,-0.057670464852198844,-1.0,-1.0,B (no rain flag)
total,over,0.47360744788338033,1.85,1.95,0.0,1.0,2025,-0.1238262214157464,-1.0,-1.0,B (no rain flag)
total,over,0.4576465100563292,1.87,1.85,1.0,1.0,2025,-0.14420102619466435,0.8700000000000001,0.8500000000000001,B (no rain flag)
total,over,0.4911440210098343,1.87,1.95,1.0,0.0,2025,-0.08156068071160982,0.8700000000000001,0.95,B (no rain flag)
total,over,0.45031073987193704,1.87,1.95,0.0,-1.0,2025,-0.15791891643947764,-1.0,-1.0,B (no rain flag)
total,over,0.4332440693996907,1.87,1.85,1.0,1.0,2025,-0.1898335902225784,0.8700000000000001,0.8500000000000001,B (no rain flag)
total,over,0.48484660407929864,1.87,1.9,0.0,0.0,2025,-0.09333685037171147,-1.0,-1.0,B (no rain flag)
total,over,0.44008982589246354,1.87,1.85,0.0,0.0,2025,-0.1770320255810931,-1.0,-1.0,B (no rain flag)
total,over,0.47433265678287573,1.8,1.85,0.0,2.0,2025,-0.14620121779082362,-1.0,-1.0,B (no rain flag)
total,over,0.4140102036030838,1.9,1.95,0.0,0.0,2025,-0.2133806131541408,-1.0,-1.0,B (no rain flag)
total,over,0.5192314768635474,1.9,1.95,1.0,0.0,2025,-0.013460193959259903,0.8999999999999999,0.95,B (no rain flag)
total,over,0.4573899135047446,1.87,1.85,1.0,0.0,2025,-0.1446808617461275,0.8700000000000001,0.8500000000000001,B (no rain flag)
total,over,0.4236944551691351,1.87,1.9,0.0,2.0,2025,-0.2076913688337173,-1.0,-1.0,B (no rain flag)
total,over,0.3966491435980142,1.9,1.9,0.0,0.0,2025,-0.2463666271637731,-1.0,-1.0,B (no rain flag)
total,over,0.36419339428984127,1.87,1.95,0.0,0.0,2025,-0.31895835267799677,-1.0,-1.0,B (no rain flag)
total,over,0.3958703527665907,1.9,1.95,0.0,0.0,2025,-0.24784632974347764,-1.0,-1.0,B (no rain flag)
total,over,0.4520463933075647,1.87,1.95,1.0,0.0,2025,-0.15467324451485398,0.8700000000000001,0.95,B (no rain flag)
total,over,0.44328792751422635,1.85,1.8,1.0,0.0,2025,-0.17991733409868116,0.8500000000000001,0.8,B (no rain flag)
total,over,0.4631496234667936,1.87,1.95,0.0,-1.0,2025,-0.13391020411709587,-1.0,-1.0,B (no rain flag)
total,over,0.48914443334233637,1.95,1.85,0.0,-1.0,2025,-0.04616835498244409,-1.0,-1.0,B (no rain flag)
total,over,0.3786176550135075,1.9,1.9,1.0,0.0,2025,-0.28062645547433573,0.8999999999999999,0.8999999999999999,B (no rain flag)
total,over,0.3848282429905157,1.8,1.95,1.0,0.0,2025,-0.30730916261707175,0.8,0.95,B (no rain flag)
total,over,0.5641243388901496,1.9,1.9,0.0,-2.0,2025,0.07183624389128407,-1.0,-1.0,B (no rain flag)
total,over,0.46956114774714786,1.95,1.9,0.0,-3.0,2025,-0.08435576189306171,-1.0,-1.0,B (no rain flag)
total,over,0.44400696459654515,1.95,1.9,0.0,-2.0,2025,-0.134186419036737,-1.0,-1.0,B (no rain flag)
total,over,0.4663618142953444,1.87,1.95,0.0,-2.0,2025,-0.12790340726770588,-1.0,-1.0,B (no rain flag)
total,over,0.5151384548249092,1.87,1.95,0.0,0.0,2025,-0.036691089477419836,-1.0,-1.0,B (no rain flag)
total,over,0.44563431515345103,1.85,2.0,1.0,-1.0,2025,-0.17557651696611554,0.8500000000000001,1.0,B (no rain flag)
total,over,0.4308299353522321,1.87,1.9,0.0,0.0,2025,-0.19434802089132597,-1.0,-1.0,B (no rain flag)
total,over,0.4627402077317258,1.9,1.9,0.0,-1.0,2025,-0.12079360530972105,-1.0,-1.0,B (no rain flag)
total,over,0.5029513688944165,1.85,1.95,1.0,1.0,2025,-0.06953996754532943,0.8500000000000001,0.95,B (no rain flag)
total,over,0.4805235742210589,1.87,1.9,1.0,-1.0,2025,-0.10142091620661975,0.8700000000000001,0.8999999999999999,B (no rain flag)
total,over,0.3308077020094673,1.87,1.85,0.0,-1.0,2025,-0.38138959724229615,-1.0,-1.0,B (no rain flag)
total,over,0.4890316092376623,1.87,1.95,0.0,0.0,2025,-0.08551089072557139,-1.0,-1.0,B (no rain flag)
total,over,0.606113774432525,1.87,1.9,0.0,-1.0,2025,0.13343275818882194,-1.0,-1.0,B (no rain flag)
total,over,0.5230224007206934,1.85,1.95,0.0,1.0,2025,-0.03240855866671721,-1.0,-1.0,B (no rain flag)
total,over,0.6061978623515525,1.85,1.95,1.0,1.0,2025,0.1214660453503722,0.8500000000000001,0.95,B (no rain flag)
total,over,0.3463229612095595,2.0,1.95,1.0,0.0,2025,-0.30735407758088096,1.0,0.95,B (no rain flag)
total,over,0.4799250447622386,1.87,1.9,1.0,0.0,2025,-0.10254016629461382,0.8700000000000001,0.8999999999999999,B (no rain flag)
total,over,0.4068411240548223,1.87,1.95,0.0,0.0,2025,-0.2392070980174822,-1.0,-1.0,B (no rain flag)
total,over,0.33548783422240497,1.9,1.95,0.0,0.0,2025,-0.3625731149774306,-1.0,-1.0,B (no rain flag)
total,over,0.43719572687120256,1.87,1.85,0.0,0.0,2025,-0.18244399075085116,-1.0,-1.0,B (no rain flag)
total,over,0.61316711939767,1.9,1.95,0.0,-1.0,2025,0.16501752685557292,-1.0,-1.0,B (no rain flag)
total,over,0.6491577310497411,1.85,1.95,0.0,1.0,2025,0.2009418024420211,-1.0,-1.0,B (no rain flag)
total,over,0.5706534874302797,1.87,1.95,0.0,0.0,2025,0.0671220214946231,-1.0,-1.0,B (no rain flag)
total,over,0.4294800082223756,1.87,1.95,1.0,0.0,2025,-0.19687238462415757,0.8700000000000001,0.95,B (no rain flag)
total,over,0.43339812306095615,1.85,1.9,1.0,0.0,2025,-0.19821347233723108,0.8500000000000001,0.8999999999999999,B (no rain flag)
total,over,0.4377076101047345,1.85,1.85,0.0,-7.0,2025,-0.19024092130624104,-1.0,-1.0,B (no rain flag)
total,over,0.4467135955690403,1.87,1.9,1.0,0.0,2025,-0.1646455762858946,0.8700000000000001,0.8999999999999999,B (no rain flag)
total,over,0.41720140831161356,1.87,1.1,1.0,-13.0,2025,-0.21983336645728258,0.8700000000000001,0.10000000000000009,B (no rain flag)
total,over,0.4477876646157015,1.87,1.93,0.0,-12.0,2025,-0.16263706716863813,-1.0,-1.0,B (no rain flag)
total,over,0.45828026360576,1.87,1.95,1.0,-1.0,2025,-0.14301590705722866,0.8700000000000001,0.95,B (no rain flag)
total,over,0.5396165342063352,1.87,1.9,1.0,0.0,2025,0.009082918965846787,0.8700000000000001,0.8999999999999999,B (no rain flag)
total,over,0.3388387433252058,1.87,1.95,0.0,0.0,2025,-0.36637154998186516,-1.0,-1.0,B (no rain flag)
total,over,0.3999846419220882,1.85,1.95,1.0,1.0,2025,-0.26002841244413677,0.8500000000000001,0.95,B (no rain flag)
total,over,0.4512994413506458,1.8,1.85,1.0,1.0,2025,-0.18766100556883747,0.8,0.8500000000000001,B (no rain flag)
total,over,0.35109335112541606,1.8,1.8,1.0,0.0,2025,-0.3680319679742511,0.8,0.8,B (no rain flag)
total,over,0.41763411863420147,1.85,1.9,1.0,1.0,2025,-0.22737688052672722,0.8500000000000001,0.8999999999999999,B (no rain flag)
total,over,0.4296203837137511,1.87,1.95,0.0,0.0,2025,-0.19660988245528543,-1.0,-1.0,B (no rain flag)
total,over,0.3920888952621937,1.87,1.9,1.0,1.0,2025,-0.2667937658596977,0.8700000000000001,0.8999999999999999,B (no rain flag)
total,over,0.3531108350464852,1.9,1.85,0.0,0.0,2025,-0.3290894134116781,-1.0,-1.0,B (no rain flag)
total,over,0.38301513103202867,1.85,1.9,1.0,2.0,2025,-0.2914220075907469,0.8500000000000001,0.8999999999999999,B (no rain flag)
total,over,0.2926190429082906,1.85,1.8,1.0,0.0,2025,-0.4586547706196623,0.8500000000000001,0.8,B (no rain flag)
total,over,0.44392483063375504,1.9,2.0,0.0,0.0,2025,-0.15654282179586543,-1.0,-1.0,B (no rain flag)
total,over,0.4024926424817945,1.95,1.8,1.0,2.0,2025,-0.21513934716050076,0.95,0.8,B (no rain flag)
total,over,0.31624504512974455,1.8,1.8,1.0,2.0,2025,-0.4307589187664598,0.8,0.8,B (no rain flag)
total,over,0.5714482435672716,1.9,1.8,1.0,-1.0,2025,0.0857516627778161,0.8999999999999999,0.8,B (no rain flag)
total,over,0.45720010833526387,1.9,1.9,0.0,0.0,2025,-0.13131979416299866,-1.0,-1.0,B (no rain flag)
total,over,0.4587470391977233,1.9,1.95,0.0,0.0,2025,-0.12838062552432572,-1.0,-1.0,B (no rain flag)
total,over,0.5421800032452289,1.9,1.85,1.0,1.0,2025,0.030142006165934765,0.8999999999999999,0.8500000000000001,B (no rain flag)
total,over,0.42661445863456926,1.9,1.95,0.0,-2.0,2025,-0.18943252859431847,-1.0,-1.0,B (no rain flag)
total,over,0.5351014639487339,1.9,1.95,1.0,0.0,2025,0.016692781502594345,0.8999999999999999,0.95,B (no rain flag)
total,over,0.577062670635085,1.9,1.8,0.0,1.0,2025,0.09641907420666151,-1.0,-1.0,B (no rain flag)
total,over,0.48120266956570473,1.9,1.85,0.0,2.0,2025,-0.0857149278251611,-1.0,-1.0,B (no rain flag)
total,over,0.6307860141881918,1.9,1.85,1.0,0.0,2025,0.19849342695756444,0.8999999999999999,0.8500000000000001,B (no rain flag)
total,under,0.37735282906252166,1.91,1.952,1.0,0.0,2023,-0.2792560964905837,0.9099999999999999,0.952,B (no rain flag)
total,under,0.43699344951331154,1.91,1.87,1.0,0.0,2023,-0.165342511429575,0.9099999999999999,0.8700000000000001,B (no rain flag)
total,under,0.37910732761723953,1.91,1.91,1.0,0.0,2023,-0.27590500425107256,0.9099999999999999,0.9099999999999999,B (no rain flag)
total,under,0.4680695083005625,1.91,1.97,1.0,0.0,2023,-0.10598723914592567,0.9099999999999999,0.97,B (no rain flag)
total,under,0.43761006474311204,1.91,1.89,1.0,0.0,2023,-0.16416477634065607,0.9099999999999999,0.8899999999999999,B (no rain flag)
total,under,0.43931882107751885,1.91,1.91,0.0,2.0,2023,-0.16090105174193903,-1.0,-1.0,B (no rain flag)
total,under,0.5888091445557488,1.91,1.97,1.0,1.0,2023,0.12462546610148029,0.9099999999999999,0.97,B (no rain flag)
total,under,0.32296267344602403,1.91,1.91,1.0,0.0,2023,-0.38314129371809413,0.9099999999999999,0.9099999999999999,B (no rain flag)
total,under,0.37947986699908487,1.91,1.87,0.0,0.0,2023,-0.2751934540317479,-1.0,-1.0,B (no rain flag)
total,under,0.4071911518468019,1.97,1.89,0.0,1.0,2023,-0.19783343086180027,-1.0,-1.0,B (no rain flag)
total,under,0.4968818315186435,1.91,1.91,1.0,-1.0,2023,-0.05095570179939091,0.9099999999999999,0.9099999999999999,B (no rain flag)
total,under,0.35157259567199284,1.952,1.91,1.0,0.0,2023,-0.31373029324826995,0.952,0.9099999999999999,B (no rain flag)
total,under,0.4403743396039498,1.91,1.91,1.0,0.0,2023,-0.15888501135645594,0.9099999999999999,0.9099999999999999,B (no rain flag)
total,under,0.4052842747548293,1.91,1.952,0.0,2.0,2023,-0.22590703521827604,-1.0,-1.0,B (no rain flag)
total,under,0.4032558816756052,1.91,1.89,0.0,-2.0,2023,-0.22978126599959403,-1.0,-1.0,B (no rain flag)
total,under,0.34719050358230186,1.91,1.952,1.0,-2.0,2023,-0.33686613815780353,0.9099999999999999,0.952,B (no rain flag)
total,under,0.4366149442197881,1.91,1.91,0.0,0.0,2023,-0.16606545654020477,-1.0,-1.0,B (no rain flag)
total,under,0.4370827130674799,1.91,1.91,1.0,-1.0,2023,-0.16517201804111337,0.9099999999999999,0.9099999999999999,B (no rain flag)
total,under,0.43450375001110086,1.91,1.91,0.0,-1.0,2023,-0.17009783747879736,-1.0,-1.0,B (no rain flag)
total,under,0.41162771010722643,1.91,1.97,0.0,-1.0,2023,-0.21379107369519756,-1.0,-1.0,B (no rain flag)
total,under,0.43540096345803203,1.91,1.97,0.0,-1.0,2023,-0.16838415979515886,-1.0,-1.0,B (no rain flag)
total,under,0.3520619199500864,1.91,1.91,1.0,0.0,2023,-0.32756173289533497,0.9099999999999999,0.9099999999999999,B (no rain flag)
total,under,0.4689853423202496,1.91,1.91,1.0,0.0,2023,-0.1042379961683233,0.9099999999999999,0.9099999999999999,B (no rain flag)
total,under,0.4616715010230221,1.91,1.87,1.0,-1.0,2023,-0.11820743304602777,0.9099999999999999,0.8700000000000001,B (no rain flag)
total,under,0.46657318501067757,1.91,1.952,1.0,0.0,2023,-0.10884521662960589,0.9099999999999999,0.952,B (no rain flag)
total,under,0.4426376383119841,1.91,1.91,1.0,-1.0,2023,-0.15456211082411042,0.9099999999999999,0.9099999999999999,B (no rain flag)
total,under,0.44172169145170526,1.91,1.85,1.0,0.0,2023,-0.156311569327243,0.9099999999999999,0.8500000000000001,B (no rain flag)
total,under,0.4621910731070389,1.91,1.97,0.0,0.0,2023,-0.1172150503655558,-1.0,-1.0,B (no rain flag)
total,under,0.34406860659857763,1.97,1.91,0.0,-2.0,2023,-0.322184845000802,-1.0,-1.0,B (no rain flag)
total,under,0.4168873637803855,1.91,1.91,0.0,2.0,2023,-0.2037451351794638,-1.0,-1.0,B (no rain flag)
total,under,0.409979993639488,1.91,1.91,1.0,1.0,2023,-0.2169382121485779,0.9099999999999999,0.9099999999999999,B (no rain flag)
total,under,0.4705830961410309,1.91,1.91,0.0,0.0,2023,-0.1011862863706311,-1.0,-1.0,B (no rain flag)
total,under,0.4374672712430431,1.91,1.91,0.0,0.0,2023,-0.1644375119257877,-1.0,-1.0,B (no rain flag)
total,under,0.3810665354575853,1.91,1.91,1.0,1.0,2023,-0.27216291727601216,0.9099999999999999,0.9099999999999999,B (no rain flag)
total,under,0.3210323219396034,1.91,1.91,1.0,0.0,2023,-0.3868282650953575,0.9099999999999999,0.9099999999999999,B (no rain flag)
total,under,0.45180219186769943,1.82,1.952,0.0,2.0,2023,-0.17772001080078703,-1.0,-1.0,B (no rain flag)
total,under,0.4411062738511008,1.82,2.0,0.0,0.0,2023,-0.19718658159099656,-1.0,-1.0,B (no rain flag)
total,under,0.4364201224763158,1.91,1.952,0.0,-1.0,2023,-0.16643756607023685,-1.0,-1.0,B (no rain flag)
total,under,0.5263183906126735,1.91,1.952,1.0,0.0,2023,0.005268126070206325,0.9099999999999999,0.952,B (no rain flag)
total,under,0.5193952424514392,1.97,1.97,1.0,-2.0,2023,0.023208627629335288,0.97,0.97,B (no rain flag)
total,under,0.4364184137971623,1.91,1.91,0.0,-2.0,2023,-0.16644082964742002,-1.0,-1.0,B (no rain flag)
total,under,0.4978563602450422,1.91,1.91,0.0,-2.0,2023,-0.04909435193196943,-1.0,-1.0,B (no rain flag)
total,under,0.5010025928028632,1.91,1.91,0.0,-2.0,2023,-0.043085047746531324,-1.0,-1.0,B (no rain flag)
total,under,0.37475447894987046,1.91,1.87,1.0,-3.0,2023,-0.2842189452057474,0.9099999999999999,0.8700000000000001,B (no rain flag)
total,under,0.4657151814028636,1.91,2.0,1.0,-1.0,2023,-0.11048400352053056,0.9099999999999999,1.0,B (no rain flag)
total,under,0.3794194508009321,1.91,1.91,1.0,-2.0,2023,-0.2753088489702198,0.9099999999999999,0.9099999999999999,B (no rain flag)
total,under,0.49841451104973844,1.91,1.91,1.0,0.0,2023,-0.04802828389499958,0.9099999999999999,0.9099999999999999,B (no rain flag)
total,under,0.4661341116026424,1.91,1.952,0.0,-3.0,2023,-0.10968384683895305,-1.0,-1.0,B (no rain flag)
total,under,0.43622526827363906,1.91,1.91,1.0,0.0,2023,-0.1668097375973494,0.9099999999999999,0.9099999999999999,B (no rain flag)
total,under,0.43771030710003633,1.91,1.91,1.0,-2.0,2023,-0.16397331343893062,0.9099999999999999,0.9099999999999999,B (no rain flag)
total,under,0.3534221527481426,1.91,1.89,1.0,2.0,2023,-0.3249636882510477,0.9099999999999999,0.8899999999999999,B (no rain flag)
total,under,0.4620709314589335,1.91,2.0,1.0,0.0,2023,-0.11744452091343704,0.9099999999999999,1.0,B (no rain flag)
total,under,0.40732390145536246,1.91,1.91,0.0,-1.0,2023,-0.2220113482202577,-1.0,-1.0,B (no rain flag)
total,under,0.3797894678920346,1.91,1.952,1.0,-1.0,2023,-0.2746021163262139,0.9099999999999999,0.952,B (no rain flag)
total,under,0.48683720634013583,1.91,1.952,0.0,-3.0,2023,-0.07014093589034065,-1.0,-1.0,B (no rain flag)
total,under,0.46436235448695096,1.91,1.952,1.0,-1.0,2023,-0.11306790292992375,0.9099999999999999,0.952,B (no rain flag)
total,under,0.4083411827200567,1.91,1.87,0.0,-1.0,2023,-0.22006834100469175,-1.0,-1.0,B (no rain flag)
total,under,0.4445884634976758,1.91,1.82,0.0,0.0,2023,-0.1508360347194393,-1.0,-1.0,B (no rain flag)
total,under,0.37859046920688444,1.91,1.91,0.0,-2.0,2023,-0.2768922038148508,-1.0,-1.0,B (no rain flag)
total,under,0.37769477567562093,1.91,1.91,0.0,-2.0,2023,-0.27860297845956405,-1.0,-1.0,B (no rain flag)
total,under,0.43703416427151087,1.91,1.91,1.0,0.0,2023,-0.1652647462414143,0.9099999999999999,0.9099999999999999,B (no rain flag)
total,under,0.46590812405581916,1.91,1.89,0.0,0.0,2023,-0.11011548305338548,-1.0,-1.0,B (no rain flag)
total,under,0.5178130996668556,1.91,1.87,1.0,3.0,2023,-0.01097697963630584,0.9099999999999999,0.8700000000000001,B (no rain flag)
total,under,0.47379245714321794,1.91,1.91,1.0,4.0,2023,-0.09505640685645378,0.9099999999999999,0.9099999999999999,B (no rain flag)
total,under,0.43620113650413717,1.91,1.91,1.0,2.0,2023,-0.16685582927709808,0.9099999999999999,0.9099999999999999,B (no rain flag)
total,under,0.3753111024314135,1.91,2.0,1.0,-1.0,2023,-0.28315579435600025,0.9099999999999999,1.0,B (no rain flag)
total,under,0.40811241427501355,1.91,1.91,0.0,0.0,2023,-0.2205052887347242,-1.0,-1.0,B (no rain flag)
total,under,0.49428202682439737,1.91,1.952,1.0,-2.0,2023,-0.05592132876540101,0.9099999999999999,0.952,B (no rain flag)
total,under,0.3884856283845298,1.91,1.952,1.0,-2.0,2023,-0.25799244978554803,0.9099999999999999,0.952,B (no rain flag)
total,under,0.42422926786208626,1.91,2.0,0.0,-5.0,2023,-0.18972209838341525,-1.0,-1.0,B (no rain flag)
total,under,0.4133981398445752,1.91,1.91,1.0,0.0,2023,-0.21040955289686147,0.9099999999999999,0.9099999999999999,B (no rain flag)
total,under,0.44090570136243257,1.91,1.952,1.0,-3.0,2023,-0.15787011039775378,0.9099999999999999,0.952,B (no rain flag)
total,under,0.5087171370498061,1.91,1.97,1.0,1.0,2023,-0.0283502682348703,0.9099999999999999,0.97,B (no rain flag)
total,under,0.5184844818679473,1.91,1.91,0.0,3.0,2023,-0.009694639632220725,-1.0,-1.0,B (no rain flag)
total,under,0.40807747211047896,1.91,1.952,1.0,1.0,2023,-0.22057202826898525,0.9099999999999999,0.952,B (no rain flag)
total,under,0.41025251543337726,1.91,1.952,1.0,0.0,2023,-0.21641769552224943,0.9099999999999999,0.952,B (no rain flag)
total,under,0.3662777983844778,1.91,1.91,0.0,2.0,2023,-0.3004094050856474,-1.0,-1.0,B (no rain flag)
total,under,0.5394427215400106,1.91,2.0,1.0,0.0,2023,0.030335598141420173,0.9099999999999999,1.0,B (no rain flag)
total,under,0.4131484616759922,1.91,2.0,0.0,0.0,2023,-0.210886438198855,-1.0,-1.0,B (no rain flag)
total,under,0.4273704525220816,1.91,1.91,0.0,-2.0,2023,-0.1837224356828242,-1.0,-1.0,B (no rain flag)
total,under,0.5184633000719905,1.91,1.91,0.0,-2.0,2023,-0.009735096862498183,-1.0,-1.0,B (no rain flag)
total,under,0.5225184275685455,1.91,1.91,1.0,0.0,2023,-0.001989803344078167,0.9099999999999999,0.9099999999999999,B (no rain flag)
total,under,0.35470429074854204,1.91,1.97,1.0,0.0,2023,-0.3225148046702847,0.9099999999999999,0.97,B (no rain flag)
total,under,0.4084951330331159,1.91,1.97,0.0,0.0,2023,-0.21977429590674868,-1.0,-1.0,B (no rain flag)
total,under,0.47129326834632335,1.91,1.91,0.0,0.0,2023,-0.09982985745852246,-1.0,-1.0,B (no rain flag)
total,under,0.5793115656379755,1.91,1.91,1.0,-1.0,2023,0.10648509036853304,0.9099999999999999,0.9099999999999999,B (no rain flag)
total,under,0.481318838517944,1.91,1.87,0.0,1.0,2023,-0.08068101843072706,-1.0,-1.0,B (no rain flag)
total,under,0.43293828112008637,1.91,1.91,1.0,0.0,2023,-0.17308788306063505,0.9099999999999999,0.9099999999999999,B (no rain flag)
total,under,0.5169562448262607,1.91,1.97,1.0,-2.0,2023,-0.01261357238184213,0.9099999999999999,0.97,B (no rain flag)
total,under,0.4959867232235584,1.91,1.91,0.0,0.0,2023,-0.05266535864300348,-1.0,-1.0,B (no rain flag)
total,under,0.480723704955632,1.91,1.97,1.0,0.0,2023,-0.08181772353474293,0.9099999999999999,0.97,B (no rain flag)
total,under,0.5119887729389334,1.91,1.97,1.0,0.0,2023,-0.022101443686637245,0.9099999999999999,0.97,B (no rain flag)
total,under,0.43659840921789295,1.91,1.91,0.0,-1.0,2023,-0.1660970383938245,-1.0,-1.0,B (no rain flag)
total,under,0.42655113703281433,1.91,1.87,0.0,0.0,2023,-0.18528732826732464,-1.0,-1.0,B (no rain flag)
total,under,0.4862354379416093,1.91,1.97,0.0,-1.0,2023,-0.07129031353152626,-1.0,-1.0,B (no rain flag)
total,under,0.42376687603332064,1.91,1.91,1.0,0.0,2023,-0.19060526677635758,0.9099999999999999,0.9099999999999999,B (no rain flag)
total,under,0.46120161417423045,1.91,1.91,1.0,-1.0,2023,-0.11910491692721992,0.9099999999999999,0.9099999999999999,B (no rain flag)
total,under,0.5760801603200087,1.91,1.91,0.0,-1.0,2023,0.10031310621121658,-1.0,-1.0,B (no rain flag)
total,under,0.428778513092019,1.91,1.91,1.0,0.0,2023,-0.1810330399942438,0.9099999999999999,0.9099999999999999,B (no rain flag)
total,under,0.46665025231164814,1.91,1.91,0.0,1.0,2023,-0.1086980180847521,-1.0,-1.0,B (no rain flag)
total,under,0.4605531581226825,1.91,1.91,0.0,0.0,2023,-0.12034346798567652,-1.0,-1.0,B (no rain flag)
total,under,0.4698127298014536,1.91,2.0,0.0,1.0,2023,-0.10265768607922365,-1.0,-1.0,B (no rain flag)
total,under,0.5214733790377202,1.91,1.89,1.0,0.0,2023,-0.003985846037954488,0.9099999999999999,0.8899999999999999,B (no rain flag)
total,under,0.43758331259431693,1.91,1.97,0.0,-1.0,2023,-0.16421587294485473,-1.0,-1.0,B (no rain flag)
total,under,0.527154297636129,1.91,1.952,0.0,0.0,2023,0.006864708485006199,-1.0,-1.0,B (no rain flag)
total,under,0.5251343792070671,1.952,2.0,0.0,2.0,2023,0.025062308212194795,-1.0,-1.0,B (no rain flag)
total,under,0.47040216149362646,1.91,1.97,0.0,0.0,2023,-0.10153187154717347,-1.0,-1.0,B (no rain flag)
total,under,0.3615195984429055,1.91,1.87,1.0,1.0,2023,-0.3094975669740505,0.9099999999999999,0.8700000000000001,B (no rain flag)
total,under,0.47071432057211937,1.91,1.91,0.0,0.0,2023,-0.10093564770725205,-1.0,-1.0,B (no rain flag)
total,under,0.4367764678824654,1.91,1.952,0.0,-1.0,2023,-0.16575694634449112,-1.0,-1.0,B (no rain flag)
total,under,0.3729663146634229,1.91,1.91,0.0,0.0,2023,-0.2876343389928623,-1.0,-1.0,B (no rain flag)
total,under,0.493448685272757,1.91,1.952,1.0,-1.0,2023,-0.057513011129034175,0.9099999999999999,0.952,B (no rain flag)
total,under,0.39282172533039805,1.91,1.87,1.0,-1.0,2023,-0.24971050461893973,0.9099999999999999,0.8700000000000001,B (no rain flag)
total,under,0.4019570934427704,1.91,1.91,1.0,0.0,2023,-0.2322619515243085,0.9099999999999999,0.9099999999999999,B (no rain flag)
total,under,0.4595610919023225,1.952,2.0,0.0,-2.0,2023,-0.10293674860666646,-1.0,-1.0,B (no rain flag)
total,under,0.46173347361863204,1.91,1.91,0.0,0.0,2023,-0.1180890653884128,-1.0,-1.0,B (no rain flag)
total,under,0.48341818273728165,1.91,1.91,0.0,-2.0,2023,-0.07667127097179205,-1.0,-1.0,B (no rain flag)
total,under,0.4355556957816672,1.91,2.0,1.0,2.0,2023,-0.16808862105701572,0.9099999999999999,1.0,B (no rain flag)
total,under,0.4880979411876424,1.91,1.91,1.0,1.0,2023,-0.06773293233160305,0.9099999999999999,0.9099999999999999,B (no rain flag)
total,under,0.5787322159365547,1.91,1.91,1.0,-4.0,2023,0.10537853243881945,0.9099999999999999,0.9099999999999999,B (no rain flag)
total,under,0.47883403775900135,1.91,2.0,1.0,-1.0,2023,-0.08542698788030745,0.9099999999999999,1.0,B (no rain flag)
total,under,0.42837087492702663,1.91,1.91,1.0,-1.0,2023,-0.18181162888937918,0.9099999999999999,0.9099999999999999,B (no rain flag)
total,under,0.5177522209767365,1.91,1.97,0.0,0.0,2023,-0.011093257934433387,-1.0,-1.0,B (no rain flag)
total,under,0.4368184382017326,1.952,1.87,1.0,5.0,2023,-0.14733040863021796,0.952,0.8700000000000001,B (no rain flag)
total,under,0.33361415505214476,1.91,1.8,0.0,0.0,2023,-0.3627969638504035,-1.0,-1.0,B (no rain flag)
total,under,0.5188814378072824,1.91,1.91,0.0,0.0,2023,-0.008936453788090715,-1.0,-1.0,B (no rain flag)
total,under,0.531634321585171,1.91,1.91,0.0,0.0,2023,0.015421554227676548,-1.0,-1.0,B (no rain flag)
total,under,0.556344716117549,1.91,1.91,1.0,-1.0,2023,0.06261840778451844,0.9099999999999999,0.9099999999999999,B (no rain flag)
total,under,0.47035796207861724,1.952,1.97,0.0,0.0,2023,-0.08186125802253919,-1.0,-1.0,B (no rain flag)
total,under,0.4745805242305493,1.91,1.952,1.0,0.0,2023,-0.0935511987196509,0.9099999999999999,0.952,B (no rain flag)
total,under,0.4847544863152602,1.91,1.97,0.0,-5.0,2023,-0.07411893113785306,-1.0,-1.0,B (no rain flag)
total,under,0.4174089568993846,1.91,2.0,0.0,-3.0,2023,-0.2027488923221754,-1.0,-1.0,B (no rain flag)
total,under,0.37033643443166575,1.91,1.91,0.0,-3.0,2023,-0.2926574102355185,-1.0,-1.0,B (no rain flag)
total,under,0.42606526356262253,1.91,1.91,0.0,0.0,2023,-0.18621534659539096,-1.0,-1.0,B (no rain flag)
total,under,0.6001463772451281,1.91,1.91,1.0,-3.0,2023,0.14627958053819468,0.9099999999999999,0.9099999999999999,B (no rain flag)
total,under,0.46071888471957645,1.91,1.91,0.0,-2.0,2023,-0.12002693018560906,-1.0,-1.0,B (no rain flag)
total,under,0.4918163333180985,1.91,1.91,0.0,-1.0,2023,-0.060630803362431984,-1.0,-1.0,B (no rain flag)
total,under,0.45454507037065106,1.91,1.952,1.0,-1.0,2023,-0.1318189155920565,0.9099999999999999,0.952,B (no rain flag)
total,under,0.3513732896797799,1.91,1.91,0.0,-2.0,2023,-0.3288770167116205,-1.0,-1.0,B (no rain flag)
total,under,0.3959894276969185,1.91,1.87,0.0,-3.0,2023,-0.24366019309888576,-1.0,-1.0,B (no rain flag)
total,under,0.43215981896457434,1.91,1.91,1.0,-2.0,2023,-0.17457474577766308,0.9099999999999999,0.9099999999999999,B (no rain flag)
total,under,0.5111928718451176,1.91,1.91,0.0,-5.0,2023,-0.02362161477582536,-1.0,-1.0,B (no rain flag)
total,under,0.4611002130507986,1.97,1.91,1.0,-2.0,2023,-0.09163258028992671,0.97,0.9099999999999999,B (no rain flag)
total,under,0.40432304432645616,1.97,1.97,1.0,2.0,2023,-0.20348360267688137,0.97,0.97,B (no rain flag)
total,under,0.504314004019167,1.87,1.87,0.0,0.0,2023,-0.0569328124841576,-1.0,-1.0,B (no rain flag)
total,under,0.5347600901433351,1.97,1.97,0.0,-2.0,2023,0.053477377582370256,-1.0,-1.0,B (no rain flag)
total,under,0.46958476300482355,1.97,1.91,0.0,-2.0,2023,-0.0749180168804976,-1.0,-1.0,B (no rain flag)
total,under,0.5536270078876104,1.91,1.952,1.0,0.0,2023,0.05742758506533585,0.9099999999999999,0.952,B (no rain flag)
total,under,0.5679006234886377,1.91,1.91,0.0,-1.0,2023,0.08469019086329799,-1.0,-1.0,B (no rain flag)
total,under,0.5628711610692014,1.91,1.91,0.0,0.0,2023,0.0750839176421747,-1.0,-1.0,B (no rain flag)
total,under,0.5106114973991212,1.82,1.91,1.0,0.0,2023,-0.07068707473359948,0.8200000000000001,0.9099999999999999,B (no rain flag)
total,under,0.6542545738839964,1.91,1.91,0.0,-2.0,2023,0.24962623611843315,-1.0,-1.0,B (no rain flag)
total,under,0.43797482113577035,1.91,1.91,0.0,-1.0,2023,-0.16346809163067866,-1.0,-1.0,B (no rain flag)
total,under,0.5262844968722531,1.91,1.91,1.0,-1.0,2023,0.005203389026003258,0.9099999999999999,0.9099999999999999,B (no rain flag)
total,under,0.5299506275126222,1.91,1.952,1.0,0.0,2023,0.012205698549108357,0.9099999999999999,0.952,B (no rain flag)
total,under,0.44104112757776626,1.91,1.91,1.0,-2.0,2023,-0.1576114463264665,0.9099999999999999,0.9099999999999999,B (no rain flag)
total,under,0.6102579997132904,1.91,1.91,1.0,-1.0,2023,0.1655927794523846,0.9099999999999999,0.9099999999999999,B (no rain flag)
total,under,0.5836790617926366,1.91,1.91,1.0,-1.0,2023,0.11482700802393597,0.9099999999999999,0.9099999999999999,B (no rain flag)
total,under,0.4800461136350025,1.91,1.91,1.0,2.0,2023,-0.08311192295714531,0.9099999999999999,0.9099999999999999,B (no rain flag)
total,under,0.5596232863820283,1.91,2.0,1.0,-1.0,2023,0.06888047698967403,0.9099999999999999,1.0,B (no rain flag)
total,under,0.38922154666790854,1.91,2.0,1.0,1.0,2023,-0.2565868458642947,0.9099999999999999,1.0,B (no rain flag)
total,under,0.472449747702658,1.91,1.87,0.0,1.0,2023,-0.09762098188792323,-1.0,-1.0,B (no rain flag)
total,under,0.6485469244052682,1.91,1.91,0.0,1.0,2023,0.23872462561406227,-1.0,-1.0,B (no rain flag)
total,under,0.6186034563102186,1.91,1.91,1.0,0.0,2023,0.1815326015525176,0.9099999999999999,0.9099999999999999,B (no rain flag)
total,under,0.5822725344734271,1.91,1.91,1.0,0.0,2023,0.11214054084424574,0.9099999999999999,0.9099999999999999,B (no rain flag)
total,under,0.5628561570206211,1.91,1.91,1.0,0.0,2023,0.07505525990938633,0.9099999999999999,0.9099999999999999,B (no rain flag)
total,under,0.4844794623822192,1.91,1.91,1.0,1.0,2023,-0.07464422684996141,0.9099999999999999,0.9099999999999999,B (no rain flag)
total,under,0.6150017794078952,1.91,1.91,1.0,0.0,2023,0.17465339866907992,0.9099999999999999,0.9099999999999999,B (no rain flag)
total,under,0.5596824148945694,1.91,1.91,0.0,-1.0,2023,0.06899341244862756,-1.0,-1.0,B (no rain flag)
total,under,0.6739162956182507,1.91,1.87,1.0,0.0,2023,0.28718012463085874,0.9099999999999999,0.8700000000000001,B (no rain flag)
total,under,0.566267927910641,1.91,1.87,0.0,0.0,2023,0.08157174230932429,-1.0,-1.0,B (no rain flag)
total,under,0.5923293137397945,1.91,1.952,1.0,1.0,2023,0.1313489892430073,0.9099999999999999,0.952,B (no rain flag)
total,under,0.4691173612121976,1.91,2.0,0.0,0.0,2023,-0.10398584008470257,-1.0,-1.0,B (no rain flag)
total,under,0.5828033894390936,1.91,1.85,0.0,-1.0,2023,0.11315447382866872,-1.0,-1.0,B (no rain flag)
total,under,0.5903553142324162,1.91,1.87,1.0,0.0,2023,0.1275786501839149,0.9099999999999999,0.8700000000000001,B (no rain flag)
total,under,0.5369690865594272,1.91,1.85,0.0,-1.0,2023,0.02561095532850599,-1.0,-1.0,B (no rain flag)
total,under,0.4675306756511468,1.952,1.87,0.0,-1.0,2023,-0.08738012112896143,-1.0,-1.0,B (no rain flag)
total,under,0.558616388451058,1.91,1.91,0.0,-1.0,2023,0.06695730194152061,-1.0,-1.0,B (no rain flag)
total,under,0.5090518235567579,1.91,2.0,0.0,1.0,2023,-0.027711017006592398,-1.0,-1.0,B (no rain flag)
total,under,0.49734967922117623,1.91,2.0,0.0,0.0,2023,-0.05006211268755345,-1.0,-1.0,B (no rain flag)
total,under,0.5902126586121764,1.91,1.85,1.0,-1.0,2023,0.12730617794925703,0.9099999999999999,0.8500000000000001,B (no rain flag)
total,under,0.4914797141955176,1.91,1.97,0.0,-1.0,2023,-0.061273745886561426,-1.0,-1.0,B (no rain flag)
total,under,0.4715876268071417,1.91,1.952,0.0,0.0,2023,-0.09926763279835937,-1.0,-1.0,B (no rain flag)
total,under,0.587395606705037,1.91,1.91,1.0,-2.0,2023,0.12192560880662051,0.9099999999999999,0.9099999999999999,B (no rain flag)
total,under,0.5887224166042233,2.0,1.952,1.0,-1.0,2023,0.17744483320844662,1.0,0.952,B (no rain flag)
total,under,0.615115400712669,1.91,1.91,0.0,-1.0,2023,0.17487041536119774,-1.0,-1.0,B (no rain flag)
total,under,0.5391738658758345,1.91,1.85,1.0,-1.0,2023,0.029822083822843792,0.9099999999999999,0.8500000000000001,B (no rain flag)
total,under,0.4987197538129041,1.87,1.91,0.0,0.0,2023,-0.06739406036986928,-1.0,-1.0,B (no rain flag)
total,under,0.5276908470438273,1.91,1.97,0.0,-2.0,2023,0.00788951785371017,-1.0,-1.0,B (no rain flag)
total,under,0.4999666083400377,1.91,1.91,1.0,-1.0,2023,-0.04506377807052808,0.9099999999999999,0.9099999999999999,B (no rain flag)
total,under,0.46962595518593897,1.91,1.87,0.0,0.0,2023,-0.10301442559485663,-1.0,-1.0,B (no rain flag)
total,under,0.5931643036123866,1.91,1.97,0.0,-1.0,2023,0.13294381989965842,-1.0,-1.0,B (no rain flag)
total,under,0.5386689447793396,1.91,1.91,1.0,2.0,2023,0.028857684528538652,0.9099999999999999,0.9099999999999999,B (no rain flag)
total,under,0.6212498050250221,1.91,1.85,1.0,-4.0,2023,0.18658712759779217,0.9099999999999999,0.8500000000000001,B (no rain flag)
total,under,0.4177881715484645,1.91,1.91,0.0,-1.0,2023,-0.20202459234243286,-1.0,-1.0,B (no rain flag)
total,under,0.5303395076582174,1.91,1.952,1.0,-2.0,2023,0.012948459627195152,0.9099999999999999,0.952,B (no rain flag)
total,under,0.6935355871936494,1.91,1.91,0.0,-5.0,2023,0.32465297153987027,-1.0,-1.0,B (no rain flag)
total,under,0.46673349997475433,2.0,2.02,1.0,-2.0,2023,-0.06653300005049134,1.0,1.02,B (no rain flag)
total,under,0.43533243862380777,1.952,1.78,1.0,0.0,2023,-0.15023107980632722,0.952,0.78,B (no rain flag)
total,under,0.39097778905718616,1.87,1.952,1.0,-1.0,2023,-0.2688715344630618,0.8700000000000001,0.952,B (no rain flag)
total,under,0.3606600051675568,1.87,1.952,1.0,-1.0,2023,-0.32556579033666877,0.8700000000000001,0.952,B (no rain flag)
total,under,0.4409766282297781,1.97,2.0,0.0,-1.0,2023,-0.13127604238733714,-1.0,-1.0,B (no rain flag)
total,under,0.33013533761924496,1.91,1.91,1.0,-1.0,2023,-0.36944150514724217,0.9099999999999999,0.9099999999999999,B (no rain flag)
total,under,0.41311202266650227,1.91,1.91,0.0,0.0,2023,-0.2109560367069807,-1.0,-1.0,B (no rain flag)
total,under,0.3305095185684893,1.91,1.85,0.0,0.0,2023,-0.3687268195341854,-1.0,-1.0,B (no rain flag)
total,under,0.4152174238198726,1.91,1.91,0.0,-1.0,2023,-0.20693472050404338,-1.0,-1.0,B (no rain flag)
total,under,0.330532527834579,1.91,1.87,0.0,0.0,2023,-0.36868287183595416,-1.0,-1.0,B (no rain flag)
total,under,0.4359924635400976,1.91,1.87,0.0,2.0,2024,-0.16725439463841363,-1.0,-1.0,B (no rain flag)
total,under,0.44665651332233425,1.87,1.91,1.0,0.0,2024,-0.16475232008723495,0.8700000000000001,0.9099999999999999,B (no rain flag)
total,under,0.4032691193303717,1.91,2.0,1.0,-1.0,2024,-0.22975598207899006,0.9099999999999999,1.0,B (no rain flag)
total,under,0.3505396074787377,1.91,1.952,1.0,-1.0,2024,-0.33046934971561104,0.9099999999999999,0.952,B (no rain flag)
total,under,0.24793069878505059,1.91,1.91,1.0,-1.0,2024,-0.5264523653205534,0.9099999999999999,0.9099999999999999,B (no rain flag)
total,under,0.3354326153566457,1.91,1.91,1.0,-1.0,2024,-0.3593237046688067,0.9099999999999999,0.9099999999999999,B (no rain flag)
total,under,0.4268281757470246,1.91,1.952,1.0,1.0,2024,-0.18475818432318303,0.9099999999999999,0.952,B (no rain flag)
total,under,0.4323292691371974,1.91,1.91,0.0,-1.0,2024,-0.17425109594795307,-1.0,-1.0,B (no rain flag)
total,under,0.4000911503224498,1.91,1.952,0.0,-1.0,2024,-0.23582590288412097,-1.0,-1.0,B (no rain flag)
total,under,0.3538596186089066,1.91,1.93,1.0,-1.0,2024,-0.32412812845698846,0.9099999999999999,0.9299999999999999,B (no rain flag)
total,under,0.2826597602066042,1.91,1.91,0.0,1.0,2024,-0.460119858005386,-1.0,-1.0,B (no rain flag)
total,under,0.49205087577069284,1.91,1.8,1.0,0.0,2024,-0.06018282727797675,0.9099999999999999,0.8,B (no rain flag)
total,under,0.5116264666759849,1.97,1.952,1.0,0.0,2024,0.007904139351690098,0.97,0.952,B (no rain flag)
total,under,0.402416429608236,1.87,1.952,0.0,1.0,2024,-0.24748127663259867,-1.0,-1.0,B (no rain flag)
total,under,0.4066501668757587,1.91,1.91,1.0,0.0,2024,-0.22329818126730083,0.9099999999999999,0.9099999999999999,B (no rain flag)
total,under,0.515484034975776,1.97,1.91,1.0,0.0,2024,0.015503548902278785,0.97,0.9099999999999999,B (no rain flag)
total,under,0.3106747657842437,1.91,1.91,0.0,-1.0,2024,-0.4066111973520946,-1.0,-1.0,B (no rain flag)
total,under,0.4298143786263807,1.91,1.952,1.0,0.0,2024,-0.17905453682361283,0.9099999999999999,0.952,B (no rain flag)
total,under,0.3512052083860665,1.91,1.91,0.0,-1.0,2024,-0.329198051982613,-1.0,-1.0,B (no rain flag)
total,under,0.4691226245854303,1.91,1.952,1.0,0.0,2024,-0.1039757870418282,0.9099999999999999,0.952,B (no rain flag)
total,under,0.4283066508953357,1.91,1.91,0.0,0.0,2024,-0.1819342967899088,-1.0,-1.0,B (no rain flag)
total,under,0.5383899368650064,1.91,1.91,1.0,1.0,2024,0.02832477941216216,0.9099999999999999,0.9099999999999999,B (no rain flag)
total,under,0.39523417429866414,1.91,1.97,0.0,-2.0,2024,-0.2451027270895515,-1.0,-1.0,B (no rain flag)
total,under,0.38324901530140854,1.91,1.91,1.0,-2.0,2024,-0.2679943807743097,0.9099999999999999,0.9099999999999999,B (no rain flag)
total,under,0.3127901780292084,2.0,1.82,0.0,-3.0,2024,-0.3744196439415832,-1.0,-1.0,B (no rain flag)
total,under,0.37124481508326834,1.91,1.91,1.0,-2.0,2024,-0.2909224031909575,0.9099999999999999,0.9099999999999999,B (no rain flag)
total,under,0.3522035875011037,1.91,1.82,0.0,-2.0,2024,-0.32729114787289193,-1.0,-1.0,B (no rain flag)
total,under,0.5075698236800696,1.91,1.85,1.0,-1.0,2024,-0.030541636771067027,0.9099999999999999,0.8500000000000001,B (no rain flag)
total,under,0.49021889536673513,1.91,1.85,1.0,-2.0,2024,-0.06368190984953592,0.9099999999999999,0.8500000000000001,B (no rain flag)
total,under,0.35971921581702837,2.0,1.93,1.0,-2.0,2024,-0.28056156836594326,1.0,0.9299999999999999,B (no rain flag)
total,under,0.39419276951558857,1.91,1.91,0.0,0.0,2024,-0.24709181022522586,-1.0,-1.0,B (no rain flag)
total,under,0.4583358273279907,1.97,1.91,1.0,-2.0,2024,-0.09707842016385826,0.97,0.9099999999999999,B (no rain flag)
total,under,0.354920335279448,1.91,2.0,0.0,0.0,2024,-0.3221021596162543,-1.0,-1.0,B (no rain flag)
total,under,0.48784656367000745,1.91,1.91,0.0,8.0,2024,-0.06821306339028577,-1.0,-1.0,B (no rain flag)
total,under,0.4746451542942567,1.91,1.8,1.0,7.0,2024,-0.09342775529796976,0.9099999999999999,0.8,B (no rain flag)
total,under,0.4331042919870143,1.91,1.91,1.0,1.0,2024,-0.1727708023048028,0.9099999999999999,0.9099999999999999,B (no rain flag)
total,under,0.3868522986214046,1.91,1.91,0.0,1.0,2024,-0.26111210963311726,-1.0,-1.0,B (no rain flag)
total,under,0.45939014108748577,1.952,1.91,1.0,1.0,2024,-0.10327044459722778,0.952,0.9099999999999999,B (no rain flag)
total,under,0.5298303962633155,1.91,1.91,0.0,-1.0,2024,0.011976056862932571,-1.0,-1.0,B (no rain flag)
total,under,0.4866901620099324,1.85,1.91,0.0,2.0,2024,-0.09962320028162497,-1.0,-1.0,B (no rain flag)
total,under,0.3636254511879087,1.91,1.87,0.0,-1.0,2024,-0.30547538823109444,-1.0,-1.0,B (no rain flag)
total,under,0.47357234840832574,1.952,1.91,1.0,-1.0,2024,-0.07558677590694818,0.952,0.9099999999999999,B (no rain flag)
total,under,0.5087566137973293,1.91,1.952,1.0,0.0,2024,-0.028274867647101076,0.9099999999999999,0.952,B (no rain flag)
total,under,0.46185043777587453,1.952,2.0,0.0,-1.0,2024,-0.09846794546149296,-1.0,-1.0,B (no rain flag)
total,under,0.4385081755374125,1.87,1.91,0.0,-2.0,2024,-0.17998971174503853,-1.0,-1.0,B (no rain flag)
total,under,0.4436712825125195,1.91,1.91,1.0,0.0,2024,-0.1525878504010877,0.9099999999999999,0.9099999999999999,B (no rain flag)
total,under,0.45642261257715766,1.91,1.87,1.0,-1.0,2024,-0.12823280997762887,0.9099999999999999,0.8700000000000001,B (no rain flag)
total,under,0.35813095435497766,1.91,1.91,1.0,1.0,2024,-0.31596987718199265,0.9099999999999999,0.9099999999999999,B (no rain flag)
total,under,0.48358283866874774,1.91,1.97,1.0,0.0,2024,-0.07635677814269182,0.9099999999999999,0.97,B (no rain flag)
total,under,0.4852491549907366,1.91,1.91,0.0,0.0,2024,-0.07317411396769313,-1.0,-1.0,B (no rain flag)
total,under,0.4256567824673476,1.91,2.0,1.0,0.0,2024,-0.18699554548736608,0.9099999999999999,1.0,B (no rain flag)
total,under,0.549927627806253,1.91,1.91,0.0,0.0,2024,0.050361769109943166,-1.0,-1.0,B (no rain flag)
total,under,0.4513352429048376,1.91,1.91,0.0,0.0,2024,-0.13794968605176017,-1.0,-1.0,B (no rain flag)
total,under,0.4614275923760084,1.91,1.91,0.0,0.0,2024,-0.11867329856182407,-1.0,-1.0,B (no rain flag)
total,under,0.4070632757837389,1.91,1.91,0.0,-4.0,2024,-0.2225091432530587,-1.0,-1.0,B (no rain flag)
total,under,0.4982759284823207,1.91,1.91,0.0,-1.0,2024,-0.04829297659876752,-1.0,-1.0,B (no rain flag)
total,under,0.482821528341167,1.91,1.91,0.0,0.0,2024,-0.07781088086837107,-1.0,-1.0,B (no rain flag)
total,under,0.4718428021533472,1.91,1.91,0.0,0.0,2024,-0.09878024788710693,-1.0,-1.0,B (no rain flag)
total,under,0.5004319159957236,1.87,1.91,0.0,1.0,2024,-0.06419231708799689,-1.0,-1.0,B (no rain flag)
total,under,0.41617806381096156,1.91,1.91,0.0,-5.0,2024,-0.20509989812106344,-1.0,-1.0,B (no rain flag)
total,under,0.3378785737574985,1.91,1.91,0.0,-2.0,2024,-0.3546519241231778,-1.0,-1.0,B (no rain flag)
total,under,0.49121439643026055,1.91,1.91,1.0,0.0,2024,-0.061780502818202354,0.9099999999999999,0.9099999999999999,B (no rain flag)
total,under,0.42992181230928217,1.91,1.91,1.0,0.0,2024,-0.1788493384892711,0.9099999999999999,0.9099999999999999,B (no rain flag)
total,under,0.4666053025984481,1.87,1.9,0.0,1.0,2024,-0.12744808414090192,-1.0,-1.0,B (no rain flag)
total,under,0.4553277387212272,1.87,1.8,0.0,1.0,2024,-0.14853712859130508,-1.0,-1.0,B (no rain flag)
total,under,0.3962145336741032,1.9,1.9,0.0,-1.0,2024,-0.247192386019204,-1.0,-1.0,B (no rain flag)
total,under,0.4043965400122148,1.85,1.9,1.0,0.0,2024,-0.25186640097740254,0.8500000000000001,0.8999999999999999,B (no rain flag)
total,under,0.5176823437302575,1.9,1.95,1.0,-2.0,2024,-0.01640354691251089,0.8999999999999999,0.95,B (no rain flag)
total,under,0.5939557823692477,1.87,1.95,0.0,0.0,2024,0.11069731303049335,-1.0,-1.0,B (no rain flag)
total,under,0.37639879097811424,1.87,1.95,1.0,0.0,2024,-0.2961342608709263,0.8700000000000001,0.95,B (no rain flag)
total,under,0.4900375151304385,1.85,1.9,1.0,3.0,2024,-0.09343059700868883,0.8500000000000001,0.8999999999999999,B (no rain flag)
total,under,0.5645150589143535,1.87,1.85,0.0,0.0,2024,0.055643160169841055,-1.0,-1.0,B (no rain flag)
total,under,0.37547661260187626,1.87,1.9,1.0,0.0,2024,-0.2978587344344914,0.8700000000000001,0.8999999999999999,B (no rain flag)
total,under,0.5081117275549327,1.87,1.9,1.0,2.0,2024,-0.04983106947227578,0.8700000000000001,0.8999999999999999,B (no rain flag)
total,under,0.4822729936448106,1.87,1.85,1.0,0.0,2024,-0.09814950188420413,0.8700000000000001,0.8500000000000001,B (no rain flag)
total,under,0.5419413166185537,1.87,1.9,1.0,2.0,2024,0.01343026207669551,0.8700000000000001,0.8999999999999999,B (no rain flag)
total,under,0.4173957978033527,1.9,1.9,0.0,0.0,2024,-0.20694798417362992,-1.0,-1.0,B (no rain flag)
total,under,0.4756692933784038,1.9,1.95,0.0,0.0,2024,-0.09622834258103286,-1.0,-1.0,B (no rain flag)
total,under,0.6151937531822764,1.9,1.85,1.0,-1.0,2024,0.16886813104632514,0.8999999999999999,0.8500000000000001,B (no rain flag)
total,under,0.4248137922764341,1.87,1.9,0.0,-1.0,2024,-0.2055982084430682,-1.0,-1.0,B (no rain flag)
total,under,0.5928477678193413,1.87,1.95,1.0,2.0,2024,0.10862532582216833,0.8700000000000001,0.95,B (no rain flag)
total,under,0.5214870837033481,1.87,1.9,0.0,0.0,2024,-0.024819153474739064,-1.0,-1.0,B (no rain flag)
total,under,0.40041289591046714,1.95,1.85,0.0,-1.0,2024,-0.21919485297458907,-1.0,-1.0,B (no rain flag)
total,under,0.641155608811534,1.87,1.85,1.0,0.0,2024,0.1989609884775687,0.8700000000000001,0.8500000000000001,B (no rain flag)
total,under,0.40500349244766853,1.87,1.85,0.0,-2.0,2024,-0.24264346912285983,-1.0,-1.0,B (no rain flag)
total,under,0.520667770494409,1.87,1.9,0.0,-1.0,2024,-0.02635126917545505,-1.0,-1.0,B (no rain flag)
total,under,0.5639392753321069,1.87,2.0,1.0,0.0,2024,0.0545664448710399,0.8700000000000001,1.0,B (no rain flag)
total,under,0.3966930448406564,1.87,1.9,0.0,-2.0,2024,-0.25818400614797254,-1.0,-1.0,B (no rain flag)
total,under,0.5856829795010193,1.87,1.85,0.0,-3.0,2024,0.0952271716669062,-1.0,-1.0,B (no rain flag)
total,under,0.45558704988631216,1.87,1.8,0.0,-3.0,2024,-0.14805221671259627,-1.0,-1.0,B (no rain flag)
total,under,0.44401273246853923,1.87,1.95,0.0,-3.0,2024,-0.16969619028383165,-1.0,-1.0,B (no rain flag)
total,under,0.39426166557708586,1.87,1.95,0.0,0.0,2024,-0.2627306853708494,-1.0,-1.0,B (no rain flag)
total,under,0.5535567457649868,1.87,1.95,0.0,-1.0,2024,0.035151114580525444,-1.0,-1.0,B (no rain flag)
total,under,0.5855093988652988,1.87,1.9,0.0,-3.0,2024,0.0949025758781088,-1.0,-1.0,B (no rain flag)
total,under,0.37583702846953093,1.95,1.9,0.0,-4.0,2024,-0.26711779448441475,-1.0,-1.0,B (no rain flag)
total,under,0.57799597164429,1.8,1.9,0.0,0.0,2024,0.040392748959722,-1.0,-1.0,B (no rain flag)
total,under,0.4782081495977911,1.87,1.9,1.0,1.0,2024,-0.1057507602521306,0.8700000000000001,0.8999999999999999,B (no rain flag)
total,under,0.4504939010788269,1.95,1.9,1.0,3.0,2024,-0.12153689289628755,0.95,0.8999999999999999,B (no rain flag)
total,under,0.5848781044462323,1.87,1.8,0.0,0.0,2024,0.09372205531445443,-1.0,-1.0,B (no rain flag)
total,under,0.646582776711162,1.87,1.85,1.0,-2.0,2024,0.20910979244987304,0.8700000000000001,0.8500000000000001,B (no rain flag)
total,under,0.5449729212426682,1.87,1.95,0.0,3.0,2024,0.019099362723789426,-1.0,-1.0,B (no rain flag)
total,under,0.697125072100889,1.87,2.0,0.0,0.0,2024,0.30362388482866254,-1.0,-1.0,B (no rain flag)
total,under,0.6176467160061051,1.9,1.9,0.0,0.0,2024,0.1735287604115996,-1.0,-1.0,B (no rain flag)
total,under,0.5224154757091929,1.9,1.95,1.0,0.0,2024,-0.007410596152533588,0.8999999999999999,0.95,B (no rain flag)
total,under,0.5546197509078172,1.87,1.8,0.0,-3.0,2024,0.03713893419761827,-1.0,-1.0,B (no rain flag)
total,under,0.46127093061129565,1.87,1.9,0.0,1.0,2024,-0.13742335975687714,-1.0,-1.0,B (no rain flag)
total,under,0.5241272669733172,1.87,1.9,1.0,0.0,2024,-0.019882010759896707,0.8700000000000001,0.8999999999999999,B (no rain flag)
total,under,0.5956612501287647,1.87,1.95,0.0,-1.0,2024,0.11388653774079005,-1.0,-1.0,B (no rain flag)
total,under,0.619281895588175,1.9,1.9,0.0,-1.0,2024,0.17663560161753256,-1.0,-1.0,B (no rain flag)
total,under,0.6234691141672651,1.87,1.85,1.0,1.0,2024,0.16588724349278583,0.8700000000000001,0.8500000000000001,B (no rain flag)
total,under,0.6398195894704899,1.87,1.85,1.0,-1.0,2024,0.1964626323098162,0.8700000000000001,0.8500000000000001,B (no rain flag)
total,under,0.532981105885779,1.87,1.9,0.0,0.0,2024,-0.0033253319935933057,-1.0,-1.0,B (no rain flag)
total,under,0.6784568167866412,1.85,1.85,1.0,0.0,2024,0.25514511105528626,0.8500000000000001,0.8500000000000001,B (no rain flag)
total,under,0.6636400511034404,1.85,1.95,1.0,0.0,2024,0.22773409454136484,0.8500000000000001,0.95,B (no rain flag)
total,under,0.5713071564928667,1.87,1.9,1.0,0.0,2024,0.06834438264166076,0.8700000000000001,0.8999999999999999,B (no rain flag)
total,under,0.5691934780899099,1.85,2.0,0.0,-1.0,2024,0.05300793446633345,-1.0,-1.0,B (no rain flag)
total,under,0.6491885256142472,1.85,1.9,0.0,0.0,2024,0.20099877238635733,-1.0,-1.0,B (no rain flag)
total,under,0.6323468196010101,1.87,1.85,1.0,3.0,2024,0.18248855265388908,0.8700000000000001,0.8500000000000001,B (no rain flag)
total,under,0.5985940444341477,1.9,1.85,1.0,0.0,2024,0.13732868442488044,0.8999999999999999,0.8500000000000001,B (no rain flag)
total,under,0.5667741506830347,1.9,1.85,0.0,-1.0,2024,0.07687088629776584,-1.0,-1.0,B (no rain flag)
total,under,0.5566432402994017,1.87,1.85,1.0,0.0,2024,0.04092285935988116,0.8700000000000001,0.8500000000000001,B (no rain flag)
total,under,0.5627250472958454,1.9,1.9,0.0,0.0,2024,0.06917758986210609,-1.0,-1.0,B (no rain flag)
total,under,0.5943976748988206,1.87,1.9,0.0,0.0,2024,0.11152365206079451,-1.0,-1.0,B (no rain flag)
total,under,0.6197501971862872,1.87,1.9,1.0,0.0,2024,0.1589328687383571,0.8700000000000001,0.8999999999999999,B (no rain flag)
total,under,0.7184952593144974,1.87,1.85,1.0,1.0,2024,0.3435861349181102,0.8700000000000001,0.8500000000000001,B (no rain flag)
total,under,0.5660408386357219,1.85,1.85,1.0,1.0,2024,0.04717555147608543,0.8500000000000001,0.8500000000000001,B (no rain flag)
total,under,0.6973142166776302,1.87,1.85,1.0,2.0,2024,0.30397758518716844,0.8700000000000001,0.8500000000000001,B (no rain flag)
total,under,0.6538323947982287,1.85,2.0,1.0,0.0,2024,0.20958993037672324,0.8500000000000001,1.0,B (no rain flag)
total,under,0.5730745327245832,1.9,2.0,1.0,0.0,2024,0.08884161217670794,0.8999999999999999,1.0,B (no rain flag)
total,under,0.5567060347418052,1.87,1.85,1.0,0.0,2024,0.04104028496717582,0.8700000000000001,0.8500000000000001,B (no rain flag)
total,under,0.5502919565822071,1.9,1.9,1.0,-1.0,2024,0.04555471750619344,0.8999999999999999,0.8999999999999999,B (no rain flag)
total,under,0.6474823060660652,1.95,1.85,0.0,-1.0,2024,0.26259049682882707,-1.0,-1.0,B (no rain flag)
total,under,0.6629910265182795,1.85,1.85,1.0,0.0,2024,0.22653339905881698,0.8500000000000001,0.8500000000000001,B (no rain flag)
total,under,0.7204364822108671,1.85,1.85,0.0,0.0,2024,0.3328074920901041,-1.0,-1.0,B (no rain flag)
total,under,0.6247859173991139,1.87,1.9,1.0,0.0,2024,0.16834966553634323,0.8700000000000001,0.8999999999999999,B (no rain flag)
total,under,0.5791683149752455,1.87,1.85,0.0,-2.0,2024,0.08304474900370917,-1.0,-1.0,B (no rain flag)
total,under,0.5847208839525672,1.87,1.95,0.0,0.0,2024,0.09342805299130075,-1.0,-1.0,B (no rain flag)
total,under,0.674671919133008,1.87,1.9,1.0,-1.0,2024,0.26163648877872503,0.8700000000000001,0.8999999999999999,B (no rain flag)
total,under,0.6259948566726556,1.87,1.85,0.0,-1.0,2024,0.17061038197786615,-1.0,-1.0,B (no rain flag)
total,under,0.6060706616336601,1.87,1.9,0.0,-1.0,2024,0.13335213725494444,-1.0,-1.0,B (no rain flag)
total,under,0.5648586199449747,1.87,1.85,1.0,0.0,2024,0.05628561929710263,0.8700000000000001,0.8500000000000001,B (no rain flag)
total,under,0.6513909927728629,1.87,1.95,0.0,0.0,2024,0.21810115648525374,-1.0,-1.0,B (no rain flag)
total,under,0.6137144313034598,1.87,1.9,1.0,-1.0,2024,0.14764598653746996,0.8700000000000001,0.8999999999999999,B (no rain flag)
total,under,0.5304823121598512,1.87,1.9,1.0,1.0,2024,-0.00799807626107818,0.8700000000000001,0.8999999999999999,B (no rain flag)
total,under,0.5464479823906597,1.87,1.9,0.0,0.0,2024,0.021857727070533794,-1.0,-1.0,B (no rain flag)
total,under,0.6729526185723858,1.87,2.0,1.0,0.0,2024,0.25842139673036146,0.8700000000000001,1.0,B (no rain flag)
total,under,0.5540876712572049,1.85,1.9,1.0,0.0,2024,0.02506219182582914,0.8500000000000001,0.8999999999999999,B (no rain flag)
total,under,0.6015752278435258,1.85,1.85,1.0,0.0,2024,0.11291417151052285,0.8500000000000001,0.8500000000000001,B (no rain flag)
total,under,0.7350840618718322,1.87,1.9,1.0,0.0,2024,0.3746071957003263,0.8700000000000001,0.8999999999999999,B (no rain flag)
total,under,0.5992379715020049,1.87,1.9,0.0,0.0,2024,0.12057500670874921,-1.0,-1.0,B (no rain flag)
total,under,0.6384643455777975,1.87,1.9,0.0,0.0,2024,0.1939283262304814,-1.0,-1.0,B (no rain flag)
total,under,0.6726166842243899,1.87,1.85,0.0,0.0,2024,0.2577931994996092,-1.0,-1.0,B (no rain flag)
total,under,0.6088154373987273,1.87,1.95,0.0,0.0,2024,0.1384848679356201,-1.0,-1.0,B (no rain flag)
total,under,0.7056479690914235,1.87,1.9,1.0,0.0,2024,0.31956170220096203,0.8700000000000001,0.8999999999999999,B (no rain flag)
total,under,0.6568462410790787,1.87,1.95,1.0,0.0,2024,0.22830247081787736,0.8700000000000001,0.95,B (no rain flag)
total,under,0.6536017594863975,1.87,1.95,0.0,0.0,2024,0.22223529023956345,-1.0,-1.0,B (no rain flag)
total,under,0.6135550317710932,1.9,1.85,0.0,-2.0,2024,0.16575456036507696,-1.0,-1.0,B (no rain flag)
total,under,0.6274679475678636,1.95,1.9,0.0,-1.0,2024,0.22356249775733406,-1.0,-1.0,B (no rain flag)
total,under,0.7302313364283183,1.85,1.85,0.0,0.0,2024,0.3509279723923888,-1.0,-1.0,B (no rain flag)
total,under,0.6617625116972201,1.87,1.95,1.0,-1.0,2024,0.23749589687380168,0.8700000000000001,0.95,B (no rain flag)
total,under,0.6304239900226176,1.9,2.0,1.0,-2.0,2024,0.19780558104297352,0.8999999999999999,1.0,B (no rain flag)
total,under,0.6491311030984551,1.8,1.9,1.0,1.0,2024,0.16843598557721928,0.8,0.8999999999999999,B (no rain flag)
total,under,0.6249154569281925,1.87,1.85,1.0,-1.0,2024,0.16859190445572003,0.8700000000000001,0.8500000000000001,B (no rain flag)
total,under,0.7008494837172653,1.87,2.0,1.0,0.0,2024,0.3105885345512862,0.8700000000000001,1.0,B (no rain flag)
total,under,0.6807783888732284,1.87,1.9,1.0,0.0,2024,0.2730555871929372,0.8700000000000001,0.8999999999999999,B (no rain flag)
total,under,0.6283750239826149,1.87,1.95,0.0,0.0,2024,0.1750612948474899,-1.0,-1.0,B (no rain flag)
total,under,0.627375614076343,1.87,1.95,0.0,0.0,2024,0.17319239832276145,-1.0,-1.0,B (no rain flag)
total,under,0.6757038116552322,1.87,1.9,0.0,-1.0,2024,0.2635661277952843,-1.0,-1.0,B (no rain flag)
total,under,0.617967183459888,1.87,1.85,1.0,0.0,2024,0.15559863306999056,0.8700000000000001,0.8500000000000001,B (no rain flag)
total,under,0.6908916078214307,1.9,1.9,0.0,0.0,2024,0.3126940548607182,-1.0,-1.0,B (no rain flag)
total,under,0.6882497321169386,1.8,1.87,0.0,1.0,2024,0.23884951781048946,-1.0,-1.0,B (no rain flag)
total,under,0.4906476520623795,1.87,2.0,0.0,0.0,2024,-0.0824888906433503,-1.0,-1.0,B (no rain flag)
total,under,0.7226330817163973,1.87,1.8,1.0,-2.0,2024,0.3513238628096631,0.8700000000000001,0.8,B (no rain flag)
total,under,0.6924410350196681,1.8,1.8,1.0,0.0,2024,0.24639386303540278,0.8,0.8,B (no rain flag)
total,under,0.6590808920607536,1.87,1.95,1.0,0.0,2024,0.23248126815360926,0.8700000000000001,0.95,B (no rain flag)
total,under,0.658857743634438,1.87,2.0,1.0,-1.0,2024,0.23206398059639932,0.8700000000000001,1.0,B (no rain flag)
total,under,0.7313573303669383,1.87,1.95,1.0,0.0,2024,0.3676382077861746,0.8700000000000001,0.95,B (no rain flag)
total,under,0.7043730870176979,1.9,1.85,1.0,-1.0,2024,0.3383088653336259,0.8999999999999999,0.8500000000000001,B (no rain flag)
total,under,0.6482886352959449,1.85,1.95,1.0,-1.0,2024,0.1993339752974983,0.8500000000000001,0.95,B (no rain flag)
total,under,0.7371413970090144,1.85,1.9,0.0,-1.0,2024,0.36371158446667673,-1.0,-1.0,B (no rain flag)
total,under,0.5123074332820904,1.9,2.0,0.0,0.0,2024,-0.026615876764028323,-1.0,-1.0,B (no rain flag)
total,under,0.6983940232351235,1.9,1.9,0.0,0.0,2024,0.3269486441467344,-1.0,-1.0,B (no rain flag)
total,under,0.5752763582862435,1.9,1.85,1.0,0.0,2024,0.09302508074386262,0.8999999999999999,0.8500000000000001,B (no rain flag)
total,under,0.7122676796649032,1.87,1.95,0.0,-1.0,2024,0.3319405609733692,-1.0,-1.0,B (no rain flag)
total,under,0.6399573520036375,1.87,1.9,0.0,0.0,2024,0.196720248246802,-1.0,-1.0,B (no rain flag)
total,under,0.7590850656663007,1.87,1.9,0.0,0.0,2024,0.41948907279598235,-1.0,-1.0,B (no rain flag)
total,under,0.6047248943090275,1.87,1.9,0.0,0.0,2024,0.13083555235788147,-1.0,-1.0,B (no rain flag)
total,under,0.7131120920680623,1.87,1.9,0.0,0.0,2024,0.33351961216727655,-1.0,-1.0,B (no rain flag)
total,under,0.5522570092530641,1.95,1.9,0.0,-1.0,2024,0.07690116804347502,-1.0,-1.0,B (no rain flag)
total,under,0.6455661788041227,1.87,2.0,1.0,-1.0,2024,0.20720875436370956,0.8700000000000001,1.0,B (no rain flag)
total,under,0.7120267119309034,1.85,2.0,0.0,0.0,2024,0.31724941707217136,-1.0,-1.0,B (no rain flag)
total,under,0.6767794497946541,1.95,2.0,1.0,-2.0,2024,0.3197199270995754,0.95,1.0,B (no rain flag)
total,under,0.6383905660428361,1.87,1.9,0.0,-1.0,2024,0.1937903585001035,-1.0,-1.0,B (no rain flag)
total,under,0.6791682155735952,1.85,1.95,1.0,-2.0,2024,0.25646119881115115,0.8500000000000001,0.95,B (no rain flag)
total,under,0.7137569735982574,1.87,1.95,1.0,-2.0,2024,0.3347255406287415,0.8700000000000001,0.95,B (no rain flag)
total,under,0.702108332141856,1.87,1.95,0.0,-3.0,2024,0.31294258110527085,-1.0,-1.0,B (no rain flag)
total,under,0.6838374819136928,1.85,1.95,0.0,-2.0,2024,0.26509934154033177,-1.0,-1.0,B (no rain flag)
total,under,0.7235050586814072,1.87,1.9,0.0,0.0,2024,0.35295445973423156,-1.0,-1.0,B (no rain flag)
total,under,0.6838996232714698,1.87,2.0,1.0,-3.0,2024,0.2788922955176487,0.8700000000000001,1.0,B (no rain flag)
total,under,0.592241288616367,1.87,1.95,0.0,-2.0,2024,0.1074912097126064,-1.0,-1.0,B (no rain flag)
total,under,0.6938177181874149,1.85,1.95,1.0,-3.0,2024,0.28356277864671764,0.8500000000000001,0.95,B (no rain flag)
total,under,0.6536524928968225,1.87,1.85,0.0,-3.0,2024,0.2223301617170581,-1.0,-1.0,B (no rain flag)
total,under,0.7042158810415371,1.85,1.95,1.0,2.0,2024,0.3027993799268436,0.8500000000000001,0.95,B (no rain flag)
total,under,0.4242092124262721,1.87,1.95,1.0,0.0,2024,-0.20672877276287116,0.8700000000000001,0.95,B (no rain flag)
total,under,0.5383577825686547,1.87,1.95,0.0,0.0,2024,0.006729053403384366,-1.0,-1.0,B (no rain flag)
total,under,0.47523620839545677,1.95,2.0,0.0,-1.0,2024,-0.07328939362885933,-1.0,-1.0,B (no rain flag)
total,under,0.48435616576458695,1.9,1.9,0.0,-1.0,2024,-0.07972328504728488,-1.0,-1.0,B (no rain flag)
total,under,0.5149274141613083,1.9,1.95,1.0,-1.0,2024,-0.02163791309351437,0.8999999999999999,0.95,B (no rain flag)
total,under,0.5326897572695122,1.9,1.9,0.0,0.0,2024,0.012110538812073024,-1.0,-1.0,B (no rain flag)
total,under,0.5124603559335517,1.9,1.95,0.0,0.0,2024,-0.026325323726251848,-1.0,-1.0,B (no rain flag)
total,under,0.45111316115205813,1.9,2.0,1.0,0.0,2024,-0.14288499381108954,0.8999999999999999,1.0,B (no rain flag)
total,under,0.37832991676656325,1.95,1.95,1.0,-1.0,2024,-0.2622566623052017,0.95,0.95,B (no rain flag)
total,under,0.4371350403327021,1.9,2.0,1.0,0.0,2025,-0.169443423367866,0.8999999999999999,1.0,B (no rain flag)
total,under,0.40888770241351535,1.85,1.8,0.0,0.0,2025,-0.2435577505349965,-1.0,-1.0,B (no rain flag)
total,under,0.4057092354773061,1.95,1.95,0.0,-1.0,2025,-0.2088669908192532,-1.0,-1.0,B (no rain flag)
total,under,0.4343376738705058,1.9,1.89,1.0,15.0,2025,-0.174758419646039,0.8999999999999999,0.8899999999999999,B (no rain flag)
total,under,0.4789037265233155,1.9,1.9,1.0,0.0,2025,-0.09008291960570058,0.8999999999999999,0.8999999999999999,B (no rain flag)
total,under,0.3773566455763454,1.9,1.95,0.0,0.0,2025,-0.28302237340494374,-1.0,-1.0,B (no rain flag)
total,under,0.46287290002964787,1.85,1.9,0.0,-2.0,2025,-0.14368513494515145,-1.0,-1.0,B (no rain flag)
total,under,0.46874370576098856,1.9,1.9,0.0,-5.0,2025,-0.10938695905412177,-1.0,-1.0,B (no rain flag)
total,under,0.6137569418123043,1.85,1.8,1.0,0.0,2025,0.1354503423527631,0.8500000000000001,0.8,B (no rain flag)
total,under,0.6004903475700438,1.87,1.95,0.0,0.0,2025,0.12291694995598212,-1.0,-1.0,B (no rain flag)
total,under,0.6287287549290419,1.95,1.95,0.0,-1.0,2025,0.22602107211163158,-1.0,-1.0,B (no rain flag)
total,under,0.6961674774765313,1.95,1.95,1.0,0.0,2025,0.35752658107923607,0.95,0.95,B (no rain flag)
total,under,0.6491591125647721,1.87,1.9,1.0,0.0,2025,0.21392754049612384,0.8700000000000001,0.8999999999999999,B (no rain flag)
total,under,0.6510963970917547,1.87,1.9,0.0,0.0,2025,0.21755026256158128,-1.0,-1.0,B (no rain flag)
total,under,0.6097389980057984,1.95,2.0,1.0,-2.0,2025,0.1889910461113069,0.95,1.0,B (no rain flag)
total,under,0.5265568061792005,1.9,1.95,0.0,-2.0,2025,0.00045793174048092133,-1.0,-1.0,B (no rain flag)
total,under,0.4918119763212261,1.87,1.85,0.0,2.0,2025,-0.08031160427930717,-1.0,-1.0,B (no rain flag)
total,under,0.5625503892108841,1.87,1.85,1.0,-2.0,2025,0.051969227824353315,0.8700000000000001,0.8500000000000001,B (no rain flag)
total,under,0.6777140591483033,1.85,1.95,1.0,-1.0,2025,0.25377100942436126,0.8500000000000001,0.95,B (no rain flag)
total,under,0.6291705527059165,1.87,1.85,1.0,-6.0,2025,0.17654893356006385,0.8700000000000001,0.8500000000000001,B (no rain flag)
total,under,0.6351045823633102,1.87,2.0,0.0,0.0,2025,0.1876455690193901,-1.0,-1.0,B (no rain flag)
total,under,0.6877106713689636,1.85,1.9,1.0,0.0,2025,0.2722647420325828,0.8500000000000001,0.8999999999999999,B (no rain flag)
total,under,0.5558680135060254,1.9,1.9,1.0,-2.0,2025,0.0561492256614482,0.8999999999999999,0.8999999999999999,B (no rain flag)
total,under,0.5992129162088131,1.9,1.85,0.0,-2.0,2025,0.1385045407967449,-1.0,-1.0,B (no rain flag)
total,under,0.6397355569168843,1.87,1.85,1.0,1.0,2025,0.19630549143457365,0.8700000000000001,0.8500000000000001,B (no rain flag)
total,under,0.634363643619106,1.85,1.85,1.0,0.0,2025,0.17357274069534623,0.8500000000000001,0.8500000000000001,B (no rain flag)
total,under,0.6502316628130939,1.87,1.9,1.0,1.0,2025,0.21593320946048555,0.8700000000000001,0.8999999999999999,B (no rain flag)
total,under,0.584684625671092,1.87,2.0,1.0,4.0,2025,0.09336025000494219,0.8700000000000001,1.0,B (no rain flag)
total,under,0.5325610989152613,1.87,1.85,0.0,1.0,2025,-0.004110745028461427,-1.0,-1.0,B (no rain flag)
total,under,0.5436376347370153,1.87,1.85,1.0,2.0,2025,0.016602376958218645,0.8700000000000001,0.8500000000000001,B (no rain flag)
total,under,0.7379209865373526,1.87,1.85,1.0,1.0,2025,0.37991224482484953,0.8700000000000001,0.8500000000000001,B (no rain flag)
total,under,0.6246886010037912,1.8,1.85,0.0,2.0,2025,0.12443948180682418,-1.0,-1.0,B (no rain flag)
total,under,0.5542401280402856,1.87,1.9,1.0,0.0,2025,0.03642903943533393,0.8700000000000001,0.8999999999999999,B (no rain flag)
total,under,0.5928951860360148,1.95,1.95,1.0,0.0,2025,0.15614561277022876,0.95,0.95,B (no rain flag)
total,under,0.5874932939748879,1.87,1.85,1.0,0.0,2025,0.09861245973304045,0.8700000000000001,0.8500000000000001,B (no rain flag)
total,under,0.6147170764355967,1.87,1.85,1.0,0.0,2025,0.14952093293456592,0.8700000000000001,0.8500000000000001,B (no rain flag)
total,under,0.725812805774203,1.87,1.85,1.0,0.0,2025,0.3572699467977598,0.8700000000000001,0.8500000000000001,B (no rain flag)
total,under,0.7026447545204528,1.8,1.8,0.0,0.0,2025,0.2647605581368151,-1.0,-1.0,B (no rain flag)
total,under,0.5676740314121687,1.8,2.0,0.0,0.0,2025,0.02181325654190358,-1.0,-1.0,B (no rain flag)
total,under,0.5696721721805384,1.87,1.8,1.0,0.0,2025,0.06528696197760686,0.8700000000000001,0.8,B (no rain flag)
total,under,0.6158279162991115,1.85,1.85,1.0,0.0,2025,0.13928164515335628,0.8500000000000001,0.8500000000000001,B (no rain flag)
total,under,0.6055173696433922,1.87,1.95,0.0,1.0,2025,0.13231748123314357,-1.0,-1.0,B (no rain flag)
total,under,0.6155249010890917,1.8,1.8,1.0,0.0,2025,0.10794482196036514,0.8,0.8,B (no rain flag)
total,under,0.6082823057530231,1.87,1.95,1.0,0.0,2025,0.13748791175815334,0.8700000000000001,0.95,B (no rain flag)
total,under,0.6396821646447904,1.9,1.95,1.0,0.0,2025,0.21539611282510185,0.8999999999999999,0.95,B (no rain flag)
total,under,0.5374329864304437,1.87,1.85,0.0,0.0,2025,0.004999684624929834,-1.0,-1.0,B (no rain flag)
total,under,0.6678683953253776,1.87,1.9,0.0,-2.0,2025,0.24891389925845608,-1.0,-1.0,B (no rain flag)
total,under,0.53736989990848,1.87,1.9,1.0,0.0,2025,0.004881712828857854,0.8700000000000001,0.8999999999999999,B (no rain flag)
total,under,0.5606597228872588,1.85,1.87,1.0,20.0,2025,0.03722048734142902,0.8500000000000001,0.8700000000000001,B (no rain flag)
total,under,0.5593525499693293,1.87,1.9,1.0,0.0,2025,0.045989268442645725,0.8700000000000001,0.8999999999999999,B (no rain flag)
total,under,0.6655390950381186,1.87,1.9,0.0,0.0,2025,0.24455810772128173,-1.0,-1.0,B (no rain flag)
total,under,0.5481508041620179,1.9,1.9,1.0,0.0,2025,0.041486527907834025,0.8999999999999999,0.8999999999999999,B (no rain flag)
total,under,0.533374448702844,1.85,1.85,0.0,0.0,2025,-0.013257269899738522,-1.0,-1.0,B (no rain flag)
total,under,0.6183135122705548,1.87,1.8,1.0,-1.0,2025,0.15624626794593754,0.8700000000000001,0.8,B (no rain flag)
total,under,0.5403057392985852,1.85,1.85,0.0,0.0,2025,-0.0004343822976173861,-1.0,-1.0,B (no rain flag)
total,under,0.5608639981914632,1.9,1.9,0.0,0.0,2025,0.06564159656377999,-1.0,-1.0,B (no rain flag)
total,under,0.4671804013471291,1.8,1.9,0.0,2.0,2025,-0.1590752775751676,-1.0,-1.0,B (no rain flag)
total,under,0.5194993042084183,1.95,1.85,0.0,0.0,2025,0.013023643206415692,-1.0,-1.0,B (no rain flag)
total,under,0.5856185571527868,1.8,1.9,1.0,2.0,2025,0.054113402875016314,0.8,0.8999999999999999,B (no rain flag)
total,under,0.5820003668198224,1.87,1.9,1.0,2.0,2025,0.08834068595306799,0.8700000000000001,0.8999999999999999,B (no rain flag)
total,under,0.6059090235340288,1.87,2.0,0.0,0.0,2025,0.13304987400863388,-1.0,-1.0,B (no rain flag)
total,under,0.5115898427780056,1.87,1.85,1.0,0.0,2025,-0.043326994005129515,0.8700000000000001,0.8500000000000001,B (no rain flag)
total,under,0.5773795558255076,1.87,1.95,0.0,-1.0,2025,0.07969976939369916,-1.0,-1.0,B (no rain flag)
total,under,0.5572384745262486,1.87,6.5,1.0,21.0,2025,0.042035947364085,0.8700000000000001,5.5,B (no rain flag)
total,under,0.552399481721896,1.87,1.95,1.0,0.0,2025,0.032987030819945584,0.8700000000000001,0.95,B (no rain flag)
total,under,0.5635955162022246,1.87,1.9,0.0,0.0,2025,0.053923615298160144,-1.0,-1.0,B (no rain flag)
total,under,0.6170512672180541,1.87,1.8,1.0,0.0,2025,0.1538858696977614,0.8700000000000001,0.8,B (no rain flag)
total,under,0.5715747808043812,1.87,1.9,0.0,3.0,2025,0.06884484010419278,-1.0,-1.0,B (no rain flag)
total,under,0.5473104696287565,1.85,1.9,0.0,2.0,2025,0.012524368813199516,-1.0,-1.0,B (no rain flag)
total,under,0.588286088418764,1.87,1.9,0.0,-1.0,2025,0.10009498534308858,-1.0,-1.0,B (no rain flag)
total,under,0.5202031535900515,1.87,1.95,1.0,-1.0,2025,-0.027220102786603584,0.8700000000000001,0.95,B (no rain flag)
total,under,0.48381948502495276,1.85,1.9,1.0,-1.0,2025,-0.10493395270383732,0.8500000000000001,0.8999999999999999,B (no rain flag)
total,under,0.5850282161054006,1.87,1.95,1.0,0.0,2025,0.09400276411709907,0.8700000000000001,0.95,B (no rain flag)
total,under,0.6331962184683702,1.95,1.85,1.0,0.0,2025,0.2347326260133218,0.95,0.8500000000000001,B (no rain flag)
total,under,0.6324868464900771,1.87,1.85,1.0,0.0,2025,0.1827504029364444,0.8700000000000001,0.8500000000000001,B (no rain flag)
total,under,0.5499267085599733,1.8,1.95,0.0,2.0,2025,-0.010131924592048036,-1.0,-1.0,B (no rain flag)
total,under,0.569505760954998,1.87,1.9,1.0,0.0,2025,0.06497577298584645,0.8700000000000001,0.8999999999999999,B (no rain flag)
total,under,0.6237816225915033,1.87,1.85,0.0,-2.0,2025,0.16647163424611122,-1.0,-1.0,B (no rain flag)
total,under,0.624294440235506,1.87,1.87,1.0,0.0,2025,0.16743060324039627,0.8700000000000001,0.8700000000000001,B (no rain flag)
total,under,0.6135862136422114,1.8,1.8,1.0,1.0,2025,0.10445518455598068,0.8,0.8,B (no rain flag)
total,under,0.4395724993038832,1.87,1.85,0.0,-1.0,2025,-0.17799942630173837,-1.0,-1.0,B (no rain flag)
total,under,0.6221676279787465,1.8,1.9,1.0,0.0,2025,0.11990173036174379,0.8,0.8999999999999999,B (no rain flag)
total,under,0.6103099683008574,1.87,1.95,1.0,-1.0,2025,0.14127964072260335,0.8700000000000001,0.95,B (no rain flag)
total,under,0.5311408671413314,1.85,1.8,0.0,0.0,2025,-0.017389395788536932,-1.0,-1.0,B (no rain flag)
total,under,0.6566926102886194,1.8,1.9,0.0,0.0,2025,0.18204669851951483,-1.0,-1.0,B (no rain flag)
total,under,0.5392536153472125,1.85,1.85,0.0,0.0,2025,-0.0023808116076567964,-1.0,-1.0,B (no rain flag)
total,under,0.5718904252186985,1.85,1.8,1.0,0.0,2025,0.05799728665459214,0.8500000000000001,0.8,B (no rain flag)
total,under,0.384261549335831,1.87,1.59,0.0,0.0,2025,-0.281430902741996,-1.0,-1.0,B (no rain flag)
total,under,0.5240202722618076,1.85,1.95,1.0,3.0,2025,-0.030562496315655885,0.8500000000000001,0.95,B (no rain flag)
total,under,0.4906593965778485,1.9,1.95,1.0,1.0,2025,-0.06774714650208791,0.8999999999999999,0.95,B (no rain flag)
total,under,0.4386040453523826,1.87,2.0,0.0,0.0,2025,-0.17981043519104445,-1.0,-1.0,B (no rain flag)
total,under,0.4192589172033735,1.9,1.9,1.0,-2.0,2025,-0.20340805731359035,0.8999999999999999,0.8999999999999999,B (no rain flag)
total,under,0.5213359628223269,1.83,1.8,1.0,0.0,2025,-0.04595518803514176,0.8300000000000001,0.8,B (no rain flag)
total,under,0.5205339280754848,1.87,1.8,1.0,1.0,2025,-0.026601554498843383,0.8700000000000001,0.8,B (no rain flag)
total,under,0.5870967138306823,1.9,1.85,0.0,0.0,2025,0.11548375627829621,-1.0,-1.0,B (no rain flag)
total,under,0.5250988029216019,1.87,1.85,1.0,0.0,2025,-0.018065238536604356,0.8700000000000001,0.8500000000000001,B (no rain flag)
total,under,0.6015934563964318,1.93,2.0,0.0,0.0,2025,0.16107537084511336,-1.0,-1.0,B (no rain flag)
total,under,0.492114399498056,1.87,1.9,1.0,0.0,2025,-0.07974607293863523,0.8700000000000001,0.8999999999999999,B (no rain flag)
total,under,0.44044504015212493,1.87,1.95,0.0,-1.0,2025,-0.17636777491552635,-1.0,-1.0,B (no rain flag)
total,under,0.6014510307361914,1.9,1.8,0.0,1.0,2025,0.1427569583987638,-1.0,-1.0,B (no rain flag)
total,under,0.5693774603565519,1.87,1.9,0.0,0.0,2025,0.06473585086675215,-1.0,-1.0,B (no rain flag)
total,under,0.5779322004269399,1.87,1.95,0.0,0.0,2025,0.0807332147983777,-1.0,-1.0,B (no rain flag)
total,under,0.5205828764138662,1.85,1.85,0.0,0.0,2025,-0.036921678634347366,-1.0,-1.0,B (no rain flag)
total,under,0.6109830183700674,1.85,1.85,0.0,0.0,2025,0.13031858398462481,-1.0,-1.0,B (no rain flag)
total,under,0.5724151664931063,1.9,1.8,0.0,0.0,2025,0.08758881633690185,-1.0,-1.0,B (no rain flag)
total,under,0.5413092073549199,1.85,1.85,1.0,0.0,2025,0.00142203360660198,0.8500000000000001,0.8500000000000001,B (no rain flag)
total,under,0.5559791924746759,1.87,1.9,1.0,1.0,2025,0.03968108992764385,0.8700000000000001,0.8999999999999999,B (no rain flag)
total,under,0.531639188649806,1.85,1.85,0.0,0.0,2025,-0.016467500997858875,-1.0,-1.0,B (no rain flag)
total,under,0.5873395349136508,1.87,1.85,1.0,0.0,2025,0.09832493028852696,0.8700000000000001,0.8500000000000001,B (no rain flag)
total,under,0.4619814163338578,1.9,2.0,1.0,0.0,2025,-0.12223530896567025,0.8999999999999999,1.0,B (no rain flag)
total,under,0.5533406670651486,1.87,1.85,0.0,-1.0,2025,0.03474704741182788,-1.0,-1.0,B (no rain flag)
total,under,0.5556686072786969,1.8,1.8,1.0,1.0,2025,0.00020349310165457268,0.8,0.8,B (no rain flag)
total,under,0.5022193125795252,1.87,1.95,1.0,0.0,2025,-0.06084988547628778,0.8700000000000001,0.95,B (no rain flag)
total,under,0.5026593390394126,1.87,1.9,0.0,0.0,2025,-0.06002703599629833,-1.0,-1.0,B (no rain flag)
total,under,0.610074775948211,1.87,1.9,1.0,1.0,2025,0.14083983102315467,0.8700000000000001,0.8999999999999999,B (no rain flag)
total,under,0.5455174942252276,1.85,1.85,0.0,0.0,2025,0.009207364316671018,-1.0,-1.0,B (no rain flag)
total,under,0.5706270604140014,1.87,1.9,0.0,0.0,2025,0.0670726029741826,-1.0,-1.0,B (no rain flag)
total,under,0.501422688281409,1.87,1.95,0.0,-1.0,2025,-0.06233957291376513,-1.0,-1.0,B (no rain flag)
total,under,0.5479766412127656,1.85,1.9,0.0,1.0,2025,0.013756786243616315,-1.0,-1.0,B (no rain flag)
total,under,0.47858526628073617,1.85,1.85,1.0,0.0,2025,-0.1146172573806381,0.8500000000000001,0.8500000000000001,B (no rain flag)
total,under,0.632973192917067,1.85,1.95,1.0,0.0,2025,0.17100040689657403,0.8500000000000001,0.95,B (no rain flag)
total,under,0.580969909543908,1.85,1.8,1.0,0.0,2025,0.07479433265622992,0.8500000000000001,0.8,B (no rain flag)
total,under,0.5883042757422174,1.85,1.95,1.0,0.0,2025,0.08836291012310227,0.8500000000000001,0.95,B (no rain flag)
total,under,0.5502779283536574,1.87,1.95,0.0,0.0,2025,0.029019726021339398,-1.0,-1.0,B (no rain flag)
total,under,0.5943177071665354,1.87,1.95,0.0,0.0,2025,0.11137411240142137,-1.0,-1.0,B (no rain flag)
total,under,0.5042183543870622,1.9,1.85,1.0,-1.0,2025,-0.04198512666458187,0.8999999999999999,0.8500000000000001,B (no rain flag)
total,under,0.59859191615157,1.87,1.9,0.0,0.0,2025,0.11936688320343602,-1.0,-1.0,B (no rain flag)
total,under,0.4653103900973461,1.87,1.9,1.0,0.0,2025,-0.12986957051796277,0.8700000000000001,0.8999999999999999,B (no rain flag)
total,under,0.5521258732489862,1.8,1.9,0.0,1.0,2025,-0.006173428151824756,-1.0,-1.0,B (no rain flag)
total,under,0.4678699310656639,1.95,1.9,1.0,-2.0,2025,-0.0876536344219555,0.95,0.8999999999999999,B (no rain flag)
total,under,0.5367258475675556,1.9,1.9,0.0,-2.0,2025,0.019779110378355558,-1.0,-1.0,B (no rain flag)
total,under,0.5242007625144155,1.87,2.0,1.0,-1.0,2025,-0.019744574098042977,0.8700000000000001,1.0,B (no rain flag)
total,under,0.44387892858682854,1.85,1.9,1.0,-2.0,2025,-0.17882398211436712,0.8500000000000001,0.8999999999999999,B (no rain flag)
total,under,0.5691935362706119,1.87,1.95,1.0,1.0,2025,0.06439191282604417,0.8700000000000001,0.95,B (no rain flag)
total,under,0.48654654215522364,1.87,1.95,0.0,0.0,2025,-0.09015796616973171,-1.0,-1.0,B (no rain flag)
total,under,0.5634045456112896,1.8,1.95,1.0,1.0,2025,0.014128182100321407,0.8,0.95,B (no rain flag)
total,under,0.5359272389099394,1.87,1.9,0.0,0.0,2025,0.002183936761586791,-1.0,-1.0,B (no rain flag)
total,under,0.4960804624878069,1.87,1.9,1.0,0.0,2025,-0.07232953514780105,0.8700000000000001,0.8999999999999999,B (no rain flag)
total,under,0.5263925521166197,1.95,1.85,1.0,-1.0,2025,0.02646547662740839,0.95,0.8500000000000001,B (no rain flag)
total,under,0.5423534899436708,1.87,1.95,0.0,-1.0,2025,0.014201026194664568,-1.0,-1.0,B (no rain flag)
total,under,0.5088559789901657,1.87,1.85,0.0,0.0,2025,-0.04843931928839018,-1.0,-1.0,B (no rain flag)
total,under,0.549689260128063,1.87,1.85,1.0,1.0,2025,0.027918916439477748,0.8700000000000001,0.8500000000000001,B (no rain flag)
total,under,0.5667559306003094,1.87,1.95,0.0,-1.0,2025,0.059833590222578614,-1.0,-1.0,B (no rain flag)
total,under,0.5151533959207013,1.87,1.9,1.0,0.0,2025,-0.03666314962828854,0.8700000000000001,0.8999999999999999,B (no rain flag)
total,under,0.5599101741075365,1.87,1.95,1.0,0.0,2025,0.04703202558109343,0.8700000000000001,0.95,B (no rain flag)
total,under,0.5256673432171243,1.95,1.95,1.0,-2.0,2025,0.025051319273392325,0.95,0.95,B (no rain flag)
total,under,0.5859897963969162,1.85,1.85,1.0,0.0,2025,0.08408112333429507,0.8500000000000001,0.8500000000000001,B (no rain flag)
total,under,0.4807685231364526,1.85,1.85,0.0,0.0,2025,-0.11057823219756269,-1.0,-1.0,B (no rain flag)
total,under,0.5426100864952554,1.87,1.95,0.0,0.0,2025,0.014680861746127816,-1.0,-1.0,B (no rain flag)
total,under,0.5763055448308649,1.87,1.9,1.0,-2.0,2025,0.07769136883371752,0.8700000000000001,0.8999999999999999,B (no rain flag)
total,under,0.6033508564019858,1.85,1.9,1.0,0.0,2025,0.11619908434367376,0.8500000000000001,0.8999999999999999,B (no rain flag)
total,under,0.6358066057101588,1.87,1.85,1.0,0.0,2025,0.188958352677997,0.8700000000000001,0.8500000000000001,B (no rain flag)
total,under,0.6041296472334092,1.85,1.85,1.0,0.0,2025,0.11763984738180722,0.8500000000000001,0.8500000000000001,B (no rain flag)
total,under,0.5479536066924353,1.87,1.85,0.0,0.0,2025,0.024673244514854087,-1.0,-1.0,B (no rain flag)
total,under,0.5567120724857737,1.9,2.0,0.0,0.0,2025,0.057752937722969966,-1.0,-1.0,B (no rain flag)
total,under,0.5368503765332064,1.87,1.85,1.0,1.0,2025,0.003910204117096194,0.8700000000000001,0.8500000000000001,B (no rain flag)
total,under,0.5108555666576636,1.8,1.95,1.0,1.0,2025,-0.08045998001620547,0.8,0.95,B (no rain flag)
total,under,0.6213823449864925,1.85,1.85,0.0,0.0,2025,0.14955733822501105,-1.0,-1.0,B (no rain flag)
total,under,0.6151717570094843,1.95,1.85,0.0,0.0,2025,0.19958492616849455,-1.0,-1.0,B (no rain flag)
total,under,0.43587566110985043,1.85,1.9,1.0,2.0,2025,-0.19363002694677667,0.8500000000000001,0.8999999999999999,B (no rain flag)
total,under,0.5304388522528521,1.8,1.9,1.0,3.0,2025,-0.045210065944866096,0.8,0.8999999999999999,B (no rain flag)
total,under,0.5559930354034548,1.8,1.9,1.0,2.0,2025,0.000787463726218629,0.8,0.8999999999999999,B (no rain flag)
total,under,0.5336381857046556,1.87,1.85,1.0,2.0,2025,-0.0020965927322940114,0.8700000000000001,0.8500000000000001,B (no rain flag)
total,under,0.48486154517509084,1.87,1.85,1.0,0.0,2025,-0.09330891052258006,0.8700000000000001,0.8500000000000001,B (no rain flag)
total,under,0.554365684846549,1.9,1.8,0.0,1.0,2025,0.0532948012084431,-1.0,-1.0,B (no rain flag)
total,under,0.569170064647768,1.87,1.9,1.0,0.0,2025,0.0643480208913263,0.8700000000000001,0.8999999999999999,B (no rain flag)
total,under,0.5372597922682742,1.85,1.9,1.0,1.0,2025,-0.006069384303692638,0.8500000000000001,0.8999999999999999,B (no rain flag)
total,under,0.4970486311055835,1.9,1.85,0.0,-1.0,2025,-0.05560760089939143,-1.0,-1.0,B (no rain flag)
total,under,0.519476425778941,1.87,1.9,0.0,1.0,2025,-0.028579083793380144,-1.0,-1.0,B (no rain flag)
total,under,0.6691922979905327,1.87,1.95,1.0,1.0,2025,0.25138959724229615,0.8700000000000001,0.95,B (no rain flag)
total,under,0.5109683907623377,1.87,1.85,1.0,0.0,2025,-0.04448910927442851,0.8700000000000001,0.8500000000000001,B (no rain flag)
total,under,0.393886225567475,1.87,1.9,1.0,1.0,2025,-0.2634327581888217,0.8700000000000001,0.8999999999999999,B (no rain flag)
total,under,0.4769775992793066,1.9,1.85,1.0,-1.0,2025,-0.09374256136931747,0.8999999999999999,0.8500000000000001,B (no rain flag)
total,under,0.3938021376484475,1.9,1.85,0.0,-1.0,2025,-0.25177593846794977,-1.0,-1.0,B (no rain flag)
total,under,0.6536770387904405,1.8,1.85,0.0,0.0,2025,0.17661866982279295,-1.0,-1.0,B (no rain flag)
total,under,0.5200749552377615,1.87,1.9,0.0,0.0,2025,-0.02745983370538596,-1.0,-1.0,B (no rain flag)
total,under,0.5931588759451777,1.87,1.8,1.0,0.0,2025,0.1092070980174824,0.8700000000000001,0.8,B (no rain flag)
total,under,0.664512165777595,1.85,1.85,1.0,0.0,2025,0.22934750668855086,0.8500000000000001,0.8500000000000001,B (no rain flag)
total,under,0.5628042731287974,1.87,1.95,1.0,0.0,2025,0.05244399075085138,0.8700000000000001,0.95,B (no rain flag)
total,under,0.38683288060233,1.85,1.85,1.0,1.0,2025,-0.2843591708856894,0.8500000000000001,0.8500000000000001,B (no rain flag)
total,under,0.35084226895025894,1.9,1.85,1.0,-1.0,2025,-0.333399688994508,0.8999999999999999,0.8500000000000001,B (no rain flag)
total,under,0.42934651256972034,1.87,1.85,1.0,0.0,2025,-0.19712202149462288,0.8700000000000001,0.8500000000000001,B (no rain flag)
total,under,0.5705199917776245,1.87,1.85,0.0,0.0,2025,0.0668723846241579,-1.0,-1.0,B (no rain flag)
total,under,0.5666018769390438,1.9,1.9,0.0,0.0,2025,0.07654356618418334,-1.0,-1.0,B (no rain flag)
total,under,0.5622923898952654,1.9,1.88,1.0,7.0,2025,0.06835554080100414,0.8999999999999999,0.8799999999999999,B (no rain flag)
total,under,0.5532864044309598,1.87,1.9,0.0,0.0,2025,0.03464557628589482,-1.0,-1.0,B (no rain flag)
total,under,0.5827985916883864,1.87,6.2,0.0,13.0,2025,0.08983336645728279,-1.0,-1.0,B (no rain flag)
total,under,0.5522123353842985,1.87,1.81,1.0,12.0,2025,0.032637067168638234,0.8700000000000001,0.81,B (no rain flag)
total,under,0.54171973639424,1.87,1.85,0.0,1.0,2025,0.013015907057228882,-1.0,-1.0,B (no rain flag)
total,under,0.46038346579366485,1.87,1.9,0.0,0.0,2025,-0.13908291896584668,-1.0,-1.0,B (no rain flag)
total,under,0.6611612566747942,1.87,1.85,1.0,0.0,2025,0.23637154998186527,0.8700000000000001,0.8500000000000001,B (no rain flag)
total,under,0.6000153580779117,1.9,1.85,0.0,-1.0,2025,0.14002918034803225,-1.0,-1.0,B (no rain flag)
total,under,0.5487005586493542,1.95,1.95,0.0,-1.0,2025,0.0699660893662406,-1.0,-1.0,B (no rain flag)
total,under,0.6489066488745839,1.95,2.0,0.0,0.0,2025,0.2653679653054386,-1.0,-1.0,B (no rain flag)
total,under,0.5823658813657986,1.9,1.9,0.0,-1.0,2025,0.10649517459501734,-1.0,-1.0,B (no rain flag)
total,under,0.5703796162862489,1.87,1.85,1.0,0.0,2025,0.06660988245528543,0.8700000000000001,0.8500000000000001,B (no rain flag)
total,under,0.6079111047378063,1.87,1.9,0.0,-1.0,2025,0.13679376585969782,-1.0,-1.0,B (no rain flag)
total,under,0.6468891649535148,1.85,1.9,1.0,0.0,2025,0.19674495516400237,0.8500000000000001,0.8999999999999999,B (no rain flag)
total,under,0.6169848689679713,1.9,1.9,0.0,-2.0,2025,0.17227125103914553,-1.0,-1.0,B (no rain flag)
total,under,0.7073809570917093,1.9,2.0,0.0,0.0,2025,0.3440238184742477,-1.0,-1.0,B (no rain flag)
total,under,0.5560751693662449,1.85,1.8,1.0,0.0,2025,0.02873906332755305,0.8500000000000001,0.8,B (no rain flag)
total,under,0.5975073575182055,1.8,2.0,0.0,-2.0,2025,0.07551324353276989,-1.0,-1.0,B (no rain flag)
total,under,0.6837549548702555,1.95,2.0,0.0,-2.0,2025,0.33332216199699816,-1.0,-1.0,B (no rain flag)
total,under,0.42855175643272836,1.9,2.0,0.0,1.0,2025,-0.18575166277781618,-1.0,-1.0,B (no rain flag)
total,under,0.5427998916647361,1.9,1.9,1.0,0.0,2025,0.03131979416299857,0.8999999999999999,0.8999999999999999,B (no rain flag)
total,under,0.5412529608022767,1.9,1.85,1.0,0.0,2025,0.028380625524325742,0.8999999999999999,0.8500000000000001,B (no rain flag)
total,under,0.45781999675477114,1.9,1.95,0.0,-1.0,2025,-0.13014200616593485,-1.0,-1.0,B (no rain flag)
total,under,0.5733855413654307,1.9,1.85,1.0,2.0,2025,0.08943252859431827,0.8999999999999999,0.8500000000000001,B (no rain flag)
total,under,0.4648985360512661,1.9,1.85,0.0,0.0,2025,-0.11669278150259454,-1.0,-1.0,B (no rain flag)
total,under,0.422937329364915,1.9,2.0,1.0,-1.0,2025,-0.1964190742066615,0.8999999999999999,1.0,B (no rain flag)
total,under,0.5187973304342952,1.9,1.95,1.0,-2.0,2025,-0.014285072174839097,0.8999999999999999,0.95,B (no rain flag)
total,under,0.3692139858118082,1.9,1.95,0.0,0.0,2025,-0.2984934269575644,-1.0,-1.0,B (no rain flag)
